independent_unit_id	pair_id	direction	fold	repeat	model	pair_purity	n_train_available	n_train_selected	n_test	top1	top5	top10	mean_reciprocal_rank	median_true_rank	region_label_accuracy	true_pair_cosine
HER2ST::A	HER2ST_A1_CONTROLLED	forward	0	0	linear32	0.0	194	156	79	0.0	0.0379746835443038	0.0379746835443038	0.02417694542084336	125.0	0.5443037974683544	0.0016109294956550002
HER2ST::A	HER2ST_A1_CONTROLLED	forward	0	0	mlp64_32	0.0	194	156	79	0.02531645569620253	0.02531645569620253	0.05063291139240506	0.04064829089153762	147.0	0.5316455696202531	-0.038390886038541794
HER2ST::A	HER2ST_A1_CONTROLLED	forward	0	0	mlp128_64_32	0.0	194	156	79	0.0	0.012658227848101266	0.0379746835443038	0.01964050874288289	122.0	0.5949367088607594	-0.07580504566431046
HER2ST::A	HER2ST_A1_CONTROLLED	forward	0	0	linear32	0.5	194	156	79	0.02531645569620253	0.0379746835443038	0.06329113924050633	0.04396178571928538	128.0	0.5822784810126582	0.003931926563382149
HER2ST::A	HER2ST_A1_CONTROLLED	forward	0	0	mlp64_32	0.5	194	156	79	0.0	0.0	0.0379746835443038	0.016467764516696827	137.0	0.5443037974683544	-0.029594752937555313
HER2ST::A	HER2ST_A1_CONTROLLED	forward	0	0	mlp128_64_32	0.5	194	156	79	0.0	0.0	0.012658227848101266	0.009649465121503772	162.0	0.569620253164557	-0.12629489600658417
HER2ST::A	HER2ST_A1_CONTROLLED	forward	0	0	linear32	1.0	194	156	79	0.012658227848101266	0.0379746835443038	0.0759493670886076	0.03744915420471009	132.0	0.569620253164557	0.01740775629878044
HER2ST::A	HER2ST_A1_CONTROLLED	forward	0	0	mlp64_32	1.0	194	156	79	0.0	0.012658227848101266	0.012658227848101266	0.0164392606700748	159.0	0.6075949367088608	-0.05334697291254997
HER2ST::A	HER2ST_A1_CONTROLLED	forward	0	0	mlp128_64_32	1.0	194	156	79	0.0	0.0	0.012658227848101266	0.014699141301595353	133.0	0.6329113924050633	-0.033523332327604294
HER2ST::A	HER2ST_A1_CONTROLLED	forward	0	1	linear32	0.0	194	156	79	0.0	0.0	0.0379746835443038	0.015688923321646862	146.0	0.6075949367088608	-0.007160562556236982
HER2ST::A	HER2ST_A1_CONTROLLED	forward	0	1	mlp64_32	0.0	194	156	79	0.012658227848101266	0.02531645569620253	0.05063291139240506	0.033750847370073576	129.0	0.5316455696202531	-0.034483470022678375
HER2ST::A	HER2ST_A1_CONTROLLED	forward	0	1	mlp128_64_32	0.0	194	156	79	0.0	0.0	0.0	0.013181610036101125	139.0	0.620253164556962	-0.061185527592897415
HER2ST::A	HER2ST_A1_CONTROLLED	forward	0	1	linear32	0.5	194	156	79	0.0	0.012658227848101266	0.02531645569620253	0.01776974354250652	143.0	0.6075949367088608	-0.005368203390389681
HER2ST::A	HER2ST_A1_CONTROLLED	forward	0	1	mlp64_32	0.5	194	156	79	0.0	0.0	0.012658227848101266	0.013673235538798678	139.0	0.5822784810126582	-0.03471203148365021
HER2ST::A	HER2ST_A1_CONTROLLED	forward	0	1	mlp128_64_32	0.5	194	156	79	0.012658227848101266	0.012658227848101266	0.05063291139240506	0.02719886438066831	131.0	0.5822784810126582	-0.05346640571951866
HER2ST::A	HER2ST_A1_CONTROLLED	forward	0	1	linear32	1.0	194	156	79	0.0	0.02531645569620253	0.0379746835443038	0.024062598173976383	104.0	0.569620253164557	0.026346445083618164
HER2ST::A	HER2ST_A1_CONTROLLED	forward	0	1	mlp64_32	1.0	194	156	79	0.0	0.012658227848101266	0.0379746835443038	0.016551311711669865	143.0	0.5949367088607594	-0.029307473450899124
HER2ST::A	HER2ST_A1_CONTROLLED	forward	0	1	mlp128_64_32	1.0	194	156	79	0.0	0.0	0.02531645569620253	0.017130280888308678	134.0	0.5569620253164557	-0.027880536392331123
HER2ST::A	HER2ST_A1_CONTROLLED	forward	1	0	linear32	0.0	177	142	96	0.0	0.0	0.010416666666666666	0.01612916577460252	115.0	0.8958333333333334	0.024020155891776085
HER2ST::A	HER2ST_A1_CONTROLLED	forward	1	0	mlp64_32	0.0	177	142	96	0.0	0.0	0.020833333333333332	0.012618208795063599	135.5	0.7708333333333334	-0.036887604743242264
HER2ST::A	HER2ST_A1_CONTROLLED	forward	1	0	mlp128_64_32	0.0	177	142	96	0.020833333333333332	0.041666666666666664	0.0625	0.04396292943519009	133.5	0.84375	-0.03919467702507973
HER2ST::A	HER2ST_A1_CONTROLLED	forward	1	0	linear32	0.5	177	142	96	0.0	0.010416666666666666	0.020833333333333332	0.013770722245456607	148.0	0.7916666666666666	-0.016343509778380394
HER2ST::A	HER2ST_A1_CONTROLLED	forward	1	0	mlp64_32	0.5	177	142	96	0.0	0.0	0.03125	0.01568899779169043	145.0	0.8229166666666666	-0.05320052430033684
HER2ST::A	HER2ST_A1_CONTROLLED	forward	1	0	mlp128_64_32	0.5	177	142	96	0.0	0.010416666666666666	0.010416666666666666	0.016186622994034932	144.5	0.8333333333333334	-0.08524808287620544
HER2ST::A	HER2ST_A1_CONTROLLED	forward	1	0	linear32	1.0	177	142	96	0.041666666666666664	0.052083333333333336	0.07291666666666667	0.05847915990224704	117.0	0.9270833333333334	0.05011388659477234
HER2ST::A	HER2ST_A1_CONTROLLED	forward	1	0	mlp64_32	1.0	177	142	96	0.0	0.020833333333333332	0.020833333333333332	0.01772519675554736	131.0	0.8958333333333334	0.010921117849647999
HER2ST::A	HER2ST_A1_CONTROLLED	forward	1	0	mlp128_64_32	1.0	177	142	96	0.0	0.0	0.0	0.009687160255269103	150.5	0.8645833333333334	-0.09541702270507812
HER2ST::A	HER2ST_A1_CONTROLLED	forward	1	1	linear32	0.0	177	142	96	0.0	0.020833333333333332	0.020833333333333332	0.01790675716062805	141.0	0.8333333333333334	-0.008611942641437054
HER2ST::A	HER2ST_A1_CONTROLLED	forward	1	1	mlp64_32	0.0	177	142	96	0.0	0.052083333333333336	0.07291666666666667	0.026136657421701653	135.0	0.8229166666666666	-0.01616847701370716
HER2ST::A	HER2ST_A1_CONTROLLED	forward	1	1	mlp128_64_32	0.0	177	142	96	0.0	0.0	0.0	0.009756687866267143	164.0	0.78125	-0.13721930980682373
HER2ST::A	HER2ST_A1_CONTROLLED	forward	1	1	linear32	0.5	177	142	96	0.0	0.010416666666666666	0.03125	0.02066080401953017	104.5	0.8958333333333334	0.05263416841626167
HER2ST::A	HER2ST_A1_CONTROLLED	forward	1	1	mlp64_32	0.5	177	142	96	0.0	0.0	0.010416666666666666	0.01268761842965893	149.5	0.78125	-0.047897327691316605
HER2ST::A	HER2ST_A1_CONTROLLED	forward	1	1	mlp128_64_32	0.5	177	142	96	0.010416666666666666	0.020833333333333332	0.020833333333333332	0.024998140616769582	147.5	0.8125	-0.10101389139890671
HER2ST::A	HER2ST_A1_CONTROLLED	forward	1	1	linear32	1.0	177	142	96	0.010416666666666666	0.03125	0.052083333333333336	0.031540531734398185	104.5	0.9166666666666666	0.06163899973034859
HER2ST::A	HER2ST_A1_CONTROLLED	forward	1	1	mlp64_32	1.0	177	142	96	0.0	0.0	0.020833333333333332	0.014642588873253435	126.5	0.8541666666666666	0.007267273496836424
HER2ST::A	HER2ST_A1_CONTROLLED	forward	1	1	mlp128_64_32	1.0	177	142	96	0.0	0.0	0.03125	0.01607434935547381	138.5	0.8958333333333334	-0.02618710696697235
HER2ST::A	HER2ST_A1_CONTROLLED	forward	2	0	linear32	0.0	175	140	98	0.0	0.01020408163265306	0.04081632653061224	0.021681683150406493	110.0	0.8469387755102041	0.03126032277941704
HER2ST::A	HER2ST_A1_CONTROLLED	forward	2	0	mlp64_32	0.0	175	140	98	0.0	0.030612244897959183	0.07142857142857142	0.02440254417334295	128.0	0.8061224489795918	-0.015897264704108238
HER2ST::A	HER2ST_A1_CONTROLLED	forward	2	0	mlp128_64_32	0.0	175	140	98	0.0	0.01020408163265306	0.030612244897959183	0.015981095174828278	156.5	0.7551020408163265	-0.11340111494064331
HER2ST::A	HER2ST_A1_CONTROLLED	forward	2	0	linear32	0.5	175	140	98	0.0	0.01020408163265306	0.030612244897959183	0.0170696570883463	111.5	0.7653061224489796	0.018100757151842117
HER2ST::A	HER2ST_A1_CONTROLLED	forward	2	0	mlp64_32	0.5	175	140	98	0.0	0.0	0.02040816326530612	0.014488715013109473	131.0	0.7346938775510204	-0.07205604761838913
HER2ST::A	HER2ST_A1_CONTROLLED	forward	2	0	mlp128_64_32	0.5	175	140	98	0.0	0.01020408163265306	0.030612244897959183	0.01691988972562075	129.5	0.7551020408163265	-0.05726217105984688
HER2ST::A	HER2ST_A1_CONTROLLED	forward	2	0	linear32	1.0	175	140	98	0.0	0.0	0.02040816326530612	0.020737664986393612	107.5	0.826530612244898	0.05469169095158577
HER2ST::A	HER2ST_A1_CONTROLLED	forward	2	0	mlp64_32	1.0	175	140	98	0.01020408163265306	0.02040816326530612	0.02040816326530612	0.022292890298312076	152.5	0.7653061224489796	-0.08908040821552277
HER2ST::A	HER2ST_A1_CONTROLLED	forward	2	0	mlp128_64_32	1.0	175	140	98	0.0	0.01020408163265306	0.030612244897959183	0.01865404975844878	158.5	0.7448979591836735	-0.06307246536016464
HER2ST::A	HER2ST_A1_CONTROLLED	forward	2	1	linear32	0.0	175	140	98	0.01020408163265306	0.030612244897959183	0.07142857142857142	0.03234102477419356	133.5	0.7551020408163265	0.005874925758689642
HER2ST::A	HER2ST_A1_CONTROLLED	forward	2	1	mlp64_32	0.0	175	140	98	0.0	0.0	0.02040816326530612	0.012395236855074248	147.5	0.7755102040816326	-0.03877592831850052
HER2ST::A	HER2ST_A1_CONTROLLED	forward	2	1	mlp128_64_32	0.0	175	140	98	0.0	0.0	0.01020408163265306	0.013155415634478099	155.5	0.7448979591836735	-0.099437415599823
HER2ST::A	HER2ST_A1_CONTROLLED	forward	2	1	linear32	0.5	175	140	98	0.0	0.0	0.01020408163265306	0.013214412225594423	129.0	0.7448979591836735	0.0075151934288442135
HER2ST::A	HER2ST_A1_CONTROLLED	forward	2	1	mlp64_32	0.5	175	140	98	0.01020408163265306	0.01020408163265306	0.02040816326530612	0.0199339371207139	159.5	0.8367346938775511	-0.06337560713291168
HER2ST::A	HER2ST_A1_CONTROLLED	forward	2	1	mlp128_64_32	0.5	175	140	98	0.0	0.0	0.01020408163265306	0.011944291084684838	154.5	0.8163265306122449	-0.10606076568365097
HER2ST::A	HER2ST_A1_CONTROLLED	forward	2	1	linear32	1.0	175	140	98	0.0	0.02040816326530612	0.04081632653061224	0.02081284903102483	130.5	0.7653061224489796	0.027251457795500755
HER2ST::A	HER2ST_A1_CONTROLLED	forward	2	1	mlp64_32	1.0	175	140	98	0.01020408163265306	0.02040816326530612	0.030612244897959183	0.024502071406503227	127.5	0.7346938775510204	-0.0048484113067388535
HER2ST::A	HER2ST_A1_CONTROLLED	forward	2	1	mlp128_64_32	1.0	175	140	98	0.0	0.0	0.02040816326530612	0.01772035287506244	142.5	0.7448979591836735	-0.025890333577990532
HER2ST::A	HER2ST_A1_CONTROLLED__reverse	reverse	0	0	linear32	0.0	169	136	104	0.0	0.0	0.0	0.009034695431357237	193.0	0.7980769230769231	-0.02573680691421032
HER2ST::A	HER2ST_A1_CONTROLLED__reverse	reverse	0	0	mlp64_32	0.0	169	136	104	0.0	0.028846153846153848	0.04807692307692308	0.02373696097664208	178.0	0.8076923076923077	-0.09922121465206146
HER2ST::A	HER2ST_A1_CONTROLLED__reverse	reverse	0	0	mlp128_64_32	0.0	169	136	104	0.009615384615384616	0.028846153846153848	0.038461538461538464	0.028819184193998766	167.0	0.8846153846153846	-0.09830625355243683
HER2ST::A	HER2ST_A1_CONTROLLED__reverse	reverse	0	0	linear32	0.5	169	136	104	0.0	0.009615384615384616	0.028846153846153848	0.013783223052934019	181.0	0.7596153846153846	-0.02150738425552845
HER2ST::A	HER2ST_A1_CONTROLLED__reverse	reverse	0	0	mlp64_32	0.5	169	136	104	0.0	0.028846153846153848	0.028846153846153848	0.01926608987703056	137.5	0.8173076923076923	-0.011851275339722633
HER2ST::A	HER2ST_A1_CONTROLLED__reverse	reverse	0	0	mlp128_64_32	0.5	169	136	104	0.0	0.0	0.019230769230769232	0.011521507950271976	179.0	0.8653846153846154	-0.07559966295957565
HER2ST::A	HER2ST_A1_CONTROLLED__reverse	reverse	0	0	linear32	1.0	169	136	104	0.009615384615384616	0.028846153846153848	0.04807692307692308	0.029695422713656574	163.5	0.7403846153846154	0.027216540649533272
HER2ST::A	HER2ST_A1_CONTROLLED__reverse	reverse	0	0	mlp64_32	1.0	169	136	104	0.0	0.0	0.009615384615384616	0.010992307996668548	170.0	0.6923076923076923	-0.002472768072038889
HER2ST::A	HER2ST_A1_CONTROLLED__reverse	reverse	0	0	mlp128_64_32	1.0	169	136	104	0.0	0.019230769230769232	0.019230769230769232	0.016538724238426124	141.5	0.7980769230769231	-0.02839209884405136
HER2ST::A	HER2ST_A1_CONTROLLED__reverse	reverse	0	1	linear32	0.0	169	136	104	0.0	0.019230769230769232	0.04807692307692308	0.02302629190761852	151.5	0.7692307692307693	0.016208456829190254
HER2ST::A	HER2ST_A1_CONTROLLED__reverse	reverse	0	1	mlp64_32	0.0	169	136	104	0.009615384615384616	0.019230769230769232	0.04807692307692308	0.028719173749734452	182.0	0.7788461538461539	-0.11737709492444992
HER2ST::A	HER2ST_A1_CONTROLLED__reverse	reverse	0	1	mlp128_64_32	0.0	169	136	104	0.0	0.038461538461538464	0.04807692307692308	0.025025214207676075	153.5	0.7596153846153846	-0.054134514182806015
HER2ST::A	HER2ST_A1_CONTROLLED__reverse	reverse	0	1	linear32	0.5	169	136	104	0.009615384615384616	0.019230769230769232	0.038461538461538464	0.0253292719162628	146.0	0.7403846153846154	0.02584434300661087
HER2ST::A	HER2ST_A1_CONTROLLED__reverse	reverse	0	1	mlp64_32	0.5	169	136	104	0.0	0.009615384615384616	0.009615384615384616	0.013446054011610144	164.0	0.7692307692307693	-0.003354328218847513
HER2ST::A	HER2ST_A1_CONTROLLED__reverse	reverse	0	1	mlp128_64_32	0.5	169	136	104	0.0	0.0	0.0	0.009782963522329071	208.0	0.7211538461538461	-0.1307254135608673
HER2ST::A	HER2ST_A1_CONTROLLED__reverse	reverse	0	1	linear32	1.0	169	136	104	0.009615384615384616	0.009615384615384616	0.028846153846153848	0.023570912539435593	178.5	0.8076923076923077	0.012544448487460613
HER2ST::A	HER2ST_A1_CONTROLLED__reverse	reverse	0	1	mlp64_32	1.0	169	136	104	0.0	0.009615384615384616	0.009615384615384616	0.015262514855805919	177.0	0.7980769230769231	-0.047254547476768494
HER2ST::A	HER2ST_A1_CONTROLLED__reverse	reverse	0	1	mlp128_64_32	1.0	169	136	104	0.0	0.009615384615384616	0.028846153846153848	0.018062969445464927	146.0	0.8461538461538461	0.0027844859287142754
HER2ST::A	HER2ST_A1_CONTROLLED__reverse	reverse	1	0	linear32	0.0	194	156	79	0.0	0.0	0.012658227848101266	0.0116400197188687	167.0	0.5189873417721519	-0.006400026846677065
HER2ST::A	HER2ST_A1_CONTROLLED__reverse	reverse	1	0	mlp64_32	0.0	194	156	79	0.0	0.0379746835443038	0.0759493670886076	0.027711576077184753	161.0	0.45569620253164556	-0.015287764370441437
HER2ST::A	HER2ST_A1_CONTROLLED__reverse	reverse	1	0	mlp128_64_32	0.0	194	156	79	0.0	0.012658227848101266	0.012658227848101266	0.015921197941044674	165.0	0.4936708860759494	-0.10898356884717941
HER2ST::A	HER2ST_A1_CONTROLLED__reverse	reverse	1	0	linear32	0.5	194	156	79	0.0	0.02531645569620253	0.02531645569620253	0.023614075820214495	174.0	0.569620253164557	0.015139279887080193
HER2ST::A	HER2ST_A1_CONTROLLED__reverse	reverse	1	0	mlp64_32	0.5	194	156	79	0.0	0.02531645569620253	0.0379746835443038	0.016452419755412492	199.0	0.5189873417721519	-0.07668378949165344
HER2ST::A	HER2ST_A1_CONTROLLED__reverse	reverse	1	0	mlp128_64_32	0.5	194	156	79	0.0	0.012658227848101266	0.02531645569620253	0.01781068614125946	185.0	0.5443037974683544	-0.08917848020792007
HER2ST::A	HER2ST_A1_CONTROLLED__reverse	reverse	1	0	linear32	1.0	194	156	79	0.0	0.0	0.02531645569620253	0.014805277492824068	154.0	0.5443037974683544	0.019306926056742668
HER2ST::A	HER2ST_A1_CONTROLLED__reverse	reverse	1	0	mlp64_32	1.0	194	156	79	0.012658227848101266	0.012658227848101266	0.02531645569620253	0.023733228151835057	173.0	0.620253164556962	-0.0395316444337368
HER2ST::A	HER2ST_A1_CONTROLLED__reverse	reverse	1	0	mlp128_64_32	1.0	194	156	79	0.012658227848101266	0.012658227848101266	0.012658227848101266	0.023036645776471677	152.0	0.5949367088607594	-0.016846969723701477
HER2ST::A	HER2ST_A1_CONTROLLED__reverse	reverse	1	1	linear32	0.0	194	156	79	0.0	0.06329113924050633	0.0759493670886076	0.025925599073191617	173.0	0.5949367088607594	0.017872072756290436
HER2ST::A	HER2ST_A1_CONTROLLED__reverse	reverse	1	1	mlp64_32	0.0	194	156	79	0.0	0.0379746835443038	0.05063291139240506	0.02518998643839419	128.0	0.5189873417721519	-0.018965812399983406
HER2ST::A	HER2ST_A1_CONTROLLED__reverse	reverse	1	1	mlp128_64_32	0.0	194	156	79	0.0	0.0379746835443038	0.06329113924050633	0.023426833491251315	166.0	0.4936708860759494	-0.07505074888467789
HER2ST::A	HER2ST_A1_CONTROLLED__reverse	reverse	1	1	linear32	0.5	194	156	79	0.012658227848101266	0.012658227848101266	0.0379746835443038	0.030072218303084063	182.0	0.6075949367088608	0.005611367989331484
HER2ST::A	HER2ST_A1_CONTROLLED__reverse	reverse	1	1	mlp64_32	0.5	194	156	79	0.012658227848101266	0.0379746835443038	0.0379746835443038	0.03003177806068711	151.0	0.5443037974683544	0.02376340702176094
HER2ST::A	HER2ST_A1_CONTROLLED__reverse	reverse	1	1	mlp128_64_32	0.5	194	156	79	0.0	0.012658227848101266	0.02531645569620253	0.01337166404812203	161.0	0.6329113924050633	-0.07080429047346115
HER2ST::A	HER2ST_A1_CONTROLLED__reverse	reverse	1	1	linear32	1.0	194	156	79	0.012658227848101266	0.012658227848101266	0.012658227848101266	0.02233522807740122	153.0	0.5443037974683544	0.0071343183517456055
HER2ST::A	HER2ST_A1_CONTROLLED__reverse	reverse	1	1	mlp64_32	1.0	194	156	79	0.0	0.012658227848101266	0.02531645569620253	0.014520866484097776	152.0	0.569620253164557	0.023185571655631065
HER2ST::A	HER2ST_A1_CONTROLLED__reverse	reverse	1	1	mlp128_64_32	1.0	194	156	79	0.012658227848101266	0.012658227848101266	0.012658227848101266	0.022501293530770596	143.0	0.5316455696202531	-0.022770652547478676
HER2ST::A	HER2ST_A1_CONTROLLED__reverse	reverse	2	0	linear32	0.0	183	147	90	0.0	0.0	0.022222222222222223	0.012574682188372426	189.5	0.7888888888888889	-0.029804907739162445
HER2ST::A	HER2ST_A1_CONTROLLED__reverse	reverse	2	0	mlp64_32	0.0	183	147	90	0.0	0.022222222222222223	0.022222222222222223	0.017158690353816005	158.5	0.7555555555555555	-0.0030700783245265484
HER2ST::A	HER2ST_A1_CONTROLLED__reverse	reverse	2	0	mlp128_64_32	0.0	183	147	90	0.0	0.022222222222222223	0.022222222222222223	0.018933409504743422	132.5	0.6888888888888889	-0.03874591365456581
HER2ST::A	HER2ST_A1_CONTROLLED__reverse	reverse	2	0	linear32	0.5	183	147	90	0.0	0.011111111111111112	0.044444444444444446	0.019322410069043703	143.0	0.8777777777777778	0.03988225385546684
HER2ST::A	HER2ST_A1_CONTROLLED__reverse	reverse	2	0	mlp64_32	0.5	183	147	90	0.011111111111111112	0.022222222222222223	0.03333333333333333	0.02878572079280819	174.0	0.7555555555555555	-0.018768299371004105
HER2ST::A	HER2ST_A1_CONTROLLED__reverse	reverse	2	0	mlp128_64_32	0.5	183	147	90	0.011111111111111112	0.022222222222222223	0.044444444444444446	0.02951284670243656	131.0	0.7666666666666667	0.002145172096788883
HER2ST::A	HER2ST_A1_CONTROLLED__reverse	reverse	2	0	linear32	1.0	183	147	90	0.011111111111111112	0.011111111111111112	0.044444444444444446	0.02688618575840381	151.5	0.8666666666666667	0.02410665899515152
HER2ST::A	HER2ST_A1_CONTROLLED__reverse	reverse	2	0	mlp64_32	1.0	183	147	90	0.0	0.0	0.011111111111111112	0.012125328539298026	162.0	0.8777777777777778	0.005631560925394297
HER2ST::A	HER2ST_A1_CONTROLLED__reverse	reverse	2	0	mlp128_64_32	1.0	183	147	90	0.011111111111111112	0.022222222222222223	0.044444444444444446	0.025873220695015887	140.0	0.8666666666666667	0.015607872046530247
HER2ST::A	HER2ST_A1_CONTROLLED__reverse	reverse	2	1	linear32	0.0	183	147	90	0.0	0.0	0.0	0.009074937108961309	195.0	0.7888888888888889	-0.035065412521362305
HER2ST::A	HER2ST_A1_CONTROLLED__reverse	reverse	2	1	mlp64_32	0.0	183	147	90	0.0	0.0	0.022222222222222223	0.012766021281017116	177.0	0.7444444444444445	-0.0431085079908371
HER2ST::A	HER2ST_A1_CONTROLLED__reverse	reverse	2	1	mlp128_64_32	0.0	183	147	90	0.0	0.011111111111111112	0.011111111111111112	0.011831373807775764	177.5	0.7777777777777778	-0.14107371866703033
HER2ST::A	HER2ST_A1_CONTROLLED__reverse	reverse	2	1	linear32	0.5	183	147	90	0.0	0.011111111111111112	0.044444444444444446	0.02256260112753002	140.5	0.8333333333333334	0.04654063656926155
HER2ST::A	HER2ST_A1_CONTROLLED__reverse	reverse	2	1	mlp64_32	0.5	183	147	90	0.0	0.0	0.044444444444444446	0.01588383282481143	151.5	0.8444444444444444	-0.04936978593468666
HER2ST::A	HER2ST_A1_CONTROLLED__reverse	reverse	2	1	mlp128_64_32	0.5	183	147	90	0.0	0.011111111111111112	0.011111111111111112	0.01376725995307338	154.0	0.8777777777777778	-0.07947859913110733
HER2ST::A	HER2ST_A1_CONTROLLED__reverse	reverse	2	1	linear32	1.0	183	147	90	0.0	0.0	0.011111111111111112	0.014875009256185427	141.0	0.8666666666666667	0.04791859909892082
HER2ST::A	HER2ST_A1_CONTROLLED__reverse	reverse	2	1	mlp64_32	1.0	183	147	90	0.011111111111111112	0.022222222222222223	0.03333333333333333	0.02671974227259563	167.5	0.8777777777777778	0.007430248893797398
HER2ST::A	HER2ST_A1_CONTROLLED__reverse	reverse	2	1	mlp128_64_32	1.0	183	147	90	0.0	0.0	0.011111111111111112	0.00931659324690597	173.0	0.8333333333333334	-0.11502274125814438
HER2ST::B	HER2ST_B1_CONTROLLED	forward	0	0	linear32	0.0	141	113	74	0.0	0.02702702702702703	0.04054054054054054	0.02230656085657265	98.0	0.22972972972972974	0.0042462837882339954
HER2ST::B	HER2ST_B1_CONTROLLED	forward	0	0	mlp64_32	0.0	141	113	74	0.013513513513513514	0.0945945945945946	0.12162162162162163	0.05871540601615979	80.0	0.28378378378378377	0.012041869573295116
HER2ST::B	HER2ST_B1_CONTROLLED	forward	0	0	mlp128_64_32	0.0	141	113	74	0.0	0.0	0.013513513513513514	0.017471208997163475	100.5	0.06756756756756757	-0.1611817330121994
HER2ST::B	HER2ST_B1_CONTROLLED	forward	0	0	linear32	0.5	141	113	74	0.0	0.02702702702702703	0.02702702702702703	0.02826995120382293	78.0	0.22972972972972974	0.11175739765167236
HER2ST::B	HER2ST_B1_CONTROLLED	forward	0	0	mlp64_32	0.5	141	113	74	0.0	0.013513513513513514	0.04054054054054054	0.02222421616526062	82.0	0.13513513513513514	0.056487392634153366
HER2ST::B	HER2ST_B1_CONTROLLED	forward	0	0	mlp128_64_32	0.5	141	113	74	0.013513513513513514	0.02702702702702703	0.02702702702702703	0.03210726914040318	91.0	0.35135135135135137	-0.033765099942684174
HER2ST::B	HER2ST_B1_CONTROLLED	forward	0	0	linear32	1.0	141	113	74	0.0	0.0	0.04054054054054054	0.02775562999808744	56.5	0.36486486486486486	0.1772797852754593
HER2ST::B	HER2ST_B1_CONTROLLED	forward	0	0	mlp64_32	1.0	141	113	74	0.0	0.02702702702702703	0.05405405405405406	0.030523956820921305	67.5	0.35135135135135137	0.1691858023405075
HER2ST::B	HER2ST_B1_CONTROLLED	forward	0	0	mlp128_64_32	1.0	141	113	74	0.0	0.0	0.02702702702702703	0.019635285075898026	87.5	0.25675675675675674	0.008952727541327477
HER2ST::B	HER2ST_B1_CONTROLLED	forward	0	1	linear32	0.0	141	113	74	0.0	0.0	0.0	0.01085114426892264	142.0	0.16216216216216217	-0.1000705137848854
HER2ST::B	HER2ST_B1_CONTROLLED	forward	0	1	mlp64_32	0.0	141	113	74	0.0	0.013513513513513514	0.04054054054054054	0.01814312717723303	105.0	0.16216216216216217	-0.0202680341899395
HER2ST::B	HER2ST_B1_CONTROLLED	forward	0	1	mlp128_64_32	0.0	141	113	74	0.0	0.02702702702702703	0.04054054054054054	0.021137326237346186	118.0	0.17567567567567569	-0.12044554948806763
HER2ST::B	HER2ST_B1_CONTROLLED	forward	0	1	linear32	0.5	141	113	74	0.0	0.0	0.02702702702702703	0.017342241901535774	122.5	0.32432432432432434	-0.008899702690541744
HER2ST::B	HER2ST_B1_CONTROLLED	forward	0	1	mlp64_32	0.5	141	113	74	0.0	0.0	0.013513513513513514	0.012095726039136473	131.0	0.13513513513513514	-0.13482047617435455
HER2ST::B	HER2ST_B1_CONTROLLED	forward	0	1	mlp128_64_32	0.5	141	113	74	0.0	0.0	0.02702702702702703	0.016919540704398092	105.0	0.44594594594594594	-0.0850500613451004
HER2ST::B	HER2ST_B1_CONTROLLED	forward	0	1	linear32	1.0	141	113	74	0.0	0.04054054054054054	0.06756756756756757	0.03768201333002644	55.5	0.6756756756756757	0.16626904904842377
HER2ST::B	HER2ST_B1_CONTROLLED	forward	0	1	mlp64_32	1.0	141	113	74	0.0	0.0	0.02702702702702703	0.021244566593663253	97.0	0.3783783783783784	0.11297924816608429
HER2ST::B	HER2ST_B1_CONTROLLED	forward	0	1	mlp128_64_32	1.0	141	113	74	0.0	0.0	0.02702702702702703	0.02380404100612505	68.0	0.43243243243243246	0.1620103418827057
HER2ST::B	HER2ST_B1_CONTROLLED	forward	1	0	linear32	0.0	146	117	69	0.0	0.057971014492753624	0.11594202898550725	0.03443328136958132	102.0	0.34782608695652173	0.01361499261111021
HER2ST::B	HER2ST_B1_CONTROLLED	forward	1	0	mlp64_32	0.0	146	117	69	0.0	0.028985507246376812	0.028985507246376812	0.01767855343251526	145.0	0.17391304347826086	-0.10095737874507904
HER2ST::B	HER2ST_B1_CONTROLLED	forward	1	0	mlp128_64_32	0.0	146	117	69	0.014492753623188406	0.014492753623188406	0.043478260869565216	0.03014688399404473	127.0	0.17391304347826086	-0.08638399094343185
HER2ST::B	HER2ST_B1_CONTROLLED	forward	1	0	linear32	0.5	146	117	69	0.0	0.014492753623188406	0.028985507246376812	0.020698865938257902	127.0	0.2753623188405797	-0.015527965500950813
HER2ST::B	HER2ST_B1_CONTROLLED	forward	1	0	mlp64_32	0.5	146	117	69	0.0	0.028985507246376812	0.028985507246376812	0.024771768936016847	110.0	0.2463768115942029	-0.06654087454080582
HER2ST::B	HER2ST_B1_CONTROLLED	forward	1	0	mlp128_64_32	0.5	146	117	69	0.0	0.014492753623188406	0.028985507246376812	0.02617527289337677	110.0	0.37681159420289856	-0.018299955874681473
HER2ST::B	HER2ST_B1_CONTROLLED	forward	1	0	linear32	1.0	146	117	69	0.0	0.014492753623188406	0.043478260869565216	0.01967431881357412	92.0	0.2753623188405797	0.009854457341134548
HER2ST::B	HER2ST_B1_CONTROLLED	forward	1	0	mlp64_32	1.0	146	117	69	0.0	0.028985507246376812	0.043478260869565216	0.021159020349561287	110.0	0.3188405797101449	0.01210840605199337
HER2ST::B	HER2ST_B1_CONTROLLED	forward	1	0	mlp128_64_32	1.0	146	117	69	0.0	0.014492753623188406	0.043478260869565216	0.021769819510599954	98.0	0.37681159420289856	0.038478877395391464
HER2ST::B	HER2ST_B1_CONTROLLED	forward	1	1	linear32	0.0	146	117	69	0.014492753623188406	0.028985507246376812	0.08695652173913043	0.04316710525566378	100.0	0.2318840579710145	0.024830780923366547
HER2ST::B	HER2ST_B1_CONTROLLED	forward	1	1	mlp64_32	0.0	146	117	69	0.0	0.028985507246376812	0.028985507246376812	0.02288537951129901	124.0	0.2898550724637681	-0.062208618968725204
HER2ST::B	HER2ST_B1_CONTROLLED	forward	1	1	mlp128_64_32	0.0	146	117	69	0.0	0.028985507246376812	0.028985507246376812	0.0213137193080227	99.0	0.2898550724637681	-0.07421765476465225
HER2ST::B	HER2ST_B1_CONTROLLED	forward	1	1	linear32	0.5	146	117	69	0.0	0.014492753623188406	0.028985507246376812	0.01910898223919728	124.0	0.3333333333333333	-0.02976442500948906
HER2ST::B	HER2ST_B1_CONTROLLED	forward	1	1	mlp64_32	0.5	146	117	69	0.0	0.0	0.0	0.012535042304257307	113.0	0.30434782608695654	-0.0657251849770546
HER2ST::B	HER2ST_B1_CONTROLLED	forward	1	1	mlp128_64_32	0.5	146	117	69	0.0	0.014492753623188406	0.028985507246376812	0.022238212521730395	100.0	0.2608695652173913	-0.08078540861606598
HER2ST::B	HER2ST_B1_CONTROLLED	forward	1	1	linear32	1.0	146	117	69	0.028985507246376812	0.028985507246376812	0.057971014492753624	0.048779609120862225	98.0	0.3188405797101449	0.037703707814216614
HER2ST::B	HER2ST_B1_CONTROLLED	forward	1	1	mlp64_32	1.0	146	117	69	0.0	0.014492753623188406	0.014492753623188406	0.017410124282603297	86.0	0.36231884057971014	0.0280427485704422
HER2ST::B	HER2ST_B1_CONTROLLED	forward	1	1	mlp128_64_32	1.0	146	117	69	0.028985507246376812	0.028985507246376812	0.057971014492753624	0.04607051372472769	104.0	0.2753623188405797	0.022052325308322906
HER2ST::B	HER2ST_B1_CONTROLLED	forward	2	0	linear32	0.0	143	115	72	0.0	0.0	0.027777777777777776	0.01663350899854062	125.5	0.4444444444444444	-0.030215270817279816
HER2ST::B	HER2ST_B1_CONTROLLED	forward	2	0	mlp64_32	0.0	143	115	72	0.013888888888888888	0.041666666666666664	0.08333333333333333	0.039920096144472145	101.0	0.2777777777777778	-0.053316593170166016
HER2ST::B	HER2ST_B1_CONTROLLED	forward	2	0	mlp128_64_32	0.0	143	115	72	0.0	0.027777777777777776	0.041666666666666664	0.02621330748336927	96.5	0.25	-0.03924660384654999
HER2ST::B	HER2ST_B1_CONTROLLED	forward	2	0	linear32	0.5	143	115	72	0.0	0.027777777777777776	0.041666666666666664	0.02394176656701716	123.0	0.4444444444444444	-0.031419385224580765
HER2ST::B	HER2ST_B1_CONTROLLED	forward	2	0	mlp64_32	0.5	143	115	72	0.0	0.0	0.041666666666666664	0.019618214782282612	107.0	0.3194444444444444	-0.02397174760699272
HER2ST::B	HER2ST_B1_CONTROLLED	forward	2	0	mlp128_64_32	0.5	143	115	72	0.0	0.013888888888888888	0.041666666666666664	0.017520072959572013	121.5	0.3194444444444444	-0.07260087877511978
HER2ST::B	HER2ST_B1_CONTROLLED	forward	2	0	linear32	1.0	143	115	72	0.0	0.027777777777777776	0.06944444444444445	0.029544505387253745	77.5	0.4305555555555556	0.05002177879214287
HER2ST::B	HER2ST_B1_CONTROLLED	forward	2	0	mlp64_32	1.0	143	115	72	0.0	0.0	0.013888888888888888	0.01621335301152708	96.5	0.4722222222222222	0.0628562718629837
HER2ST::B	HER2ST_B1_CONTROLLED	forward	2	0	mlp128_64_32	1.0	143	115	72	0.0	0.013888888888888888	0.041666666666666664	0.02425085935121401	107.0	0.4305555555555556	0.04357961192727089
HER2ST::B	HER2ST_B1_CONTROLLED	forward	2	1	linear32	0.0	143	115	72	0.0	0.0	0.041666666666666664	0.02002945102242184	106.5	0.3472222222222222	-0.0007258200203068554
HER2ST::B	HER2ST_B1_CONTROLLED	forward	2	1	mlp64_32	0.0	143	115	72	0.0	0.013888888888888888	0.013888888888888888	0.014929089448032852	113.5	0.3333333333333333	-0.07750144600868225
HER2ST::B	HER2ST_B1_CONTROLLED	forward	2	1	mlp128_64_32	0.0	143	115	72	0.013888888888888888	0.013888888888888888	0.027777777777777776	0.02976116509420781	112.5	0.375	-0.045494843274354935
HER2ST::B	HER2ST_B1_CONTROLLED	forward	2	1	linear32	0.5	143	115	72	0.0	0.013888888888888888	0.041666666666666664	0.02585186953772911	95.0	0.3472222222222222	0.03210238367319107
HER2ST::B	HER2ST_B1_CONTROLLED	forward	2	1	mlp64_32	0.5	143	115	72	0.0	0.0	0.027777777777777776	0.016307705228684344	101.5	0.4722222222222222	-0.02392156794667244
HER2ST::B	HER2ST_B1_CONTROLLED	forward	2	1	mlp128_64_32	0.5	143	115	72	0.0	0.027777777777777776	0.041666666666666664	0.022915654003239153	116.0	0.3888888888888889	-0.027683032676577568
HER2ST::B	HER2ST_B1_CONTROLLED	forward	2	1	linear32	1.0	143	115	72	0.013888888888888888	0.027777777777777776	0.041666666666666664	0.04173169607883988	66.0	0.6388888888888888	0.05886893719434738
HER2ST::B	HER2ST_B1_CONTROLLED	forward	2	1	mlp64_32	1.0	143	115	72	0.0	0.027777777777777776	0.06944444444444445	0.025939617901066258	77.0	0.375	0.07892106473445892
HER2ST::B	HER2ST_B1_CONTROLLED	forward	2	1	mlp128_64_32	1.0	143	115	72	0.0	0.027777777777777776	0.027777777777777776	0.022302899558531084	92.5	0.375	0.08285824209451675
HER2ST::B	HER2ST_B1_CONTROLLED__reverse	reverse	0	0	linear32	0.0	138	111	77	0.0	0.012987012987012988	0.025974025974025976	0.018209799301887035	115.0	0.3246753246753247	0.02300417236983776
HER2ST::B	HER2ST_B1_CONTROLLED__reverse	reverse	0	0	mlp64_32	0.0	138	111	77	0.0	0.03896103896103896	0.06493506493506493	0.0305204868069718	115.0	0.37662337662337664	-0.0037842439487576485
HER2ST::B	HER2ST_B1_CONTROLLED__reverse	reverse	0	0	mlp128_64_32	0.0	138	111	77	0.012987012987012988	0.05194805194805195	0.05194805194805195	0.034324290036473845	130.0	0.38961038961038963	-0.031045034527778625
HER2ST::B	HER2ST_B1_CONTROLLED__reverse	reverse	0	0	linear32	0.5	138	111	77	0.0	0.012987012987012988	0.025974025974025976	0.02195972470315516	98.0	0.38961038961038963	0.05432482436299324
HER2ST::B	HER2ST_B1_CONTROLLED__reverse	reverse	0	0	mlp64_32	0.5	138	111	77	0.0	0.012987012987012988	0.03896103896103896	0.020762673384406405	113.0	0.3246753246753247	0.014282820746302605
HER2ST::B	HER2ST_B1_CONTROLLED__reverse	reverse	0	0	mlp128_64_32	0.5	138	111	77	0.0	0.0	0.012987012987012988	0.015368975930489033	111.0	0.3246753246753247	0.014424892142415047
HER2ST::B	HER2ST_B1_CONTROLLED__reverse	reverse	0	0	linear32	1.0	138	111	77	0.0	0.03896103896103896	0.06493506493506493	0.034791761842991056	57.0	0.23376623376623376	0.11271067708730698
HER2ST::B	HER2ST_B1_CONTROLLED__reverse	reverse	0	0	mlp64_32	1.0	138	111	77	0.0	0.0	0.0	0.014815129300864956	125.0	0.38961038961038963	0.05465710535645485
HER2ST::B	HER2ST_B1_CONTROLLED__reverse	reverse	0	0	mlp128_64_32	1.0	138	111	77	0.0	0.012987012987012988	0.025974025974025976	0.01855788288298053	112.0	0.38961038961038963	0.11857694387435913
HER2ST::B	HER2ST_B1_CONTROLLED__reverse	reverse	0	1	linear32	0.0	138	111	77	0.0	0.03896103896103896	0.05194805194805195	0.02603141552832124	122.0	0.36363636363636365	0.014779583550989628
HER2ST::B	HER2ST_B1_CONTROLLED__reverse	reverse	0	1	mlp64_32	0.0	138	111	77	0.0	0.025974025974025976	0.025974025974025976	0.02124008956927014	132.0	0.3116883116883117	-0.023993095383048058
HER2ST::B	HER2ST_B1_CONTROLLED__reverse	reverse	0	1	mlp128_64_32	0.0	138	111	77	0.0	0.025974025974025976	0.03896103896103896	0.02543694063377573	113.0	0.4025974025974026	-0.028007157146930695
HER2ST::B	HER2ST_B1_CONTROLLED__reverse	reverse	0	1	linear32	0.5	138	111	77	0.0	0.03896103896103896	0.06493506493506493	0.0258768728406856	138.0	0.35064935064935066	0.013453545048832893
HER2ST::B	HER2ST_B1_CONTROLLED__reverse	reverse	0	1	mlp64_32	0.5	138	111	77	0.012987012987012988	0.03896103896103896	0.05194805194805195	0.036105480453763	110.0	0.2857142857142857	0.06314638257026672
HER2ST::B	HER2ST_B1_CONTROLLED__reverse	reverse	0	1	mlp128_64_32	0.5	138	111	77	0.0	0.0	0.03896103896103896	0.014049109160486383	136.0	0.3116883116883117	-0.047086525708436966
HER2ST::B	HER2ST_B1_CONTROLLED__reverse	reverse	0	1	linear32	1.0	138	111	77	0.0	0.03896103896103896	0.05194805194805195	0.032169954410916725	80.0	0.42857142857142855	0.06978695094585419
HER2ST::B	HER2ST_B1_CONTROLLED__reverse	reverse	0	1	mlp64_32	1.0	138	111	77	0.0	0.012987012987012988	0.025974025974025976	0.017212519883252234	105.0	0.24675324675324675	0.08992292732000351
HER2ST::B	HER2ST_B1_CONTROLLED__reverse	reverse	0	1	mlp128_64_32	1.0	138	111	77	0.0	0.0	0.025974025974025976	0.01616501992405599	125.0	0.33766233766233766	0.12646453082561493
HER2ST::B	HER2ST_B1_CONTROLLED__reverse	reverse	1	0	linear32	0.0	146	117	69	0.0	0.043478260869565216	0.057971014492753624	0.023469602888988132	103.0	0.2898550724637681	0.030354002490639687
HER2ST::B	HER2ST_B1_CONTROLLED__reverse	reverse	1	0	mlp64_32	0.0	146	117	69	0.0	0.028985507246376812	0.07246376811594203	0.027928160073128573	110.0	0.3333333333333333	0.011670642532408237
HER2ST::B	HER2ST_B1_CONTROLLED__reverse	reverse	1	0	mlp128_64_32	0.0	146	117	69	0.0	0.028985507246376812	0.028985507246376812	0.021454862678009518	132.0	0.37681159420289856	-0.12414494156837463
HER2ST::B	HER2ST_B1_CONTROLLED__reverse	reverse	1	0	linear32	0.5	146	117	69	0.0	0.0	0.028985507246376812	0.01650449747047827	114.0	0.37681159420289856	0.037814993411302567
HER2ST::B	HER2ST_B1_CONTROLLED__reverse	reverse	1	0	mlp64_32	0.5	146	117	69	0.0	0.0	0.014492753623188406	0.016194555057866492	130.0	0.30434782608695654	-0.019012747332453728
HER2ST::B	HER2ST_B1_CONTROLLED__reverse	reverse	1	0	mlp128_64_32	0.5	146	117	69	0.014492753623188406	0.028985507246376812	0.043478260869565216	0.03232920122027828	133.0	0.34782608695652173	-0.06741366535425186
HER2ST::B	HER2ST_B1_CONTROLLED__reverse	reverse	1	0	linear32	1.0	146	117	69	0.014492753623188406	0.028985507246376812	0.057971014492753624	0.032593182424324275	124.0	0.36231884057971014	0.01916487142443657
HER2ST::B	HER2ST_B1_CONTROLLED__reverse	reverse	1	0	mlp64_32	1.0	146	117	69	0.0	0.0	0.0	0.012161315160361317	117.0	0.2608695652173913	-0.0023283325135707855
HER2ST::B	HER2ST_B1_CONTROLLED__reverse	reverse	1	0	mlp128_64_32	1.0	146	117	69	0.0	0.014492753623188406	0.014492753623188406	0.01693667813593398	133.0	0.36231884057971014	-0.0105805778875947
HER2ST::B	HER2ST_B1_CONTROLLED__reverse	reverse	1	1	linear32	0.0	146	117	69	0.0	0.014492753623188406	0.014492753623188406	0.015219087056804375	171.0	0.2898550724637681	-0.03836517781019211
HER2ST::B	HER2ST_B1_CONTROLLED__reverse	reverse	1	1	mlp64_32	0.0	146	117	69	0.0	0.014492753623188406	0.014492753623188406	0.01798805246556154	141.0	0.21739130434782608	-0.02301824279129505
HER2ST::B	HER2ST_B1_CONTROLLED__reverse	reverse	1	1	mlp128_64_32	0.0	146	117	69	0.0	0.0	0.014492753623188406	0.015630484321100622	135.0	0.30434782608695654	-0.09999092668294907
HER2ST::B	HER2ST_B1_CONTROLLED__reverse	reverse	1	1	linear32	0.5	146	117	69	0.0	0.014492753623188406	0.043478260869565216	0.017325222045384173	129.0	0.36231884057971014	-0.010895203799009323
HER2ST::B	HER2ST_B1_CONTROLLED__reverse	reverse	1	1	mlp64_32	0.5	146	117	69	0.0	0.0	0.043478260869565216	0.01748243946311772	145.0	0.30434782608695654	-0.05597465857863426
HER2ST::B	HER2ST_B1_CONTROLLED__reverse	reverse	1	1	mlp128_64_32	0.5	146	117	69	0.0	0.0	0.0	0.012804437164474946	150.0	0.2318840579710145	-0.11380375921726227
HER2ST::B	HER2ST_B1_CONTROLLED__reverse	reverse	1	1	linear32	1.0	146	117	69	0.014492753623188406	0.028985507246376812	0.028985507246376812	0.037277250940814424	129.0	0.3333333333333333	0.0188959501683712
HER2ST::B	HER2ST_B1_CONTROLLED__reverse	reverse	1	1	mlp64_32	1.0	146	117	69	0.0	0.043478260869565216	0.057971014492753624	0.0302865164463501	133.0	0.3333333333333333	0.03638172894716263
HER2ST::B	HER2ST_B1_CONTROLLED__reverse	reverse	1	1	mlp128_64_32	1.0	146	117	69	0.0	0.0	0.014492753623188406	0.013452717754441384	132.0	0.2608695652173913	-0.039958544075489044
HER2ST::B	HER2ST_B1_CONTROLLED__reverse	reverse	2	0	linear32	0.0	146	117	69	0.0	0.0	0.043478260869565216	0.019178597884723265	137.0	0.2318840579710145	0.004945563152432442
HER2ST::B	HER2ST_B1_CONTROLLED__reverse	reverse	2	0	mlp64_32	0.0	146	117	69	0.0	0.0	0.014492753623188406	0.013652133787650709	140.0	0.17391304347826086	-0.07255230098962784
HER2ST::B	HER2ST_B1_CONTROLLED__reverse	reverse	2	0	mlp128_64_32	0.0	146	117	69	0.0	0.0	0.028985507246376812	0.015222142033702235	138.0	0.15942028985507245	-0.20361214876174927
HER2ST::B	HER2ST_B1_CONTROLLED__reverse	reverse	2	0	linear32	0.5	146	117	69	0.0	0.0	0.0	0.011480283242530068	138.0	0.13043478260869565	-0.040218181908130646
HER2ST::B	HER2ST_B1_CONTROLLED__reverse	reverse	2	0	mlp64_32	0.5	146	117	69	0.0	0.014492753623188406	0.043478260869565216	0.020811953621843637	112.0	0.057971014492753624	-0.007973209954798222
HER2ST::B	HER2ST_B1_CONTROLLED__reverse	reverse	2	0	mlp128_64_32	0.5	146	117	69	0.0	0.028985507246376812	0.057971014492753624	0.027008345329329136	120.0	0.2028985507246377	-0.06925118714570999
HER2ST::B	HER2ST_B1_CONTROLLED__reverse	reverse	2	0	linear32	1.0	146	117	69	0.014492753623188406	0.043478260869565216	0.10144927536231885	0.050029013288606386	70.0	0.4492753623188406	0.2056899070739746
HER2ST::B	HER2ST_B1_CONTROLLED__reverse	reverse	2	0	mlp64_32	1.0	146	117	69	0.0	0.043478260869565216	0.057971014492753624	0.03212220053562905	74.0	0.10144927536231885	0.17280688881874084
HER2ST::B	HER2ST_B1_CONTROLLED__reverse	reverse	2	0	mlp128_64_32	1.0	146	117	69	0.0	0.0	0.014492753623188406	0.017117377060044722	89.0	0.043478260869565216	0.11998829990625381
HER2ST::B	HER2ST_B1_CONTROLLED__reverse	reverse	2	1	linear32	0.0	146	117	69	0.0	0.028985507246376812	0.043478260869565216	0.02065939291448302	109.0	0.10144927536231885	0.0814170092344284
HER2ST::B	HER2ST_B1_CONTROLLED__reverse	reverse	2	1	mlp64_32	0.0	146	117	69	0.0	0.0	0.043478260869565216	0.018629299978356464	131.0	0.2898550724637681	-0.040279969573020935
HER2ST::B	HER2ST_B1_CONTROLLED__reverse	reverse	2	1	mlp128_64_32	0.0	146	117	69	0.0	0.043478260869565216	0.07246376811594203	0.03018574778685339	107.0	0.4927536231884058	-0.1266140341758728
HER2ST::B	HER2ST_B1_CONTROLLED__reverse	reverse	2	1	linear32	0.5	146	117	69	0.014492753623188406	0.057971014492753624	0.07246376811594203	0.04922314020199609	59.0	0.2753623188405797	0.2034446895122528
HER2ST::B	HER2ST_B1_CONTROLLED__reverse	reverse	2	1	mlp64_32	0.5	146	117	69	0.0	0.0	0.014492753623188406	0.016965089024029625	111.0	0.21739130434782608	0.03053477592766285
HER2ST::B	HER2ST_B1_CONTROLLED__reverse	reverse	2	1	mlp128_64_32	0.5	146	117	69	0.0	0.028985507246376812	0.057971014492753624	0.02844749303735662	116.0	0.13043478260869565	0.01379078347235918
HER2ST::B	HER2ST_B1_CONTROLLED__reverse	reverse	2	1	linear32	1.0	146	117	69	0.0	0.043478260869565216	0.08695652173913043	0.030808690203338804	74.0	0.11594202898550725	0.1201746016740799
HER2ST::B	HER2ST_B1_CONTROLLED__reverse	reverse	2	1	mlp64_32	1.0	146	117	69	0.0	0.0	0.043478260869565216	0.022138904031124375	79.0	0.07246376811594203	0.08317762613296509
HER2ST::B	HER2ST_B1_CONTROLLED__reverse	reverse	2	1	mlp128_64_32	1.0	146	117	69	0.0	0.014492753623188406	0.043478260869565216	0.0278141463919508	77.0	0.07246376811594203	0.1939948946237564
HER2ST::C	HER2ST_C1_CONTROLLED	forward	0	0	linear32	0.0	85	68	49	0.02040816326530612	0.02040816326530612	0.08163265306122448	0.04843359540887224	58.0	0.8775510204081632	0.029332024976611137
HER2ST::C	HER2ST_C1_CONTROLLED	forward	0	0	mlp64_32	0.0	85	68	49	0.02040816326530612	0.061224489795918366	0.10204081632653061	0.060558736082916516	49.0	0.9183673469387755	0.012763791717588902
HER2ST::C	HER2ST_C1_CONTROLLED	forward	0	0	mlp128_64_32	0.0	85	68	49	0.0	0.0	0.02040816326530612	0.026895355789839138	57.0	0.9387755102040817	-0.04928158223628998
HER2ST::C	HER2ST_C1_CONTROLLED	forward	0	0	linear32	0.5	85	68	49	0.0	0.04081632653061224	0.08163265306122448	0.0414055522716622	58.0	0.9183673469387755	0.04740530252456665
HER2ST::C	HER2ST_C1_CONTROLLED	forward	0	0	mlp64_32	0.5	85	68	49	0.02040816326530612	0.061224489795918366	0.10204081632653061	0.06058925588863267	47.0	0.5918367346938775	-0.00907842069864273
HER2ST::C	HER2ST_C1_CONTROLLED	forward	0	0	mlp128_64_32	0.5	85	68	49	0.02040816326530612	0.02040816326530612	0.02040816326530612	0.039713293931404055	72.0	0.46938775510204084	-0.12393633276224136
HER2ST::C	HER2ST_C1_CONTROLLED	forward	0	0	linear32	1.0	85	68	49	0.0	0.04081632653061224	0.04081632653061224	0.036675406968120085	45.0	0.7959183673469388	0.11722004413604736
HER2ST::C	HER2ST_C1_CONTROLLED	forward	0	0	mlp64_32	1.0	85	68	49	0.0	0.02040816326530612	0.02040816326530612	0.026650330968616357	66.0	0.8367346938775511	-0.007060048636049032
HER2ST::C	HER2ST_C1_CONTROLLED	forward	0	0	mlp128_64_32	1.0	85	68	49	0.0	0.0	0.0	0.025128839733769198	56.0	0.9591836734693877	0.0011009962763637304
HER2ST::C	HER2ST_C1_CONTROLLED	forward	0	1	linear32	0.0	85	68	49	0.0	0.04081632653061224	0.10204081632653061	0.04260573562665744	71.0	0.8775510204081632	0.014248017221689224
HER2ST::C	HER2ST_C1_CONTROLLED	forward	0	1	mlp64_32	0.0	85	68	49	0.04081632653061224	0.12244897959183673	0.14285714285714285	0.08924057997265328	64.0	0.9183673469387755	-0.034399084746837616
HER2ST::C	HER2ST_C1_CONTROLLED	forward	0	1	mlp128_64_32	0.0	85	68	49	0.04081632653061224	0.04081632653061224	0.061224489795918366	0.0640803839316428	65.0	0.7551020408163265	-0.11350256204605103
HER2ST::C	HER2ST_C1_CONTROLLED	forward	0	1	linear32	0.5	85	68	49	0.04081632653061224	0.10204081632653061	0.16326530612244897	0.08162501885865243	63.0	0.8367346938775511	0.05115266144275665
HER2ST::C	HER2ST_C1_CONTROLLED	forward	0	1	mlp64_32	0.5	85	68	49	0.02040816326530612	0.061224489795918366	0.08163265306122448	0.0571668954308658	53.0	0.8163265306122449	0.027887940406799316
HER2ST::C	HER2ST_C1_CONTROLLED	forward	0	1	mlp128_64_32	0.5	85	68	49	0.0	0.02040816326530612	0.04081632653061224	0.034742066342321395	65.0	0.9795918367346939	-0.06925509124994278
HER2ST::C	HER2ST_C1_CONTROLLED	forward	0	1	linear32	1.0	85	68	49	0.02040816326530612	0.10204081632653061	0.24489795918367346	0.07692735733797144	43.0	0.7959183673469388	0.11551074683666229
HER2ST::C	HER2ST_C1_CONTROLLED	forward	0	1	mlp64_32	1.0	85	68	49	0.02040816326530612	0.061224489795918366	0.08163265306122448	0.057640559230992726	50.0	0.7551020408163265	0.07244845479726791
HER2ST::C	HER2ST_C1_CONTROLLED	forward	0	1	mlp128_64_32	1.0	85	68	49	0.0	0.0	0.02040816326530612	0.023792385529381156	60.0	0.8979591836734694	-0.01784318871796131
HER2ST::C	HER2ST_C1_CONTROLLED	forward	1	0	linear32	0.0	92	74	42	0.023809523809523808	0.047619047619047616	0.07142857142857142	0.05347916016625347	58.0	0.5714285714285714	0.04441669583320618
HER2ST::C	HER2ST_C1_CONTROLLED	forward	1	0	mlp64_32	0.0	92	74	42	0.0	0.047619047619047616	0.07142857142857142	0.03580209166573197	75.5	0.5952380952380952	-0.05840287730097771
HER2ST::C	HER2ST_C1_CONTROLLED	forward	1	0	mlp128_64_32	0.0	92	74	42	0.0	0.047619047619047616	0.07142857142857142	0.030411138256057457	70.5	0.5	-0.03941933438181877
HER2ST::C	HER2ST_C1_CONTROLLED	forward	1	0	linear32	0.5	92	74	42	0.0	0.07142857142857142	0.07142857142857142	0.05233118358675808	49.0	0.5	0.029724912717938423
HER2ST::C	HER2ST_C1_CONTROLLED	forward	1	0	mlp64_32	0.5	92	74	42	0.023809523809523808	0.023809523809523808	0.09523809523809523	0.048420099719950004	75.0	0.5238095238095238	-0.06756087392568588
HER2ST::C	HER2ST_C1_CONTROLLED	forward	1	0	mlp128_64_32	0.5	92	74	42	0.023809523809523808	0.023809523809523808	0.023809523809523808	0.04109238667138935	68.0	0.5714285714285714	-0.05218559876084328
HER2ST::C	HER2ST_C1_CONTROLLED	forward	1	0	linear32	1.0	92	74	42	0.023809523809523808	0.09523809523809523	0.19047619047619047	0.06916002162779138	53.0	0.5	0.06361492723226547
HER2ST::C	HER2ST_C1_CONTROLLED	forward	1	0	mlp64_32	1.0	92	74	42	0.047619047619047616	0.09523809523809523	0.11904761904761904	0.08055140556765722	58.5	0.5952380952380952	0.06193525344133377
HER2ST::C	HER2ST_C1_CONTROLLED	forward	1	0	mlp128_64_32	1.0	92	74	42	0.023809523809523808	0.07142857142857142	0.09523809523809523	0.060178669471016896	57.0	0.47619047619047616	0.044610559940338135
HER2ST::C	HER2ST_C1_CONTROLLED	forward	1	1	linear32	0.0	92	74	42	0.047619047619047616	0.07142857142857142	0.09523809523809523	0.06635329079135659	89.5	0.5952380952380952	-0.06647234410047531
HER2ST::C	HER2ST_C1_CONTROLLED	forward	1	1	mlp64_32	0.0	92	74	42	0.023809523809523808	0.047619047619047616	0.09523809523809523	0.05666767492242428	71.5	0.40476190476190477	-0.009655405767261982
HER2ST::C	HER2ST_C1_CONTROLLED	forward	1	1	mlp128_64_32	0.0	92	74	42	0.023809523809523808	0.023809523809523808	0.07142857142857142	0.05264139691619149	64.0	0.5476190476190477	-0.015342338010668755
HER2ST::C	HER2ST_C1_CONTROLLED	forward	1	1	linear32	0.5	92	74	42	0.0	0.0	0.11904761904761904	0.034295302777096345	60.0	0.5	0.0268394835293293
HER2ST::C	HER2ST_C1_CONTROLLED	forward	1	1	mlp64_32	0.5	92	74	42	0.0	0.047619047619047616	0.07142857142857142	0.031142557463841473	56.5	0.5952380952380952	-0.012903953902423382
HER2ST::C	HER2ST_C1_CONTROLLED	forward	1	1	mlp128_64_32	0.5	92	74	42	0.023809523809523808	0.14285714285714285	0.14285714285714285	0.07715228979395114	61.5	0.5476190476190477	-0.021151326596736908
HER2ST::C	HER2ST_C1_CONTROLLED	forward	1	1	linear32	1.0	92	74	42	0.0	0.07142857142857142	0.09523809523809523	0.04314236652825862	49.5	0.6666666666666666	0.10068992525339127
HER2ST::C	HER2ST_C1_CONTROLLED	forward	1	1	mlp64_32	1.0	92	74	42	0.0	0.023809523809523808	0.047619047619047616	0.03937514355813142	48.0	0.5714285714285714	0.06554268300533295
HER2ST::C	HER2ST_C1_CONTROLLED	forward	1	1	mlp128_64_32	1.0	92	74	42	0.0	0.047619047619047616	0.09523809523809523	0.042696350021493176	48.5	0.5952380952380952	0.07891632616519928
HER2ST::C	HER2ST_C1_CONTROLLED	forward	2	0	linear32	0.0	91	73	43	0.0	0.0	0.0	0.018542909439056406	76.0	0.6046511627906976	-0.050130438059568405
HER2ST::C	HER2ST_C1_CONTROLLED	forward	2	0	mlp64_32	0.0	91	73	43	0.0	0.0	0.0	0.02300326681905242	62.0	0.6744186046511628	-0.01598023995757103
HER2ST::C	HER2ST_C1_CONTROLLED	forward	2	0	mlp128_64_32	0.0	91	73	43	0.023255813953488372	0.023255813953488372	0.046511627906976744	0.048919765994104705	55.0	0.7674418604651163	-0.008551160804927349
HER2ST::C	HER2ST_C1_CONTROLLED	forward	2	0	linear32	0.5	91	73	43	0.023255813953488372	0.046511627906976744	0.11627906976744186	0.05802510193016575	57.0	0.7441860465116279	0.0416715182363987
HER2ST::C	HER2ST_C1_CONTROLLED	forward	2	0	mlp64_32	0.5	91	73	43	0.023255813953488372	0.046511627906976744	0.046511627906976744	0.057110071217782846	67.0	0.7209302325581395	0.011947115883231163
HER2ST::C	HER2ST_C1_CONTROLLED	forward	2	0	mlp128_64_32	0.5	91	73	43	0.023255813953488372	0.023255813953488372	0.046511627906976744	0.045618288076876484	62.0	0.6511627906976745	-0.050690069794654846
HER2ST::C	HER2ST_C1_CONTROLLED	forward	2	0	linear32	1.0	91	73	43	0.0	0.046511627906976744	0.11627906976744186	0.05050000245044788	42.0	0.7441860465116279	0.07879148423671722
HER2ST::C	HER2ST_C1_CONTROLLED	forward	2	0	mlp64_32	1.0	91	73	43	0.023255813953488372	0.06976744186046512	0.18604651162790697	0.07219387251138774	55.0	0.7441860465116279	0.0941435694694519
HER2ST::C	HER2ST_C1_CONTROLLED	forward	2	0	mlp128_64_32	1.0	91	73	43	0.0	0.046511627906976744	0.046511627906976744	0.03774486710175385	73.0	0.7209302325581395	-0.019052203744649887
HER2ST::C	HER2ST_C1_CONTROLLED	forward	2	1	linear32	0.0	91	73	43	0.0	0.023255813953488372	0.023255813953488372	0.031796864198785	66.0	0.627906976744186	-0.014125946909189224
HER2ST::C	HER2ST_C1_CONTROLLED	forward	2	1	mlp64_32	0.0	91	73	43	0.023255813953488372	0.06976744186046512	0.06976744186046512	0.060448455450061764	84.0	0.6046511627906976	-0.07418851554393768
HER2ST::C	HER2ST_C1_CONTROLLED	forward	2	1	mlp128_64_32	0.0	91	73	43	0.0	0.09302325581395349	0.09302325581395349	0.0409775548497873	74.0	0.5813953488372093	-0.037027884274721146
HER2ST::C	HER2ST_C1_CONTROLLED	forward	2	1	linear32	0.5	91	73	43	0.023255813953488372	0.06976744186046512	0.06976744186046512	0.06934538801230683	63.0	0.7209302325581395	0.03843928128480911
HER2ST::C	HER2ST_C1_CONTROLLED	forward	2	1	mlp64_32	0.5	91	73	43	0.023255813953488372	0.046511627906976744	0.06976744186046512	0.0474650181652766	65.0	0.7209302325581395	-0.058427177369594574
HER2ST::C	HER2ST_C1_CONTROLLED	forward	2	1	mlp128_64_32	0.5	91	73	43	0.0	0.06976744186046512	0.11627906976744186	0.05505426168659968	71.0	0.627906976744186	-0.08493158966302872
HER2ST::C	HER2ST_C1_CONTROLLED	forward	2	1	linear32	1.0	91	73	43	0.023255813953488372	0.046511627906976744	0.13953488372093023	0.06053111521023358	51.0	0.7674418604651163	0.07975192368030548
HER2ST::C	HER2ST_C1_CONTROLLED	forward	2	1	mlp64_32	1.0	91	73	43	0.023255813953488372	0.023255813953488372	0.06976744186046512	0.051982513078649706	64.0	0.6744186046511628	0.006725836079567671
HER2ST::C	HER2ST_C1_CONTROLLED	forward	2	1	mlp128_64_32	1.0	91	73	43	0.0	0.023255813953488372	0.046511627906976744	0.03815785550472939	54.0	0.6976744186046512	0.025260765105485916
HER2ST::C	HER2ST_C1_CONTROLLED__reverse	reverse	0	0	linear32	0.0	83	67	51	0.0	0.0196078431372549	0.0392156862745098	0.025794261942414087	110.0	0.803921568627451	-0.03035588189959526
HER2ST::C	HER2ST_C1_CONTROLLED__reverse	reverse	0	0	mlp64_32	0.0	83	67	51	0.0196078431372549	0.0392156862745098	0.0784313725490196	0.046131262676248654	86.0	0.8431372549019608	0.0624808669090271
HER2ST::C	HER2ST_C1_CONTROLLED__reverse	reverse	0	0	mlp128_64_32	0.0	83	67	51	0.0	0.0	0.058823529411764705	0.022649514748633758	86.0	0.9607843137254902	-0.1595657616853714
HER2ST::C	HER2ST_C1_CONTROLLED__reverse	reverse	0	0	linear32	0.5	83	67	51	0.0392156862745098	0.0784313725490196	0.11764705882352941	0.07958766647734718	66.0	0.7450980392156863	0.021435480564832687
HER2ST::C	HER2ST_C1_CONTROLLED__reverse	reverse	0	0	mlp64_32	0.5	83	67	51	0.0	0.0392156862745098	0.09803921568627451	0.041884671879151965	61.0	0.8235294117647058	0.04202089086174965
HER2ST::C	HER2ST_C1_CONTROLLED__reverse	reverse	0	0	mlp128_64_32	0.5	83	67	51	0.0392156862745098	0.0392156862745098	0.0392156862745098	0.06248121512663328	55.0	0.8823529411764706	-0.0005139790591783822
HER2ST::C	HER2ST_C1_CONTROLLED__reverse	reverse	0	0	linear32	1.0	83	67	51	0.0	0.0196078431372549	0.09803921568627451	0.03465011349885936	60.0	0.8627450980392157	0.11581315100193024
HER2ST::C	HER2ST_C1_CONTROLLED__reverse	reverse	0	0	mlp64_32	1.0	83	67	51	0.0	0.0	0.0196078431372549	0.02329313322945793	60.0	0.8627450980392157	0.0376678928732872
HER2ST::C	HER2ST_C1_CONTROLLED__reverse	reverse	0	0	mlp128_64_32	1.0	83	67	51	0.0	0.0	0.058823529411764705	0.0247976336957682	82.0	0.7647058823529411	-0.04939744621515274
HER2ST::C	HER2ST_C1_CONTROLLED__reverse	reverse	0	1	linear32	0.0	83	67	51	0.0	0.0	0.0196078431372549	0.015895150776095414	98.0	0.8627450980392157	-0.031920820474624634
HER2ST::C	HER2ST_C1_CONTROLLED__reverse	reverse	0	1	mlp64_32	0.0	83	67	51	0.0	0.0196078431372549	0.058823529411764705	0.027378228847268506	90.0	0.8235294117647058	-0.09763170778751373
HER2ST::C	HER2ST_C1_CONTROLLED__reverse	reverse	0	1	mlp128_64_32	0.0	83	67	51	0.0	0.0	0.0196078431372549	0.021146091105580272	84.0	0.7254901960784313	-0.1650388389825821
HER2ST::C	HER2ST_C1_CONTROLLED__reverse	reverse	0	1	linear32	0.5	83	67	51	0.0	0.0392156862745098	0.0392156862745098	0.0324283027303194	63.0	0.7254901960784313	0.0599537268280983
HER2ST::C	HER2ST_C1_CONTROLLED__reverse	reverse	0	1	mlp64_32	0.5	83	67	51	0.0	0.0784313725490196	0.11764705882352941	0.051946813114526015	69.0	0.8823529411764706	0.014074788428843021
HER2ST::C	HER2ST_C1_CONTROLLED__reverse	reverse	0	1	mlp128_64_32	0.5	83	67	51	0.0196078431372549	0.058823529411764705	0.058823529411764705	0.05724022708697327	52.0	0.8823529411764706	-0.04063068702816963
HER2ST::C	HER2ST_C1_CONTROLLED__reverse	reverse	0	1	linear32	1.0	83	67	51	0.0196078431372549	0.058823529411764705	0.09803921568627451	0.061558061482298594	46.0	0.8627450980392157	0.14105238020420074
HER2ST::C	HER2ST_C1_CONTROLLED__reverse	reverse	0	1	mlp64_32	1.0	83	67	51	0.0	0.0392156862745098	0.0784313725490196	0.03779070171591318	49.0	0.8235294117647058	0.1120036244392395
HER2ST::C	HER2ST_C1_CONTROLLED__reverse	reverse	0	1	mlp128_64_32	1.0	83	67	51	0.0	0.0	0.0196078431372549	0.022915128080626446	68.0	0.7647058823529411	-0.032585352659225464
HER2ST::C	HER2ST_C1_CONTROLLED__reverse	reverse	1	0	linear32	0.0	93	75	41	0.0	0.07317073170731707	0.0975609756097561	0.04103887618998055	81.0	0.6829268292682927	0.03327977657318115
HER2ST::C	HER2ST_C1_CONTROLLED__reverse	reverse	1	0	mlp64_32	0.0	93	75	41	0.0	0.0	0.024390243902439025	0.018869913398031395	84.0	0.8292682926829268	-0.040037479251623154
HER2ST::C	HER2ST_C1_CONTROLLED__reverse	reverse	1	0	mlp128_64_32	0.0	93	75	41	0.0	0.07317073170731707	0.07317073170731707	0.02813077049390032	94.0	0.7560975609756098	-0.09830266982316971
HER2ST::C	HER2ST_C1_CONTROLLED__reverse	reverse	1	0	linear32	0.5	93	75	41	0.024390243902439025	0.07317073170731707	0.0975609756097561	0.06144568297779406	62.0	0.7560975609756098	0.072500079870224
HER2ST::C	HER2ST_C1_CONTROLLED__reverse	reverse	1	0	mlp64_32	0.5	93	75	41	0.0	0.024390243902439025	0.0975609756097561	0.03117721955702507	90.0	0.7073170731707317	-0.031767599284648895
HER2ST::C	HER2ST_C1_CONTROLLED__reverse	reverse	1	0	mlp128_64_32	0.5	93	75	41	0.0	0.0	0.0	0.02033545646843036	84.0	0.7804878048780488	-0.04078156501054764
HER2ST::C	HER2ST_C1_CONTROLLED__reverse	reverse	1	0	linear32	1.0	93	75	41	0.04878048780487805	0.07317073170731707	0.14634146341463414	0.0878607887520996	76.0	0.6341463414634146	0.061134058982133865
HER2ST::C	HER2ST_C1_CONTROLLED__reverse	reverse	1	0	mlp64_32	1.0	93	75	41	0.0	0.04878048780487805	0.07317073170731707	0.03682030276496693	68.0	0.7073170731707317	0.021779438480734825
HER2ST::C	HER2ST_C1_CONTROLLED__reverse	reverse	1	0	mlp128_64_32	1.0	93	75	41	0.0	0.04878048780487805	0.07317073170731707	0.036276554797197984	73.0	0.6829268292682927	0.025272540748119354
HER2ST::C	HER2ST_C1_CONTROLLED__reverse	reverse	1	1	linear32	0.0	93	75	41	0.0	0.04878048780487805	0.07317073170731707	0.03185967831426351	97.0	0.7317073170731707	-0.04617244005203247
HER2ST::C	HER2ST_C1_CONTROLLED__reverse	reverse	1	1	mlp64_32	0.0	93	75	41	0.0	0.0	0.0	0.017447321214836477	89.0	0.7317073170731707	-0.013906426727771759
HER2ST::C	HER2ST_C1_CONTROLLED__reverse	reverse	1	1	mlp128_64_32	0.0	93	75	41	0.0	0.024390243902439025	0.024390243902439025	0.02350883420937243	86.0	0.6585365853658537	-0.11070017516613007
HER2ST::C	HER2ST_C1_CONTROLLED__reverse	reverse	1	1	linear32	0.5	93	75	41	0.0	0.0	0.024390243902439025	0.02384039392905951	63.0	0.6585365853658537	0.027289334684610367
HER2ST::C	HER2ST_C1_CONTROLLED__reverse	reverse	1	1	mlp64_32	0.5	93	75	41	0.024390243902439025	0.04878048780487805	0.0975609756097561	0.06065567621309606	59.0	0.7804878048780488	0.007112543098628521
HER2ST::C	HER2ST_C1_CONTROLLED__reverse	reverse	1	1	mlp128_64_32	0.5	93	75	41	0.0	0.04878048780487805	0.0975609756097561	0.03746990171812427	80.0	0.7317073170731707	-0.05776932090520859
HER2ST::C	HER2ST_C1_CONTROLLED__reverse	reverse	1	1	linear32	1.0	93	75	41	0.04878048780487805	0.12195121951219512	0.14634146341463414	0.09285124523155162	67.0	0.7073170731707317	0.07406491786241531
HER2ST::C	HER2ST_C1_CONTROLLED__reverse	reverse	1	1	mlp64_32	1.0	93	75	41	0.0	0.0	0.0	0.020243847708180076	85.0	0.7560975609756098	0.0002086208842229098
HER2ST::C	HER2ST_C1_CONTROLLED__reverse	reverse	1	1	mlp128_64_32	1.0	93	75	41	0.0	0.024390243902439025	0.04878048780487805	0.023467623353653395	82.0	0.7073170731707317	-0.012644997797906399
HER2ST::C	HER2ST_C1_CONTROLLED__reverse	reverse	2	0	linear32	0.0	92	74	42	0.023809523809523808	0.07142857142857142	0.14285714285714285	0.07168182109921388	70.0	0.5952380952380952	0.053935639560222626
HER2ST::C	HER2ST_C1_CONTROLLED__reverse	reverse	2	0	mlp64_32	0.0	92	74	42	0.0	0.047619047619047616	0.07142857142857142	0.03722025351807818	72.0	0.4523809523809524	0.023118693381547928
HER2ST::C	HER2ST_C1_CONTROLLED__reverse	reverse	2	0	mlp128_64_32	0.0	92	74	42	0.023809523809523808	0.07142857142857142	0.09523809523809523	0.05002636797763235	82.5	0.5952380952380952	-0.06109067425131798
HER2ST::C	HER2ST_C1_CONTROLLED__reverse	reverse	2	0	linear32	0.5	92	74	42	0.0	0.023809523809523808	0.09523809523809523	0.03225609912812687	56.5	0.42857142857142855	0.01827331818640232
HER2ST::C	HER2ST_C1_CONTROLLED__reverse	reverse	2	0	mlp64_32	0.5	92	74	42	0.0	0.0	0.07142857142857142	0.025390092135142324	82.0	0.5238095238095238	0.022283393889665604
HER2ST::C	HER2ST_C1_CONTROLLED__reverse	reverse	2	0	mlp128_64_32	0.5	92	74	42	0.0	0.0	0.0	0.0172671537395699	72.5	0.4523809523809524	-0.1193803921341896
HER2ST::C	HER2ST_C1_CONTROLLED__reverse	reverse	2	0	linear32	1.0	92	74	42	0.0	0.09523809523809523	0.19047619047619047	0.048482819171419465	44.5	0.5952380952380952	0.11551625281572342
HER2ST::C	HER2ST_C1_CONTROLLED__reverse	reverse	2	0	mlp64_32	1.0	92	74	42	0.023809523809523808	0.023809523809523808	0.047619047619047616	0.050612789087014665	58.0	0.4523809523809524	0.03135841339826584
HER2ST::C	HER2ST_C1_CONTROLLED__reverse	reverse	2	0	mlp128_64_32	1.0	92	74	42	0.023809523809523808	0.07142857142857142	0.09523809523809523	0.06208890982904651	56.5	0.5714285714285714	0.13216570019721985
HER2ST::C	HER2ST_C1_CONTROLLED__reverse	reverse	2	1	linear32	0.0	92	74	42	0.0	0.047619047619047616	0.047619047619047616	0.0338620952513092	94.0	0.40476190476190477	-0.011347699910402298
HER2ST::C	HER2ST_C1_CONTROLLED__reverse	reverse	2	1	mlp64_32	0.0	92	74	42	0.0	0.023809523809523808	0.07142857142857142	0.023235212371087003	98.0	0.42857142857142855	-0.09112702310085297
HER2ST::C	HER2ST_C1_CONTROLLED__reverse	reverse	2	1	mlp128_64_32	0.0	92	74	42	0.0	0.023809523809523808	0.047619047619047616	0.029240540352676325	87.0	0.38095238095238093	-0.07833033055067062
HER2ST::C	HER2ST_C1_CONTROLLED__reverse	reverse	2	1	linear32	0.5	92	74	42	0.0	0.07142857142857142	0.09523809523809523	0.04782536571360934	55.0	0.47619047619047616	0.06998901069164276
HER2ST::C	HER2ST_C1_CONTROLLED__reverse	reverse	2	1	mlp64_32	0.5	92	74	42	0.0	0.023809523809523808	0.047619047619047616	0.02897457171498359	70.5	0.5476190476190477	0.05830327048897743
HER2ST::C	HER2ST_C1_CONTROLLED__reverse	reverse	2	1	mlp128_64_32	0.5	92	74	42	0.0	0.023809523809523808	0.07142857142857142	0.02692222084987093	67.0	0.4523809523809524	-0.051995351910591125
HER2ST::C	HER2ST_C1_CONTROLLED__reverse	reverse	2	1	linear32	1.0	92	74	42	0.023809523809523808	0.07142857142857142	0.07142857142857142	0.06629063159367361	44.0	0.5476190476190477	0.11962129175662994
HER2ST::C	HER2ST_C1_CONTROLLED__reverse	reverse	2	1	mlp64_32	1.0	92	74	42	0.023809523809523808	0.047619047619047616	0.07142857142857142	0.05632147442748473	52.5	0.5476190476190477	0.1372680366039276
HER2ST::C	HER2ST_C1_CONTROLLED__reverse	reverse	2	1	mlp128_64_32	1.0	92	74	42	0.023809523809523808	0.023809523809523808	0.14285714285714285	0.05383041297415999	69.5	0.5952380952380952	0.05219127982854843
HER2ST::D	HER2ST_D1_CONTROLLED	forward	0	0	linear32	0.0	129	104	75	0.0	0.0	0.013333333333333334	0.018973426745408837	98.0	0.5733333333333334	0.019871249794960022
HER2ST::D	HER2ST_D1_CONTROLLED	forward	0	0	mlp64_32	0.0	129	104	75	0.013333333333333334	0.04	0.05333333333333334	0.04816893871257865	80.0	0.4666666666666667	0.008741448633372784
HER2ST::D	HER2ST_D1_CONTROLLED	forward	0	0	mlp128_64_32	0.0	129	104	75	0.0	0.04	0.06666666666666667	0.030182658132262303	91.0	0.5066666666666667	-0.04259057343006134
HER2ST::D	HER2ST_D1_CONTROLLED	forward	0	0	linear32	0.5	129	104	75	0.0	0.0	0.04	0.023276524460689143	85.0	0.5866666666666667	0.046697258949279785
HER2ST::D	HER2ST_D1_CONTROLLED	forward	0	0	mlp64_32	0.5	129	104	75	0.0	0.013333333333333334	0.06666666666666667	0.030755678179886885	82.0	0.5066666666666667	0.02812805585563183
HER2ST::D	HER2ST_D1_CONTROLLED	forward	0	0	mlp128_64_32	0.5	129	104	75	0.013333333333333334	0.013333333333333334	0.02666666666666667	0.028233814460214647	96.0	0.44	-0.05562226101756096
HER2ST::D	HER2ST_D1_CONTROLLED	forward	0	0	linear32	1.0	129	104	75	0.0	0.05333333333333334	0.06666666666666667	0.03881976798241585	76.0	0.6133333333333333	0.07248863577842712
HER2ST::D	HER2ST_D1_CONTROLLED	forward	0	0	mlp64_32	1.0	129	104	75	0.013333333333333334	0.04	0.06666666666666667	0.037825275325437016	101.0	0.6533333333333333	0.027416085824370384
HER2ST::D	HER2ST_D1_CONTROLLED	forward	0	0	mlp128_64_32	1.0	129	104	75	0.0	0.0	0.02666666666666667	0.01602509876553563	110.0	0.6266666666666667	-0.07353328913450241
HER2ST::D	HER2ST_D1_CONTROLLED	forward	0	1	linear32	0.0	129	104	75	0.0	0.013333333333333334	0.04	0.023858178592585284	106.0	0.64	-0.004613250494003296
HER2ST::D	HER2ST_D1_CONTROLLED	forward	0	1	mlp64_32	0.0	129	104	75	0.0	0.0	0.02666666666666667	0.018814762074842537	88.0	0.5066666666666667	-0.001815436640754342
HER2ST::D	HER2ST_D1_CONTROLLED	forward	0	1	mlp128_64_32	0.0	129	104	75	0.0	0.0	0.013333333333333334	0.01587428780815101	101.0	0.56	-0.12449142336845398
HER2ST::D	HER2ST_D1_CONTROLLED	forward	0	1	linear32	0.5	129	104	75	0.0	0.013333333333333334	0.05333333333333334	0.02436273563659268	88.0	0.6133333333333333	0.04337112605571747
HER2ST::D	HER2ST_D1_CONTROLLED	forward	0	1	mlp64_32	0.5	129	104	75	0.0	0.0	0.02666666666666667	0.016726672663853186	109.0	0.5466666666666666	-0.0960259735584259
HER2ST::D	HER2ST_D1_CONTROLLED	forward	0	1	mlp128_64_32	0.5	129	104	75	0.0	0.013333333333333334	0.05333333333333334	0.020082935614130482	110.0	0.4533333333333333	-0.0896899551153183
HER2ST::D	HER2ST_D1_CONTROLLED	forward	0	1	linear32	1.0	129	104	75	0.0	0.02666666666666667	0.06666666666666667	0.030234582229640584	91.0	0.6	0.0377962626516819
HER2ST::D	HER2ST_D1_CONTROLLED	forward	0	1	mlp64_32	1.0	129	104	75	0.0	0.0	0.02666666666666667	0.018825598447820745	98.0	0.5866666666666667	-0.02038072608411312
HER2ST::D	HER2ST_D1_CONTROLLED	forward	0	1	mlp128_64_32	1.0	129	104	75	0.0	0.013333333333333334	0.02666666666666667	0.02018123445247255	101.0	0.5733333333333334	-0.0235910564661026
HER2ST::D	HER2ST_D1_CONTROLLED	forward	1	0	linear32	0.0	148	119	56	0.017857142857142856	0.03571428571428571	0.07142857142857142	0.03915971049757753	95.0	0.5178571428571429	0.008992140181362629
HER2ST::D	HER2ST_D1_CONTROLLED	forward	1	0	mlp64_32	0.0	148	119	56	0.0	0.03571428571428571	0.03571428571428571	0.028811582747720103	101.0	0.5178571428571429	-0.053486913442611694
HER2ST::D	HER2ST_D1_CONTROLLED	forward	1	0	mlp128_64_32	0.0	148	119	56	0.0	0.03571428571428571	0.05357142857142857	0.024945658547721454	106.5	0.42857142857142855	-0.09996699541807175
HER2ST::D	HER2ST_D1_CONTROLLED	forward	1	0	linear32	0.5	148	119	56	0.0	0.017857142857142856	0.10714285714285714	0.033606350006617866	80.5	0.48214285714285715	0.06208231300115585
HER2ST::D	HER2ST_D1_CONTROLLED	forward	1	0	mlp64_32	0.5	148	119	56	0.017857142857142856	0.017857142857142856	0.017857142857142856	0.031697708171406984	110.0	0.625	-0.036641888320446014
HER2ST::D	HER2ST_D1_CONTROLLED	forward	1	0	mlp128_64_32	0.5	148	119	56	0.0	0.0	0.03571428571428571	0.01462187530006204	113.5	0.5178571428571429	-0.1267462521791458
HER2ST::D	HER2ST_D1_CONTROLLED	forward	1	0	linear32	1.0	148	119	56	0.017857142857142856	0.05357142857142857	0.05357142857142857	0.05502890583515402	53.0	0.7142857142857143	0.0909290462732315
HER2ST::D	HER2ST_D1_CONTROLLED	forward	1	0	mlp64_32	1.0	148	119	56	0.0	0.03571428571428571	0.07142857142857142	0.03519890755383412	80.0	0.5535714285714286	0.0587705560028553
HER2ST::D	HER2ST_D1_CONTROLLED	forward	1	0	mlp128_64_32	1.0	148	119	56	0.017857142857142856	0.05357142857142857	0.08928571428571429	0.047032413434679246	74.5	0.6607142857142857	0.03635958209633827
HER2ST::D	HER2ST_D1_CONTROLLED	forward	1	1	linear32	0.0	148	119	56	0.0	0.017857142857142856	0.017857142857142856	0.018519531901752144	126.5	0.4642857142857143	-0.026274101808667183
HER2ST::D	HER2ST_D1_CONTROLLED	forward	1	1	mlp64_32	0.0	148	119	56	0.0	0.017857142857142856	0.05357142857142857	0.02131269331249916	107.0	0.35714285714285715	-0.06169196590781212
HER2ST::D	HER2ST_D1_CONTROLLED	forward	1	1	mlp128_64_32	0.0	148	119	56	0.0	0.017857142857142856	0.07142857142857142	0.024988288252367732	94.0	0.6607142857142857	-0.08388502150774002
HER2ST::D	HER2ST_D1_CONTROLLED	forward	1	1	linear32	0.5	148	119	56	0.0	0.03571428571428571	0.05357142857142857	0.036661430719899114	77.0	0.6428571428571429	0.019626498222351074
HER2ST::D	HER2ST_D1_CONTROLLED	forward	1	1	mlp64_32	0.5	148	119	56	0.0	0.0	0.05357142857142857	0.020496430411190845	99.5	0.6964285714285714	-0.03762660548090935
HER2ST::D	HER2ST_D1_CONTROLLED	forward	1	1	mlp128_64_32	0.5	148	119	56	0.0	0.05357142857142857	0.07142857142857142	0.034248559086590045	105.5	0.32142857142857145	-0.06478748470544815
HER2ST::D	HER2ST_D1_CONTROLLED	forward	1	1	linear32	1.0	148	119	56	0.0	0.03571428571428571	0.03571428571428571	0.03042806936477414	94.0	0.6428571428571429	0.050021398812532425
HER2ST::D	HER2ST_D1_CONTROLLED	forward	1	1	mlp64_32	1.0	148	119	56	0.0	0.03571428571428571	0.07142857142857142	0.036448625636960254	82.0	0.6071428571428571	0.055401597172021866
HER2ST::D	HER2ST_D1_CONTROLLED	forward	1	1	mlp128_64_32	1.0	148	119	56	0.0	0.0	0.017857142857142856	0.019447738535228663	92.5	0.7142857142857143	0.004590580705553293
HER2ST::D	HER2ST_D1_CONTROLLED	forward	2	0	linear32	0.0	131	105	73	0.0273972602739726	0.0410958904109589	0.0821917808219178	0.05194064982848327	85.0	0.5342465753424658	0.03315617889165878
HER2ST::D	HER2ST_D1_CONTROLLED	forward	2	0	mlp64_32	0.0	131	105	73	0.0136986301369863	0.0410958904109589	0.0547945205479452	0.0400996764137536	114.0	0.4931506849315068	-0.02333598956465721
HER2ST::D	HER2ST_D1_CONTROLLED	forward	2	0	mlp128_64_32	0.0	131	105	73	0.0	0.0273972602739726	0.0273972602739726	0.02887313855248068	104.0	0.547945205479452	-0.10356664657592773
HER2ST::D	HER2ST_D1_CONTROLLED	forward	2	0	linear32	0.5	131	105	73	0.0	0.0410958904109589	0.0547945205479452	0.034641904272001145	90.0	0.5205479452054794	0.012852644547820091
HER2ST::D	HER2ST_D1_CONTROLLED	forward	2	0	mlp64_32	0.5	131	105	73	0.0	0.0273972602739726	0.0547945205479452	0.02835164051057081	99.0	0.4657534246575342	0.018618015572428703
HER2ST::D	HER2ST_D1_CONTROLLED	forward	2	0	mlp128_64_32	0.5	131	105	73	0.0	0.0	0.0136986301369863	0.01859232808017603	91.0	0.410958904109589	-0.0708799734711647
HER2ST::D	HER2ST_D1_CONTROLLED	forward	2	0	linear32	1.0	131	105	73	0.0	0.0273972602739726	0.0821917808219178	0.02698641913016854	99.0	0.6438356164383562	0.0374976322054863
HER2ST::D	HER2ST_D1_CONTROLLED	forward	2	0	mlp64_32	1.0	131	105	73	0.0	0.0136986301369863	0.0410958904109589	0.025597053769063287	108.0	0.5753424657534246	0.008503612130880356
HER2ST::D	HER2ST_D1_CONTROLLED	forward	2	0	mlp128_64_32	1.0	131	105	73	0.0	0.0136986301369863	0.0136986301369863	0.017893845098035776	93.0	0.547945205479452	-0.05214584246277809
HER2ST::D	HER2ST_D1_CONTROLLED	forward	2	1	linear32	0.0	131	105	73	0.0136986301369863	0.0273972602739726	0.0273972602739726	0.033425392570408635	96.0	0.5753424657534246	0.018719961866736412
HER2ST::D	HER2ST_D1_CONTROLLED	forward	2	1	mlp64_32	0.0	131	105	73	0.0	0.0273972602739726	0.0547945205479452	0.02187543930527219	117.0	0.4246575342465753	-0.04037882760167122
HER2ST::D	HER2ST_D1_CONTROLLED	forward	2	1	mlp128_64_32	0.0	131	105	73	0.0136986301369863	0.0821917808219178	0.0958904109589041	0.05380477803930714	102.0	0.4383561643835616	-0.06421658396720886
HER2ST::D	HER2ST_D1_CONTROLLED	forward	2	1	linear32	0.5	131	105	73	0.0	0.0410958904109589	0.0684931506849315	0.03018703135997563	78.0	0.4657534246575342	0.03834513947367668
HER2ST::D	HER2ST_D1_CONTROLLED	forward	2	1	mlp64_32	0.5	131	105	73	0.0	0.0	0.0273972602739726	0.015656571905666265	117.0	0.4931506849315068	-0.051686841994524
HER2ST::D	HER2ST_D1_CONTROLLED	forward	2	1	mlp128_64_32	0.5	131	105	73	0.0	0.0	0.0410958904109589	0.021000731445432335	74.0	0.6164383561643836	-0.061963845044374466
HER2ST::D	HER2ST_D1_CONTROLLED	forward	2	1	linear32	1.0	131	105	73	0.0	0.0273972602739726	0.1095890410958904	0.03254207901482833	79.0	0.547945205479452	0.04505275562405586
HER2ST::D	HER2ST_D1_CONTROLLED	forward	2	1	mlp64_32	1.0	131	105	73	0.0136986301369863	0.0410958904109589	0.0547945205479452	0.039069408493137524	93.0	0.5753424657534246	0.033806994557380676
HER2ST::D	HER2ST_D1_CONTROLLED	forward	2	1	mlp128_64_32	1.0	131	105	73	0.0	0.0273972602739726	0.0410958904109589	0.0216189085725668	105.0	0.4383561643835616	-0.03487969562411308
HER2ST::D	HER2ST_D1_CONTROLLED__reverse	reverse	0	0	linear32	0.0	144	116	60	0.016666666666666666	0.03333333333333333	0.05	0.03499309253352967	123.0	0.6833333333333333	-0.001529162167571485
HER2ST::D	HER2ST_D1_CONTROLLED__reverse	reverse	0	0	mlp64_32	0.0	144	116	60	0.0	0.03333333333333333	0.05	0.02330994679639422	136.5	0.5	0.004372327122837305
HER2ST::D	HER2ST_D1_CONTROLLED__reverse	reverse	0	0	mlp128_64_32	0.0	144	116	60	0.0	0.03333333333333333	0.03333333333333333	0.02375461395699054	116.5	0.48333333333333334	-0.08804316073656082
HER2ST::D	HER2ST_D1_CONTROLLED__reverse	reverse	0	0	linear32	0.5	144	116	60	0.0	0.016666666666666666	0.06666666666666667	0.0226142089239349	95.5	0.5833333333333334	0.033335719257593155
HER2ST::D	HER2ST_D1_CONTROLLED__reverse	reverse	0	0	mlp64_32	0.5	144	116	60	0.0	0.03333333333333333	0.06666666666666667	0.03353513517600732	87.0	0.5833333333333334	0.043435223400592804
HER2ST::D	HER2ST_D1_CONTROLLED__reverse	reverse	0	0	mlp128_64_32	0.5	144	116	60	0.0	0.0	0.0	0.0132220858738284	141.0	0.4166666666666667	-0.10855510830879211
HER2ST::D	HER2ST_D1_CONTROLLED__reverse	reverse	0	0	linear32	1.0	144	116	60	0.016666666666666666	0.08333333333333333	0.08333333333333333	0.05613598619357311	97.5	0.6333333333333333	0.058496832847595215
HER2ST::D	HER2ST_D1_CONTROLLED__reverse	reverse	0	0	mlp64_32	1.0	144	116	60	0.0	0.03333333333333333	0.06666666666666667	0.028922272554482244	89.0	0.6166666666666667	0.04859726130962372
HER2ST::D	HER2ST_D1_CONTROLLED__reverse	reverse	0	0	mlp128_64_32	1.0	144	116	60	0.0	0.0	0.016666666666666666	0.018435989607147343	93.0	0.75	0.05104726552963257
HER2ST::D	HER2ST_D1_CONTROLLED__reverse	reverse	0	1	linear32	0.0	144	116	60	0.0	0.016666666666666666	0.03333333333333333	0.01690328919929045	129.5	0.5333333333333333	-0.0032040050718933344
HER2ST::D	HER2ST_D1_CONTROLLED__reverse	reverse	0	1	mlp64_32	0.0	144	116	60	0.0	0.0	0.016666666666666666	0.016478109515381725	138.5	0.45	-0.04998873174190521
HER2ST::D	HER2ST_D1_CONTROLLED__reverse	reverse	0	1	mlp128_64_32	0.0	144	116	60	0.0	0.016666666666666666	0.016666666666666666	0.01727149611852728	113.0	0.48333333333333334	-0.09565623849630356
HER2ST::D	HER2ST_D1_CONTROLLED__reverse	reverse	0	1	linear32	0.5	144	116	60	0.0	0.03333333333333333	0.1	0.030477557859175063	84.0	0.5833333333333334	0.06640411168336868
HER2ST::D	HER2ST_D1_CONTROLLED__reverse	reverse	0	1	mlp64_32	0.5	144	116	60	0.0	0.0	0.0	0.014682270366735214	91.5	0.65	-0.05399001017212868
HER2ST::D	HER2ST_D1_CONTROLLED__reverse	reverse	0	1	mlp128_64_32	0.5	144	116	60	0.0	0.016666666666666666	0.05	0.019681218724584598	104.5	0.5333333333333333	-0.08002777397632599
HER2ST::D	HER2ST_D1_CONTROLLED__reverse	reverse	0	1	linear32	1.0	144	116	60	0.0	0.016666666666666666	0.03333333333333333	0.021306211768780937	107.5	0.6333333333333333	0.057290468364953995
HER2ST::D	HER2ST_D1_CONTROLLED__reverse	reverse	0	1	mlp64_32	1.0	144	116	60	0.0	0.016666666666666666	0.016666666666666666	0.022149018448567145	92.0	0.7	0.018231481313705444
HER2ST::D	HER2ST_D1_CONTROLLED__reverse	reverse	0	1	mlp128_64_32	1.0	144	116	60	0.0	0.0	0.05	0.01868565160252402	111.0	0.7	-0.043124791234731674
HER2ST::D	HER2ST_D1_CONTROLLED__reverse	reverse	1	0	linear32	0.0	136	109	68	0.0	0.014705882352941176	0.029411764705882353	0.015375515393900667	150.0	0.4411764705882353	-0.05859379470348358
HER2ST::D	HER2ST_D1_CONTROLLED__reverse	reverse	1	0	mlp64_32	0.0	136	109	68	0.0	0.0	0.0	0.015534804703470188	125.0	0.35294117647058826	-0.05275488644838333
HER2ST::D	HER2ST_D1_CONTROLLED__reverse	reverse	1	0	mlp128_64_32	0.0	136	109	68	0.0	0.0	0.014705882352941176	0.01259234324885523	111.5	0.5	-0.1150701567530632
HER2ST::D	HER2ST_D1_CONTROLLED__reverse	reverse	1	0	linear32	0.5	136	109	68	0.0	0.0	0.0	0.015255651538416381	134.5	0.38235294117647056	0.0014919323148205876
HER2ST::D	HER2ST_D1_CONTROLLED__reverse	reverse	1	0	mlp64_32	0.5	136	109	68	0.0	0.0	0.0	0.010749844590783856	143.0	0.5441176470588235	-0.10258843004703522
HER2ST::D	HER2ST_D1_CONTROLLED__reverse	reverse	1	0	mlp128_64_32	0.5	136	109	68	0.0	0.0	0.04411764705882353	0.01489234471907823	134.0	0.4852941176470588	-0.11646953970193863
HER2ST::D	HER2ST_D1_CONTROLLED__reverse	reverse	1	0	linear32	1.0	136	109	68	0.0	0.04411764705882353	0.058823529411764705	0.029274771453251847	115.5	0.45588235294117646	0.04923006147146225
HER2ST::D	HER2ST_D1_CONTROLLED__reverse	reverse	1	0	mlp64_32	1.0	136	109	68	0.0	0.0	0.014705882352941176	0.013149908770390623	149.0	0.5147058823529411	-0.028255704790353775
HER2ST::D	HER2ST_D1_CONTROLLED__reverse	reverse	1	0	mlp128_64_32	1.0	136	109	68	0.0	0.0	0.0	0.014492856162739506	122.0	0.5	-0.03332561254501343
HER2ST::D	HER2ST_D1_CONTROLLED__reverse	reverse	1	1	linear32	0.0	136	109	68	0.0	0.0	0.014705882352941176	0.012168803135927967	129.5	0.5147058823529411	-0.04525100439786911
HER2ST::D	HER2ST_D1_CONTROLLED__reverse	reverse	1	1	mlp64_32	0.0	136	109	68	0.0	0.0	0.0	0.01268554942919436	160.0	0.39705882352941174	-0.07020467519760132
HER2ST::D	HER2ST_D1_CONTROLLED__reverse	reverse	1	1	mlp128_64_32	0.0	136	109	68	0.0	0.029411764705882353	0.04411764705882353	0.017611215444929895	139.5	0.45588235294117646	-0.15486644208431244
HER2ST::D	HER2ST_D1_CONTROLLED__reverse	reverse	1	1	linear32	0.5	136	109	68	0.014705882352941176	0.04411764705882353	0.04411764705882353	0.039080612122957166	104.0	0.36764705882352944	0.0500776506960392
HER2ST::D	HER2ST_D1_CONTROLLED__reverse	reverse	1	1	mlp64_32	0.5	136	109	68	0.0	0.0	0.014705882352941176	0.01713364482199579	134.0	0.5588235294117647	-0.030161738395690918
HER2ST::D	HER2ST_D1_CONTROLLED__reverse	reverse	1	1	mlp128_64_32	0.5	136	109	68	0.0	0.0	0.029411764705882353	0.015400981901915379	148.0	0.4264705882352941	-0.13268953561782837
HER2ST::D	HER2ST_D1_CONTROLLED__reverse	reverse	1	1	linear32	1.0	136	109	68	0.0	0.014705882352941176	0.07352941176470588	0.026446388592426612	115.5	0.5588235294117647	0.06551254540681839
HER2ST::D	HER2ST_D1_CONTROLLED__reverse	reverse	1	1	mlp64_32	1.0	136	109	68	0.0	0.014705882352941176	0.058823529411764705	0.024602849717875134	126.5	0.4852941176470588	-0.015297637321054935
HER2ST::D	HER2ST_D1_CONTROLLED__reverse	reverse	1	1	mlp128_64_32	1.0	136	109	68	0.0	0.0	0.0	0.013378292310023849	130.0	0.47058823529411764	-0.08137071132659912
HER2ST::D	HER2ST_D1_CONTROLLED__reverse	reverse	2	0	linear32	0.0	128	103	76	0.0	0.013157894736842105	0.02631578947368421	0.02323610799772149	114.5	0.4868421052631579	0.01680375076830387
HER2ST::D	HER2ST_D1_CONTROLLED__reverse	reverse	2	0	mlp64_32	0.0	128	103	76	0.0	0.02631578947368421	0.07894736842105263	0.025150209275714208	125.5	0.5131578947368421	-0.026026662439107895
HER2ST::D	HER2ST_D1_CONTROLLED__reverse	reverse	2	0	mlp128_64_32	0.0	128	103	76	0.0	0.013157894736842105	0.05263157894736842	0.019718329055997148	122.5	0.5526315789473685	-0.0564488060772419
HER2ST::D	HER2ST_D1_CONTROLLED__reverse	reverse	2	0	linear32	0.5	128	103	76	0.0	0.013157894736842105	0.05263157894736842	0.0205604502460804	124.0	0.5394736842105263	0.008434002287685871
HER2ST::D	HER2ST_D1_CONTROLLED__reverse	reverse	2	0	mlp64_32	0.5	128	103	76	0.013157894736842105	0.039473684210526314	0.039473684210526314	0.03447746805998262	123.5	0.5526315789473685	-0.05464687570929527
HER2ST::D	HER2ST_D1_CONTROLLED__reverse	reverse	2	0	mlp128_64_32	0.5	128	103	76	0.0	0.02631578947368421	0.05263157894736842	0.023640214495917276	101.5	0.5921052631578947	-0.03750595822930336
HER2ST::D	HER2ST_D1_CONTROLLED__reverse	reverse	2	0	linear32	1.0	128	103	76	0.0	0.039473684210526314	0.07894736842105263	0.03287607686539512	97.0	0.6447368421052632	0.0795215591788292
HER2ST::D	HER2ST_D1_CONTROLLED__reverse	reverse	2	0	mlp64_32	1.0	128	103	76	0.013157894736842105	0.02631578947368421	0.06578947368421052	0.03609282667407652	83.0	0.5657894736842105	0.03494338318705559
HER2ST::D	HER2ST_D1_CONTROLLED__reverse	reverse	2	0	mlp128_64_32	1.0	128	103	76	0.0	0.0	0.0	0.01444904825025961	118.5	0.5394736842105263	-0.020501064136624336
HER2ST::D	HER2ST_D1_CONTROLLED__reverse	reverse	2	1	linear32	0.0	128	103	76	0.0	0.02631578947368421	0.06578947368421052	0.029381223970901833	100.5	0.5526315789473685	0.023535097017884254
HER2ST::D	HER2ST_D1_CONTROLLED__reverse	reverse	2	1	mlp64_32	0.0	128	103	76	0.0	0.02631578947368421	0.05263157894736842	0.025098313592429363	118.5	0.4342105263157895	-0.03297560289502144
HER2ST::D	HER2ST_D1_CONTROLLED__reverse	reverse	2	1	mlp128_64_32	0.0	128	103	76	0.0	0.013157894736842105	0.05263157894736842	0.01937824303851167	131.0	0.5	-0.10672156512737274
HER2ST::D	HER2ST_D1_CONTROLLED__reverse	reverse	2	1	linear32	0.5	128	103	76	0.0	0.013157894736842105	0.05263157894736842	0.023888570330233956	135.5	0.5789473684210527	0.011746571399271488
HER2ST::D	HER2ST_D1_CONTROLLED__reverse	reverse	2	1	mlp64_32	0.5	128	103	76	0.0	0.013157894736842105	0.02631578947368421	0.016641897188969624	134.0	0.631578947368421	-0.042176198214292526
HER2ST::D	HER2ST_D1_CONTROLLED__reverse	reverse	2	1	mlp128_64_32	0.5	128	103	76	0.0	0.013157894736842105	0.013157894736842105	0.017701630890543673	128.5	0.5921052631578947	-0.1030254140496254
HER2ST::D	HER2ST_D1_CONTROLLED__reverse	reverse	2	1	linear32	1.0	128	103	76	0.0	0.02631578947368421	0.05263157894736842	0.029591037547364345	119.5	0.5657894736842105	0.02641882374882698
HER2ST::D	HER2ST_D1_CONTROLLED__reverse	reverse	2	1	mlp64_32	1.0	128	103	76	0.0	0.013157894736842105	0.039473684210526314	0.022201675698053164	116.0	0.5263157894736842	-0.006074666511267424
HER2ST::D	HER2ST_D1_CONTROLLED__reverse	reverse	2	1	mlp128_64_32	1.0	128	103	76	0.0	0.0	0.0	0.01478688502666781	131.5	0.6578947368421053	-0.04524412378668785
HER2ST::E	HER2ST_E1_CONTROLLED	forward	0	0	linear32	0.0	254	204	173	0.0	0.011560693641618497	0.05202312138728324	0.0144684629641514	217.0	0.5202312138728323	-0.0028518487233668566
HER2ST::E	HER2ST_E1_CONTROLLED	forward	0	0	mlp64_32	0.0	254	204	173	0.005780346820809248	0.023121387283236993	0.03468208092485549	0.020211289248827764	213.0	0.5606936416184971	-0.049501821398735046
HER2ST::E	HER2ST_E1_CONTROLLED	forward	0	0	mlp128_64_32	0.0	254	204	173	0.0	0.005780346820809248	0.017341040462427744	0.013502723583027574	211.0	0.5838150289017341	-0.08070138096809387
HER2ST::E	HER2ST_E1_CONTROLLED	forward	0	0	linear32	0.5	254	204	173	0.0	0.005780346820809248	0.011560693641618497	0.010373893926478576	196.0	0.5722543352601156	0.016687829047441483
HER2ST::E	HER2ST_E1_CONTROLLED	forward	0	0	mlp64_32	0.5	254	204	173	0.0	0.0	0.0	0.007850180579956323	226.0	0.5028901734104047	-0.07500441372394562
HER2ST::E	HER2ST_E1_CONTROLLED	forward	0	0	mlp128_64_32	0.5	254	204	173	0.0	0.0	0.0	0.009232805935236224	239.0	0.5664739884393064	-0.10985545068979263
HER2ST::E	HER2ST_E1_CONTROLLED	forward	0	0	linear32	1.0	254	204	173	0.0	0.005780346820809248	0.011560693641618497	0.011879197708871216	221.0	0.5895953757225434	-0.0019183660624548793
HER2ST::E	HER2ST_E1_CONTROLLED	forward	0	0	mlp64_32	1.0	254	204	173	0.0	0.005780346820809248	0.011560693641618497	0.01236184754807097	245.0	0.5202312138728323	-0.04933598265051842
HER2ST::E	HER2ST_E1_CONTROLLED	forward	0	0	mlp128_64_32	1.0	254	204	173	0.0	0.005780346820809248	0.011560693641618497	0.009397667021755561	249.0	0.5780346820809249	-0.10794752091169357
HER2ST::E	HER2ST_E1_CONTROLLED	forward	0	1	linear32	0.0	254	204	173	0.0	0.023121387283236993	0.028901734104046242	0.01927969144776159	203.0	0.5433526011560693	-0.005563248880207539
HER2ST::E	HER2ST_E1_CONTROLLED	forward	0	1	mlp64_32	0.0	254	204	173	0.0	0.005780346820809248	0.005780346820809248	0.01033450587516207	243.0	0.6127167630057804	-0.08531802892684937
HER2ST::E	HER2ST_E1_CONTROLLED	forward	0	1	mlp128_64_32	0.0	254	204	173	0.005780346820809248	0.005780346820809248	0.017341040462427744	0.016697998564475732	203.0	0.6127167630057804	-0.05411088094115257
HER2ST::E	HER2ST_E1_CONTROLLED	forward	0	1	linear32	0.5	254	204	173	0.0	0.011560693641618497	0.023121387283236993	0.01314702779936129	207.0	0.5144508670520231	0.015620469115674496
HER2ST::E	HER2ST_E1_CONTROLLED	forward	0	1	mlp64_32	0.5	254	204	173	0.005780346820809248	0.011560693641618497	0.011560693641618497	0.015171068775130615	235.0	0.5086705202312138	-0.05907364562153816
HER2ST::E	HER2ST_E1_CONTROLLED	forward	0	1	mlp128_64_32	0.5	254	204	173	0.0	0.005780346820809248	0.017341040462427744	0.010116017432133978	205.0	0.5953757225433526	-0.06086953729391098
HER2ST::E	HER2ST_E1_CONTROLLED	forward	0	1	linear32	1.0	254	204	173	0.005780346820809248	0.017341040462427744	0.03468208092485549	0.021207089008465914	199.0	0.6242774566473989	0.012608307413756847
HER2ST::E	HER2ST_E1_CONTROLLED	forward	0	1	mlp64_32	1.0	254	204	173	0.0	0.005780346820809248	0.017341040462427744	0.01149238270605195	249.0	0.5953757225433526	-0.05534224584698677
HER2ST::E	HER2ST_E1_CONTROLLED	forward	0	1	mlp128_64_32	1.0	254	204	173	0.0	0.0	0.005780346820809248	0.009365156415549606	200.0	0.5664739884393064	-0.014391222037374973
HER2ST::E	HER2ST_E1_CONTROLLED	forward	1	0	linear32	0.0	297	238	130	0.0	0.007692307692307693	0.015384615384615385	0.014037565126094345	198.5	0.5769230769230769	0.006630073767155409
HER2ST::E	HER2ST_E1_CONTROLLED	forward	1	0	mlp64_32	0.0	297	238	130	0.0	0.007692307692307693	0.046153846153846156	0.017551433025020977	216.5	0.6307692307692307	-0.05051914229989052
HER2ST::E	HER2ST_E1_CONTROLLED	forward	1	0	mlp128_64_32	0.0	297	238	130	0.0	0.015384615384615385	0.023076923076923078	0.015770490650262693	208.5	0.5153846153846153	-0.06202495098114014
HER2ST::E	HER2ST_E1_CONTROLLED	forward	1	0	linear32	0.5	297	238	130	0.0	0.015384615384615385	0.023076923076923078	0.013298937275690217	223.0	0.5461538461538461	-0.004046744666993618
HER2ST::E	HER2ST_E1_CONTROLLED	forward	1	0	mlp64_32	0.5	297	238	130	0.007692307692307693	0.015384615384615385	0.015384615384615385	0.019049783961063355	210.0	0.5615384615384615	-0.05314871668815613
HER2ST::E	HER2ST_E1_CONTROLLED	forward	1	0	mlp128_64_32	0.5	297	238	130	0.0	0.0	0.0	0.008969682088146025	260.5	0.5769230769230769	-0.08012917637825012
HER2ST::E	HER2ST_E1_CONTROLLED	forward	1	0	linear32	1.0	297	238	130	0.0	0.015384615384615385	0.038461538461538464	0.016692592907527542	203.5	0.6230769230769231	0.010911541059613228
HER2ST::E	HER2ST_E1_CONTROLLED	forward	1	0	mlp64_32	1.0	297	238	130	0.0	0.007692307692307693	0.023076923076923078	0.015821718771631847	222.0	0.5692307692307692	-0.006934917997568846
HER2ST::E	HER2ST_E1_CONTROLLED	forward	1	0	mlp128_64_32	1.0	297	238	130	0.0	0.0	0.015384615384615385	0.009872779882586901	195.5	0.5461538461538461	0.0038436339236795902
HER2ST::E	HER2ST_E1_CONTROLLED	forward	1	1	linear32	0.0	297	238	130	0.0	0.007692307692307693	0.015384615384615385	0.013707703193406817	181.5	0.5692307692307692	0.008919896557927132
HER2ST::E	HER2ST_E1_CONTROLLED	forward	1	1	mlp64_32	0.0	297	238	130	0.007692307692307693	0.015384615384615385	0.015384615384615385	0.020514837335428682	194.0	0.6384615384615384	0.010038199834525585
HER2ST::E	HER2ST_E1_CONTROLLED	forward	1	1	mlp128_64_32	0.0	297	238	130	0.0	0.023076923076923078	0.03076923076923077	0.017840748112490073	188.5	0.5846153846153846	-0.021856242790818214
HER2ST::E	HER2ST_E1_CONTROLLED	forward	1	1	linear32	0.5	297	238	130	0.007692307692307693	0.023076923076923078	0.046153846153846156	0.02346582372760386	227.5	0.6	0.012609942816197872
HER2ST::E	HER2ST_E1_CONTROLLED	forward	1	1	mlp64_32	0.5	297	238	130	0.0	0.007692307692307693	0.023076923076923078	0.013628277059305647	183.0	0.6615384615384615	-0.02527332678437233
HER2ST::E	HER2ST_E1_CONTROLLED	forward	1	1	mlp128_64_32	0.5	297	238	130	0.0	0.0	0.007692307692307693	0.007610112431537387	212.0	0.5307692307692308	-0.06807824969291687
HER2ST::E	HER2ST_E1_CONTROLLED	forward	1	1	linear32	1.0	297	238	130	0.0	0.023076923076923078	0.038461538461538464	0.01803373370887876	187.0	0.6692307692307692	0.013333809562027454
HER2ST::E	HER2ST_E1_CONTROLLED	forward	1	1	mlp64_32	1.0	297	238	130	0.007692307692307693	0.023076923076923078	0.023076923076923078	0.017787682646464947	248.5	0.5846153846153846	-0.03222162276506424
HER2ST::E	HER2ST_E1_CONTROLLED	forward	1	1	mlp128_64_32	1.0	297	238	130	0.0	0.0	0.007692307692307693	0.008850353542064015	197.0	0.5461538461538461	-0.009268582798540592
HER2ST::E	HER2ST_E1_CONTROLLED	forward	2	0	linear32	0.0	303	243	124	0.0	0.0	0.024193548387096774	0.011520580889160624	225.5	0.4274193548387097	-0.014614888466894627
HER2ST::E	HER2ST_E1_CONTROLLED	forward	2	0	mlp64_32	0.0	303	243	124	0.0	0.0	0.024193548387096774	0.011758705629756215	212.5	0.4596774193548387	-0.020261581987142563
HER2ST::E	HER2ST_E1_CONTROLLED	forward	2	0	mlp128_64_32	0.0	303	243	124	0.0	0.016129032258064516	0.03225806451612903	0.017205418101003116	166.5	0.5161290322580645	-0.016920028254389763
HER2ST::E	HER2ST_E1_CONTROLLED	forward	2	0	linear32	0.5	303	243	124	0.008064516129032258	0.016129032258064516	0.03225806451612903	0.021243364355592154	212.0	0.4596774193548387	0.003326531732454896
HER2ST::E	HER2ST_E1_CONTROLLED	forward	2	0	mlp64_32	0.5	303	243	124	0.0	0.0	0.0	0.010488113370086306	214.5	0.3387096774193548	-0.052929122000932693
HER2ST::E	HER2ST_E1_CONTROLLED	forward	2	0	mlp128_64_32	0.5	303	243	124	0.0	0.0	0.0	0.007602464243494349	226.5	0.43548387096774194	-0.07011912018060684
HER2ST::E	HER2ST_E1_CONTROLLED	forward	2	0	linear32	1.0	303	243	124	0.0	0.0	0.016129032258064516	0.012937372929204233	176.5	0.3951612903225806	0.0362529382109642
HER2ST::E	HER2ST_E1_CONTROLLED	forward	2	0	mlp64_32	1.0	303	243	124	0.0	0.0	0.0	0.008906556066609455	209.0	0.4596774193548387	-0.0320364348590374
HER2ST::E	HER2ST_E1_CONTROLLED	forward	2	0	mlp128_64_32	1.0	303	243	124	0.0	0.0	0.0	0.008607229100914486	221.5	0.47580645161290325	-0.014945398084819317
HER2ST::E	HER2ST_E1_CONTROLLED	forward	2	1	linear32	0.0	303	243	124	0.0	0.024193548387096774	0.024193548387096774	0.016847815322851793	177.0	0.46774193548387094	0.01149008609354496
HER2ST::E	HER2ST_E1_CONTROLLED	forward	2	1	mlp64_32	0.0	303	243	124	0.0	0.008064516129032258	0.024193548387096774	0.013234514703701518	226.5	0.3790322580645161	-0.036575958132743835
HER2ST::E	HER2ST_E1_CONTROLLED	forward	2	1	mlp128_64_32	0.0	303	243	124	0.0	0.024193548387096774	0.04838709677419355	0.02082913856830145	190.0	0.4032258064516129	-0.03181792050600052
HER2ST::E	HER2ST_E1_CONTROLLED	forward	2	1	linear32	0.5	303	243	124	0.0	0.0	0.0	0.0103453852775822	162.5	0.3790322580645161	0.03214452415704727
HER2ST::E	HER2ST_E1_CONTROLLED	forward	2	1	mlp64_32	0.5	303	243	124	0.0	0.016129032258064516	0.024193548387096774	0.012944255701566649	215.5	0.41935483870967744	-0.03143409639596939
HER2ST::E	HER2ST_E1_CONTROLLED	forward	2	1	mlp128_64_32	0.5	303	243	124	0.0	0.024193548387096774	0.024193548387096774	0.017080182486147167	199.5	0.4032258064516129	-0.023790957406163216
HER2ST::E	HER2ST_E1_CONTROLLED	forward	2	1	linear32	1.0	303	243	124	0.0	0.024193548387096774	0.024193548387096774	0.01577732863500944	215.0	0.3790322580645161	0.009081834927201271
HER2ST::E	HER2ST_E1_CONTROLLED	forward	2	1	mlp64_32	1.0	303	243	124	0.0	0.008064516129032258	0.024193548387096774	0.012127511828717557	201.5	0.43548387096774194	-0.015757551416754723
HER2ST::E	HER2ST_E1_CONTROLLED	forward	2	1	mlp128_64_32	1.0	303	243	124	0.0	0.0	0.024193548387096774	0.010081366002851592	245.5	0.4112903225806452	-0.055435262620449066
HER2ST::E	HER2ST_E1_CONTROLLED__reverse	reverse	0	0	linear32	0.0	269	216	158	0.0	0.012658227848101266	0.02531645569620253	0.012296752614098006	297.0	0.569620253164557	-0.005717299412935972
HER2ST::E	HER2ST_E1_CONTROLLED__reverse	reverse	0	0	mlp64_32	0.0	269	216	158	0.0	0.006329113924050633	0.006329113924050633	0.00967361865161132	281.0	0.569620253164557	-0.054208189249038696
HER2ST::E	HER2ST_E1_CONTROLLED__reverse	reverse	0	0	mlp128_64_32	0.0	269	216	158	0.0	0.012658227848101266	0.02531645569620253	0.011746730060714987	267.0	0.5253164556962026	-0.09991583973169327
HER2ST::E	HER2ST_E1_CONTROLLED__reverse	reverse	0	0	linear32	0.5	269	216	158	0.0	0.006329113924050633	0.0189873417721519	0.012215062403902577	273.0	0.5253164556962026	0.0021889640484005213
HER2ST::E	HER2ST_E1_CONTROLLED__reverse	reverse	0	0	mlp64_32	0.5	269	216	158	0.0	0.0	0.006329113924050633	0.007976315977898501	306.0	0.5189873417721519	-0.07192438840866089
HER2ST::E	HER2ST_E1_CONTROLLED__reverse	reverse	0	0	mlp128_64_32	0.5	269	216	158	0.0	0.006329113924050633	0.02531645569620253	0.010775075444335147	295.5	0.5379746835443038	-0.10249561816453934
HER2ST::E	HER2ST_E1_CONTROLLED__reverse	reverse	0	0	linear32	1.0	269	216	158	0.0	0.012658227848101266	0.0189873417721519	0.012616056546624626	254.5	0.5632911392405063	0.004956407472491264
HER2ST::E	HER2ST_E1_CONTROLLED__reverse	reverse	0	0	mlp64_32	1.0	269	216	158	0.0	0.0	0.012658227848101266	0.011072556329732213	250.5	0.5632911392405063	-0.02248169295489788
HER2ST::E	HER2ST_E1_CONTROLLED__reverse	reverse	0	0	mlp128_64_32	1.0	269	216	158	0.0	0.006329113924050633	0.006329113924050633	0.00951243769736072	286.0	0.5759493670886076	-0.0454874113202095
HER2ST::E	HER2ST_E1_CONTROLLED__reverse	reverse	0	1	linear32	0.0	269	216	158	0.006329113924050633	0.0189873417721519	0.0189873417721519	0.017380658816051647	270.0	0.5822784810126582	-0.009812400676310062
HER2ST::E	HER2ST_E1_CONTROLLED__reverse	reverse	0	1	mlp64_32	0.0	269	216	158	0.006329113924050633	0.006329113924050633	0.006329113924050633	0.013323958169042206	290.5	0.5379746835443038	-0.043765872716903687
HER2ST::E	HER2ST_E1_CONTROLLED__reverse	reverse	0	1	mlp128_64_32	0.0	269	216	158	0.0	0.006329113924050633	0.012658227848101266	0.011364307968989917	276.0	0.5822784810126582	-0.08319311589002609
HER2ST::E	HER2ST_E1_CONTROLLED__reverse	reverse	0	1	linear32	0.5	269	216	158	0.0	0.006329113924050633	0.0189873417721519	0.009751262141230876	299.0	0.4620253164556962	-0.019478293135762215
HER2ST::E	HER2ST_E1_CONTROLLED__reverse	reverse	0	1	mlp64_32	0.5	269	216	158	0.0	0.006329113924050633	0.012658227848101266	0.011174822379689624	315.0	0.4810126582278481	-0.03863145038485527
HER2ST::E	HER2ST_E1_CONTROLLED__reverse	reverse	0	1	mlp128_64_32	0.5	269	216	158	0.0	0.006329113924050633	0.006329113924050633	0.008875064041146291	297.5	0.5316455696202531	-0.09646271914243698
HER2ST::E	HER2ST_E1_CONTROLLED__reverse	reverse	0	1	linear32	1.0	269	216	158	0.006329113924050633	0.012658227848101266	0.03164556962025317	0.017587807169284663	279.0	0.5253164556962026	0.005292071495205164
HER2ST::E	HER2ST_E1_CONTROLLED__reverse	reverse	0	1	mlp64_32	1.0	269	216	158	0.0	0.006329113924050633	0.012658227848101266	0.009176339459501023	271.5	0.5379746835443038	-0.05282771587371826
HER2ST::E	HER2ST_E1_CONTROLLED__reverse	reverse	0	1	mlp128_64_32	1.0	269	216	158	0.0	0.0	0.0	0.005329854960749908	295.5	0.569620253164557	-0.10714785754680634
HER2ST::E	HER2ST_E1_CONTROLLED__reverse	reverse	1	0	linear32	0.0	294	236	133	0.0	0.015037593984962405	0.015037593984962405	0.013441644729048657	280.0	0.6466165413533834	0.011160764843225479
HER2ST::E	HER2ST_E1_CONTROLLED__reverse	reverse	1	0	mlp64_32	0.0	294	236	133	0.0	0.0	0.022556390977443608	0.009839723040185263	323.0	0.6466165413533834	-0.08165132999420166
HER2ST::E	HER2ST_E1_CONTROLLED__reverse	reverse	1	0	mlp128_64_32	0.0	294	236	133	0.0	0.0	0.0	0.006767084339096016	275.0	0.5864661654135338	-0.08947019279003143
HER2ST::E	HER2ST_E1_CONTROLLED__reverse	reverse	1	0	linear32	0.5	294	236	133	0.007518796992481203	0.015037593984962405	0.022556390977443608	0.019028778465237144	285.0	0.6390977443609023	-0.0006872329977340996
HER2ST::E	HER2ST_E1_CONTROLLED__reverse	reverse	1	0	mlp64_32	0.5	294	236	133	0.0	0.007518796992481203	0.015037593984962405	0.010640142003005454	207.0	0.6015037593984962	-0.007210678420960903
HER2ST::E	HER2ST_E1_CONTROLLED__reverse	reverse	1	0	mlp128_64_32	0.5	294	236	133	0.007518796992481203	0.015037593984962405	0.022556390977443608	0.017245264439135807	279.0	0.6691729323308271	-0.06332743912935257
HER2ST::E	HER2ST_E1_CONTROLLED__reverse	reverse	1	0	linear32	1.0	294	236	133	0.0	0.007518796992481203	0.007518796992481203	0.011873700129667918	266.0	0.6090225563909775	-0.002077850280329585
HER2ST::E	HER2ST_E1_CONTROLLED__reverse	reverse	1	0	mlp64_32	1.0	294	236	133	0.0	0.0	0.015037593984962405	0.010388914091674483	225.0	0.6466165413533834	0.012574123218655586
HER2ST::E	HER2ST_E1_CONTROLLED__reverse	reverse	1	0	mlp128_64_32	1.0	294	236	133	0.0	0.007518796992481203	0.022556390977443608	0.0121051725552944	276.0	0.5639097744360902	-0.02721964567899704
HER2ST::E	HER2ST_E1_CONTROLLED__reverse	reverse	1	1	linear32	0.0	294	236	133	0.0	0.007518796992481203	0.015037593984962405	0.010209536829892516	233.0	0.631578947368421	0.015453173778951168
HER2ST::E	HER2ST_E1_CONTROLLED__reverse	reverse	1	1	mlp64_32	0.0	294	236	133	0.0	0.007518796992481203	0.015037593984962405	0.009457808287964924	249.0	0.47368421052631576	-0.03386740759015083
HER2ST::E	HER2ST_E1_CONTROLLED__reverse	reverse	1	1	mlp128_64_32	0.0	294	236	133	0.0	0.0	0.0	0.006622015444959362	259.0	0.5112781954887218	-0.0809420794248581
HER2ST::E	HER2ST_E1_CONTROLLED__reverse	reverse	1	1	linear32	0.5	294	236	133	0.007518796992481203	0.007518796992481203	0.007518796992481203	0.01638687212227178	262.0	0.5789473684210527	-0.009661441668868065
HER2ST::E	HER2ST_E1_CONTROLLED__reverse	reverse	1	1	mlp64_32	0.5	294	236	133	0.0	0.015037593984962405	0.022556390977443608	0.011540114645937186	311.0	0.518796992481203	-0.07778578996658325
HER2ST::E	HER2ST_E1_CONTROLLED__reverse	reverse	1	1	mlp128_64_32	0.5	294	236	133	0.0	0.0	0.007518796992481203	0.007433824949514185	270.0	0.48120300751879697	-0.07095689326524734
HER2ST::E	HER2ST_E1_CONTROLLED__reverse	reverse	1	1	linear32	1.0	294	236	133	0.0	0.015037593984962405	0.03759398496240601	0.015242976162902433	238.0	0.5789473684210527	0.01921999081969261
HER2ST::E	HER2ST_E1_CONTROLLED__reverse	reverse	1	1	mlp64_32	1.0	294	236	133	0.0	0.007518796992481203	0.03007518796992481	0.014375621470450645	265.0	0.5413533834586466	0.0014700714964419603
HER2ST::E	HER2ST_E1_CONTROLLED__reverse	reverse	1	1	mlp128_64_32	1.0	294	236	133	0.0	0.0	0.007518796992481203	0.008352027139282616	259.0	0.47368421052631576	-0.0033000160474330187
HER2ST::E	HER2ST_E1_CONTROLLED__reverse	reverse	2	0	linear32	0.0	291	233	136	0.007352941176470588	0.014705882352941176	0.029411764705882353	0.018069432369342716	254.5	0.47058823529411764	0.009240665473043919
HER2ST::E	HER2ST_E1_CONTROLLED__reverse	reverse	2	0	mlp64_32	0.0	291	233	136	0.0	0.007352941176470588	0.022058823529411766	0.011098800112090123	255.5	0.4632352941176471	-0.016241595149040222
HER2ST::E	HER2ST_E1_CONTROLLED__reverse	reverse	2	0	mlp128_64_32	0.0	291	233	136	0.0	0.0	0.007352941176470588	0.006676294391198541	279.5	0.47058823529411764	-0.0695018619298935
HER2ST::E	HER2ST_E1_CONTROLLED__reverse	reverse	2	0	linear32	0.5	291	233	136	0.0	0.0	0.007352941176470588	0.008785776721258005	261.0	0.47058823529411764	-0.0006376101518981159
HER2ST::E	HER2ST_E1_CONTROLLED__reverse	reverse	2	0	mlp64_32	0.5	291	233	136	0.0	0.007352941176470588	0.022058823529411766	0.012106890358642616	253.0	0.41911764705882354	-0.032441314309835434
HER2ST::E	HER2ST_E1_CONTROLLED__reverse	reverse	2	0	mlp128_64_32	0.5	291	233	136	0.007352941176470588	0.007352941176470588	0.022058823529411766	0.01808980382494003	263.0	0.3161764705882353	-0.03296758979558945
HER2ST::E	HER2ST_E1_CONTROLLED__reverse	reverse	2	0	linear32	1.0	291	233	136	0.014705882352941176	0.022058823529411766	0.029411764705882353	0.025727794961541303	248.5	0.41911764705882354	0.009881117381155491
HER2ST::E	HER2ST_E1_CONTROLLED__reverse	reverse	2	0	mlp64_32	1.0	291	233	136	0.0	0.0	0.014705882352941176	0.00967822990897507	251.5	0.375	-0.033901527523994446
HER2ST::E	HER2ST_E1_CONTROLLED__reverse	reverse	2	0	mlp128_64_32	1.0	291	233	136	0.0	0.0	0.007352941176470588	0.007563400402519995	284.5	0.3897058823529412	-0.06470529735088348
HER2ST::E	HER2ST_E1_CONTROLLED__reverse	reverse	2	1	linear32	0.0	291	233	136	0.0	0.007352941176470588	0.014705882352941176	0.010073193079741978	278.0	0.5147058823529411	-0.003493634983897209
HER2ST::E	HER2ST_E1_CONTROLLED__reverse	reverse	2	1	mlp64_32	0.0	291	233	136	0.0	0.0	0.014705882352941176	0.008209888990910857	263.0	0.4632352941176471	-0.05519519001245499
HER2ST::E	HER2ST_E1_CONTROLLED__reverse	reverse	2	1	mlp128_64_32	0.0	291	233	136	0.0	0.007352941176470588	0.007352941176470588	0.008659294434945538	323.5	0.36764705882352944	-0.14711681008338928
HER2ST::E	HER2ST_E1_CONTROLLED__reverse	reverse	2	1	linear32	0.5	291	233	136	0.0	0.0	0.022058823529411766	0.010236366423687648	290.5	0.41911764705882354	-0.003400682471692562
HER2ST::E	HER2ST_E1_CONTROLLED__reverse	reverse	2	1	mlp64_32	0.5	291	233	136	0.0	0.0	0.014705882352941176	0.008721059275596264	259.0	0.4117647058823529	-0.03705376014113426
HER2ST::E	HER2ST_E1_CONTROLLED__reverse	reverse	2	1	mlp128_64_32	0.5	291	233	136	0.0	0.007352941176470588	0.007352941176470588	0.008891902593380402	292.0	0.4411764705882353	-0.10302040725946426
HER2ST::E	HER2ST_E1_CONTROLLED__reverse	reverse	2	1	linear32	1.0	291	233	136	0.0	0.0	0.014705882352941176	0.010499672062108735	254.0	0.4852941176470588	-0.00738836033269763
HER2ST::E	HER2ST_E1_CONTROLLED__reverse	reverse	2	1	mlp64_32	1.0	291	233	136	0.0	0.0	0.0	0.0077902399435154515	265.5	0.4338235294117647	-0.026052359491586685
HER2ST::E	HER2ST_E1_CONTROLLED__reverse	reverse	2	1	mlp128_64_32	1.0	291	233	136	0.0	0.0	0.0	0.006483380369671815	263.0	0.4264705882352941	-0.036889661103487015
HER2ST::F	HER2ST_F1_CONTROLLED	forward	0	0	linear32	0.0	340	272	187	0.0053475935828877	0.0106951871657754	0.016042780748663103	0.014910576579612238	250.0	0.9411764705882353	0.011798257008194923
HER2ST::F	HER2ST_F1_CONTROLLED	forward	0	0	mlp64_32	0.0	340	272	187	0.0053475935828877	0.0106951871657754	0.016042780748663103	0.015045406855837025	236.0	0.9037433155080213	-0.019125644117593765
HER2ST::F	HER2ST_F1_CONTROLLED	forward	0	0	mlp128_64_32	0.0	340	272	187	0.0	0.0	0.0106951871657754	0.009032150487121774	223.0	0.9518716577540107	-0.04168897867202759
HER2ST::F	HER2ST_F1_CONTROLLED	forward	0	0	linear32	0.5	340	272	187	0.0053475935828877	0.0213903743315508	0.026737967914438502	0.016771531944975288	277.0	0.8983957219251337	-0.003255860647186637
HER2ST::F	HER2ST_F1_CONTROLLED	forward	0	0	mlp64_32	0.5	340	272	187	0.0053475935828877	0.0053475935828877	0.0213903743315508	0.013890513115726465	268.0	0.9090909090909091	-0.02636539749801159
HER2ST::F	HER2ST_F1_CONTROLLED	forward	0	0	mlp128_64_32	0.5	340	272	187	0.0	0.0	0.0106951871657754	0.007900890393841837	271.0	0.8877005347593583	-0.05292585864663124
HER2ST::F	HER2ST_F1_CONTROLLED	forward	0	0	linear32	1.0	340	272	187	0.0106951871657754	0.026737967914438502	0.0374331550802139	0.025454653683544607	269.0	0.9358288770053476	-2.94376823148923e-05
HER2ST::F	HER2ST_F1_CONTROLLED	forward	0	0	mlp64_32	1.0	340	272	187	0.0053475935828877	0.0053475935828877	0.0053475935828877	0.012378160138690999	278.0	0.8823529411764706	-0.026538226753473282
HER2ST::F	HER2ST_F1_CONTROLLED	forward	0	0	mlp128_64_32	1.0	340	272	187	0.0	0.0	0.0053475935828877	0.007838810508288324	273.0	0.9197860962566845	-0.018081748858094215
HER2ST::F	HER2ST_F1_CONTROLLED	forward	0	1	linear32	0.0	340	272	187	0.0	0.0	0.0053475935828877	0.008772988037464893	268.0	0.9090909090909091	-0.0015231029829010367
HER2ST::F	HER2ST_F1_CONTROLLED	forward	0	1	mlp64_32	0.0	340	272	187	0.0	0.0106951871657754	0.03208556149732621	0.015202093540715911	251.0	0.9358288770053476	-0.008090706542134285
HER2ST::F	HER2ST_F1_CONTROLLED	forward	0	1	mlp128_64_32	0.0	340	272	187	0.0	0.0053475935828877	0.0106951871657754	0.00953801629045057	250.0	0.9144385026737968	-0.03379998728632927
HER2ST::F	HER2ST_F1_CONTROLLED	forward	0	1	linear32	0.5	340	272	187	0.0106951871657754	0.0106951871657754	0.0213903743315508	0.019757509264816727	263.0	0.9090909090909091	0.00588106969371438
HER2ST::F	HER2ST_F1_CONTROLLED	forward	0	1	mlp64_32	0.5	340	272	187	0.0	0.0106951871657754	0.0213903743315508	0.014304351546099197	248.0	0.9197860962566845	-0.016563639044761658
HER2ST::F	HER2ST_F1_CONTROLLED	forward	0	1	mlp128_64_32	0.5	340	272	187	0.0	0.0106951871657754	0.016042780748663103	0.01196189032909061	244.0	0.8877005347593583	-0.020796561613678932
HER2ST::F	HER2ST_F1_CONTROLLED	forward	0	1	linear32	1.0	340	272	187	0.0	0.0053475935828877	0.0106951871657754	0.008367779342464469	261.0	0.9037433155080213	-0.0019813585095107555
HER2ST::F	HER2ST_F1_CONTROLLED	forward	0	1	mlp64_32	1.0	340	272	187	0.0	0.0053475935828877	0.026737967914438502	0.011768586435354646	289.0	0.93048128342246	-0.03412875905632973
HER2ST::F	HER2ST_F1_CONTROLLED	forward	0	1	mlp128_64_32	1.0	340	272	187	0.0	0.0	0.0053475935828877	0.0066485711330098365	297.0	0.9251336898395722	-0.0445978045463562
HER2ST::F	HER2ST_F1_CONTROLLED	forward	1	0	linear32	0.0	335	268	192	0.0	0.010416666666666666	0.03125	0.012124970537599996	254.5	0.8541666666666666	0.01052012201398611
HER2ST::F	HER2ST_F1_CONTROLLED	forward	1	0	mlp64_32	0.0	335	268	192	0.0	0.015625	0.03125	0.014522530529090735	279.0	0.8697916666666666	-0.03432948514819145
HER2ST::F	HER2ST_F1_CONTROLLED	forward	1	0	mlp128_64_32	0.0	335	268	192	0.005208333333333333	0.010416666666666666	0.020833333333333332	0.014500850820868202	265.5	0.8385416666666666	-0.09717763215303421
HER2ST::F	HER2ST_F1_CONTROLLED	forward	1	0	linear32	0.5	335	268	192	0.005208333333333333	0.005208333333333333	0.010416666666666666	0.013582498960426357	270.5	0.828125	-0.002071245340630412
HER2ST::F	HER2ST_F1_CONTROLLED	forward	1	0	mlp64_32	0.5	335	268	192	0.005208333333333333	0.005208333333333333	0.010416666666666666	0.012004904490492534	328.0	0.859375	-0.08490326255559921
HER2ST::F	HER2ST_F1_CONTROLLED	forward	1	0	mlp128_64_32	0.5	335	268	192	0.005208333333333333	0.005208333333333333	0.015625	0.013320418147925126	283.0	0.8645833333333334	-0.0713990330696106
HER2ST::F	HER2ST_F1_CONTROLLED	forward	1	0	linear32	1.0	335	268	192	0.0	0.0	0.010416666666666666	0.008549763989007897	241.5	0.8697916666666666	0.02606729231774807
HER2ST::F	HER2ST_F1_CONTROLLED	forward	1	0	mlp64_32	1.0	335	268	192	0.0	0.005208333333333333	0.010416666666666666	0.010083515250367157	265.0	0.8333333333333334	-0.018382059410214424
HER2ST::F	HER2ST_F1_CONTROLLED	forward	1	0	mlp128_64_32	1.0	335	268	192	0.0	0.0	0.0	0.006728386708224446	239.5	0.890625	-0.012490333057940006
HER2ST::F	HER2ST_F1_CONTROLLED	forward	1	1	linear32	0.0	335	268	192	0.0	0.005208333333333333	0.020833333333333332	0.011292395692072412	227.0	0.890625	0.0184004083275795
HER2ST::F	HER2ST_F1_CONTROLLED	forward	1	1	mlp64_32	0.0	335	268	192	0.0	0.0	0.010416666666666666	0.008757473009599672	253.5	0.8697916666666666	-0.027363335713744164
HER2ST::F	HER2ST_F1_CONTROLLED	forward	1	1	mlp128_64_32	0.0	335	268	192	0.0	0.015625	0.026041666666666668	0.01626870927957599	249.5	0.8854166666666666	-0.049864549189805984
HER2ST::F	HER2ST_F1_CONTROLLED	forward	1	1	linear32	0.5	335	268	192	0.005208333333333333	0.020833333333333332	0.026041666666666668	0.01730922081924384	239.0	0.8802083333333334	0.014268684200942516
HER2ST::F	HER2ST_F1_CONTROLLED	forward	1	1	mlp64_32	0.5	335	268	192	0.0	0.005208333333333333	0.010416666666666666	0.010434494779853962	262.0	0.8958333333333334	-0.03048146329820156
HER2ST::F	HER2ST_F1_CONTROLLED	forward	1	1	mlp128_64_32	0.5	335	268	192	0.0	0.005208333333333333	0.020833333333333332	0.010023357553983692	287.0	0.8958333333333334	-0.07276099175214767
HER2ST::F	HER2ST_F1_CONTROLLED	forward	1	1	linear32	1.0	335	268	192	0.0	0.005208333333333333	0.026041666666666668	0.014341969070565478	256.0	0.8489583333333334	0.02521519921720028
HER2ST::F	HER2ST_F1_CONTROLLED	forward	1	1	mlp64_32	1.0	335	268	192	0.0	0.0	0.005208333333333333	0.008812648012004758	257.0	0.875	-0.03114575892686844
HER2ST::F	HER2ST_F1_CONTROLLED	forward	1	1	mlp128_64_32	1.0	335	268	192	0.005208333333333333	0.010416666666666666	0.010416666666666666	0.013661321806123455	294.5	0.875	-0.043480437248945236
HER2ST::F	HER2ST_F1_CONTROLLED	forward	2	0	linear32	0.0	379	304	148	0.006756756756756757	0.02027027027027027	0.04054054054054054	0.019803746544946123	263.0	0.8513513513513513	0.003842828329652548
HER2ST::F	HER2ST_F1_CONTROLLED	forward	2	0	mlp64_32	0.0	379	304	148	0.0	0.013513513513513514	0.02027027027027027	0.013046309847588379	245.5	0.8243243243243243	-0.017751419916749
HER2ST::F	HER2ST_F1_CONTROLLED	forward	2	0	mlp128_64_32	0.0	379	304	148	0.0	0.006756756756756757	0.013513513513513514	0.00965798084487589	256.5	0.8243243243243243	-0.05784782022237778
HER2ST::F	HER2ST_F1_CONTROLLED	forward	2	0	linear32	0.5	379	304	148	0.0	0.0	0.013513513513513514	0.009943912566703577	267.5	0.9054054054054054	0.006691399030387402
HER2ST::F	HER2ST_F1_CONTROLLED	forward	2	0	mlp64_32	0.5	379	304	148	0.006756756756756757	0.02027027027027027	0.02702702702702703	0.019291268621112658	257.5	0.7972972972972973	-3.1025425414554775e-05
HER2ST::F	HER2ST_F1_CONTROLLED	forward	2	0	mlp128_64_32	0.5	379	304	148	0.0	0.0	0.006756756756756757	0.008257817325415705	274.5	0.8108108108108109	-0.05712077394127846
HER2ST::F	HER2ST_F1_CONTROLLED	forward	2	0	linear32	1.0	379	304	148	0.0	0.013513513513513514	0.02027027027027027	0.015394957754362788	283.5	0.8513513513513513	-0.01025344803929329
HER2ST::F	HER2ST_F1_CONTROLLED	forward	2	0	mlp64_32	1.0	379	304	148	0.013513513513513514	0.02027027027027027	0.02027027027027027	0.021828927227264417	271.0	0.8378378378378378	-0.020325440913438797
HER2ST::F	HER2ST_F1_CONTROLLED	forward	2	0	mlp128_64_32	1.0	379	304	148	0.006756756756756757	0.006756756756756757	0.02027027027027027	0.015547672489867997	269.5	0.8445945945945946	-0.02329161763191223
HER2ST::F	HER2ST_F1_CONTROLLED	forward	2	1	linear32	0.0	379	304	148	0.0	0.006756756756756757	0.02702702702702703	0.012428432409898023	252.5	0.8243243243243243	0.008793521672487259
HER2ST::F	HER2ST_F1_CONTROLLED	forward	2	1	mlp64_32	0.0	379	304	148	0.006756756756756757	0.013513513513513514	0.013513513513513514	0.016544686903348656	252.5	0.8648648648648649	-0.015558998100459576
HER2ST::F	HER2ST_F1_CONTROLLED	forward	2	1	mlp128_64_32	0.0	379	304	148	0.0	0.006756756756756757	0.013513513513513514	0.010858121850729504	258.5	0.8581081081081081	-0.05471191555261612
HER2ST::F	HER2ST_F1_CONTROLLED	forward	2	1	linear32	0.5	379	304	148	0.0	0.006756756756756757	0.006756756756756757	0.0074082867850110016	285.0	0.8581081081081081	-0.011752846650779247
HER2ST::F	HER2ST_F1_CONTROLLED	forward	2	1	mlp64_32	0.5	379	304	148	0.0	0.0	0.006756756756756757	0.007985350908246888	285.0	0.8513513513513513	-0.04654178023338318
HER2ST::F	HER2ST_F1_CONTROLLED	forward	2	1	mlp128_64_32	0.5	379	304	148	0.0	0.0	0.013513513513513514	0.010187367081386614	285.5	0.8378378378378378	-0.03522539138793945
HER2ST::F	HER2ST_F1_CONTROLLED	forward	2	1	linear32	1.0	379	304	148	0.0	0.013513513513513514	0.02027027027027027	0.013275874009915173	264.0	0.8513513513513513	0.014692501164972782
HER2ST::F	HER2ST_F1_CONTROLLED	forward	2	1	mlp64_32	1.0	379	304	148	0.0	0.013513513513513514	0.02027027027027027	0.01430274255795596	271.0	0.8648648648648649	-0.00800748635083437
HER2ST::F	HER2ST_F1_CONTROLLED	forward	2	1	mlp128_64_32	1.0	379	304	148	0.0	0.02027027027027027	0.0472972972972973	0.01634597823196821	252.0	0.8581081081081081	0.0023920470848679543
HER2ST::F	HER2ST_F1_CONTROLLED__reverse	reverse	0	0	linear32	0.0	348	279	179	0.0	0.00558659217877095	0.0111731843575419	0.009058366945787544	359.0	0.8994413407821229	-0.0009302839753217995
HER2ST::F	HER2ST_F1_CONTROLLED__reverse	reverse	0	0	mlp64_32	0.0	348	279	179	0.00558659217877095	0.00558659217877095	0.0111731843575419	0.012835423594623838	367.0	0.8770949720670391	-0.02851056307554245
HER2ST::F	HER2ST_F1_CONTROLLED__reverse	reverse	0	0	mlp128_64_32	0.0	348	279	179	0.00558659217877095	0.0111731843575419	0.01675977653631285	0.014871314597588484	326.0	0.8547486033519553	-0.05896081402897835
HER2ST::F	HER2ST_F1_CONTROLLED__reverse	reverse	0	0	linear32	0.5	348	279	179	0.0	0.0	0.00558659217877095	0.00672631003889449	327.0	0.8603351955307262	-0.0022282174322754145
HER2ST::F	HER2ST_F1_CONTROLLED__reverse	reverse	0	0	mlp64_32	0.5	348	279	179	0.0	0.0111731843575419	0.0111731843575419	0.009222656687525208	384.0	0.8379888268156425	-0.039656996726989746
HER2ST::F	HER2ST_F1_CONTROLLED__reverse	reverse	0	0	mlp128_64_32	0.5	348	279	179	0.0	0.0	0.0	0.006156148161554423	357.0	0.888268156424581	-0.03684680908918381
HER2ST::F	HER2ST_F1_CONTROLLED__reverse	reverse	0	0	linear32	1.0	348	279	179	0.0	0.01675977653631285	0.01675977653631285	0.010563720957216097	353.0	0.8659217877094972	-0.02046092227101326
HER2ST::F	HER2ST_F1_CONTROLLED__reverse	reverse	0	0	mlp64_32	1.0	348	279	179	0.00558659217877095	0.00558659217877095	0.00558659217877095	0.011662037872575005	324.0	0.9217877094972067	-0.02190116047859192
HER2ST::F	HER2ST_F1_CONTROLLED__reverse	reverse	0	0	mlp128_64_32	1.0	348	279	179	0.00558659217877095	0.0111731843575419	0.01675977653631285	0.013513054526951222	356.0	0.88268156424581	-0.03636595234274864
HER2ST::F	HER2ST_F1_CONTROLLED__reverse	reverse	0	1	linear32	0.0	348	279	179	0.0	0.0	0.0	0.0072361472868798645	370.0	0.8715083798882681	-0.01579674519598484
HER2ST::F	HER2ST_F1_CONTROLLED__reverse	reverse	0	1	mlp64_32	0.0	348	279	179	0.0	0.00558659217877095	0.0111731843575419	0.008756009567944124	325.0	0.8547486033519553	-0.0419778972864151
HER2ST::F	HER2ST_F1_CONTROLLED__reverse	reverse	0	1	mlp128_64_32	0.0	348	279	179	0.0	0.00558659217877095	0.0335195530726257	0.011721289775565672	316.0	0.8994413407821229	-0.05130583420395851
HER2ST::F	HER2ST_F1_CONTROLLED__reverse	reverse	0	1	linear32	0.5	348	279	179	0.0	0.0	0.0111731843575419	0.007900524190442364	327.0	0.8603351955307262	-0.002705077175050974
HER2ST::F	HER2ST_F1_CONTROLLED__reverse	reverse	0	1	mlp64_32	0.5	348	279	179	0.0	0.0	0.0111731843575419	0.008210999764968417	295.0	0.8603351955307262	0.0018441430293023586
HER2ST::F	HER2ST_F1_CONTROLLED__reverse	reverse	0	1	mlp128_64_32	0.5	348	279	179	0.0	0.00558659217877095	0.0111731843575419	0.008046519514679563	306.0	0.8938547486033519	-0.02491326816380024
HER2ST::F	HER2ST_F1_CONTROLLED__reverse	reverse	0	1	linear32	1.0	348	279	179	0.00558659217877095	0.01675977653631285	0.0223463687150838	0.014515057802012944	344.0	0.8715083798882681	-0.01107847224920988
HER2ST::F	HER2ST_F1_CONTROLLED__reverse	reverse	0	1	mlp64_32	1.0	348	279	179	0.0	0.0	0.01675977653631285	0.0077941395299848054	372.0	0.8715083798882681	-0.03248961642384529
HER2ST::F	HER2ST_F1_CONTROLLED__reverse	reverse	0	1	mlp128_64_32	1.0	348	279	179	0.0	0.00558659217877095	0.0111731843575419	0.007841166385673882	373.0	0.9329608938547486	-0.05622563883662224
HER2ST::F	HER2ST_F1_CONTROLLED__reverse	reverse	1	0	linear32	0.0	327	262	200	0.005	0.01	0.015	0.012648148851028461	350.0	0.775	-0.012642770074307919
HER2ST::F	HER2ST_F1_CONTROLLED__reverse	reverse	1	0	mlp64_32	0.0	327	262	200	0.005	0.015	0.015	0.01474446976092855	275.0	0.815	-0.025647800415754318
HER2ST::F	HER2ST_F1_CONTROLLED__reverse	reverse	1	0	mlp128_64_32	0.0	327	262	200	0.0	0.005	0.015	0.010523443579208652	304.0	0.79	-0.043029867112636566
HER2ST::F	HER2ST_F1_CONTROLLED__reverse	reverse	1	0	linear32	0.5	327	262	200	0.0	0.005	0.025	0.01125465235952382	354.5	0.795	0.01612759754061699
HER2ST::F	HER2ST_F1_CONTROLLED__reverse	reverse	1	0	mlp64_32	0.5	327	262	200	0.0	0.005	0.01	0.007196846590055106	375.5	0.82	-0.061792124062776566
HER2ST::F	HER2ST_F1_CONTROLLED__reverse	reverse	1	0	mlp128_64_32	0.5	327	262	200	0.0	0.01	0.01	0.009931848162474494	321.0	0.87	-0.0476495735347271
HER2ST::F	HER2ST_F1_CONTROLLED__reverse	reverse	1	0	linear32	1.0	327	262	200	0.005	0.005	0.025	0.01344766741980663	306.0	0.815	0.01347967516630888
HER2ST::F	HER2ST_F1_CONTROLLED__reverse	reverse	1	0	mlp64_32	1.0	327	262	200	0.005	0.015	0.02	0.015590642145971619	373.0	0.855	-0.016547299921512604
HER2ST::F	HER2ST_F1_CONTROLLED__reverse	reverse	1	0	mlp128_64_32	1.0	327	262	200	0.0	0.005	0.015	0.010117326851291493	337.0	0.855	-0.028609227389097214
HER2ST::F	HER2ST_F1_CONTROLLED__reverse	reverse	1	1	linear32	0.0	327	262	200	0.0	0.005	0.025	0.010339267796939668	325.0	0.8	0.01668604090809822
HER2ST::F	HER2ST_F1_CONTROLLED__reverse	reverse	1	1	mlp64_32	0.0	327	262	200	0.0	0.005	0.005	0.007756093618464772	364.5	0.785	-0.0185376089066267
HER2ST::F	HER2ST_F1_CONTROLLED__reverse	reverse	1	1	mlp128_64_32	0.0	327	262	200	0.0	0.0	0.0	0.005225775206048371	338.5	0.79	-0.1097368523478508
HER2ST::F	HER2ST_F1_CONTROLLED__reverse	reverse	1	1	linear32	0.5	327	262	200	0.005	0.02	0.025	0.01845197931625995	298.0	0.785	0.012087127193808556
HER2ST::F	HER2ST_F1_CONTROLLED__reverse	reverse	1	1	mlp64_32	0.5	327	262	200	0.0	0.005	0.02	0.00963728122115765	345.5	0.815	-0.05941325053572655
HER2ST::F	HER2ST_F1_CONTROLLED__reverse	reverse	1	1	mlp128_64_32	0.5	327	262	200	0.0	0.01	0.015	0.010359402284129394	350.5	0.83	-0.07013136148452759
HER2ST::F	HER2ST_F1_CONTROLLED__reverse	reverse	1	1	linear32	1.0	327	262	200	0.0	0.0	0.015	0.007438794758700307	337.0	0.81	0.012601446360349655
HER2ST::F	HER2ST_F1_CONTROLLED__reverse	reverse	1	1	mlp64_32	1.0	327	262	200	0.0	0.01	0.01	0.008882903997184754	338.5	0.79	-0.017078546807169914
HER2ST::F	HER2ST_F1_CONTROLLED__reverse	reverse	1	1	mlp128_64_32	1.0	327	262	200	0.0	0.0	0.0	0.005740999651490476	349.5	0.85	-0.03871850669384003
HER2ST::F	HER2ST_F1_CONTROLLED__reverse	reverse	2	0	linear32	0.0	379	304	148	0.006756756756756757	0.013513513513513514	0.02702702702702703	0.016546674304870158	334.0	0.8175675675675675	0.009802106767892838
HER2ST::F	HER2ST_F1_CONTROLLED__reverse	reverse	2	0	mlp64_32	0.0	379	304	148	0.006756756756756757	0.02702702702702703	0.02702702702702703	0.020870254027733477	296.0	0.7837837837837838	-0.009634947404265404
HER2ST::F	HER2ST_F1_CONTROLLED__reverse	reverse	2	0	mlp128_64_32	0.0	379	304	148	0.0	0.0	0.013513513513513514	0.008474939269050666	319.0	0.8445945945945946	-0.07430925965309143
HER2ST::F	HER2ST_F1_CONTROLLED__reverse	reverse	2	0	linear32	0.5	379	304	148	0.0	0.013513513513513514	0.02702702702702703	0.011820723667541026	319.0	0.8175675675675675	0.009566564112901688
HER2ST::F	HER2ST_F1_CONTROLLED__reverse	reverse	2	0	mlp64_32	0.5	379	304	148	0.0	0.006756756756756757	0.013513513513513514	0.008839840382816258	297.5	0.8581081081081081	-0.008630192838609219
HER2ST::F	HER2ST_F1_CONTROLLED__reverse	reverse	2	0	mlp128_64_32	0.5	379	304	148	0.0	0.006756756756756757	0.02702702702702703	0.010804775438231875	329.0	0.8040540540540541	-0.05984088405966759
HER2ST::F	HER2ST_F1_CONTROLLED__reverse	reverse	2	0	linear32	1.0	379	304	148	0.0	0.006756756756756757	0.033783783783783786	0.011098201701790994	299.5	0.8040540540540541	0.03453070670366287
HER2ST::F	HER2ST_F1_CONTROLLED__reverse	reverse	2	0	mlp64_32	1.0	379	304	148	0.0	0.0	0.013513513513513514	0.00956296514696044	301.0	0.8445945945945946	0.001603580778464675
HER2ST::F	HER2ST_F1_CONTROLLED__reverse	reverse	2	0	mlp128_64_32	1.0	379	304	148	0.0	0.0	0.0	0.005375560529135623	370.5	0.8716216216216216	-0.05830511450767517
HER2ST::F	HER2ST_F1_CONTROLLED__reverse	reverse	2	1	linear32	0.0	379	304	148	0.0	0.0	0.013513513513513514	0.008772320216576548	285.0	0.8445945945945946	0.022012948989868164
HER2ST::F	HER2ST_F1_CONTROLLED__reverse	reverse	2	1	mlp64_32	0.0	379	304	148	0.0	0.0	0.006756756756756757	0.006589687438721132	384.0	0.8243243243243243	-0.04219311475753784
HER2ST::F	HER2ST_F1_CONTROLLED__reverse	reverse	2	1	mlp128_64_32	0.0	379	304	148	0.0	0.006756756756756757	0.02027027027027027	0.01143881061332502	323.0	0.8108108108108109	-0.060130756348371506
HER2ST::F	HER2ST_F1_CONTROLLED__reverse	reverse	2	1	linear32	0.5	379	304	148	0.0	0.0	0.0	0.007128762083922192	314.5	0.8243243243243243	0.010697873309254646
HER2ST::F	HER2ST_F1_CONTROLLED__reverse	reverse	2	1	mlp64_32	0.5	379	304	148	0.006756756756756757	0.013513513513513514	0.02027027027027027	0.015124079901908389	321.5	0.8108108108108109	-0.01376587338745594
HER2ST::F	HER2ST_F1_CONTROLLED__reverse	reverse	2	1	mlp128_64_32	0.5	379	304	148	0.0	0.0	0.0	0.006845047013874192	321.5	0.8175675675675675	-0.0632406696677208
HER2ST::F	HER2ST_F1_CONTROLLED__reverse	reverse	2	1	linear32	1.0	379	304	148	0.0	0.02027027027027027	0.02702702702702703	0.015386557005268637	340.5	0.8445945945945946	0.011358428746461868
HER2ST::F	HER2ST_F1_CONTROLLED__reverse	reverse	2	1	mlp64_32	1.0	379	304	148	0.006756756756756757	0.006756756756756757	0.013513513513513514	0.013184241543436276	300.5	0.8175675675675675	-0.0012486182386055589
HER2ST::F	HER2ST_F1_CONTROLLED__reverse	reverse	2	1	mlp128_64_32	1.0	379	304	148	0.0	0.0	0.006756756756756757	0.00753532607881477	338.5	0.8513513513513513	-0.03762248530983925
HER2ST::G	HER2ST_G2_CONTROLLED	forward	0	0	linear32	0.0	203	163	119	0.0	0.01680672268907563	0.01680672268907563	0.014996493354174887	158.0	0.37815126050420167	-0.013169248588383198
HER2ST::G	HER2ST_G2_CONTROLLED	forward	0	0	mlp64_32	0.0	203	163	119	0.008403361344537815	0.025210084033613446	0.05042016806722689	0.02754703172272958	136.0	0.3949579831932773	-0.03618309274315834
HER2ST::G	HER2ST_G2_CONTROLLED	forward	0	0	mlp128_64_32	0.0	203	163	119	0.0	0.008403361344537815	0.025210084033613446	0.015783202946880785	155.0	0.31092436974789917	-0.08759479224681854
HER2ST::G	HER2ST_G2_CONTROLLED	forward	0	0	linear32	0.5	203	163	119	0.008403361344537815	0.025210084033613446	0.04201680672268908	0.028493643585757584	128.0	0.4117647058823529	0.0361996628344059
HER2ST::G	HER2ST_G2_CONTROLLED	forward	0	0	mlp64_32	0.5	203	163	119	0.0	0.025210084033613446	0.04201680672268908	0.022109183254541854	153.0	0.35294117647058826	-0.018745478242635727
HER2ST::G	HER2ST_G2_CONTROLLED	forward	0	0	mlp128_64_32	0.5	203	163	119	0.0	0.008403361344537815	0.03361344537815126	0.017599115509255754	138.0	0.31932773109243695	-0.02218649350106716
HER2ST::G	HER2ST_G2_CONTROLLED	forward	0	0	linear32	1.0	203	163	119	0.01680672268907563	0.025210084033613446	0.06722689075630252	0.04008807519208083	99.0	0.42857142857142855	0.10349834710359573
HER2ST::G	HER2ST_G2_CONTROLLED	forward	0	0	mlp64_32	1.0	203	163	119	0.0	0.025210084033613446	0.05042016806722689	0.02262826197645143	135.0	0.35294117647058826	0.050738971680402756
HER2ST::G	HER2ST_G2_CONTROLLED	forward	0	0	mlp128_64_32	1.0	203	163	119	0.008403361344537815	0.01680672268907563	0.03361344537815126	0.02645311098862515	128.0	0.33613445378151263	-0.0008819212089292705
HER2ST::G	HER2ST_G2_CONTROLLED	forward	0	1	linear32	0.0	203	163	119	0.0	0.0	0.01680672268907563	0.013214716426148052	180.0	0.3025210084033613	-0.023498982191085815
HER2ST::G	HER2ST_G2_CONTROLLED	forward	0	1	mlp64_32	0.0	203	163	119	0.0	0.0	0.008403361344537815	0.012254632811994284	174.0	0.2689075630252101	-0.059939611703157425
HER2ST::G	HER2ST_G2_CONTROLLED	forward	0	1	mlp128_64_32	0.0	203	163	119	0.0	0.008403361344537815	0.025210084033613446	0.01610661634200851	170.0	0.33613445378151263	-0.09503564983606339
HER2ST::G	HER2ST_G2_CONTROLLED	forward	0	1	linear32	0.5	203	163	119	0.01680672268907563	0.01680672268907563	0.05042016806722689	0.032807394187942984	129.0	0.3949579831932773	0.044662486761808395
HER2ST::G	HER2ST_G2_CONTROLLED	forward	0	1	mlp64_32	0.5	203	163	119	0.0	0.008403361344537815	0.03361344537815126	0.01888129446618368	151.0	0.4369747899159664	-0.018854781985282898
HER2ST::G	HER2ST_G2_CONTROLLED	forward	0	1	mlp128_64_32	0.5	203	163	119	0.0	0.008403361344537815	0.03361344537815126	0.01822132672473496	143.0	0.37815126050420167	-0.05100800096988678
HER2ST::G	HER2ST_G2_CONTROLLED	forward	0	1	linear32	1.0	203	163	119	0.01680672268907563	0.05042016806722689	0.07563025210084033	0.04368043234773534	94.0	0.4369747899159664	0.11992424726486206
HER2ST::G	HER2ST_G2_CONTROLLED	forward	0	1	mlp64_32	1.0	203	163	119	0.008403361344537815	0.01680672268907563	0.01680672268907563	0.021551180885721576	158.0	0.3445378151260504	-0.03176233917474747
HER2ST::G	HER2ST_G2_CONTROLLED	forward	0	1	mlp128_64_32	1.0	203	163	119	0.0	0.0	0.008403361344537815	0.014743857010444039	125.0	0.31932773109243695	-0.004747689235955477
HER2ST::G	HER2ST_G2_CONTROLLED	forward	1	0	linear32	0.0	213	171	109	0.0	0.0	0.01834862385321101	0.01328357674649151	139.0	0.26605504587155965	0.0024886219762265682
HER2ST::G	HER2ST_G2_CONTROLLED	forward	1	0	mlp64_32	0.0	213	171	109	0.009174311926605505	0.01834862385321101	0.03669724770642202	0.023273456954935455	173.0	0.26605504587155965	-0.08234034478664398
HER2ST::G	HER2ST_G2_CONTROLLED	forward	1	0	mlp128_64_32	0.0	213	171	109	0.0	0.0	0.027522935779816515	0.01469812533191749	176.0	0.21100917431192662	-0.10395753383636475
HER2ST::G	HER2ST_G2_CONTROLLED	forward	1	0	linear32	0.5	213	171	109	0.0	0.009174311926605505	0.01834862385321101	0.01478512729197026	140.0	0.3853211009174312	0.013160399161279202
HER2ST::G	HER2ST_G2_CONTROLLED	forward	1	0	mlp64_32	0.5	213	171	109	0.0	0.027522935779816515	0.03669724770642202	0.022718589090719353	133.0	0.3761467889908257	0.0011085168225690722
HER2ST::G	HER2ST_G2_CONTROLLED	forward	1	0	mlp128_64_32	0.5	213	171	109	0.009174311926605505	0.01834862385321101	0.027522935779816515	0.0204261174209723	181.0	0.26605504587155965	-0.13147221505641937
HER2ST::G	HER2ST_G2_CONTROLLED	forward	1	0	linear32	1.0	213	171	109	0.0	0.009174311926605505	0.027522935779816515	0.02103313057922323	129.0	0.3486238532110092	0.047960612922906876
HER2ST::G	HER2ST_G2_CONTROLLED	forward	1	0	mlp64_32	1.0	213	171	109	0.0	0.0	0.01834862385321101	0.014539783936475514	153.0	0.3761467889908257	0.0020744388457387686
HER2ST::G	HER2ST_G2_CONTROLLED	forward	1	0	mlp128_64_32	1.0	213	171	109	0.0	0.0	0.0	0.010377884504258184	156.0	0.3761467889908257	-0.006050447467714548
HER2ST::G	HER2ST_G2_CONTROLLED	forward	1	1	linear32	0.0	213	171	109	0.009174311926605505	0.01834862385321101	0.03669724770642202	0.023674564231763114	196.0	0.25688073394495414	-0.03531089797616005
HER2ST::G	HER2ST_G2_CONTROLLED	forward	1	1	mlp64_32	0.0	213	171	109	0.009174311926605505	0.01834862385321101	0.045871559633027525	0.024188643091980568	176.0	0.2018348623853211	-0.03835475444793701
HER2ST::G	HER2ST_G2_CONTROLLED	forward	1	1	mlp128_64_32	0.0	213	171	109	0.0	0.01834862385321101	0.03669724770642202	0.01749932208974883	151.0	0.26605504587155965	-0.03375137224793434
HER2ST::G	HER2ST_G2_CONTROLLED	forward	1	1	linear32	0.5	213	171	109	0.0	0.027522935779816515	0.05504587155963303	0.021358239671238854	155.0	0.30275229357798167	0.01118608471006155
HER2ST::G	HER2ST_G2_CONTROLLED	forward	1	1	mlp64_32	0.5	213	171	109	0.009174311926605505	0.01834862385321101	0.03669724770642202	0.02766906073452846	124.0	0.26605504587155965	0.03093341924250126
HER2ST::G	HER2ST_G2_CONTROLLED	forward	1	1	mlp128_64_32	0.5	213	171	109	0.0	0.0	0.0	0.008889970350897487	191.0	0.30275229357798167	-0.07377322763204575
HER2ST::G	HER2ST_G2_CONTROLLED	forward	1	1	linear32	1.0	213	171	109	0.0	0.009174311926605505	0.03669724770642202	0.017640710712520342	127.0	0.3669724770642202	0.05455340817570686
HER2ST::G	HER2ST_G2_CONTROLLED	forward	1	1	mlp64_32	1.0	213	171	109	0.0	0.0	0.009174311926605505	0.013739560264595201	139.0	0.3853211009174312	-0.00805205013602972
HER2ST::G	HER2ST_G2_CONTROLLED	forward	1	1	mlp128_64_32	1.0	213	171	109	0.009174311926605505	0.009174311926605505	0.01834862385321101	0.021309117800808876	143.0	0.3944954128440367	0.007276971824467182
HER2ST::G	HER2ST_G2_CONTROLLED	forward	2	0	linear32	0.0	228	183	94	0.0	0.031914893617021274	0.031914893617021274	0.020319725376665872	158.5	0.26595744680851063	0.02042740024626255
HER2ST::G	HER2ST_G2_CONTROLLED	forward	2	0	mlp64_32	0.0	228	183	94	0.0	0.010638297872340425	0.031914893617021274	0.019334646377795688	167.5	0.22340425531914893	-0.01688515767455101
HER2ST::G	HER2ST_G2_CONTROLLED	forward	2	0	mlp128_64_32	0.0	228	183	94	0.010638297872340425	0.031914893617021274	0.031914893617021274	0.026097317897282493	150.5	0.23404255319148937	-0.036236654967069626
HER2ST::G	HER2ST_G2_CONTROLLED	forward	2	0	linear32	0.5	228	183	94	0.010638297872340425	0.031914893617021274	0.05319148936170213	0.03837292443421416	115.0	0.2872340425531915	0.06533319503068924
HER2ST::G	HER2ST_G2_CONTROLLED	forward	2	0	mlp64_32	0.5	228	183	94	0.0	0.010638297872340425	0.02127659574468085	0.014752723766924975	148.5	0.26595744680851063	-0.00953333918005228
HER2ST::G	HER2ST_G2_CONTROLLED	forward	2	0	mlp128_64_32	0.5	228	183	94	0.0	0.02127659574468085	0.06382978723404255	0.0233875928976945	132.0	0.1595744680851064	-0.015768295153975487
HER2ST::G	HER2ST_G2_CONTROLLED	forward	2	0	linear32	1.0	228	183	94	0.0	0.0425531914893617	0.05319148936170213	0.027067323373558664	116.0	0.22340425531914893	0.07586776465177536
HER2ST::G	HER2ST_G2_CONTROLLED	forward	2	0	mlp64_32	1.0	228	183	94	0.010638297872340425	0.02127659574468085	0.0425531914893617	0.029607775778160553	118.0	0.24468085106382978	0.06808800995349884
HER2ST::G	HER2ST_G2_CONTROLLED	forward	2	0	mlp128_64_32	1.0	228	183	94	0.0	0.0	0.031914893617021274	0.015178595466650329	138.0	0.2765957446808511	0.019726544618606567
HER2ST::G	HER2ST_G2_CONTROLLED	forward	2	1	linear32	0.0	228	183	94	0.0	0.010638297872340425	0.02127659574468085	0.018716471557707663	146.0	0.2553191489361702	0.012564322911202908
HER2ST::G	HER2ST_G2_CONTROLLED	forward	2	1	mlp64_32	0.0	228	183	94	0.02127659574468085	0.02127659574468085	0.0425531914893617	0.03347068062504454	167.0	0.20212765957446807	-0.03408581763505936
HER2ST::G	HER2ST_G2_CONTROLLED	forward	2	1	mlp128_64_32	0.0	228	183	94	0.02127659574468085	0.02127659574468085	0.031914893617021274	0.03339240080742136	188.0	0.24468085106382978	-0.0652012899518013
HER2ST::G	HER2ST_G2_CONTROLLED	forward	2	1	linear32	0.5	228	183	94	0.0	0.02127659574468085	0.02127659574468085	0.01702637173170203	155.5	0.2872340425531915	-0.014448410831391811
HER2ST::G	HER2ST_G2_CONTROLLED	forward	2	1	mlp64_32	0.5	228	183	94	0.0	0.02127659574468085	0.0425531914893617	0.01914229054530396	159.5	0.22340425531914893	-0.0008145929896272719
HER2ST::G	HER2ST_G2_CONTROLLED	forward	2	1	mlp128_64_32	0.5	228	183	94	0.0	0.010638297872340425	0.0425531914893617	0.017502882115596134	172.5	0.1276595744680851	-0.05686956271529198
HER2ST::G	HER2ST_G2_CONTROLLED	forward	2	1	linear32	1.0	228	183	94	0.0	0.02127659574468085	0.02127659574468085	0.023420729474440207	103.0	0.2765957446808511	0.06962233036756516
HER2ST::G	HER2ST_G2_CONTROLLED	forward	2	1	mlp64_32	1.0	228	183	94	0.0	0.02127659574468085	0.02127659574468085	0.016538885080537385	135.0	0.2127659574468085	0.003456760896369815
HER2ST::G	HER2ST_G2_CONTROLLED	forward	2	1	mlp128_64_32	1.0	228	183	94	0.0	0.010638297872340425	0.0425531914893617	0.01754425656125735	131.5	0.20212765957446807	0.02017001435160637
HER2ST::G	HER2ST_G2_CONTROLLED__reverse	reverse	0	0	linear32	0.0	233	187	89	0.0	0.02247191011235955	0.033707865168539325	0.014987650838740086	208.0	0.2696629213483146	0.003950641490519047
HER2ST::G	HER2ST_G2_CONTROLLED__reverse	reverse	0	0	mlp64_32	0.0	233	187	89	0.0	0.0	0.06741573033707865	0.015570567357114505	193.0	0.34831460674157305	-0.030258923768997192
HER2ST::G	HER2ST_G2_CONTROLLED__reverse	reverse	0	0	mlp128_64_32	0.0	233	187	89	0.0	0.02247191011235955	0.0449438202247191	0.024408782254028507	190.0	0.2696629213483146	-0.09156432002782822
HER2ST::G	HER2ST_G2_CONTROLLED__reverse	reverse	0	0	linear32	0.5	233	187	89	0.011235955056179775	0.011235955056179775	0.02247191011235955	0.02539916741174341	172.0	0.2696629213483146	0.036152325570583344
HER2ST::G	HER2ST_G2_CONTROLLED__reverse	reverse	0	0	mlp64_32	0.5	233	187	89	0.0	0.011235955056179775	0.033707865168539325	0.013022605227255306	153.0	0.15730337078651685	-0.005334421060979366
HER2ST::G	HER2ST_G2_CONTROLLED__reverse	reverse	0	0	mlp128_64_32	0.5	233	187	89	0.0	0.0	0.011235955056179775	0.009748535500243407	207.0	0.20224719101123595	-0.07363715767860413
HER2ST::G	HER2ST_G2_CONTROLLED__reverse	reverse	0	0	linear32	1.0	233	187	89	0.0	0.06741573033707865	0.10112359550561797	0.03202178421597297	164.0	0.2696629213483146	0.053615421056747437
HER2ST::G	HER2ST_G2_CONTROLLED__reverse	reverse	0	0	mlp64_32	1.0	233	187	89	0.0	0.011235955056179775	0.02247191011235955	0.015488760245548357	154.0	0.3146067415730337	0.043356046080589294
HER2ST::G	HER2ST_G2_CONTROLLED__reverse	reverse	0	0	mlp128_64_32	1.0	233	187	89	0.0	0.0	0.0	0.013360579343832352	126.0	0.24719101123595505	0.052868179976940155
HER2ST::G	HER2ST_G2_CONTROLLED__reverse	reverse	0	1	linear32	0.0	233	187	89	0.0	0.011235955056179775	0.06741573033707865	0.01818037527936174	184.0	0.20224719101123595	0.020297003909945488
HER2ST::G	HER2ST_G2_CONTROLLED__reverse	reverse	0	1	mlp64_32	0.0	233	187	89	0.0	0.0	0.0	0.007834019033863252	204.0	0.21348314606741572	-0.05424989387392998
HER2ST::G	HER2ST_G2_CONTROLLED__reverse	reverse	0	1	mlp128_64_32	0.0	233	187	89	0.0	0.0	0.011235955056179775	0.008540568748969218	259.0	0.15730337078651685	-0.13289226591587067
HER2ST::G	HER2ST_G2_CONTROLLED__reverse	reverse	0	1	linear32	0.5	233	187	89	0.0	0.0	0.011235955056179775	0.01240289442339192	183.0	0.21348314606741572	0.02976980060338974
HER2ST::G	HER2ST_G2_CONTROLLED__reverse	reverse	0	1	mlp64_32	0.5	233	187	89	0.0	0.033707865168539325	0.033707865168539325	0.015639270717603623	178.0	0.20224719101123595	-0.01633528620004654
HER2ST::G	HER2ST_G2_CONTROLLED__reverse	reverse	0	1	mlp128_64_32	0.5	233	187	89	0.02247191011235955	0.02247191011235955	0.02247191011235955	0.03155912804537216	178.0	0.20224719101123595	-0.041644833981990814
HER2ST::G	HER2ST_G2_CONTROLLED__reverse	reverse	0	1	linear32	1.0	233	187	89	0.0	0.033707865168539325	0.06741573033707865	0.02497863934060817	125.0	0.23595505617977527	0.09170503169298172
HER2ST::G	HER2ST_G2_CONTROLLED__reverse	reverse	0	1	mlp64_32	1.0	233	187	89	0.011235955056179775	0.011235955056179775	0.011235955056179775	0.022732607398405186	170.0	0.2696629213483146	-0.00629172008484602
HER2ST::G	HER2ST_G2_CONTROLLED__reverse	reverse	0	1	mlp128_64_32	1.0	233	187	89	0.0	0.0	0.0	0.009160989793018513	191.0	0.20224719101123595	-0.040326107293367386
HER2ST::G	HER2ST_G2_CONTROLLED__reverse	reverse	1	0	linear32	0.0	208	167	114	0.0	0.017543859649122806	0.03508771929824561	0.018303276068483747	188.5	0.2631578947368421	0.009249027818441391
HER2ST::G	HER2ST_G2_CONTROLLED__reverse	reverse	1	0	mlp64_32	0.0	208	167	114	0.008771929824561403	0.017543859649122806	0.03508771929824561	0.025373994260859838	200.5	0.2982456140350877	-0.03391553461551666
HER2ST::G	HER2ST_G2_CONTROLLED__reverse	reverse	1	0	mlp128_64_32	0.0	208	167	114	0.0	0.008771929824561403	0.017543859649122806	0.012565580766518572	226.0	0.22807017543859648	-0.10661107301712036
HER2ST::G	HER2ST_G2_CONTROLLED__reverse	reverse	1	0	linear32	0.5	208	167	114	0.0	0.008771929824561403	0.03508771929824561	0.017282231560058176	191.0	0.2719298245614035	0.030494092032313347
HER2ST::G	HER2ST_G2_CONTROLLED__reverse	reverse	1	0	mlp64_32	0.5	208	167	114	0.0	0.017543859649122806	0.043859649122807015	0.02018996743755553	173.5	0.32456140350877194	0.005442305002361536
HER2ST::G	HER2ST_G2_CONTROLLED__reverse	reverse	1	0	mlp128_64_32	0.5	208	167	114	0.0	0.03508771929824561	0.05263157894736842	0.02108219110028829	196.0	0.2894736842105263	-0.04580412805080414
HER2ST::G	HER2ST_G2_CONTROLLED__reverse	reverse	1	0	linear32	1.0	208	167	114	0.0	0.017543859649122806	0.03508771929824561	0.01616787940023803	160.0	0.34210526315789475	0.043032463639974594
HER2ST::G	HER2ST_G2_CONTROLLED__reverse	reverse	1	0	mlp64_32	1.0	208	167	114	0.0	0.017543859649122806	0.02631578947368421	0.014136615800089935	175.5	0.39473684210526316	-0.0004952428280375898
HER2ST::G	HER2ST_G2_CONTROLLED__reverse	reverse	1	0	mlp128_64_32	1.0	208	167	114	0.0	0.008771929824561403	0.008771929824561403	0.011683499001541895	166.0	0.37719298245614036	-0.023640839383006096
HER2ST::G	HER2ST_G2_CONTROLLED__reverse	reverse	1	1	linear32	0.0	208	167	114	0.0	0.017543859649122806	0.017543859649122806	0.014297971036493794	206.5	0.2719298245614035	-0.011639772914350033
HER2ST::G	HER2ST_G2_CONTROLLED__reverse	reverse	1	1	mlp64_32	0.0	208	167	114	0.0	0.0	0.008771929824561403	0.010146084484470616	211.5	0.2543859649122807	-0.05777851864695549
HER2ST::G	HER2ST_G2_CONTROLLED__reverse	reverse	1	1	mlp128_64_32	0.0	208	167	114	0.008771929824561403	0.008771929824561403	0.043859649122807015	0.024568005895227084	191.5	0.21929824561403508	-0.05867759883403778
HER2ST::G	HER2ST_G2_CONTROLLED__reverse	reverse	1	1	linear32	0.5	208	167	114	0.0	0.0	0.02631578947368421	0.011677608769796084	224.0	0.2894736842105263	-0.026712672784924507
HER2ST::G	HER2ST_G2_CONTROLLED__reverse	reverse	1	1	mlp64_32	0.5	208	167	114	0.0	0.008771929824561403	0.017543859649122806	0.011915049591544985	206.5	0.2807017543859649	-0.031018368899822235
HER2ST::G	HER2ST_G2_CONTROLLED__reverse	reverse	1	1	mlp128_64_32	0.5	208	167	114	0.0	0.0	0.03508771929824561	0.013375155308413688	179.0	0.3333333333333333	-0.02949967049062252
HER2ST::G	HER2ST_G2_CONTROLLED__reverse	reverse	1	1	linear32	1.0	208	167	114	0.0	0.0	0.02631578947368421	0.014805139866071161	140.0	0.38596491228070173	0.054013874381780624
HER2ST::G	HER2ST_G2_CONTROLLED__reverse	reverse	1	1	mlp64_32	1.0	208	167	114	0.0	0.0	0.008771929824561403	0.009890594636910994	220.0	0.3684210526315789	-0.050809044390916824
HER2ST::G	HER2ST_G2_CONTROLLED__reverse	reverse	1	1	mlp128_64_32	1.0	208	167	114	0.0	0.008771929824561403	0.008771929824561403	0.010100007146735425	186.0	0.2894736842105263	-0.02123282663524151
HER2ST::G	HER2ST_G2_CONTROLLED__reverse	reverse	2	0	linear32	0.0	203	163	119	0.0	0.0	0.0	0.009833741255734505	189.0	0.2184873949579832	0.011218481697142124
HER2ST::G	HER2ST_G2_CONTROLLED__reverse	reverse	2	0	mlp64_32	0.0	203	163	119	0.01680672268907563	0.01680672268907563	0.025210084033613446	0.026055695114830087	216.0	0.31092436974789917	-0.022330131381750107
HER2ST::G	HER2ST_G2_CONTROLLED__reverse	reverse	2	0	mlp128_64_32	0.0	203	163	119	0.008403361344537815	0.01680672268907563	0.05042016806722689	0.02282811690407187	197.0	0.40336134453781514	-0.08616763353347778
HER2ST::G	HER2ST_G2_CONTROLLED__reverse	reverse	2	0	linear32	0.5	203	163	119	0.0	0.025210084033613446	0.04201680672268908	0.022316066517925667	162.0	0.3949579831932773	0.055365391075611115
HER2ST::G	HER2ST_G2_CONTROLLED__reverse	reverse	2	0	mlp64_32	0.5	203	163	119	0.0	0.0	0.025210084033613446	0.01572685616336688	152.0	0.31932773109243695	0.027414675801992416
HER2ST::G	HER2ST_G2_CONTROLLED__reverse	reverse	2	0	mlp128_64_32	0.5	203	163	119	0.008403361344537815	0.008403361344537815	0.008403361344537815	0.016914647363184973	204.0	0.36134453781512604	-0.07478068023920059
HER2ST::G	HER2ST_G2_CONTROLLED__reverse	reverse	2	0	linear32	1.0	203	163	119	0.008403361344537815	0.008403361344537815	0.04201680672268908	0.026715225136887417	128.0	0.31932773109243695	0.0862996056675911
HER2ST::G	HER2ST_G2_CONTROLLED__reverse	reverse	2	0	mlp64_32	1.0	203	163	119	0.01680672268907563	0.01680672268907563	0.01680672268907563	0.02741925060070192	147.0	0.3025210084033613	0.0437287837266922
HER2ST::G	HER2ST_G2_CONTROLLED__reverse	reverse	2	0	mlp128_64_32	1.0	203	163	119	0.0	0.025210084033613446	0.025210084033613446	0.015453664651407479	178.0	0.24369747899159663	-0.01961149461567402
HER2ST::G	HER2ST_G2_CONTROLLED__reverse	reverse	2	1	linear32	0.0	203	163	119	0.0	0.01680672268907563	0.025210084033613446	0.014276978001753335	176.0	0.3025210084033613	0.0021339908707886934
HER2ST::G	HER2ST_G2_CONTROLLED__reverse	reverse	2	1	mlp64_32	0.0	203	163	119	0.0	0.01680672268907563	0.01680672268907563	0.018104493705970105	168.0	0.2689075630252101	0.019977562129497528
HER2ST::G	HER2ST_G2_CONTROLLED__reverse	reverse	2	1	mlp128_64_32	0.0	203	163	119	0.008403361344537815	0.008403361344537815	0.01680672268907563	0.01885022332432026	217.0	0.2773109243697479	-0.07227113842964172
HER2ST::G	HER2ST_G2_CONTROLLED__reverse	reverse	2	1	linear32	0.5	203	163	119	0.008403361344537815	0.01680672268907563	0.03361344537815126	0.023315576676234413	181.0	0.3445378151260504	0.05329907312989235
HER2ST::G	HER2ST_G2_CONTROLLED__reverse	reverse	2	1	mlp64_32	0.5	203	163	119	0.008403361344537815	0.01680672268907563	0.04201680672268908	0.023914258001594645	179.0	0.37815126050420167	0.00622388394549489
HER2ST::G	HER2ST_G2_CONTROLLED__reverse	reverse	2	1	mlp128_64_32	0.5	203	163	119	0.0	0.0	0.01680672268907563	0.013880694629399589	170.0	0.37815126050420167	-0.03515239059925079
HER2ST::G	HER2ST_G2_CONTROLLED__reverse	reverse	2	1	linear32	1.0	203	163	119	0.008403361344537815	0.04201680672268908	0.08403361344537816	0.03891811786168436	133.0	0.453781512605042	0.10468515008687973
HER2ST::G	HER2ST_G2_CONTROLLED__reverse	reverse	2	1	mlp64_32	1.0	203	163	119	0.0	0.025210084033613446	0.04201680672268908	0.021291752554041348	156.0	0.3865546218487395	0.05087319016456604
HER2ST::G	HER2ST_G2_CONTROLLED__reverse	reverse	2	1	mlp128_64_32	1.0	203	163	119	0.0	0.008403361344537815	0.008403361344537815	0.013791478352166563	186.0	0.3697478991596639	0.0005048558232374489
HER2ST::H	HER2ST_H1_CONTROLLED	forward	0	0	linear32	0.0	278	223	146	0.00684931506849315	0.02054794520547945	0.04794520547945205	0.021188219343997894	211.5	0.1643835616438356	0.01366692315787077
HER2ST::H	HER2ST_H1_CONTROLLED	forward	0	0	mlp64_32	0.0	278	223	146	0.0	0.0136986301369863	0.0273972602739726	0.013544161014069274	203.5	0.14383561643835616	-0.04183876886963844
HER2ST::H	HER2ST_H1_CONTROLLED	forward	0	0	mlp128_64_32	0.0	278	223	146	0.00684931506849315	0.0136986301369863	0.03424657534246575	0.019751455776883045	188.0	0.2328767123287671	-0.07455338537693024
HER2ST::H	HER2ST_H1_CONTROLLED	forward	0	0	linear32	0.5	278	223	146	0.0	0.0	0.0	0.008842225676299546	175.5	0.2671232876712329	0.011481406167149544
HER2ST::H	HER2ST_H1_CONTROLLED	forward	0	0	mlp64_32	0.5	278	223	146	0.0	0.00684931506849315	0.0136986301369863	0.00958080982977361	191.0	0.1917808219178082	-0.03792775049805641
HER2ST::H	HER2ST_H1_CONTROLLED	forward	0	0	mlp128_64_32	0.5	278	223	146	0.0	0.00684931506849315	0.0136986301369863	0.01044015015827732	201.5	0.14383561643835616	-0.05546693131327629
HER2ST::H	HER2ST_H1_CONTROLLED	forward	0	0	linear32	1.0	278	223	146	0.00684931506849315	0.0136986301369863	0.0136986301369863	0.018406075627814385	190.5	0.22602739726027396	0.017117418348789215
HER2ST::H	HER2ST_H1_CONTROLLED	forward	0	0	mlp64_32	1.0	278	223	146	0.0	0.0	0.00684931506849315	0.01128671697215302	193.5	0.14383561643835616	-0.001677019172348082
HER2ST::H	HER2ST_H1_CONTROLLED	forward	0	0	mlp128_64_32	1.0	278	223	146	0.0	0.0136986301369863	0.02054794520547945	0.01358885185248295	217.0	0.1917808219178082	-0.02358214743435383
HER2ST::H	HER2ST_H1_CONTROLLED	forward	0	1	linear32	0.0	278	223	146	0.0	0.0	0.00684931506849315	0.010459112637490919	207.0	0.2945205479452055	0.01008348073810339
HER2ST::H	HER2ST_H1_CONTROLLED	forward	0	1	mlp64_32	0.0	278	223	146	0.0	0.00684931506849315	0.0136986301369863	0.012829131844601709	184.5	0.18493150684931506	-0.014664636924862862
HER2ST::H	HER2ST_H1_CONTROLLED	forward	0	1	mlp128_64_32	0.0	278	223	146	0.00684931506849315	0.0136986301369863	0.0136986301369863	0.01928466300069258	208.5	0.1917808219178082	-0.028013408184051514
HER2ST::H	HER2ST_H1_CONTROLLED	forward	0	1	linear32	0.5	278	223	146	0.00684931506849315	0.0136986301369863	0.0410958904109589	0.02090080207524957	185.0	0.23972602739726026	0.020376039668917656
HER2ST::H	HER2ST_H1_CONTROLLED	forward	0	1	mlp64_32	0.5	278	223	146	0.0	0.0	0.00684931506849315	0.011451312835241706	168.5	0.17123287671232876	0.000745859055314213
HER2ST::H	HER2ST_H1_CONTROLLED	forward	0	1	mlp128_64_32	0.5	278	223	146	0.0136986301369863	0.0273972602739726	0.04794520547945205	0.03040665062011074	195.5	0.19863013698630136	-0.011663731187582016
HER2ST::H	HER2ST_H1_CONTROLLED	forward	0	1	linear32	1.0	278	223	146	0.00684931506849315	0.02054794520547945	0.04794520547945205	0.022410968467580554	192.0	0.2191780821917808	0.014776594005525112
HER2ST::H	HER2ST_H1_CONTROLLED	forward	0	1	mlp64_32	1.0	278	223	146	0.00684931506849315	0.0136986301369863	0.02054794520547945	0.01959394055223392	187.5	0.2328767123287671	0.009579586796462536
HER2ST::H	HER2ST_H1_CONTROLLED	forward	0	1	mlp128_64_32	1.0	278	223	146	0.00684931506849315	0.0136986301369863	0.0410958904109589	0.02086736237159011	198.5	0.1643835616438356	-0.004081730265170336
HER2ST::H	HER2ST_H1_CONTROLLED	forward	1	0	linear32	0.0	268	215	156	0.0	0.0	0.019230769230769232	0.011836000269778602	209.5	0.14743589743589744	0.00016753184900153428
HER2ST::H	HER2ST_H1_CONTROLLED	forward	1	0	mlp64_32	0.0	268	215	156	0.0	0.0	0.00641025641025641	0.01109690734537691	210.0	0.1987179487179487	-0.06137069687247276
HER2ST::H	HER2ST_H1_CONTROLLED	forward	1	0	mlp128_64_32	0.0	268	215	156	0.0	0.0	0.01282051282051282	0.01313652245790316	197.5	0.15384615384615385	-0.04605931043624878
HER2ST::H	HER2ST_H1_CONTROLLED	forward	1	0	linear32	0.5	268	215	156	0.0	0.00641025641025641	0.01282051282051282	0.013192052940872667	209.0	0.20512820512820512	0.025671573355793953
HER2ST::H	HER2ST_H1_CONTROLLED	forward	1	0	mlp64_32	0.5	268	215	156	0.00641025641025641	0.00641025641025641	0.04487179487179487	0.021443879627847256	193.5	0.14743589743589744	-0.01033986359834671
HER2ST::H	HER2ST_H1_CONTROLLED	forward	1	0	mlp128_64_32	0.5	268	215	156	0.0	0.019230769230769232	0.019230769230769232	0.012159677062118042	222.5	0.16025641025641027	-0.06802450865507126
HER2ST::H	HER2ST_H1_CONTROLLED	forward	1	0	linear32	1.0	268	215	156	0.0	0.0	0.0	0.008767011775390979	201.0	0.09615384615384616	0.008770016953349113
HER2ST::H	HER2ST_H1_CONTROLLED	forward	1	0	mlp64_32	1.0	268	215	156	0.0	0.0	0.0	0.009404733424975368	195.0	0.07051282051282051	0.012789614498615265
HER2ST::H	HER2ST_H1_CONTROLLED	forward	1	0	mlp128_64_32	1.0	268	215	156	0.0	0.01282051282051282	0.02564102564102564	0.013007863074440101	188.0	0.1282051282051282	0.007658530492335558
HER2ST::H	HER2ST_H1_CONTROLLED	forward	1	1	linear32	0.0	268	215	156	0.0	0.019230769230769232	0.038461538461538464	0.017828969344384517	174.5	0.20512820512820512	0.04399079084396362
HER2ST::H	HER2ST_H1_CONTROLLED	forward	1	1	mlp64_32	0.0	268	215	156	0.0	0.01282051282051282	0.01282051282051282	0.015527166546371936	211.5	0.1794871794871795	-0.037510789930820465
HER2ST::H	HER2ST_H1_CONTROLLED	forward	1	1	mlp128_64_32	0.0	268	215	156	0.0	0.01282051282051282	0.03205128205128205	0.01637136150722558	167.0	0.17307692307692307	-0.012492096982896328
HER2ST::H	HER2ST_H1_CONTROLLED	forward	1	1	linear32	0.5	268	215	156	0.01282051282051282	0.01282051282051282	0.019230769230769232	0.024105292300566558	156.0	0.23076923076923078	0.04330337792634964
HER2ST::H	HER2ST_H1_CONTROLLED	forward	1	1	mlp64_32	0.5	268	215	156	0.0	0.0	0.0	0.011296915641366808	202.0	0.14743589743589744	-0.0040041301399469376
HER2ST::H	HER2ST_H1_CONTROLLED	forward	1	1	mlp128_64_32	0.5	268	215	156	0.00641025641025641	0.01282051282051282	0.03205128205128205	0.020247838635738428	193.5	0.14743589743589744	-0.017226429656147957
HER2ST::H	HER2ST_H1_CONTROLLED	forward	1	1	linear32	1.0	268	215	156	0.0	0.0	0.00641025641025641	0.011909911371458063	178.5	0.14102564102564102	0.05470326170325279
HER2ST::H	HER2ST_H1_CONTROLLED	forward	1	1	mlp64_32	1.0	268	215	156	0.0	0.0	0.019230769230769232	0.010648424713264883	196.5	0.1282051282051282	0.0038299583829939365
HER2ST::H	HER2ST_H1_CONTROLLED	forward	1	1	mlp128_64_32	1.0	268	215	156	0.0	0.01282051282051282	0.019230769230769232	0.013166935691639412	204.5	0.08974358974358974	-0.01641285978257656
HER2ST::H	HER2ST_H1_CONTROLLED	forward	2	0	linear32	0.0	302	242	122	0.0	0.0	0.00819672131147541	0.01035235651937305	235.0	0.26229508196721313	-0.015438517555594444
HER2ST::H	HER2ST_H1_CONTROLLED	forward	2	0	mlp64_32	0.0	302	242	122	0.0	0.0	0.00819672131147541	0.009314523556585328	251.0	0.23770491803278687	-0.08808998763561249
HER2ST::H	HER2ST_H1_CONTROLLED	forward	2	0	mlp128_64_32	0.0	302	242	122	0.00819672131147541	0.00819672131147541	0.00819672131147541	0.01695802368872148	194.0	0.27049180327868855	-0.08133063465356827
HER2ST::H	HER2ST_H1_CONTROLLED	forward	2	0	linear32	0.5	302	242	122	0.0	0.00819672131147541	0.01639344262295082	0.015086630742243898	222.5	0.32786885245901637	-0.004683424718677998
HER2ST::H	HER2ST_H1_CONTROLLED	forward	2	0	mlp64_32	0.5	302	242	122	0.0	0.00819672131147541	0.02459016393442623	0.010422949140463923	254.0	0.16393442622950818	-0.059818487614393234
HER2ST::H	HER2ST_H1_CONTROLLED	forward	2	0	mlp128_64_32	0.5	302	242	122	0.0	0.00819672131147541	0.00819672131147541	0.009705989711223639	243.5	0.18032786885245902	-0.07714971899986267
HER2ST::H	HER2ST_H1_CONTROLLED	forward	2	0	linear32	1.0	302	242	122	0.0	0.01639344262295082	0.02459016393442623	0.015583604899269445	211.5	0.21311475409836064	-0.00019002474437002093
HER2ST::H	HER2ST_H1_CONTROLLED	forward	2	0	mlp64_32	1.0	302	242	122	0.0	0.0	0.00819672131147541	0.009353164869504998	213.0	0.16393442622950818	-0.02410280704498291
HER2ST::H	HER2ST_H1_CONTROLLED	forward	2	0	mlp128_64_32	1.0	302	242	122	0.0	0.01639344262295082	0.01639344262295082	0.01539652838160279	196.0	0.1557377049180328	-0.0016238718526437879
HER2ST::H	HER2ST_H1_CONTROLLED	forward	2	1	linear32	0.0	302	242	122	0.00819672131147541	0.01639344262295082	0.02459016393442623	0.019523577784727582	224.5	0.22950819672131148	-0.004548977129161358
HER2ST::H	HER2ST_H1_CONTROLLED	forward	2	1	mlp64_32	0.0	302	242	122	0.00819672131147541	0.01639344262295082	0.040983606557377046	0.022578256028297744	214.0	0.22950819672131148	-0.011665013618767262
HER2ST::H	HER2ST_H1_CONTROLLED	forward	2	1	mlp128_64_32	0.0	302	242	122	0.0	0.040983606557377046	0.04918032786885246	0.02323018778707178	180.0	0.2540983606557377	-0.022180423140525818
HER2ST::H	HER2ST_H1_CONTROLLED	forward	2	1	linear32	0.5	302	242	122	0.00819672131147541	0.03278688524590164	0.04918032786885246	0.024164042874007544	203.5	0.2786885245901639	0.016480423510074615
HER2ST::H	HER2ST_H1_CONTROLLED	forward	2	1	mlp64_32	0.5	302	242	122	0.0	0.02459016393442623	0.02459016393442623	0.01728918349727075	204.0	0.1721311475409836	-0.0077992756851017475
HER2ST::H	HER2ST_H1_CONTROLLED	forward	2	1	mlp128_64_32	0.5	302	242	122	0.0	0.00819672131147541	0.00819672131147541	0.009795738723039814	237.5	0.11475409836065574	-0.07462398707866669
HER2ST::H	HER2ST_H1_CONTROLLED	forward	2	1	linear32	1.0	302	242	122	0.0	0.0	0.01639344262295082	0.009653722946973137	216.5	0.29508196721311475	-0.013548855669796467
HER2ST::H	HER2ST_H1_CONTROLLED	forward	2	1	mlp64_32	1.0	302	242	122	0.0	0.0	0.00819672131147541	0.009633905468927456	201.0	0.16393442622950818	-0.007392836734652519
HER2ST::H	HER2ST_H1_CONTROLLED	forward	2	1	mlp128_64_32	1.0	302	242	122	0.0	0.00819672131147541	0.02459016393442623	0.013498616530030127	200.0	0.10655737704918032	0.013000610284507275
HER2ST::H	HER2ST_H1_CONTROLLED__reverse	reverse	0	0	linear32	0.0	274	220	150	0.0	0.006666666666666667	0.02	0.011516782280002488	290.5	0.1	-0.0029601100832223892
HER2ST::H	HER2ST_H1_CONTROLLED__reverse	reverse	0	0	mlp64_32	0.0	274	220	150	0.0	0.006666666666666667	0.02	0.009715835119367817	282.5	0.22	-0.05390956997871399
HER2ST::H	HER2ST_H1_CONTROLLED__reverse	reverse	0	0	mlp128_64_32	0.0	274	220	150	0.0	0.0	0.0	0.007698134676525754	255.5	0.16666666666666666	-0.08500663936138153
HER2ST::H	HER2ST_H1_CONTROLLED__reverse	reverse	0	0	linear32	0.5	274	220	150	0.013333333333333334	0.04	0.04666666666666667	0.029557979707853465	274.0	0.14	0.0032303552143275738
HER2ST::H	HER2ST_H1_CONTROLLED__reverse	reverse	0	0	mlp64_32	0.5	274	220	150	0.0	0.0	0.0	0.008498985476049799	268.0	0.07333333333333333	-0.056772373616695404
HER2ST::H	HER2ST_H1_CONTROLLED__reverse	reverse	0	0	mlp128_64_32	0.5	274	220	150	0.0	0.006666666666666667	0.02	0.011230979012621241	258.5	0.1	-0.09064913541078568
HER2ST::H	HER2ST_H1_CONTROLLED__reverse	reverse	0	0	linear32	1.0	274	220	150	0.006666666666666667	0.006666666666666667	0.02	0.01611804973233248	244.0	0.19333333333333333	0.03588113933801651
HER2ST::H	HER2ST_H1_CONTROLLED__reverse	reverse	0	0	mlp64_32	1.0	274	220	150	0.0	0.0	0.0	0.008615469837156511	231.5	0.08	-0.0021903521846979856
HER2ST::H	HER2ST_H1_CONTROLLED__reverse	reverse	0	0	mlp128_64_32	1.0	274	220	150	0.0	0.0	0.006666666666666667	0.008687765562878062	229.0	0.08	-0.027170473709702492
HER2ST::H	HER2ST_H1_CONTROLLED__reverse	reverse	0	1	linear32	0.0	274	220	150	0.0	0.0	0.02666666666666667	0.010873514124925253	241.0	0.24	0.014699721708893776
HER2ST::H	HER2ST_H1_CONTROLLED__reverse	reverse	0	1	mlp64_32	0.0	274	220	150	0.006666666666666667	0.006666666666666667	0.02	0.018860198644091036	259.5	0.18666666666666668	-0.022155925631523132
HER2ST::H	HER2ST_H1_CONTROLLED__reverse	reverse	0	1	mlp128_64_32	0.0	274	220	150	0.0	0.006666666666666667	0.02666666666666667	0.011932796121136235	281.0	0.18	-0.06766389310359955
HER2ST::H	HER2ST_H1_CONTROLLED__reverse	reverse	0	1	linear32	0.5	274	220	150	0.0	0.013333333333333334	0.013333333333333334	0.013476513331248136	268.0	0.15333333333333332	-0.017029618844389915
HER2ST::H	HER2ST_H1_CONTROLLED__reverse	reverse	0	1	mlp64_32	0.5	274	220	150	0.0	0.006666666666666667	0.013333333333333334	0.011268515655715801	264.5	0.18	-0.02685299888253212
HER2ST::H	HER2ST_H1_CONTROLLED__reverse	reverse	0	1	mlp128_64_32	0.5	274	220	150	0.0	0.0	0.02666666666666667	0.01047317219953942	290.0	0.06666666666666667	-0.07408972084522247
HER2ST::H	HER2ST_H1_CONTROLLED__reverse	reverse	0	1	linear32	1.0	274	220	150	0.0	0.0	0.006666666666666667	0.010166768195135747	258.5	0.10666666666666667	0.04389716684818268
HER2ST::H	HER2ST_H1_CONTROLLED__reverse	reverse	0	1	mlp64_32	1.0	274	220	150	0.0	0.02	0.02666666666666667	0.014344022121422852	266.0	0.11333333333333333	-0.005200605373829603
HER2ST::H	HER2ST_H1_CONTROLLED__reverse	reverse	0	1	mlp128_64_32	1.0	274	220	150	0.0	0.006666666666666667	0.013333333333333334	0.009203280569756283	264.0	0.04666666666666667	-0.039159391075372696
HER2ST::H	HER2ST_H1_CONTROLLED__reverse	reverse	1	0	linear32	0.0	296	237	128	0.0078125	0.0078125	0.0078125	0.014460018009363881	319.5	0.203125	-0.03472769260406494
HER2ST::H	HER2ST_H1_CONTROLLED__reverse	reverse	1	0	mlp64_32	0.0	296	237	128	0.0	0.0	0.015625	0.009275185474071959	274.5	0.1875	-0.03973563387989998
HER2ST::H	HER2ST_H1_CONTROLLED__reverse	reverse	1	0	mlp128_64_32	0.0	296	237	128	0.0	0.015625	0.015625	0.013681676362448469	298.5	0.1796875	-0.10808876901865005
HER2ST::H	HER2ST_H1_CONTROLLED__reverse	reverse	1	0	linear32	0.5	296	237	128	0.0	0.0	0.015625	0.009281672361309067	333.5	0.2265625	-0.04305964708328247
HER2ST::H	HER2ST_H1_CONTROLLED__reverse	reverse	1	0	mlp64_32	0.5	296	237	128	0.0	0.015625	0.0234375	0.014072181510552999	269.5	0.15625	-0.04118358716368675
HER2ST::H	HER2ST_H1_CONTROLLED__reverse	reverse	1	0	mlp128_64_32	0.5	296	237	128	0.0	0.0	0.0	0.007730561114934796	278.5	0.1015625	-0.05528663843870163
HER2ST::H	HER2ST_H1_CONTROLLED__reverse	reverse	1	0	linear32	1.0	296	237	128	0.0	0.015625	0.03125	0.016557402357084503	249.5	0.21875	0.0021739955991506577
HER2ST::H	HER2ST_H1_CONTROLLED__reverse	reverse	1	0	mlp64_32	1.0	296	237	128	0.0	0.0	0.0078125	0.007857308725189367	289.5	0.2109375	-0.01177326962351799
HER2ST::H	HER2ST_H1_CONTROLLED__reverse	reverse	1	0	mlp128_64_32	1.0	296	237	128	0.0	0.015625	0.015625	0.012308196293312687	259.5	0.109375	-0.015395903028547764
HER2ST::H	HER2ST_H1_CONTROLLED__reverse	reverse	1	1	linear32	0.0	296	237	128	0.0078125	0.015625	0.0234375	0.01969725793148998	212.0	0.2265625	0.014797588810324669
HER2ST::H	HER2ST_H1_CONTROLLED__reverse	reverse	1	1	mlp64_32	0.0	296	237	128	0.0078125	0.015625	0.0234375	0.01946468312402848	276.0	0.2734375	-0.04333708807826042
HER2ST::H	HER2ST_H1_CONTROLLED__reverse	reverse	1	1	mlp128_64_32	0.0	296	237	128	0.0	0.015625	0.03125	0.013379800724772527	266.5	0.2265625	-0.09006619453430176
HER2ST::H	HER2ST_H1_CONTROLLED__reverse	reverse	1	1	linear32	0.5	296	237	128	0.0078125	0.0078125	0.015625	0.016851846938704847	219.0	0.234375	0.019598521292209625
HER2ST::H	HER2ST_H1_CONTROLLED__reverse	reverse	1	1	mlp64_32	0.5	296	237	128	0.0	0.0234375	0.0234375	0.011422493750889379	218.5	0.1484375	-0.013154402375221252
HER2ST::H	HER2ST_H1_CONTROLLED__reverse	reverse	1	1	mlp128_64_32	0.5	296	237	128	0.0	0.0078125	0.015625	0.011270279145081137	237.5	0.1640625	-0.03777511417865753
HER2ST::H	HER2ST_H1_CONTROLLED__reverse	reverse	1	1	linear32	1.0	296	237	128	0.0	0.015625	0.03125	0.013486836736902413	286.5	0.1875	-0.007039207033813
HER2ST::H	HER2ST_H1_CONTROLLED__reverse	reverse	1	1	mlp64_32	1.0	296	237	128	0.0	0.0	0.0	0.007863212606531556	276.5	0.1328125	-0.03720054775476456
HER2ST::H	HER2ST_H1_CONTROLLED__reverse	reverse	1	1	mlp128_64_32	1.0	296	237	128	0.0	0.0	0.0	0.008783231339987294	215.5	0.171875	0.018893133848905563
HER2ST::H	HER2ST_H1_CONTROLLED__reverse	reverse	2	0	linear32	0.0	278	223	146	0.0	0.0	0.0	0.006995097078301934	300.0	0.2945205479452055	-0.022943496704101562
HER2ST::H	HER2ST_H1_CONTROLLED__reverse	reverse	2	0	mlp64_32	0.0	278	223	146	0.0	0.0136986301369863	0.0273972602739726	0.011678767147080493	283.5	0.22602739726027396	-0.06881847232580185
HER2ST::H	HER2ST_H1_CONTROLLED__reverse	reverse	2	0	mlp128_64_32	0.0	278	223	146	0.0	0.00684931506849315	0.0136986301369863	0.01116784388424433	293.0	0.21232876712328766	-0.08971760421991348
HER2ST::H	HER2ST_H1_CONTROLLED__reverse	reverse	2	0	linear32	0.5	278	223	146	0.00684931506849315	0.00684931506849315	0.02054794520547945	0.01725578459794345	245.5	0.2054794520547945	0.018699368461966515
HER2ST::H	HER2ST_H1_CONTROLLED__reverse	reverse	2	0	mlp64_32	0.5	278	223	146	0.0	0.0136986301369863	0.0273972602739726	0.0140925744357617	231.0	0.19863013698630136	-0.0009315814240835607
HER2ST::H	HER2ST_H1_CONTROLLED__reverse	reverse	2	0	mlp128_64_32	0.5	278	223	146	0.00684931506849315	0.02054794520547945	0.0273972602739726	0.017614983820922414	295.0	0.2054794520547945	-0.087612085044384
HER2ST::H	HER2ST_H1_CONTROLLED__reverse	reverse	2	0	linear32	1.0	278	223	146	0.0	0.0136986301369863	0.0273972602739726	0.01600449880003827	209.0	0.2671232876712329	0.030463604256510735
HER2ST::H	HER2ST_H1_CONTROLLED__reverse	reverse	2	0	mlp64_32	1.0	278	223	146	0.0136986301369863	0.02054794520547945	0.0273972602739726	0.025396737244759923	263.0	0.2054794520547945	-0.022384701296687126
HER2ST::H	HER2ST_H1_CONTROLLED__reverse	reverse	2	0	mlp128_64_32	1.0	278	223	146	0.00684931506849315	0.00684931506849315	0.00684931506849315	0.012766745742998317	293.0	0.19863013698630136	-0.049009017646312714
HER2ST::H	HER2ST_H1_CONTROLLED__reverse	reverse	2	1	linear32	0.0	278	223	146	0.0	0.0	0.02054794520547945	0.008885332678098653	254.0	0.3013698630136986	-0.009701431728899479
HER2ST::H	HER2ST_H1_CONTROLLED__reverse	reverse	2	1	mlp64_32	0.0	278	223	146	0.0	0.00684931506849315	0.00684931506849315	0.010702684334324277	282.0	0.2465753424657534	-0.014317681081593037
HER2ST::H	HER2ST_H1_CONTROLLED__reverse	reverse	2	1	mlp128_64_32	0.0	278	223	146	0.0	0.00684931506849315	0.02054794520547945	0.012267492330047884	243.0	0.22602739726027396	-0.035996969789266586
HER2ST::H	HER2ST_H1_CONTROLLED__reverse	reverse	2	1	linear32	0.5	278	223	146	0.0	0.0	0.0	0.007162677626269778	307.0	0.2054794520547945	-0.02017774060368538
HER2ST::H	HER2ST_H1_CONTROLLED__reverse	reverse	2	1	mlp64_32	0.5	278	223	146	0.0	0.00684931506849315	0.00684931506849315	0.009879190557999493	258.0	0.1506849315068493	-0.033056456595659256
HER2ST::H	HER2ST_H1_CONTROLLED__reverse	reverse	2	1	mlp128_64_32	0.5	278	223	146	0.0	0.0	0.0273972602739726	0.009674555898920311	263.0	0.13013698630136986	-0.06310632824897766
HER2ST::H	HER2ST_H1_CONTROLLED__reverse	reverse	2	1	linear32	1.0	278	223	146	0.0136986301369863	0.0136986301369863	0.0136986301369863	0.02288165125410487	264.5	0.2876712328767123	0.014159796759486198
HER2ST::H	HER2ST_H1_CONTROLLED__reverse	reverse	2	1	mlp64_32	1.0	278	223	146	0.0	0.00684931506849315	0.0273972602739726	0.011299642778587322	251.5	0.1643835616438356	-0.015942826867103577
HER2ST::H	HER2ST_H1_CONTROLLED__reverse	reverse	2	1	mlp128_64_32	1.0	278	223	146	0.0	0.00684931506849315	0.02054794520547945	0.010378658878501491	233.0	0.14383561643835616	-0.00669086491689086
