dataset	pair_id	pair_type	independent_unit_id	cohort_role	direction	pair_file_id	method	epsilon	tau	stage	arm	intervention	t	converged	iterations	seconds
spatialDLPFC	SDLPFC_Br2720_ANT_MID	within_donor_adjacent_position	spatialDLPFC::Br2720	primary_expansion	forward	SDLPFC_Br2720_ANT_MID	balanced_ot	0.25		base	BASE	NONE	0.0	True	200	8.25214589999814
spatialDLPFC	SDLPFC_Br2720_ANT_MID	within_donor_adjacent_position	spatialDLPFC::Br2720	primary_expansion	forward	SDLPFC_Br2720_ANT_MID	balanced_ot	0.25		local_neighborhood	R	I_EXPR	0.05	True	200	8.260714299991378
spatialDLPFC	SDLPFC_Br2720_ANT_MID	within_donor_adjacent_position	spatialDLPFC::Br2720	primary_expansion	forward	SDLPFC_Br2720_ANT_MID	balanced_ot	0.25		local_neighborhood	R	I_SPATIAL	0.05	True	200	8.177482600003714
spatialDLPFC	SDLPFC_Br2720_ANT_MID	within_donor_adjacent_position	spatialDLPFC::Br2720	primary_expansion	forward	SDLPFC_Br2720_ANT_MID	balanced_ot	0.25		local_neighborhood	N	I_EXPR	0.05	True	200	8.348110899998574
spatialDLPFC	SDLPFC_Br2720_ANT_MID	within_donor_adjacent_position	spatialDLPFC::Br2720	primary_expansion	forward	SDLPFC_Br2720_ANT_MID	balanced_ot	0.25		local_neighborhood	N	I_SPATIAL	0.05	True	200	8.2959700999927
spatialDLPFC	SDLPFC_Br2720_ANT_MID	within_donor_adjacent_position	spatialDLPFC::Br2720	primary_expansion	forward	SDLPFC_Br2720_ANT_MID	uot	0.25	2.0	base	BASE	NONE	0.0	True	85	3.5050841000047512
spatialDLPFC	SDLPFC_Br2720_ANT_MID	within_donor_adjacent_position	spatialDLPFC::Br2720	primary_expansion	forward	SDLPFC_Br2720_ANT_MID	uot	0.25	2.0	local_neighborhood	R	I_EXPR	0.05	True	85	3.557400500008953
spatialDLPFC	SDLPFC_Br2720_ANT_MID	within_donor_adjacent_position	spatialDLPFC::Br2720	primary_expansion	forward	SDLPFC_Br2720_ANT_MID	uot	0.25	2.0	local_neighborhood	R	I_SPATIAL	0.05	True	85	3.515820000000531
spatialDLPFC	SDLPFC_Br2720_ANT_MID	within_donor_adjacent_position	spatialDLPFC::Br2720	primary_expansion	forward	SDLPFC_Br2720_ANT_MID	uot	0.25	2.0	local_neighborhood	N	I_EXPR	0.05	True	85	3.498843199995463
spatialDLPFC	SDLPFC_Br2720_ANT_MID	within_donor_adjacent_position	spatialDLPFC::Br2720	primary_expansion	forward	SDLPFC_Br2720_ANT_MID	uot	0.25	2.0	local_neighborhood	N	I_SPATIAL	0.05	True	85	3.557469499995932
spatialDLPFC	SDLPFC_Br2720_ANT_MID	within_donor_adjacent_position	spatialDLPFC::Br2720	primary_expansion	forward	SDLPFC_Br2720_ANT_MID	row_softmax	0.25		base	BASE	NONE	0.0	True	1	0.03684909999719821
spatialDLPFC	SDLPFC_Br2720_ANT_MID	within_donor_adjacent_position	spatialDLPFC::Br2720	primary_expansion	forward	SDLPFC_Br2720_ANT_MID	row_softmax	0.25		local_neighborhood	R	I_EXPR	0.05	True	1	0.03618480000295676
spatialDLPFC	SDLPFC_Br2720_ANT_MID	within_donor_adjacent_position	spatialDLPFC::Br2720	primary_expansion	forward	SDLPFC_Br2720_ANT_MID	row_softmax	0.25		local_neighborhood	R	I_SPATIAL	0.05	True	1	0.037899400005699135
spatialDLPFC	SDLPFC_Br2720_ANT_MID	within_donor_adjacent_position	spatialDLPFC::Br2720	primary_expansion	forward	SDLPFC_Br2720_ANT_MID	row_softmax	0.25		local_neighborhood	N	I_EXPR	0.05	True	1	0.03651769999123644
spatialDLPFC	SDLPFC_Br2720_ANT_MID	within_donor_adjacent_position	spatialDLPFC::Br2720	primary_expansion	forward	SDLPFC_Br2720_ANT_MID	row_softmax	0.25		local_neighborhood	N	I_SPATIAL	0.05	True	1	0.03877699999429751
spatialDLPFC	SDLPFC_Br2720_ANT_MID	within_donor_adjacent_position	spatialDLPFC::Br2720	primary_expansion	reverse	SDLPFC_Br2720_ANT_MID__reverse	balanced_ot	0.25		base	BASE	NONE	0.0	True	200	8.366129999994882
spatialDLPFC	SDLPFC_Br2720_ANT_MID	within_donor_adjacent_position	spatialDLPFC::Br2720	primary_expansion	reverse	SDLPFC_Br2720_ANT_MID__reverse	balanced_ot	0.25		local_neighborhood	R	I_EXPR	0.05	True	200	8.311218500006362
spatialDLPFC	SDLPFC_Br2720_ANT_MID	within_donor_adjacent_position	spatialDLPFC::Br2720	primary_expansion	reverse	SDLPFC_Br2720_ANT_MID__reverse	balanced_ot	0.25		local_neighborhood	R	I_SPATIAL	0.05	True	200	8.304871700005606
spatialDLPFC	SDLPFC_Br2720_ANT_MID	within_donor_adjacent_position	spatialDLPFC::Br2720	primary_expansion	reverse	SDLPFC_Br2720_ANT_MID__reverse	balanced_ot	0.25		local_neighborhood	N	I_EXPR	0.05	True	200	8.288454599998659
spatialDLPFC	SDLPFC_Br2720_ANT_MID	within_donor_adjacent_position	spatialDLPFC::Br2720	primary_expansion	reverse	SDLPFC_Br2720_ANT_MID__reverse	balanced_ot	0.25		local_neighborhood	N	I_SPATIAL	0.05	True	200	8.300727399997413
spatialDLPFC	SDLPFC_Br2720_ANT_MID	within_donor_adjacent_position	spatialDLPFC::Br2720	primary_expansion	reverse	SDLPFC_Br2720_ANT_MID__reverse	uot	0.25	2.0	base	BASE	NONE	0.0	True	85	3.5198724000074435
spatialDLPFC	SDLPFC_Br2720_ANT_MID	within_donor_adjacent_position	spatialDLPFC::Br2720	primary_expansion	reverse	SDLPFC_Br2720_ANT_MID__reverse	uot	0.25	2.0	local_neighborhood	R	I_EXPR	0.05	True	85	3.5389684999972815
spatialDLPFC	SDLPFC_Br2720_ANT_MID	within_donor_adjacent_position	spatialDLPFC::Br2720	primary_expansion	reverse	SDLPFC_Br2720_ANT_MID__reverse	uot	0.25	2.0	local_neighborhood	R	I_SPATIAL	0.05	True	85	3.4795663000113564
spatialDLPFC	SDLPFC_Br2720_ANT_MID	within_donor_adjacent_position	spatialDLPFC::Br2720	primary_expansion	reverse	SDLPFC_Br2720_ANT_MID__reverse	uot	0.25	2.0	local_neighborhood	N	I_EXPR	0.05	True	85	3.505572199996095
spatialDLPFC	SDLPFC_Br2720_ANT_MID	within_donor_adjacent_position	spatialDLPFC::Br2720	primary_expansion	reverse	SDLPFC_Br2720_ANT_MID__reverse	uot	0.25	2.0	local_neighborhood	N	I_SPATIAL	0.05	True	85	3.573532199996407
spatialDLPFC	SDLPFC_Br2720_ANT_MID	within_donor_adjacent_position	spatialDLPFC::Br2720	primary_expansion	reverse	SDLPFC_Br2720_ANT_MID__reverse	row_softmax	0.25		base	BASE	NONE	0.0	True	1	0.03705729999637697
spatialDLPFC	SDLPFC_Br2720_ANT_MID	within_donor_adjacent_position	spatialDLPFC::Br2720	primary_expansion	reverse	SDLPFC_Br2720_ANT_MID__reverse	row_softmax	0.25		local_neighborhood	R	I_EXPR	0.05	True	1	0.03701670000737067
spatialDLPFC	SDLPFC_Br2720_ANT_MID	within_donor_adjacent_position	spatialDLPFC::Br2720	primary_expansion	reverse	SDLPFC_Br2720_ANT_MID__reverse	row_softmax	0.25		local_neighborhood	R	I_SPATIAL	0.05	True	1	0.037650700003723614
spatialDLPFC	SDLPFC_Br2720_ANT_MID	within_donor_adjacent_position	spatialDLPFC::Br2720	primary_expansion	reverse	SDLPFC_Br2720_ANT_MID__reverse	row_softmax	0.25		local_neighborhood	N	I_EXPR	0.05	True	1	0.03675420000217855
spatialDLPFC	SDLPFC_Br2720_ANT_MID	within_donor_adjacent_position	spatialDLPFC::Br2720	primary_expansion	reverse	SDLPFC_Br2720_ANT_MID__reverse	row_softmax	0.25		local_neighborhood	N	I_SPATIAL	0.05	True	1	0.036385100000188686
spatialDLPFC	SDLPFC_Br2743_ANT_MID	within_donor_adjacent_position	spatialDLPFC::Br2743	primary_expansion	forward	SDLPFC_Br2743_ANT_MID	balanced_ot	0.25		base	BASE	NONE	0.0	True	200	8.509704399999464
spatialDLPFC	SDLPFC_Br2743_ANT_MID	within_donor_adjacent_position	spatialDLPFC::Br2743	primary_expansion	forward	SDLPFC_Br2743_ANT_MID	balanced_ot	0.25		local_neighborhood	R	I_EXPR	0.05	True	200	8.402714500000002
spatialDLPFC	SDLPFC_Br2743_ANT_MID	within_donor_adjacent_position	spatialDLPFC::Br2743	primary_expansion	forward	SDLPFC_Br2743_ANT_MID	balanced_ot	0.25		local_neighborhood	R	I_SPATIAL	0.05	True	200	8.438440800004173
spatialDLPFC	SDLPFC_Br2743_ANT_MID	within_donor_adjacent_position	spatialDLPFC::Br2743	primary_expansion	forward	SDLPFC_Br2743_ANT_MID	balanced_ot	0.25		local_neighborhood	N	I_EXPR	0.05	True	200	8.388413399996352
spatialDLPFC	SDLPFC_Br2743_ANT_MID	within_donor_adjacent_position	spatialDLPFC::Br2743	primary_expansion	forward	SDLPFC_Br2743_ANT_MID	balanced_ot	0.25		local_neighborhood	N	I_SPATIAL	0.05	True	200	8.570012900003348
spatialDLPFC	SDLPFC_Br2743_ANT_MID	within_donor_adjacent_position	spatialDLPFC::Br2743	primary_expansion	forward	SDLPFC_Br2743_ANT_MID	uot	0.25	2.0	base	BASE	NONE	0.0	True	85	3.55426720000105
spatialDLPFC	SDLPFC_Br2743_ANT_MID	within_donor_adjacent_position	spatialDLPFC::Br2743	primary_expansion	forward	SDLPFC_Br2743_ANT_MID	uot	0.25	2.0	local_neighborhood	R	I_EXPR	0.05	True	85	3.608200400005444
spatialDLPFC	SDLPFC_Br2743_ANT_MID	within_donor_adjacent_position	spatialDLPFC::Br2743	primary_expansion	forward	SDLPFC_Br2743_ANT_MID	uot	0.25	2.0	local_neighborhood	R	I_SPATIAL	0.05	True	85	3.6398349000082817
spatialDLPFC	SDLPFC_Br2743_ANT_MID	within_donor_adjacent_position	spatialDLPFC::Br2743	primary_expansion	forward	SDLPFC_Br2743_ANT_MID	uot	0.25	2.0	local_neighborhood	N	I_EXPR	0.05	True	85	3.6145117999985814
spatialDLPFC	SDLPFC_Br2743_ANT_MID	within_donor_adjacent_position	spatialDLPFC::Br2743	primary_expansion	forward	SDLPFC_Br2743_ANT_MID	uot	0.25	2.0	local_neighborhood	N	I_SPATIAL	0.05	True	85	3.6019932000053814
spatialDLPFC	SDLPFC_Br2743_ANT_MID	within_donor_adjacent_position	spatialDLPFC::Br2743	primary_expansion	forward	SDLPFC_Br2743_ANT_MID	row_softmax	0.25		base	BASE	NONE	0.0	True	1	0.03888890000234824
spatialDLPFC	SDLPFC_Br2743_ANT_MID	within_donor_adjacent_position	spatialDLPFC::Br2743	primary_expansion	forward	SDLPFC_Br2743_ANT_MID	row_softmax	0.25		local_neighborhood	R	I_EXPR	0.05	True	1	0.036606099994969554
spatialDLPFC	SDLPFC_Br2743_ANT_MID	within_donor_adjacent_position	spatialDLPFC::Br2743	primary_expansion	forward	SDLPFC_Br2743_ANT_MID	row_softmax	0.25		local_neighborhood	R	I_SPATIAL	0.05	True	1	0.04474000001209788
spatialDLPFC	SDLPFC_Br2743_ANT_MID	within_donor_adjacent_position	spatialDLPFC::Br2743	primary_expansion	forward	SDLPFC_Br2743_ANT_MID	row_softmax	0.25		local_neighborhood	N	I_EXPR	0.05	True	1	0.038038099999539554
spatialDLPFC	SDLPFC_Br2743_ANT_MID	within_donor_adjacent_position	spatialDLPFC::Br2743	primary_expansion	forward	SDLPFC_Br2743_ANT_MID	row_softmax	0.25		local_neighborhood	N	I_SPATIAL	0.05	True	1	0.03679610000108369
spatialDLPFC	SDLPFC_Br2743_ANT_MID	within_donor_adjacent_position	spatialDLPFC::Br2743	primary_expansion	reverse	SDLPFC_Br2743_ANT_MID__reverse	balanced_ot	0.25		base	BASE	NONE	0.0	True	200	8.454497400001856
spatialDLPFC	SDLPFC_Br2743_ANT_MID	within_donor_adjacent_position	spatialDLPFC::Br2743	primary_expansion	reverse	SDLPFC_Br2743_ANT_MID__reverse	balanced_ot	0.25		local_neighborhood	R	I_EXPR	0.05	True	200	8.399814000003971
spatialDLPFC	SDLPFC_Br2743_ANT_MID	within_donor_adjacent_position	spatialDLPFC::Br2743	primary_expansion	reverse	SDLPFC_Br2743_ANT_MID__reverse	balanced_ot	0.25		local_neighborhood	R	I_SPATIAL	0.05	True	200	8.711031800005003
spatialDLPFC	SDLPFC_Br2743_ANT_MID	within_donor_adjacent_position	spatialDLPFC::Br2743	primary_expansion	reverse	SDLPFC_Br2743_ANT_MID__reverse	balanced_ot	0.25		local_neighborhood	N	I_EXPR	0.05	True	200	8.643550799999502
spatialDLPFC	SDLPFC_Br2743_ANT_MID	within_donor_adjacent_position	spatialDLPFC::Br2743	primary_expansion	reverse	SDLPFC_Br2743_ANT_MID__reverse	balanced_ot	0.25		local_neighborhood	N	I_SPATIAL	0.05	True	200	8.609916499990504
spatialDLPFC	SDLPFC_Br2743_ANT_MID	within_donor_adjacent_position	spatialDLPFC::Br2743	primary_expansion	reverse	SDLPFC_Br2743_ANT_MID__reverse	uot	0.25	2.0	base	BASE	NONE	0.0	True	85	3.7231963999947766
spatialDLPFC	SDLPFC_Br2743_ANT_MID	within_donor_adjacent_position	spatialDLPFC::Br2743	primary_expansion	reverse	SDLPFC_Br2743_ANT_MID__reverse	uot	0.25	2.0	local_neighborhood	R	I_EXPR	0.05	True	85	3.6077144000009866
spatialDLPFC	SDLPFC_Br2743_ANT_MID	within_donor_adjacent_position	spatialDLPFC::Br2743	primary_expansion	reverse	SDLPFC_Br2743_ANT_MID__reverse	uot	0.25	2.0	local_neighborhood	R	I_SPATIAL	0.05	True	85	3.6935573000082513
spatialDLPFC	SDLPFC_Br2743_ANT_MID	within_donor_adjacent_position	spatialDLPFC::Br2743	primary_expansion	reverse	SDLPFC_Br2743_ANT_MID__reverse	uot	0.25	2.0	local_neighborhood	N	I_EXPR	0.05	True	85	3.6827435000013793
spatialDLPFC	SDLPFC_Br2743_ANT_MID	within_donor_adjacent_position	spatialDLPFC::Br2743	primary_expansion	reverse	SDLPFC_Br2743_ANT_MID__reverse	uot	0.25	2.0	local_neighborhood	N	I_SPATIAL	0.05	True	85	3.587192099992535
spatialDLPFC	SDLPFC_Br2743_ANT_MID	within_donor_adjacent_position	spatialDLPFC::Br2743	primary_expansion	reverse	SDLPFC_Br2743_ANT_MID__reverse	row_softmax	0.25		base	BASE	NONE	0.0	True	1	0.03846930000872817
spatialDLPFC	SDLPFC_Br2743_ANT_MID	within_donor_adjacent_position	spatialDLPFC::Br2743	primary_expansion	reverse	SDLPFC_Br2743_ANT_MID__reverse	row_softmax	0.25		local_neighborhood	R	I_EXPR	0.05	True	1	0.04282180000154767
spatialDLPFC	SDLPFC_Br2743_ANT_MID	within_donor_adjacent_position	spatialDLPFC::Br2743	primary_expansion	reverse	SDLPFC_Br2743_ANT_MID__reverse	row_softmax	0.25		local_neighborhood	R	I_SPATIAL	0.05	True	1	0.047786099996301346
spatialDLPFC	SDLPFC_Br2743_ANT_MID	within_donor_adjacent_position	spatialDLPFC::Br2743	primary_expansion	reverse	SDLPFC_Br2743_ANT_MID__reverse	row_softmax	0.25		local_neighborhood	N	I_EXPR	0.05	True	1	0.04329659999348223
spatialDLPFC	SDLPFC_Br2743_ANT_MID	within_donor_adjacent_position	spatialDLPFC::Br2743	primary_expansion	reverse	SDLPFC_Br2743_ANT_MID__reverse	row_softmax	0.25		local_neighborhood	N	I_SPATIAL	0.05	True	1	0.046641799999633804
spatialDLPFC	SDLPFC_Br3942_ANT_MID	within_donor_adjacent_position	spatialDLPFC::Br3942	primary_expansion	forward	SDLPFC_Br3942_ANT_MID	balanced_ot	0.25		base	BASE	NONE	0.0	True	200	8.620194799994351
spatialDLPFC	SDLPFC_Br3942_ANT_MID	within_donor_adjacent_position	spatialDLPFC::Br3942	primary_expansion	forward	SDLPFC_Br3942_ANT_MID	balanced_ot	0.25		local_neighborhood	R	I_EXPR	0.05	True	200	8.39598109999497
spatialDLPFC	SDLPFC_Br3942_ANT_MID	within_donor_adjacent_position	spatialDLPFC::Br3942	primary_expansion	forward	SDLPFC_Br3942_ANT_MID	balanced_ot	0.25		local_neighborhood	R	I_SPATIAL	0.05	True	200	8.287597500006086
spatialDLPFC	SDLPFC_Br3942_ANT_MID	within_donor_adjacent_position	spatialDLPFC::Br3942	primary_expansion	forward	SDLPFC_Br3942_ANT_MID	balanced_ot	0.25		local_neighborhood	N	I_EXPR	0.05	True	200	8.479809700002079
spatialDLPFC	SDLPFC_Br3942_ANT_MID	within_donor_adjacent_position	spatialDLPFC::Br3942	primary_expansion	forward	SDLPFC_Br3942_ANT_MID	balanced_ot	0.25		local_neighborhood	N	I_SPATIAL	0.05	True	200	8.271206299992627
spatialDLPFC	SDLPFC_Br3942_ANT_MID	within_donor_adjacent_position	spatialDLPFC::Br3942	primary_expansion	forward	SDLPFC_Br3942_ANT_MID	uot	0.25	2.0	base	BASE	NONE	0.0	True	85	3.6387919999979204
spatialDLPFC	SDLPFC_Br3942_ANT_MID	within_donor_adjacent_position	spatialDLPFC::Br3942	primary_expansion	forward	SDLPFC_Br3942_ANT_MID	uot	0.25	2.0	local_neighborhood	R	I_EXPR	0.05	True	85	3.613824100000784
spatialDLPFC	SDLPFC_Br3942_ANT_MID	within_donor_adjacent_position	spatialDLPFC::Br3942	primary_expansion	forward	SDLPFC_Br3942_ANT_MID	uot	0.25	2.0	local_neighborhood	R	I_SPATIAL	0.05	True	85	3.5180618000013055
spatialDLPFC	SDLPFC_Br3942_ANT_MID	within_donor_adjacent_position	spatialDLPFC::Br3942	primary_expansion	forward	SDLPFC_Br3942_ANT_MID	uot	0.25	2.0	local_neighborhood	N	I_EXPR	0.05	True	85	3.5920953000022564
spatialDLPFC	SDLPFC_Br3942_ANT_MID	within_donor_adjacent_position	spatialDLPFC::Br3942	primary_expansion	forward	SDLPFC_Br3942_ANT_MID	uot	0.25	2.0	local_neighborhood	N	I_SPATIAL	0.05	True	85	3.514194100003806
spatialDLPFC	SDLPFC_Br3942_ANT_MID	within_donor_adjacent_position	spatialDLPFC::Br3942	primary_expansion	forward	SDLPFC_Br3942_ANT_MID	row_softmax	0.25		base	BASE	NONE	0.0	True	1	0.03895339999871794
spatialDLPFC	SDLPFC_Br3942_ANT_MID	within_donor_adjacent_position	spatialDLPFC::Br3942	primary_expansion	forward	SDLPFC_Br3942_ANT_MID	row_softmax	0.25		local_neighborhood	R	I_EXPR	0.05	True	1	0.03798139998980332
spatialDLPFC	SDLPFC_Br3942_ANT_MID	within_donor_adjacent_position	spatialDLPFC::Br3942	primary_expansion	forward	SDLPFC_Br3942_ANT_MID	row_softmax	0.25		local_neighborhood	R	I_SPATIAL	0.05	True	1	0.03842890000669286
spatialDLPFC	SDLPFC_Br3942_ANT_MID	within_donor_adjacent_position	spatialDLPFC::Br3942	primary_expansion	forward	SDLPFC_Br3942_ANT_MID	row_softmax	0.25		local_neighborhood	N	I_EXPR	0.05	True	1	0.03760419999889564
spatialDLPFC	SDLPFC_Br3942_ANT_MID	within_donor_adjacent_position	spatialDLPFC::Br3942	primary_expansion	forward	SDLPFC_Br3942_ANT_MID	row_softmax	0.25		local_neighborhood	N	I_SPATIAL	0.05	True	1	0.04215029999613762
spatialDLPFC	SDLPFC_Br3942_ANT_MID	within_donor_adjacent_position	spatialDLPFC::Br3942	primary_expansion	reverse	SDLPFC_Br3942_ANT_MID__reverse	balanced_ot	0.25		base	BASE	NONE	0.0	True	200	8.356991000007838
spatialDLPFC	SDLPFC_Br3942_ANT_MID	within_donor_adjacent_position	spatialDLPFC::Br3942	primary_expansion	reverse	SDLPFC_Br3942_ANT_MID__reverse	balanced_ot	0.25		local_neighborhood	R	I_EXPR	0.05	True	200	8.382245100001455
spatialDLPFC	SDLPFC_Br3942_ANT_MID	within_donor_adjacent_position	spatialDLPFC::Br3942	primary_expansion	reverse	SDLPFC_Br3942_ANT_MID__reverse	balanced_ot	0.25		local_neighborhood	R	I_SPATIAL	0.05	True	200	8.234126399998786
spatialDLPFC	SDLPFC_Br3942_ANT_MID	within_donor_adjacent_position	spatialDLPFC::Br3942	primary_expansion	reverse	SDLPFC_Br3942_ANT_MID__reverse	balanced_ot	0.25		local_neighborhood	N	I_EXPR	0.05	True	200	8.362976700009312
spatialDLPFC	SDLPFC_Br3942_ANT_MID	within_donor_adjacent_position	spatialDLPFC::Br3942	primary_expansion	reverse	SDLPFC_Br3942_ANT_MID__reverse	balanced_ot	0.25		local_neighborhood	N	I_SPATIAL	0.05	True	200	8.26267860000371
spatialDLPFC	SDLPFC_Br3942_ANT_MID	within_donor_adjacent_position	spatialDLPFC::Br3942	primary_expansion	reverse	SDLPFC_Br3942_ANT_MID__reverse	uot	0.25	2.0	base	BASE	NONE	0.0	True	85	3.526805000001332
spatialDLPFC	SDLPFC_Br3942_ANT_MID	within_donor_adjacent_position	spatialDLPFC::Br3942	primary_expansion	reverse	SDLPFC_Br3942_ANT_MID__reverse	uot	0.25	2.0	local_neighborhood	R	I_EXPR	0.05	True	85	3.5692971000098623
spatialDLPFC	SDLPFC_Br3942_ANT_MID	within_donor_adjacent_position	spatialDLPFC::Br3942	primary_expansion	reverse	SDLPFC_Br3942_ANT_MID__reverse	uot	0.25	2.0	local_neighborhood	R	I_SPATIAL	0.05	True	85	3.560541999991983
spatialDLPFC	SDLPFC_Br3942_ANT_MID	within_donor_adjacent_position	spatialDLPFC::Br3942	primary_expansion	reverse	SDLPFC_Br3942_ANT_MID__reverse	uot	0.25	2.0	local_neighborhood	N	I_EXPR	0.05	True	85	3.5214944999897853
spatialDLPFC	SDLPFC_Br3942_ANT_MID	within_donor_adjacent_position	spatialDLPFC::Br3942	primary_expansion	reverse	SDLPFC_Br3942_ANT_MID__reverse	uot	0.25	2.0	local_neighborhood	N	I_SPATIAL	0.05	True	85	3.530931799992686
spatialDLPFC	SDLPFC_Br3942_ANT_MID	within_donor_adjacent_position	spatialDLPFC::Br3942	primary_expansion	reverse	SDLPFC_Br3942_ANT_MID__reverse	row_softmax	0.25		base	BASE	NONE	0.0	True	1	0.04219870000088122
spatialDLPFC	SDLPFC_Br3942_ANT_MID	within_donor_adjacent_position	spatialDLPFC::Br3942	primary_expansion	reverse	SDLPFC_Br3942_ANT_MID__reverse	row_softmax	0.25		local_neighborhood	R	I_EXPR	0.05	True	1	0.04236730000411626
spatialDLPFC	SDLPFC_Br3942_ANT_MID	within_donor_adjacent_position	spatialDLPFC::Br3942	primary_expansion	reverse	SDLPFC_Br3942_ANT_MID__reverse	row_softmax	0.25		local_neighborhood	R	I_SPATIAL	0.05	True	1	0.03672800000640564
spatialDLPFC	SDLPFC_Br3942_ANT_MID	within_donor_adjacent_position	spatialDLPFC::Br3942	primary_expansion	reverse	SDLPFC_Br3942_ANT_MID__reverse	row_softmax	0.25		local_neighborhood	N	I_EXPR	0.05	True	1	0.04410040000220761
spatialDLPFC	SDLPFC_Br3942_ANT_MID	within_donor_adjacent_position	spatialDLPFC::Br3942	primary_expansion	reverse	SDLPFC_Br3942_ANT_MID__reverse	row_softmax	0.25		local_neighborhood	N	I_SPATIAL	0.05	True	1	0.036782399998628534
spatialDLPFC	SDLPFC_Br6423_ANT_MID	within_donor_adjacent_position	spatialDLPFC::Br6423	primary_expansion	forward	SDLPFC_Br6423_ANT_MID	balanced_ot	0.25		base	BASE	NONE	0.0	True	200	8.32127530001162
spatialDLPFC	SDLPFC_Br6423_ANT_MID	within_donor_adjacent_position	spatialDLPFC::Br6423	primary_expansion	forward	SDLPFC_Br6423_ANT_MID	balanced_ot	0.25		local_neighborhood	R	I_EXPR	0.05	True	200	8.324955300005968
spatialDLPFC	SDLPFC_Br6423_ANT_MID	within_donor_adjacent_position	spatialDLPFC::Br6423	primary_expansion	forward	SDLPFC_Br6423_ANT_MID	balanced_ot	0.25		local_neighborhood	R	I_SPATIAL	0.05	True	200	8.249301100004232
spatialDLPFC	SDLPFC_Br6423_ANT_MID	within_donor_adjacent_position	spatialDLPFC::Br6423	primary_expansion	forward	SDLPFC_Br6423_ANT_MID	balanced_ot	0.25		local_neighborhood	N	I_EXPR	0.05	True	200	8.368103999993764
spatialDLPFC	SDLPFC_Br6423_ANT_MID	within_donor_adjacent_position	spatialDLPFC::Br6423	primary_expansion	forward	SDLPFC_Br6423_ANT_MID	balanced_ot	0.25		local_neighborhood	N	I_SPATIAL	0.05	True	200	8.255583199992543
spatialDLPFC	SDLPFC_Br6423_ANT_MID	within_donor_adjacent_position	spatialDLPFC::Br6423	primary_expansion	forward	SDLPFC_Br6423_ANT_MID	uot	0.25	2.0	base	BASE	NONE	0.0	True	85	3.50892959999328
spatialDLPFC	SDLPFC_Br6423_ANT_MID	within_donor_adjacent_position	spatialDLPFC::Br6423	primary_expansion	forward	SDLPFC_Br6423_ANT_MID	uot	0.25	2.0	local_neighborhood	R	I_EXPR	0.05	True	85	3.498071099995286
spatialDLPFC	SDLPFC_Br6423_ANT_MID	within_donor_adjacent_position	spatialDLPFC::Br6423	primary_expansion	forward	SDLPFC_Br6423_ANT_MID	uot	0.25	2.0	local_neighborhood	R	I_SPATIAL	0.05	True	85	3.55894650000846
spatialDLPFC	SDLPFC_Br6423_ANT_MID	within_donor_adjacent_position	spatialDLPFC::Br6423	primary_expansion	forward	SDLPFC_Br6423_ANT_MID	uot	0.25	2.0	local_neighborhood	N	I_EXPR	0.05	True	85	3.482568200008245
spatialDLPFC	SDLPFC_Br6423_ANT_MID	within_donor_adjacent_position	spatialDLPFC::Br6423	primary_expansion	forward	SDLPFC_Br6423_ANT_MID	uot	0.25	2.0	local_neighborhood	N	I_SPATIAL	0.05	True	85	3.534085599996615
spatialDLPFC	SDLPFC_Br6423_ANT_MID	within_donor_adjacent_position	spatialDLPFC::Br6423	primary_expansion	forward	SDLPFC_Br6423_ANT_MID	row_softmax	0.25		base	BASE	NONE	0.0	True	1	0.037293499990482815
spatialDLPFC	SDLPFC_Br6423_ANT_MID	within_donor_adjacent_position	spatialDLPFC::Br6423	primary_expansion	forward	SDLPFC_Br6423_ANT_MID	row_softmax	0.25		local_neighborhood	R	I_EXPR	0.05	True	1	0.03762190000270493
spatialDLPFC	SDLPFC_Br6423_ANT_MID	within_donor_adjacent_position	spatialDLPFC::Br6423	primary_expansion	forward	SDLPFC_Br6423_ANT_MID	row_softmax	0.25		local_neighborhood	R	I_SPATIAL	0.05	True	1	0.037114399994607083
spatialDLPFC	SDLPFC_Br6423_ANT_MID	within_donor_adjacent_position	spatialDLPFC::Br6423	primary_expansion	forward	SDLPFC_Br6423_ANT_MID	row_softmax	0.25		local_neighborhood	N	I_EXPR	0.05	True	1	0.03812640000251122
spatialDLPFC	SDLPFC_Br6423_ANT_MID	within_donor_adjacent_position	spatialDLPFC::Br6423	primary_expansion	forward	SDLPFC_Br6423_ANT_MID	row_softmax	0.25		local_neighborhood	N	I_SPATIAL	0.05	True	1	0.043465199996717274
spatialDLPFC	SDLPFC_Br6423_ANT_MID	within_donor_adjacent_position	spatialDLPFC::Br6423	primary_expansion	reverse	SDLPFC_Br6423_ANT_MID__reverse	balanced_ot	0.25		base	BASE	NONE	0.0	True	200	8.24254180000571
spatialDLPFC	SDLPFC_Br6423_ANT_MID	within_donor_adjacent_position	spatialDLPFC::Br6423	primary_expansion	reverse	SDLPFC_Br6423_ANT_MID__reverse	balanced_ot	0.25		local_neighborhood	R	I_EXPR	0.05	True	200	8.275768799998332
spatialDLPFC	SDLPFC_Br6423_ANT_MID	within_donor_adjacent_position	spatialDLPFC::Br6423	primary_expansion	reverse	SDLPFC_Br6423_ANT_MID__reverse	balanced_ot	0.25		local_neighborhood	R	I_SPATIAL	0.05	True	200	8.248540200002026
spatialDLPFC	SDLPFC_Br6423_ANT_MID	within_donor_adjacent_position	spatialDLPFC::Br6423	primary_expansion	reverse	SDLPFC_Br6423_ANT_MID__reverse	balanced_ot	0.25		local_neighborhood	N	I_EXPR	0.05	True	200	8.298059000007925
spatialDLPFC	SDLPFC_Br6423_ANT_MID	within_donor_adjacent_position	spatialDLPFC::Br6423	primary_expansion	reverse	SDLPFC_Br6423_ANT_MID__reverse	balanced_ot	0.25		local_neighborhood	N	I_SPATIAL	0.05	True	200	8.280977300004452
spatialDLPFC	SDLPFC_Br6423_ANT_MID	within_donor_adjacent_position	spatialDLPFC::Br6423	primary_expansion	reverse	SDLPFC_Br6423_ANT_MID__reverse	uot	0.25	2.0	base	BASE	NONE	0.0	True	85	3.467415599996457
spatialDLPFC	SDLPFC_Br6423_ANT_MID	within_donor_adjacent_position	spatialDLPFC::Br6423	primary_expansion	reverse	SDLPFC_Br6423_ANT_MID__reverse	uot	0.25	2.0	local_neighborhood	R	I_EXPR	0.05	True	85	3.5348024999984773
spatialDLPFC	SDLPFC_Br6423_ANT_MID	within_donor_adjacent_position	spatialDLPFC::Br6423	primary_expansion	reverse	SDLPFC_Br6423_ANT_MID__reverse	uot	0.25	2.0	local_neighborhood	R	I_SPATIAL	0.05	True	85	3.4861329999985173
spatialDLPFC	SDLPFC_Br6423_ANT_MID	within_donor_adjacent_position	spatialDLPFC::Br6423	primary_expansion	reverse	SDLPFC_Br6423_ANT_MID__reverse	uot	0.25	2.0	local_neighborhood	N	I_EXPR	0.05	True	85	3.462551999997231
spatialDLPFC	SDLPFC_Br6423_ANT_MID	within_donor_adjacent_position	spatialDLPFC::Br6423	primary_expansion	reverse	SDLPFC_Br6423_ANT_MID__reverse	uot	0.25	2.0	local_neighborhood	N	I_SPATIAL	0.05	True	85	3.51021629999741
spatialDLPFC	SDLPFC_Br6423_ANT_MID	within_donor_adjacent_position	spatialDLPFC::Br6423	primary_expansion	reverse	SDLPFC_Br6423_ANT_MID__reverse	row_softmax	0.25		base	BASE	NONE	0.0	True	1	0.037670000005164184
spatialDLPFC	SDLPFC_Br6423_ANT_MID	within_donor_adjacent_position	spatialDLPFC::Br6423	primary_expansion	reverse	SDLPFC_Br6423_ANT_MID__reverse	row_softmax	0.25		local_neighborhood	R	I_EXPR	0.05	True	1	0.037490700007765554
spatialDLPFC	SDLPFC_Br6423_ANT_MID	within_donor_adjacent_position	spatialDLPFC::Br6423	primary_expansion	reverse	SDLPFC_Br6423_ANT_MID__reverse	row_softmax	0.25		local_neighborhood	R	I_SPATIAL	0.05	True	1	0.038567499999771826
spatialDLPFC	SDLPFC_Br6423_ANT_MID	within_donor_adjacent_position	spatialDLPFC::Br6423	primary_expansion	reverse	SDLPFC_Br6423_ANT_MID__reverse	row_softmax	0.25		local_neighborhood	N	I_EXPR	0.05	True	1	0.042886299997917376
spatialDLPFC	SDLPFC_Br6423_ANT_MID	within_donor_adjacent_position	spatialDLPFC::Br6423	primary_expansion	reverse	SDLPFC_Br6423_ANT_MID__reverse	row_softmax	0.25		local_neighborhood	N	I_SPATIAL	0.05	True	1	0.03716050001094118
spatialDLPFC	SDLPFC_Br6432_ANT_MID	within_donor_adjacent_position	spatialDLPFC::Br6432	primary_expansion	forward	SDLPFC_Br6432_ANT_MID	balanced_ot	0.25		base	BASE	NONE	0.0	True	200	8.253517200006172
spatialDLPFC	SDLPFC_Br6432_ANT_MID	within_donor_adjacent_position	spatialDLPFC::Br6432	primary_expansion	forward	SDLPFC_Br6432_ANT_MID	balanced_ot	0.25		local_neighborhood	R	I_EXPR	0.05	True	200	8.322065899992594
spatialDLPFC	SDLPFC_Br6432_ANT_MID	within_donor_adjacent_position	spatialDLPFC::Br6432	primary_expansion	forward	SDLPFC_Br6432_ANT_MID	balanced_ot	0.25		local_neighborhood	R	I_SPATIAL	0.05	True	200	8.303557200008072
spatialDLPFC	SDLPFC_Br6432_ANT_MID	within_donor_adjacent_position	spatialDLPFC::Br6432	primary_expansion	forward	SDLPFC_Br6432_ANT_MID	balanced_ot	0.25		local_neighborhood	N	I_EXPR	0.05	True	200	8.253648999991128
spatialDLPFC	SDLPFC_Br6432_ANT_MID	within_donor_adjacent_position	spatialDLPFC::Br6432	primary_expansion	forward	SDLPFC_Br6432_ANT_MID	balanced_ot	0.25		local_neighborhood	N	I_SPATIAL	0.05	True	200	8.29287679999834
spatialDLPFC	SDLPFC_Br6432_ANT_MID	within_donor_adjacent_position	spatialDLPFC::Br6432	primary_expansion	forward	SDLPFC_Br6432_ANT_MID	uot	0.25	2.0	base	BASE	NONE	0.0	True	85	3.490715400010231
spatialDLPFC	SDLPFC_Br6432_ANT_MID	within_donor_adjacent_position	spatialDLPFC::Br6432	primary_expansion	forward	SDLPFC_Br6432_ANT_MID	uot	0.25	2.0	local_neighborhood	R	I_EXPR	0.05	True	85	3.4989277999993647
spatialDLPFC	SDLPFC_Br6432_ANT_MID	within_donor_adjacent_position	spatialDLPFC::Br6432	primary_expansion	forward	SDLPFC_Br6432_ANT_MID	uot	0.25	2.0	local_neighborhood	R	I_SPATIAL	0.05	True	85	3.5320376999879954
spatialDLPFC	SDLPFC_Br6432_ANT_MID	within_donor_adjacent_position	spatialDLPFC::Br6432	primary_expansion	forward	SDLPFC_Br6432_ANT_MID	uot	0.25	2.0	local_neighborhood	N	I_EXPR	0.05	True	85	3.5886035000003176
spatialDLPFC	SDLPFC_Br6432_ANT_MID	within_donor_adjacent_position	spatialDLPFC::Br6432	primary_expansion	forward	SDLPFC_Br6432_ANT_MID	uot	0.25	2.0	local_neighborhood	N	I_SPATIAL	0.05	True	85	3.5345987000036985
spatialDLPFC	SDLPFC_Br6432_ANT_MID	within_donor_adjacent_position	spatialDLPFC::Br6432	primary_expansion	forward	SDLPFC_Br6432_ANT_MID	row_softmax	0.25		base	BASE	NONE	0.0	True	1	0.0378428999974858
spatialDLPFC	SDLPFC_Br6432_ANT_MID	within_donor_adjacent_position	spatialDLPFC::Br6432	primary_expansion	forward	SDLPFC_Br6432_ANT_MID	row_softmax	0.25		local_neighborhood	R	I_EXPR	0.05	True	1	0.03682710000430234
spatialDLPFC	SDLPFC_Br6432_ANT_MID	within_donor_adjacent_position	spatialDLPFC::Br6432	primary_expansion	forward	SDLPFC_Br6432_ANT_MID	row_softmax	0.25		local_neighborhood	R	I_SPATIAL	0.05	True	1	0.04166909999912605
spatialDLPFC	SDLPFC_Br6432_ANT_MID	within_donor_adjacent_position	spatialDLPFC::Br6432	primary_expansion	forward	SDLPFC_Br6432_ANT_MID	row_softmax	0.25		local_neighborhood	N	I_EXPR	0.05	True	1	0.036242300004232675
spatialDLPFC	SDLPFC_Br6432_ANT_MID	within_donor_adjacent_position	spatialDLPFC::Br6432	primary_expansion	forward	SDLPFC_Br6432_ANT_MID	row_softmax	0.25		local_neighborhood	N	I_SPATIAL	0.05	True	1	0.036361499995109625
spatialDLPFC	SDLPFC_Br6432_ANT_MID	within_donor_adjacent_position	spatialDLPFC::Br6432	primary_expansion	reverse	SDLPFC_Br6432_ANT_MID__reverse	uot	0.25	2.0	base	BASE	NONE	0.0	True	85	3.466689699998824
spatialDLPFC	SDLPFC_Br6432_ANT_MID	within_donor_adjacent_position	spatialDLPFC::Br6432	primary_expansion	reverse	SDLPFC_Br6432_ANT_MID__reverse	uot	0.25	2.0	local_neighborhood	R	I_EXPR	0.05	True	85	3.5338724000030197
spatialDLPFC	SDLPFC_Br6432_ANT_MID	within_donor_adjacent_position	spatialDLPFC::Br6432	primary_expansion	reverse	SDLPFC_Br6432_ANT_MID__reverse	uot	0.25	2.0	local_neighborhood	R	I_SPATIAL	0.05	True	85	3.4634236999991117
spatialDLPFC	SDLPFC_Br6432_ANT_MID	within_donor_adjacent_position	spatialDLPFC::Br6432	primary_expansion	reverse	SDLPFC_Br6432_ANT_MID__reverse	uot	0.25	2.0	local_neighborhood	N	I_EXPR	0.05	True	85	3.5030932999943616
spatialDLPFC	SDLPFC_Br6432_ANT_MID	within_donor_adjacent_position	spatialDLPFC::Br6432	primary_expansion	reverse	SDLPFC_Br6432_ANT_MID__reverse	uot	0.25	2.0	local_neighborhood	N	I_SPATIAL	0.05	True	85	3.54800530000648
spatialDLPFC	SDLPFC_Br6432_ANT_MID	within_donor_adjacent_position	spatialDLPFC::Br6432	primary_expansion	reverse	SDLPFC_Br6432_ANT_MID__reverse	balanced_ot	0.25		base	BASE	NONE	0.0	True	200	8.282430899998872
spatialDLPFC	SDLPFC_Br6432_ANT_MID	within_donor_adjacent_position	spatialDLPFC::Br6432	primary_expansion	reverse	SDLPFC_Br6432_ANT_MID__reverse	balanced_ot	0.25		local_neighborhood	R	I_EXPR	0.05	True	200	8.267419099996914
spatialDLPFC	SDLPFC_Br6432_ANT_MID	within_donor_adjacent_position	spatialDLPFC::Br6432	primary_expansion	reverse	SDLPFC_Br6432_ANT_MID__reverse	balanced_ot	0.25		local_neighborhood	R	I_SPATIAL	0.05	True	200	8.284515499995905
spatialDLPFC	SDLPFC_Br6432_ANT_MID	within_donor_adjacent_position	spatialDLPFC::Br6432	primary_expansion	reverse	SDLPFC_Br6432_ANT_MID__reverse	balanced_ot	0.25		local_neighborhood	N	I_EXPR	0.05	True	200	8.217373700012104
spatialDLPFC	SDLPFC_Br6432_ANT_MID	within_donor_adjacent_position	spatialDLPFC::Br6432	primary_expansion	reverse	SDLPFC_Br6432_ANT_MID__reverse	balanced_ot	0.25		local_neighborhood	N	I_SPATIAL	0.05	True	200	8.306196100005764
spatialDLPFC	SDLPFC_Br6471_ANT_MID	within_donor_adjacent_position	spatialDLPFC::Br6471	primary_expansion	forward	SDLPFC_Br6471_ANT_MID	balanced_ot	0.25		base	BASE	NONE	0.0	True	200	8.182450499996776
spatialDLPFC	SDLPFC_Br6471_ANT_MID	within_donor_adjacent_position	spatialDLPFC::Br6471	primary_expansion	forward	SDLPFC_Br6471_ANT_MID	balanced_ot	0.25		local_neighborhood	R	I_EXPR	0.05	True	200	8.29217790000257
spatialDLPFC	SDLPFC_Br6471_ANT_MID	within_donor_adjacent_position	spatialDLPFC::Br6471	primary_expansion	forward	SDLPFC_Br6471_ANT_MID	balanced_ot	0.25		local_neighborhood	R	I_SPATIAL	0.05	True	200	8.245865699995193
spatialDLPFC	SDLPFC_Br6471_ANT_MID	within_donor_adjacent_position	spatialDLPFC::Br6471	primary_expansion	forward	SDLPFC_Br6471_ANT_MID	balanced_ot	0.25		local_neighborhood	N	I_EXPR	0.05	True	200	8.204800699997577
spatialDLPFC	SDLPFC_Br6471_ANT_MID	within_donor_adjacent_position	spatialDLPFC::Br6471	primary_expansion	forward	SDLPFC_Br6471_ANT_MID	balanced_ot	0.25		local_neighborhood	N	I_SPATIAL	0.05	True	200	8.299849499991979
spatialDLPFC	SDLPFC_Br6432_ANT_MID	within_donor_adjacent_position	spatialDLPFC::Br6432	primary_expansion	reverse	SDLPFC_Br6432_ANT_MID__reverse	row_softmax	0.25		base	BASE	NONE	0.0	True	1	0.03684320001048036
spatialDLPFC	SDLPFC_Br6432_ANT_MID	within_donor_adjacent_position	spatialDLPFC::Br6432	primary_expansion	reverse	SDLPFC_Br6432_ANT_MID__reverse	row_softmax	0.25		local_neighborhood	R	I_EXPR	0.05	True	1	0.03918429999612272
spatialDLPFC	SDLPFC_Br6432_ANT_MID	within_donor_adjacent_position	spatialDLPFC::Br6432	primary_expansion	reverse	SDLPFC_Br6432_ANT_MID__reverse	row_softmax	0.25		local_neighborhood	R	I_SPATIAL	0.05	True	1	0.03729330000351183
spatialDLPFC	SDLPFC_Br6432_ANT_MID	within_donor_adjacent_position	spatialDLPFC::Br6432	primary_expansion	reverse	SDLPFC_Br6432_ANT_MID__reverse	row_softmax	0.25		local_neighborhood	N	I_EXPR	0.05	True	1	0.03682340000523254
spatialDLPFC	SDLPFC_Br6432_ANT_MID	within_donor_adjacent_position	spatialDLPFC::Br6432	primary_expansion	reverse	SDLPFC_Br6432_ANT_MID__reverse	row_softmax	0.25		local_neighborhood	N	I_SPATIAL	0.05	True	1	0.03668720000132453
spatialDLPFC	SDLPFC_Br6471_ANT_MID	within_donor_adjacent_position	spatialDLPFC::Br6471	primary_expansion	forward	SDLPFC_Br6471_ANT_MID	uot	0.25	2.0	base	BASE	NONE	0.0	True	85	3.5032068000000436
spatialDLPFC	SDLPFC_Br6471_ANT_MID	within_donor_adjacent_position	spatialDLPFC::Br6471	primary_expansion	forward	SDLPFC_Br6471_ANT_MID	uot	0.25	2.0	local_neighborhood	R	I_EXPR	0.05	True	85	3.515906599990558
spatialDLPFC	SDLPFC_Br6471_ANT_MID	within_donor_adjacent_position	spatialDLPFC::Br6471	primary_expansion	forward	SDLPFC_Br6471_ANT_MID	uot	0.25	2.0	local_neighborhood	R	I_SPATIAL	0.05	True	85	3.4623164999939036
spatialDLPFC	SDLPFC_Br6471_ANT_MID	within_donor_adjacent_position	spatialDLPFC::Br6471	primary_expansion	forward	SDLPFC_Br6471_ANT_MID	uot	0.25	2.0	local_neighborhood	N	I_EXPR	0.05	True	85	3.5081578999961494
spatialDLPFC	SDLPFC_Br6471_ANT_MID	within_donor_adjacent_position	spatialDLPFC::Br6471	primary_expansion	forward	SDLPFC_Br6471_ANT_MID	uot	0.25	2.0	local_neighborhood	N	I_SPATIAL	0.05	True	85	3.549182600007043
spatialDLPFC	SDLPFC_Br6471_ANT_MID	within_donor_adjacent_position	spatialDLPFC::Br6471	primary_expansion	forward	SDLPFC_Br6471_ANT_MID	row_softmax	0.25		base	BASE	NONE	0.0	True	1	0.0369189000048209
spatialDLPFC	SDLPFC_Br6471_ANT_MID	within_donor_adjacent_position	spatialDLPFC::Br6471	primary_expansion	forward	SDLPFC_Br6471_ANT_MID	row_softmax	0.25		local_neighborhood	R	I_EXPR	0.05	True	1	0.0380552999995416
spatialDLPFC	SDLPFC_Br6471_ANT_MID	within_donor_adjacent_position	spatialDLPFC::Br6471	primary_expansion	forward	SDLPFC_Br6471_ANT_MID	row_softmax	0.25		local_neighborhood	R	I_SPATIAL	0.05	True	1	0.03577210000366904
spatialDLPFC	SDLPFC_Br6471_ANT_MID	within_donor_adjacent_position	spatialDLPFC::Br6471	primary_expansion	forward	SDLPFC_Br6471_ANT_MID	row_softmax	0.25		local_neighborhood	N	I_EXPR	0.05	True	1	0.03811320000386331
spatialDLPFC	SDLPFC_Br6471_ANT_MID	within_donor_adjacent_position	spatialDLPFC::Br6471	primary_expansion	forward	SDLPFC_Br6471_ANT_MID	row_softmax	0.25		local_neighborhood	N	I_SPATIAL	0.05	True	1	0.03824950000853278
spatialDLPFC	SDLPFC_Br6471_ANT_MID	within_donor_adjacent_position	spatialDLPFC::Br6471	primary_expansion	reverse	SDLPFC_Br6471_ANT_MID__reverse	balanced_ot	0.25		base	BASE	NONE	0.0	True	200	8.255130300007295
spatialDLPFC	SDLPFC_Br6471_ANT_MID	within_donor_adjacent_position	spatialDLPFC::Br6471	primary_expansion	reverse	SDLPFC_Br6471_ANT_MID__reverse	balanced_ot	0.25		local_neighborhood	R	I_EXPR	0.05	True	200	8.293223500004387
spatialDLPFC	SDLPFC_Br6471_ANT_MID	within_donor_adjacent_position	spatialDLPFC::Br6471	primary_expansion	reverse	SDLPFC_Br6471_ANT_MID__reverse	balanced_ot	0.25		local_neighborhood	R	I_SPATIAL	0.05	True	200	8.23325799999293
spatialDLPFC	SDLPFC_Br6471_ANT_MID	within_donor_adjacent_position	spatialDLPFC::Br6471	primary_expansion	reverse	SDLPFC_Br6471_ANT_MID__reverse	balanced_ot	0.25		local_neighborhood	N	I_EXPR	0.05	True	200	8.32356720000098
spatialDLPFC	SDLPFC_Br6471_ANT_MID	within_donor_adjacent_position	spatialDLPFC::Br6471	primary_expansion	reverse	SDLPFC_Br6471_ANT_MID__reverse	balanced_ot	0.25		local_neighborhood	N	I_SPATIAL	0.05	True	200	8.292008299991721
spatialDLPFC	SDLPFC_Br6471_ANT_MID	within_donor_adjacent_position	spatialDLPFC::Br6471	primary_expansion	reverse	SDLPFC_Br6471_ANT_MID__reverse	uot	0.25	2.0	base	BASE	NONE	0.0	True	85	3.5354329999972833
spatialDLPFC	SDLPFC_Br6471_ANT_MID	within_donor_adjacent_position	spatialDLPFC::Br6471	primary_expansion	reverse	SDLPFC_Br6471_ANT_MID__reverse	uot	0.25	2.0	local_neighborhood	R	I_EXPR	0.05	True	85	3.489969199988991
spatialDLPFC	SDLPFC_Br6471_ANT_MID	within_donor_adjacent_position	spatialDLPFC::Br6471	primary_expansion	reverse	SDLPFC_Br6471_ANT_MID__reverse	uot	0.25	2.0	local_neighborhood	R	I_SPATIAL	0.05	True	85	3.558200500003295
spatialDLPFC	SDLPFC_Br6471_ANT_MID	within_donor_adjacent_position	spatialDLPFC::Br6471	primary_expansion	reverse	SDLPFC_Br6471_ANT_MID__reverse	uot	0.25	2.0	local_neighborhood	N	I_EXPR	0.05	True	85	3.49854200000118
spatialDLPFC	SDLPFC_Br6471_ANT_MID	within_donor_adjacent_position	spatialDLPFC::Br6471	primary_expansion	reverse	SDLPFC_Br6471_ANT_MID__reverse	uot	0.25	2.0	local_neighborhood	N	I_SPATIAL	0.05	True	85	3.560416599997552
spatialDLPFC	SDLPFC_Br6471_ANT_MID	within_donor_adjacent_position	spatialDLPFC::Br6471	primary_expansion	reverse	SDLPFC_Br6471_ANT_MID__reverse	row_softmax	0.25		base	BASE	NONE	0.0	True	1	0.03873300000850577
spatialDLPFC	SDLPFC_Br6471_ANT_MID	within_donor_adjacent_position	spatialDLPFC::Br6471	primary_expansion	reverse	SDLPFC_Br6471_ANT_MID__reverse	row_softmax	0.25		local_neighborhood	R	I_EXPR	0.05	True	1	0.03696120000677183
spatialDLPFC	SDLPFC_Br6471_ANT_MID	within_donor_adjacent_position	spatialDLPFC::Br6471	primary_expansion	reverse	SDLPFC_Br6471_ANT_MID__reverse	row_softmax	0.25		local_neighborhood	R	I_SPATIAL	0.05	True	1	0.04686499999661464
spatialDLPFC	SDLPFC_Br6471_ANT_MID	within_donor_adjacent_position	spatialDLPFC::Br6471	primary_expansion	reverse	SDLPFC_Br6471_ANT_MID__reverse	row_softmax	0.25		local_neighborhood	N	I_EXPR	0.05	True	1	0.03727929999877233
spatialDLPFC	SDLPFC_Br6471_ANT_MID	within_donor_adjacent_position	spatialDLPFC::Br6471	primary_expansion	reverse	SDLPFC_Br6471_ANT_MID__reverse	row_softmax	0.25		local_neighborhood	N	I_SPATIAL	0.05	True	1	0.03767170000355691
spatialDLPFC	SDLPFC_Br6522_ANT_MID	within_donor_adjacent_position	spatialDLPFC::Br6522	primary_expansion	forward	SDLPFC_Br6522_ANT_MID	balanced_ot	0.25		base	BASE	NONE	0.0	True	200	8.228393199999118
spatialDLPFC	SDLPFC_Br6522_ANT_MID	within_donor_adjacent_position	spatialDLPFC::Br6522	primary_expansion	forward	SDLPFC_Br6522_ANT_MID	balanced_ot	0.25		local_neighborhood	R	I_EXPR	0.05	True	200	8.190925000002608
spatialDLPFC	SDLPFC_Br6522_ANT_MID	within_donor_adjacent_position	spatialDLPFC::Br6522	primary_expansion	forward	SDLPFC_Br6522_ANT_MID	balanced_ot	0.25		local_neighborhood	R	I_SPATIAL	0.05	True	200	8.361983599999803
spatialDLPFC	SDLPFC_Br6522_ANT_MID	within_donor_adjacent_position	spatialDLPFC::Br6522	primary_expansion	forward	SDLPFC_Br6522_ANT_MID	balanced_ot	0.25		local_neighborhood	N	I_EXPR	0.05	True	200	8.255153299993253
spatialDLPFC	SDLPFC_Br6522_ANT_MID	within_donor_adjacent_position	spatialDLPFC::Br6522	primary_expansion	forward	SDLPFC_Br6522_ANT_MID	balanced_ot	0.25		local_neighborhood	N	I_SPATIAL	0.05	True	200	8.300507599997218
spatialDLPFC	SDLPFC_Br6522_ANT_MID	within_donor_adjacent_position	spatialDLPFC::Br6522	primary_expansion	forward	SDLPFC_Br6522_ANT_MID	uot	0.25	2.0	base	BASE	NONE	0.0	True	85	3.510526900005061
spatialDLPFC	SDLPFC_Br6522_ANT_MID	within_donor_adjacent_position	spatialDLPFC::Br6522	primary_expansion	forward	SDLPFC_Br6522_ANT_MID	uot	0.25	2.0	local_neighborhood	R	I_EXPR	0.05	True	85	3.5423987999965902
spatialDLPFC	SDLPFC_Br6522_ANT_MID	within_donor_adjacent_position	spatialDLPFC::Br6522	primary_expansion	forward	SDLPFC_Br6522_ANT_MID	uot	0.25	2.0	local_neighborhood	R	I_SPATIAL	0.05	True	85	3.541257599994424
spatialDLPFC	SDLPFC_Br6522_ANT_MID	within_donor_adjacent_position	spatialDLPFC::Br6522	primary_expansion	forward	SDLPFC_Br6522_ANT_MID	uot	0.25	2.0	local_neighborhood	N	I_EXPR	0.05	True	85	3.4868385000008857
spatialDLPFC	SDLPFC_Br6522_ANT_MID	within_donor_adjacent_position	spatialDLPFC::Br6522	primary_expansion	forward	SDLPFC_Br6522_ANT_MID	uot	0.25	2.0	local_neighborhood	N	I_SPATIAL	0.05	True	85	3.5753015000082087
spatialDLPFC	SDLPFC_Br6522_ANT_MID	within_donor_adjacent_position	spatialDLPFC::Br6522	primary_expansion	forward	SDLPFC_Br6522_ANT_MID	row_softmax	0.25		base	BASE	NONE	0.0	True	1	0.04335670000000391
spatialDLPFC	SDLPFC_Br6522_ANT_MID	within_donor_adjacent_position	spatialDLPFC::Br6522	primary_expansion	forward	SDLPFC_Br6522_ANT_MID	row_softmax	0.25		local_neighborhood	R	I_EXPR	0.05	True	1	0.03887219999160152
spatialDLPFC	SDLPFC_Br6522_ANT_MID	within_donor_adjacent_position	spatialDLPFC::Br6522	primary_expansion	forward	SDLPFC_Br6522_ANT_MID	row_softmax	0.25		local_neighborhood	R	I_SPATIAL	0.05	True	1	0.037328899998101406
spatialDLPFC	SDLPFC_Br6522_ANT_MID	within_donor_adjacent_position	spatialDLPFC::Br6522	primary_expansion	forward	SDLPFC_Br6522_ANT_MID	row_softmax	0.25		local_neighborhood	N	I_EXPR	0.05	True	1	0.03701590000127908
spatialDLPFC	SDLPFC_Br6522_ANT_MID	within_donor_adjacent_position	spatialDLPFC::Br6522	primary_expansion	forward	SDLPFC_Br6522_ANT_MID	row_softmax	0.25		local_neighborhood	N	I_SPATIAL	0.05	True	1	0.03876539999328088
spatialDLPFC	SDLPFC_Br6522_ANT_MID	within_donor_adjacent_position	spatialDLPFC::Br6522	primary_expansion	reverse	SDLPFC_Br6522_ANT_MID__reverse	balanced_ot	0.25		base	BASE	NONE	0.0	True	200	8.312976200002595
spatialDLPFC	SDLPFC_Br6522_ANT_MID	within_donor_adjacent_position	spatialDLPFC::Br6522	primary_expansion	reverse	SDLPFC_Br6522_ANT_MID__reverse	balanced_ot	0.25		local_neighborhood	R	I_EXPR	0.05	True	200	8.274009699991439
spatialDLPFC	SDLPFC_Br6522_ANT_MID	within_donor_adjacent_position	spatialDLPFC::Br6522	primary_expansion	reverse	SDLPFC_Br6522_ANT_MID__reverse	balanced_ot	0.25		local_neighborhood	R	I_SPATIAL	0.05	True	200	8.358560100008617
spatialDLPFC	SDLPFC_Br6522_ANT_MID	within_donor_adjacent_position	spatialDLPFC::Br6522	primary_expansion	reverse	SDLPFC_Br6522_ANT_MID__reverse	balanced_ot	0.25		local_neighborhood	N	I_EXPR	0.05	True	200	8.317201700003352
spatialDLPFC	SDLPFC_Br6522_ANT_MID	within_donor_adjacent_position	spatialDLPFC::Br6522	primary_expansion	reverse	SDLPFC_Br6522_ANT_MID__reverse	balanced_ot	0.25		local_neighborhood	N	I_SPATIAL	0.05	True	200	8.20097540000279
spatialDLPFC	SDLPFC_Br6522_ANT_MID	within_donor_adjacent_position	spatialDLPFC::Br6522	primary_expansion	reverse	SDLPFC_Br6522_ANT_MID__reverse	uot	0.25	2.0	base	BASE	NONE	0.0	True	85	3.5424365000071703
spatialDLPFC	SDLPFC_Br6522_ANT_MID	within_donor_adjacent_position	spatialDLPFC::Br6522	primary_expansion	reverse	SDLPFC_Br6522_ANT_MID__reverse	uot	0.25	2.0	local_neighborhood	R	I_EXPR	0.05	True	85	3.5005595999973593
spatialDLPFC	SDLPFC_Br6522_ANT_MID	within_donor_adjacent_position	spatialDLPFC::Br6522	primary_expansion	reverse	SDLPFC_Br6522_ANT_MID__reverse	uot	0.25	2.0	local_neighborhood	R	I_SPATIAL	0.05	True	85	3.589732799999183
spatialDLPFC	SDLPFC_Br6522_ANT_MID	within_donor_adjacent_position	spatialDLPFC::Br6522	primary_expansion	reverse	SDLPFC_Br6522_ANT_MID__reverse	uot	0.25	2.0	local_neighborhood	N	I_EXPR	0.05	True	85	3.504563499998767
spatialDLPFC	SDLPFC_Br6522_ANT_MID	within_donor_adjacent_position	spatialDLPFC::Br6522	primary_expansion	reverse	SDLPFC_Br6522_ANT_MID__reverse	uot	0.25	2.0	local_neighborhood	N	I_SPATIAL	0.05	True	85	3.4783131000003777
spatialDLPFC	SDLPFC_Br6522_ANT_MID	within_donor_adjacent_position	spatialDLPFC::Br6522	primary_expansion	reverse	SDLPFC_Br6522_ANT_MID__reverse	row_softmax	0.25		base	BASE	NONE	0.0	True	1	0.03687150000769179
spatialDLPFC	SDLPFC_Br6522_ANT_MID	within_donor_adjacent_position	spatialDLPFC::Br6522	primary_expansion	reverse	SDLPFC_Br6522_ANT_MID__reverse	row_softmax	0.25		local_neighborhood	R	I_EXPR	0.05	True	1	0.03678189999482129
spatialDLPFC	SDLPFC_Br6522_ANT_MID	within_donor_adjacent_position	spatialDLPFC::Br6522	primary_expansion	reverse	SDLPFC_Br6522_ANT_MID__reverse	row_softmax	0.25		local_neighborhood	R	I_SPATIAL	0.05	True	1	0.03671309999481309
spatialDLPFC	SDLPFC_Br6522_ANT_MID	within_donor_adjacent_position	spatialDLPFC::Br6522	primary_expansion	reverse	SDLPFC_Br6522_ANT_MID__reverse	row_softmax	0.25		local_neighborhood	N	I_EXPR	0.05	True	1	0.03782179999689106
spatialDLPFC	SDLPFC_Br6522_ANT_MID	within_donor_adjacent_position	spatialDLPFC::Br6522	primary_expansion	reverse	SDLPFC_Br6522_ANT_MID__reverse	row_softmax	0.25		local_neighborhood	N	I_SPATIAL	0.05	True	1	0.03590339999936987
spatialDLPFC	SDLPFC_Br8325_ANT_MID	within_donor_adjacent_position	spatialDLPFC::Br8325	primary_expansion	forward	SDLPFC_Br8325_ANT_MID	balanced_ot	0.25		base	BASE	NONE	0.0	True	200	8.384335199996713
spatialDLPFC	SDLPFC_Br8325_ANT_MID	within_donor_adjacent_position	spatialDLPFC::Br8325	primary_expansion	forward	SDLPFC_Br8325_ANT_MID	balanced_ot	0.25		local_neighborhood	R	I_EXPR	0.05	True	200	8.205055699989316
spatialDLPFC	SDLPFC_Br8325_ANT_MID	within_donor_adjacent_position	spatialDLPFC::Br8325	primary_expansion	forward	SDLPFC_Br8325_ANT_MID	balanced_ot	0.25		local_neighborhood	R	I_SPATIAL	0.05	True	200	8.32292089999828
spatialDLPFC	SDLPFC_Br8325_ANT_MID	within_donor_adjacent_position	spatialDLPFC::Br8325	primary_expansion	forward	SDLPFC_Br8325_ANT_MID	balanced_ot	0.25		local_neighborhood	N	I_EXPR	0.05	True	200	8.261228800009121
spatialDLPFC	SDLPFC_Br8325_ANT_MID	within_donor_adjacent_position	spatialDLPFC::Br8325	primary_expansion	forward	SDLPFC_Br8325_ANT_MID	balanced_ot	0.25		local_neighborhood	N	I_SPATIAL	0.05	True	200	8.220865600000252
spatialDLPFC	SDLPFC_Br8325_ANT_MID	within_donor_adjacent_position	spatialDLPFC::Br8325	primary_expansion	forward	SDLPFC_Br8325_ANT_MID	uot	0.25	2.0	base	BASE	NONE	0.0	True	85	3.5225993000058224
spatialDLPFC	SDLPFC_Br8325_ANT_MID	within_donor_adjacent_position	spatialDLPFC::Br8325	primary_expansion	forward	SDLPFC_Br8325_ANT_MID	uot	0.25	2.0	local_neighborhood	R	I_EXPR	0.05	True	85	3.581788499999675
spatialDLPFC	SDLPFC_Br8325_ANT_MID	within_donor_adjacent_position	spatialDLPFC::Br8325	primary_expansion	forward	SDLPFC_Br8325_ANT_MID	uot	0.25	2.0	local_neighborhood	R	I_SPATIAL	0.05	True	85	3.5439118000067538
spatialDLPFC	SDLPFC_Br8325_ANT_MID	within_donor_adjacent_position	spatialDLPFC::Br8325	primary_expansion	forward	SDLPFC_Br8325_ANT_MID	uot	0.25	2.0	local_neighborhood	N	I_EXPR	0.05	True	85	3.475208500007284
spatialDLPFC	SDLPFC_Br8325_ANT_MID	within_donor_adjacent_position	spatialDLPFC::Br8325	primary_expansion	forward	SDLPFC_Br8325_ANT_MID	uot	0.25	2.0	local_neighborhood	N	I_SPATIAL	0.05	True	85	3.4995098000072176
spatialDLPFC	SDLPFC_Br8325_ANT_MID	within_donor_adjacent_position	spatialDLPFC::Br8325	primary_expansion	forward	SDLPFC_Br8325_ANT_MID	row_softmax	0.25		base	BASE	NONE	0.0	True	1	0.03738850000081584
spatialDLPFC	SDLPFC_Br8325_ANT_MID	within_donor_adjacent_position	spatialDLPFC::Br8325	primary_expansion	forward	SDLPFC_Br8325_ANT_MID	row_softmax	0.25		local_neighborhood	R	I_EXPR	0.05	True	1	0.04213529999833554
spatialDLPFC	SDLPFC_Br8325_ANT_MID	within_donor_adjacent_position	spatialDLPFC::Br8325	primary_expansion	forward	SDLPFC_Br8325_ANT_MID	row_softmax	0.25		local_neighborhood	R	I_SPATIAL	0.05	True	1	0.03667010000208393
spatialDLPFC	SDLPFC_Br8325_ANT_MID	within_donor_adjacent_position	spatialDLPFC::Br8325	primary_expansion	forward	SDLPFC_Br8325_ANT_MID	row_softmax	0.25		local_neighborhood	N	I_EXPR	0.05	True	1	0.03727470000740141
spatialDLPFC	SDLPFC_Br8325_ANT_MID	within_donor_adjacent_position	spatialDLPFC::Br8325	primary_expansion	forward	SDLPFC_Br8325_ANT_MID	row_softmax	0.25		local_neighborhood	N	I_SPATIAL	0.05	True	1	0.037209900008747354
spatialDLPFC	SDLPFC_Br8325_ANT_MID	within_donor_adjacent_position	spatialDLPFC::Br8325	primary_expansion	reverse	SDLPFC_Br8325_ANT_MID__reverse	balanced_ot	0.25		base	BASE	NONE	0.0	True	200	8.36074329999974
spatialDLPFC	SDLPFC_Br8325_ANT_MID	within_donor_adjacent_position	spatialDLPFC::Br8325	primary_expansion	reverse	SDLPFC_Br8325_ANT_MID__reverse	balanced_ot	0.25		local_neighborhood	R	I_EXPR	0.05	True	200	8.259009600005811
spatialDLPFC	SDLPFC_Br8325_ANT_MID	within_donor_adjacent_position	spatialDLPFC::Br8325	primary_expansion	reverse	SDLPFC_Br8325_ANT_MID__reverse	balanced_ot	0.25		local_neighborhood	R	I_SPATIAL	0.05	True	200	8.179837199990288
spatialDLPFC	SDLPFC_Br8325_ANT_MID	within_donor_adjacent_position	spatialDLPFC::Br8325	primary_expansion	reverse	SDLPFC_Br8325_ANT_MID__reverse	balanced_ot	0.25		local_neighborhood	N	I_EXPR	0.05	True	200	8.270608599996194
spatialDLPFC	SDLPFC_Br8325_ANT_MID	within_donor_adjacent_position	spatialDLPFC::Br8325	primary_expansion	reverse	SDLPFC_Br8325_ANT_MID__reverse	balanced_ot	0.25		local_neighborhood	N	I_SPATIAL	0.05	True	200	8.373046099994099
spatialDLPFC	SDLPFC_Br8325_ANT_MID	within_donor_adjacent_position	spatialDLPFC::Br8325	primary_expansion	reverse	SDLPFC_Br8325_ANT_MID__reverse	uot	0.25	2.0	base	BASE	NONE	0.0	True	85	3.502907399990363
spatialDLPFC	SDLPFC_Br8325_ANT_MID	within_donor_adjacent_position	spatialDLPFC::Br8325	primary_expansion	reverse	SDLPFC_Br8325_ANT_MID__reverse	uot	0.25	2.0	local_neighborhood	R	I_EXPR	0.05	True	85	3.5139728999929503
spatialDLPFC	SDLPFC_Br8325_ANT_MID	within_donor_adjacent_position	spatialDLPFC::Br8325	primary_expansion	reverse	SDLPFC_Br8325_ANT_MID__reverse	uot	0.25	2.0	local_neighborhood	R	I_SPATIAL	0.05	True	85	3.572957399999723
spatialDLPFC	SDLPFC_Br8325_ANT_MID	within_donor_adjacent_position	spatialDLPFC::Br8325	primary_expansion	reverse	SDLPFC_Br8325_ANT_MID__reverse	uot	0.25	2.0	local_neighborhood	N	I_EXPR	0.05	True	85	3.555970300003537
spatialDLPFC	SDLPFC_Br8325_ANT_MID	within_donor_adjacent_position	spatialDLPFC::Br8325	primary_expansion	reverse	SDLPFC_Br8325_ANT_MID__reverse	uot	0.25	2.0	local_neighborhood	N	I_SPATIAL	0.05	True	85	3.545620200005942
spatialDLPFC	SDLPFC_Br8325_ANT_MID	within_donor_adjacent_position	spatialDLPFC::Br8325	primary_expansion	reverse	SDLPFC_Br8325_ANT_MID__reverse	row_softmax	0.25		base	BASE	NONE	0.0	True	1	0.048771599991596304
spatialDLPFC	SDLPFC_Br8325_ANT_MID	within_donor_adjacent_position	spatialDLPFC::Br8325	primary_expansion	reverse	SDLPFC_Br8325_ANT_MID__reverse	row_softmax	0.25		local_neighborhood	R	I_EXPR	0.05	True	1	0.04075420000299346
spatialDLPFC	SDLPFC_Br8325_ANT_MID	within_donor_adjacent_position	spatialDLPFC::Br8325	primary_expansion	reverse	SDLPFC_Br8325_ANT_MID__reverse	row_softmax	0.25		local_neighborhood	R	I_SPATIAL	0.05	True	1	0.03781530000560451
spatialDLPFC	SDLPFC_Br8325_ANT_MID	within_donor_adjacent_position	spatialDLPFC::Br8325	primary_expansion	reverse	SDLPFC_Br8325_ANT_MID__reverse	row_softmax	0.25		local_neighborhood	N	I_EXPR	0.05	True	1	0.03641570000036154
spatialDLPFC	SDLPFC_Br8325_ANT_MID	within_donor_adjacent_position	spatialDLPFC::Br8325	primary_expansion	reverse	SDLPFC_Br8325_ANT_MID__reverse	row_softmax	0.25		local_neighborhood	N	I_SPATIAL	0.05	True	1	0.037195900004007854
spatialDLPFC	SDLPFC_Br8492_ANT_MID	within_donor_adjacent_position	spatialDLPFC::Br8492	primary_expansion	forward	SDLPFC_Br8492_ANT_MID	balanced_ot	0.25		base	BASE	NONE	0.0	True	200	8.295374499997706
spatialDLPFC	SDLPFC_Br8492_ANT_MID	within_donor_adjacent_position	spatialDLPFC::Br8492	primary_expansion	forward	SDLPFC_Br8492_ANT_MID	balanced_ot	0.25		local_neighborhood	R	I_EXPR	0.05	True	200	8.279106700007105
spatialDLPFC	SDLPFC_Br8492_ANT_MID	within_donor_adjacent_position	spatialDLPFC::Br8492	primary_expansion	forward	SDLPFC_Br8492_ANT_MID	balanced_ot	0.25		local_neighborhood	R	I_SPATIAL	0.05	True	200	8.247481900005369
spatialDLPFC	SDLPFC_Br8492_ANT_MID	within_donor_adjacent_position	spatialDLPFC::Br8492	primary_expansion	forward	SDLPFC_Br8492_ANT_MID	balanced_ot	0.25		local_neighborhood	N	I_EXPR	0.05	True	200	8.54253599999356
spatialDLPFC	SDLPFC_Br8492_ANT_MID	within_donor_adjacent_position	spatialDLPFC::Br8492	primary_expansion	forward	SDLPFC_Br8492_ANT_MID	balanced_ot	0.25		local_neighborhood	N	I_SPATIAL	0.05	True	200	8.383921100001317
spatialDLPFC	SDLPFC_Br8492_ANT_MID	within_donor_adjacent_position	spatialDLPFC::Br8492	primary_expansion	forward	SDLPFC_Br8492_ANT_MID	uot	0.25	2.0	base	BASE	NONE	0.0	True	85	3.5084713000105694
spatialDLPFC	SDLPFC_Br8492_ANT_MID	within_donor_adjacent_position	spatialDLPFC::Br8492	primary_expansion	forward	SDLPFC_Br8492_ANT_MID	uot	0.25	2.0	local_neighborhood	R	I_EXPR	0.05	True	85	3.5217223999934504
spatialDLPFC	SDLPFC_Br8492_ANT_MID	within_donor_adjacent_position	spatialDLPFC::Br8492	primary_expansion	forward	SDLPFC_Br8492_ANT_MID	uot	0.25	2.0	local_neighborhood	R	I_SPATIAL	0.05	True	85	3.4945730000035837
spatialDLPFC	SDLPFC_Br8492_ANT_MID	within_donor_adjacent_position	spatialDLPFC::Br8492	primary_expansion	forward	SDLPFC_Br8492_ANT_MID	uot	0.25	2.0	local_neighborhood	N	I_EXPR	0.05	True	85	3.550605299999006
spatialDLPFC	SDLPFC_Br8492_ANT_MID	within_donor_adjacent_position	spatialDLPFC::Br8492	primary_expansion	forward	SDLPFC_Br8492_ANT_MID	uot	0.25	2.0	local_neighborhood	N	I_SPATIAL	0.05	True	85	3.5412200999999186
spatialDLPFC	SDLPFC_Br8492_ANT_MID	within_donor_adjacent_position	spatialDLPFC::Br8492	primary_expansion	forward	SDLPFC_Br8492_ANT_MID	row_softmax	0.25		base	BASE	NONE	0.0	True	1	0.03654649999225512
spatialDLPFC	SDLPFC_Br8492_ANT_MID	within_donor_adjacent_position	spatialDLPFC::Br8492	primary_expansion	forward	SDLPFC_Br8492_ANT_MID	row_softmax	0.25		local_neighborhood	R	I_EXPR	0.05	True	1	0.04228259999945294
spatialDLPFC	SDLPFC_Br8492_ANT_MID	within_donor_adjacent_position	spatialDLPFC::Br8492	primary_expansion	forward	SDLPFC_Br8492_ANT_MID	row_softmax	0.25		local_neighborhood	R	I_SPATIAL	0.05	True	1	0.0359150000003865
spatialDLPFC	SDLPFC_Br8492_ANT_MID	within_donor_adjacent_position	spatialDLPFC::Br8492	primary_expansion	forward	SDLPFC_Br8492_ANT_MID	row_softmax	0.25		local_neighborhood	N	I_EXPR	0.05	True	1	0.04078510000545066
spatialDLPFC	SDLPFC_Br8492_ANT_MID	within_donor_adjacent_position	spatialDLPFC::Br8492	primary_expansion	forward	SDLPFC_Br8492_ANT_MID	row_softmax	0.25		local_neighborhood	N	I_SPATIAL	0.05	True	1	0.037144600006286055
spatialDLPFC	SDLPFC_Br8492_ANT_MID	within_donor_adjacent_position	spatialDLPFC::Br8492	primary_expansion	reverse	SDLPFC_Br8492_ANT_MID__reverse	balanced_ot	0.25		base	BASE	NONE	0.0	True	200	8.341154099995038
spatialDLPFC	SDLPFC_Br8492_ANT_MID	within_donor_adjacent_position	spatialDLPFC::Br8492	primary_expansion	reverse	SDLPFC_Br8492_ANT_MID__reverse	balanced_ot	0.25		local_neighborhood	R	I_EXPR	0.05	True	200	8.648261700000148
spatialDLPFC	SDLPFC_Br8492_ANT_MID	within_donor_adjacent_position	spatialDLPFC::Br8492	primary_expansion	reverse	SDLPFC_Br8492_ANT_MID__reverse	balanced_ot	0.25		local_neighborhood	R	I_SPATIAL	0.05	True	200	8.323866799997631
spatialDLPFC	SDLPFC_Br8492_ANT_MID	within_donor_adjacent_position	spatialDLPFC::Br8492	primary_expansion	reverse	SDLPFC_Br8492_ANT_MID__reverse	balanced_ot	0.25		local_neighborhood	N	I_EXPR	0.05	True	200	8.428521999987424
spatialDLPFC	SDLPFC_Br8492_ANT_MID	within_donor_adjacent_position	spatialDLPFC::Br8492	primary_expansion	reverse	SDLPFC_Br8492_ANT_MID__reverse	balanced_ot	0.25		local_neighborhood	N	I_SPATIAL	0.05	True	200	8.320107399995322
spatialDLPFC	SDLPFC_Br8492_ANT_MID	within_donor_adjacent_position	spatialDLPFC::Br8492	primary_expansion	reverse	SDLPFC_Br8492_ANT_MID__reverse	uot	0.25	2.0	base	BASE	NONE	0.0	True	85	3.6281004000047687
spatialDLPFC	SDLPFC_Br8492_ANT_MID	within_donor_adjacent_position	spatialDLPFC::Br8492	primary_expansion	reverse	SDLPFC_Br8492_ANT_MID__reverse	uot	0.25	2.0	local_neighborhood	R	I_EXPR	0.05	True	85	3.531602999995812
spatialDLPFC	SDLPFC_Br8492_ANT_MID	within_donor_adjacent_position	spatialDLPFC::Br8492	primary_expansion	reverse	SDLPFC_Br8492_ANT_MID__reverse	uot	0.25	2.0	local_neighborhood	R	I_SPATIAL	0.05	True	85	3.5198380000074394
spatialDLPFC	SDLPFC_Br8492_ANT_MID	within_donor_adjacent_position	spatialDLPFC::Br8492	primary_expansion	reverse	SDLPFC_Br8492_ANT_MID__reverse	uot	0.25	2.0	local_neighborhood	N	I_EXPR	0.05	True	85	3.5154905000090366
spatialDLPFC	SDLPFC_Br8492_ANT_MID	within_donor_adjacent_position	spatialDLPFC::Br8492	primary_expansion	reverse	SDLPFC_Br8492_ANT_MID__reverse	uot	0.25	2.0	local_neighborhood	N	I_SPATIAL	0.05	True	85	3.5628827000036836
spatialDLPFC	SDLPFC_Br8492_ANT_MID	within_donor_adjacent_position	spatialDLPFC::Br8492	primary_expansion	reverse	SDLPFC_Br8492_ANT_MID__reverse	row_softmax	0.25		base	BASE	NONE	0.0	True	1	0.03684500000963453
spatialDLPFC	SDLPFC_Br8492_ANT_MID	within_donor_adjacent_position	spatialDLPFC::Br8492	primary_expansion	reverse	SDLPFC_Br8492_ANT_MID__reverse	row_softmax	0.25		local_neighborhood	R	I_EXPR	0.05	True	1	0.03723129999707453
spatialDLPFC	SDLPFC_Br8492_ANT_MID	within_donor_adjacent_position	spatialDLPFC::Br8492	primary_expansion	reverse	SDLPFC_Br8492_ANT_MID__reverse	row_softmax	0.25		local_neighborhood	R	I_SPATIAL	0.05	True	1	0.038006200004019774
spatialDLPFC	SDLPFC_Br8492_ANT_MID	within_donor_adjacent_position	spatialDLPFC::Br8492	primary_expansion	reverse	SDLPFC_Br8492_ANT_MID__reverse	row_softmax	0.25		local_neighborhood	N	I_EXPR	0.05	True	1	0.03802349999023136
spatialDLPFC	SDLPFC_Br8492_ANT_MID	within_donor_adjacent_position	spatialDLPFC::Br8492	primary_expansion	reverse	SDLPFC_Br8492_ANT_MID__reverse	row_softmax	0.25		local_neighborhood	N	I_SPATIAL	0.05	True	1	0.037568100000498816
spatialDLPFC	SDLPFC_Br8667_ANT_MID	within_donor_adjacent_position	spatialDLPFC::Br8667	primary_expansion	forward	SDLPFC_Br8667_ANT_MID	balanced_ot	0.25		base	BASE	NONE	0.0	True	200	8.2261792000063
spatialDLPFC	SDLPFC_Br8667_ANT_MID	within_donor_adjacent_position	spatialDLPFC::Br8667	primary_expansion	forward	SDLPFC_Br8667_ANT_MID	balanced_ot	0.25		local_neighborhood	R	I_EXPR	0.05	True	200	8.356433499997365
spatialDLPFC	SDLPFC_Br8667_ANT_MID	within_donor_adjacent_position	spatialDLPFC::Br8667	primary_expansion	forward	SDLPFC_Br8667_ANT_MID	balanced_ot	0.25		local_neighborhood	R	I_SPATIAL	0.05	True	200	8.317433999996865
spatialDLPFC	SDLPFC_Br8667_ANT_MID	within_donor_adjacent_position	spatialDLPFC::Br8667	primary_expansion	forward	SDLPFC_Br8667_ANT_MID	balanced_ot	0.25		local_neighborhood	N	I_EXPR	0.05	True	200	8.366058200001135
spatialDLPFC	SDLPFC_Br8667_ANT_MID	within_donor_adjacent_position	spatialDLPFC::Br8667	primary_expansion	forward	SDLPFC_Br8667_ANT_MID	balanced_ot	0.25		local_neighborhood	N	I_SPATIAL	0.05	True	200	8.339073299997835
spatialDLPFC	SDLPFC_Br8667_ANT_MID	within_donor_adjacent_position	spatialDLPFC::Br8667	primary_expansion	forward	SDLPFC_Br8667_ANT_MID	uot	0.25	2.0	base	BASE	NONE	0.0	True	85	3.5625148999970406
spatialDLPFC	SDLPFC_Br8667_ANT_MID	within_donor_adjacent_position	spatialDLPFC::Br8667	primary_expansion	forward	SDLPFC_Br8667_ANT_MID	uot	0.25	2.0	local_neighborhood	R	I_EXPR	0.05	True	85	3.504485700002988
spatialDLPFC	SDLPFC_Br8667_ANT_MID	within_donor_adjacent_position	spatialDLPFC::Br8667	primary_expansion	forward	SDLPFC_Br8667_ANT_MID	uot	0.25	2.0	local_neighborhood	R	I_SPATIAL	0.05	True	85	3.558617000002414
spatialDLPFC	SDLPFC_Br8667_ANT_MID	within_donor_adjacent_position	spatialDLPFC::Br8667	primary_expansion	forward	SDLPFC_Br8667_ANT_MID	uot	0.25	2.0	local_neighborhood	N	I_EXPR	0.05	True	85	3.5273210000013933
spatialDLPFC	SDLPFC_Br8667_ANT_MID	within_donor_adjacent_position	spatialDLPFC::Br8667	primary_expansion	forward	SDLPFC_Br8667_ANT_MID	uot	0.25	2.0	local_neighborhood	N	I_SPATIAL	0.05	True	85	3.5888374999922235
spatialDLPFC	SDLPFC_Br8667_ANT_MID	within_donor_adjacent_position	spatialDLPFC::Br8667	primary_expansion	forward	SDLPFC_Br8667_ANT_MID	row_softmax	0.25		base	BASE	NONE	0.0	True	1	0.04079699999419972
spatialDLPFC	SDLPFC_Br8667_ANT_MID	within_donor_adjacent_position	spatialDLPFC::Br8667	primary_expansion	forward	SDLPFC_Br8667_ANT_MID	row_softmax	0.25		local_neighborhood	R	I_EXPR	0.05	True	1	0.039300999997067265
spatialDLPFC	SDLPFC_Br8667_ANT_MID	within_donor_adjacent_position	spatialDLPFC::Br8667	primary_expansion	forward	SDLPFC_Br8667_ANT_MID	row_softmax	0.25		local_neighborhood	R	I_SPATIAL	0.05	True	1	0.038822399990749545
spatialDLPFC	SDLPFC_Br8667_ANT_MID	within_donor_adjacent_position	spatialDLPFC::Br8667	primary_expansion	forward	SDLPFC_Br8667_ANT_MID	row_softmax	0.25		local_neighborhood	N	I_EXPR	0.05	True	1	0.038428199986810796
spatialDLPFC	SDLPFC_Br8667_ANT_MID	within_donor_adjacent_position	spatialDLPFC::Br8667	primary_expansion	forward	SDLPFC_Br8667_ANT_MID	row_softmax	0.25		local_neighborhood	N	I_SPATIAL	0.05	True	1	0.03851359999680426
spatialDLPFC	SDLPFC_Br8667_ANT_MID	within_donor_adjacent_position	spatialDLPFC::Br8667	primary_expansion	reverse	SDLPFC_Br8667_ANT_MID__reverse	balanced_ot	0.25		base	BASE	NONE	0.0	True	200	8.282508200005395
spatialDLPFC	SDLPFC_Br8667_ANT_MID	within_donor_adjacent_position	spatialDLPFC::Br8667	primary_expansion	reverse	SDLPFC_Br8667_ANT_MID__reverse	balanced_ot	0.25		local_neighborhood	R	I_EXPR	0.05	True	200	8.454408399993554
spatialDLPFC	SDLPFC_Br8667_ANT_MID	within_donor_adjacent_position	spatialDLPFC::Br8667	primary_expansion	reverse	SDLPFC_Br8667_ANT_MID__reverse	balanced_ot	0.25		local_neighborhood	R	I_SPATIAL	0.05	True	200	8.264035699990927
spatialDLPFC	SDLPFC_Br8667_ANT_MID	within_donor_adjacent_position	spatialDLPFC::Br8667	primary_expansion	reverse	SDLPFC_Br8667_ANT_MID__reverse	balanced_ot	0.25		local_neighborhood	N	I_EXPR	0.05	True	200	8.41111760000058
spatialDLPFC	SDLPFC_Br8667_ANT_MID	within_donor_adjacent_position	spatialDLPFC::Br8667	primary_expansion	reverse	SDLPFC_Br8667_ANT_MID__reverse	balanced_ot	0.25		local_neighborhood	N	I_SPATIAL	0.05	True	200	8.308267700005672
spatialDLPFC	SDLPFC_Br8667_ANT_MID	within_donor_adjacent_position	spatialDLPFC::Br8667	primary_expansion	reverse	SDLPFC_Br8667_ANT_MID__reverse	uot	0.25	2.0	base	BASE	NONE	0.0	True	85	3.488622699995176
spatialDLPFC	SDLPFC_Br8667_ANT_MID	within_donor_adjacent_position	spatialDLPFC::Br8667	primary_expansion	reverse	SDLPFC_Br8667_ANT_MID__reverse	uot	0.25	2.0	local_neighborhood	R	I_EXPR	0.05	True	85	3.553484300005948
spatialDLPFC	SDLPFC_Br8667_ANT_MID	within_donor_adjacent_position	spatialDLPFC::Br8667	primary_expansion	reverse	SDLPFC_Br8667_ANT_MID__reverse	uot	0.25	2.0	local_neighborhood	R	I_SPATIAL	0.05	True	85	3.584633999998914
spatialDLPFC	SDLPFC_Br8667_ANT_MID	within_donor_adjacent_position	spatialDLPFC::Br8667	primary_expansion	reverse	SDLPFC_Br8667_ANT_MID__reverse	uot	0.25	2.0	local_neighborhood	N	I_EXPR	0.05	True	85	3.53505830001086
spatialDLPFC	SDLPFC_Br8667_ANT_MID	within_donor_adjacent_position	spatialDLPFC::Br8667	primary_expansion	reverse	SDLPFC_Br8667_ANT_MID__reverse	uot	0.25	2.0	local_neighborhood	N	I_SPATIAL	0.05	True	85	3.616830099999788
spatialDLPFC	SDLPFC_Br8667_ANT_MID	within_donor_adjacent_position	spatialDLPFC::Br8667	primary_expansion	reverse	SDLPFC_Br8667_ANT_MID__reverse	row_softmax	0.25		base	BASE	NONE	0.0	True	1	0.03691390001040418
spatialDLPFC	SDLPFC_Br8667_ANT_MID	within_donor_adjacent_position	spatialDLPFC::Br8667	primary_expansion	reverse	SDLPFC_Br8667_ANT_MID__reverse	row_softmax	0.25		local_neighborhood	R	I_EXPR	0.05	True	1	0.03935989999445155
spatialDLPFC	SDLPFC_Br8667_ANT_MID	within_donor_adjacent_position	spatialDLPFC::Br8667	primary_expansion	reverse	SDLPFC_Br8667_ANT_MID__reverse	row_softmax	0.25		local_neighborhood	R	I_SPATIAL	0.05	True	1	0.03865690001111943
spatialDLPFC	SDLPFC_Br8667_ANT_MID	within_donor_adjacent_position	spatialDLPFC::Br8667	primary_expansion	reverse	SDLPFC_Br8667_ANT_MID__reverse	row_softmax	0.25		local_neighborhood	N	I_EXPR	0.05	True	1	0.03657229999953415
spatialDLPFC	SDLPFC_Br8667_ANT_MID	within_donor_adjacent_position	spatialDLPFC::Br8667	primary_expansion	reverse	SDLPFC_Br8667_ANT_MID__reverse	row_softmax	0.25		local_neighborhood	N	I_SPATIAL	0.05	True	1	0.036436299997149035
HER2ST_manual_controlled	HER2ST_A1_CONTROLLED	within_section_controlled_combined	HER2ST::A	manual_truth_controlled	forward	HER2ST_A1_CONTROLLED	balanced_ot	0.25		base	BASE	NONE	0.0	True	200	0.3547571999952197
HER2ST_manual_controlled	HER2ST_A1_CONTROLLED	within_section_controlled_combined	HER2ST::A	manual_truth_controlled	forward	HER2ST_A1_CONTROLLED	balanced_ot	0.25		local_neighborhood	R	I_EXPR	0.05	True	200	0.36360419999982696
HER2ST_manual_controlled	HER2ST_A1_CONTROLLED	within_section_controlled_combined	HER2ST::A	manual_truth_controlled	forward	HER2ST_A1_CONTROLLED	balanced_ot	0.25		local_neighborhood	R	I_SPATIAL	0.05	True	200	0.3592715999984648
HER2ST_manual_controlled	HER2ST_A1_CONTROLLED	within_section_controlled_combined	HER2ST::A	manual_truth_controlled	forward	HER2ST_A1_CONTROLLED	balanced_ot	0.25		local_neighborhood	N	I_EXPR	0.05	True	200	0.1785189999936847
HER2ST_manual_controlled	HER2ST_A1_CONTROLLED	within_section_controlled_combined	HER2ST::A	manual_truth_controlled	forward	HER2ST_A1_CONTROLLED	balanced_ot	0.25		local_neighborhood	N	I_SPATIAL	0.05	True	200	0.18971069999679457
HER2ST_manual_controlled	HER2ST_A1_CONTROLLED	within_section_controlled_combined	HER2ST::A	manual_truth_controlled	forward	HER2ST_A1_CONTROLLED	uot	0.25	2.0	base	BASE	NONE	0.0	True	80	0.14566100000229198
HER2ST_manual_controlled	HER2ST_A1_CONTROLLED	within_section_controlled_combined	HER2ST::A	manual_truth_controlled	forward	HER2ST_A1_CONTROLLED	uot	0.25	2.0	local_neighborhood	R	I_EXPR	0.05	True	80	0.14130790000490379
HER2ST_manual_controlled	HER2ST_A1_CONTROLLED	within_section_controlled_combined	HER2ST::A	manual_truth_controlled	forward	HER2ST_A1_CONTROLLED	uot	0.25	2.0	local_neighborhood	R	I_SPATIAL	0.05	True	80	0.07349599999724887
HER2ST_manual_controlled	HER2ST_A1_CONTROLLED	within_section_controlled_combined	HER2ST::A	manual_truth_controlled	forward	HER2ST_A1_CONTROLLED	uot	0.25	2.0	local_neighborhood	N	I_EXPR	0.05	True	80	0.14806409999437165
HER2ST_manual_controlled	HER2ST_A1_CONTROLLED	within_section_controlled_combined	HER2ST::A	manual_truth_controlled	forward	HER2ST_A1_CONTROLLED	uot	0.25	2.0	local_neighborhood	N	I_SPATIAL	0.05	True	80	0.1583091000065906
HER2ST_manual_controlled	HER2ST_A1_CONTROLLED	within_section_controlled_combined	HER2ST::A	manual_truth_controlled	forward	HER2ST_A1_CONTROLLED	row_softmax	0.25		base	BASE	NONE	0.0	True	1	0.0011187000054633245
HER2ST_manual_controlled	HER2ST_A1_CONTROLLED	within_section_controlled_combined	HER2ST::A	manual_truth_controlled	forward	HER2ST_A1_CONTROLLED	row_softmax	0.25		local_neighborhood	R	I_EXPR	0.05	True	1	0.001044499993440695
HER2ST_manual_controlled	HER2ST_A1_CONTROLLED	within_section_controlled_combined	HER2ST::A	manual_truth_controlled	forward	HER2ST_A1_CONTROLLED	row_softmax	0.25		local_neighborhood	R	I_SPATIAL	0.05	True	1	0.0010734999959822744
HER2ST_manual_controlled	HER2ST_A1_CONTROLLED	within_section_controlled_combined	HER2ST::A	manual_truth_controlled	forward	HER2ST_A1_CONTROLLED	row_softmax	0.25		local_neighborhood	N	I_EXPR	0.05	True	1	0.001067200006218627
HER2ST_manual_controlled	HER2ST_A1_CONTROLLED	within_section_controlled_combined	HER2ST::A	manual_truth_controlled	forward	HER2ST_A1_CONTROLLED	row_softmax	0.25		local_neighborhood	N	I_SPATIAL	0.05	True	1	0.0010439999896334484
HER2ST_manual_controlled	HER2ST_A1_CONTROLLED	within_section_controlled_combined	HER2ST::A	manual_truth_controlled	reverse	HER2ST_A1_CONTROLLED__reverse	balanced_ot	0.25		base	BASE	NONE	0.0	True	200	0.20512430000235327
HER2ST_manual_controlled	HER2ST_A1_CONTROLLED	within_section_controlled_combined	HER2ST::A	manual_truth_controlled	reverse	HER2ST_A1_CONTROLLED__reverse	balanced_ot	0.25		local_neighborhood	R	I_EXPR	0.05	True	200	0.21407539999927394
HER2ST_manual_controlled	HER2ST_A1_CONTROLLED	within_section_controlled_combined	HER2ST::A	manual_truth_controlled	reverse	HER2ST_A1_CONTROLLED__reverse	balanced_ot	0.25		local_neighborhood	R	I_SPATIAL	0.05	True	200	0.378547600004822
HER2ST_manual_controlled	HER2ST_A1_CONTROLLED	within_section_controlled_combined	HER2ST::A	manual_truth_controlled	reverse	HER2ST_A1_CONTROLLED__reverse	balanced_ot	0.25		local_neighborhood	N	I_EXPR	0.05	True	200	0.3789089000056265
HER2ST_manual_controlled	HER2ST_A1_CONTROLLED	within_section_controlled_combined	HER2ST::A	manual_truth_controlled	reverse	HER2ST_A1_CONTROLLED__reverse	balanced_ot	0.25		local_neighborhood	N	I_SPATIAL	0.05	True	200	0.3555988000007346
HER2ST_manual_controlled	HER2ST_A1_CONTROLLED	within_section_controlled_combined	HER2ST::A	manual_truth_controlled	reverse	HER2ST_A1_CONTROLLED__reverse	uot	0.25	2.0	base	BASE	NONE	0.0	True	80	0.16178660000150558
HER2ST_manual_controlled	HER2ST_A1_CONTROLLED	within_section_controlled_combined	HER2ST::A	manual_truth_controlled	reverse	HER2ST_A1_CONTROLLED__reverse	uot	0.25	2.0	local_neighborhood	R	I_EXPR	0.05	True	80	0.14866489999985788
HER2ST_manual_controlled	HER2ST_A1_CONTROLLED	within_section_controlled_combined	HER2ST::A	manual_truth_controlled	reverse	HER2ST_A1_CONTROLLED__reverse	uot	0.25	2.0	local_neighborhood	R	I_SPATIAL	0.05	True	80	0.07269230000383686
HER2ST_manual_controlled	HER2ST_A1_CONTROLLED	within_section_controlled_combined	HER2ST::A	manual_truth_controlled	reverse	HER2ST_A1_CONTROLLED__reverse	uot	0.25	2.0	local_neighborhood	N	I_EXPR	0.05	True	80	0.1817668000003323
HER2ST_manual_controlled	HER2ST_A1_CONTROLLED	within_section_controlled_combined	HER2ST::A	manual_truth_controlled	reverse	HER2ST_A1_CONTROLLED__reverse	uot	0.25	2.0	local_neighborhood	N	I_SPATIAL	0.05	True	80	0.07827749999705702
HER2ST_manual_controlled	HER2ST_A1_CONTROLLED	within_section_controlled_combined	HER2ST::A	manual_truth_controlled	reverse	HER2ST_A1_CONTROLLED__reverse	row_softmax	0.25		base	BASE	NONE	0.0	True	1	0.0010636999941198155
HER2ST_manual_controlled	HER2ST_A1_CONTROLLED	within_section_controlled_combined	HER2ST::A	manual_truth_controlled	reverse	HER2ST_A1_CONTROLLED__reverse	row_softmax	0.25		local_neighborhood	R	I_EXPR	0.05	True	1	0.0010756999981822446
HER2ST_manual_controlled	HER2ST_A1_CONTROLLED	within_section_controlled_combined	HER2ST::A	manual_truth_controlled	reverse	HER2ST_A1_CONTROLLED__reverse	row_softmax	0.25		local_neighborhood	R	I_SPATIAL	0.05	True	1	0.0010244000004604459
HER2ST_manual_controlled	HER2ST_A1_CONTROLLED	within_section_controlled_combined	HER2ST::A	manual_truth_controlled	reverse	HER2ST_A1_CONTROLLED__reverse	row_softmax	0.25		local_neighborhood	N	I_EXPR	0.05	True	1	0.0011737999884644523
HER2ST_manual_controlled	HER2ST_A1_CONTROLLED	within_section_controlled_combined	HER2ST::A	manual_truth_controlled	reverse	HER2ST_A1_CONTROLLED__reverse	row_softmax	0.25		local_neighborhood	N	I_SPATIAL	0.05	True	1	0.0010611000034259632
HER2ST_manual_controlled	HER2ST_B1_CONTROLLED	within_section_controlled_combined	HER2ST::B	manual_truth_controlled	forward	HER2ST_B1_CONTROLLED	balanced_ot	0.25		base	BASE	NONE	0.0	True	200	0.11595310000120662
HER2ST_manual_controlled	HER2ST_B1_CONTROLLED	within_section_controlled_combined	HER2ST::B	manual_truth_controlled	forward	HER2ST_B1_CONTROLLED	balanced_ot	0.25		local_neighborhood	R	I_EXPR	0.05	True	200	0.12613600000622682
HER2ST_manual_controlled	HER2ST_B1_CONTROLLED	within_section_controlled_combined	HER2ST::B	manual_truth_controlled	forward	HER2ST_B1_CONTROLLED	balanced_ot	0.25		local_neighborhood	R	I_SPATIAL	0.05	True	200	0.1372436999954516
HER2ST_manual_controlled	HER2ST_B1_CONTROLLED	within_section_controlled_combined	HER2ST::B	manual_truth_controlled	forward	HER2ST_B1_CONTROLLED	balanced_ot	0.25		local_neighborhood	N	I_EXPR	0.05	True	200	0.11600059999909718
HER2ST_manual_controlled	HER2ST_B1_CONTROLLED	within_section_controlled_combined	HER2ST::B	manual_truth_controlled	forward	HER2ST_B1_CONTROLLED	balanced_ot	0.25		local_neighborhood	N	I_SPATIAL	0.05	True	200	0.11777219999930821
HER2ST_manual_controlled	HER2ST_B1_CONTROLLED	within_section_controlled_combined	HER2ST::B	manual_truth_controlled	forward	HER2ST_B1_CONTROLLED	uot	0.25	2.0	base	BASE	NONE	0.0	True	80	0.047521700005745515
HER2ST_manual_controlled	HER2ST_B1_CONTROLLED	within_section_controlled_combined	HER2ST::B	manual_truth_controlled	forward	HER2ST_B1_CONTROLLED	uot	0.25	2.0	local_neighborhood	R	I_EXPR	0.05	True	80	0.04671999999845866
HER2ST_manual_controlled	HER2ST_B1_CONTROLLED	within_section_controlled_combined	HER2ST::B	manual_truth_controlled	forward	HER2ST_B1_CONTROLLED	uot	0.25	2.0	local_neighborhood	R	I_SPATIAL	0.05	True	80	0.046634300000732765
HER2ST_manual_controlled	HER2ST_B1_CONTROLLED	within_section_controlled_combined	HER2ST::B	manual_truth_controlled	forward	HER2ST_B1_CONTROLLED	uot	0.25	2.0	local_neighborhood	N	I_EXPR	0.05	True	80	0.048100799991516396
HER2ST_manual_controlled	HER2ST_B1_CONTROLLED	within_section_controlled_combined	HER2ST::B	manual_truth_controlled	forward	HER2ST_B1_CONTROLLED	uot	0.25	2.0	local_neighborhood	N	I_SPATIAL	0.05	True	80	0.04613289999542758
HER2ST_manual_controlled	HER2ST_B1_CONTROLLED	within_section_controlled_combined	HER2ST::B	manual_truth_controlled	forward	HER2ST_B1_CONTROLLED	row_softmax	0.25		base	BASE	NONE	0.0	True	1	0.0005544000014197081
HER2ST_manual_controlled	HER2ST_B1_CONTROLLED	within_section_controlled_combined	HER2ST::B	manual_truth_controlled	forward	HER2ST_B1_CONTROLLED	row_softmax	0.25		local_neighborhood	R	I_EXPR	0.05	True	1	0.000527900003362447
HER2ST_manual_controlled	HER2ST_B1_CONTROLLED	within_section_controlled_combined	HER2ST::B	manual_truth_controlled	forward	HER2ST_B1_CONTROLLED	row_softmax	0.25		local_neighborhood	R	I_SPATIAL	0.05	True	1	0.000650999994832091
HER2ST_manual_controlled	HER2ST_B1_CONTROLLED	within_section_controlled_combined	HER2ST::B	manual_truth_controlled	forward	HER2ST_B1_CONTROLLED	row_softmax	0.25		local_neighborhood	N	I_EXPR	0.05	True	1	0.0005330999993020669
HER2ST_manual_controlled	HER2ST_B1_CONTROLLED	within_section_controlled_combined	HER2ST::B	manual_truth_controlled	forward	HER2ST_B1_CONTROLLED	row_softmax	0.25		local_neighborhood	N	I_SPATIAL	0.05	True	1	0.0005290999979479238
HER2ST_manual_controlled	HER2ST_B1_CONTROLLED	within_section_controlled_combined	HER2ST::B	manual_truth_controlled	reverse	HER2ST_B1_CONTROLLED__reverse	balanced_ot	0.25		base	BASE	NONE	0.0	True	200	0.11937960000068415
HER2ST_manual_controlled	HER2ST_B1_CONTROLLED	within_section_controlled_combined	HER2ST::B	manual_truth_controlled	reverse	HER2ST_B1_CONTROLLED__reverse	balanced_ot	0.25		local_neighborhood	R	I_EXPR	0.05	True	200	0.11511600000085309
HER2ST_manual_controlled	HER2ST_B1_CONTROLLED	within_section_controlled_combined	HER2ST::B	manual_truth_controlled	reverse	HER2ST_B1_CONTROLLED__reverse	balanced_ot	0.25		local_neighborhood	R	I_SPATIAL	0.05	True	200	0.1172184000024572
HER2ST_manual_controlled	HER2ST_B1_CONTROLLED	within_section_controlled_combined	HER2ST::B	manual_truth_controlled	reverse	HER2ST_B1_CONTROLLED__reverse	balanced_ot	0.25		local_neighborhood	N	I_EXPR	0.05	True	200	0.11603249999461696
HER2ST_manual_controlled	HER2ST_B1_CONTROLLED	within_section_controlled_combined	HER2ST::B	manual_truth_controlled	reverse	HER2ST_B1_CONTROLLED__reverse	balanced_ot	0.25		local_neighborhood	N	I_SPATIAL	0.05	True	200	0.11747300000570249
HER2ST_manual_controlled	HER2ST_B1_CONTROLLED	within_section_controlled_combined	HER2ST::B	manual_truth_controlled	reverse	HER2ST_B1_CONTROLLED__reverse	uot	0.25	2.0	base	BASE	NONE	0.0	True	80	0.04572290000214707
HER2ST_manual_controlled	HER2ST_B1_CONTROLLED	within_section_controlled_combined	HER2ST::B	manual_truth_controlled	reverse	HER2ST_B1_CONTROLLED__reverse	uot	0.25	2.0	local_neighborhood	R	I_EXPR	0.05	True	80	0.04649540000536945
HER2ST_manual_controlled	HER2ST_B1_CONTROLLED	within_section_controlled_combined	HER2ST::B	manual_truth_controlled	reverse	HER2ST_B1_CONTROLLED__reverse	uot	0.25	2.0	local_neighborhood	R	I_SPATIAL	0.05	True	80	0.04569850000552833
HER2ST_manual_controlled	HER2ST_B1_CONTROLLED	within_section_controlled_combined	HER2ST::B	manual_truth_controlled	reverse	HER2ST_B1_CONTROLLED__reverse	uot	0.25	2.0	local_neighborhood	N	I_EXPR	0.05	True	80	0.04668140001012944
HER2ST_manual_controlled	HER2ST_B1_CONTROLLED	within_section_controlled_combined	HER2ST::B	manual_truth_controlled	reverse	HER2ST_B1_CONTROLLED__reverse	uot	0.25	2.0	local_neighborhood	N	I_SPATIAL	0.05	True	80	0.04713590000756085
HER2ST_manual_controlled	HER2ST_B1_CONTROLLED	within_section_controlled_combined	HER2ST::B	manual_truth_controlled	reverse	HER2ST_B1_CONTROLLED__reverse	row_softmax	0.25		base	BASE	NONE	0.0	True	1	0.0006446000043069944
HER2ST_manual_controlled	HER2ST_B1_CONTROLLED	within_section_controlled_combined	HER2ST::B	manual_truth_controlled	reverse	HER2ST_B1_CONTROLLED__reverse	row_softmax	0.25		local_neighborhood	R	I_EXPR	0.05	True	1	0.0006209999992279336
HER2ST_manual_controlled	HER2ST_B1_CONTROLLED	within_section_controlled_combined	HER2ST::B	manual_truth_controlled	reverse	HER2ST_B1_CONTROLLED__reverse	row_softmax	0.25		local_neighborhood	R	I_SPATIAL	0.05	True	1	0.0005423999973572791
HER2ST_manual_controlled	HER2ST_B1_CONTROLLED	within_section_controlled_combined	HER2ST::B	manual_truth_controlled	reverse	HER2ST_B1_CONTROLLED__reverse	row_softmax	0.25		local_neighborhood	N	I_EXPR	0.05	True	1	0.0005472000048030168
HER2ST_manual_controlled	HER2ST_B1_CONTROLLED	within_section_controlled_combined	HER2ST::B	manual_truth_controlled	reverse	HER2ST_B1_CONTROLLED__reverse	row_softmax	0.25		local_neighborhood	N	I_SPATIAL	0.05	True	1	0.0005373000021791086
HER2ST_manual_controlled	HER2ST_C1_CONTROLLED	within_section_controlled_combined	HER2ST::C	manual_truth_controlled	forward	HER2ST_C1_CONTROLLED	balanced_ot	0.25		base	BASE	NONE	0.0	True	200	0.05379349998838734
HER2ST_manual_controlled	HER2ST_C1_CONTROLLED	within_section_controlled_combined	HER2ST::C	manual_truth_controlled	forward	HER2ST_C1_CONTROLLED	balanced_ot	0.25		local_neighborhood	R	I_EXPR	0.05	True	200	0.05332410000846721
HER2ST_manual_controlled	HER2ST_C1_CONTROLLED	within_section_controlled_combined	HER2ST::C	manual_truth_controlled	forward	HER2ST_C1_CONTROLLED	balanced_ot	0.25		local_neighborhood	R	I_SPATIAL	0.05	True	200	0.054954300008830614
HER2ST_manual_controlled	HER2ST_C1_CONTROLLED	within_section_controlled_combined	HER2ST::C	manual_truth_controlled	forward	HER2ST_C1_CONTROLLED	balanced_ot	0.25		local_neighborhood	N	I_EXPR	0.05	True	200	0.05235969999921508
HER2ST_manual_controlled	HER2ST_C1_CONTROLLED	within_section_controlled_combined	HER2ST::C	manual_truth_controlled	forward	HER2ST_C1_CONTROLLED	balanced_ot	0.25		local_neighborhood	N	I_SPATIAL	0.05	True	200	0.05431969999335706
HER2ST_manual_controlled	HER2ST_C1_CONTROLLED	within_section_controlled_combined	HER2ST::C	manual_truth_controlled	forward	HER2ST_C1_CONTROLLED	uot	0.25	2.0	base	BASE	NONE	0.0	True	80	0.021181400006753393
HER2ST_manual_controlled	HER2ST_C1_CONTROLLED	within_section_controlled_combined	HER2ST::C	manual_truth_controlled	forward	HER2ST_C1_CONTROLLED	uot	0.25	2.0	local_neighborhood	R	I_EXPR	0.05	True	80	0.021261399990180507
HER2ST_manual_controlled	HER2ST_C1_CONTROLLED	within_section_controlled_combined	HER2ST::C	manual_truth_controlled	forward	HER2ST_C1_CONTROLLED	uot	0.25	2.0	local_neighborhood	R	I_SPATIAL	0.05	True	80	0.021035400000982918
HER2ST_manual_controlled	HER2ST_C1_CONTROLLED	within_section_controlled_combined	HER2ST::C	manual_truth_controlled	forward	HER2ST_C1_CONTROLLED	uot	0.25	2.0	local_neighborhood	N	I_EXPR	0.05	True	80	0.021429500004160218
HER2ST_manual_controlled	HER2ST_C1_CONTROLLED	within_section_controlled_combined	HER2ST::C	manual_truth_controlled	forward	HER2ST_C1_CONTROLLED	uot	0.25	2.0	local_neighborhood	N	I_SPATIAL	0.05	True	80	0.022554099996341392
HER2ST_manual_controlled	HER2ST_C1_CONTROLLED	within_section_controlled_combined	HER2ST::C	manual_truth_controlled	forward	HER2ST_C1_CONTROLLED	row_softmax	0.25		base	BASE	NONE	0.0	True	1	0.0002813000028254464
HER2ST_manual_controlled	HER2ST_C1_CONTROLLED	within_section_controlled_combined	HER2ST::C	manual_truth_controlled	forward	HER2ST_C1_CONTROLLED	row_softmax	0.25		local_neighborhood	R	I_EXPR	0.05	True	1	0.00023439999495167285
HER2ST_manual_controlled	HER2ST_C1_CONTROLLED	within_section_controlled_combined	HER2ST::C	manual_truth_controlled	forward	HER2ST_C1_CONTROLLED	row_softmax	0.25		local_neighborhood	R	I_SPATIAL	0.05	True	1	0.0002457999944454059
HER2ST_manual_controlled	HER2ST_C1_CONTROLLED	within_section_controlled_combined	HER2ST::C	manual_truth_controlled	forward	HER2ST_C1_CONTROLLED	row_softmax	0.25		local_neighborhood	N	I_EXPR	0.05	True	1	0.0002426999999443069
HER2ST_manual_controlled	HER2ST_C1_CONTROLLED	within_section_controlled_combined	HER2ST::C	manual_truth_controlled	forward	HER2ST_C1_CONTROLLED	row_softmax	0.25		local_neighborhood	N	I_SPATIAL	0.05	True	1	0.0002567999908933416
HER2ST_manual_controlled	HER2ST_C1_CONTROLLED	within_section_controlled_combined	HER2ST::C	manual_truth_controlled	reverse	HER2ST_C1_CONTROLLED__reverse	balanced_ot	0.25		base	BASE	NONE	0.0	True	200	0.05110769999737386
HER2ST_manual_controlled	HER2ST_C1_CONTROLLED	within_section_controlled_combined	HER2ST::C	manual_truth_controlled	reverse	HER2ST_C1_CONTROLLED__reverse	balanced_ot	0.25		local_neighborhood	R	I_EXPR	0.05	True	200	0.052010999992489815
HER2ST_manual_controlled	HER2ST_C1_CONTROLLED	within_section_controlled_combined	HER2ST::C	manual_truth_controlled	reverse	HER2ST_C1_CONTROLLED__reverse	balanced_ot	0.25		local_neighborhood	R	I_SPATIAL	0.05	True	200	0.05670119999558665
HER2ST_manual_controlled	HER2ST_C1_CONTROLLED	within_section_controlled_combined	HER2ST::C	manual_truth_controlled	reverse	HER2ST_C1_CONTROLLED__reverse	balanced_ot	0.25		local_neighborhood	N	I_EXPR	0.05	True	200	0.05650349998904858
HER2ST_manual_controlled	HER2ST_C1_CONTROLLED	within_section_controlled_combined	HER2ST::C	manual_truth_controlled	reverse	HER2ST_C1_CONTROLLED__reverse	balanced_ot	0.25		local_neighborhood	N	I_SPATIAL	0.05	True	200	0.05430839999462478
HER2ST_manual_controlled	HER2ST_C1_CONTROLLED	within_section_controlled_combined	HER2ST::C	manual_truth_controlled	reverse	HER2ST_C1_CONTROLLED__reverse	uot	0.25	2.0	base	BASE	NONE	0.0	True	80	0.024181100001442246
HER2ST_manual_controlled	HER2ST_C1_CONTROLLED	within_section_controlled_combined	HER2ST::C	manual_truth_controlled	reverse	HER2ST_C1_CONTROLLED__reverse	uot	0.25	2.0	local_neighborhood	R	I_EXPR	0.05	True	80	0.021594300007564016
HER2ST_manual_controlled	HER2ST_C1_CONTROLLED	within_section_controlled_combined	HER2ST::C	manual_truth_controlled	reverse	HER2ST_C1_CONTROLLED__reverse	uot	0.25	2.0	local_neighborhood	R	I_SPATIAL	0.05	True	80	0.03286079999816138
HER2ST_manual_controlled	HER2ST_C1_CONTROLLED	within_section_controlled_combined	HER2ST::C	manual_truth_controlled	reverse	HER2ST_C1_CONTROLLED__reverse	uot	0.25	2.0	local_neighborhood	N	I_EXPR	0.05	True	80	0.021729499989305623
HER2ST_manual_controlled	HER2ST_C1_CONTROLLED	within_section_controlled_combined	HER2ST::C	manual_truth_controlled	reverse	HER2ST_C1_CONTROLLED__reverse	uot	0.25	2.0	local_neighborhood	N	I_SPATIAL	0.05	True	80	0.023044000001391396
HER2ST_manual_controlled	HER2ST_C1_CONTROLLED	within_section_controlled_combined	HER2ST::C	manual_truth_controlled	reverse	HER2ST_C1_CONTROLLED__reverse	row_softmax	0.25		base	BASE	NONE	0.0	True	1	0.0003954999992856756
HER2ST_manual_controlled	HER2ST_C1_CONTROLLED	within_section_controlled_combined	HER2ST::C	manual_truth_controlled	reverse	HER2ST_C1_CONTROLLED__reverse	row_softmax	0.25		local_neighborhood	R	I_EXPR	0.05	True	1	0.00039080000715330243
HER2ST_manual_controlled	HER2ST_C1_CONTROLLED	within_section_controlled_combined	HER2ST::C	manual_truth_controlled	reverse	HER2ST_C1_CONTROLLED__reverse	row_softmax	0.25		local_neighborhood	R	I_SPATIAL	0.05	True	1	0.0003902000025846064
HER2ST_manual_controlled	HER2ST_C1_CONTROLLED	within_section_controlled_combined	HER2ST::C	manual_truth_controlled	reverse	HER2ST_C1_CONTROLLED__reverse	row_softmax	0.25		local_neighborhood	N	I_EXPR	0.05	True	1	0.0003919000009773299
HER2ST_manual_controlled	HER2ST_C1_CONTROLLED	within_section_controlled_combined	HER2ST::C	manual_truth_controlled	reverse	HER2ST_C1_CONTROLLED__reverse	row_softmax	0.25		local_neighborhood	N	I_SPATIAL	0.05	True	1	0.0003902000025846064
HER2ST_manual_controlled	HER2ST_D1_CONTROLLED	within_section_controlled_combined	HER2ST::D	manual_truth_controlled	forward	HER2ST_D1_CONTROLLED	balanced_ot	0.25		base	BASE	NONE	0.0	True	200	0.10798219998832792
HER2ST_manual_controlled	HER2ST_D1_CONTROLLED	within_section_controlled_combined	HER2ST::D	manual_truth_controlled	forward	HER2ST_D1_CONTROLLED	balanced_ot	0.25		local_neighborhood	R	I_EXPR	0.05	True	200	0.13601880001078825
HER2ST_manual_controlled	HER2ST_D1_CONTROLLED	within_section_controlled_combined	HER2ST::D	manual_truth_controlled	forward	HER2ST_D1_CONTROLLED	balanced_ot	0.25		local_neighborhood	R	I_SPATIAL	0.05	True	200	0.10372000001370907
HER2ST_manual_controlled	HER2ST_D1_CONTROLLED	within_section_controlled_combined	HER2ST::D	manual_truth_controlled	forward	HER2ST_D1_CONTROLLED	balanced_ot	0.25		local_neighborhood	N	I_EXPR	0.05	True	200	0.1072314000048209
HER2ST_manual_controlled	HER2ST_D1_CONTROLLED	within_section_controlled_combined	HER2ST::D	manual_truth_controlled	forward	HER2ST_D1_CONTROLLED	balanced_ot	0.25		local_neighborhood	N	I_SPATIAL	0.05	True	200	0.12037380000401754
HER2ST_manual_controlled	HER2ST_D1_CONTROLLED	within_section_controlled_combined	HER2ST::D	manual_truth_controlled	forward	HER2ST_D1_CONTROLLED	uot	0.25	2.0	base	BASE	NONE	0.0	True	80	0.04589690000284463
HER2ST_manual_controlled	HER2ST_D1_CONTROLLED	within_section_controlled_combined	HER2ST::D	manual_truth_controlled	forward	HER2ST_D1_CONTROLLED	uot	0.25	2.0	local_neighborhood	R	I_EXPR	0.05	True	80	0.055978699994739145
HER2ST_manual_controlled	HER2ST_D1_CONTROLLED	within_section_controlled_combined	HER2ST::D	manual_truth_controlled	forward	HER2ST_D1_CONTROLLED	uot	0.25	2.0	local_neighborhood	R	I_SPATIAL	0.05	True	80	0.043513099997653626
HER2ST_manual_controlled	HER2ST_D1_CONTROLLED	within_section_controlled_combined	HER2ST::D	manual_truth_controlled	forward	HER2ST_D1_CONTROLLED	uot	0.25	2.0	local_neighborhood	N	I_EXPR	0.05	True	80	0.10327619999588933
HER2ST_manual_controlled	HER2ST_D1_CONTROLLED	within_section_controlled_combined	HER2ST::D	manual_truth_controlled	forward	HER2ST_D1_CONTROLLED	uot	0.25	2.0	local_neighborhood	N	I_SPATIAL	0.05	True	80	0.04422389999672305
HER2ST_manual_controlled	HER2ST_D1_CONTROLLED	within_section_controlled_combined	HER2ST::D	manual_truth_controlled	forward	HER2ST_D1_CONTROLLED	row_softmax	0.25		base	BASE	NONE	0.0	True	1	0.0004960000078426674
HER2ST_manual_controlled	HER2ST_D1_CONTROLLED	within_section_controlled_combined	HER2ST::D	manual_truth_controlled	forward	HER2ST_D1_CONTROLLED	row_softmax	0.25		local_neighborhood	R	I_EXPR	0.05	True	1	0.0004881000058958307
HER2ST_manual_controlled	HER2ST_D1_CONTROLLED	within_section_controlled_combined	HER2ST::D	manual_truth_controlled	forward	HER2ST_D1_CONTROLLED	row_softmax	0.25		local_neighborhood	R	I_SPATIAL	0.05	True	1	0.00048460000834893435
HER2ST_manual_controlled	HER2ST_D1_CONTROLLED	within_section_controlled_combined	HER2ST::D	manual_truth_controlled	forward	HER2ST_D1_CONTROLLED	row_softmax	0.25		local_neighborhood	N	I_EXPR	0.05	True	1	0.0004884000081801787
HER2ST_manual_controlled	HER2ST_D1_CONTROLLED	within_section_controlled_combined	HER2ST::D	manual_truth_controlled	forward	HER2ST_D1_CONTROLLED	row_softmax	0.25		local_neighborhood	N	I_SPATIAL	0.05	True	1	0.0006434999959310517
HER2ST_manual_controlled	HER2ST_D1_CONTROLLED	within_section_controlled_combined	HER2ST::D	manual_truth_controlled	reverse	HER2ST_D1_CONTROLLED__reverse	balanced_ot	0.25		base	BASE	NONE	0.0	True	200	0.12640570000803564
HER2ST_manual_controlled	HER2ST_D1_CONTROLLED	within_section_controlled_combined	HER2ST::D	manual_truth_controlled	reverse	HER2ST_D1_CONTROLLED__reverse	balanced_ot	0.25		local_neighborhood	R	I_EXPR	0.05	True	200	0.11004919999686535
HER2ST_manual_controlled	HER2ST_D1_CONTROLLED	within_section_controlled_combined	HER2ST::D	manual_truth_controlled	reverse	HER2ST_D1_CONTROLLED__reverse	balanced_ot	0.25		local_neighborhood	R	I_SPATIAL	0.05	True	200	0.12457179999910295
HER2ST_manual_controlled	HER2ST_D1_CONTROLLED	within_section_controlled_combined	HER2ST::D	manual_truth_controlled	reverse	HER2ST_D1_CONTROLLED__reverse	balanced_ot	0.25		local_neighborhood	N	I_EXPR	0.05	True	200	0.12359710001328494
HER2ST_manual_controlled	HER2ST_D1_CONTROLLED	within_section_controlled_combined	HER2ST::D	manual_truth_controlled	reverse	HER2ST_D1_CONTROLLED__reverse	balanced_ot	0.25		local_neighborhood	N	I_SPATIAL	0.05	True	200	0.11102260000188835
HER2ST_manual_controlled	HER2ST_D1_CONTROLLED	within_section_controlled_combined	HER2ST::D	manual_truth_controlled	reverse	HER2ST_D1_CONTROLLED__reverse	uot	0.25	2.0	base	BASE	NONE	0.0	True	80	0.04390849999617785
HER2ST_manual_controlled	HER2ST_D1_CONTROLLED	within_section_controlled_combined	HER2ST::D	manual_truth_controlled	reverse	HER2ST_D1_CONTROLLED__reverse	uot	0.25	2.0	local_neighborhood	R	I_EXPR	0.05	True	80	0.042061799991643056
HER2ST_manual_controlled	HER2ST_D1_CONTROLLED	within_section_controlled_combined	HER2ST::D	manual_truth_controlled	reverse	HER2ST_D1_CONTROLLED__reverse	uot	0.25	2.0	local_neighborhood	R	I_SPATIAL	0.05	True	80	0.04413199999544304
HER2ST_manual_controlled	HER2ST_D1_CONTROLLED	within_section_controlled_combined	HER2ST::D	manual_truth_controlled	reverse	HER2ST_D1_CONTROLLED__reverse	uot	0.25	2.0	local_neighborhood	N	I_EXPR	0.05	True	80	0.04185649999999441
HER2ST_manual_controlled	HER2ST_D1_CONTROLLED	within_section_controlled_combined	HER2ST::D	manual_truth_controlled	reverse	HER2ST_D1_CONTROLLED__reverse	uot	0.25	2.0	local_neighborhood	N	I_SPATIAL	0.05	True	80	0.0419804999983171
HER2ST_manual_controlled	HER2ST_D1_CONTROLLED	within_section_controlled_combined	HER2ST::D	manual_truth_controlled	reverse	HER2ST_D1_CONTROLLED__reverse	row_softmax	0.25		base	BASE	NONE	0.0	True	1	0.0005053000058978796
HER2ST_manual_controlled	HER2ST_D1_CONTROLLED	within_section_controlled_combined	HER2ST::D	manual_truth_controlled	reverse	HER2ST_D1_CONTROLLED__reverse	row_softmax	0.25		local_neighborhood	R	I_EXPR	0.05	True	1	0.000494699997943826
HER2ST_manual_controlled	HER2ST_D1_CONTROLLED	within_section_controlled_combined	HER2ST::D	manual_truth_controlled	reverse	HER2ST_D1_CONTROLLED__reverse	row_softmax	0.25		local_neighborhood	R	I_SPATIAL	0.05	True	1	0.0005222999898251146
HER2ST_manual_controlled	HER2ST_D1_CONTROLLED	within_section_controlled_combined	HER2ST::D	manual_truth_controlled	reverse	HER2ST_D1_CONTROLLED__reverse	row_softmax	0.25		local_neighborhood	N	I_EXPR	0.05	True	1	0.0005096999957459047
HER2ST_manual_controlled	HER2ST_D1_CONTROLLED	within_section_controlled_combined	HER2ST::D	manual_truth_controlled	reverse	HER2ST_D1_CONTROLLED__reverse	row_softmax	0.25		local_neighborhood	N	I_SPATIAL	0.05	True	1	0.0004988000000594184
HER2ST_manual_controlled	HER2ST_E1_CONTROLLED	within_section_controlled_combined	HER2ST::E	manual_truth_controlled	forward	HER2ST_E1_CONTROLLED	balanced_ot	0.25		base	BASE	NONE	0.0	True	200	0.7299100999953225
HER2ST_manual_controlled	HER2ST_E1_CONTROLLED	within_section_controlled_combined	HER2ST::E	manual_truth_controlled	forward	HER2ST_E1_CONTROLLED	balanced_ot	0.25		local_neighborhood	R	I_EXPR	0.05	True	200	0.739884800001164
HER2ST_manual_controlled	HER2ST_E1_CONTROLLED	within_section_controlled_combined	HER2ST::E	manual_truth_controlled	forward	HER2ST_E1_CONTROLLED	balanced_ot	0.25		local_neighborhood	R	I_SPATIAL	0.05	True	200	0.7502393000031589
HER2ST_manual_controlled	HER2ST_E1_CONTROLLED	within_section_controlled_combined	HER2ST::E	manual_truth_controlled	forward	HER2ST_E1_CONTROLLED	balanced_ot	0.25		local_neighborhood	N	I_EXPR	0.05	True	200	0.7511627999920165
HER2ST_manual_controlled	HER2ST_E1_CONTROLLED	within_section_controlled_combined	HER2ST::E	manual_truth_controlled	forward	HER2ST_E1_CONTROLLED	balanced_ot	0.25		local_neighborhood	N	I_SPATIAL	0.05	True	200	0.7479885000066133
HER2ST_manual_controlled	HER2ST_E1_CONTROLLED	within_section_controlled_combined	HER2ST::E	manual_truth_controlled	forward	HER2ST_E1_CONTROLLED	uot	0.25	2.0	base	BASE	NONE	0.0	True	80	0.3113891999964835
HER2ST_manual_controlled	HER2ST_E1_CONTROLLED	within_section_controlled_combined	HER2ST::E	manual_truth_controlled	forward	HER2ST_E1_CONTROLLED	uot	0.25	2.0	local_neighborhood	R	I_EXPR	0.05	True	80	0.29184459999669343
HER2ST_manual_controlled	HER2ST_E1_CONTROLLED	within_section_controlled_combined	HER2ST::E	manual_truth_controlled	forward	HER2ST_E1_CONTROLLED	uot	0.25	2.0	local_neighborhood	R	I_SPATIAL	0.05	True	80	0.29265960000338964
HER2ST_manual_controlled	HER2ST_E1_CONTROLLED	within_section_controlled_combined	HER2ST::E	manual_truth_controlled	forward	HER2ST_E1_CONTROLLED	uot	0.25	2.0	local_neighborhood	N	I_EXPR	0.05	True	80	0.30456050000793766
HER2ST_manual_controlled	HER2ST_E1_CONTROLLED	within_section_controlled_combined	HER2ST::E	manual_truth_controlled	forward	HER2ST_E1_CONTROLLED	uot	0.25	2.0	local_neighborhood	N	I_SPATIAL	0.05	True	80	0.31000589999894146
HER2ST_manual_controlled	HER2ST_E1_CONTROLLED	within_section_controlled_combined	HER2ST::E	manual_truth_controlled	forward	HER2ST_E1_CONTROLLED	row_softmax	0.25		base	BASE	NONE	0.0	True	1	0.0034734000073513016
HER2ST_manual_controlled	HER2ST_E1_CONTROLLED	within_section_controlled_combined	HER2ST::E	manual_truth_controlled	forward	HER2ST_E1_CONTROLLED	row_softmax	0.25		local_neighborhood	R	I_EXPR	0.05	True	1	0.0033127000060630962
HER2ST_manual_controlled	HER2ST_E1_CONTROLLED	within_section_controlled_combined	HER2ST::E	manual_truth_controlled	forward	HER2ST_E1_CONTROLLED	row_softmax	0.25		local_neighborhood	R	I_SPATIAL	0.05	True	1	0.0033888999896589667
HER2ST_manual_controlled	HER2ST_E1_CONTROLLED	within_section_controlled_combined	HER2ST::E	manual_truth_controlled	forward	HER2ST_E1_CONTROLLED	row_softmax	0.25		local_neighborhood	N	I_EXPR	0.05	True	1	0.0032460000074934214
HER2ST_manual_controlled	HER2ST_E1_CONTROLLED	within_section_controlled_combined	HER2ST::E	manual_truth_controlled	forward	HER2ST_E1_CONTROLLED	row_softmax	0.25		local_neighborhood	N	I_SPATIAL	0.05	True	1	0.003256900003179908
HER2ST_manual_controlled	HER2ST_E1_CONTROLLED	within_section_controlled_combined	HER2ST::E	manual_truth_controlled	reverse	HER2ST_E1_CONTROLLED__reverse	balanced_ot	0.25		base	BASE	NONE	0.0	True	200	0.7635471999965375
HER2ST_manual_controlled	HER2ST_E1_CONTROLLED	within_section_controlled_combined	HER2ST::E	manual_truth_controlled	reverse	HER2ST_E1_CONTROLLED__reverse	balanced_ot	0.25		local_neighborhood	R	I_EXPR	0.05	True	200	0.740491499993368
HER2ST_manual_controlled	HER2ST_E1_CONTROLLED	within_section_controlled_combined	HER2ST::E	manual_truth_controlled	reverse	HER2ST_E1_CONTROLLED__reverse	balanced_ot	0.25		local_neighborhood	R	I_SPATIAL	0.05	True	200	0.7630118999950355
HER2ST_manual_controlled	HER2ST_E1_CONTROLLED	within_section_controlled_combined	HER2ST::E	manual_truth_controlled	reverse	HER2ST_E1_CONTROLLED__reverse	balanced_ot	0.25		local_neighborhood	N	I_EXPR	0.05	True	200	0.7648676000098931
HER2ST_manual_controlled	HER2ST_E1_CONTROLLED	within_section_controlled_combined	HER2ST::E	manual_truth_controlled	reverse	HER2ST_E1_CONTROLLED__reverse	balanced_ot	0.25		local_neighborhood	N	I_SPATIAL	0.05	True	200	0.7466419999982463
HER2ST_manual_controlled	HER2ST_E1_CONTROLLED	within_section_controlled_combined	HER2ST::E	manual_truth_controlled	reverse	HER2ST_E1_CONTROLLED__reverse	uot	0.25	2.0	base	BASE	NONE	0.0	True	80	0.2996615000010934
HER2ST_manual_controlled	HER2ST_E1_CONTROLLED	within_section_controlled_combined	HER2ST::E	manual_truth_controlled	reverse	HER2ST_E1_CONTROLLED__reverse	uot	0.25	2.0	local_neighborhood	R	I_EXPR	0.05	True	80	0.32271100000070874
HER2ST_manual_controlled	HER2ST_E1_CONTROLLED	within_section_controlled_combined	HER2ST::E	manual_truth_controlled	reverse	HER2ST_E1_CONTROLLED__reverse	uot	0.25	2.0	local_neighborhood	R	I_SPATIAL	0.05	True	80	0.30197809998935554
HER2ST_manual_controlled	HER2ST_E1_CONTROLLED	within_section_controlled_combined	HER2ST::E	manual_truth_controlled	reverse	HER2ST_E1_CONTROLLED__reverse	uot	0.25	2.0	local_neighborhood	N	I_EXPR	0.05	True	80	0.29815130001225043
HER2ST_manual_controlled	HER2ST_E1_CONTROLLED	within_section_controlled_combined	HER2ST::E	manual_truth_controlled	reverse	HER2ST_E1_CONTROLLED__reverse	uot	0.25	2.0	local_neighborhood	N	I_SPATIAL	0.05	True	80	0.29773869999917224
HER2ST_manual_controlled	HER2ST_E1_CONTROLLED	within_section_controlled_combined	HER2ST::E	manual_truth_controlled	reverse	HER2ST_E1_CONTROLLED__reverse	row_softmax	0.25		base	BASE	NONE	0.0	True	1	0.0032743000047048554
HER2ST_manual_controlled	HER2ST_E1_CONTROLLED	within_section_controlled_combined	HER2ST::E	manual_truth_controlled	reverse	HER2ST_E1_CONTROLLED__reverse	row_softmax	0.25		local_neighborhood	R	I_EXPR	0.05	True	1	0.0031217999930959195
HER2ST_manual_controlled	HER2ST_E1_CONTROLLED	within_section_controlled_combined	HER2ST::E	manual_truth_controlled	reverse	HER2ST_E1_CONTROLLED__reverse	row_softmax	0.25		local_neighborhood	R	I_SPATIAL	0.05	True	1	0.0032102999975904822
HER2ST_manual_controlled	HER2ST_E1_CONTROLLED	within_section_controlled_combined	HER2ST::E	manual_truth_controlled	reverse	HER2ST_E1_CONTROLLED__reverse	row_softmax	0.25		local_neighborhood	N	I_EXPR	0.05	True	1	0.0031952999997884035
HER2ST_manual_controlled	HER2ST_E1_CONTROLLED	within_section_controlled_combined	HER2ST::E	manual_truth_controlled	reverse	HER2ST_E1_CONTROLLED__reverse	row_softmax	0.25		local_neighborhood	N	I_SPATIAL	0.05	True	1	0.0032293999975081533
HER2ST_manual_controlled	HER2ST_F1_CONTROLLED	within_section_controlled_combined	HER2ST::F	manual_truth_controlled	forward	HER2ST_F1_CONTROLLED	balanced_ot	0.25		base	BASE	NONE	0.0	True	200	1.1070665000006557
HER2ST_manual_controlled	HER2ST_F1_CONTROLLED	within_section_controlled_combined	HER2ST::F	manual_truth_controlled	forward	HER2ST_F1_CONTROLLED	balanced_ot	0.25		local_neighborhood	R	I_EXPR	0.05	True	200	1.1532122000062373
HER2ST_manual_controlled	HER2ST_F1_CONTROLLED	within_section_controlled_combined	HER2ST::F	manual_truth_controlled	forward	HER2ST_F1_CONTROLLED	balanced_ot	0.25		local_neighborhood	R	I_SPATIAL	0.05	True	200	1.095941599996877
HER2ST_manual_controlled	HER2ST_F1_CONTROLLED	within_section_controlled_combined	HER2ST::F	manual_truth_controlled	forward	HER2ST_F1_CONTROLLED	balanced_ot	0.25		local_neighborhood	N	I_EXPR	0.05	True	200	1.141097700005048
HER2ST_manual_controlled	HER2ST_F1_CONTROLLED	within_section_controlled_combined	HER2ST::F	manual_truth_controlled	forward	HER2ST_F1_CONTROLLED	balanced_ot	0.25		local_neighborhood	N	I_SPATIAL	0.05	True	200	1.145738999999594
HER2ST_manual_controlled	HER2ST_F1_CONTROLLED	within_section_controlled_combined	HER2ST::F	manual_truth_controlled	forward	HER2ST_F1_CONTROLLED	uot	0.25	2.0	base	BASE	NONE	0.0	True	80	0.4398540999973193
HER2ST_manual_controlled	HER2ST_F1_CONTROLLED	within_section_controlled_combined	HER2ST::F	manual_truth_controlled	forward	HER2ST_F1_CONTROLLED	uot	0.25	2.0	local_neighborhood	R	I_EXPR	0.05	True	80	0.4617221999942558
HER2ST_manual_controlled	HER2ST_F1_CONTROLLED	within_section_controlled_combined	HER2ST::F	manual_truth_controlled	forward	HER2ST_F1_CONTROLLED	uot	0.25	2.0	local_neighborhood	R	I_SPATIAL	0.05	True	80	0.4985428999934811
HER2ST_manual_controlled	HER2ST_F1_CONTROLLED	within_section_controlled_combined	HER2ST::F	manual_truth_controlled	forward	HER2ST_F1_CONTROLLED	uot	0.25	2.0	local_neighborhood	N	I_EXPR	0.05	True	80	0.4627953000017442
HER2ST_manual_controlled	HER2ST_F1_CONTROLLED	within_section_controlled_combined	HER2ST::F	manual_truth_controlled	forward	HER2ST_F1_CONTROLLED	uot	0.25	2.0	local_neighborhood	N	I_SPATIAL	0.05	True	80	0.4406907000084175
HER2ST_manual_controlled	HER2ST_F1_CONTROLLED	within_section_controlled_combined	HER2ST::F	manual_truth_controlled	forward	HER2ST_F1_CONTROLLED	row_softmax	0.25		base	BASE	NONE	0.0	True	1	0.005374699991079979
HER2ST_manual_controlled	HER2ST_F1_CONTROLLED	within_section_controlled_combined	HER2ST::F	manual_truth_controlled	forward	HER2ST_F1_CONTROLLED	row_softmax	0.25		local_neighborhood	R	I_EXPR	0.05	True	1	0.005135700004757382
HER2ST_manual_controlled	HER2ST_F1_CONTROLLED	within_section_controlled_combined	HER2ST::F	manual_truth_controlled	forward	HER2ST_F1_CONTROLLED	row_softmax	0.25		local_neighborhood	R	I_SPATIAL	0.05	True	1	0.004930499999318272
HER2ST_manual_controlled	HER2ST_F1_CONTROLLED	within_section_controlled_combined	HER2ST::F	manual_truth_controlled	forward	HER2ST_F1_CONTROLLED	row_softmax	0.25		local_neighborhood	N	I_EXPR	0.05	True	1	0.004934700002195314
HER2ST_manual_controlled	HER2ST_F1_CONTROLLED	within_section_controlled_combined	HER2ST::F	manual_truth_controlled	forward	HER2ST_F1_CONTROLLED	row_softmax	0.25		local_neighborhood	N	I_SPATIAL	0.05	True	1	0.00487010000506416
HER2ST_manual_controlled	HER2ST_F1_CONTROLLED	within_section_controlled_combined	HER2ST::F	manual_truth_controlled	reverse	HER2ST_F1_CONTROLLED__reverse	balanced_ot	0.25		base	BASE	NONE	0.0	True	200	1.127681099998881
HER2ST_manual_controlled	HER2ST_F1_CONTROLLED	within_section_controlled_combined	HER2ST::F	manual_truth_controlled	reverse	HER2ST_F1_CONTROLLED__reverse	balanced_ot	0.25		local_neighborhood	R	I_EXPR	0.05	True	200	1.144864999994752
HER2ST_manual_controlled	HER2ST_F1_CONTROLLED	within_section_controlled_combined	HER2ST::F	manual_truth_controlled	reverse	HER2ST_F1_CONTROLLED__reverse	balanced_ot	0.25		local_neighborhood	R	I_SPATIAL	0.05	True	200	1.1529754999937722
HER2ST_manual_controlled	HER2ST_F1_CONTROLLED	within_section_controlled_combined	HER2ST::F	manual_truth_controlled	reverse	HER2ST_F1_CONTROLLED__reverse	balanced_ot	0.25		local_neighborhood	N	I_EXPR	0.05	True	200	1.1595062999986112
HER2ST_manual_controlled	HER2ST_F1_CONTROLLED	within_section_controlled_combined	HER2ST::F	manual_truth_controlled	reverse	HER2ST_F1_CONTROLLED__reverse	balanced_ot	0.25		local_neighborhood	N	I_SPATIAL	0.05	True	200	1.3330705999978818
HER2ST_manual_controlled	HER2ST_F1_CONTROLLED	within_section_controlled_combined	HER2ST::F	manual_truth_controlled	reverse	HER2ST_F1_CONTROLLED__reverse	uot	0.25	2.0	base	BASE	NONE	0.0	True	80	0.4434803999902215
HER2ST_manual_controlled	HER2ST_F1_CONTROLLED	within_section_controlled_combined	HER2ST::F	manual_truth_controlled	reverse	HER2ST_F1_CONTROLLED__reverse	uot	0.25	2.0	local_neighborhood	R	I_EXPR	0.05	True	80	0.4556929999962449
HER2ST_manual_controlled	HER2ST_F1_CONTROLLED	within_section_controlled_combined	HER2ST::F	manual_truth_controlled	reverse	HER2ST_F1_CONTROLLED__reverse	uot	0.25	2.0	local_neighborhood	R	I_SPATIAL	0.05	True	80	0.4711308999976609
HER2ST_manual_controlled	HER2ST_F1_CONTROLLED	within_section_controlled_combined	HER2ST::F	manual_truth_controlled	reverse	HER2ST_F1_CONTROLLED__reverse	uot	0.25	2.0	local_neighborhood	N	I_EXPR	0.05	True	80	0.4880472000077134
HER2ST_manual_controlled	HER2ST_F1_CONTROLLED	within_section_controlled_combined	HER2ST::F	manual_truth_controlled	reverse	HER2ST_F1_CONTROLLED__reverse	uot	0.25	2.0	local_neighborhood	N	I_SPATIAL	0.05	True	80	0.5948536000068998
HER2ST_manual_controlled	HER2ST_F1_CONTROLLED	within_section_controlled_combined	HER2ST::F	manual_truth_controlled	reverse	HER2ST_F1_CONTROLLED__reverse	row_softmax	0.25		base	BASE	NONE	0.0	True	1	0.007663399999728426
HER2ST_manual_controlled	HER2ST_F1_CONTROLLED	within_section_controlled_combined	HER2ST::F	manual_truth_controlled	reverse	HER2ST_F1_CONTROLLED__reverse	row_softmax	0.25		local_neighborhood	R	I_EXPR	0.05	True	1	0.007968899997649714
HER2ST_manual_controlled	HER2ST_F1_CONTROLLED	within_section_controlled_combined	HER2ST::F	manual_truth_controlled	reverse	HER2ST_F1_CONTROLLED__reverse	row_softmax	0.25		local_neighborhood	R	I_SPATIAL	0.05	True	1	0.009143899995251559
HER2ST_manual_controlled	HER2ST_F1_CONTROLLED	within_section_controlled_combined	HER2ST::F	manual_truth_controlled	reverse	HER2ST_F1_CONTROLLED__reverse	row_softmax	0.25		local_neighborhood	N	I_EXPR	0.05	True	1	0.008581100002629682
HER2ST_manual_controlled	HER2ST_F1_CONTROLLED	within_section_controlled_combined	HER2ST::F	manual_truth_controlled	reverse	HER2ST_F1_CONTROLLED__reverse	row_softmax	0.25		local_neighborhood	N	I_SPATIAL	0.05	True	1	0.007794099990860559
HER2ST_manual_controlled	HER2ST_G2_CONTROLLED	within_section_controlled_combined	HER2ST::G	manual_truth_controlled	forward	HER2ST_G2_CONTROLLED	balanced_ot	0.25		base	BASE	NONE	0.0	True	200	0.5617720999871381
HER2ST_manual_controlled	HER2ST_G2_CONTROLLED	within_section_controlled_combined	HER2ST::G	manual_truth_controlled	forward	HER2ST_G2_CONTROLLED	balanced_ot	0.25		local_neighborhood	R	I_EXPR	0.05	True	200	0.545745800001896
HER2ST_manual_controlled	HER2ST_G2_CONTROLLED	within_section_controlled_combined	HER2ST::G	manual_truth_controlled	forward	HER2ST_G2_CONTROLLED	balanced_ot	0.25		local_neighborhood	R	I_SPATIAL	0.05	True	200	0.5228814000001876
HER2ST_manual_controlled	HER2ST_G2_CONTROLLED	within_section_controlled_combined	HER2ST::G	manual_truth_controlled	forward	HER2ST_G2_CONTROLLED	balanced_ot	0.25		local_neighborhood	N	I_EXPR	0.05	True	200	0.49748510000063106
HER2ST_manual_controlled	HER2ST_G2_CONTROLLED	within_section_controlled_combined	HER2ST::G	manual_truth_controlled	forward	HER2ST_G2_CONTROLLED	balanced_ot	0.25		local_neighborhood	N	I_SPATIAL	0.05	True	200	0.48731860000407323
HER2ST_manual_controlled	HER2ST_G2_CONTROLLED	within_section_controlled_combined	HER2ST::G	manual_truth_controlled	forward	HER2ST_G2_CONTROLLED	uot	0.25	2.0	base	BASE	NONE	0.0	True	80	0.23162850001244806
HER2ST_manual_controlled	HER2ST_G2_CONTROLLED	within_section_controlled_combined	HER2ST::G	manual_truth_controlled	forward	HER2ST_G2_CONTROLLED	uot	0.25	2.0	local_neighborhood	R	I_EXPR	0.05	True	80	0.218560899986187
HER2ST_manual_controlled	HER2ST_G2_CONTROLLED	within_section_controlled_combined	HER2ST::G	manual_truth_controlled	forward	HER2ST_G2_CONTROLLED	uot	0.25	2.0	local_neighborhood	R	I_SPATIAL	0.05	True	80	0.11381899999105372
HER2ST_manual_controlled	HER2ST_G2_CONTROLLED	within_section_controlled_combined	HER2ST::G	manual_truth_controlled	forward	HER2ST_G2_CONTROLLED	uot	0.25	2.0	local_neighborhood	N	I_EXPR	0.05	True	80	0.10695359999954235
HER2ST_manual_controlled	HER2ST_G2_CONTROLLED	within_section_controlled_combined	HER2ST::G	manual_truth_controlled	forward	HER2ST_G2_CONTROLLED	uot	0.25	2.0	local_neighborhood	N	I_SPATIAL	0.05	True	80	0.10539799999969546
HER2ST_manual_controlled	HER2ST_G2_CONTROLLED	within_section_controlled_combined	HER2ST::G	manual_truth_controlled	forward	HER2ST_G2_CONTROLLED	row_softmax	0.25		base	BASE	NONE	0.0	True	1	0.0023142999998526648
HER2ST_manual_controlled	HER2ST_G2_CONTROLLED	within_section_controlled_combined	HER2ST::G	manual_truth_controlled	forward	HER2ST_G2_CONTROLLED	row_softmax	0.25		local_neighborhood	R	I_EXPR	0.05	True	1	0.0015704000106779858
HER2ST_manual_controlled	HER2ST_G2_CONTROLLED	within_section_controlled_combined	HER2ST::G	manual_truth_controlled	forward	HER2ST_G2_CONTROLLED	row_softmax	0.25		local_neighborhood	R	I_SPATIAL	0.05	True	1	0.001494899988756515
HER2ST_manual_controlled	HER2ST_G2_CONTROLLED	within_section_controlled_combined	HER2ST::G	manual_truth_controlled	forward	HER2ST_G2_CONTROLLED	row_softmax	0.25		local_neighborhood	N	I_EXPR	0.05	True	1	0.0015080000011948869
HER2ST_manual_controlled	HER2ST_G2_CONTROLLED	within_section_controlled_combined	HER2ST::G	manual_truth_controlled	forward	HER2ST_G2_CONTROLLED	row_softmax	0.25		local_neighborhood	N	I_SPATIAL	0.05	True	1	0.0017401000077370554
HER2ST_manual_controlled	HER2ST_G2_CONTROLLED	within_section_controlled_combined	HER2ST::G	manual_truth_controlled	reverse	HER2ST_G2_CONTROLLED__reverse	balanced_ot	0.25		base	BASE	NONE	0.0	True	200	0.518114999998943
HER2ST_manual_controlled	HER2ST_G2_CONTROLLED	within_section_controlled_combined	HER2ST::G	manual_truth_controlled	reverse	HER2ST_G2_CONTROLLED__reverse	balanced_ot	0.25		local_neighborhood	R	I_EXPR	0.05	True	200	0.49005359999137
HER2ST_manual_controlled	HER2ST_G2_CONTROLLED	within_section_controlled_combined	HER2ST::G	manual_truth_controlled	reverse	HER2ST_G2_CONTROLLED__reverse	balanced_ot	0.25		local_neighborhood	R	I_SPATIAL	0.05	True	200	0.4836159999977099
HER2ST_manual_controlled	HER2ST_G2_CONTROLLED	within_section_controlled_combined	HER2ST::G	manual_truth_controlled	reverse	HER2ST_G2_CONTROLLED__reverse	balanced_ot	0.25		local_neighborhood	N	I_EXPR	0.05	True	200	0.5153437000117265
HER2ST_manual_controlled	HER2ST_G2_CONTROLLED	within_section_controlled_combined	HER2ST::G	manual_truth_controlled	reverse	HER2ST_G2_CONTROLLED__reverse	balanced_ot	0.25		local_neighborhood	N	I_SPATIAL	0.05	True	200	0.47298889998637605
HER2ST_manual_controlled	HER2ST_G2_CONTROLLED	within_section_controlled_combined	HER2ST::G	manual_truth_controlled	reverse	HER2ST_G2_CONTROLLED__reverse	uot	0.25	2.0	base	BASE	NONE	0.0	True	80	0.11679939999885391
HER2ST_manual_controlled	HER2ST_G2_CONTROLLED	within_section_controlled_combined	HER2ST::G	manual_truth_controlled	reverse	HER2ST_G2_CONTROLLED__reverse	uot	0.25	2.0	local_neighborhood	R	I_EXPR	0.05	True	80	0.20700339999166317
HER2ST_manual_controlled	HER2ST_G2_CONTROLLED	within_section_controlled_combined	HER2ST::G	manual_truth_controlled	reverse	HER2ST_G2_CONTROLLED__reverse	uot	0.25	2.0	local_neighborhood	R	I_SPATIAL	0.05	True	80	0.09772960000555031
HER2ST_manual_controlled	HER2ST_G2_CONTROLLED	within_section_controlled_combined	HER2ST::G	manual_truth_controlled	reverse	HER2ST_G2_CONTROLLED__reverse	uot	0.25	2.0	local_neighborhood	N	I_EXPR	0.05	True	80	0.1089442000084091
HER2ST_manual_controlled	HER2ST_G2_CONTROLLED	within_section_controlled_combined	HER2ST::G	manual_truth_controlled	reverse	HER2ST_G2_CONTROLLED__reverse	uot	0.25	2.0	local_neighborhood	N	I_SPATIAL	0.05	True	80	0.09713549999287352
HER2ST_manual_controlled	HER2ST_G2_CONTROLLED	within_section_controlled_combined	HER2ST::G	manual_truth_controlled	reverse	HER2ST_G2_CONTROLLED__reverse	row_softmax	0.25		base	BASE	NONE	0.0	True	1	0.0013921000063419342
HER2ST_manual_controlled	HER2ST_G2_CONTROLLED	within_section_controlled_combined	HER2ST::G	manual_truth_controlled	reverse	HER2ST_G2_CONTROLLED__reverse	row_softmax	0.25		local_neighborhood	R	I_EXPR	0.05	True	1	0.0014308999961940572
HER2ST_manual_controlled	HER2ST_G2_CONTROLLED	within_section_controlled_combined	HER2ST::G	manual_truth_controlled	reverse	HER2ST_G2_CONTROLLED__reverse	row_softmax	0.25		local_neighborhood	R	I_SPATIAL	0.05	True	1	0.001555399998323992
HER2ST_manual_controlled	HER2ST_G2_CONTROLLED	within_section_controlled_combined	HER2ST::G	manual_truth_controlled	reverse	HER2ST_G2_CONTROLLED__reverse	row_softmax	0.25		local_neighborhood	N	I_EXPR	0.05	True	1	0.0013697000104002655
HER2ST_manual_controlled	HER2ST_G2_CONTROLLED	within_section_controlled_combined	HER2ST::G	manual_truth_controlled	reverse	HER2ST_G2_CONTROLLED__reverse	row_softmax	0.25		local_neighborhood	N	I_SPATIAL	0.05	True	1	0.001425599999492988
HER2ST_manual_controlled	HER2ST_H1_CONTROLLED	within_section_controlled_combined	HER2ST::H	manual_truth_controlled	forward	HER2ST_H1_CONTROLLED	balanced_ot	0.25		base	BASE	NONE	0.0	True	200	0.7114702999970177
HER2ST_manual_controlled	HER2ST_H1_CONTROLLED	within_section_controlled_combined	HER2ST::H	manual_truth_controlled	forward	HER2ST_H1_CONTROLLED	balanced_ot	0.25		local_neighborhood	R	I_EXPR	0.05	True	200	0.7332232000044314
HER2ST_manual_controlled	HER2ST_H1_CONTROLLED	within_section_controlled_combined	HER2ST::H	manual_truth_controlled	forward	HER2ST_H1_CONTROLLED	balanced_ot	0.25		local_neighborhood	R	I_SPATIAL	0.05	True	200	0.7474769999971613
HER2ST_manual_controlled	HER2ST_H1_CONTROLLED	within_section_controlled_combined	HER2ST::H	manual_truth_controlled	forward	HER2ST_H1_CONTROLLED	balanced_ot	0.25		local_neighborhood	N	I_EXPR	0.05	True	200	0.7368118000013055
HER2ST_manual_controlled	HER2ST_H1_CONTROLLED	within_section_controlled_combined	HER2ST::H	manual_truth_controlled	forward	HER2ST_H1_CONTROLLED	balanced_ot	0.25		local_neighborhood	N	I_SPATIAL	0.05	True	200	0.7556941000075312
HER2ST_manual_controlled	HER2ST_H1_CONTROLLED	within_section_controlled_combined	HER2ST::H	manual_truth_controlled	forward	HER2ST_H1_CONTROLLED	uot	0.25	2.0	base	BASE	NONE	0.0	True	80	0.2893661999987671
HER2ST_manual_controlled	HER2ST_H1_CONTROLLED	within_section_controlled_combined	HER2ST::H	manual_truth_controlled	forward	HER2ST_H1_CONTROLLED	uot	0.25	2.0	local_neighborhood	R	I_EXPR	0.05	True	80	0.2836907000018982
HER2ST_manual_controlled	HER2ST_H1_CONTROLLED	within_section_controlled_combined	HER2ST::H	manual_truth_controlled	forward	HER2ST_H1_CONTROLLED	uot	0.25	2.0	local_neighborhood	R	I_SPATIAL	0.05	True	80	0.2906823999946937
HER2ST_manual_controlled	HER2ST_H1_CONTROLLED	within_section_controlled_combined	HER2ST::H	manual_truth_controlled	forward	HER2ST_H1_CONTROLLED	uot	0.25	2.0	local_neighborhood	N	I_EXPR	0.05	True	80	0.29955660000268836
HER2ST_manual_controlled	HER2ST_H1_CONTROLLED	within_section_controlled_combined	HER2ST::H	manual_truth_controlled	forward	HER2ST_H1_CONTROLLED	uot	0.25	2.0	local_neighborhood	N	I_SPATIAL	0.05	True	80	0.30260680000355933
HER2ST_manual_controlled	HER2ST_H1_CONTROLLED	within_section_controlled_combined	HER2ST::H	manual_truth_controlled	forward	HER2ST_H1_CONTROLLED	row_softmax	0.25		base	BASE	NONE	0.0	True	1	0.003540899997460656
HER2ST_manual_controlled	HER2ST_H1_CONTROLLED	within_section_controlled_combined	HER2ST::H	manual_truth_controlled	forward	HER2ST_H1_CONTROLLED	row_softmax	0.25		local_neighborhood	R	I_EXPR	0.05	True	1	0.00330319999193307
HER2ST_manual_controlled	HER2ST_H1_CONTROLLED	within_section_controlled_combined	HER2ST::H	manual_truth_controlled	forward	HER2ST_H1_CONTROLLED	row_softmax	0.25		local_neighborhood	R	I_SPATIAL	0.05	True	1	0.003289300002506934
HER2ST_manual_controlled	HER2ST_H1_CONTROLLED	within_section_controlled_combined	HER2ST::H	manual_truth_controlled	forward	HER2ST_H1_CONTROLLED	row_softmax	0.25		local_neighborhood	N	I_EXPR	0.05	True	1	0.003089699996053241
HER2ST_manual_controlled	HER2ST_H1_CONTROLLED	within_section_controlled_combined	HER2ST::H	manual_truth_controlled	forward	HER2ST_H1_CONTROLLED	row_softmax	0.25		local_neighborhood	N	I_SPATIAL	0.05	True	1	0.0031319999980041757
HER2ST_manual_controlled	HER2ST_H1_CONTROLLED	within_section_controlled_combined	HER2ST::H	manual_truth_controlled	reverse	HER2ST_H1_CONTROLLED__reverse	balanced_ot	0.25		base	BASE	NONE	0.0	True	200	0.7554625000047963
HER2ST_manual_controlled	HER2ST_H1_CONTROLLED	within_section_controlled_combined	HER2ST::H	manual_truth_controlled	reverse	HER2ST_H1_CONTROLLED__reverse	balanced_ot	0.25		local_neighborhood	R	I_EXPR	0.05	True	200	0.7515492000093218
HER2ST_manual_controlled	HER2ST_H1_CONTROLLED	within_section_controlled_combined	HER2ST::H	manual_truth_controlled	reverse	HER2ST_H1_CONTROLLED__reverse	balanced_ot	0.25		local_neighborhood	R	I_SPATIAL	0.05	True	200	0.735749700004817
HER2ST_manual_controlled	HER2ST_H1_CONTROLLED	within_section_controlled_combined	HER2ST::H	manual_truth_controlled	reverse	HER2ST_H1_CONTROLLED__reverse	balanced_ot	0.25		local_neighborhood	N	I_EXPR	0.05	True	200	0.748251099998015
HER2ST_manual_controlled	HER2ST_H1_CONTROLLED	within_section_controlled_combined	HER2ST::H	manual_truth_controlled	reverse	HER2ST_H1_CONTROLLED__reverse	balanced_ot	0.25		local_neighborhood	N	I_SPATIAL	0.05	True	200	0.7403263000014704
HER2ST_manual_controlled	HER2ST_H1_CONTROLLED	within_section_controlled_combined	HER2ST::H	manual_truth_controlled	reverse	HER2ST_H1_CONTROLLED__reverse	uot	0.25	2.0	base	BASE	NONE	0.0	True	80	0.2953323999972781
HER2ST_manual_controlled	HER2ST_H1_CONTROLLED	within_section_controlled_combined	HER2ST::H	manual_truth_controlled	reverse	HER2ST_H1_CONTROLLED__reverse	uot	0.25	2.0	local_neighborhood	R	I_EXPR	0.05	True	80	0.29362250000122003
HER2ST_manual_controlled	HER2ST_H1_CONTROLLED	within_section_controlled_combined	HER2ST::H	manual_truth_controlled	reverse	HER2ST_H1_CONTROLLED__reverse	uot	0.25	2.0	local_neighborhood	R	I_SPATIAL	0.05	True	80	0.30351430000155233
HER2ST_manual_controlled	HER2ST_H1_CONTROLLED	within_section_controlled_combined	HER2ST::H	manual_truth_controlled	reverse	HER2ST_H1_CONTROLLED__reverse	uot	0.25	2.0	local_neighborhood	N	I_EXPR	0.05	True	80	0.29163720000360627
HER2ST_manual_controlled	HER2ST_H1_CONTROLLED	within_section_controlled_combined	HER2ST::H	manual_truth_controlled	reverse	HER2ST_H1_CONTROLLED__reverse	uot	0.25	2.0	local_neighborhood	N	I_SPATIAL	0.05	True	80	0.2928313000011258
HER2ST_manual_controlled	HER2ST_H1_CONTROLLED	within_section_controlled_combined	HER2ST::H	manual_truth_controlled	reverse	HER2ST_H1_CONTROLLED__reverse	row_softmax	0.25		base	BASE	NONE	0.0	True	1	0.0034789000055752695
HER2ST_manual_controlled	HER2ST_H1_CONTROLLED	within_section_controlled_combined	HER2ST::H	manual_truth_controlled	reverse	HER2ST_H1_CONTROLLED__reverse	row_softmax	0.25		local_neighborhood	R	I_EXPR	0.05	True	1	0.003532999995513819
HER2ST_manual_controlled	HER2ST_H1_CONTROLLED	within_section_controlled_combined	HER2ST::H	manual_truth_controlled	reverse	HER2ST_H1_CONTROLLED__reverse	row_softmax	0.25		local_neighborhood	R	I_SPATIAL	0.05	True	1	0.003318499992019497
HER2ST_manual_controlled	HER2ST_H1_CONTROLLED	within_section_controlled_combined	HER2ST::H	manual_truth_controlled	reverse	HER2ST_H1_CONTROLLED__reverse	row_softmax	0.25		local_neighborhood	N	I_EXPR	0.05	True	1	0.003221299994038418
HER2ST_manual_controlled	HER2ST_H1_CONTROLLED	within_section_controlled_combined	HER2ST::H	manual_truth_controlled	reverse	HER2ST_H1_CONTROLLED__reverse	row_softmax	0.25		local_neighborhood	N	I_SPATIAL	0.05	True	1	0.0032863000087672845
Stereo-seq	ST_DEV_E11_5_E12_5	cross_stage	Stereo-seq::shared_developmental_series	legacy_replication	forward	ST_DEV_E11_5_E12_5	balanced_ot	0.25		base	BASE	NONE	0.0	True	200	8.401398999994854
Stereo-seq	ST_DEV_E11_5_E12_5	cross_stage	Stereo-seq::shared_developmental_series	legacy_replication	forward	ST_DEV_E11_5_E12_5	balanced_ot	0.25		local_neighborhood	R	I_EXPR	0.05	True	200	8.23860360000981
Stereo-seq	ST_DEV_E11_5_E12_5	cross_stage	Stereo-seq::shared_developmental_series	legacy_replication	forward	ST_DEV_E11_5_E12_5	balanced_ot	0.25		local_neighborhood	R	I_SPATIAL	0.05	True	200	8.404469700006302
Stereo-seq	ST_DEV_E11_5_E12_5	cross_stage	Stereo-seq::shared_developmental_series	legacy_replication	forward	ST_DEV_E11_5_E12_5	balanced_ot	0.25		local_neighborhood	N	I_EXPR	0.05	True	200	8.458528499992099
Stereo-seq	ST_DEV_E11_5_E12_5	cross_stage	Stereo-seq::shared_developmental_series	legacy_replication	forward	ST_DEV_E11_5_E12_5	balanced_ot	0.25		local_neighborhood	N	I_SPATIAL	0.05	True	200	8.336876500005019
Stereo-seq	ST_DEV_E11_5_E12_5	cross_stage	Stereo-seq::shared_developmental_series	legacy_replication	forward	ST_DEV_E11_5_E12_5	uot	0.25	2.0	base	BASE	NONE	0.0	True	85	3.584513900001184
Stereo-seq	ST_DEV_E11_5_E12_5	cross_stage	Stereo-seq::shared_developmental_series	legacy_replication	forward	ST_DEV_E11_5_E12_5	uot	0.25	2.0	local_neighborhood	R	I_EXPR	0.05	True	85	3.600469400000293
Stereo-seq	ST_DEV_E11_5_E12_5	cross_stage	Stereo-seq::shared_developmental_series	legacy_replication	forward	ST_DEV_E11_5_E12_5	uot	0.25	2.0	local_neighborhood	R	I_SPATIAL	0.05	True	85	3.5477299000049243
Stereo-seq	ST_DEV_E11_5_E12_5	cross_stage	Stereo-seq::shared_developmental_series	legacy_replication	forward	ST_DEV_E11_5_E12_5	uot	0.25	2.0	local_neighborhood	N	I_EXPR	0.05	True	85	3.519974099996034
Stereo-seq	ST_DEV_E11_5_E12_5	cross_stage	Stereo-seq::shared_developmental_series	legacy_replication	forward	ST_DEV_E11_5_E12_5	uot	0.25	2.0	local_neighborhood	N	I_SPATIAL	0.05	True	85	3.5501804999948945
Stereo-seq	ST_DEV_E11_5_E12_5	cross_stage	Stereo-seq::shared_developmental_series	legacy_replication	forward	ST_DEV_E11_5_E12_5	row_softmax	0.25		base	BASE	NONE	0.0	True	1	0.0426039000012679
Stereo-seq	ST_DEV_E11_5_E12_5	cross_stage	Stereo-seq::shared_developmental_series	legacy_replication	forward	ST_DEV_E11_5_E12_5	row_softmax	0.25		local_neighborhood	R	I_EXPR	0.05	True	1	0.03680929999973159
Stereo-seq	ST_DEV_E11_5_E12_5	cross_stage	Stereo-seq::shared_developmental_series	legacy_replication	forward	ST_DEV_E11_5_E12_5	row_softmax	0.25		local_neighborhood	R	I_SPATIAL	0.05	True	1	0.03716580000764225
Stereo-seq	ST_DEV_E11_5_E12_5	cross_stage	Stereo-seq::shared_developmental_series	legacy_replication	forward	ST_DEV_E11_5_E12_5	row_softmax	0.25		local_neighborhood	N	I_EXPR	0.05	True	1	0.03719250000722241
Stereo-seq	ST_DEV_E11_5_E12_5	cross_stage	Stereo-seq::shared_developmental_series	legacy_replication	forward	ST_DEV_E11_5_E12_5	row_softmax	0.25		local_neighborhood	N	I_SPATIAL	0.05	True	1	0.03792539999994915
Stereo-seq	ST_DEV_E11_5_E12_5	cross_stage	Stereo-seq::shared_developmental_series	legacy_replication	reverse	ST_DEV_E11_5_E12_5__reverse	balanced_ot	0.25		base	BASE	NONE	0.0	True	200	8.46332429999893
Stereo-seq	ST_DEV_E11_5_E12_5	cross_stage	Stereo-seq::shared_developmental_series	legacy_replication	reverse	ST_DEV_E11_5_E12_5__reverse	balanced_ot	0.25		local_neighborhood	R	I_EXPR	0.05	True	200	8.43061559999478
Stereo-seq	ST_DEV_E11_5_E12_5	cross_stage	Stereo-seq::shared_developmental_series	legacy_replication	reverse	ST_DEV_E11_5_E12_5__reverse	balanced_ot	0.25		local_neighborhood	R	I_SPATIAL	0.05	True	200	8.336464299994987
Stereo-seq	ST_DEV_E11_5_E12_5	cross_stage	Stereo-seq::shared_developmental_series	legacy_replication	reverse	ST_DEV_E11_5_E12_5__reverse	balanced_ot	0.25		local_neighborhood	N	I_EXPR	0.05	True	200	8.30224079999607
Stereo-seq	ST_DEV_E11_5_E12_5	cross_stage	Stereo-seq::shared_developmental_series	legacy_replication	reverse	ST_DEV_E11_5_E12_5__reverse	balanced_ot	0.25		local_neighborhood	N	I_SPATIAL	0.05	True	200	8.29765760000737
Stereo-seq	ST_DEV_E11_5_E12_5	cross_stage	Stereo-seq::shared_developmental_series	legacy_replication	reverse	ST_DEV_E11_5_E12_5__reverse	uot	0.25	2.0	base	BASE	NONE	0.0	True	85	3.564146599994274
Stereo-seq	ST_DEV_E11_5_E12_5	cross_stage	Stereo-seq::shared_developmental_series	legacy_replication	reverse	ST_DEV_E11_5_E12_5__reverse	uot	0.25	2.0	local_neighborhood	R	I_EXPR	0.05	True	85	3.4881504000077257
Stereo-seq	ST_DEV_E11_5_E12_5	cross_stage	Stereo-seq::shared_developmental_series	legacy_replication	reverse	ST_DEV_E11_5_E12_5__reverse	uot	0.25	2.0	local_neighborhood	R	I_SPATIAL	0.05	True	85	3.5486130000062985
Stereo-seq	ST_DEV_E11_5_E12_5	cross_stage	Stereo-seq::shared_developmental_series	legacy_replication	reverse	ST_DEV_E11_5_E12_5__reverse	uot	0.25	2.0	local_neighborhood	N	I_EXPR	0.05	True	85	3.5506309000047622
Stereo-seq	ST_DEV_E11_5_E12_5	cross_stage	Stereo-seq::shared_developmental_series	legacy_replication	reverse	ST_DEV_E11_5_E12_5__reverse	uot	0.25	2.0	local_neighborhood	N	I_SPATIAL	0.05	True	85	3.4732979999971576
Stereo-seq	ST_DEV_E11_5_E12_5	cross_stage	Stereo-seq::shared_developmental_series	legacy_replication	reverse	ST_DEV_E11_5_E12_5__reverse	row_softmax	0.25		base	BASE	NONE	0.0	True	1	0.03869919999851845
Stereo-seq	ST_DEV_E11_5_E12_5	cross_stage	Stereo-seq::shared_developmental_series	legacy_replication	reverse	ST_DEV_E11_5_E12_5__reverse	row_softmax	0.25		local_neighborhood	R	I_EXPR	0.05	True	1	0.03665470000123605
Stereo-seq	ST_DEV_E11_5_E12_5	cross_stage	Stereo-seq::shared_developmental_series	legacy_replication	reverse	ST_DEV_E11_5_E12_5__reverse	row_softmax	0.25		local_neighborhood	R	I_SPATIAL	0.05	True	1	0.037045999997644685
Stereo-seq	ST_DEV_E11_5_E12_5	cross_stage	Stereo-seq::shared_developmental_series	legacy_replication	reverse	ST_DEV_E11_5_E12_5__reverse	row_softmax	0.25		local_neighborhood	N	I_EXPR	0.05	True	1	0.03867080000054557
Stereo-seq	ST_DEV_E11_5_E12_5	cross_stage	Stereo-seq::shared_developmental_series	legacy_replication	reverse	ST_DEV_E11_5_E12_5__reverse	row_softmax	0.25		local_neighborhood	N	I_SPATIAL	0.05	True	1	0.03659459999471437
Stereo-seq	ST_DEV_E12_5_E13_5	cross_stage	Stereo-seq::shared_developmental_series	legacy_replication	forward	ST_DEV_E12_5_E13_5	balanced_ot	0.25		base	BASE	NONE	0.0	True	200	8.308521599989035
Stereo-seq	ST_DEV_E12_5_E13_5	cross_stage	Stereo-seq::shared_developmental_series	legacy_replication	forward	ST_DEV_E12_5_E13_5	balanced_ot	0.25		local_neighborhood	R	I_EXPR	0.05	True	200	8.299529700001585
Stereo-seq	ST_DEV_E12_5_E13_5	cross_stage	Stereo-seq::shared_developmental_series	legacy_replication	forward	ST_DEV_E12_5_E13_5	balanced_ot	0.25		local_neighborhood	R	I_SPATIAL	0.05	True	200	8.173769299988635
Stereo-seq	ST_DEV_E12_5_E13_5	cross_stage	Stereo-seq::shared_developmental_series	legacy_replication	forward	ST_DEV_E12_5_E13_5	balanced_ot	0.25		local_neighborhood	N	I_EXPR	0.05	True	200	8.312802800006466
Stereo-seq	ST_DEV_E12_5_E13_5	cross_stage	Stereo-seq::shared_developmental_series	legacy_replication	forward	ST_DEV_E12_5_E13_5	balanced_ot	0.25		local_neighborhood	N	I_SPATIAL	0.05	True	200	8.315179600002011
Stereo-seq	ST_DEV_E12_5_E13_5	cross_stage	Stereo-seq::shared_developmental_series	legacy_replication	forward	ST_DEV_E12_5_E13_5	uot	0.25	2.0	base	BASE	NONE	0.0	True	85	3.507998100001714
Stereo-seq	ST_DEV_E12_5_E13_5	cross_stage	Stereo-seq::shared_developmental_series	legacy_replication	forward	ST_DEV_E12_5_E13_5	uot	0.25	2.0	local_neighborhood	R	I_EXPR	0.05	True	85	3.5104993999993894
Stereo-seq	ST_DEV_E12_5_E13_5	cross_stage	Stereo-seq::shared_developmental_series	legacy_replication	forward	ST_DEV_E12_5_E13_5	uot	0.25	2.0	local_neighborhood	R	I_SPATIAL	0.05	True	85	3.515306099987356
Stereo-seq	ST_DEV_E12_5_E13_5	cross_stage	Stereo-seq::shared_developmental_series	legacy_replication	forward	ST_DEV_E12_5_E13_5	uot	0.25	2.0	local_neighborhood	N	I_EXPR	0.05	True	85	3.5186222000047565
Stereo-seq	ST_DEV_E12_5_E13_5	cross_stage	Stereo-seq::shared_developmental_series	legacy_replication	forward	ST_DEV_E12_5_E13_5	uot	0.25	2.0	local_neighborhood	N	I_SPATIAL	0.05	True	85	3.52392810001038
Stereo-seq	ST_DEV_E12_5_E13_5	cross_stage	Stereo-seq::shared_developmental_series	legacy_replication	forward	ST_DEV_E12_5_E13_5	row_softmax	0.25		base	BASE	NONE	0.0	True	1	0.04383369999413844
Stereo-seq	ST_DEV_E12_5_E13_5	cross_stage	Stereo-seq::shared_developmental_series	legacy_replication	forward	ST_DEV_E12_5_E13_5	row_softmax	0.25		local_neighborhood	R	I_EXPR	0.05	True	1	0.037347600009525195
Stereo-seq	ST_DEV_E12_5_E13_5	cross_stage	Stereo-seq::shared_developmental_series	legacy_replication	forward	ST_DEV_E12_5_E13_5	row_softmax	0.25		local_neighborhood	R	I_SPATIAL	0.05	True	1	0.03628790000220761
Stereo-seq	ST_DEV_E12_5_E13_5	cross_stage	Stereo-seq::shared_developmental_series	legacy_replication	forward	ST_DEV_E12_5_E13_5	row_softmax	0.25		local_neighborhood	N	I_EXPR	0.05	True	1	0.037258700001984835
Stereo-seq	ST_DEV_E12_5_E13_5	cross_stage	Stereo-seq::shared_developmental_series	legacy_replication	forward	ST_DEV_E12_5_E13_5	row_softmax	0.25		local_neighborhood	N	I_SPATIAL	0.05	True	1	0.03786710000713356
Stereo-seq	ST_DEV_E12_5_E13_5	cross_stage	Stereo-seq::shared_developmental_series	legacy_replication	reverse	ST_DEV_E12_5_E13_5__reverse	balanced_ot	0.25		base	BASE	NONE	0.0	True	200	8.215985799994087
Stereo-seq	ST_DEV_E12_5_E13_5	cross_stage	Stereo-seq::shared_developmental_series	legacy_replication	reverse	ST_DEV_E12_5_E13_5__reverse	balanced_ot	0.25		local_neighborhood	R	I_EXPR	0.05	True	200	8.321032599997125
Stereo-seq	ST_DEV_E12_5_E13_5	cross_stage	Stereo-seq::shared_developmental_series	legacy_replication	reverse	ST_DEV_E12_5_E13_5__reverse	balanced_ot	0.25		local_neighborhood	R	I_SPATIAL	0.05	True	200	8.274491899996065
Stereo-seq	ST_DEV_E12_5_E13_5	cross_stage	Stereo-seq::shared_developmental_series	legacy_replication	reverse	ST_DEV_E12_5_E13_5__reverse	balanced_ot	0.25		local_neighborhood	N	I_EXPR	0.05	True	200	8.346625199992559
Stereo-seq	ST_DEV_E12_5_E13_5	cross_stage	Stereo-seq::shared_developmental_series	legacy_replication	reverse	ST_DEV_E12_5_E13_5__reverse	balanced_ot	0.25		local_neighborhood	N	I_SPATIAL	0.05	True	200	8.310116699998616
Stereo-seq	ST_DEV_E12_5_E13_5	cross_stage	Stereo-seq::shared_developmental_series	legacy_replication	reverse	ST_DEV_E12_5_E13_5__reverse	uot	0.25	2.0	base	BASE	NONE	0.0	True	85	3.4938197000010405
Stereo-seq	ST_DEV_E12_5_E13_5	cross_stage	Stereo-seq::shared_developmental_series	legacy_replication	reverse	ST_DEV_E12_5_E13_5__reverse	uot	0.25	2.0	local_neighborhood	R	I_EXPR	0.05	True	85	3.5585092999972403
Stereo-seq	ST_DEV_E12_5_E13_5	cross_stage	Stereo-seq::shared_developmental_series	legacy_replication	reverse	ST_DEV_E12_5_E13_5__reverse	uot	0.25	2.0	local_neighborhood	R	I_SPATIAL	0.05	True	85	3.5522926000121515
Stereo-seq	ST_DEV_E12_5_E13_5	cross_stage	Stereo-seq::shared_developmental_series	legacy_replication	reverse	ST_DEV_E12_5_E13_5__reverse	uot	0.25	2.0	local_neighborhood	N	I_EXPR	0.05	True	85	3.50354979999247
Stereo-seq	ST_DEV_E12_5_E13_5	cross_stage	Stereo-seq::shared_developmental_series	legacy_replication	reverse	ST_DEV_E12_5_E13_5__reverse	uot	0.25	2.0	local_neighborhood	N	I_SPATIAL	0.05	True	85	3.5425569000071846
Stereo-seq	ST_DEV_E12_5_E13_5	cross_stage	Stereo-seq::shared_developmental_series	legacy_replication	reverse	ST_DEV_E12_5_E13_5__reverse	row_softmax	0.25		base	BASE	NONE	0.0	True	1	0.03764349999255501
Stereo-seq	ST_DEV_E12_5_E13_5	cross_stage	Stereo-seq::shared_developmental_series	legacy_replication	reverse	ST_DEV_E12_5_E13_5__reverse	row_softmax	0.25		local_neighborhood	R	I_EXPR	0.05	True	1	0.03470120001293253
Stereo-seq	ST_DEV_E12_5_E13_5	cross_stage	Stereo-seq::shared_developmental_series	legacy_replication	reverse	ST_DEV_E12_5_E13_5__reverse	row_softmax	0.25		local_neighborhood	R	I_SPATIAL	0.05	True	1	0.03666969999903813
Stereo-seq	ST_DEV_E12_5_E13_5	cross_stage	Stereo-seq::shared_developmental_series	legacy_replication	reverse	ST_DEV_E12_5_E13_5__reverse	row_softmax	0.25		local_neighborhood	N	I_EXPR	0.05	True	1	0.03737739998905454
Stereo-seq	ST_DEV_E12_5_E13_5	cross_stage	Stereo-seq::shared_developmental_series	legacy_replication	reverse	ST_DEV_E12_5_E13_5__reverse	row_softmax	0.25		local_neighborhood	N	I_SPATIAL	0.05	True	1	0.037595599991618656
Stereo-seq	ST_DEV_E13_5_E14_5	cross_stage	Stereo-seq::shared_developmental_series	legacy_replication	forward	ST_DEV_E13_5_E14_5	balanced_ot	0.25		base	BASE	NONE	0.0	True	200	8.309359799997765
Stereo-seq	ST_DEV_E13_5_E14_5	cross_stage	Stereo-seq::shared_developmental_series	legacy_replication	forward	ST_DEV_E13_5_E14_5	balanced_ot	0.25		local_neighborhood	R	I_EXPR	0.05	True	200	8.30081240000436
Stereo-seq	ST_DEV_E13_5_E14_5	cross_stage	Stereo-seq::shared_developmental_series	legacy_replication	forward	ST_DEV_E13_5_E14_5	balanced_ot	0.25		local_neighborhood	R	I_SPATIAL	0.05	True	200	8.274334500005352
Stereo-seq	ST_DEV_E13_5_E14_5	cross_stage	Stereo-seq::shared_developmental_series	legacy_replication	forward	ST_DEV_E13_5_E14_5	balanced_ot	0.25		local_neighborhood	N	I_EXPR	0.05	True	200	8.31313670000236
Stereo-seq	ST_DEV_E13_5_E14_5	cross_stage	Stereo-seq::shared_developmental_series	legacy_replication	forward	ST_DEV_E13_5_E14_5	balanced_ot	0.25		local_neighborhood	N	I_SPATIAL	0.05	True	200	8.286957199990866
Stereo-seq	ST_DEV_E13_5_E14_5	cross_stage	Stereo-seq::shared_developmental_series	legacy_replication	forward	ST_DEV_E13_5_E14_5	uot	0.25	2.0	base	BASE	NONE	0.0	True	85	3.601982100008172
Stereo-seq	ST_DEV_E13_5_E14_5	cross_stage	Stereo-seq::shared_developmental_series	legacy_replication	forward	ST_DEV_E13_5_E14_5	uot	0.25	2.0	local_neighborhood	R	I_EXPR	0.05	True	85	3.504476499991142
Stereo-seq	ST_DEV_E13_5_E14_5	cross_stage	Stereo-seq::shared_developmental_series	legacy_replication	forward	ST_DEV_E13_5_E14_5	uot	0.25	2.0	local_neighborhood	R	I_SPATIAL	0.05	True	85	3.560470299998997
Stereo-seq	ST_DEV_E13_5_E14_5	cross_stage	Stereo-seq::shared_developmental_series	legacy_replication	forward	ST_DEV_E13_5_E14_5	uot	0.25	2.0	local_neighborhood	N	I_EXPR	0.05	True	85	3.5992361000098754
Stereo-seq	ST_DEV_E13_5_E14_5	cross_stage	Stereo-seq::shared_developmental_series	legacy_replication	forward	ST_DEV_E13_5_E14_5	uot	0.25	2.0	local_neighborhood	N	I_SPATIAL	0.05	True	85	3.552013699998497
Stereo-seq	ST_DEV_E13_5_E14_5	cross_stage	Stereo-seq::shared_developmental_series	legacy_replication	forward	ST_DEV_E13_5_E14_5	row_softmax	0.25		base	BASE	NONE	0.0	True	1	0.03727999998955056
Stereo-seq	ST_DEV_E13_5_E14_5	cross_stage	Stereo-seq::shared_developmental_series	legacy_replication	forward	ST_DEV_E13_5_E14_5	row_softmax	0.25		local_neighborhood	R	I_EXPR	0.05	True	1	0.03793520000181161
Stereo-seq	ST_DEV_E13_5_E14_5	cross_stage	Stereo-seq::shared_developmental_series	legacy_replication	forward	ST_DEV_E13_5_E14_5	row_softmax	0.25		local_neighborhood	R	I_SPATIAL	0.05	True	1	0.04225339999538846
Stereo-seq	ST_DEV_E13_5_E14_5	cross_stage	Stereo-seq::shared_developmental_series	legacy_replication	forward	ST_DEV_E13_5_E14_5	row_softmax	0.25		local_neighborhood	N	I_EXPR	0.05	True	1	0.03704790001211222
Stereo-seq	ST_DEV_E13_5_E14_5	cross_stage	Stereo-seq::shared_developmental_series	legacy_replication	forward	ST_DEV_E13_5_E14_5	row_softmax	0.25		local_neighborhood	N	I_SPATIAL	0.05	True	1	0.037951299993437715
Stereo-seq	ST_DEV_E13_5_E14_5	cross_stage	Stereo-seq::shared_developmental_series	legacy_replication	reverse	ST_DEV_E13_5_E14_5__reverse	balanced_ot	0.25		base	BASE	NONE	0.0	True	200	8.305685100000119
Stereo-seq	ST_DEV_E13_5_E14_5	cross_stage	Stereo-seq::shared_developmental_series	legacy_replication	reverse	ST_DEV_E13_5_E14_5__reverse	balanced_ot	0.25		local_neighborhood	R	I_EXPR	0.05	True	200	8.336511800007429
Stereo-seq	ST_DEV_E13_5_E14_5	cross_stage	Stereo-seq::shared_developmental_series	legacy_replication	reverse	ST_DEV_E13_5_E14_5__reverse	balanced_ot	0.25		local_neighborhood	R	I_SPATIAL	0.05	True	200	8.288795500004198
Stereo-seq	ST_DEV_E13_5_E14_5	cross_stage	Stereo-seq::shared_developmental_series	legacy_replication	reverse	ST_DEV_E13_5_E14_5__reverse	balanced_ot	0.25		local_neighborhood	N	I_EXPR	0.05	True	200	8.274290400004247
Stereo-seq	ST_DEV_E13_5_E14_5	cross_stage	Stereo-seq::shared_developmental_series	legacy_replication	reverse	ST_DEV_E13_5_E14_5__reverse	balanced_ot	0.25		local_neighborhood	N	I_SPATIAL	0.05	True	200	8.228176799995708
Stereo-seq	ST_DEV_E13_5_E14_5	cross_stage	Stereo-seq::shared_developmental_series	legacy_replication	reverse	ST_DEV_E13_5_E14_5__reverse	uot	0.25	2.0	base	BASE	NONE	0.0	True	85	3.5526333000016166
Stereo-seq	ST_DEV_E13_5_E14_5	cross_stage	Stereo-seq::shared_developmental_series	legacy_replication	reverse	ST_DEV_E13_5_E14_5__reverse	uot	0.25	2.0	local_neighborhood	R	I_EXPR	0.05	True	85	3.4883238000038546
Stereo-seq	ST_DEV_E13_5_E14_5	cross_stage	Stereo-seq::shared_developmental_series	legacy_replication	reverse	ST_DEV_E13_5_E14_5__reverse	uot	0.25	2.0	local_neighborhood	R	I_SPATIAL	0.05	True	85	3.5379900999978418
Stereo-seq	ST_DEV_E13_5_E14_5	cross_stage	Stereo-seq::shared_developmental_series	legacy_replication	reverse	ST_DEV_E13_5_E14_5__reverse	uot	0.25	2.0	local_neighborhood	N	I_EXPR	0.05	True	85	3.5128003999998327
Stereo-seq	ST_DEV_E13_5_E14_5	cross_stage	Stereo-seq::shared_developmental_series	legacy_replication	reverse	ST_DEV_E13_5_E14_5__reverse	uot	0.25	2.0	local_neighborhood	N	I_SPATIAL	0.05	True	85	3.552723100001458
Stereo-seq	ST_DEV_E13_5_E14_5	cross_stage	Stereo-seq::shared_developmental_series	legacy_replication	reverse	ST_DEV_E13_5_E14_5__reverse	row_softmax	0.25		base	BASE	NONE	0.0	True	1	0.043100199996843
Stereo-seq	ST_DEV_E13_5_E14_5	cross_stage	Stereo-seq::shared_developmental_series	legacy_replication	reverse	ST_DEV_E13_5_E14_5__reverse	row_softmax	0.25		local_neighborhood	R	I_EXPR	0.05	True	1	0.03753869999491144
Stereo-seq	ST_DEV_E13_5_E14_5	cross_stage	Stereo-seq::shared_developmental_series	legacy_replication	reverse	ST_DEV_E13_5_E14_5__reverse	row_softmax	0.25		local_neighborhood	R	I_SPATIAL	0.05	True	1	0.037881799988099374
Stereo-seq	ST_DEV_E13_5_E14_5	cross_stage	Stereo-seq::shared_developmental_series	legacy_replication	reverse	ST_DEV_E13_5_E14_5__reverse	row_softmax	0.25		local_neighborhood	N	I_EXPR	0.05	True	1	0.037418699997942895
Stereo-seq	ST_DEV_E13_5_E14_5	cross_stage	Stereo-seq::shared_developmental_series	legacy_replication	reverse	ST_DEV_E13_5_E14_5__reverse	row_softmax	0.25		local_neighborhood	N	I_SPATIAL	0.05	True	1	0.03750910000235308
Stereo-seq	ST_DEV_E14_5_E15_5	cross_stage	Stereo-seq::shared_developmental_series	legacy_replication	forward	ST_DEV_E14_5_E15_5	balanced_ot	0.25		base	BASE	NONE	0.0	True	200	8.34984429999895
Stereo-seq	ST_DEV_E14_5_E15_5	cross_stage	Stereo-seq::shared_developmental_series	legacy_replication	forward	ST_DEV_E14_5_E15_5	balanced_ot	0.25		local_neighborhood	R	I_EXPR	0.05	True	200	8.491565200005425
Stereo-seq	ST_DEV_E14_5_E15_5	cross_stage	Stereo-seq::shared_developmental_series	legacy_replication	forward	ST_DEV_E14_5_E15_5	balanced_ot	0.25		local_neighborhood	R	I_SPATIAL	0.05	True	200	8.27752600000531
Stereo-seq	ST_DEV_E14_5_E15_5	cross_stage	Stereo-seq::shared_developmental_series	legacy_replication	forward	ST_DEV_E14_5_E15_5	balanced_ot	0.25		local_neighborhood	N	I_EXPR	0.05	True	200	8.274697399989236
Stereo-seq	ST_DEV_E14_5_E15_5	cross_stage	Stereo-seq::shared_developmental_series	legacy_replication	forward	ST_DEV_E14_5_E15_5	balanced_ot	0.25		local_neighborhood	N	I_SPATIAL	0.05	True	200	8.270838900003582
Stereo-seq	ST_DEV_E14_5_E15_5	cross_stage	Stereo-seq::shared_developmental_series	legacy_replication	forward	ST_DEV_E14_5_E15_5	uot	0.25	2.0	base	BASE	NONE	0.0	True	85	3.4934837999899173
Stereo-seq	ST_DEV_E14_5_E15_5	cross_stage	Stereo-seq::shared_developmental_series	legacy_replication	forward	ST_DEV_E14_5_E15_5	uot	0.25	2.0	local_neighborhood	R	I_EXPR	0.05	True	85	3.532784499999252
Stereo-seq	ST_DEV_E14_5_E15_5	cross_stage	Stereo-seq::shared_developmental_series	legacy_replication	forward	ST_DEV_E14_5_E15_5	uot	0.25	2.0	local_neighborhood	R	I_SPATIAL	0.05	True	85	3.515126500002225
Stereo-seq	ST_DEV_E14_5_E15_5	cross_stage	Stereo-seq::shared_developmental_series	legacy_replication	forward	ST_DEV_E14_5_E15_5	uot	0.25	2.0	local_neighborhood	N	I_EXPR	0.05	True	85	3.6332052999932785
Stereo-seq	ST_DEV_E14_5_E15_5	cross_stage	Stereo-seq::shared_developmental_series	legacy_replication	forward	ST_DEV_E14_5_E15_5	uot	0.25	2.0	local_neighborhood	N	I_SPATIAL	0.05	True	85	3.558770799994818
Stereo-seq	ST_DEV_E14_5_E15_5	cross_stage	Stereo-seq::shared_developmental_series	legacy_replication	forward	ST_DEV_E14_5_E15_5	row_softmax	0.25		base	BASE	NONE	0.0	True	1	0.036796899992623366
Stereo-seq	ST_DEV_E14_5_E15_5	cross_stage	Stereo-seq::shared_developmental_series	legacy_replication	forward	ST_DEV_E14_5_E15_5	row_softmax	0.25		local_neighborhood	R	I_EXPR	0.05	True	1	0.046566000004531816
Stereo-seq	ST_DEV_E14_5_E15_5	cross_stage	Stereo-seq::shared_developmental_series	legacy_replication	forward	ST_DEV_E14_5_E15_5	row_softmax	0.25		local_neighborhood	R	I_SPATIAL	0.05	True	1	0.037567400009720586
Stereo-seq	ST_DEV_E14_5_E15_5	cross_stage	Stereo-seq::shared_developmental_series	legacy_replication	forward	ST_DEV_E14_5_E15_5	row_softmax	0.25		local_neighborhood	N	I_EXPR	0.05	True	1	0.036496600005193613
Stereo-seq	ST_DEV_E14_5_E15_5	cross_stage	Stereo-seq::shared_developmental_series	legacy_replication	forward	ST_DEV_E14_5_E15_5	row_softmax	0.25		local_neighborhood	N	I_SPATIAL	0.05	True	1	0.041747299997950904
Stereo-seq	ST_DEV_E14_5_E15_5	cross_stage	Stereo-seq::shared_developmental_series	legacy_replication	reverse	ST_DEV_E14_5_E15_5__reverse	balanced_ot	0.25		base	BASE	NONE	0.0	True	200	8.300260000003618
Stereo-seq	ST_DEV_E14_5_E15_5	cross_stage	Stereo-seq::shared_developmental_series	legacy_replication	reverse	ST_DEV_E14_5_E15_5__reverse	balanced_ot	0.25		local_neighborhood	R	I_EXPR	0.05	True	200	8.288229199999478
Stereo-seq	ST_DEV_E14_5_E15_5	cross_stage	Stereo-seq::shared_developmental_series	legacy_replication	reverse	ST_DEV_E14_5_E15_5__reverse	balanced_ot	0.25		local_neighborhood	R	I_SPATIAL	0.05	True	200	8.25898430000234
Stereo-seq	ST_DEV_E14_5_E15_5	cross_stage	Stereo-seq::shared_developmental_series	legacy_replication	reverse	ST_DEV_E14_5_E15_5__reverse	balanced_ot	0.25		local_neighborhood	N	I_EXPR	0.05	True	200	8.259538799989969
Stereo-seq	ST_DEV_E14_5_E15_5	cross_stage	Stereo-seq::shared_developmental_series	legacy_replication	reverse	ST_DEV_E14_5_E15_5__reverse	balanced_ot	0.25		local_neighborhood	N	I_SPATIAL	0.05	True	200	8.264629400000558
Stereo-seq	ST_DEV_E14_5_E15_5	cross_stage	Stereo-seq::shared_developmental_series	legacy_replication	reverse	ST_DEV_E14_5_E15_5__reverse	uot	0.25	2.0	base	BASE	NONE	0.0	True	85	3.505096799999592
Stereo-seq	ST_DEV_E14_5_E15_5	cross_stage	Stereo-seq::shared_developmental_series	legacy_replication	reverse	ST_DEV_E14_5_E15_5__reverse	uot	0.25	2.0	local_neighborhood	R	I_EXPR	0.05	True	85	3.5188907999981893
Stereo-seq	ST_DEV_E14_5_E15_5	cross_stage	Stereo-seq::shared_developmental_series	legacy_replication	reverse	ST_DEV_E14_5_E15_5__reverse	uot	0.25	2.0	local_neighborhood	R	I_SPATIAL	0.05	True	85	3.531898999994155
Stereo-seq	ST_DEV_E14_5_E15_5	cross_stage	Stereo-seq::shared_developmental_series	legacy_replication	reverse	ST_DEV_E14_5_E15_5__reverse	uot	0.25	2.0	local_neighborhood	N	I_EXPR	0.05	True	85	3.4555671000125585
Stereo-seq	ST_DEV_E14_5_E15_5	cross_stage	Stereo-seq::shared_developmental_series	legacy_replication	reverse	ST_DEV_E14_5_E15_5__reverse	uot	0.25	2.0	local_neighborhood	N	I_SPATIAL	0.05	True	85	3.5294564999931026
Stereo-seq	ST_DEV_E14_5_E15_5	cross_stage	Stereo-seq::shared_developmental_series	legacy_replication	reverse	ST_DEV_E14_5_E15_5__reverse	row_softmax	0.25		base	BASE	NONE	0.0	True	1	0.03593230000115
Stereo-seq	ST_DEV_E14_5_E15_5	cross_stage	Stereo-seq::shared_developmental_series	legacy_replication	reverse	ST_DEV_E14_5_E15_5__reverse	row_softmax	0.25		local_neighborhood	R	I_EXPR	0.05	True	1	0.04481130000203848
Stereo-seq	ST_DEV_E14_5_E15_5	cross_stage	Stereo-seq::shared_developmental_series	legacy_replication	reverse	ST_DEV_E14_5_E15_5__reverse	row_softmax	0.25		local_neighborhood	R	I_SPATIAL	0.05	True	1	0.03822770000260789
Stereo-seq	ST_DEV_E14_5_E15_5	cross_stage	Stereo-seq::shared_developmental_series	legacy_replication	reverse	ST_DEV_E14_5_E15_5__reverse	row_softmax	0.25		local_neighborhood	N	I_EXPR	0.05	True	1	0.039631400009966455
Stereo-seq	ST_DEV_E14_5_E15_5	cross_stage	Stereo-seq::shared_developmental_series	legacy_replication	reverse	ST_DEV_E14_5_E15_5__reverse	row_softmax	0.25		local_neighborhood	N	I_SPATIAL	0.05	True	1	0.03805800000554882
Stereo-seq	ST_DEV_E15_5_E16_5	cross_stage	Stereo-seq::shared_developmental_series	legacy_replication	forward	ST_DEV_E15_5_E16_5	balanced_ot	0.25		base	BASE	NONE	0.0	True	200	8.418926999991527
Stereo-seq	ST_DEV_E15_5_E16_5	cross_stage	Stereo-seq::shared_developmental_series	legacy_replication	forward	ST_DEV_E15_5_E16_5	balanced_ot	0.25		local_neighborhood	R	I_EXPR	0.05	True	200	8.275632799995947
Stereo-seq	ST_DEV_E15_5_E16_5	cross_stage	Stereo-seq::shared_developmental_series	legacy_replication	forward	ST_DEV_E15_5_E16_5	balanced_ot	0.25		local_neighborhood	R	I_SPATIAL	0.05	True	200	8.366815999994287
Stereo-seq	ST_DEV_E15_5_E16_5	cross_stage	Stereo-seq::shared_developmental_series	legacy_replication	forward	ST_DEV_E15_5_E16_5	balanced_ot	0.25		local_neighborhood	N	I_EXPR	0.05	True	200	8.297202900008415
Stereo-seq	ST_DEV_E15_5_E16_5	cross_stage	Stereo-seq::shared_developmental_series	legacy_replication	forward	ST_DEV_E15_5_E16_5	balanced_ot	0.25		local_neighborhood	N	I_SPATIAL	0.05	True	200	8.255036700007622
Stereo-seq	ST_DEV_E15_5_E16_5	cross_stage	Stereo-seq::shared_developmental_series	legacy_replication	forward	ST_DEV_E15_5_E16_5	uot	0.25	2.0	base	BASE	NONE	0.0	True	85	3.558269699991797
Stereo-seq	ST_DEV_E15_5_E16_5	cross_stage	Stereo-seq::shared_developmental_series	legacy_replication	forward	ST_DEV_E15_5_E16_5	uot	0.25	2.0	local_neighborhood	R	I_EXPR	0.05	True	85	3.538644200001727
Stereo-seq	ST_DEV_E15_5_E16_5	cross_stage	Stereo-seq::shared_developmental_series	legacy_replication	forward	ST_DEV_E15_5_E16_5	uot	0.25	2.0	local_neighborhood	R	I_SPATIAL	0.05	True	85	3.4598404999997
Stereo-seq	ST_DEV_E15_5_E16_5	cross_stage	Stereo-seq::shared_developmental_series	legacy_replication	forward	ST_DEV_E15_5_E16_5	uot	0.25	2.0	local_neighborhood	N	I_EXPR	0.05	True	85	3.486441899993224
Stereo-seq	ST_DEV_E15_5_E16_5	cross_stage	Stereo-seq::shared_developmental_series	legacy_replication	forward	ST_DEV_E15_5_E16_5	uot	0.25	2.0	local_neighborhood	N	I_SPATIAL	0.05	True	85	3.602136400004383
Stereo-seq	ST_DEV_E15_5_E16_5	cross_stage	Stereo-seq::shared_developmental_series	legacy_replication	forward	ST_DEV_E15_5_E16_5	row_softmax	0.25		base	BASE	NONE	0.0	True	1	0.03847769999993034
Stereo-seq	ST_DEV_E15_5_E16_5	cross_stage	Stereo-seq::shared_developmental_series	legacy_replication	forward	ST_DEV_E15_5_E16_5	row_softmax	0.25		local_neighborhood	R	I_EXPR	0.05	True	1	0.03771760000381619
Stereo-seq	ST_DEV_E15_5_E16_5	cross_stage	Stereo-seq::shared_developmental_series	legacy_replication	forward	ST_DEV_E15_5_E16_5	row_softmax	0.25		local_neighborhood	R	I_SPATIAL	0.05	True	1	0.03658890000951942
Stereo-seq	ST_DEV_E15_5_E16_5	cross_stage	Stereo-seq::shared_developmental_series	legacy_replication	forward	ST_DEV_E15_5_E16_5	row_softmax	0.25		local_neighborhood	N	I_EXPR	0.05	True	1	0.03718949999893084
Stereo-seq	ST_DEV_E15_5_E16_5	cross_stage	Stereo-seq::shared_developmental_series	legacy_replication	forward	ST_DEV_E15_5_E16_5	row_softmax	0.25		local_neighborhood	N	I_SPATIAL	0.05	True	1	0.039874299996881746
Stereo-seq	ST_DEV_E15_5_E16_5	cross_stage	Stereo-seq::shared_developmental_series	legacy_replication	reverse	ST_DEV_E15_5_E16_5__reverse	balanced_ot	0.25		base	BASE	NONE	0.0	True	200	8.307168500003172
Stereo-seq	ST_DEV_E15_5_E16_5	cross_stage	Stereo-seq::shared_developmental_series	legacy_replication	reverse	ST_DEV_E15_5_E16_5__reverse	balanced_ot	0.25		local_neighborhood	R	I_EXPR	0.05	True	200	8.266358300010324
Stereo-seq	ST_DEV_E15_5_E16_5	cross_stage	Stereo-seq::shared_developmental_series	legacy_replication	reverse	ST_DEV_E15_5_E16_5__reverse	balanced_ot	0.25		local_neighborhood	R	I_SPATIAL	0.05	True	200	8.215370200006873
Stereo-seq	ST_DEV_E15_5_E16_5	cross_stage	Stereo-seq::shared_developmental_series	legacy_replication	reverse	ST_DEV_E15_5_E16_5__reverse	balanced_ot	0.25		local_neighborhood	N	I_EXPR	0.05	True	200	8.142598999998881
Stereo-seq	ST_DEV_E15_5_E16_5	cross_stage	Stereo-seq::shared_developmental_series	legacy_replication	reverse	ST_DEV_E15_5_E16_5__reverse	balanced_ot	0.25		local_neighborhood	N	I_SPATIAL	0.05	True	200	8.285715900012292
Stereo-seq	ST_DEV_E15_5_E16_5	cross_stage	Stereo-seq::shared_developmental_series	legacy_replication	reverse	ST_DEV_E15_5_E16_5__reverse	uot	0.25	2.0	base	BASE	NONE	0.0	True	85	3.486398900000495
Stereo-seq	ST_DEV_E15_5_E16_5	cross_stage	Stereo-seq::shared_developmental_series	legacy_replication	reverse	ST_DEV_E15_5_E16_5__reverse	uot	0.25	2.0	local_neighborhood	R	I_EXPR	0.05	True	85	3.507693699997617
Stereo-seq	ST_DEV_E15_5_E16_5	cross_stage	Stereo-seq::shared_developmental_series	legacy_replication	reverse	ST_DEV_E15_5_E16_5__reverse	uot	0.25	2.0	local_neighborhood	R	I_SPATIAL	0.05	True	85	3.4521411000023363
Stereo-seq	ST_DEV_E15_5_E16_5	cross_stage	Stereo-seq::shared_developmental_series	legacy_replication	reverse	ST_DEV_E15_5_E16_5__reverse	uot	0.25	2.0	local_neighborhood	N	I_EXPR	0.05	True	85	3.530811000004178
Stereo-seq	ST_DEV_E15_5_E16_5	cross_stage	Stereo-seq::shared_developmental_series	legacy_replication	reverse	ST_DEV_E15_5_E16_5__reverse	uot	0.25	2.0	local_neighborhood	N	I_SPATIAL	0.05	True	85	3.5163555999897653
Stereo-seq	ST_DEV_E15_5_E16_5	cross_stage	Stereo-seq::shared_developmental_series	legacy_replication	reverse	ST_DEV_E15_5_E16_5__reverse	row_softmax	0.25		base	BASE	NONE	0.0	True	1	0.036760799994226545
Stereo-seq	ST_DEV_E15_5_E16_5	cross_stage	Stereo-seq::shared_developmental_series	legacy_replication	reverse	ST_DEV_E15_5_E16_5__reverse	row_softmax	0.25		local_neighborhood	R	I_EXPR	0.05	True	1	0.03893529999186285
Stereo-seq	ST_DEV_E15_5_E16_5	cross_stage	Stereo-seq::shared_developmental_series	legacy_replication	reverse	ST_DEV_E15_5_E16_5__reverse	row_softmax	0.25		local_neighborhood	R	I_SPATIAL	0.05	True	1	0.03946889999497216
Stereo-seq	ST_DEV_E15_5_E16_5	cross_stage	Stereo-seq::shared_developmental_series	legacy_replication	reverse	ST_DEV_E15_5_E16_5__reverse	row_softmax	0.25		local_neighborhood	N	I_EXPR	0.05	True	1	0.045501400003558956
Stereo-seq	ST_DEV_E15_5_E16_5	cross_stage	Stereo-seq::shared_developmental_series	legacy_replication	reverse	ST_DEV_E15_5_E16_5__reverse	row_softmax	0.25		local_neighborhood	N	I_SPATIAL	0.05	True	1	0.036620300001231954
Stereo-seq	ST_E15_5_S1_S2	same_age_sections	ST_E15_5_S1_S2	legacy_replication	forward	ST_E15_5_S1_S2	balanced_ot	0.25		base	BASE	NONE	0.0	True	200	8.247077299994999
Stereo-seq	ST_E15_5_S1_S2	same_age_sections	ST_E15_5_S1_S2	legacy_replication	forward	ST_E15_5_S1_S2	balanced_ot	0.25		local_neighborhood	R	I_EXPR	0.05	True	200	8.298302000010153
Stereo-seq	ST_E15_5_S1_S2	same_age_sections	ST_E15_5_S1_S2	legacy_replication	forward	ST_E15_5_S1_S2	balanced_ot	0.25		local_neighborhood	R	I_SPATIAL	0.05	True	200	8.300068800002919
Stereo-seq	ST_E15_5_S1_S2	same_age_sections	ST_E15_5_S1_S2	legacy_replication	forward	ST_E15_5_S1_S2	balanced_ot	0.25		local_neighborhood	N	I_EXPR	0.05	True	200	8.298205300001428
Stereo-seq	ST_E15_5_S1_S2	same_age_sections	ST_E15_5_S1_S2	legacy_replication	forward	ST_E15_5_S1_S2	balanced_ot	0.25		local_neighborhood	N	I_SPATIAL	0.05	True	200	8.259434199993848
Stereo-seq	ST_E15_5_S1_S2	same_age_sections	ST_E15_5_S1_S2	legacy_replication	forward	ST_E15_5_S1_S2	uot	0.25	2.0	base	BASE	NONE	0.0	True	85	3.4905585999949835
Stereo-seq	ST_E15_5_S1_S2	same_age_sections	ST_E15_5_S1_S2	legacy_replication	forward	ST_E15_5_S1_S2	uot	0.25	2.0	local_neighborhood	R	I_EXPR	0.05	True	85	3.4674630999943474
Stereo-seq	ST_E15_5_S1_S2	same_age_sections	ST_E15_5_S1_S2	legacy_replication	forward	ST_E15_5_S1_S2	uot	0.25	2.0	local_neighborhood	R	I_SPATIAL	0.05	True	85	3.5105859999894165
Stereo-seq	ST_E15_5_S1_S2	same_age_sections	ST_E15_5_S1_S2	legacy_replication	forward	ST_E15_5_S1_S2	uot	0.25	2.0	local_neighborhood	N	I_EXPR	0.05	True	85	3.5394009000010556
Stereo-seq	ST_E15_5_S1_S2	same_age_sections	ST_E15_5_S1_S2	legacy_replication	forward	ST_E15_5_S1_S2	uot	0.25	2.0	local_neighborhood	N	I_SPATIAL	0.05	True	85	3.4988022000034107
Stereo-seq	ST_E15_5_S1_S2	same_age_sections	ST_E15_5_S1_S2	legacy_replication	forward	ST_E15_5_S1_S2	row_softmax	0.25		base	BASE	NONE	0.0	True	1	0.03869750000012573
Stereo-seq	ST_E15_5_S1_S2	same_age_sections	ST_E15_5_S1_S2	legacy_replication	forward	ST_E15_5_S1_S2	row_softmax	0.25		local_neighborhood	R	I_EXPR	0.05	True	1	0.03790919999300968
Stereo-seq	ST_E15_5_S1_S2	same_age_sections	ST_E15_5_S1_S2	legacy_replication	forward	ST_E15_5_S1_S2	row_softmax	0.25		local_neighborhood	R	I_SPATIAL	0.05	True	1	0.0376247000094736
Stereo-seq	ST_E15_5_S1_S2	same_age_sections	ST_E15_5_S1_S2	legacy_replication	forward	ST_E15_5_S1_S2	row_softmax	0.25		local_neighborhood	N	I_EXPR	0.05	True	1	0.03674919999320991
Stereo-seq	ST_E15_5_S1_S2	same_age_sections	ST_E15_5_S1_S2	legacy_replication	forward	ST_E15_5_S1_S2	row_softmax	0.25		local_neighborhood	N	I_SPATIAL	0.05	True	1	0.0370662000059383
Stereo-seq	ST_E15_5_S1_S2	same_age_sections	ST_E15_5_S1_S2	legacy_replication	reverse	ST_E15_5_S1_S2__reverse	balanced_ot	0.25		base	BASE	NONE	0.0	True	200	8.371332499998971
Stereo-seq	ST_E15_5_S1_S2	same_age_sections	ST_E15_5_S1_S2	legacy_replication	reverse	ST_E15_5_S1_S2__reverse	balanced_ot	0.25		local_neighborhood	R	I_EXPR	0.05	True	200	8.245739099991624
Stereo-seq	ST_E15_5_S1_S2	same_age_sections	ST_E15_5_S1_S2	legacy_replication	reverse	ST_E15_5_S1_S2__reverse	balanced_ot	0.25		local_neighborhood	R	I_SPATIAL	0.05	True	200	8.315981299994746
Stereo-seq	ST_E15_5_S1_S2	same_age_sections	ST_E15_5_S1_S2	legacy_replication	reverse	ST_E15_5_S1_S2__reverse	balanced_ot	0.25		local_neighborhood	N	I_EXPR	0.05	True	200	8.220753400004469
Stereo-seq	ST_E15_5_S1_S2	same_age_sections	ST_E15_5_S1_S2	legacy_replication	reverse	ST_E15_5_S1_S2__reverse	balanced_ot	0.25		local_neighborhood	N	I_SPATIAL	0.05	True	200	8.213572399996337
Stereo-seq	ST_E15_5_S1_S2	same_age_sections	ST_E15_5_S1_S2	legacy_replication	reverse	ST_E15_5_S1_S2__reverse	uot	0.25	2.0	base	BASE	NONE	0.0	True	85	3.5384061000077054
Stereo-seq	ST_E15_5_S1_S2	same_age_sections	ST_E15_5_S1_S2	legacy_replication	reverse	ST_E15_5_S1_S2__reverse	uot	0.25	2.0	local_neighborhood	R	I_EXPR	0.05	True	85	3.491560800001025
Stereo-seq	ST_E15_5_S1_S2	same_age_sections	ST_E15_5_S1_S2	legacy_replication	reverse	ST_E15_5_S1_S2__reverse	uot	0.25	2.0	local_neighborhood	R	I_SPATIAL	0.05	True	85	3.5314377000031527
Stereo-seq	ST_E15_5_S1_S2	same_age_sections	ST_E15_5_S1_S2	legacy_replication	reverse	ST_E15_5_S1_S2__reverse	uot	0.25	2.0	local_neighborhood	N	I_EXPR	0.05	True	85	3.5250181000010343
Stereo-seq	ST_E15_5_S1_S2	same_age_sections	ST_E15_5_S1_S2	legacy_replication	reverse	ST_E15_5_S1_S2__reverse	uot	0.25	2.0	local_neighborhood	N	I_SPATIAL	0.05	True	85	3.5377250999881653
Stereo-seq	ST_E15_5_S1_S2	same_age_sections	ST_E15_5_S1_S2	legacy_replication	reverse	ST_E15_5_S1_S2__reverse	row_softmax	0.25		base	BASE	NONE	0.0	True	1	0.03685350000159815
Stereo-seq	ST_E15_5_S1_S2	same_age_sections	ST_E15_5_S1_S2	legacy_replication	reverse	ST_E15_5_S1_S2__reverse	row_softmax	0.25		local_neighborhood	R	I_EXPR	0.05	True	1	0.03754000000481028
Stereo-seq	ST_E15_5_S1_S2	same_age_sections	ST_E15_5_S1_S2	legacy_replication	reverse	ST_E15_5_S1_S2__reverse	row_softmax	0.25		local_neighborhood	R	I_SPATIAL	0.05	True	1	0.037751200012280606
Stereo-seq	ST_E15_5_S1_S2	same_age_sections	ST_E15_5_S1_S2	legacy_replication	reverse	ST_E15_5_S1_S2__reverse	row_softmax	0.25		local_neighborhood	N	I_EXPR	0.05	True	1	0.04292120000172872
Stereo-seq	ST_E15_5_S1_S2	same_age_sections	ST_E15_5_S1_S2	legacy_replication	reverse	ST_E15_5_S1_S2__reverse	row_softmax	0.25		local_neighborhood	N	I_SPATIAL	0.05	True	1	0.03717229999892879
STARmap_PLUS	STAR_8M_D1_D2	same_age_replicates	STAR_8M_D1_D2	legacy_replication	forward	STAR_8M_D1_D2	balanced_ot	0.25		base	BASE	NONE	0.0	True	200	8.258580599998822
STARmap_PLUS	STAR_8M_D1_D2	same_age_replicates	STAR_8M_D1_D2	legacy_replication	forward	STAR_8M_D1_D2	balanced_ot	0.25		local_neighborhood	R	I_EXPR	0.05	True	200	8.262301900002058
STARmap_PLUS	STAR_8M_D1_D2	same_age_replicates	STAR_8M_D1_D2	legacy_replication	forward	STAR_8M_D1_D2	balanced_ot	0.25		local_neighborhood	R	I_SPATIAL	0.05	True	200	8.225673900000402
STARmap_PLUS	STAR_8M_D1_D2	same_age_replicates	STAR_8M_D1_D2	legacy_replication	forward	STAR_8M_D1_D2	balanced_ot	0.25		local_neighborhood	N	I_EXPR	0.05	True	200	8.236971999998786
STARmap_PLUS	STAR_8M_D1_D2	same_age_replicates	STAR_8M_D1_D2	legacy_replication	forward	STAR_8M_D1_D2	balanced_ot	0.25		local_neighborhood	N	I_SPATIAL	0.05	True	200	8.28434380001272
STARmap_PLUS	STAR_8M_D1_D2	same_age_replicates	STAR_8M_D1_D2	legacy_replication	forward	STAR_8M_D1_D2	uot	0.25	2.0	base	BASE	NONE	0.0	True	85	3.5116201999917394
STARmap_PLUS	STAR_8M_D1_D2	same_age_replicates	STAR_8M_D1_D2	legacy_replication	forward	STAR_8M_D1_D2	uot	0.25	2.0	local_neighborhood	R	I_EXPR	0.05	True	85	3.5109752000134904
STARmap_PLUS	STAR_8M_D1_D2	same_age_replicates	STAR_8M_D1_D2	legacy_replication	forward	STAR_8M_D1_D2	uot	0.25	2.0	local_neighborhood	R	I_SPATIAL	0.05	True	85	3.553397600000608
STARmap_PLUS	STAR_8M_D1_D2	same_age_replicates	STAR_8M_D1_D2	legacy_replication	forward	STAR_8M_D1_D2	uot	0.25	2.0	local_neighborhood	N	I_EXPR	0.05	True	85	3.4770864000020083
STARmap_PLUS	STAR_8M_D1_D2	same_age_replicates	STAR_8M_D1_D2	legacy_replication	forward	STAR_8M_D1_D2	uot	0.25	2.0	local_neighborhood	N	I_SPATIAL	0.05	True	85	3.4948825999890687
STARmap_PLUS	STAR_8M_D1_D2	same_age_replicates	STAR_8M_D1_D2	legacy_replication	forward	STAR_8M_D1_D2	row_softmax	0.25		base	BASE	NONE	0.0	True	1	0.03799530000833329
STARmap_PLUS	STAR_8M_D1_D2	same_age_replicates	STAR_8M_D1_D2	legacy_replication	forward	STAR_8M_D1_D2	row_softmax	0.25		local_neighborhood	R	I_EXPR	0.05	True	1	0.0433128000004217
STARmap_PLUS	STAR_8M_D1_D2	same_age_replicates	STAR_8M_D1_D2	legacy_replication	forward	STAR_8M_D1_D2	row_softmax	0.25		local_neighborhood	R	I_SPATIAL	0.05	True	1	0.03715889999875799
STARmap_PLUS	STAR_8M_D1_D2	same_age_replicates	STAR_8M_D1_D2	legacy_replication	forward	STAR_8M_D1_D2	row_softmax	0.25		local_neighborhood	N	I_EXPR	0.05	True	1	0.036851800003205426
STARmap_PLUS	STAR_8M_D1_D2	same_age_replicates	STAR_8M_D1_D2	legacy_replication	forward	STAR_8M_D1_D2	row_softmax	0.25		local_neighborhood	N	I_SPATIAL	0.05	True	1	0.03625069999543484
STARmap_PLUS	STAR_8M_D1_D2	same_age_replicates	STAR_8M_D1_D2	legacy_replication	reverse	STAR_8M_D1_D2__reverse	balanced_ot	0.25		base	BASE	NONE	0.0	True	200	8.243873600004008
STARmap_PLUS	STAR_8M_D1_D2	same_age_replicates	STAR_8M_D1_D2	legacy_replication	reverse	STAR_8M_D1_D2__reverse	balanced_ot	0.25		local_neighborhood	R	I_EXPR	0.05	True	200	8.190114700002596
STARmap_PLUS	STAR_8M_D1_D2	same_age_replicates	STAR_8M_D1_D2	legacy_replication	reverse	STAR_8M_D1_D2__reverse	balanced_ot	0.25		local_neighborhood	R	I_SPATIAL	0.05	True	200	8.322918599995319
STARmap_PLUS	STAR_8M_D1_D2	same_age_replicates	STAR_8M_D1_D2	legacy_replication	reverse	STAR_8M_D1_D2__reverse	balanced_ot	0.25		local_neighborhood	N	I_EXPR	0.05	True	200	8.293764699992607
STARmap_PLUS	STAR_8M_D1_D2	same_age_replicates	STAR_8M_D1_D2	legacy_replication	reverse	STAR_8M_D1_D2__reverse	balanced_ot	0.25		local_neighborhood	N	I_SPATIAL	0.05	True	200	8.233898299993598
STARmap_PLUS	STAR_8M_D1_D2	same_age_replicates	STAR_8M_D1_D2	legacy_replication	reverse	STAR_8M_D1_D2__reverse	uot	0.25	2.0	base	BASE	NONE	0.0	True	85	3.5039192999975057
STARmap_PLUS	STAR_8M_D1_D2	same_age_replicates	STAR_8M_D1_D2	legacy_replication	reverse	STAR_8M_D1_D2__reverse	uot	0.25	2.0	local_neighborhood	R	I_EXPR	0.05	True	85	3.47635199999786
STARmap_PLUS	STAR_8M_D1_D2	same_age_replicates	STAR_8M_D1_D2	legacy_replication	reverse	STAR_8M_D1_D2__reverse	uot	0.25	2.0	local_neighborhood	R	I_SPATIAL	0.05	True	85	3.5183413999911863
STARmap_PLUS	STAR_8M_D1_D2	same_age_replicates	STAR_8M_D1_D2	legacy_replication	reverse	STAR_8M_D1_D2__reverse	uot	0.25	2.0	local_neighborhood	N	I_EXPR	0.05	True	85	3.504981999998563
STARmap_PLUS	STAR_8M_D1_D2	same_age_replicates	STAR_8M_D1_D2	legacy_replication	reverse	STAR_8M_D1_D2__reverse	uot	0.25	2.0	local_neighborhood	N	I_SPATIAL	0.05	True	85	3.546770800006925
STARmap_PLUS	STAR_8M_D1_D2	same_age_replicates	STAR_8M_D1_D2	legacy_replication	reverse	STAR_8M_D1_D2__reverse	row_softmax	0.25		base	BASE	NONE	0.0	True	1	0.03650309999648016
STARmap_PLUS	STAR_8M_D1_D2	same_age_replicates	STAR_8M_D1_D2	legacy_replication	reverse	STAR_8M_D1_D2__reverse	row_softmax	0.25		local_neighborhood	R	I_EXPR	0.05	True	1	0.03671080000640359
STARmap_PLUS	STAR_8M_D1_D2	same_age_replicates	STAR_8M_D1_D2	legacy_replication	reverse	STAR_8M_D1_D2__reverse	row_softmax	0.25		local_neighborhood	R	I_SPATIAL	0.05	True	1	0.04349989999900572
STARmap_PLUS	STAR_8M_D1_D2	same_age_replicates	STAR_8M_D1_D2	legacy_replication	reverse	STAR_8M_D1_D2__reverse	row_softmax	0.25		local_neighborhood	N	I_EXPR	0.05	True	1	0.037890699997660704
STARmap_PLUS	STAR_8M_D1_D2	same_age_replicates	STAR_8M_D1_D2	legacy_replication	reverse	STAR_8M_D1_D2__reverse	row_softmax	0.25		local_neighborhood	N	I_SPATIAL	0.05	True	1	0.0361131999961799
