dataset	pair_type	biological_pair_id	independent_unit_id	cohort_role	pair_id	direction	method	epsilon	tau	branch	witness	score	n_estimable	spearman	aurc	oracle_aurc	random_aurc	normalized_excess_aurc	retained_loss_at_80pct_coverage	retained_loss_at_90pct_coverage
spatialDLPFC	within_donor_adjacent_position	SDLPFC_Br2720_ANT_MID	spatialDLPFC::Br2720	primary_expansion	SDLPFC_Br2720_ANT_MID	forward	uot	0.25	2.0	main21	heldout_expression_loss	finite_response_h001	1500	-0.02248040465795763	0.38749118544621447	0.36323527362199876	0.3896476265135095	0.9183548290395545	0.38682496370211816	0.38591956571654634
spatialDLPFC	within_donor_adjacent_position	SDLPFC_Br2720_ANT_MID	spatialDLPFC::Br2720	primary_expansion	SDLPFC_Br2720_ANT_MID	forward	uot	0.25	2.0	main21	heldout_expression_loss	local_reference	1500	-0.022491320218364544	0.387492284964634	0.36323527362199876	0.3896476265135095	0.91839645798583	0.38682496370211816	0.38591956571654634
spatialDLPFC	within_donor_adjacent_position	SDLPFC_Br2720_ANT_MID	spatialDLPFC::Br2720	primary_expansion	SDLPFC_Br2720_ANT_MID	forward	uot	0.25	2.0	main21	heldout_expression_loss	endpoint_response	1500	-0.021795074575588703	0.38746047380068677	0.36323527362199876	0.3896476265135095	0.9171920532106136	0.38672346046079814	0.38620858763481025
spatialDLPFC	within_donor_adjacent_position	SDLPFC_Br2720_ANT_MID	spatialDLPFC::Br2720	primary_expansion	SDLPFC_Br2720_ANT_MID	forward	uot	0.25	2.0	main21	heldout_expression_loss	source_boundary_proximity	1500	-0.08196668101906388	0.3867973318793581	0.36323527362199876	0.3896476265135095	0.892084789043255	0.38406765205497784	0.38618448445452797
spatialDLPFC	within_donor_adjacent_position	SDLPFC_Br2720_ANT_MID	spatialDLPFC::Br2720	primary_expansion	SDLPFC_Br2720_ANT_MID	forward	row_softmax	0.25		main21	heldout_expression_loss	finite_response_h001	1500	-0.06567974474655322	0.3946532874136463	0.3662461150692584	0.3921805817401216	1.0953443810858363	0.3938914643680958	0.39309246556104227
spatialDLPFC	within_donor_adjacent_position	SDLPFC_Br2720_ANT_MID	spatialDLPFC::Br2720	primary_expansion	SDLPFC_Br2720_ANT_MID	forward	row_softmax	0.25		main21	heldout_expression_loss	local_reference	1500	-0.06572894654619847	0.39465502780906425	0.3662461150692584	0.3921805817401216	1.09541148851627	0.3938914643680958	0.39309246556104227
spatialDLPFC	within_donor_adjacent_position	SDLPFC_Br2720_ANT_MID	spatialDLPFC::Br2720	primary_expansion	SDLPFC_Br2720_ANT_MID	forward	row_softmax	0.25		main21	heldout_expression_loss	endpoint_response	1500	-0.05886060571582477	0.39464509222686095	0.3662461150692584	0.3921805817401216	1.0950283851222655	0.39401939733218116	0.39327091043222506
spatialDLPFC	within_donor_adjacent_position	SDLPFC_Br2720_ANT_MID	spatialDLPFC::Br2720	primary_expansion	SDLPFC_Br2720_ANT_MID	forward	row_softmax	0.25		main21	heldout_expression_loss	source_boundary_proximity	1500	-0.0680219186469974	0.388807176681956	0.3662461150692584	0.3921805817401216	0.8699257979360907	0.3862610680632451	0.38850940826261354
spatialDLPFC	within_donor_adjacent_position	SDLPFC_Br2720_ANT_MID	spatialDLPFC::Br2720	primary_expansion	SDLPFC_Br2720_ANT_MID	forward	balanced_ot	0.25		main21	heldout_expression_loss	finite_response_h001	1500	-0.13070883320392587	0.39099635970844393	0.36287457259180317	0.3893549378152952	1.061986376671745	0.3902958477121447	0.38987271946275337
spatialDLPFC	within_donor_adjacent_position	SDLPFC_Br2720_ANT_MID	spatialDLPFC::Br2720	primary_expansion	SDLPFC_Br2720_ANT_MID	forward	balanced_ot	0.25		main21	heldout_expression_loss	local_reference	1500	-0.13068620919387075	0.3909944690041942	0.36287457259180317	0.3893549378152952	1.061914976438638	0.3902958477121447	0.38987271946275337
spatialDLPFC	within_donor_adjacent_position	SDLPFC_Br2720_ANT_MID	spatialDLPFC::Br2720	primary_expansion	SDLPFC_Br2720_ANT_MID	forward	balanced_ot	0.25		main21	heldout_expression_loss	endpoint_response	1500	-0.1354773971010654	0.39125896178553915	0.36287457259180317	0.3893549378152952	1.0719032367633217	0.3908992994428032	0.39006206118288705
spatialDLPFC	within_donor_adjacent_position	SDLPFC_Br2720_ANT_MID	spatialDLPFC::Br2720	primary_expansion	SDLPFC_Br2720_ANT_MID	forward	balanced_ot	0.25		main21	heldout_expression_loss	source_boundary_proximity	1500	-0.08374379927314213	0.38657385682722656	0.36287457259180317	0.3893549378152952	0.8949757314675786	0.383819810121571	0.38591806901431536
spatialDLPFC	within_donor_adjacent_position	SDLPFC_Br2720_ANT_MID	spatialDLPFC::Br2720	primary_expansion	SDLPFC_Br2720_ANT_MID__reverse	reverse	uot	0.25	2.0	main21	heldout_expression_loss	finite_response_h001	1500	0.7528791683907415	0.28100899435857785	0.2724415889219308	0.30159276625156034	0.2938956920940218	0.2860692348326204	0.29355686412556947
spatialDLPFC	within_donor_adjacent_position	SDLPFC_Br2720_ANT_MID	spatialDLPFC::Br2720	primary_expansion	SDLPFC_Br2720_ANT_MID__reverse	reverse	uot	0.25	2.0	main21	heldout_expression_loss	local_reference	1500	0.7528726937211971	0.28101039293322466	0.2724415889219308	0.30159276625156034	0.2939436687033711	0.2860692348326204	0.29355686412556947
spatialDLPFC	within_donor_adjacent_position	SDLPFC_Br2720_ANT_MID	spatialDLPFC::Br2720	primary_expansion	SDLPFC_Br2720_ANT_MID__reverse	reverse	uot	0.25	2.0	main21	heldout_expression_loss	endpoint_response	1500	0.7543690819418142	0.28096630316286697	0.2724415889219308	0.30159276625156034	0.29243121622643875	0.2859869163295605	0.2935759279860705
spatialDLPFC	within_donor_adjacent_position	SDLPFC_Br2720_ANT_MID	spatialDLPFC::Br2720	primary_expansion	SDLPFC_Br2720_ANT_MID__reverse	reverse	uot	0.25	2.0	main21	heldout_expression_loss	source_boundary_proximity	1500	-0.1247118941238108	0.3078562906889056	0.2724415889219308	0.30159276625156034	1.2148635153400453	0.3069583179596989	0.30445075349222295
spatialDLPFC	within_donor_adjacent_position	SDLPFC_Br2720_ANT_MID	spatialDLPFC::Br2720	primary_expansion	SDLPFC_Br2720_ANT_MID__reverse	reverse	row_softmax	0.25		main21	heldout_expression_loss	finite_response_h001	1500	-0.576270350342378	0.3092009919883437	0.26492252642634123	0.2948378180267494	1.4801281616589135	0.30392991369921313	0.29793048121241605
spatialDLPFC	within_donor_adjacent_position	SDLPFC_Br2720_ANT_MID	spatialDLPFC::Br2720	primary_expansion	SDLPFC_Br2720_ANT_MID__reverse	reverse	row_softmax	0.25		main21	heldout_expression_loss	local_reference	1500	-0.5762723450099312	0.30920135833480866	0.26492252642634123	0.2948378180267494	1.4801404077860725	0.30392991369921324	0.2979895623409258
spatialDLPFC	within_donor_adjacent_position	SDLPFC_Br2720_ANT_MID	spatialDLPFC::Br2720	primary_expansion	SDLPFC_Br2720_ANT_MID__reverse	reverse	row_softmax	0.25		main21	heldout_expression_loss	endpoint_response	1500	-0.5763477085989817	0.3091716932224671	0.26492252642634123	0.2948378180267494	1.4791487707083604	0.30385368006123725	0.29789112450821076
spatialDLPFC	within_donor_adjacent_position	SDLPFC_Br2720_ANT_MID	spatialDLPFC::Br2720	primary_expansion	SDLPFC_Br2720_ANT_MID__reverse	reverse	row_softmax	0.25		main21	heldout_expression_loss	source_boundary_proximity	1500	-0.1416351118378006	0.30165412590708124	0.26492252642634123	0.2948378180267494	1.2278536332314682	0.30059427695039115	0.2977630550738713
spatialDLPFC	within_donor_adjacent_position	SDLPFC_Br2720_ANT_MID	spatialDLPFC::Br2720	primary_expansion	SDLPFC_Br2720_ANT_MID__reverse	reverse	balanced_ot	0.25		main21	heldout_expression_loss	finite_response_h001	1500	0.5148754323890811	0.28936412691068414	0.2734049716426299	0.3024271256159434	0.5498956170768379	0.2923777071271832	0.2977546778826503
spatialDLPFC	within_donor_adjacent_position	SDLPFC_Br2720_ANT_MID	spatialDLPFC::Br2720	primary_expansion	SDLPFC_Br2720_ANT_MID__reverse	reverse	balanced_ot	0.25		main21	heldout_expression_loss	local_reference	1500	0.5149269524119789	0.28936459939340464	0.2734049716426299	0.3024271256159434	0.5499118971476051	0.2923777071271832	0.2977546778826503
spatialDLPFC	within_donor_adjacent_position	SDLPFC_Br2720_ANT_MID	spatialDLPFC::Br2720	primary_expansion	SDLPFC_Br2720_ANT_MID__reverse	reverse	balanced_ot	0.25		main21	heldout_expression_loss	endpoint_response	1500	0.5063591797151911	0.2895356510561455	0.2734049716426299	0.3024271256159434	0.5558057278707873	0.2924849895609292	0.2978783546762185
spatialDLPFC	within_donor_adjacent_position	SDLPFC_Br2720_ANT_MID	spatialDLPFC::Br2720	primary_expansion	SDLPFC_Br2720_ANT_MID__reverse	reverse	balanced_ot	0.25		main21	heldout_expression_loss	source_boundary_proximity	1500	-0.12250067495135604	0.3086177961871501	0.2734049716426299	0.3024271256159434	1.2133084462614008	0.30774109656618465	0.3052746073029879
spatialDLPFC	within_donor_adjacent_position	SDLPFC_Br2743_ANT_MID	spatialDLPFC::Br2743	primary_expansion	SDLPFC_Br2743_ANT_MID	forward	uot	0.25	2.0	main21	heldout_expression_loss	finite_response_h001	1500	0.7706534098643186	0.3327034424911928	0.3229388880405993	0.4035788947066967	0.12108821482400427	0.33775912137056907	0.36902999600303393
spatialDLPFC	within_donor_adjacent_position	SDLPFC_Br2743_ANT_MID	spatialDLPFC::Br2743	primary_expansion	SDLPFC_Br2743_ANT_MID	forward	uot	0.25	2.0	main21	heldout_expression_loss	local_reference	1500	0.7708636784024024	0.33269456284049337	0.3229388880405993	0.4035788947066967	0.12097810011709181	0.33775912137056907	0.36902999600303393
spatialDLPFC	within_donor_adjacent_position	SDLPFC_Br2743_ANT_MID	spatialDLPFC::Br2743	primary_expansion	SDLPFC_Br2743_ANT_MID	forward	uot	0.25	2.0	main21	heldout_expression_loss	endpoint_response	1500	0.751554178247683	0.333395132185401	0.3229388880405993	0.4035788947066967	0.12966571528320234	0.33780795761555815	0.36905163775063254
spatialDLPFC	within_donor_adjacent_position	SDLPFC_Br2743_ANT_MID	spatialDLPFC::Br2743	primary_expansion	SDLPFC_Br2743_ANT_MID	forward	uot	0.25	2.0	main21	heldout_expression_loss	source_boundary_proximity	1500	0.30063310967764856	0.38379135589539765	0.3229388880405993	0.4035788947066967	0.7546188346284187	0.386014487745614	0.3944319296502196
spatialDLPFC	within_donor_adjacent_position	SDLPFC_Br2743_ANT_MID	spatialDLPFC::Br2743	primary_expansion	SDLPFC_Br2743_ANT_MID	forward	row_softmax	0.25		main21	heldout_expression_loss	finite_response_h001	1500	-0.7211489984850207	0.4517002432482722	0.32385554290646007	0.40514103330032725	1.5727862343247636	0.43753707429746386	0.42055557380552105
spatialDLPFC	within_donor_adjacent_position	SDLPFC_Br2743_ANT_MID	spatialDLPFC::Br2743	primary_expansion	SDLPFC_Br2743_ANT_MID	forward	row_softmax	0.25		main21	heldout_expression_loss	local_reference	1500	-0.7211715531617316	0.4517010966806888	0.32385554290646007	0.40514103330032725	1.5727967335222526	0.43753707429746386	0.42055557380552105
spatialDLPFC	within_donor_adjacent_position	SDLPFC_Br2743_ANT_MID	spatialDLPFC::Br2743	primary_expansion	SDLPFC_Br2743_ANT_MID	forward	row_softmax	0.25		main21	heldout_expression_loss	endpoint_response	1500	-0.7195800857863315	0.4516865886913225	0.32385554290646007	0.40514103330032725	1.5726182516148912	0.43849748559967383	0.42148694047190893
spatialDLPFC	within_donor_adjacent_position	SDLPFC_Br2743_ANT_MID	spatialDLPFC::Br2743	primary_expansion	SDLPFC_Br2743_ANT_MID	forward	row_softmax	0.25		main21	heldout_expression_loss	source_boundary_proximity	1500	0.3014232023262205	0.3850337829182931	0.32385554290646007	0.40514103330032725	0.7526341997248848	0.3872632589382872	0.3958421972067866
spatialDLPFC	within_donor_adjacent_position	SDLPFC_Br2743_ANT_MID	spatialDLPFC::Br2743	primary_expansion	SDLPFC_Br2743_ANT_MID	forward	balanced_ot	0.25		main21	heldout_expression_loss	finite_response_h001	1500	0.3556675148350444	0.36504177352459405	0.32287405997434415	0.4034202853216576	0.5235219076800149	0.3711456525432108	0.3806135266736758
spatialDLPFC	within_donor_adjacent_position	SDLPFC_Br2743_ANT_MID	spatialDLPFC::Br2743	primary_expansion	SDLPFC_Br2743_ANT_MID	forward	balanced_ot	0.25		main21	heldout_expression_loss	local_reference	1500	0.35590307049550074	0.365038152875146	0.32287405997434415	0.4034202853216576	0.5234769564804718	0.3708434314886328	0.3806135266736758
spatialDLPFC	within_donor_adjacent_position	SDLPFC_Br2743_ANT_MID	spatialDLPFC::Br2743	primary_expansion	SDLPFC_Br2743_ANT_MID	forward	balanced_ot	0.25		main21	heldout_expression_loss	endpoint_response	1500	0.33425896485665907	0.3668488614656597	0.32287405997434415	0.4034202853216576	0.5459573220433017	0.3710613134672963	0.38275158160034867
spatialDLPFC	within_donor_adjacent_position	SDLPFC_Br2743_ANT_MID	spatialDLPFC::Br2743	primary_expansion	SDLPFC_Br2743_ANT_MID	forward	balanced_ot	0.25		main21	heldout_expression_loss	source_boundary_proximity	1500	0.30089129343639986	0.3836542059638264	0.32287405997434415	0.4034202853216576	0.7545995573026504	0.38588084842064224	0.39428512474391364
spatialDLPFC	within_donor_adjacent_position	SDLPFC_Br2743_ANT_MID	spatialDLPFC::Br2743	primary_expansion	SDLPFC_Br2743_ANT_MID__reverse	reverse	uot	0.25	2.0	main21	heldout_expression_loss	finite_response_h001	1500	0.38164751895445287	0.25138859717153045	0.22713687409763794	0.2746376828555829	0.5105538980920233	0.25320124251425924	0.2582245048746547
spatialDLPFC	within_donor_adjacent_position	SDLPFC_Br2743_ANT_MID	spatialDLPFC::Br2743	primary_expansion	SDLPFC_Br2743_ANT_MID__reverse	reverse	uot	0.25	2.0	main21	heldout_expression_loss	local_reference	1500	0.3820614746939888	0.25137338388181074	0.22713687409763794	0.2746376828555829	0.510233623761596	0.25320124251425924	0.2582245048746547
spatialDLPFC	within_donor_adjacent_position	SDLPFC_Br2743_ANT_MID	spatialDLPFC::Br2743	primary_expansion	SDLPFC_Br2743_ANT_MID__reverse	reverse	uot	0.25	2.0	main21	heldout_expression_loss	endpoint_response	1500	0.3462043423130411	0.2525563106871474	0.22713687409763794	0.2746376828555829	0.5351369219636252	0.2544955643707115	0.2578802832440014
spatialDLPFC	within_donor_adjacent_position	SDLPFC_Br2743_ANT_MID	spatialDLPFC::Br2743	primary_expansion	SDLPFC_Br2743_ANT_MID__reverse	reverse	uot	0.25	2.0	main21	heldout_expression_loss	source_boundary_proximity	1500	0.1955187143940664	0.2610509205463192	0.22713687409763794	0.2746376828555829	0.7139677688752785	0.26083354964558986	0.26617243386961964
spatialDLPFC	within_donor_adjacent_position	SDLPFC_Br2743_ANT_MID	spatialDLPFC::Br2743	primary_expansion	SDLPFC_Br2743_ANT_MID__reverse	reverse	row_softmax	0.25		main21	heldout_expression_loss	finite_response_h001	1500	-0.3741188009416893	0.27567546613772853	0.21944587490931466	0.2688928959155499	1.1371684296476299	0.2696393014872087	0.27058124594964705
spatialDLPFC	within_donor_adjacent_position	SDLPFC_Br2743_ANT_MID	spatialDLPFC::Br2743	primary_expansion	SDLPFC_Br2743_ANT_MID__reverse	reverse	row_softmax	0.25		main21	heldout_expression_loss	local_reference	1500	-0.37404051468467325	0.2756495234082825	0.21944587490931466	0.2688928959155499	1.1366437725718734	0.26933257794298915	0.27058124594964694
spatialDLPFC	within_donor_adjacent_position	SDLPFC_Br2743_ANT_MID	spatialDLPFC::Br2743	primary_expansion	SDLPFC_Br2743_ANT_MID__reverse	reverse	row_softmax	0.25		main21	heldout_expression_loss	endpoint_response	1500	-0.401468164208073	0.28005205540870715	0.21944587490931466	0.2688928959155499	1.2256791059617143	0.2780651389511523	0.2754206861191153
spatialDLPFC	within_donor_adjacent_position	SDLPFC_Br2743_ANT_MID	spatialDLPFC::Br2743	primary_expansion	SDLPFC_Br2743_ANT_MID__reverse	reverse	row_softmax	0.25		main21	heldout_expression_loss	source_boundary_proximity	1500	0.18112863875211552	0.2553881659550413	0.21944587490931466	0.2688928959155499	0.7268848621071505	0.2550153103641766	0.2602465766344885
spatialDLPFC	within_donor_adjacent_position	SDLPFC_Br2743_ANT_MID	spatialDLPFC::Br2743	primary_expansion	SDLPFC_Br2743_ANT_MID__reverse	reverse	balanced_ot	0.25		main21	heldout_expression_loss	finite_response_h001	1500	0.37567334385481954	0.24970742955508882	0.22939237343084165	0.27651382940832525	0.4311211464678524	0.24458219320136138	0.2545469963543645
spatialDLPFC	within_donor_adjacent_position	SDLPFC_Br2743_ANT_MID	spatialDLPFC::Br2743	primary_expansion	SDLPFC_Br2743_ANT_MID__reverse	reverse	balanced_ot	0.25		main21	heldout_expression_loss	local_reference	1500	0.37585615993607113	0.2497053989688014	0.22939237343084165	0.27651382940832525	0.4310780538628957	0.24458219320136138	0.2545469963543645
spatialDLPFC	within_donor_adjacent_position	SDLPFC_Br2743_ANT_MID	spatialDLPFC::Br2743	primary_expansion	SDLPFC_Br2743_ANT_MID__reverse	reverse	balanced_ot	0.25		main21	heldout_expression_loss	endpoint_response	1500	0.36023526766011904	0.2502391113434386	0.22939237343084165	0.27651382940832525	0.44240436718590204	0.2456821456923349	0.2546985740702286
spatialDLPFC	within_donor_adjacent_position	SDLPFC_Br2743_ANT_MID	spatialDLPFC::Br2743	primary_expansion	SDLPFC_Br2743_ANT_MID__reverse	reverse	balanced_ot	0.25		main21	heldout_expression_loss	source_boundary_proximity	1500	0.1985832131037121	0.2629097853381231	0.22939237343084165	0.27651382940832525	0.7112983080000185	0.2627318416112434	0.26809203645777274
spatialDLPFC	within_donor_adjacent_position	SDLPFC_Br3942_ANT_MID	spatialDLPFC::Br3942	primary_expansion	SDLPFC_Br3942_ANT_MID	forward	uot	0.25	2.0	main21	heldout_expression_loss	finite_response_h001	1500	0.780600727378101	0.17577452401812477	0.17141728464765518	0.20982414839924177	0.11344949690898902	0.1771679549039953	0.18960622470203609
spatialDLPFC	within_donor_adjacent_position	SDLPFC_Br3942_ANT_MID	spatialDLPFC::Br3942	primary_expansion	SDLPFC_Br3942_ANT_MID	forward	uot	0.25	2.0	main21	heldout_expression_loss	local_reference	1500	0.7807875683500305	0.17577535518228776	0.17141728464765518	0.20982414839924177	0.11347113794087257	0.17716795490399528	0.18960622470203603
spatialDLPFC	within_donor_adjacent_position	SDLPFC_Br3942_ANT_MID	spatialDLPFC::Br3942	primary_expansion	SDLPFC_Br3942_ANT_MID	forward	uot	0.25	2.0	main21	heldout_expression_loss	endpoint_response	1500	0.7605325193477864	0.17632495902545256	0.17141728464765518	0.20982414839924177	0.1277811801958092	0.17743408358040813	0.1896052985725853
spatialDLPFC	within_donor_adjacent_position	SDLPFC_Br3942_ANT_MID	spatialDLPFC::Br3942	primary_expansion	SDLPFC_Br3942_ANT_MID	forward	uot	0.25	2.0	main21	heldout_expression_loss	source_boundary_proximity	1500	-0.17854353442577636	0.2165668979736923	0.17141728464765518	0.20982414839924177	1.1755610564315342	0.2156351582520461	0.21364485395582275
spatialDLPFC	within_donor_adjacent_position	SDLPFC_Br3942_ANT_MID	spatialDLPFC::Br3942	primary_expansion	SDLPFC_Br3942_ANT_MID	forward	row_softmax	0.25		main21	heldout_expression_loss	finite_response_h001	1500	-0.12927362545494467	0.21118875518403862	0.16820314446211704	0.207179376302772	1.102867278131401	0.21087105686380536	0.2082490062839998
spatialDLPFC	within_donor_adjacent_position	SDLPFC_Br3942_ANT_MID	spatialDLPFC::Br3942	primary_expansion	SDLPFC_Br3942_ANT_MID	forward	row_softmax	0.25		main21	heldout_expression_loss	local_reference	1500	-0.13044867664385632	0.2112218695840774	0.16820314446211704	0.207179376302772	1.1037168830951174	0.21087105686380536	0.20844502002916498
spatialDLPFC	within_donor_adjacent_position	SDLPFC_Br3942_ANT_MID	spatialDLPFC::Br3942	primary_expansion	SDLPFC_Br3942_ANT_MID	forward	row_softmax	0.25		main21	heldout_expression_loss	endpoint_response	1500	-0.06447941710196316	0.20864559611126662	0.16820314446211704	0.207179376302772	1.0376183058046482	0.20831998184937842	0.20793134382477352
spatialDLPFC	within_donor_adjacent_position	SDLPFC_Br3942_ANT_MID	spatialDLPFC::Br3942	primary_expansion	SDLPFC_Br3942_ANT_MID	forward	row_softmax	0.25		main21	heldout_expression_loss	source_boundary_proximity	1500	-0.17574907602515588	0.21397999757789002	0.16820314446211704	0.207179376302772	1.1744812403343847	0.21308540209113988	0.21108543074135958
spatialDLPFC	within_donor_adjacent_position	SDLPFC_Br3942_ANT_MID	spatialDLPFC::Br3942	primary_expansion	SDLPFC_Br3942_ANT_MID	forward	balanced_ot	0.25		main21	heldout_expression_loss	finite_response_h001	1500	0.5381915031962237	0.18484523628807348	0.17204269530421176	0.21035937925161813	0.3341244508902319	0.18612617398839823	0.19117056493683507
spatialDLPFC	within_donor_adjacent_position	SDLPFC_Br3942_ANT_MID	spatialDLPFC::Br3942	primary_expansion	SDLPFC_Br3942_ANT_MID	forward	balanced_ot	0.25		main21	heldout_expression_loss	local_reference	1500	0.538545853575935	0.1848412737667605	0.17204269530421176	0.21035937925161813	0.33402103585258336	0.1861261739883982	0.19117056493683507
spatialDLPFC	within_donor_adjacent_position	SDLPFC_Br3942_ANT_MID	spatialDLPFC::Br3942	primary_expansion	SDLPFC_Br3942_ANT_MID	forward	balanced_ot	0.25		main21	heldout_expression_loss	endpoint_response	1500	0.5082417156629848	0.18596826554723975	0.17204269530421176	0.21035937925161813	0.36343359624079885	0.18733265602668472	0.19144910406474508
spatialDLPFC	within_donor_adjacent_position	SDLPFC_Br3942_ANT_MID	spatialDLPFC::Br3942	primary_expansion	SDLPFC_Br3942_ANT_MID	forward	balanced_ot	0.25		main21	heldout_expression_loss	source_boundary_proximity	1500	-0.17776210723100988	0.21705062579737958	0.17204269530421176	0.21035937925161813	1.1746301051245949	0.21612127326040276	0.21414557558442138
spatialDLPFC	within_donor_adjacent_position	SDLPFC_Br3942_ANT_MID	spatialDLPFC::Br3942	primary_expansion	SDLPFC_Br3942_ANT_MID__reverse	reverse	uot	0.25	2.0	main21	heldout_expression_loss	finite_response_h001	1500	0.8202274329899704	0.20698233832880072	0.20240418363069848	0.2569885158135831	0.08387305505109324	0.2078493817942667	0.22702714180237113
spatialDLPFC	within_donor_adjacent_position	SDLPFC_Br3942_ANT_MID	spatialDLPFC::Br3942	primary_expansion	SDLPFC_Br3942_ANT_MID__reverse	reverse	uot	0.25	2.0	main21	heldout_expression_loss	local_reference	1500	0.8204196819643031	0.20698233832880078	0.20240418363069848	0.2569885158135831	0.08387305505109426	0.20784938179426674	0.22702714180237119
spatialDLPFC	within_donor_adjacent_position	SDLPFC_Br3942_ANT_MID	spatialDLPFC::Br3942	primary_expansion	SDLPFC_Br3942_ANT_MID__reverse	reverse	uot	0.25	2.0	main21	heldout_expression_loss	endpoint_response	1500	0.8002988232439214	0.20756140024490644	0.20240418363069848	0.2569885158135831	0.0944816288477931	0.20855510795130197	0.22698869645803496
spatialDLPFC	within_donor_adjacent_position	SDLPFC_Br3942_ANT_MID	spatialDLPFC::Br3942	primary_expansion	SDLPFC_Br3942_ANT_MID__reverse	reverse	uot	0.25	2.0	main21	heldout_expression_loss	source_boundary_proximity	1500	0.16418130984358556	0.24400858579873635	0.20240418363069848	0.2569885158135831	0.7622041070071619	0.2452479141905495	0.24677859394401813
spatialDLPFC	within_donor_adjacent_position	SDLPFC_Br3942_ANT_MID	spatialDLPFC::Br3942	primary_expansion	SDLPFC_Br3942_ANT_MID__reverse	reverse	row_softmax	0.25		main21	heldout_expression_loss	finite_response_h001	1500	-0.47086882083058706	0.2785689650901285	0.2035732232418358	0.2589338768632636	1.3546758743336986	0.27351165689926815	0.2665297784589546
spatialDLPFC	within_donor_adjacent_position	SDLPFC_Br3942_ANT_MID	spatialDLPFC::Br3942	primary_expansion	SDLPFC_Br3942_ANT_MID__reverse	reverse	row_softmax	0.25		main21	heldout_expression_loss	local_reference	1500	-0.4708050305800136	0.2785494876276676	0.2035732232418358	0.2589338768632636	1.3543240457119832	0.27351165689926815	0.2665297784589546
spatialDLPFC	within_donor_adjacent_position	SDLPFC_Br3942_ANT_MID	spatialDLPFC::Br3942	primary_expansion	SDLPFC_Br3942_ANT_MID__reverse	reverse	row_softmax	0.25		main21	heldout_expression_loss	endpoint_response	1500	-0.49072352476601105	0.2797010138089581	0.2035732232418358	0.2589338768632636	1.3751244898173756	0.274544721660378	0.2675679899332082
spatialDLPFC	within_donor_adjacent_position	SDLPFC_Br3942_ANT_MID	spatialDLPFC::Br3942	primary_expansion	SDLPFC_Br3942_ANT_MID__reverse	reverse	row_softmax	0.25		main21	heldout_expression_loss	source_boundary_proximity	1500	0.16380296575012415	0.24594878208772403	0.2035732232418358	0.2589338768632636	0.7654454215021484	0.24725676852573505	0.24875424380182515
spatialDLPFC	within_donor_adjacent_position	SDLPFC_Br3942_ANT_MID	spatialDLPFC::Br3942	primary_expansion	SDLPFC_Br3942_ANT_MID__reverse	reverse	balanced_ot	0.25		main21	heldout_expression_loss	finite_response_h001	1500	0.4045174988966662	0.22146008738005213	0.2022689520177163	0.25675542733298257	0.35221833035250066	0.2186889081585214	0.2303445301834795
spatialDLPFC	within_donor_adjacent_position	SDLPFC_Br3942_ANT_MID	spatialDLPFC::Br3942	primary_expansion	SDLPFC_Br3942_ANT_MID__reverse	reverse	balanced_ot	0.25		main21	heldout_expression_loss	local_reference	1500	0.4049358350825934	0.22144922708779272	0.2022689520177163	0.25675542733298257	0.35201900947155595	0.2186889081585214	0.2303445301834795
spatialDLPFC	within_donor_adjacent_position	SDLPFC_Br3942_ANT_MID	spatialDLPFC::Br3942	primary_expansion	SDLPFC_Br3942_ANT_MID__reverse	reverse	balanced_ot	0.25		main21	heldout_expression_loss	endpoint_response	1500	0.3698558088248039	0.2229219381575881	0.2022689520177163	0.25675542733298257	0.3790479384172084	0.2197903593423282	0.23111786208101795
spatialDLPFC	within_donor_adjacent_position	SDLPFC_Br3942_ANT_MID	spatialDLPFC::Br3942	primary_expansion	SDLPFC_Br3942_ANT_MID__reverse	reverse	balanced_ot	0.25		main21	heldout_expression_loss	source_boundary_proximity	1500	0.16433183645664212	0.24377359601465917	0.2022689520177163	0.25675542733298257	0.7617421342964703	0.24500540342572724	0.24654113153859203
spatialDLPFC	within_donor_adjacent_position	SDLPFC_Br6423_ANT_MID	spatialDLPFC::Br6423	primary_expansion	SDLPFC_Br6423_ANT_MID	forward	uot	0.25	2.0	main21	heldout_expression_loss	finite_response_h001	1500	0.8164981299991689	0.2414676422935338	0.23669023291747293	0.3151567833834967	0.060884661651202474	0.24936605086810595	0.2814043884604767
spatialDLPFC	within_donor_adjacent_position	SDLPFC_Br6423_ANT_MID	spatialDLPFC::Br6423	primary_expansion	SDLPFC_Br6423_ANT_MID	forward	uot	0.25	2.0	main21	heldout_expression_loss	local_reference	1500	0.8166323558366028	0.24146427799980896	0.23669023291747293	0.3151567833834967	0.060841786136669886	0.24936605086810595	0.2814043884604767
spatialDLPFC	within_donor_adjacent_position	SDLPFC_Br6423_ANT_MID	spatialDLPFC::Br6423	primary_expansion	SDLPFC_Br6423_ANT_MID	forward	uot	0.25	2.0	main21	heldout_expression_loss	endpoint_response	1500	0.8047577265589896	0.24170219681810773	0.23669023291747293	0.3151567833834967	0.06387389111497889	0.2489994826681357	0.2812857278483109
spatialDLPFC	within_donor_adjacent_position	SDLPFC_Br6423_ANT_MID	spatialDLPFC::Br6423	primary_expansion	SDLPFC_Br6423_ANT_MID	forward	uot	0.25	2.0	main21	heldout_expression_loss	source_boundary_proximity	1500	0.2264873239499587	0.30581008915772967	0.23669023291747293	0.3151567833834967	0.880883074759172	0.31335725657111574	0.31462493863172075
spatialDLPFC	within_donor_adjacent_position	SDLPFC_Br6423_ANT_MID	spatialDLPFC::Br6423	primary_expansion	SDLPFC_Br6423_ANT_MID	forward	row_softmax	0.25		main21	heldout_expression_loss	finite_response_h001	1500	-0.8707714625650945	0.37113554594358833	0.23703487502383785	0.31696335644697704	1.6777582725464932	0.35625643606330754	0.33628581201249225
spatialDLPFC	within_donor_adjacent_position	SDLPFC_Br6423_ANT_MID	spatialDLPFC::Br6423	primary_expansion	SDLPFC_Br6423_ANT_MID	forward	row_softmax	0.25		main21	heldout_expression_loss	local_reference	1500	-0.8707337025483123	0.37113735680035065	0.23703487502383785	0.31696335644697704	1.6777809285100507	0.35625643606330754	0.33628581201249225
spatialDLPFC	within_donor_adjacent_position	SDLPFC_Br6423_ANT_MID	spatialDLPFC::Br6423	primary_expansion	SDLPFC_Br6423_ANT_MID	forward	row_softmax	0.25		main21	heldout_expression_loss	endpoint_response	1500	-0.8745898464843762	0.37128717179485915	0.23703487502383785	0.31696335644697704	1.6796552915886556	0.3564010613285795	0.3361421454970706
spatialDLPFC	within_donor_adjacent_position	SDLPFC_Br6423_ANT_MID	spatialDLPFC::Br6423	primary_expansion	SDLPFC_Br6423_ANT_MID	forward	row_softmax	0.25		main21	heldout_expression_loss	source_boundary_proximity	1500	0.22665424184369176	0.3072257806215638	0.23703487502383785	0.31696335644697704	0.8781713895718501	0.3149269185898362	0.3163150681190312
spatialDLPFC	within_donor_adjacent_position	SDLPFC_Br6423_ANT_MID	spatialDLPFC::Br6423	primary_expansion	SDLPFC_Br6423_ANT_MID	forward	balanced_ot	0.25		main21	heldout_expression_loss	finite_response_h001	1500	0.5671671782965237	0.25821353394404806	0.23676027001595748	0.3151201939834857	0.2737785189401238	0.26078796019614575	0.2907580570172994
spatialDLPFC	within_donor_adjacent_position	SDLPFC_Br6423_ANT_MID	spatialDLPFC::Br6423	primary_expansion	SDLPFC_Br6423_ANT_MID	forward	balanced_ot	0.25		main21	heldout_expression_loss	local_reference	1500	0.5673282912570184	0.25819862381216613	0.23676027001595748	0.3151201939834857	0.2735882414216297	0.26078796019614575	0.2907580570172994
spatialDLPFC	within_donor_adjacent_position	SDLPFC_Br6423_ANT_MID	spatialDLPFC::Br6423	primary_expansion	SDLPFC_Br6423_ANT_MID	forward	balanced_ot	0.25		main21	heldout_expression_loss	endpoint_response	1500	0.5525210775649234	0.2596020105601518	0.23676027001595748	0.3151201939834857	0.2914977374615599	0.26096129049588845	0.2920985293729975
spatialDLPFC	within_donor_adjacent_position	SDLPFC_Br6423_ANT_MID	spatialDLPFC::Br6423	primary_expansion	SDLPFC_Br6423_ANT_MID	forward	balanced_ot	0.25		main21	heldout_expression_loss	source_boundary_proximity	1500	0.22642079039324978	0.3058103219315646	0.23676027001595748	0.3151201939834857	0.8811908998816917	0.31334767964706034	0.3146065207078252
spatialDLPFC	within_donor_adjacent_position	SDLPFC_Br6423_ANT_MID	spatialDLPFC::Br6423	primary_expansion	SDLPFC_Br6423_ANT_MID__reverse	reverse	uot	0.25	2.0	main21	heldout_expression_loss	finite_response_h001	1500	0.2857532612236717	0.23496068754488036	0.2157862027050296	0.23917383991471092	0.8198555787377052	0.2379203200992139	0.238603745472915
spatialDLPFC	within_donor_adjacent_position	SDLPFC_Br6423_ANT_MID	spatialDLPFC::Br6423	primary_expansion	SDLPFC_Br6423_ANT_MID__reverse	reverse	uot	0.25	2.0	main21	heldout_expression_loss	local_reference	1500	0.2861938480861547	0.23494694769503263	0.2157862027050296	0.23917383991471092	0.819268095285463	0.23792032009921385	0.23856577965154072
spatialDLPFC	within_donor_adjacent_position	SDLPFC_Br6423_ANT_MID	spatialDLPFC::Br6423	primary_expansion	SDLPFC_Br6423_ANT_MID__reverse	reverse	uot	0.25	2.0	main21	heldout_expression_loss	endpoint_response	1500	0.23677751323445034	0.23608000007221838	0.2157862027050296	0.23917383991471092	0.8677147325847931	0.23873347423021965	0.23878903861687628
spatialDLPFC	within_donor_adjacent_position	SDLPFC_Br6423_ANT_MID	spatialDLPFC::Br6423	primary_expansion	SDLPFC_Br6423_ANT_MID__reverse	reverse	uot	0.25	2.0	main21	heldout_expression_loss	source_boundary_proximity	1500	0.011747658419048818	0.23648361449498964	0.2157862027050296	0.23917383991471092	0.8849723297996235	0.2348698077141123	0.23535716358568787
spatialDLPFC	within_donor_adjacent_position	SDLPFC_Br6423_ANT_MID	spatialDLPFC::Br6423	primary_expansion	SDLPFC_Br6423_ANT_MID__reverse	reverse	row_softmax	0.25		main21	heldout_expression_loss	finite_response_h001	1500	-0.08054222246321	0.2367946756094179	0.20973239120929416	0.23681478474665035	0.9992574830136514	0.23689555398801257	0.23816225258918772
spatialDLPFC	within_donor_adjacent_position	SDLPFC_Br6423_ANT_MID	spatialDLPFC::Br6423	primary_expansion	SDLPFC_Br6423_ANT_MID__reverse	reverse	row_softmax	0.25		main21	heldout_expression_loss	local_reference	1500	-0.08064221539654018	0.23676870401772646	0.20973239120929416	0.23681478474665035	0.9982984986589042	0.23689555398801257	0.23816225258918772
spatialDLPFC	within_donor_adjacent_position	SDLPFC_Br6423_ANT_MID	spatialDLPFC::Br6423	primary_expansion	SDLPFC_Br6423_ANT_MID__reverse	reverse	row_softmax	0.25		main21	heldout_expression_loss	endpoint_response	1500	-0.14265330073480034	0.24101441409405924	0.20973239120929416	0.23681478474665035	1.1550686183485266	0.24164439582547412	0.24166137996312786
spatialDLPFC	within_donor_adjacent_position	SDLPFC_Br6423_ANT_MID	spatialDLPFC::Br6423	primary_expansion	SDLPFC_Br6423_ANT_MID__reverse	reverse	row_softmax	0.25		main21	heldout_expression_loss	source_boundary_proximity	1500	-0.013839011189638116	0.2343055876327542	0.20973239120929416	0.23681478474665035	0.9073495069615951	0.23217473848788625	0.23272165999093447
spatialDLPFC	within_donor_adjacent_position	SDLPFC_Br6423_ANT_MID	spatialDLPFC::Br6423	primary_expansion	SDLPFC_Br6423_ANT_MID__reverse	reverse	balanced_ot	0.25		main21	heldout_expression_loss	finite_response_h001	1500	0.36086597371821055	0.23237858381688523	0.21871335589101998	0.24141190257558703	0.6020309632931855	0.23239407041258497	0.23399845135167976
spatialDLPFC	within_donor_adjacent_position	SDLPFC_Br6423_ANT_MID	spatialDLPFC::Br6423	primary_expansion	SDLPFC_Br6423_ANT_MID__reverse	reverse	balanced_ot	0.25		main21	heldout_expression_loss	local_reference	1500	0.3611548769577231	0.23237275473701313	0.21871335589101998	0.24141190257558703	0.6017741591923285	0.23239407041258492	0.2339984513516797
spatialDLPFC	within_donor_adjacent_position	SDLPFC_Br6423_ANT_MID	spatialDLPFC::Br6423	primary_expansion	SDLPFC_Br6423_ANT_MID__reverse	reverse	balanced_ot	0.25		main21	heldout_expression_loss	endpoint_response	1500	0.33335818904808406	0.2330570263855317	0.21871335589101998	0.24141190257558703	0.6319202147097859	0.23321024134774707	0.23458420986911077
spatialDLPFC	within_donor_adjacent_position	SDLPFC_Br6423_ANT_MID	spatialDLPFC::Br6423	primary_expansion	SDLPFC_Br6423_ANT_MID__reverse	reverse	balanced_ot	0.25		main21	heldout_expression_loss	source_boundary_proximity	1500	0.021555190982724938	0.23864326268347896	0.21871335589101998	0.24141190257558703	0.878025675802826	0.2371606136840593	0.2376283831823986
spatialDLPFC	within_donor_adjacent_position	SDLPFC_Br6432_ANT_MID	spatialDLPFC::Br6432	primary_expansion	SDLPFC_Br6432_ANT_MID	forward	uot	0.25	2.0	main21	heldout_expression_loss	finite_response_h001	1500	0.8595577402478847	0.23363184966750736	0.2304256068466444	0.28295468228225173	0.06103748817725386	0.23709030690244196	0.25731676920048474
spatialDLPFC	within_donor_adjacent_position	SDLPFC_Br6432_ANT_MID	spatialDLPFC::Br6432	primary_expansion	SDLPFC_Br6432_ANT_MID	forward	uot	0.25	2.0	main21	heldout_expression_loss	local_reference	1500	0.8596568051808023	0.2336318496675073	0.2304256068466444	0.28295468228225173	0.061037488177252804	0.2370903069024419	0.2573167692004847
spatialDLPFC	within_donor_adjacent_position	SDLPFC_Br6432_ANT_MID	spatialDLPFC::Br6432	primary_expansion	SDLPFC_Br6432_ANT_MID	forward	uot	0.25	2.0	main21	heldout_expression_loss	endpoint_response	1500	0.8487015754229223	0.23376915567334547	0.2304256068466444	0.28295468228225173	0.06365139304231146	0.23706490722435916	0.2573167692004846
spatialDLPFC	within_donor_adjacent_position	SDLPFC_Br6432_ANT_MID	spatialDLPFC::Br6432	primary_expansion	SDLPFC_Br6432_ANT_MID	forward	uot	0.25	2.0	main21	heldout_expression_loss	source_boundary_proximity	1500	0.11425198269016204	0.27341766350390745	0.2304256068466444	0.28295468228225173	0.8184430489351517	0.2732167036574711	0.2785618219939505
spatialDLPFC	within_donor_adjacent_position	SDLPFC_Br6432_ANT_MID	spatialDLPFC::Br6432	primary_expansion	SDLPFC_Br6432_ANT_MID	forward	row_softmax	0.25		main21	heldout_expression_loss	finite_response_h001	1500	-0.671281809458582	0.3095784336339278	0.23052252971076323	0.2835358294736654	1.4912466169194503	0.30006402678324884	0.29148287671805234
spatialDLPFC	within_donor_adjacent_position	SDLPFC_Br6432_ANT_MID	spatialDLPFC::Br6432	primary_expansion	SDLPFC_Br6432_ANT_MID	forward	row_softmax	0.25		main21	heldout_expression_loss	local_reference	1500	-0.671270709009204	0.30958299916840365	0.23052252971076323	0.2835358294736654	1.4913327374683745	0.30006402678324884	0.29148287671805234
spatialDLPFC	within_donor_adjacent_position	SDLPFC_Br6432_ANT_MID	spatialDLPFC::Br6432	primary_expansion	SDLPFC_Br6432_ANT_MID	forward	row_softmax	0.25		main21	heldout_expression_loss	endpoint_response	1500	-0.6766651611845161	0.30987839309000464	0.23052252971076323	0.2835358294736654	1.4969048094375241	0.3004802554701339	0.291809264560132
spatialDLPFC	within_donor_adjacent_position	SDLPFC_Br6432_ANT_MID	spatialDLPFC::Br6432	primary_expansion	SDLPFC_Br6432_ANT_MID	forward	row_softmax	0.25		main21	heldout_expression_loss	source_boundary_proximity	1500	0.11376574566871621	0.27398389320132277	0.23052252971076323	0.2835358294736654	0.8198200014890052	0.273789729930423	0.27911864006745807
spatialDLPFC	within_donor_adjacent_position	SDLPFC_Br6432_ANT_MID	spatialDLPFC::Br6432	primary_expansion	SDLPFC_Br6432_ANT_MID	forward	balanced_ot	0.25		main21	heldout_expression_loss	finite_response_h001	1500	0.3752203267645897	0.24979431583999762	0.23042112632776782	0.2828815763276674	0.36929133303787665	0.24524350900414224	0.2590934818023551
spatialDLPFC	within_donor_adjacent_position	SDLPFC_Br6432_ANT_MID	spatialDLPFC::Br6432	primary_expansion	SDLPFC_Br6432_ANT_MID	forward	balanced_ot	0.25		main21	heldout_expression_loss	local_reference	1500	0.37537190372084606	0.2497836528274408	0.23042112632776782	0.2828815763276674	0.3690880749156754	0.24524350900414224	0.2590934818023551
spatialDLPFC	within_donor_adjacent_position	SDLPFC_Br6432_ANT_MID	spatialDLPFC::Br6432	primary_expansion	SDLPFC_Br6432_ANT_MID	forward	balanced_ot	0.25		main21	heldout_expression_loss	endpoint_response	1500	0.36657558336692597	0.2504011615787573	0.23042112632776782	0.2828815763276674	0.3808590138099792	0.24612388169432176	0.25993908065226556
spatialDLPFC	within_donor_adjacent_position	SDLPFC_Br6432_ANT_MID	spatialDLPFC::Br6432	primary_expansion	SDLPFC_Br6432_ANT_MID	forward	balanced_ot	0.25		main21	heldout_expression_loss	source_boundary_proximity	1500	0.1144520149275337	0.27334491871192673	0.23042112632776782	0.2828815763276674	0.8182124321129739	0.27314267676062676	0.2784914628801042
spatialDLPFC	within_donor_adjacent_position	SDLPFC_Br6432_ANT_MID	spatialDLPFC::Br6432	primary_expansion	SDLPFC_Br6432_ANT_MID__reverse	reverse	uot	0.25	2.0	main21	heldout_expression_loss	finite_response_h001	1500	0.6247154349846379	0.13790544384203013	0.13153861521643342	0.1604351281734512	0.22033207380652	0.13767685809227892	0.14575870248812306
spatialDLPFC	within_donor_adjacent_position	SDLPFC_Br6432_ANT_MID	spatialDLPFC::Br6432	primary_expansion	SDLPFC_Br6432_ANT_MID__reverse	reverse	uot	0.25	2.0	main21	heldout_expression_loss	local_reference	1500	0.6250953284868126	0.13789912421219913	0.13153861521643342	0.1604351281734512	0.22011337510607829	0.13756526136064498	0.14575870248812306
spatialDLPFC	within_donor_adjacent_position	SDLPFC_Br6432_ANT_MID	spatialDLPFC::Br6432	primary_expansion	SDLPFC_Br6432_ANT_MID__reverse	reverse	uot	0.25	2.0	main21	heldout_expression_loss	endpoint_response	1500	0.5933275561455805	0.13853874466508967	0.13153861521643342	0.1604351281734512	0.24224824147704643	0.13798228195388776	0.14580929939875115
spatialDLPFC	within_donor_adjacent_position	SDLPFC_Br6432_ANT_MID	spatialDLPFC::Br6432	primary_expansion	SDLPFC_Br6432_ANT_MID__reverse	reverse	uot	0.25	2.0	main21	heldout_expression_loss	source_boundary_proximity	1500	-0.11830036931370083	0.16112246534545335	0.13153861521643342	0.1604351281734512	1.023786163161781	0.15970941105795095	0.15858786426757498
spatialDLPFC	within_donor_adjacent_position	SDLPFC_Br6432_ANT_MID	spatialDLPFC::Br6432	primary_expansion	SDLPFC_Br6432_ANT_MID__reverse	reverse	balanced_ot	0.25		main21	heldout_expression_loss	finite_response_h001	1500	0.4062957894647954	0.143232715318221	0.13204432161791774	0.16074065134899845	0.3898893623383903	0.14142442332159194	0.14772926637015532
spatialDLPFC	within_donor_adjacent_position	SDLPFC_Br6432_ANT_MID	spatialDLPFC::Br6432	primary_expansion	SDLPFC_Br6432_ANT_MID__reverse	reverse	balanced_ot	0.25		main21	heldout_expression_loss	local_reference	1500	0.4063444685975417	0.143232715318221	0.13204432161791774	0.16074065134899845	0.3898893623383903	0.14142442332159194	0.14772926637015532
spatialDLPFC	within_donor_adjacent_position	SDLPFC_Br6432_ANT_MID	spatialDLPFC::Br6432	primary_expansion	SDLPFC_Br6432_ANT_MID__reverse	reverse	balanced_ot	0.25		main21	heldout_expression_loss	endpoint_response	1500	0.40191409151737406	0.14347502195030315	0.13204432161791774	0.16074065134899845	0.39833318196106915	0.14182690642521123	0.14790888423329207
spatialDLPFC	within_donor_adjacent_position	SDLPFC_Br6432_ANT_MID	spatialDLPFC::Br6432	primary_expansion	SDLPFC_Br6432_ANT_MID__reverse	reverse	balanced_ot	0.25		main21	heldout_expression_loss	source_boundary_proximity	1500	-0.1169821953638995	0.16136368596394973	0.13204432161791774	0.16074065134899845	1.0217112996954616	0.159960010037661	0.15886689952032532
spatialDLPFC	within_donor_adjacent_position	SDLPFC_Br6432_ANT_MID	spatialDLPFC::Br6432	primary_expansion	SDLPFC_Br6432_ANT_MID__reverse	reverse	row_softmax	0.25		main21	heldout_expression_loss	finite_response_h001	1500	-0.5838001634667395	0.1757341191541107	0.12978180154270103	0.15995720786548376	1.5228400612029276	0.17221852322729655	0.16619350375113154
spatialDLPFC	within_donor_adjacent_position	SDLPFC_Br6432_ANT_MID	spatialDLPFC::Br6432	primary_expansion	SDLPFC_Br6432_ANT_MID__reverse	reverse	row_softmax	0.25		main21	heldout_expression_loss	local_reference	1500	-0.5838980586213595	0.17573675009442657	0.12978180154270103	0.15995720786548376	1.5229272494345538	0.17221852322729658	0.1661935037511315
spatialDLPFC	within_donor_adjacent_position	SDLPFC_Br6432_ANT_MID	spatialDLPFC::Br6432	primary_expansion	SDLPFC_Br6432_ANT_MID__reverse	reverse	row_softmax	0.25		main21	heldout_expression_loss	endpoint_response	1500	-0.5917609065604029	0.17632105062167522	0.12978180154270103	0.15995720786548376	1.5422907178498073	0.1721599979133938	0.16623268285511703
spatialDLPFC	within_donor_adjacent_position	SDLPFC_Br6432_ANT_MID	spatialDLPFC::Br6432	primary_expansion	SDLPFC_Br6432_ANT_MID__reverse	reverse	row_softmax	0.25		main21	heldout_expression_loss	source_boundary_proximity	1500	-0.11958819652125184	0.16085762111983476	0.12978180154270103	0.15995720786548376	1.029839308366535	0.15940990765126936	0.1581832025654938
spatialDLPFC	within_donor_adjacent_position	SDLPFC_Br6471_ANT_MID	spatialDLPFC::Br6471	primary_expansion	SDLPFC_Br6471_ANT_MID	forward	uot	0.25	2.0	main21	heldout_expression_loss	finite_response_h001	1500	0.6768138261394784	0.3762466212031029	0.3594556787063393	0.4355321274017263	0.22071143941004898	0.3775946286575345	0.4068004862113478
spatialDLPFC	within_donor_adjacent_position	SDLPFC_Br6471_ANT_MID	spatialDLPFC::Br6471	primary_expansion	SDLPFC_Br6471_ANT_MID	forward	uot	0.25	2.0	main21	heldout_expression_loss	local_reference	1500	0.6773344841486597	0.37623661626932875	0.3594556787063393	0.4355321274017263	0.2205799278326062	0.37759462865753457	0.40680048621134784
spatialDLPFC	within_donor_adjacent_position	SDLPFC_Br6471_ANT_MID	spatialDLPFC::Br6471	primary_expansion	SDLPFC_Br6471_ANT_MID	forward	uot	0.25	2.0	main21	heldout_expression_loss	endpoint_response	1500	0.6318564657139848	0.3792970057165011	0.3594556787063393	0.4355321274017263	0.2608077447148882	0.3782550178238868	0.4061201602879555
spatialDLPFC	within_donor_adjacent_position	SDLPFC_Br6471_ANT_MID	spatialDLPFC::Br6471	primary_expansion	SDLPFC_Br6471_ANT_MID	forward	uot	0.25	2.0	main21	heldout_expression_loss	source_boundary_proximity	1500	0.09959986814175185	0.4255653672385379	0.3594556787063393	0.4355321274017263	0.8689902021702444	0.42998492774813685	0.4322286351610714
spatialDLPFC	within_donor_adjacent_position	SDLPFC_Br6471_ANT_MID	spatialDLPFC::Br6471	primary_expansion	SDLPFC_Br6471_ANT_MID	forward	row_softmax	0.25		main21	heldout_expression_loss	finite_response_h001	1500	-0.6679047164020963	0.4828308164203365	0.36042629206272564	0.43772522956529186	1.5835214339595183	0.47002109095383227	0.4521969649457707
spatialDLPFC	within_donor_adjacent_position	SDLPFC_Br6471_ANT_MID	spatialDLPFC::Br6471	primary_expansion	SDLPFC_Br6471_ANT_MID	forward	row_softmax	0.25		main21	heldout_expression_loss	local_reference	1500	-0.6679580675369189	0.482828980846229	0.36042629206272564	0.43772522956529186	1.58349768752565	0.47002109095383227	0.4521969649457707
spatialDLPFC	within_donor_adjacent_position	SDLPFC_Br6471_ANT_MID	spatialDLPFC::Br6471	primary_expansion	SDLPFC_Br6471_ANT_MID	forward	row_softmax	0.25		main21	heldout_expression_loss	endpoint_response	1500	-0.6661587138483173	0.48281549915178057	0.36042629206272564	0.43772522956529186	1.583323277696951	0.47360580478737496	0.45490794919352934
spatialDLPFC	within_donor_adjacent_position	SDLPFC_Br6471_ANT_MID	spatialDLPFC::Br6471	primary_expansion	SDLPFC_Br6471_ANT_MID	forward	row_softmax	0.25		main21	heldout_expression_loss	source_boundary_proximity	1500	0.11164033859202731	0.4270404469138273	0.36042629206272564	0.43772522956529186	0.8617732274637043	0.4316435322700809	0.4343243547409681
spatialDLPFC	within_donor_adjacent_position	SDLPFC_Br6471_ANT_MID	spatialDLPFC::Br6471	primary_expansion	SDLPFC_Br6471_ANT_MID	forward	balanced_ot	0.25		main21	heldout_expression_loss	finite_response_h001	1500	0.372093480930436	0.3993914586357801	0.359440581090729	0.43543515532385907	0.5257069724806013	0.3912034981333542	0.4136267401819795
spatialDLPFC	within_donor_adjacent_position	SDLPFC_Br6471_ANT_MID	spatialDLPFC::Br6471	primary_expansion	SDLPFC_Br6471_ANT_MID	forward	balanced_ot	0.25		main21	heldout_expression_loss	local_reference	1500	0.37262237005438675	0.3993376638519566	0.359440581090729	0.43543515532385907	0.5249990958411654	0.3912034981333542	0.4136267401819795
spatialDLPFC	within_donor_adjacent_position	SDLPFC_Br6471_ANT_MID	spatialDLPFC::Br6471	primary_expansion	SDLPFC_Br6471_ANT_MID	forward	balanced_ot	0.25		main21	heldout_expression_loss	endpoint_response	1500	0.3263704028312902	0.4024276797442594	0.359440581090729	0.43543515532385907	0.5656601025444005	0.39549212997061123	0.4137218019956835
spatialDLPFC	within_donor_adjacent_position	SDLPFC_Br6471_ANT_MID	spatialDLPFC::Br6471	primary_expansion	SDLPFC_Br6471_ANT_MID	forward	balanced_ot	0.25		main21	heldout_expression_loss	source_boundary_proximity	1500	0.09862272051878324	0.4255226866399778	0.359440581090729	0.43543515532385907	0.8695634683935116	0.42992678547777996	0.432133167697453
spatialDLPFC	within_donor_adjacent_position	SDLPFC_Br6471_ANT_MID	spatialDLPFC::Br6471	primary_expansion	SDLPFC_Br6471_ANT_MID__reverse	reverse	uot	0.25	2.0	main21	heldout_expression_loss	finite_response_h001	1500	0.5980934142637397	0.3114557130909453	0.29413820640799865	0.3613230436550252	0.257759152102628	0.3117039664694625	0.33288263727878575
spatialDLPFC	within_donor_adjacent_position	SDLPFC_Br6471_ANT_MID	spatialDLPFC::Br6471	primary_expansion	SDLPFC_Br6471_ANT_MID__reverse	reverse	uot	0.25	2.0	main21	heldout_expression_loss	local_reference	1500	0.5986649842955486	0.3114125676505226	0.29413820640799865	0.3613230436550252	0.25711696195689576	0.3117039664694625	0.33288263727878575
spatialDLPFC	within_donor_adjacent_position	SDLPFC_Br6471_ANT_MID	spatialDLPFC::Br6471	primary_expansion	SDLPFC_Br6471_ANT_MID__reverse	reverse	uot	0.25	2.0	main21	heldout_expression_loss	endpoint_response	1500	0.5399541742018553	0.31507190523704326	0.29413820640799865	0.3613230436550252	0.3115836799912928	0.3130562969851887	0.33309095947347045
spatialDLPFC	within_donor_adjacent_position	SDLPFC_Br6471_ANT_MID	spatialDLPFC::Br6471	primary_expansion	SDLPFC_Br6471_ANT_MID__reverse	reverse	uot	0.25	2.0	main21	heldout_expression_loss	source_boundary_proximity	1500	0.21592790074243454	0.34693153530791465	0.29413820640799865	0.3613230436550252	0.7857923165878102	0.3510672757232731	0.3561296468185293
spatialDLPFC	within_donor_adjacent_position	SDLPFC_Br6471_ANT_MID	spatialDLPFC::Br6471	primary_expansion	SDLPFC_Br6471_ANT_MID__reverse	reverse	row_softmax	0.25		main21	heldout_expression_loss	finite_response_h001	1500	-0.3094550708689204	0.3830095181119752	0.2963613310743539	0.3655649133138134	1.2520766155977252	0.3761121373957594	0.370883843478814
spatialDLPFC	within_donor_adjacent_position	SDLPFC_Br6471_ANT_MID	spatialDLPFC::Br6471	primary_expansion	SDLPFC_Br6471_ANT_MID__reverse	reverse	row_softmax	0.25		main21	heldout_expression_loss	local_reference	1500	-0.3089193515197118	0.38295785689823203	0.2963613310743539	0.3655649133138134	1.2513301049103966	0.37611213739575944	0.37088384347881403
spatialDLPFC	within_donor_adjacent_position	SDLPFC_Br6471_ANT_MID	spatialDLPFC::Br6471	primary_expansion	SDLPFC_Br6471_ANT_MID__reverse	reverse	row_softmax	0.25		main21	heldout_expression_loss	endpoint_response	1500	-0.39975246566776257	0.3894918181873272	0.2963613310743539	0.3655649133138134	1.3457466232126754	0.3824313524723607	0.3743644091557708
spatialDLPFC	within_donor_adjacent_position	SDLPFC_Br6471_ANT_MID	spatialDLPFC::Br6471	primary_expansion	SDLPFC_Br6471_ANT_MID__reverse	reverse	row_softmax	0.25		main21	heldout_expression_loss	source_boundary_proximity	1500	0.23240951755946976	0.34972888465628527	0.2963613310743539	0.3655649133138134	0.7711675010878478	0.35417153441155624	0.35981794015838947
spatialDLPFC	within_donor_adjacent_position	SDLPFC_Br6471_ANT_MID	spatialDLPFC::Br6471	primary_expansion	SDLPFC_Br6471_ANT_MID__reverse	reverse	balanced_ot	0.25		main21	heldout_expression_loss	finite_response_h001	1500	0.3787824296810799	0.3228972641370989	0.2939833735387469	0.3609924953773348	0.43149185969038706	0.31531754944816615	0.3343463022809218
spatialDLPFC	within_donor_adjacent_position	SDLPFC_Br6471_ANT_MID	spatialDLPFC::Br6471	primary_expansion	SDLPFC_Br6471_ANT_MID__reverse	reverse	balanced_ot	0.25		main21	heldout_expression_loss	local_reference	1500	0.37939898106621384	0.322865887333565	0.2939833735387469	0.3609924953773348	0.4310236129401989	0.31531754944816615	0.3343463022809218
spatialDLPFC	within_donor_adjacent_position	SDLPFC_Br6471_ANT_MID	spatialDLPFC::Br6471	primary_expansion	SDLPFC_Br6471_ANT_MID__reverse	reverse	balanced_ot	0.25		main21	heldout_expression_loss	endpoint_response	1500	0.32684151059622696	0.32591412201132663	0.2939833735387469	0.3609924953773348	0.4765134596077052	0.31761270499282046	0.33483512799757464
spatialDLPFC	within_donor_adjacent_position	SDLPFC_Br6471_ANT_MID	spatialDLPFC::Br6471	primary_expansion	SDLPFC_Br6471_ANT_MID__reverse	reverse	balanced_ot	0.25		main21	heldout_expression_loss	source_boundary_proximity	1500	0.21414989812452576	0.3467443282850946	0.2939833735387469	0.3609924953773348	0.787369738607211	0.35084697709998997	0.35584969868590577
spatialDLPFC	within_donor_adjacent_position	SDLPFC_Br6522_ANT_MID	spatialDLPFC::Br6522	primary_expansion	SDLPFC_Br6522_ANT_MID	forward	uot	0.25	2.0	main21	heldout_expression_loss	finite_response_h001	1500	0.5740717218096543	0.14126389758005423	0.1325845772940422	0.1855245704075977	0.16394638109217397	0.13939740536389653	0.1590437063511115
spatialDLPFC	within_donor_adjacent_position	SDLPFC_Br6522_ANT_MID	spatialDLPFC::Br6522	primary_expansion	SDLPFC_Br6522_ANT_MID	forward	uot	0.25	2.0	main21	heldout_expression_loss	local_reference	1500	0.5747052936467972	0.14123435616368477	0.1325845772940422	0.1855245704075977	0.1633883640877876	0.1393974053638965	0.1590437063511115
spatialDLPFC	within_donor_adjacent_position	SDLPFC_Br6522_ANT_MID	spatialDLPFC::Br6522	primary_expansion	SDLPFC_Br6522_ANT_MID	forward	uot	0.25	2.0	main21	heldout_expression_loss	endpoint_response	1500	0.5207928252412557	0.14269305383944583	0.1325845772940422	0.1855245704075977	0.1909421582983796	0.13935634724435084	0.15904804456208027
spatialDLPFC	within_donor_adjacent_position	SDLPFC_Br6522_ANT_MID	spatialDLPFC::Br6522	primary_expansion	SDLPFC_Br6522_ANT_MID	forward	uot	0.25	2.0	main21	heldout_expression_loss	source_boundary_proximity	1500	0.09888509744221298	0.17795384058552602	0.1325845772940422	0.1855245704075977	0.8569941290730322	0.1801286412613853	0.18246266560822427
spatialDLPFC	within_donor_adjacent_position	SDLPFC_Br6522_ANT_MID	spatialDLPFC::Br6522	primary_expansion	SDLPFC_Br6522_ANT_MID	forward	row_softmax	0.25		main21	heldout_expression_loss	finite_response_h001	1500	-0.6661706142980509	0.21813679876818123	0.13331845418600374	0.18814310146178992	1.5470841819649666	0.20958593303961442	0.19913747618762903
spatialDLPFC	within_donor_adjacent_position	SDLPFC_Br6522_ANT_MID	spatialDLPFC::Br6522	primary_expansion	SDLPFC_Br6522_ANT_MID	forward	row_softmax	0.25		main21	heldout_expression_loss	local_reference	1500	-0.6656071509365116	0.21810979146864112	0.13331845418600374	0.18814310146178992	1.5465915695929389	0.20963275449844504	0.1991374761876291
spatialDLPFC	within_donor_adjacent_position	SDLPFC_Br6522_ANT_MID	spatialDLPFC::Br6522	primary_expansion	SDLPFC_Br6522_ANT_MID	forward	row_softmax	0.25		main21	heldout_expression_loss	endpoint_response	1500	-0.7214427988634662	0.22047734258898916	0.13331845418600374	0.18814310146178992	1.5897756343884397	0.21084767165794982	0.1999954748767007
spatialDLPFC	within_donor_adjacent_position	SDLPFC_Br6522_ANT_MID	spatialDLPFC::Br6522	primary_expansion	SDLPFC_Br6522_ANT_MID	forward	row_softmax	0.25		main21	heldout_expression_loss	source_boundary_proximity	1500	0.09462023534410864	0.1806514639840911	0.13331845418600374	0.18814310146178992	0.8633527464387797	0.1829170209105874	0.18517299370940657
spatialDLPFC	within_donor_adjacent_position	SDLPFC_Br6522_ANT_MID	spatialDLPFC::Br6522	primary_expansion	SDLPFC_Br6522_ANT_MID	forward	balanced_ot	0.25		main21	heldout_expression_loss	finite_response_h001	1500	0.289081984480882	0.15154159748319693	0.1326015471034125	0.18528115226958308	0.35953288412167567	0.1430511737629737	0.16110092932841016
spatialDLPFC	within_donor_adjacent_position	SDLPFC_Br6522_ANT_MID	spatialDLPFC::Br6522	primary_expansion	SDLPFC_Br6522_ANT_MID	forward	balanced_ot	0.25		main21	heldout_expression_loss	local_reference	1500	0.289313849472822	0.15153754852383647	0.1326015471034125	0.18528115226958308	0.35945602402852034	0.1430511737629737	0.16110092932841014
spatialDLPFC	within_donor_adjacent_position	SDLPFC_Br6522_ANT_MID	spatialDLPFC::Br6522	primary_expansion	SDLPFC_Br6522_ANT_MID	forward	balanced_ot	0.25		main21	heldout_expression_loss	endpoint_response	1500	0.28455331046813803	0.15216825638540815	0.1326015471034125	0.18528115226958308	0.37142854849187196	0.14474971285073474	0.16175879417596936
spatialDLPFC	within_donor_adjacent_position	SDLPFC_Br6522_ANT_MID	spatialDLPFC::Br6522	primary_expansion	SDLPFC_Br6522_ANT_MID	forward	balanced_ot	0.25		main21	heldout_expression_loss	source_boundary_proximity	1500	0.09944743104231618	0.17769235394212834	0.1326015471034125	0.18528115226958308	0.8559442823552509	0.17985443543454596	0.18220446712404362
spatialDLPFC	within_donor_adjacent_position	SDLPFC_Br6522_ANT_MID	spatialDLPFC::Br6522	primary_expansion	SDLPFC_Br6522_ANT_MID__reverse	reverse	uot	0.25	2.0	main21	heldout_expression_loss	finite_response_h001	1500	0.545232974770211	0.12608125791960975	0.11597130094769825	0.1583255965405946	0.23869968394910895	0.12142366293855238	0.13677040751960823
spatialDLPFC	within_donor_adjacent_position	SDLPFC_Br6522_ANT_MID	spatialDLPFC::Br6522	primary_expansion	SDLPFC_Br6522_ANT_MID__reverse	reverse	uot	0.25	2.0	main21	heldout_expression_loss	local_reference	1500	0.5457455367757943	0.12607769629523233	0.11597130094769825	0.1583255965405946	0.23861559272937394	0.12142366293855238	0.13677040751960823
spatialDLPFC	within_donor_adjacent_position	SDLPFC_Br6522_ANT_MID	spatialDLPFC::Br6522	primary_expansion	SDLPFC_Br6522_ANT_MID__reverse	reverse	uot	0.25	2.0	main21	heldout_expression_loss	endpoint_response	1500	0.5022418054408025	0.12708342138024856	0.11597130094769825	0.1583255965405946	0.26236112009413337	0.12239837499518055	0.1367929650921725
spatialDLPFC	within_donor_adjacent_position	SDLPFC_Br6522_ANT_MID	spatialDLPFC::Br6522	primary_expansion	SDLPFC_Br6522_ANT_MID__reverse	reverse	uot	0.25	2.0	main21	heldout_expression_loss	source_boundary_proximity	1500	-0.09736298839649184	0.1590479723018438	0.11597130094769825	0.1583255965405946	1.0170555489387092	0.15877062960786592	0.15724922686516374
spatialDLPFC	within_donor_adjacent_position	SDLPFC_Br6522_ANT_MID	spatialDLPFC::Br6522	primary_expansion	SDLPFC_Br6522_ANT_MID__reverse	reverse	row_softmax	0.25		main21	heldout_expression_loss	finite_response_h001	1500	-0.40339668062074696	0.1756600229829973	0.1133581254412429	0.15809306046207305	1.3926900198411922	0.17148747028100345	0.16505888335783084
spatialDLPFC	within_donor_adjacent_position	SDLPFC_Br6522_ANT_MID	spatialDLPFC::Br6522	primary_expansion	SDLPFC_Br6522_ANT_MID__reverse	reverse	row_softmax	0.25		main21	heldout_expression_loss	local_reference	1500	-0.40278198879199506	0.17561912679757863	0.1133581254412429	0.15809306046207305	1.3917758308432733	0.17145023988908664	0.16505888335783087
spatialDLPFC	within_donor_adjacent_position	SDLPFC_Br6522_ANT_MID	spatialDLPFC::Br6522	primary_expansion	SDLPFC_Br6522_ANT_MID__reverse	reverse	row_softmax	0.25		main21	heldout_expression_loss	endpoint_response	1500	-0.4828238056994692	0.17926668797126033	0.1133581254412429	0.15809306046207305	1.473313027040904	0.17435887830895422	0.16586118959482204
spatialDLPFC	within_donor_adjacent_position	SDLPFC_Br6522_ANT_MID	spatialDLPFC::Br6522	primary_expansion	SDLPFC_Br6522_ANT_MID__reverse	reverse	row_softmax	0.25		main21	heldout_expression_loss	source_boundary_proximity	1500	-0.0938984613589556	0.1586800949361306	0.1133581254412429	0.15809306046207305	1.0131225064657905	0.15845387208660178	0.15693054738353185
spatialDLPFC	within_donor_adjacent_position	SDLPFC_Br6522_ANT_MID	spatialDLPFC::Br6522	primary_expansion	SDLPFC_Br6522_ANT_MID__reverse	reverse	balanced_ot	0.25		main21	heldout_expression_loss	finite_response_h001	1500	0.33243839130595165	0.13164661832714353	0.11690656283466425	0.15885328188108275	0.3513994855275294	0.12566422711033276	0.1400953826400439
spatialDLPFC	within_donor_adjacent_position	SDLPFC_Br6522_ANT_MID	spatialDLPFC::Br6522	primary_expansion	SDLPFC_Br6522_ANT_MID__reverse	reverse	balanced_ot	0.25		main21	heldout_expression_loss	local_reference	1500	0.3328627612723383	0.13164298209614878	0.11690656283466425	0.15885328188108275	0.35131279862859155	0.12566422711033276	0.1400953826400439
spatialDLPFC	within_donor_adjacent_position	SDLPFC_Br6522_ANT_MID	spatialDLPFC::Br6522	primary_expansion	SDLPFC_Br6522_ANT_MID__reverse	reverse	balanced_ot	0.25		main21	heldout_expression_loss	endpoint_response	1500	0.30465036828905256	0.1320345986026112	0.11690656283466425	0.15885328188108275	0.3606488448168297	0.12670732873186472	0.14022695732667723
spatialDLPFC	within_donor_adjacent_position	SDLPFC_Br6522_ANT_MID	spatialDLPFC::Br6522	primary_expansion	SDLPFC_Br6522_ANT_MID__reverse	reverse	balanced_ot	0.25		main21	heldout_expression_loss	source_boundary_proximity	1500	-0.09632740421088203	0.15954692530232567	0.11690656283466425	0.15885328188108275	1.0165362974032686	0.15926983498745714	0.15776673703047395
spatialDLPFC	within_donor_adjacent_position	SDLPFC_Br8325_ANT_MID	spatialDLPFC::Br8325	primary_expansion	SDLPFC_Br8325_ANT_MID	forward	uot	0.25	2.0	main21	heldout_expression_loss	finite_response_h001	1500	0.8301660898515956	0.25621104347347917	0.25120744511210585	0.3044222417415702	0.09402644900089485	0.2592406689833094	0.2797997193343322
spatialDLPFC	within_donor_adjacent_position	SDLPFC_Br8325_ANT_MID	spatialDLPFC::Br8325	primary_expansion	SDLPFC_Br8325_ANT_MID	forward	uot	0.25	2.0	main21	heldout_expression_loss	local_reference	1500	0.8303836472816211	0.256203332488063	0.25120744511210585	0.3044222417415702	0.09388154596819365	0.2592406689833094	0.2797997193343322
spatialDLPFC	within_donor_adjacent_position	SDLPFC_Br8325_ANT_MID	spatialDLPFC::Br8325	primary_expansion	SDLPFC_Br8325_ANT_MID	forward	uot	0.25	2.0	main21	heldout_expression_loss	endpoint_response	1500	0.8125801087022705	0.2569417660793353	0.25120744511210585	0.3044222417415702	0.10775801713868442	0.25925596177362126	0.2795841292554968
spatialDLPFC	within_donor_adjacent_position	SDLPFC_Br8325_ANT_MID	spatialDLPFC::Br8325	primary_expansion	SDLPFC_Br8325_ANT_MID	forward	uot	0.25	2.0	main21	heldout_expression_loss	source_boundary_proximity	1500	-0.10098541961099487	0.3058295173231812	0.25120744511210585	0.3044222417415702	1.0264451932685172	0.3024002934119434	0.3012803132833113
spatialDLPFC	within_donor_adjacent_position	SDLPFC_Br8325_ANT_MID	spatialDLPFC::Br8325	primary_expansion	SDLPFC_Br8325_ANT_MID	forward	row_softmax	0.25		main21	heldout_expression_loss	finite_response_h001	1500	-0.7911864067495142	0.3426405814225237	0.2526496008677611	0.30674880533099813	1.6634436947389073	0.33202118924865603	0.3203276686913318
spatialDLPFC	within_donor_adjacent_position	SDLPFC_Br8325_ANT_MID	spatialDLPFC::Br8325	primary_expansion	SDLPFC_Br8325_ANT_MID	forward	row_softmax	0.25		main21	heldout_expression_loss	local_reference	1500	-0.7913273277010345	0.3426491051029457	0.2526496008677611	0.30674880533099813	1.6636012512225304	0.3320211892486561	0.32032766869133183
spatialDLPFC	within_donor_adjacent_position	SDLPFC_Br8325_ANT_MID	spatialDLPFC::Br8325	primary_expansion	SDLPFC_Br8325_ANT_MID	forward	row_softmax	0.25		main21	heldout_expression_loss	endpoint_response	1500	-0.7795214984539994	0.3417312590777136	0.2526496008677611	0.30674880533099813	1.646635271143178	0.33226301372505895	0.3197333184477892
spatialDLPFC	within_donor_adjacent_position	SDLPFC_Br8325_ANT_MID	spatialDLPFC::Br8325	primary_expansion	SDLPFC_Br8325_ANT_MID	forward	row_softmax	0.25		main21	heldout_expression_loss	source_boundary_proximity	1500	-0.10109535944047185	0.3080665172697443	0.2526496008677611	0.30674880533099813	1.0243573256172673	0.30458291833510337	0.3034916055349829
spatialDLPFC	within_donor_adjacent_position	SDLPFC_Br8325_ANT_MID	spatialDLPFC::Br8325	primary_expansion	SDLPFC_Br8325_ANT_MID	forward	balanced_ot	0.25		main21	heldout_expression_loss	finite_response_h001	1500	0.3858306994803109	0.27393011280244084	0.25106025176132446	0.30414548827406807	0.43081396153573237	0.2719576261526737	0.2808886927374738
spatialDLPFC	within_donor_adjacent_position	SDLPFC_Br8325_ANT_MID	spatialDLPFC::Br8325	primary_expansion	SDLPFC_Br8325_ANT_MID	forward	balanced_ot	0.25		main21	heldout_expression_loss	local_reference	1500	0.38598428532634904	0.27392729483149353	0.25106025176132446	0.30414548827406807	0.430760877644006	0.2719576261526737	0.2808886927374738
spatialDLPFC	within_donor_adjacent_position	SDLPFC_Br8325_ANT_MID	spatialDLPFC::Br8325	primary_expansion	SDLPFC_Br8325_ANT_MID	forward	balanced_ot	0.25		main21	heldout_expression_loss	endpoint_response	1500	0.3745837682594526	0.27458418305664145	0.25106025176132446	0.30414548827406807	0.4431350944376004	0.2724200845875406	0.28189237018135455
spatialDLPFC	within_donor_adjacent_position	SDLPFC_Br8325_ANT_MID	spatialDLPFC::Br8325	primary_expansion	SDLPFC_Br8325_ANT_MID	forward	balanced_ot	0.25		main21	heldout_expression_loss	source_boundary_proximity	1500	-0.10097279557954136	0.305551909217341	0.25106025176132446	0.30414548827406807	1.0264936361908323	0.302132567290512	0.301014240805479
spatialDLPFC	within_donor_adjacent_position	SDLPFC_Br8325_ANT_MID	spatialDLPFC::Br8325	primary_expansion	SDLPFC_Br8325_ANT_MID__reverse	reverse	uot	0.25	2.0	main21	heldout_expression_loss	finite_response_h001	1500	0.672575474033544	0.27444086282456187	0.2667193748187427	0.3079921349684713	0.18708436212667387	0.2738776975242253	0.2871764806945685
spatialDLPFC	within_donor_adjacent_position	SDLPFC_Br8325_ANT_MID	spatialDLPFC::Br8325	primary_expansion	SDLPFC_Br8325_ANT_MID__reverse	reverse	uot	0.25	2.0	main21	heldout_expression_loss	local_reference	1500	0.6728198936977307	0.2744361176524214	0.2667193748187427	0.3079921349684713	0.18696939108710003	0.2738776975242253	0.2871764806945685
spatialDLPFC	within_donor_adjacent_position	SDLPFC_Br8325_ANT_MID	spatialDLPFC::Br8325	primary_expansion	SDLPFC_Br8325_ANT_MID__reverse	reverse	uot	0.25	2.0	main21	heldout_expression_loss	endpoint_response	1500	0.649887279061013	0.27511018234678203	0.2667193748187427	0.3079921349684713	0.2033013420376857	0.2738776975242253	0.28718753571012373
spatialDLPFC	within_donor_adjacent_position	SDLPFC_Br8325_ANT_MID	spatialDLPFC::Br8325	primary_expansion	SDLPFC_Br8325_ANT_MID__reverse	reverse	uot	0.25	2.0	main21	heldout_expression_loss	source_boundary_proximity	1500	0.2537011573126935	0.29152972069088384	0.2667193748187427	0.3079921349684713	0.6011312493309053	0.2912780841737163	0.2968464195751415
spatialDLPFC	within_donor_adjacent_position	SDLPFC_Br8325_ANT_MID	spatialDLPFC::Br8325	primary_expansion	SDLPFC_Br8325_ANT_MID__reverse	reverse	row_softmax	0.25		main21	heldout_expression_loss	finite_response_h001	1500	-0.6991148031621348	0.3303680109081859	0.2632896429043744	0.3054686554168628	1.5903257095919654	0.3248457697722414	0.3160349712174953
spatialDLPFC	within_donor_adjacent_position	SDLPFC_Br8325_ANT_MID	spatialDLPFC::Br8325	primary_expansion	SDLPFC_Br8325_ANT_MID__reverse	reverse	row_softmax	0.25		main21	heldout_expression_loss	local_reference	1500	-0.6994860744382554	0.33039148007289554	0.2632896429043744	0.3054686554168628	1.5908821276613236	0.32493254978811204	0.31603497121749524
spatialDLPFC	within_donor_adjacent_position	SDLPFC_Br8325_ANT_MID	spatialDLPFC::Br8325	primary_expansion	SDLPFC_Br8325_ANT_MID__reverse	reverse	row_softmax	0.25		main21	heldout_expression_loss	endpoint_response	1500	-0.6652952112423162	0.3279280481078856	0.2632896429043744	0.3054686554168628	1.532477916223691	0.3217572578528653	0.3143677614017219
spatialDLPFC	within_donor_adjacent_position	SDLPFC_Br8325_ANT_MID	spatialDLPFC::Br8325	primary_expansion	SDLPFC_Br8325_ANT_MID__reverse	reverse	row_softmax	0.25		main21	heldout_expression_loss	source_boundary_proximity	1500	0.2639348023280645	0.288245637955601	0.2632896429043744	0.3054686554168628	0.5916685470964402	0.2880212831168297	0.29388860714114423
spatialDLPFC	within_donor_adjacent_position	SDLPFC_Br8325_ANT_MID	spatialDLPFC::Br8325	primary_expansion	SDLPFC_Br8325_ANT_MID__reverse	reverse	balanced_ot	0.25		main21	heldout_expression_loss	finite_response_h001	1500	0.3054101090711596	0.2872658242061119	0.26734902075814426	0.30850099072634546	0.483981774465662	0.28476330452556897	0.2884424827950853
spatialDLPFC	within_donor_adjacent_position	SDLPFC_Br8325_ANT_MID	spatialDLPFC::Br8325	primary_expansion	SDLPFC_Br8325_ANT_MID__reverse	reverse	balanced_ot	0.25		main21	heldout_expression_loss	local_reference	1500	0.30554391890840843	0.2872672807070632	0.26734902075814426	0.30850099072634546	0.484017167691124	0.28476330452556897	0.2884424827950853
spatialDLPFC	within_donor_adjacent_position	SDLPFC_Br8325_ANT_MID	spatialDLPFC::Br8325	primary_expansion	SDLPFC_Br8325_ANT_MID__reverse	reverse	balanced_ot	0.25		main21	heldout_expression_loss	endpoint_response	1500	0.2938324363699717	0.2877826116119857	0.26734902075814426	0.30850099072634546	0.4965397979642485	0.2854706364578118	0.2884474995471029
spatialDLPFC	within_donor_adjacent_position	SDLPFC_Br8325_ANT_MID	spatialDLPFC::Br8325	primary_expansion	SDLPFC_Br8325_ANT_MID__reverse	reverse	balanced_ot	0.25		main21	heldout_expression_loss	source_boundary_proximity	1500	0.2520311641518916	0.2921516072224653	0.26734902075814426	0.30850099072634546	0.6027071482479796	0.2918926658277897	0.2974165660555249
spatialDLPFC	within_donor_adjacent_position	SDLPFC_Br8492_ANT_MID	spatialDLPFC::Br8492	primary_expansion	SDLPFC_Br8492_ANT_MID	forward	uot	0.25	2.0	main21	heldout_expression_loss	finite_response_h001	1500	0.8808237443661087	0.22441082087022213	0.22067373950525107	0.2590461649995159	0.09738976144548395	0.2297926302341067	0.2423498159159517
spatialDLPFC	within_donor_adjacent_position	SDLPFC_Br8492_ANT_MID	spatialDLPFC::Br8492	primary_expansion	SDLPFC_Br8492_ANT_MID	forward	uot	0.25	2.0	main21	heldout_expression_loss	local_reference	1500	0.8808289177017413	0.22441082087022213	0.22067373950525107	0.2590461649995159	0.09738976144548395	0.2297926302341067	0.2423498159159517
spatialDLPFC	within_donor_adjacent_position	SDLPFC_Br8492_ANT_MID	spatialDLPFC::Br8492	primary_expansion	SDLPFC_Br8492_ANT_MID	forward	uot	0.25	2.0	main21	heldout_expression_loss	endpoint_response	1500	0.8805619166941853	0.22440776420300557	0.22067373950525107	0.2590461649995159	0.09731010353548246	0.2297899518844516	0.24234981591595164
spatialDLPFC	within_donor_adjacent_position	SDLPFC_Br8492_ANT_MID	spatialDLPFC::Br8492	primary_expansion	SDLPFC_Br8492_ANT_MID	forward	uot	0.25	2.0	main21	heldout_expression_loss	source_boundary_proximity	1500	-0.16504058086004672	0.2623050144556011	0.22067373950525107	0.2590461649995159	1.0849268560459464	0.2596181918036494	0.25839982199183087
spatialDLPFC	within_donor_adjacent_position	SDLPFC_Br8492_ANT_MID	spatialDLPFC::Br8492	primary_expansion	SDLPFC_Br8492_ANT_MID	forward	row_softmax	0.25		main21	heldout_expression_loss	finite_response_h001	1500	-0.8097654976735547	0.2860427897876941	0.21963621434295474	0.25836231284104155	1.7147757719001837	0.27928471616119716	0.2688883962708529
spatialDLPFC	within_donor_adjacent_position	SDLPFC_Br8492_ANT_MID	spatialDLPFC::Br8492	primary_expansion	SDLPFC_Br8492_ANT_MID	forward	row_softmax	0.25		main21	heldout_expression_loss	local_reference	1500	-0.8097969785764351	0.28604355408974996	0.21963621434295474	0.25836231284104155	1.7147955079976867	0.27928471616119716	0.2688883962708529
spatialDLPFC	within_donor_adjacent_position	SDLPFC_Br8492_ANT_MID	spatialDLPFC::Br8492	primary_expansion	SDLPFC_Br8492_ANT_MID	forward	row_softmax	0.25		main21	heldout_expression_loss	endpoint_response	1500	-0.8037175234300103	0.28567266350602316	0.21963621434295474	0.25836231284104155	1.7052182307063757	0.27875195705122735	0.2684595008683824
spatialDLPFC	within_donor_adjacent_position	SDLPFC_Br8492_ANT_MID	spatialDLPFC::Br8492	primary_expansion	SDLPFC_Br8492_ANT_MID	forward	row_softmax	0.25		main21	heldout_expression_loss	source_boundary_proximity	1500	-0.16934923312866001	0.2618100450504309	0.21963621434295474	0.25836231284104155	1.0890286484593754	0.2590556369159562	0.25776939627043133
spatialDLPFC	within_donor_adjacent_position	SDLPFC_Br8492_ANT_MID	spatialDLPFC::Br8492	primary_expansion	SDLPFC_Br8492_ANT_MID	forward	balanced_ot	0.25		main21	heldout_expression_loss	finite_response_h001	1500	0.620721029653791	0.23227118966244825	0.22086720364051823	0.2591822691679408	0.29763712693556654	0.2332473879882273	0.24318554673631645
spatialDLPFC	within_donor_adjacent_position	SDLPFC_Br8492_ANT_MID	spatialDLPFC::Br8492	primary_expansion	SDLPFC_Br8492_ANT_MID	forward	balanced_ot	0.25		main21	heldout_expression_loss	local_reference	1500	0.6207556714469652	0.23226595948050277	0.22086720364051823	0.2591822691679408	0.29750062235509706	0.2332473879882273	0.24318554673631645
spatialDLPFC	within_donor_adjacent_position	SDLPFC_Br8492_ANT_MID	spatialDLPFC::Br8492	primary_expansion	SDLPFC_Br8492_ANT_MID	forward	balanced_ot	0.25		main21	heldout_expression_loss	endpoint_response	1500	0.6204785371015721	0.23233517123921202	0.22086720364051823	0.2591822691679408	0.2993070073307331	0.23316179505103557	0.24336238363160007
spatialDLPFC	within_donor_adjacent_position	SDLPFC_Br8492_ANT_MID	spatialDLPFC::Br8492	primary_expansion	SDLPFC_Br8492_ANT_MID	forward	balanced_ot	0.25		main21	heldout_expression_loss	source_boundary_proximity	1500	-0.16424471436173793	0.26240800913292306	0.22086720364051823	0.2591822691679408	1.0841898590170378	0.25973275912959776	0.2585252972323587
spatialDLPFC	within_donor_adjacent_position	SDLPFC_Br8492_ANT_MID	spatialDLPFC::Br8492	primary_expansion	SDLPFC_Br8492_ANT_MID__reverse	reverse	uot	0.25	2.0	main21	heldout_expression_loss	finite_response_h001	1500	0.8207906083513815	0.20596606946328377	0.20269896396827083	0.23631999957057936	0.09717444559585814	0.20842620795471312	0.21955738769335675
spatialDLPFC	within_donor_adjacent_position	SDLPFC_Br8492_ANT_MID	spatialDLPFC::Br8492	primary_expansion	SDLPFC_Br8492_ANT_MID__reverse	reverse	uot	0.25	2.0	main21	heldout_expression_loss	local_reference	1500	0.8207483683326083	0.20596420078812266	0.20269896396827083	0.23631999957057936	0.09711886506040962	0.20842620795471312	0.21955738769335675
spatialDLPFC	within_donor_adjacent_position	SDLPFC_Br8492_ANT_MID	spatialDLPFC::Br8492	primary_expansion	SDLPFC_Br8492_ANT_MID__reverse	reverse	uot	0.25	2.0	main21	heldout_expression_loss	endpoint_response	1500	0.8250880324835702	0.2058596101615272	0.20269896396827083	0.23631999957057936	0.09400799638186493	0.20842620795471306	0.21956815531949592
spatialDLPFC	within_donor_adjacent_position	SDLPFC_Br8492_ANT_MID	spatialDLPFC::Br8492	primary_expansion	SDLPFC_Br8492_ANT_MID__reverse	reverse	uot	0.25	2.0	main21	heldout_expression_loss	source_boundary_proximity	1500	0.4646956847329314	0.21676862126309906	0.20269896396827083	0.23631999957057936	0.41847780839511567	0.21971669157424784	0.22571914141527874
spatialDLPFC	within_donor_adjacent_position	SDLPFC_Br8492_ANT_MID	spatialDLPFC::Br8492	primary_expansion	SDLPFC_Br8492_ANT_MID__reverse	reverse	row_softmax	0.25		main21	heldout_expression_loss	finite_response_h001	1500	-0.7031717294096577	0.2565421524441218	0.20233852918576112	0.23625304409094966	1.5982426229563482	0.2533143295897244	0.2453262881218866
spatialDLPFC	within_donor_adjacent_position	SDLPFC_Br8492_ANT_MID	spatialDLPFC::Br8492	primary_expansion	SDLPFC_Br8492_ANT_MID__reverse	reverse	row_softmax	0.25		main21	heldout_expression_loss	local_reference	1500	-0.7027431389969507	0.25652317420176873	0.20233852918576112	0.23625304409094966	1.5976830323973754	0.25331432958972444	0.24532628812188667
spatialDLPFC	within_donor_adjacent_position	SDLPFC_Br8492_ANT_MID	spatialDLPFC::Br8492	primary_expansion	SDLPFC_Br8492_ANT_MID__reverse	reverse	row_softmax	0.25		main21	heldout_expression_loss	endpoint_response	1500	-0.7550941809307471	0.25790515326584185	0.20233852918576112	0.23625304409094966	1.6384319290847251	0.2540159951553164	0.24574165944638005
spatialDLPFC	within_donor_adjacent_position	SDLPFC_Br8492_ANT_MID	spatialDLPFC::Br8492	primary_expansion	SDLPFC_Br8492_ANT_MID__reverse	reverse	row_softmax	0.25		main21	heldout_expression_loss	source_boundary_proximity	1500	0.463690932482448	0.21656144866943655	0.20233852918576112	0.23625304409094966	0.41937558368259265	0.21954382985818957	0.22558540910812405
spatialDLPFC	within_donor_adjacent_position	SDLPFC_Br8492_ANT_MID	spatialDLPFC::Br8492	primary_expansion	SDLPFC_Br8492_ANT_MID__reverse	reverse	balanced_ot	0.25		main21	heldout_expression_loss	finite_response_h001	1500	0.5283295325909034	0.2129340949941602	0.2027738835232266	0.23634880166366962	0.30261314200182693	0.2111771678762808	0.21953489186857367
spatialDLPFC	within_donor_adjacent_position	SDLPFC_Br8492_ANT_MID	spatialDLPFC::Br8492	primary_expansion	SDLPFC_Br8492_ANT_MID__reverse	reverse	balanced_ot	0.25		main21	heldout_expression_loss	local_reference	1500	0.5283554917135519	0.21292813667631297	0.2027738835232266	0.23634880166366962	0.30243567863997156	0.2111771678762808	0.21953489186857367
spatialDLPFC	within_donor_adjacent_position	SDLPFC_Br8492_ANT_MID	spatialDLPFC::Br8492	primary_expansion	SDLPFC_Br8492_ANT_MID__reverse	reverse	balanced_ot	0.25		main21	heldout_expression_loss	endpoint_response	1500	0.5273376743722998	0.2129533856198772	0.2027738835232266	0.23634880166366962	0.30318769666302725	0.21150149175815536	0.21950428097051297
spatialDLPFC	within_donor_adjacent_position	SDLPFC_Br8492_ANT_MID	spatialDLPFC::Br8492	primary_expansion	SDLPFC_Br8492_ANT_MID__reverse	reverse	balanced_ot	0.25		main21	heldout_expression_loss	source_boundary_proximity	1500	0.4649805475301971	0.21681334368294258	0.2027738835232266	0.23634880166366962	0.41815322083554424	0.21975601266314912	0.22575417361080677
spatialDLPFC	within_donor_adjacent_position	SDLPFC_Br8667_ANT_MID	spatialDLPFC::Br8667	primary_expansion	SDLPFC_Br8667_ANT_MID	forward	uot	0.25	2.0	main21	heldout_expression_loss	finite_response_h001	1500	0.8502122854276825	0.23132053760246285	0.2278648772908141	0.28710783033028486	0.05833031836455584	0.23654661472459224	0.2596482295299669
spatialDLPFC	within_donor_adjacent_position	SDLPFC_Br8667_ANT_MID	spatialDLPFC::Br8667	primary_expansion	SDLPFC_Br8667_ANT_MID	forward	uot	0.25	2.0	main21	heldout_expression_loss	local_reference	1500	0.8504740028773347	0.23131415378683057	0.2278648772908141	0.28710783033028486	0.05822256182466781	0.23654661472459224	0.2596482295299669
spatialDLPFC	within_donor_adjacent_position	SDLPFC_Br8667_ANT_MID	spatialDLPFC::Br8667	primary_expansion	SDLPFC_Br8667_ANT_MID	forward	uot	0.25	2.0	main21	heldout_expression_loss	endpoint_response	1500	0.8208265799229245	0.23191310762179396	0.2278648772908141	0.28710783033028486	0.06833268976789061	0.2365466147245922	0.25972348520445254
spatialDLPFC	within_donor_adjacent_position	SDLPFC_Br8667_ANT_MID	spatialDLPFC::Br8667	primary_expansion	SDLPFC_Br8667_ANT_MID	forward	uot	0.25	2.0	main21	heldout_expression_loss	source_boundary_proximity	1500	-0.10537686139936472	0.29155811960675965	0.2278648772908141	0.28710783033028486	1.0751193019279401	0.2905330711321908	0.28518824360154876
spatialDLPFC	within_donor_adjacent_position	SDLPFC_Br8667_ANT_MID	spatialDLPFC::Br8667	primary_expansion	SDLPFC_Br8667_ANT_MID	forward	row_softmax	0.25		main21	heldout_expression_loss	finite_response_h001	1500	-0.7250513266894787	0.323006272830605	0.22818126097413438	0.2882590734766499	1.578369915723882	0.3142123636291894	0.30176913486817225
spatialDLPFC	within_donor_adjacent_position	SDLPFC_Br8667_ANT_MID	spatialDLPFC::Br8667	primary_expansion	SDLPFC_Br8667_ANT_MID	forward	row_softmax	0.25		main21	heldout_expression_loss	local_reference	1500	-0.7244753726557213	0.32297510579263305	0.22818126097413438	0.2882590734766499	1.5778511378810527	0.31421236362918936	0.3017691348681722
spatialDLPFC	within_donor_adjacent_position	SDLPFC_Br8667_ANT_MID	spatialDLPFC::Br8667	primary_expansion	SDLPFC_Br8667_ANT_MID	forward	row_softmax	0.25		main21	heldout_expression_loss	endpoint_response	1500	-0.789853307490359	0.32673044853821515	0.22818126097413438	0.2882590734766499	1.6403591186006379	0.31725746738246224	0.30253456511814325
spatialDLPFC	within_donor_adjacent_position	SDLPFC_Br8667_ANT_MID	spatialDLPFC::Br8667	primary_expansion	SDLPFC_Br8667_ANT_MID	forward	row_softmax	0.25		main21	heldout_expression_loss	source_boundary_proximity	1500	-0.10215219954910852	0.29262386076829333	0.22818126097413438	0.2882590734766499	1.0726522339917195	0.2915974000476444	0.28624122645483907
spatialDLPFC	within_donor_adjacent_position	SDLPFC_Br8667_ANT_MID	spatialDLPFC::Br8667	primary_expansion	SDLPFC_Br8667_ANT_MID	forward	balanced_ot	0.25		main21	heldout_expression_loss	finite_response_h001	1500	0.3890049017799564	0.25054445539349907	0.2278426191345002	0.28700226873012435	0.3837385179623856	0.24467466700690554	0.26151436912451853
spatialDLPFC	within_donor_adjacent_position	SDLPFC_Br8667_ANT_MID	spatialDLPFC::Br8667	primary_expansion	SDLPFC_Br8667_ANT_MID	forward	balanced_ot	0.25		main21	heldout_expression_loss	local_reference	1500	0.38935593482486	0.2505404277835665	0.2278426191345002	0.28700226873012435	0.38367043760761516	0.2446746670069056	0.2615143691245186
spatialDLPFC	within_donor_adjacent_position	SDLPFC_Br8667_ANT_MID	spatialDLPFC::Br8667	primary_expansion	SDLPFC_Br8667_ANT_MID	forward	balanced_ot	0.25		main21	heldout_expression_loss	endpoint_response	1500	0.3694932486636661	0.25171602562391554	0.2278426191345002	0.28700226873012435	0.40354205362266327	0.24699486709687335	0.2616002970838227
spatialDLPFC	within_donor_adjacent_position	SDLPFC_Br8667_ANT_MID	spatialDLPFC::Br8667	primary_expansion	SDLPFC_Br8667_ANT_MID	forward	balanced_ot	0.25		main21	heldout_expression_loss	source_boundary_proximity	1500	-0.10564724055655952	0.29146170021070206	0.2278426191345002	0.28700226873012435	1.0753796128114246	0.2904379478620228	0.2850941452001542
spatialDLPFC	within_donor_adjacent_position	SDLPFC_Br8667_ANT_MID	spatialDLPFC::Br8667	primary_expansion	SDLPFC_Br8667_ANT_MID__reverse	reverse	uot	0.25	2.0	main21	heldout_expression_loss	finite_response_h001	1500	0.558276770789676	0.16206227360921333	0.1527721865178454	0.18647634321682116	0.27563624197279607	0.16254172350729018	0.16822161756550263
spatialDLPFC	within_donor_adjacent_position	SDLPFC_Br8667_ANT_MID	spatialDLPFC::Br8667	primary_expansion	SDLPFC_Br8667_ANT_MID__reverse	reverse	uot	0.25	2.0	main21	heldout_expression_loss	local_reference	1500	0.5587901754623003	0.16205047930847638	0.1527721865178454	0.18647634321682116	0.27528630588502256	0.16254172350729018	0.16822161756550263
spatialDLPFC	within_donor_adjacent_position	SDLPFC_Br8667_ANT_MID	spatialDLPFC::Br8667	primary_expansion	SDLPFC_Br8667_ANT_MID__reverse	reverse	uot	0.25	2.0	main21	heldout_expression_loss	endpoint_response	1500	0.5077836496816222	0.16324009298677314	0.1527721865178454	0.18647634321682116	0.3105820615071447	0.16314682878266631	0.16822161756550266
spatialDLPFC	within_donor_adjacent_position	SDLPFC_Br8667_ANT_MID	spatialDLPFC::Br8667	primary_expansion	SDLPFC_Br8667_ANT_MID__reverse	reverse	uot	0.25	2.0	main21	heldout_expression_loss	source_boundary_proximity	1500	-0.13745489018543278	0.18671084953094685	0.1527721865178454	0.18647634321682116	1.006957786133626	0.18519596980734992	0.18569602255193227
spatialDLPFC	within_donor_adjacent_position	SDLPFC_Br8667_ANT_MID	spatialDLPFC::Br8667	primary_expansion	SDLPFC_Br8667_ANT_MID__reverse	reverse	row_softmax	0.25		main21	heldout_expression_loss	finite_response_h001	1500	-0.2670116955607536	0.19571149582892475	0.15154594771092553	0.18718932459437282	1.2390955060857212	0.1934856140575087	0.18988710285053706
spatialDLPFC	within_donor_adjacent_position	SDLPFC_Br8667_ANT_MID	spatialDLPFC::Br8667	primary_expansion	SDLPFC_Br8667_ANT_MID__reverse	reverse	row_softmax	0.25		main21	heldout_expression_loss	local_reference	1500	-0.2668356030380458	0.1957109579395516	0.15154594771092553	0.18718932459437282	1.2390804152211572	0.19348561405750864	0.1898851445081154
spatialDLPFC	within_donor_adjacent_position	SDLPFC_Br8667_ANT_MID	spatialDLPFC::Br8667	primary_expansion	SDLPFC_Br8667_ANT_MID__reverse	reverse	row_softmax	0.25		main21	heldout_expression_loss	endpoint_response	1500	-0.34158804870579945	0.19592943313173175	0.15154594771092553	0.18718932459437282	1.2452098903518263	0.19207158169348942	0.1899810218804598
spatialDLPFC	within_donor_adjacent_position	SDLPFC_Br8667_ANT_MID	spatialDLPFC::Br8667	primary_expansion	SDLPFC_Br8667_ANT_MID__reverse	reverse	row_softmax	0.25		main21	heldout_expression_loss	source_boundary_proximity	1500	-0.13125138792563826	0.18725531801050493	0.15154594771092553	0.18718932459437282	1.0018514916908101	0.1857389767867468	0.18636266716235433
spatialDLPFC	within_donor_adjacent_position	SDLPFC_Br8667_ANT_MID	spatialDLPFC::Br8667	primary_expansion	SDLPFC_Br8667_ANT_MID__reverse	reverse	balanced_ot	0.25		main21	heldout_expression_loss	finite_response_h001	1500	0.36066027051567584	0.167047885047302	0.1533435481158539	0.18674640847851182	0.4102743532337907	0.1645069580752795	0.1689465135010932
spatialDLPFC	within_donor_adjacent_position	SDLPFC_Br8667_ANT_MID	spatialDLPFC::Br8667	primary_expansion	SDLPFC_Br8667_ANT_MID__reverse	reverse	balanced_ot	0.25		main21	heldout_expression_loss	local_reference	1500	0.3608972519543342	0.16703905653588963	0.1533435481158539	0.18674640847851182	0.4100100491796911	0.1645069580752795	0.1689465135010932
spatialDLPFC	within_donor_adjacent_position	SDLPFC_Br8667_ANT_MID	spatialDLPFC::Br8667	primary_expansion	SDLPFC_Br8667_ANT_MID__reverse	reverse	balanced_ot	0.25		main21	heldout_expression_loss	endpoint_response	1500	0.34860206426758417	0.16747465591226984	0.1533435481158539	0.18674640847851182	0.4230508298688558	0.1651209841760525	0.16900468947483938
spatialDLPFC	within_donor_adjacent_position	SDLPFC_Br8667_ANT_MID	spatialDLPFC::Br8667	primary_expansion	SDLPFC_Br8667_ANT_MID__reverse	reverse	balanced_ot	0.25		main21	heldout_expression_loss	source_boundary_proximity	1500	-0.13770618320751654	0.1869862668161805	0.1533435481158539	0.18674640847851182	1.0071807723968702	0.1854768030040389	0.18596231933576665
HER2ST_manual_controlled	within_section_controlled_combined	HER2ST_A1_CONTROLLED	HER2ST::A	manual_truth_controlled	HER2ST_A1_CONTROLLED	forward	balanced_ot	0.25		main21	heldout_expression_loss	finite_response_h001	341	0.7315299201946561	0.1498335465430663	0.1408689650641442	0.18150601132311892	0.22060120762202945	0.15143203767814706	0.16378357940562963
HER2ST_manual_controlled	within_section_controlled_combined	HER2ST_A1_CONTROLLED	HER2ST::A	manual_truth_controlled	HER2ST_A1_CONTROLLED	forward	balanced_ot	0.25		main21	heldout_expression_loss	local_reference	341	0.7315399072115341	0.14982992844538237	0.1408689650641442	0.18150601132311892	0.2205121731567568	0.15143203767814706	0.16378357940562963
HER2ST_manual_controlled	within_section_controlled_combined	HER2ST_A1_CONTROLLED	HER2ST::A	manual_truth_controlled	HER2ST_A1_CONTROLLED	forward	balanced_ot	0.25		main21	heldout_expression_loss	endpoint_response	341	0.7435091956214496	0.14924924983257423	0.1408689650641442	0.18150601132311892	0.20622278290167903	0.1508395384175966	0.16403297037871017
HER2ST_manual_controlled	within_section_controlled_combined	HER2ST_A1_CONTROLLED	HER2ST::A	manual_truth_controlled	HER2ST_A1_CONTROLLED	forward	balanced_ot	0.25		main21	heldout_expression_loss	source_boundary_proximity	341	0.14385908642969636	0.17585046488571815	0.1408689650641442	0.18150601132311892	0.8608278170278743	0.17708293682734974	0.17864294222653065
HER2ST_manual_controlled	within_section_controlled_combined	HER2ST_A1_CONTROLLED	HER2ST::A	manual_truth_controlled	HER2ST_A1_CONTROLLED	forward	uot	0.25	2.0	main21	heldout_expression_loss	finite_response_h001	341	0.7717243341232156	0.1472064210498808	0.14079290380924156	0.18147283437970332	0.15765801835699733	0.14794841417479176	0.16165038673733043
HER2ST_manual_controlled	within_section_controlled_combined	HER2ST_A1_CONTROLLED	HER2ST::A	manual_truth_controlled	HER2ST_A1_CONTROLLED	forward	uot	0.25	2.0	main21	heldout_expression_loss	local_reference	341	0.7716172006694327	0.1472128813159848	0.14079290380924156	0.18147283437970332	0.1578168255627477	0.14794841417479176	0.16165038673733043
HER2ST_manual_controlled	within_section_controlled_combined	HER2ST_A1_CONTROLLED	HER2ST::A	manual_truth_controlled	HER2ST_A1_CONTROLLED	forward	uot	0.25	2.0	main21	heldout_expression_loss	endpoint_response	341	0.772711838246643	0.14688639870258166	0.14079290380924156	0.18147283437970332	0.14979118223384255	0.14765723893008564	0.1594433724279011
HER2ST_manual_controlled	within_section_controlled_combined	HER2ST_A1_CONTROLLED	HER2ST::A	manual_truth_controlled	HER2ST_A1_CONTROLLED	forward	uot	0.25	2.0	main21	heldout_expression_loss	source_boundary_proximity	341	0.1476485633030948	0.17568521118618233	0.14079290380924156	0.18147283437970332	0.857727800604373	0.17694265776504692	0.17854369193512562
HER2ST_manual_controlled	within_section_controlled_combined	HER2ST_A1_CONTROLLED	HER2ST::A	manual_truth_controlled	HER2ST_A1_CONTROLLED	forward	row_softmax	0.25		main21	heldout_expression_loss	finite_response_h001	341	-0.5017350172049064	0.19523813932632744	0.14101163950477075	0.18219179343650674	1.3168114891325449	0.19097543843405637	0.18358053158170176
HER2ST_manual_controlled	within_section_controlled_combined	HER2ST_A1_CONTROLLED	HER2ST::A	manual_truth_controlled	HER2ST_A1_CONTROLLED	forward	row_softmax	0.25		main21	heldout_expression_loss	local_reference	341	-0.5011415462928496	0.19523584962967588	0.14101163950477075	0.18219179343650674	1.3167558871876044	0.19097543843405637	0.18358053158170176
HER2ST_manual_controlled	within_section_controlled_combined	HER2ST_A1_CONTROLLED	HER2ST::A	manual_truth_controlled	HER2ST_A1_CONTROLLED	forward	row_softmax	0.25		main21	heldout_expression_loss	endpoint_response	341	-0.5640086069927276	0.19926705686601892	0.14101163950477075	0.18219179343650674	1.4146478776601397	0.19471280977595043	0.18865981745389526
HER2ST_manual_controlled	within_section_controlled_combined	HER2ST_A1_CONTROLLED	HER2ST::A	manual_truth_controlled	HER2ST_A1_CONTROLLED	forward	row_softmax	0.25		main21	heldout_expression_loss	source_boundary_proximity	341	0.17060454292511157	0.17569925387095645	0.14101163950477075	0.18219179343650674	0.8423381423898287	0.17706231930261637	0.17889764999875638
HER2ST_manual_controlled	within_section_controlled_combined	HER2ST_A1_CONTROLLED	HER2ST::A	manual_truth_controlled	HER2ST_A1_CONTROLLED__reverse	reverse	balanced_ot	0.25		main21	heldout_expression_loss	finite_response_h001	273	0.45106256989039295	0.14636302208864774	0.13219461018897408	0.16659517173498162	0.4118657156431802	0.14468373800269768	0.1544338156084168
HER2ST_manual_controlled	within_section_controlled_combined	HER2ST_A1_CONTROLLED	HER2ST::A	manual_truth_controlled	HER2ST_A1_CONTROLLED__reverse	reverse	balanced_ot	0.25		main21	heldout_expression_loss	local_reference	273	0.45167241517606477	0.14632202482242335	0.13219461018897408	0.16659517173498162	0.4106739541026146	0.14468373800269768	0.1544338156084168
HER2ST_manual_controlled	within_section_controlled_combined	HER2ST_A1_CONTROLLED	HER2ST::A	manual_truth_controlled	HER2ST_A1_CONTROLLED__reverse	reverse	balanced_ot	0.25		main21	heldout_expression_loss	endpoint_response	273	0.4238967344377391	0.1475606540519245	0.13219461018897408	0.16659517173498162	0.44668002998729484	0.1464877937658723	0.1553829891572883
HER2ST_manual_controlled	within_section_controlled_combined	HER2ST_A1_CONTROLLED	HER2ST::A	manual_truth_controlled	HER2ST_A1_CONTROLLED__reverse	reverse	balanced_ot	0.25		main21	heldout_expression_loss	source_boundary_proximity	273	0.031201819380105057	0.16791437274560894	0.13219461018897408	0.16659517173498162	1.03834824059087	0.1683011314519678	0.16788380012714704
HER2ST_manual_controlled	within_section_controlled_combined	HER2ST_A1_CONTROLLED	HER2ST::A	manual_truth_controlled	HER2ST_A1_CONTROLLED__reverse	reverse	uot	0.25	2.0	main21	heldout_expression_loss	finite_response_h001	273	0.7994293169260966	0.13658429050843438	0.13199844834191285	0.16640900696749797	0.13326846031240644	0.1385205444906196	0.14882393814545147
HER2ST_manual_controlled	within_section_controlled_combined	HER2ST_A1_CONTROLLED	HER2ST::A	manual_truth_controlled	HER2ST_A1_CONTROLLED__reverse	reverse	uot	0.25	2.0	main21	heldout_expression_loss	local_reference	273	0.7995112980621784	0.13658429050843438	0.13199844834191285	0.16640900696749797	0.13326846031240644	0.1385205444906196	0.14882393814545147
HER2ST_manual_controlled	within_section_controlled_combined	HER2ST_A1_CONTROLLED	HER2ST::A	manual_truth_controlled	HER2ST_A1_CONTROLLED__reverse	reverse	uot	0.25	2.0	main21	heldout_expression_loss	endpoint_response	273	0.7887947711369782	0.1369690175877158	0.13199844834191285	0.16640900696749797	0.144448955330449	0.13852054449061957	0.14882393814545145
HER2ST_manual_controlled	within_section_controlled_combined	HER2ST_A1_CONTROLLED	HER2ST::A	manual_truth_controlled	HER2ST_A1_CONTROLLED__reverse	reverse	uot	0.25	2.0	main21	heldout_expression_loss	source_boundary_proximity	273	0.030871783404584106	0.1677471250946464	0.13199844834191285	0.16640900696749797	1.0388868469619528	0.1681372851463332	0.16769310127561965
HER2ST_manual_controlled	within_section_controlled_combined	HER2ST_A1_CONTROLLED	HER2ST::A	manual_truth_controlled	HER2ST_A1_CONTROLLED__reverse	reverse	row_softmax	0.25		main21	heldout_expression_loss	finite_response_h001	273	-0.2818063216302804	0.17197535215141294	0.13167332236379262	0.16638132546600354	1.1611739709984368	0.1679672826471416	0.16397632695694622
HER2ST_manual_controlled	within_section_controlled_combined	HER2ST_A1_CONTROLLED	HER2ST::A	manual_truth_controlled	HER2ST_A1_CONTROLLED__reverse	reverse	row_softmax	0.25		main21	heldout_expression_loss	local_reference	273	-0.28116108880385393	0.1719626436540985	0.13167332236379262	0.16638132546600354	1.160807816331543	0.16814524614736498	0.16397632695694622
HER2ST_manual_controlled	within_section_controlled_combined	HER2ST_A1_CONTROLLED	HER2ST::A	manual_truth_controlled	HER2ST_A1_CONTROLLED__reverse	reverse	row_softmax	0.25		main21	heldout_expression_loss	endpoint_response	273	-0.363031933716777	0.17769645207785864	0.13167332236379262	0.16638132546600354	1.3260091506426748	0.17239889291765148	0.1685907328284202
HER2ST_manual_controlled	within_section_controlled_combined	HER2ST_A1_CONTROLLED	HER2ST::A	manual_truth_controlled	HER2ST_A1_CONTROLLED__reverse	reverse	row_softmax	0.25		main21	heldout_expression_loss	source_boundary_proximity	273	0.039412902095479006	0.16744587418314297	0.13167332236379262	0.16638132546600354	1.0306715633856682	0.16791211282097254	0.16747803355895677
HER2ST_manual_controlled	within_section_controlled_combined	HER2ST_B1_CONTROLLED	HER2ST::B	manual_truth_controlled	HER2ST_B1_CONTROLLED	forward	balanced_ot	0.25		main21	heldout_expression_loss	finite_response_h001	269	0.6574901206483074	0.31833652214050195	0.29278722007233193	0.37543558183357606	0.309132589245716	0.3179856133693097	0.35070586551036137
HER2ST_manual_controlled	within_section_controlled_combined	HER2ST_B1_CONTROLLED	HER2ST::B	manual_truth_controlled	HER2ST_B1_CONTROLLED	forward	balanced_ot	0.25		main21	heldout_expression_loss	local_reference	269	0.6576312982793591	0.31833652214050195	0.29278722007233193	0.37543558183357606	0.309132589245716	0.3179856133693097	0.35070586551036137
HER2ST_manual_controlled	within_section_controlled_combined	HER2ST_B1_CONTROLLED	HER2ST::B	manual_truth_controlled	HER2ST_B1_CONTROLLED	forward	balanced_ot	0.25		main21	heldout_expression_loss	endpoint_response	269	0.6443285431578168	0.31999693968590337	0.29278722007233193	0.37543558183357606	0.32922273392635776	0.3191878703439823	0.3507058655103614
HER2ST_manual_controlled	within_section_controlled_combined	HER2ST_B1_CONTROLLED	HER2ST::B	manual_truth_controlled	HER2ST_B1_CONTROLLED	forward	balanced_ot	0.25		main21	heldout_expression_loss	source_boundary_proximity	269	-0.006434563695492295	0.38060068641847905	0.29278722007233193	0.37543558183357606	1.0624949421238865	0.3754291651803495	0.37853315314802766
HER2ST_manual_controlled	within_section_controlled_combined	HER2ST_B1_CONTROLLED	HER2ST::B	manual_truth_controlled	HER2ST_B1_CONTROLLED	forward	uot	0.25	2.0	main21	heldout_expression_loss	finite_response_h001	269	0.8662795070496341	0.3008334039984968	0.29186743573603247	0.3748861032904249	0.10799942382344271	0.3169400345480295	0.347570601564584
HER2ST_manual_controlled	within_section_controlled_combined	HER2ST_B1_CONTROLLED	HER2ST::B	manual_truth_controlled	HER2ST_B1_CONTROLLED	forward	uot	0.25	2.0	main21	heldout_expression_loss	local_reference	269	0.8662788905534287	0.30082596725253014	0.29186743573603247	0.3748861032904249	0.10790984462173153	0.3169400345480295	0.347570601564584
HER2ST_manual_controlled	within_section_controlled_combined	HER2ST_B1_CONTROLLED	HER2ST::B	manual_truth_controlled	HER2ST_B1_CONTROLLED	forward	uot	0.25	2.0	main21	heldout_expression_loss	endpoint_response	269	0.8668423680852243	0.300358723978478	0.29186743573603247	0.3748861032904249	0.10228167341859833	0.3171833043063676	0.3480520301936192
HER2ST_manual_controlled	within_section_controlled_combined	HER2ST_B1_CONTROLLED	HER2ST::B	manual_truth_controlled	HER2ST_B1_CONTROLLED	forward	uot	0.25	2.0	main21	heldout_expression_loss	source_boundary_proximity	269	0.0003150691882327101	0.3795561545988966	0.29186743573603247	0.3748861032904249	1.0562530265305927	0.37455369624797746	0.3777086274663912
HER2ST_manual_controlled	within_section_controlled_combined	HER2ST_B1_CONTROLLED	HER2ST::B	manual_truth_controlled	HER2ST_B1_CONTROLLED	forward	row_softmax	0.25		main21	heldout_expression_loss	finite_response_h001	269	0.004324720881342975	0.3881185757307508	0.2929293212507181	0.3797134197267133	1.0968513374182531	0.39955279823365625	0.40037522423189403
HER2ST_manual_controlled	within_section_controlled_combined	HER2ST_B1_CONTROLLED	HER2ST::B	manual_truth_controlled	HER2ST_B1_CONTROLLED	forward	row_softmax	0.25		main21	heldout_expression_loss	local_reference	269	0.00632155209084688	0.3877396329160036	0.2929293212507181	0.3797134197267133	1.092484836856494	0.39955279823365636	0.40037522423189414
HER2ST_manual_controlled	within_section_controlled_combined	HER2ST_B1_CONTROLLED	HER2ST::B	manual_truth_controlled	HER2ST_B1_CONTROLLED	forward	row_softmax	0.25		main21	heldout_expression_loss	endpoint_response	269	-0.13759393860930785	0.4035360942760131	0.2929293212507181	0.3797134197267133	1.2745050644950728	0.40449038431839285	0.40208605751576487
HER2ST_manual_controlled	within_section_controlled_combined	HER2ST_B1_CONTROLLED	HER2ST::B	manual_truth_controlled	HER2ST_B1_CONTROLLED	forward	row_softmax	0.25		main21	heldout_expression_loss	source_boundary_proximity	269	0.02467774792529548	0.38220432338318744	0.2929293212507181	0.3797134197267133	1.028702304917797	0.37771357199569927	0.3815130199185673
HER2ST_manual_controlled	within_section_controlled_combined	HER2ST_B1_CONTROLLED	HER2ST::B	manual_truth_controlled	HER2ST_B1_CONTROLLED__reverse	reverse	balanced_ot	0.25		main21	heldout_expression_loss	finite_response_h001	215	0.7465092129730253	0.29237081863523207	0.26975046132528835	0.364963991752338	0.2375750296043785	0.30341130875419825	0.3367716872052949
HER2ST_manual_controlled	within_section_controlled_combined	HER2ST_B1_CONTROLLED	HER2ST::B	manual_truth_controlled	HER2ST_B1_CONTROLLED__reverse	reverse	balanced_ot	0.25		main21	heldout_expression_loss	local_reference	215	0.746853341061122	0.2923576082816403	0.26975046132528835	0.364963991752338	0.23743628510522485	0.30341130875419825	0.3367716872052948
HER2ST_manual_controlled	within_section_controlled_combined	HER2ST_B1_CONTROLLED	HER2ST::B	manual_truth_controlled	HER2ST_B1_CONTROLLED__reverse	reverse	balanced_ot	0.25		main21	heldout_expression_loss	endpoint_response	215	0.7139305464995532	0.2971264927951619	0.26975046132528835	0.364963991752338	0.28752249125819795	0.30702191355669484	0.3353579527599954
HER2ST_manual_controlled	within_section_controlled_combined	HER2ST_B1_CONTROLLED	HER2ST::B	manual_truth_controlled	HER2ST_B1_CONTROLLED__reverse	reverse	balanced_ot	0.25		main21	heldout_expression_loss	source_boundary_proximity	215	0.20175595670235436	0.3458810418051203	0.26975046132528835	0.364963991752338	0.7995773304316385	0.3464339810134658	0.3561922699208393
HER2ST_manual_controlled	within_section_controlled_combined	HER2ST_B1_CONTROLLED	HER2ST::B	manual_truth_controlled	HER2ST_B1_CONTROLLED__reverse	reverse	uot	0.25	2.0	main21	heldout_expression_loss	finite_response_h001	215	0.9237025767345264	0.2734966964999537	0.26745459989884984	0.36216515559040485	0.06379538750444246	0.296950556758233	0.33219219543348666
HER2ST_manual_controlled	within_section_controlled_combined	HER2ST_B1_CONTROLLED	HER2ST::B	manual_truth_controlled	HER2ST_B1_CONTROLLED__reverse	reverse	uot	0.25	2.0	main21	heldout_expression_loss	local_reference	215	0.9236675601922287	0.2735012332576594	0.26745459989884984	0.36216515559040485	0.06384328879350791	0.296950556758233	0.33219219543348666
HER2ST_manual_controlled	within_section_controlled_combined	HER2ST_B1_CONTROLLED	HER2ST::B	manual_truth_controlled	HER2ST_B1_CONTROLLED__reverse	reverse	uot	0.25	2.0	main21	heldout_expression_loss	endpoint_response	215	0.9227704122292255	0.2734687850040285	0.26745459989884984	0.36216515559040485	0.06350068438796956	0.29663071457699863	0.3316089207830095
HER2ST_manual_controlled	within_section_controlled_combined	HER2ST_B1_CONTROLLED	HER2ST::B	manual_truth_controlled	HER2ST_B1_CONTROLLED__reverse	reverse	uot	0.25	2.0	main21	heldout_expression_loss	source_boundary_proximity	215	0.19936839085015245	0.34344315932693864	0.26745459989884984	0.36216515559040485	0.8023240796470632	0.34399355797124315	0.35346518622315193
HER2ST_manual_controlled	within_section_controlled_combined	HER2ST_B1_CONTROLLED	HER2ST::B	manual_truth_controlled	HER2ST_B1_CONTROLLED__reverse	reverse	row_softmax	0.25		main21	heldout_expression_loss	finite_response_h001	215	0.43821270738245305	0.33710499096850965	0.26735916412654015	0.36470746786406927	0.7164565191605031	0.3575383642979642	0.36613990791721307
HER2ST_manual_controlled	within_section_controlled_combined	HER2ST_B1_CONTROLLED	HER2ST::B	manual_truth_controlled	HER2ST_B1_CONTROLLED__reverse	reverse	row_softmax	0.25		main21	heldout_expression_loss	local_reference	215	0.4390072206525152	0.33691997356939263	0.26735916412654015	0.36470746786406927	0.7145559477893175	0.3575383642979642	0.36613990791721307
HER2ST_manual_controlled	within_section_controlled_combined	HER2ST_B1_CONTROLLED	HER2ST::B	manual_truth_controlled	HER2ST_B1_CONTROLLED__reverse	reverse	row_softmax	0.25		main21	heldout_expression_loss	endpoint_response	215	0.2988372093023256	0.35486216185953445	0.26735916412654015	0.36470746786406927	0.8988651509421287	0.3709247479539172	0.37245836135160176
HER2ST_manual_controlled	within_section_controlled_combined	HER2ST_B1_CONTROLLED	HER2ST::B	manual_truth_controlled	HER2ST_B1_CONTROLLED__reverse	reverse	row_softmax	0.25		main21	heldout_expression_loss	source_boundary_proximity	215	0.20786556502116538	0.344371345488956	0.26735916412654015	0.36470746786406927	0.7910993659433079	0.34512921513729977	0.3548034420895731
HER2ST_manual_controlled	within_section_controlled_combined	HER2ST_C1_CONTROLLED	HER2ST::C	manual_truth_controlled	HER2ST_C1_CONTROLLED	forward	balanced_ot	0.25		main21	heldout_expression_loss	finite_response_h001	167	0.6685424344142931	0.09051515236762767	0.08112064379044347	0.1273232829591081	0.20333272614339534	0.08953573105303941	0.10021264645979874
HER2ST_manual_controlled	within_section_controlled_combined	HER2ST_C1_CONTROLLED	HER2ST::C	manual_truth_controlled	HER2ST_C1_CONTROLLED	forward	balanced_ot	0.25		main21	heldout_expression_loss	local_reference	167	0.6691350533455049	0.09047174613655919	0.08112064379044347	0.1273232829591081	0.20239325099977806	0.08953573105303941	0.10021264645979874
HER2ST_manual_controlled	within_section_controlled_combined	HER2ST_C1_CONTROLLED	HER2ST::C	manual_truth_controlled	HER2ST_C1_CONTROLLED	forward	balanced_ot	0.25		main21	heldout_expression_loss	endpoint_response	167	0.6106744840834772	0.09140675457661901	0.08112064379044347	0.1273232829591081	0.22263037288033852	0.08958759831095187	0.09870860130024059
HER2ST_manual_controlled	within_section_controlled_combined	HER2ST_C1_CONTROLLED	HER2ST::C	manual_truth_controlled	HER2ST_C1_CONTROLLED	forward	balanced_ot	0.25		main21	heldout_expression_loss	source_boundary_proximity	167	0.15612244911316758	0.12558045984485033	0.08112064379044347	0.1273232829591081	0.9622787107919197	0.12656703751979284	0.12640543515090066
HER2ST_manual_controlled	within_section_controlled_combined	HER2ST_C1_CONTROLLED	HER2ST::C	manual_truth_controlled	HER2ST_C1_CONTROLLED	forward	uot	0.25	2.0	main21	heldout_expression_loss	finite_response_h001	167	0.852161545344221	0.08431633605829132	0.08098489165813089	0.12726597006436416	0.07198286027215274	0.08481496531011347	0.09759209431117806
HER2ST_manual_controlled	within_section_controlled_combined	HER2ST_C1_CONTROLLED	HER2ST::C	manual_truth_controlled	HER2ST_C1_CONTROLLED	forward	uot	0.25	2.0	main21	heldout_expression_loss	local_reference	167	0.852161545344221	0.08431633605829132	0.08098489165813089	0.12726597006436416	0.07198286027215274	0.08481496531011347	0.09759209431117806
HER2ST_manual_controlled	within_section_controlled_combined	HER2ST_C1_CONTROLLED	HER2ST::C	manual_truth_controlled	HER2ST_C1_CONTROLLED	forward	uot	0.25	2.0	main21	heldout_expression_loss	endpoint_response	167	0.8491391887950405	0.0841895298846122	0.08098489165813089	0.12726597006436416	0.069242946293354	0.08501532273361953	0.0979427113940965
HER2ST_manual_controlled	within_section_controlled_combined	HER2ST_C1_CONTROLLED	HER2ST::C	manual_truth_controlled	HER2ST_C1_CONTROLLED	forward	uot	0.25	2.0	main21	heldout_expression_loss	source_boundary_proximity	167	0.1631145650086817	0.1250988000161742	0.08098489165813089	0.12726597006436416	0.9531737348648716	0.12605993155502612	0.1261277329998688
HER2ST_manual_controlled	within_section_controlled_combined	HER2ST_C1_CONTROLLED	HER2ST::C	manual_truth_controlled	HER2ST_C1_CONTROLLED	forward	row_softmax	0.25		main21	heldout_expression_loss	finite_response_h001	167	0.1903401825910854	0.11174234081445267	0.08143771896205784	0.12881591750416185	0.6396322102762887	0.1151709797231509	0.11943736269081422
HER2ST_manual_controlled	within_section_controlled_combined	HER2ST_C1_CONTROLLED	HER2ST::C	manual_truth_controlled	HER2ST_C1_CONTROLLED	forward	row_softmax	0.25		main21	heldout_expression_loss	local_reference	167	0.18946413721451133	0.11170617908971903	0.08143771896205784	0.12881591750416185	0.6388689536340695	0.1151709797231509	0.11761092502413495
HER2ST_manual_controlled	within_section_controlled_combined	HER2ST_C1_CONTROLLED	HER2ST::C	manual_truth_controlled	HER2ST_C1_CONTROLLED	forward	row_softmax	0.25		main21	heldout_expression_loss	endpoint_response	167	0.2081251920375637	0.1159799562391366	0.08143771896205784	0.12881591750416185	0.7290745182382101	0.11706564694789735	0.12343353101960859
HER2ST_manual_controlled	within_section_controlled_combined	HER2ST_C1_CONTROLLED	HER2ST::C	manual_truth_controlled	HER2ST_C1_CONTROLLED	forward	row_softmax	0.25		main21	heldout_expression_loss	source_boundary_proximity	167	0.18555147082752824	0.12542786094246533	0.08143771896205784	0.12881591750416185	0.9284891222977668	0.12651733496001316	0.127172098234342
HER2ST_manual_controlled	within_section_controlled_combined	HER2ST_C1_CONTROLLED	HER2ST::C	manual_truth_controlled	HER2ST_C1_CONTROLLED__reverse	reverse	balanced_ot	0.25		main21	heldout_expression_loss	finite_response_h001	134	0.6176493692561682	0.08629654620716586	0.07662265968569455	0.12410733654794073	0.20372648948492175	0.08805890580752446	0.09350520669802204
HER2ST_manual_controlled	within_section_controlled_combined	HER2ST_C1_CONTROLLED	HER2ST::C	manual_truth_controlled	HER2ST_C1_CONTROLLED__reverse	reverse	balanced_ot	0.25		main21	heldout_expression_loss	local_reference	134	0.6177541088473596	0.08629014716732343	0.07662265968569455	0.12410733654794073	0.20359172938407935	0.08805890580752446	0.09350520669802204
HER2ST_manual_controlled	within_section_controlled_combined	HER2ST_C1_CONTROLLED	HER2ST::C	manual_truth_controlled	HER2ST_C1_CONTROLLED__reverse	reverse	balanced_ot	0.25		main21	heldout_expression_loss	endpoint_response	134	0.5447107129902524	0.08843587802155663	0.07662265968569455	0.12410733654794073	0.24877958778433754	0.08935363488545718	0.09350520669802204
HER2ST_manual_controlled	within_section_controlled_combined	HER2ST_C1_CONTROLLED	HER2ST::C	manual_truth_controlled	HER2ST_C1_CONTROLLED__reverse	reverse	balanced_ot	0.25		main21	heldout_expression_loss	source_boundary_proximity	134	0.22871544524911439	0.11373851507873983	0.07662265968569455	0.12410733654794073	0.7816385799722083	0.11625391774791295	0.1243825922856538
HER2ST_manual_controlled	within_section_controlled_combined	HER2ST_C1_CONTROLLED	HER2ST::C	manual_truth_controlled	HER2ST_C1_CONTROLLED__reverse	reverse	uot	0.25	2.0	main21	heldout_expression_loss	finite_response_h001	134	0.8230536827818251	0.07915172793360216	0.07589976477889056	0.12343003636631247	0.06841877915067875	0.07986255558941383	0.09154795097166506
HER2ST_manual_controlled	within_section_controlled_combined	HER2ST_C1_CONTROLLED	HER2ST::C	manual_truth_controlled	HER2ST_C1_CONTROLLED__reverse	reverse	uot	0.25	2.0	main21	heldout_expression_loss	local_reference	134	0.8233329883583357	0.07915172793360216	0.07589976477889056	0.12343003636631247	0.06841877915067875	0.07986255558941383	0.09154795097166506
HER2ST_manual_controlled	within_section_controlled_combined	HER2ST_C1_CONTROLLED	HER2ST::C	manual_truth_controlled	HER2ST_C1_CONTROLLED__reverse	reverse	uot	0.25	2.0	main21	heldout_expression_loss	endpoint_response	134	0.8082953756229873	0.07940666078755167	0.07589976477889056	0.12343003636631247	0.07378236840517338	0.08047624846698131	0.09154795097166507
HER2ST_manual_controlled	within_section_controlled_combined	HER2ST_C1_CONTROLLED	HER2ST::C	manual_truth_controlled	HER2ST_C1_CONTROLLED__reverse	reverse	uot	0.25	2.0	main21	heldout_expression_loss	source_boundary_proximity	134	0.2282813270071938	0.11314212944405425	0.07589976477889056	0.12343003636631247	0.783550428418323	0.11562949956722396	0.1237719498253433
HER2ST_manual_controlled	within_section_controlled_combined	HER2ST_C1_CONTROLLED	HER2ST::C	manual_truth_controlled	HER2ST_C1_CONTROLLED__reverse	reverse	row_softmax	0.25		main21	heldout_expression_loss	finite_response_h001	134	0.5297379390494512	0.09222758655092571	0.07512852914581536	0.1237468841818816	0.3516996285132615	0.09829421374772997	0.10602661421735522
HER2ST_manual_controlled	within_section_controlled_combined	HER2ST_C1_CONTROLLED	HER2ST::C	manual_truth_controlled	HER2ST_C1_CONTROLLED__reverse	reverse	row_softmax	0.25		main21	heldout_expression_loss	local_reference	134	0.5300721082213478	0.09215404541046583	0.07512852914581536	0.1237468841818816	0.35018700760279825	0.09829421374772997	0.10602661421735522
HER2ST_manual_controlled	within_section_controlled_combined	HER2ST_C1_CONTROLLED	HER2ST::C	manual_truth_controlled	HER2ST_C1_CONTROLLED__reverse	reverse	row_softmax	0.25		main21	heldout_expression_loss	endpoint_response	134	0.460452699476286	0.09920927567006371	0.07512852914581536	0.1237468841818816	0.4953015482811932	0.10495192452717153	0.11828758319723305
HER2ST_manual_controlled	within_section_controlled_combined	HER2ST_C1_CONTROLLED	HER2ST::C	manual_truth_controlled	HER2ST_C1_CONTROLLED__reverse	reverse	row_softmax	0.25		main21	heldout_expression_loss	source_boundary_proximity	134	0.22950883376021067	0.11304693204229863	0.07512852914581536	0.1237468841818816	0.7799194947742372	0.1157231567464591	0.12405642035504486
HER2ST_manual_controlled	within_section_controlled_combined	HER2ST_D1_CONTROLLED	HER2ST::D	manual_truth_controlled	HER2ST_D1_CONTROLLED	forward	balanced_ot	0.25		main21	heldout_expression_loss	finite_response_h001	255	0.710568405511811	0.11541303933254837	0.10843769478716815	0.13830056531740947	0.23357917110870097	0.11807092977557729	0.1265988616745555
HER2ST_manual_controlled	within_section_controlled_combined	HER2ST_D1_CONTROLLED	HER2ST::D	manual_truth_controlled	HER2ST_D1_CONTROLLED	forward	balanced_ot	0.25		main21	heldout_expression_loss	local_reference	255	0.7107297938860584	0.11539831265677952	0.10843769478716815	0.13830056531740947	0.2330860277669068	0.11807092977557729	0.1265988616745555
HER2ST_manual_controlled	within_section_controlled_combined	HER2ST_D1_CONTROLLED	HER2ST::D	manual_truth_controlled	HER2ST_D1_CONTROLLED	forward	balanced_ot	0.25		main21	heldout_expression_loss	endpoint_response	255	0.7033073761000463	0.11564797548158995	0.10843769478716815	0.13830056531740947	0.24144633675185848	0.11761428895201269	0.12761322752660892
HER2ST_manual_controlled	within_section_controlled_combined	HER2ST_D1_CONTROLLED	HER2ST::D	manual_truth_controlled	HER2ST_D1_CONTROLLED	forward	balanced_ot	0.25		main21	heldout_expression_loss	source_boundary_proximity	255	0.022951318135809057	0.1364597021063928	0.10843769478716815	0.13830056531740947	0.9383561198796183	0.1347015538025238	0.13568394573743423
HER2ST_manual_controlled	within_section_controlled_combined	HER2ST_D1_CONTROLLED	HER2ST::D	manual_truth_controlled	HER2ST_D1_CONTROLLED	forward	uot	0.25	2.0	main21	heldout_expression_loss	finite_response_h001	255	0.786654701250579	0.11288767106059501	0.10804112540638809	0.13812890705072378	0.16108019233512771	0.11655765409459998	0.1251386273829751
HER2ST_manual_controlled	within_section_controlled_combined	HER2ST_D1_CONTROLLED	HER2ST::D	manual_truth_controlled	HER2ST_D1_CONTROLLED	forward	uot	0.25	2.0	main21	heldout_expression_loss	local_reference	255	0.7867502315886985	0.11288644007026934	0.10804112540638809	0.13812890705072378	0.16103927903881946	0.11655765409459998	0.1251386273829751
HER2ST_manual_controlled	within_section_controlled_combined	HER2ST_D1_CONTROLLED	HER2ST::D	manual_truth_controlled	HER2ST_D1_CONTROLLED	forward	uot	0.25	2.0	main21	heldout_expression_loss	endpoint_response	255	0.774575903195924	0.1132178578779576	0.10804112540638809	0.13812890705072378	0.17205430871451693	0.11622698841319795	0.12447659392309887
HER2ST_manual_controlled	within_section_controlled_combined	HER2ST_D1_CONTROLLED	HER2ST::D	manual_truth_controlled	HER2ST_D1_CONTROLLED	forward	uot	0.25	2.0	main21	heldout_expression_loss	source_boundary_proximity	255	0.027331683236973246	0.1360850501139515	0.10804112540638809	0.13812890705072378	0.9320702017539051	0.13433070724179105	0.1353981994232851
HER2ST_manual_controlled	within_section_controlled_combined	HER2ST_D1_CONTROLLED	HER2ST::D	manual_truth_controlled	HER2ST_D1_CONTROLLED	forward	row_softmax	0.25		main21	heldout_expression_loss	finite_response_h001	255	-0.37244673459935157	0.14926998201910185	0.1075379003868657	0.13884319933094286	1.3330676607428373	0.14876586392664426	0.14362727831044228
HER2ST_manual_controlled	within_section_controlled_combined	HER2ST_D1_CONTROLLED	HER2ST::D	manual_truth_controlled	HER2ST_D1_CONTROLLED	forward	row_softmax	0.25		main21	heldout_expression_loss	local_reference	255	-0.37216810444650306	0.14924804090692012	0.1075379003868657	0.13884319933094286	1.3323667853983492	0.1487658639266443	0.14362727831044234
HER2ST_manual_controlled	within_section_controlled_combined	HER2ST_D1_CONTROLLED	HER2ST::D	manual_truth_controlled	HER2ST_D1_CONTROLLED	forward	row_softmax	0.25		main21	heldout_expression_loss	endpoint_response	255	-0.41047794117647063	0.15073629472501357	0.1075379003868657	0.13884319933094286	1.3799067824049909	0.15084648085910204	0.1439042206388918
HER2ST_manual_controlled	within_section_controlled_combined	HER2ST_D1_CONTROLLED	HER2ST::D	manual_truth_controlled	HER2ST_D1_CONTROLLED	forward	row_softmax	0.25		main21	heldout_expression_loss	source_boundary_proximity	255	0.04335779759090211	0.13563851099168955	0.1075379003868657	0.13884319933094286	0.8976311216520225	0.13383234795881477	0.13545384537054656
HER2ST_manual_controlled	within_section_controlled_combined	HER2ST_D1_CONTROLLED	HER2ST::D	manual_truth_controlled	HER2ST_D1_CONTROLLED__reverse	reverse	balanced_ot	0.25		main21	heldout_expression_loss	finite_response_h001	204	0.37619071177672075	0.1336055749447442	0.11732951497133562	0.14910275128859704	0.5122569136769458	0.13644492925730553	0.1408342195186396
HER2ST_manual_controlled	within_section_controlled_combined	HER2ST_D1_CONTROLLED	HER2ST::D	manual_truth_controlled	HER2ST_D1_CONTROLLED__reverse	reverse	balanced_ot	0.25		main21	heldout_expression_loss	local_reference	204	0.37707981426380477	0.13355686270621397	0.11732951497133562	0.14910275128859704	0.5107237919626884	0.13644492925730553	0.1408342195186396
HER2ST_manual_controlled	within_section_controlled_combined	HER2ST_D1_CONTROLLED	HER2ST::D	manual_truth_controlled	HER2ST_D1_CONTROLLED__reverse	reverse	balanced_ot	0.25		main21	heldout_expression_loss	endpoint_response	204	0.3303418591995251	0.13520642779931322	0.11732951497133562	0.14910275128859704	0.5626406025962681	0.14099926261338924	0.1408342195186396
HER2ST_manual_controlled	within_section_controlled_combined	HER2ST_D1_CONTROLLED	HER2ST::D	manual_truth_controlled	HER2ST_D1_CONTROLLED__reverse	reverse	balanced_ot	0.25		main21	heldout_expression_loss	source_boundary_proximity	204	-0.21217897217510154	0.1524165592805173	0.11732951497133562	0.14910275128859704	1.1042955762778242	0.1511973644161449	0.14968080870851552
HER2ST_manual_controlled	within_section_controlled_combined	HER2ST_D1_CONTROLLED	HER2ST::D	manual_truth_controlled	HER2ST_D1_CONTROLLED__reverse	reverse	uot	0.25	2.0	main21	heldout_expression_loss	finite_response_h001	204	0.818700836095582	0.12178508363771703	0.1170384264127828	0.14885896769208956	0.14916959404524777	0.12706808482009407	0.13418320897147015
HER2ST_manual_controlled	within_section_controlled_combined	HER2ST_D1_CONTROLLED	HER2ST::D	manual_truth_controlled	HER2ST_D1_CONTROLLED__reverse	reverse	uot	0.25	2.0	main21	heldout_expression_loss	local_reference	204	0.8189312394427914	0.12178691899274185	0.1170384264127828	0.14885896769208956	0.14922727235463637	0.12706808482009407	0.13418320897147015
HER2ST_manual_controlled	within_section_controlled_combined	HER2ST_D1_CONTROLLED	HER2ST::D	manual_truth_controlled	HER2ST_D1_CONTROLLED__reverse	reverse	uot	0.25	2.0	main21	heldout_expression_loss	endpoint_response	204	0.8071679470779062	0.12215579141724431	0.1170384264127828	0.14885896769208956	0.16081954607696727	0.12706808482009407	0.13399858773002968
HER2ST_manual_controlled	within_section_controlled_combined	HER2ST_D1_CONTROLLED	HER2ST::D	manual_truth_controlled	HER2ST_D1_CONTROLLED__reverse	reverse	uot	0.25	2.0	main21	heldout_expression_loss	source_boundary_proximity	204	-0.20951738589181143	0.15202331103992567	0.1170384264127828	0.14885896769208956	1.0994434167558902	0.1508569798669027	0.1493706978707863
HER2ST_manual_controlled	within_section_controlled_combined	HER2ST_D1_CONTROLLED	HER2ST::D	manual_truth_controlled	HER2ST_D1_CONTROLLED__reverse	reverse	row_softmax	0.25		main21	heldout_expression_loss	finite_response_h001	204	-0.14862429412471465	0.15156525795770737	0.1170683163463282	0.14959370740547173	1.060615737060643	0.14933980732032964	0.1466127772732961
HER2ST_manual_controlled	within_section_controlled_combined	HER2ST_D1_CONTROLLED	HER2ST::D	manual_truth_controlled	HER2ST_D1_CONTROLLED__reverse	reverse	row_softmax	0.25		main21	heldout_expression_loss	local_reference	204	-0.14776346198698148	0.151562952159332	0.1170683163463282	0.14959370740547173	1.0605448448038464	0.14933980732032964	0.1466127772732961
HER2ST_manual_controlled	within_section_controlled_combined	HER2ST_D1_CONTROLLED	HER2ST::D	manual_truth_controlled	HER2ST_D1_CONTROLLED__reverse	reverse	row_softmax	0.25		main21	heldout_expression_loss	endpoint_response	204	-0.22425030567315232	0.154052889490464	0.1170683163463282	0.14959370740547173	1.1370984925864158	0.15046486596227288	0.14661277727329608
HER2ST_manual_controlled	within_section_controlled_combined	HER2ST_D1_CONTROLLED	HER2ST::D	manual_truth_controlled	HER2ST_D1_CONTROLLED__reverse	reverse	row_softmax	0.25		main21	heldout_expression_loss	source_boundary_proximity	204	-0.19430569568096515	0.15167134690009218	0.1170683163463282	0.14959370740547173	1.063877463943247	0.15077322122337217	0.14955157171110137
HER2ST_manual_controlled	within_section_controlled_combined	HER2ST_E1_CONTROLLED	HER2ST::E	manual_truth_controlled	HER2ST_E1_CONTROLLED	forward	uot	0.25	2.0	main21	heldout_expression_loss	finite_response_h001	534	0.7418751363096633	0.2876496046180227	0.2783524170476395	0.3175512863328767	0.23717999370672185	0.2919391911148578	0.30413790196583645
HER2ST_manual_controlled	within_section_controlled_combined	HER2ST_E1_CONTROLLED	HER2ST::E	manual_truth_controlled	HER2ST_E1_CONTROLLED	forward	uot	0.25	2.0	main21	heldout_expression_loss	local_reference	534	0.7419857010547586	0.2876496046180226	0.2783524170476395	0.3175512863328767	0.23717999370671902	0.29193919111485767	0.30413790196583634
HER2ST_manual_controlled	within_section_controlled_combined	HER2ST_E1_CONTROLLED	HER2ST::E	manual_truth_controlled	HER2ST_E1_CONTROLLED	forward	uot	0.25	2.0	main21	heldout_expression_loss	endpoint_response	534	0.7288064307229717	0.2880908297104031	0.2783524170476395	0.3175512863328767	0.2484360605378791	0.2920788104148597	0.304350430514446
HER2ST_manual_controlled	within_section_controlled_combined	HER2ST_E1_CONTROLLED	HER2ST::E	manual_truth_controlled	HER2ST_E1_CONTROLLED	forward	uot	0.25	2.0	main21	heldout_expression_loss	source_boundary_proximity	534	-0.2801546227053728	0.32763352912969645	0.2783524170476395	0.3175512863328767	1.257207490436895	0.3265642011849341	0.3212838660767222
HER2ST_manual_controlled	within_section_controlled_combined	HER2ST_E1_CONTROLLED	HER2ST::E	manual_truth_controlled	HER2ST_E1_CONTROLLED	forward	row_softmax	0.25		main21	heldout_expression_loss	finite_response_h001	534	-0.10273076400987517	0.3251018804730948	0.279163054688515	0.3178045315610654	1.188847567501054	0.32436911651967626	0.3216749300479679
HER2ST_manual_controlled	within_section_controlled_combined	HER2ST_E1_CONTROLLED	HER2ST::E	manual_truth_controlled	HER2ST_E1_CONTROLLED	forward	row_softmax	0.25		main21	heldout_expression_loss	local_reference	534	-0.10173371115531686	0.32506781137305896	0.279163054688515	0.3178045315610654	1.1879658957122605	0.32436911651967626	0.3216749300479679
HER2ST_manual_controlled	within_section_controlled_combined	HER2ST_E1_CONTROLLED	HER2ST::E	manual_truth_controlled	HER2ST_E1_CONTROLLED	forward	row_softmax	0.25		main21	heldout_expression_loss	endpoint_response	534	-0.19778224301035566	0.3276125395344579	0.279163054688515	0.3178045315610654	1.2538207327256623	0.32641029049013287	0.3219374722662726
HER2ST_manual_controlled	within_section_controlled_combined	HER2ST_E1_CONTROLLED	HER2ST::E	manual_truth_controlled	HER2ST_E1_CONTROLLED	forward	row_softmax	0.25		main21	heldout_expression_loss	source_boundary_proximity	534	-0.2660358810844796	0.3270938584155915	0.279163054688515	0.3178045315610654	1.2403978213660078	0.3261596446732933	0.3211739085699662
HER2ST_manual_controlled	within_section_controlled_combined	HER2ST_E1_CONTROLLED	HER2ST::E	manual_truth_controlled	HER2ST_E1_CONTROLLED	forward	balanced_ot	0.25		main21	heldout_expression_loss	finite_response_h001	534	0.7953258222070827	0.28577299219471297	0.2785162865114773	0.31804282295843117	0.1835907300649639	0.29015425775709286	0.30250896316038933
HER2ST_manual_controlled	within_section_controlled_combined	HER2ST_E1_CONTROLLED	HER2ST::E	manual_truth_controlled	HER2ST_E1_CONTROLLED	forward	balanced_ot	0.25		main21	heldout_expression_loss	local_reference	534	0.7953000526620748	0.2857779222576102	0.2785162865114773	0.31804282295843117	0.18371545799056443	0.29015425775709286	0.30250896316038933
HER2ST_manual_controlled	within_section_controlled_combined	HER2ST_E1_CONTROLLED	HER2ST::E	manual_truth_controlled	HER2ST_E1_CONTROLLED	forward	balanced_ot	0.25		main21	heldout_expression_loss	endpoint_response	534	0.7996687391974284	0.28559569538918544	0.2785162865114773	0.31804282295843117	0.1791052167499922	0.28980427474021525	0.30216242695339146
HER2ST_manual_controlled	within_section_controlled_combined	HER2ST_E1_CONTROLLED	HER2ST::E	manual_truth_controlled	HER2ST_E1_CONTROLLED	forward	balanced_ot	0.25		main21	heldout_expression_loss	source_boundary_proximity	534	-0.28384882500798597	0.3283102864140863	0.2785162865114773	0.31804282295843117	1.2597612737820953	0.3272127370933861	0.32186988907267516
HER2ST_manual_controlled	within_section_controlled_combined	HER2ST_E1_CONTROLLED	HER2ST::E	manual_truth_controlled	HER2ST_E1_CONTROLLED__reverse	reverse	uot	0.25	2.0	main21	heldout_expression_loss	finite_response_h001	427	0.7643242633370315	0.3059850208361242	0.29773205723669965	0.3364891391640292	0.2129407888576097	0.31189854583651744	0.32297351521804957
HER2ST_manual_controlled	within_section_controlled_combined	HER2ST_E1_CONTROLLED	HER2ST::E	manual_truth_controlled	HER2ST_E1_CONTROLLED__reverse	reverse	uot	0.25	2.0	main21	heldout_expression_loss	local_reference	427	0.7644078042639165	0.30598439372379826	0.29773205723669965	0.3364891391640292	0.2129246082708686	0.31189854583651744	0.32297351521804957
HER2ST_manual_controlled	within_section_controlled_combined	HER2ST_E1_CONTROLLED	HER2ST::E	manual_truth_controlled	HER2ST_E1_CONTROLLED__reverse	reverse	uot	0.25	2.0	main21	heldout_expression_loss	endpoint_response	427	0.7581880127093186	0.3062567637479982	0.29773205723669965	0.3364891391640292	0.21995222775756376	0.3117213982350927	0.3224178881229761
HER2ST_manual_controlled	within_section_controlled_combined	HER2ST_E1_CONTROLLED	HER2ST::E	manual_truth_controlled	HER2ST_E1_CONTROLLED__reverse	reverse	uot	0.25	2.0	main21	heldout_expression_loss	source_boundary_proximity	427	-0.2836216807767598	0.3477902093803839	0.29773205723669965	0.3364891391640292	1.2915872314005592	0.34647663513026045	0.34015652583283806
HER2ST_manual_controlled	within_section_controlled_combined	HER2ST_E1_CONTROLLED	HER2ST::E	manual_truth_controlled	HER2ST_E1_CONTROLLED__reverse	reverse	row_softmax	0.25		main21	heldout_expression_loss	finite_response_h001	427	-0.17171544665572722	0.3430872331786725	0.29661005977113203	0.3351608112828378	1.2056100487023678	0.3398414285884009	0.3394277470805681
HER2ST_manual_controlled	within_section_controlled_combined	HER2ST_E1_CONTROLLED	HER2ST::E	manual_truth_controlled	HER2ST_E1_CONTROLLED__reverse	reverse	row_softmax	0.25		main21	heldout_expression_loss	local_reference	427	-0.17074933128724853	0.3430714754164969	0.29661005977113203	0.3351608112828378	1.2052012950060662	0.3398414285884009	0.3394277470805681
HER2ST_manual_controlled	within_section_controlled_combined	HER2ST_E1_CONTROLLED	HER2ST::E	manual_truth_controlled	HER2ST_E1_CONTROLLED__reverse	reverse	row_softmax	0.25		main21	heldout_expression_loss	endpoint_response	427	-0.2335466761038115	0.3452728257797389	0.29661005977113203	0.3351608112828378	1.262303952591705	0.3420366621004212	0.3401629979158596
HER2ST_manual_controlled	within_section_controlled_combined	HER2ST_E1_CONTROLLED	HER2ST::E	manual_truth_controlled	HER2ST_E1_CONTROLLED__reverse	reverse	row_softmax	0.25		main21	heldout_expression_loss	source_boundary_proximity	427	-0.2866267682394179	0.34638157978079703	0.29661005977113203	0.3351608112828378	1.2910648445997759	0.3450770779344231	0.3387520209368517
HER2ST_manual_controlled	within_section_controlled_combined	HER2ST_E1_CONTROLLED	HER2ST::E	manual_truth_controlled	HER2ST_E1_CONTROLLED__reverse	reverse	balanced_ot	0.25		main21	heldout_expression_loss	finite_response_h001	427	0.3932635186020366	0.32052764865257133	0.2985073562645765	0.33747542458503654	0.5650855517627279	0.32066757774179844	0.3284328118710765
HER2ST_manual_controlled	within_section_controlled_combined	HER2ST_E1_CONTROLLED	HER2ST::E	manual_truth_controlled	HER2ST_E1_CONTROLLED__reverse	reverse	balanced_ot	0.25		main21	heldout_expression_loss	local_reference	427	0.3938865304589911	0.3205215900749831	0.2985073562645765	0.33747542458503654	0.5649300763222106	0.32066757774179844	0.3284328118710765
HER2ST_manual_controlled	within_section_controlled_combined	HER2ST_E1_CONTROLLED	HER2ST::E	manual_truth_controlled	HER2ST_E1_CONTROLLED__reverse	reverse	balanced_ot	0.25		main21	heldout_expression_loss	endpoint_response	427	0.35752310708128043	0.32208425568893145	0.2985073562645765	0.33747542458503654	0.6050312586825352	0.32219580970117806	0.32958119365081767
HER2ST_manual_controlled	within_section_controlled_combined	HER2ST_E1_CONTROLLED	HER2ST::E	manual_truth_controlled	HER2ST_E1_CONTROLLED__reverse	reverse	balanced_ot	0.25		main21	heldout_expression_loss	source_boundary_proximity	427	-0.2804908097096118	0.34867550951643655	0.2985073562645765	0.33747542458503654	1.2874169907344224	0.34735759161328944	0.3410982252077203
HER2ST_manual_controlled	within_section_controlled_combined	HER2ST_F1_CONTROLLED	HER2ST::F	manual_truth_controlled	HER2ST_F1_CONTROLLED	forward	uot	0.25	2.0	main21	heldout_expression_loss	finite_response_h001	659	0.6923567279587038	0.18775676919361287	0.17845371625435238	0.2108564364149832	0.2871071593107685	0.19140342994392687	0.19919330853416328
HER2ST_manual_controlled	within_section_controlled_combined	HER2ST_F1_CONTROLLED	HER2ST::F	manual_truth_controlled	HER2ST_F1_CONTROLLED	forward	uot	0.25	2.0	main21	heldout_expression_loss	local_reference	659	0.6923991612300784	0.18774458878863198	0.17845371625435238	0.2108564364149832	0.2867312524449097	0.19140342994392687	0.19919330853416328
HER2ST_manual_controlled	within_section_controlled_combined	HER2ST_F1_CONTROLLED	HER2ST::F	manual_truth_controlled	HER2ST_F1_CONTROLLED	forward	uot	0.25	2.0	main21	heldout_expression_loss	endpoint_response	659	0.6900438630881275	0.18772211201677247	0.17845371625435238	0.2108564364149832	0.28603758315578554	0.19139552647257937	0.19916756763488835
HER2ST_manual_controlled	within_section_controlled_combined	HER2ST_F1_CONTROLLED	HER2ST::F	manual_truth_controlled	HER2ST_F1_CONTROLLED	forward	uot	0.25	2.0	main21	heldout_expression_loss	source_boundary_proximity	659	-0.07976814190376304	0.21190474513789812	0.17845371625435238	0.2108564364149832	1.0323524913253614	0.21186641834172185	0.21076130389839914
HER2ST_manual_controlled	within_section_controlled_combined	HER2ST_F1_CONTROLLED	HER2ST::F	manual_truth_controlled	HER2ST_F1_CONTROLLED	forward	row_softmax	0.25		main21	heldout_expression_loss	finite_response_h001	659	-0.1517698489803226	0.2136618731358086	0.17863101479687665	0.21117086569295465	1.0765525155849494	0.21152810137768946	0.21165204399789694
HER2ST_manual_controlled	within_section_controlled_combined	HER2ST_F1_CONTROLLED	HER2ST::F	manual_truth_controlled	HER2ST_F1_CONTROLLED	forward	row_softmax	0.25		main21	heldout_expression_loss	local_reference	659	-0.1513403588630399	0.21365809642701855	0.17863101479687665	0.21117086569295465	1.0764364514762939	0.2115281013776895	0.211652043997897
HER2ST_manual_controlled	within_section_controlled_combined	HER2ST_F1_CONTROLLED	HER2ST::F	manual_truth_controlled	HER2ST_F1_CONTROLLED	forward	row_softmax	0.25		main21	heldout_expression_loss	endpoint_response	659	-0.18570040684785785	0.21534389931723846	0.17863101479687665	0.21117086569295465	1.1282437844479116	0.21310310419957665	0.21275090847427464
HER2ST_manual_controlled	within_section_controlled_combined	HER2ST_F1_CONTROLLED	HER2ST::F	manual_truth_controlled	HER2ST_F1_CONTROLLED	forward	row_softmax	0.25		main21	heldout_expression_loss	source_boundary_proximity	659	-0.06905778716018601	0.21183693708207013	0.17863101479687665	0.21117086569295465	1.0204694050763385	0.21183222495540033	0.21085782328735383
HER2ST_manual_controlled	within_section_controlled_combined	HER2ST_F1_CONTROLLED	HER2ST::F	manual_truth_controlled	HER2ST_F1_CONTROLLED	forward	balanced_ot	0.25		main21	heldout_expression_loss	finite_response_h001	659	0.7985007050548005	0.1854511040760707	0.1785022717063553	0.21088928416552233	0.21455613970187518	0.18936049954159612	0.197889836692693
HER2ST_manual_controlled	within_section_controlled_combined	HER2ST_F1_CONTROLLED	HER2ST::F	manual_truth_controlled	HER2ST_F1_CONTROLLED	forward	balanced_ot	0.25		main21	heldout_expression_loss	local_reference	659	0.7981905061006214	0.18545910038881439	0.1785022717063553	0.21088928416552233	0.21480303844728293	0.18936049954159612	0.1979692121142276
HER2ST_manual_controlled	within_section_controlled_combined	HER2ST_F1_CONTROLLED	HER2ST::F	manual_truth_controlled	HER2ST_F1_CONTROLLED	forward	balanced_ot	0.25		main21	heldout_expression_loss	endpoint_response	659	0.812536432024373	0.1848974261870972	0.1785022717063553	0.21088928416552233	0.1974604631657459	0.18858104339772006	0.1974493657698375
HER2ST_manual_controlled	within_section_controlled_combined	HER2ST_F1_CONTROLLED	HER2ST::F	manual_truth_controlled	HER2ST_F1_CONTROLLED	forward	balanced_ot	0.25		main21	heldout_expression_loss	source_boundary_proximity	659	-0.08208542303887449	0.21203678883898744	0.1785022717063553	0.21088928416552233	1.0354310134320621	0.2119889541507392	0.21084970274289397
HER2ST_manual_controlled	within_section_controlled_combined	HER2ST_F1_CONTROLLED	HER2ST::F	manual_truth_controlled	HER2ST_F1_CONTROLLED__reverse	reverse	uot	0.25	2.0	main21	heldout_expression_loss	finite_response_h001	527	0.7344566909198479	0.18023388972867402	0.17264877665750308	0.20447593683299448	0.23832201897208144	0.1832897798728542	0.19197653181692617
HER2ST_manual_controlled	within_section_controlled_combined	HER2ST_F1_CONTROLLED	HER2ST::F	manual_truth_controlled	HER2ST_F1_CONTROLLED__reverse	reverse	uot	0.25	2.0	main21	heldout_expression_loss	local_reference	527	0.7346733035508731	0.1802202861210436	0.17264877665750308	0.20447593683299448	0.23789459762643167	0.1832897798728542	0.19197653181692617
HER2ST_manual_controlled	within_section_controlled_combined	HER2ST_F1_CONTROLLED	HER2ST::F	manual_truth_controlled	HER2ST_F1_CONTROLLED__reverse	reverse	uot	0.25	2.0	main21	heldout_expression_loss	endpoint_response	527	0.7240664175976693	0.1805593679958324	0.17264877665750308	0.20447593683299448	0.24854845027678216	0.1835247701030034	0.19207823428189286
HER2ST_manual_controlled	within_section_controlled_combined	HER2ST_F1_CONTROLLED	HER2ST::F	manual_truth_controlled	HER2ST_F1_CONTROLLED__reverse	reverse	uot	0.25	2.0	main21	heldout_expression_loss	source_boundary_proximity	527	0.04566062764509248	0.2029041902827784	0.17264877665750308	0.20447593683299448	0.9506161862525703	0.2027170448084175	0.2026642395846749
HER2ST_manual_controlled	within_section_controlled_combined	HER2ST_F1_CONTROLLED	HER2ST::F	manual_truth_controlled	HER2ST_F1_CONTROLLED__reverse	reverse	row_softmax	0.25		main21	heldout_expression_loss	finite_response_h001	527	0.09067517878330933	0.20018149041143857	0.17241824942796613	0.20431722703648447	0.87034892855182	0.19953701453211165	0.20127987177181392
HER2ST_manual_controlled	within_section_controlled_combined	HER2ST_F1_CONTROLLED	HER2ST::F	manual_truth_controlled	HER2ST_F1_CONTROLLED__reverse	reverse	row_softmax	0.25		main21	heldout_expression_loss	local_reference	527	0.09147005367270734	0.200145539158197	0.17241824942796613	0.20431722703648447	0.869221893896265	0.19953701453211165	0.20127987177181392
HER2ST_manual_controlled	within_section_controlled_combined	HER2ST_F1_CONTROLLED	HER2ST::F	manual_truth_controlled	HER2ST_F1_CONTROLLED__reverse	reverse	row_softmax	0.25		main21	heldout_expression_loss	endpoint_response	527	0.02855843228207065	0.20239680985147188	0.17241824942796613	0.20431722703648447	0.9397969048230634	0.20163710602717103	0.20340135342321042
HER2ST_manual_controlled	within_section_controlled_combined	HER2ST_F1_CONTROLLED	HER2ST::F	manual_truth_controlled	HER2ST_F1_CONTROLLED__reverse	reverse	row_softmax	0.25		main21	heldout_expression_loss	source_boundary_proximity	527	0.05381934620258016	0.20241153387415314	0.17241824942796613	0.20431722703648447	0.9402584877258753	0.2022203829122991	0.2023090124020941
HER2ST_manual_controlled	within_section_controlled_combined	HER2ST_F1_CONTROLLED	HER2ST::F	manual_truth_controlled	HER2ST_F1_CONTROLLED__reverse	reverse	balanced_ot	0.25		main21	heldout_expression_loss	finite_response_h001	527	0.6311224633693449	0.18382390057390946	0.17284970092405522	0.20471406365129896	0.34440355025432223	0.18732699723285165	0.19388244455536763
HER2ST_manual_controlled	within_section_controlled_combined	HER2ST_F1_CONTROLLED	HER2ST::F	manual_truth_controlled	HER2ST_F1_CONTROLLED__reverse	reverse	balanced_ot	0.25		main21	heldout_expression_loss	local_reference	527	0.6314976410376156	0.183810351094797	0.17284970092405522	0.20471406365129896	0.3439783266517523	0.18732699723285157	0.193750616272435
HER2ST_manual_controlled	within_section_controlled_combined	HER2ST_F1_CONTROLLED	HER2ST::F	manual_truth_controlled	HER2ST_F1_CONTROLLED__reverse	reverse	balanced_ot	0.25		main21	heldout_expression_loss	endpoint_response	527	0.6060243399791817	0.184641991670574	0.17284970092405522	0.20471406365129896	0.37007772122919225	0.1886750570233349	0.19406760937283155
HER2ST_manual_controlled	within_section_controlled_combined	HER2ST_F1_CONTROLLED	HER2ST::F	manual_truth_controlled	HER2ST_F1_CONTROLLED__reverse	reverse	balanced_ot	0.25		main21	heldout_expression_loss	source_boundary_proximity	527	0.04514843764390037	0.20316498457383483	0.17284970092405522	0.20471406365129896	0.9513852170613261	0.20298805769334924	0.20292265499538734
HER2ST_manual_controlled	within_section_controlled_combined	HER2ST_G2_CONTROLLED	HER2ST::G	manual_truth_controlled	HER2ST_G2_CONTROLLED	forward	uot	0.25	2.0	main21	heldout_expression_loss	finite_response_h001	402	0.7574498256783877	0.19521938123091784	0.18618834998596018	0.22264493560538948	0.24772016061056007	0.19968676267920354	0.20877912878462818
HER2ST_manual_controlled	within_section_controlled_combined	HER2ST_G2_CONTROLLED	HER2ST::G	manual_truth_controlled	HER2ST_G2_CONTROLLED	forward	uot	0.25	2.0	main21	heldout_expression_loss	local_reference	402	0.7573981050484784	0.19521728278720096	0.18618834998596018	0.22264493560538948	0.2476626005379087	0.19968676267920354	0.20877912878462818
HER2ST_manual_controlled	within_section_controlled_combined	HER2ST_G2_CONTROLLED	HER2ST::G	manual_truth_controlled	HER2ST_G2_CONTROLLED	forward	uot	0.25	2.0	main21	heldout_expression_loss	endpoint_response	402	0.7601396678667393	0.19478784879811872	0.18618834998596018	0.22264493560538948	0.23588327502550044	0.19886438773430168	0.207998879390548
HER2ST_manual_controlled	within_section_controlled_combined	HER2ST_G2_CONTROLLED	HER2ST::G	manual_truth_controlled	HER2ST_G2_CONTROLLED	forward	uot	0.25	2.0	main21	heldout_expression_loss	source_boundary_proximity	402	-0.13102335994927086	0.22646914777063287	0.18618834998596018	0.22264493560538948	1.1048977050446904	0.2244668571737243	0.22415251120302637
HER2ST_manual_controlled	within_section_controlled_combined	HER2ST_G2_CONTROLLED	HER2ST::G	manual_truth_controlled	HER2ST_G2_CONTROLLED	forward	balanced_ot	0.25		main21	heldout_expression_loss	finite_response_h001	402	0.5514864555215051	0.2027781639053866	0.1862981188059515	0.22285802286379772	0.4507682808291801	0.20425215484366785	0.2106958682082941
HER2ST_manual_controlled	within_section_controlled_combined	HER2ST_G2_CONTROLLED	HER2ST::G	manual_truth_controlled	HER2ST_G2_CONTROLLED	forward	balanced_ot	0.25		main21	heldout_expression_loss	local_reference	402	0.5514803598758373	0.20278903266732207	0.1862981188059515	0.22285802286379772	0.4510655672202565	0.20425215484366785	0.2106958682082941
HER2ST_manual_controlled	within_section_controlled_combined	HER2ST_G2_CONTROLLED	HER2ST::G	manual_truth_controlled	HER2ST_G2_CONTROLLED	forward	balanced_ot	0.25		main21	heldout_expression_loss	endpoint_response	402	0.5526437046157245	0.202707537188607	0.1862981188059515	0.22285802286379772	0.4488364727842834	0.20470097091481662	0.21064354021808618
HER2ST_manual_controlled	within_section_controlled_combined	HER2ST_G2_CONTROLLED	HER2ST::G	manual_truth_controlled	HER2ST_G2_CONTROLLED	forward	balanced_ot	0.25		main21	heldout_expression_loss	source_boundary_proximity	402	-0.1355319063235651	0.22686496075394122	0.1862981188059515	0.22285802286379772	1.1095992452224055	0.22482112054284217	0.22446201346333114
HER2ST_manual_controlled	within_section_controlled_combined	HER2ST_G2_CONTROLLED	HER2ST::G	manual_truth_controlled	HER2ST_G2_CONTROLLED	forward	row_softmax	0.25		main21	heldout_expression_loss	finite_response_h001	402	-0.6930186662524089	0.24617473495965655	0.1864001869273937	0.2231268354812495	1.6275524826233385	0.24044579415020495	0.2318930879807157
HER2ST_manual_controlled	within_section_controlled_combined	HER2ST_G2_CONTROLLED	HER2ST::G	manual_truth_controlled	HER2ST_G2_CONTROLLED	forward	row_softmax	0.25		main21	heldout_expression_loss	local_reference	402	-0.6922604048746324	0.24613587234799011	0.1864001869273937	0.2231268354812495	1.6264943242234655	0.24044579415020495	0.2318930879807157
HER2ST_manual_controlled	within_section_controlled_combined	HER2ST_G2_CONTROLLED	HER2ST::G	manual_truth_controlled	HER2ST_G2_CONTROLLED	forward	row_softmax	0.25		main21	heldout_expression_loss	endpoint_response	402	-0.7360095926991158	0.24753854878971893	0.1864001869273937	0.2231268354812495	1.664686658589939	0.24060721994061096	0.23225777014623747
HER2ST_manual_controlled	within_section_controlled_combined	HER2ST_G2_CONTROLLED	HER2ST::G	manual_truth_controlled	HER2ST_G2_CONTROLLED	forward	row_softmax	0.25		main21	heldout_expression_loss	source_boundary_proximity	402	-0.1167460809199267	0.22627180417251094	0.1864001869273937	0.2231268354812495	1.0856317909500963	0.2243416494736138	0.22433358803231548
HER2ST_manual_controlled	within_section_controlled_combined	HER2ST_G2_CONTROLLED	HER2ST::G	manual_truth_controlled	HER2ST_G2_CONTROLLED__reverse	reverse	uot	0.25	2.0	main21	heldout_expression_loss	finite_response_h001	322	0.8529696615274353	0.1825979386768236	0.17839928983603326	0.21354482134340708	0.11946465626531905	0.18771605054978147	0.19770556055012656
HER2ST_manual_controlled	within_section_controlled_combined	HER2ST_G2_CONTROLLED	HER2ST::G	manual_truth_controlled	HER2ST_G2_CONTROLLED__reverse	reverse	uot	0.25	2.0	main21	heldout_expression_loss	local_reference	322	0.8530749753653681	0.1825979386768236	0.17839928983603326	0.21354482134340708	0.11946465626531905	0.18771605054978147	0.19770556055012656
HER2ST_manual_controlled	within_section_controlled_combined	HER2ST_G2_CONTROLLED	HER2ST::G	manual_truth_controlled	HER2ST_G2_CONTROLLED__reverse	reverse	uot	0.25	2.0	main21	heldout_expression_loss	endpoint_response	322	0.8428167605715056	0.18283588748927107	0.17839928983603326	0.21354482134340708	0.12623504220748455	0.18798146632564963	0.19773526190274737
HER2ST_manual_controlled	within_section_controlled_combined	HER2ST_G2_CONTROLLED	HER2ST::G	manual_truth_controlled	HER2ST_G2_CONTROLLED__reverse	reverse	uot	0.25	2.0	main21	heldout_expression_loss	source_boundary_proximity	322	-0.07425007396167024	0.21462926007975167	0.17839928983603326	0.21354482134340708	1.0308556647127975	0.21357476631523525	0.21272793278176025
HER2ST_manual_controlled	within_section_controlled_combined	HER2ST_G2_CONTROLLED	HER2ST::G	manual_truth_controlled	HER2ST_G2_CONTROLLED__reverse	reverse	row_softmax	0.25		main21	heldout_expression_loss	finite_response_h001	322	-0.6144057828439444	0.23444512776055842	0.17708604888099172	0.2128418859603005	1.6041878351873162	0.22918332045563658	0.2216637787741801
HER2ST_manual_controlled	within_section_controlled_combined	HER2ST_G2_CONTROLLED	HER2ST::G	manual_truth_controlled	HER2ST_G2_CONTROLLED__reverse	reverse	row_softmax	0.25		main21	heldout_expression_loss	local_reference	322	-0.613542784465526	0.23443411327988245	0.17708604888099172	0.2128418859603005	1.6038797881221185	0.22918332045563658	0.2216637787741801
HER2ST_manual_controlled	within_section_controlled_combined	HER2ST_G2_CONTROLLED	HER2ST::G	manual_truth_controlled	HER2ST_G2_CONTROLLED__reverse	reverse	row_softmax	0.25		main21	heldout_expression_loss	endpoint_response	322	-0.6695158313116731	0.23509743326369487	0.17708604888099172	0.2128418859603005	1.6224311642887883	0.22935084731639313	0.22187547073769048
HER2ST_manual_controlled	within_section_controlled_combined	HER2ST_G2_CONTROLLED	HER2ST::G	manual_truth_controlled	HER2ST_G2_CONTROLLED__reverse	reverse	row_softmax	0.25		main21	heldout_expression_loss	source_boundary_proximity	322	-0.06890138566536524	0.21369560078957942	0.17708604888099172	0.2128418859603005	1.0238762366934757	0.21270903127111934	0.21196023339540632
HER2ST_manual_controlled	within_section_controlled_combined	HER2ST_G2_CONTROLLED	HER2ST::G	manual_truth_controlled	HER2ST_G2_CONTROLLED__reverse	reverse	balanced_ot	0.25		main21	heldout_expression_loss	finite_response_h001	322	0.4628390418166026	0.19563794981634616	0.17888827692415218	0.21395919099061753	0.477594420848299	0.19768960409905414	0.2050747839327979
HER2ST_manual_controlled	within_section_controlled_combined	HER2ST_G2_CONTROLLED	HER2ST::G	manual_truth_controlled	HER2ST_G2_CONTROLLED__reverse	reverse	balanced_ot	0.25		main21	heldout_expression_loss	local_reference	322	0.46346229845474407	0.19561354017649066	0.17888827692415218	0.21395919099061753	0.47689841275996564	0.19768960409905414	0.20367845187953496
HER2ST_manual_controlled	within_section_controlled_combined	HER2ST_G2_CONTROLLED	HER2ST::G	manual_truth_controlled	HER2ST_G2_CONTROLLED__reverse	reverse	balanced_ot	0.25		main21	heldout_expression_loss	endpoint_response	322	0.41397018611974407	0.19782748803563505	0.17888827692415218	0.21395919099061753	0.5400261617244945	0.20015248790131493	0.20534514644115356
HER2ST_manual_controlled	within_section_controlled_combined	HER2ST_G2_CONTROLLED	HER2ST::G	manual_truth_controlled	HER2ST_G2_CONTROLLED__reverse	reverse	balanced_ot	0.25		main21	heldout_expression_loss	source_boundary_proximity	322	-0.07489116170202374	0.21506801943429682	0.17888827692415218	0.21395919099061753	1.0316167534606562	0.2140011463974626	0.21313767985546833
HER2ST_manual_controlled	within_section_controlled_combined	HER2ST_H1_CONTROLLED	HER2ST::H	manual_truth_controlled	HER2ST_H1_CONTROLLED	forward	uot	0.25	2.0	main21	heldout_expression_loss	finite_response_h001	530	0.789757965110269	0.35881873143872145	0.3481588098047037	0.397634853244009	0.21545622675133266	0.36805358206752115	0.381955613728154
HER2ST_manual_controlled	within_section_controlled_combined	HER2ST_H1_CONTROLLED	HER2ST::H	manual_truth_controlled	HER2ST_H1_CONTROLLED	forward	uot	0.25	2.0	main21	heldout_expression_loss	local_reference	530	0.789761995297175	0.358811025948359	0.3481588098047037	0.397634853244009	0.2153004849048389	0.36805358206752115	0.381955613728154
HER2ST_manual_controlled	within_section_controlled_combined	HER2ST_H1_CONTROLLED	HER2ST::H	manual_truth_controlled	HER2ST_H1_CONTROLLED	forward	uot	0.25	2.0	main21	heldout_expression_loss	endpoint_response	530	0.7929823564462538	0.3587082595535742	0.3481588098047037	0.397634853244009	0.21322339086818942	0.36752481464940695	0.3817434257210732
HER2ST_manual_controlled	within_section_controlled_combined	HER2ST_H1_CONTROLLED	HER2ST::H	manual_truth_controlled	HER2ST_H1_CONTROLLED	forward	uot	0.25	2.0	main21	heldout_expression_loss	source_boundary_proximity	530	0.10159270303692816	0.3945721134762847	0.3481588098047037	0.397634853244009	0.9380965098496301	0.3963110459558602	0.39689074845486105
HER2ST_manual_controlled	within_section_controlled_combined	HER2ST_H1_CONTROLLED	HER2ST::H	manual_truth_controlled	HER2ST_H1_CONTROLLED	forward	row_softmax	0.25		main21	heldout_expression_loss	finite_response_h001	530	-0.366864568994684	0.42748212797533996	0.34879223454043834	0.39956020042619844	1.5499910634980423	0.43291345096620304	0.4163563151106958
HER2ST_manual_controlled	within_section_controlled_combined	HER2ST_H1_CONTROLLED	HER2ST::H	manual_truth_controlled	HER2ST_H1_CONTROLLED	forward	row_softmax	0.25		main21	heldout_expression_loss	local_reference	530	-0.36630131007270667	0.42742057773294817	0.34879223454043834	0.39956020042619844	1.5487786800330379	0.43291345096620304	0.4163563151106958
HER2ST_manual_controlled	within_section_controlled_combined	HER2ST_H1_CONTROLLED	HER2ST::H	manual_truth_controlled	HER2ST_H1_CONTROLLED	forward	row_softmax	0.25		main21	heldout_expression_loss	endpoint_response	530	-0.43860447524044605	0.4316168200346725	0.34879223454043834	0.39956020042619844	1.6314339967965037	0.4332646801396087	0.4172503326630242
HER2ST_manual_controlled	within_section_controlled_combined	HER2ST_H1_CONTROLLED	HER2ST::H	manual_truth_controlled	HER2ST_H1_CONTROLLED	forward	row_softmax	0.25		main21	heldout_expression_loss	source_boundary_proximity	530	0.1145924316052227	0.39560284899114295	0.34879223454043834	0.39956020042619844	0.922050226633849	0.39756264792348395	0.39832931454029924
HER2ST_manual_controlled	within_section_controlled_combined	HER2ST_H1_CONTROLLED	HER2ST::H	manual_truth_controlled	HER2ST_H1_CONTROLLED	forward	balanced_ot	0.25		main21	heldout_expression_loss	finite_response_h001	530	0.7221675393028865	0.360149105057584	0.34858070150757575	0.39765300624205724	0.23574200585446584	0.3665972458114339	0.38159572394409275
HER2ST_manual_controlled	within_section_controlled_combined	HER2ST_H1_CONTROLLED	HER2ST::H	manual_truth_controlled	HER2ST_H1_CONTROLLED	forward	balanced_ot	0.25		main21	heldout_expression_loss	local_reference	530	0.7221631060972901	0.3601423570892244	0.34858070150757575	0.39765300624205724	0.23560449512624235	0.3665972458114339	0.38159572394409275
HER2ST_manual_controlled	within_section_controlled_combined	HER2ST_H1_CONTROLLED	HER2ST::H	manual_truth_controlled	HER2ST_H1_CONTROLLED	forward	balanced_ot	0.25		main21	heldout_expression_loss	endpoint_response	530	0.7291988451902439	0.3598522952739605	0.34858070150757575	0.39765300624205724	0.22969358841759435	0.36627317131599657	0.3809119902924917
HER2ST_manual_controlled	within_section_controlled_combined	HER2ST_H1_CONTROLLED	HER2ST::H	manual_truth_controlled	HER2ST_H1_CONTROLLED	forward	balanced_ot	0.25		main21	heldout_expression_loss	source_boundary_proximity	530	0.09763822126719952	0.39483940739217327	0.34858070150757575	0.39765300624205724	0.9426642203762859	0.39648889897512224	0.39701814631414617
HER2ST_manual_controlled	within_section_controlled_combined	HER2ST_H1_CONTROLLED	HER2ST::H	manual_truth_controlled	HER2ST_H1_CONTROLLED__reverse	reverse	uot	0.25	2.0	main21	heldout_expression_loss	finite_response_h001	424	0.8396865578828882	0.36316988121850535	0.3548406982734983	0.40343174480353	0.17141394433353496	0.37284672885063463	0.38885943332241196
HER2ST_manual_controlled	within_section_controlled_combined	HER2ST_H1_CONTROLLED	HER2ST::H	manual_truth_controlled	HER2ST_H1_CONTROLLED__reverse	reverse	uot	0.25	2.0	main21	heldout_expression_loss	local_reference	424	0.839715997197755	0.3631718506786038	0.3548406982734983	0.40343174480353	0.17145447567087163	0.37284672885063463	0.38885943332241196
HER2ST_manual_controlled	within_section_controlled_combined	HER2ST_H1_CONTROLLED	HER2ST::H	manual_truth_controlled	HER2ST_H1_CONTROLLED__reverse	reverse	uot	0.25	2.0	main21	heldout_expression_loss	endpoint_response	424	0.8340715202178823	0.3633744741714319	0.3548406982734983	0.40343174480353	0.17562445156762233	0.3731381142391104	0.38801286614683345
HER2ST_manual_controlled	within_section_controlled_combined	HER2ST_H1_CONTROLLED	HER2ST::H	manual_truth_controlled	HER2ST_H1_CONTROLLED__reverse	reverse	uot	0.25	2.0	main21	heldout_expression_loss	source_boundary_proximity	424	-0.070142236330126	0.40713372229736566	0.3548406982734983	0.40343174480353	1.0761864120697144	0.4054920089369182	0.4039667537213745
HER2ST_manual_controlled	within_section_controlled_combined	HER2ST_H1_CONTROLLED	HER2ST::H	manual_truth_controlled	HER2ST_H1_CONTROLLED__reverse	reverse	row_softmax	0.25		main21	heldout_expression_loss	finite_response_h001	424	-0.4887348178934359	0.4334486315668477	0.3544024090802087	0.4030457007591324	1.6250179574275896	0.43191155719504465	0.42036604327877686
HER2ST_manual_controlled	within_section_controlled_combined	HER2ST_H1_CONTROLLED	HER2ST::H	manual_truth_controlled	HER2ST_H1_CONTROLLED__reverse	reverse	row_softmax	0.25		main21	heldout_expression_loss	local_reference	424	-0.4879994647397296	0.4333778185577593	0.3544024090802087	0.4030457007591324	1.623562196383378	0.43191155719504454	0.4203660432787768
HER2ST_manual_controlled	within_section_controlled_combined	HER2ST_H1_CONTROLLED	HER2ST::H	manual_truth_controlled	HER2ST_H1_CONTROLLED__reverse	reverse	row_softmax	0.25		main21	heldout_expression_loss	endpoint_response	424	-0.5475704693760282	0.4367654342007007	0.3544024090802087	0.4030457007591324	1.6932041865945209	0.4326240054891791	0.42074422748214585
HER2ST_manual_controlled	within_section_controlled_combined	HER2ST_H1_CONTROLLED	HER2ST::H	manual_truth_controlled	HER2ST_H1_CONTROLLED__reverse	reverse	row_softmax	0.25		main21	heldout_expression_loss	source_boundary_proximity	424	-0.05911915395630547	0.40615671279231264	0.3544024090802087	0.4030457007591324	1.0639556231867469	0.4046675552193162	0.4032338138036461
HER2ST_manual_controlled	within_section_controlled_combined	HER2ST_H1_CONTROLLED	HER2ST::H	manual_truth_controlled	HER2ST_H1_CONTROLLED__reverse	reverse	balanced_ot	0.25		main21	heldout_expression_loss	finite_response_h001	424	0.5186797962862383	0.379684622353123	0.3555431115982802	0.4043989655860746	0.49413752466335037	0.386096803655335	0.39352658583112
HER2ST_manual_controlled	within_section_controlled_combined	HER2ST_H1_CONTROLLED	HER2ST::H	manual_truth_controlled	HER2ST_H1_CONTROLLED__reverse	reverse	balanced_ot	0.25		main21	heldout_expression_loss	local_reference	424	0.5191010776048677	0.3796743328458365	0.3555431115982802	0.4043989655860746	0.49392691515708614	0.386096803655335	0.39352658583112
HER2ST_manual_controlled	within_section_controlled_combined	HER2ST_H1_CONTROLLED	HER2ST::H	manual_truth_controlled	HER2ST_H1_CONTROLLED__reverse	reverse	balanced_ot	0.25		main21	heldout_expression_loss	endpoint_response	424	0.4759663415747672	0.38213757284929356	0.3555431115982802	0.4043989655860746	0.5443454382694328	0.3874347360753903	0.39397119466715874
HER2ST_manual_controlled	within_section_controlled_combined	HER2ST_H1_CONTROLLED	HER2ST::H	manual_truth_controlled	HER2ST_H1_CONTROLLED__reverse	reverse	balanced_ot	0.25		main21	heldout_expression_loss	source_boundary_proximity	424	-0.07090784514496093	0.40813452375056986	0.3555431115982802	0.4043989655860746	1.0764608099047563	0.4064548776454877	0.40495902584601884
Stereo-seq	cross_stage	ST_DEV_E11_5_E12_5	Stereo-seq::shared_developmental_series	legacy_replication	ST_DEV_E11_5_E12_5	forward	uot	0.25	2.0	main21	heldout_expression_loss	finite_response_h001	1500	0.28281484569548704	0.15412899873508837	0.13957077155018024	0.1651140045775089	0.5699445786417209	0.1559950723178273	0.15649966761271839
Stereo-seq	cross_stage	ST_DEV_E11_5_E12_5	Stereo-seq::shared_developmental_series	legacy_replication	ST_DEV_E11_5_E12_5	forward	uot	0.25	2.0	main21	heldout_expression_loss	local_reference	1500	0.2829600119822276	0.15412520244815844	0.13957077155018024	0.1651140045775089	0.569795956620152	0.15596602481355765	0.15649966761271839
Stereo-seq	cross_stage	ST_DEV_E11_5_E12_5	Stereo-seq::shared_developmental_series	legacy_replication	ST_DEV_E11_5_E12_5	forward	uot	0.25	2.0	main21	heldout_expression_loss	endpoint_response	1500	0.2712698947866199	0.1541195099845128	0.13957077155018024	0.1651140045775089	0.5695731005846784	0.15662312249681867	0.15623317018602262
Stereo-seq	cross_stage	ST_DEV_E11_5_E12_5	Stereo-seq::shared_developmental_series	legacy_replication	ST_DEV_E11_5_E12_5	forward	uot	0.25	2.0	main21	heldout_expression_loss	source_boundary_proximity	1500	-0.0935663647947258	0.16089359464302266	0.13957077155018024	0.1651140045775089	0.8347738545872077	0.15872836331236792	0.15768334021941027
Stereo-seq	cross_stage	ST_DEV_E11_5_E12_5	Stereo-seq::shared_developmental_series	legacy_replication	ST_DEV_E11_5_E12_5	forward	row_softmax	0.25		main21	heldout_expression_loss	finite_response_h001	1500	-0.3086445958420426	0.17020079077873945	0.1361859591569598	0.1623687609569292	1.2991287900219832	0.17042197288370417	0.16633962630412447
Stereo-seq	cross_stage	ST_DEV_E11_5_E12_5	Stereo-seq::shared_developmental_series	legacy_replication	ST_DEV_E11_5_E12_5	forward	row_softmax	0.25		main21	heldout_expression_loss	local_reference	1500	-0.30832332992148004	0.17019483045994013	0.1361859591569598	0.1623687609569292	1.2989011475089758	0.17042197288370417	0.16633962630412447
Stereo-seq	cross_stage	ST_DEV_E11_5_E12_5	Stereo-seq::shared_developmental_series	legacy_replication	ST_DEV_E11_5_E12_5	forward	row_softmax	0.25		main21	heldout_expression_loss	endpoint_response	1500	-0.33575936700416315	0.17089049631880876	0.1361859591569598	0.1623687609569292	1.3254707203218228	0.17058570901230138	0.16734652239907913
Stereo-seq	cross_stage	ST_DEV_E11_5_E12_5	Stereo-seq::shared_developmental_series	legacy_replication	ST_DEV_E11_5_E12_5	forward	row_softmax	0.25		main21	heldout_expression_loss	source_boundary_proximity	1500	-0.07116809268276818	0.15767096103237954	0.1361859591569598	0.1623687609569292	0.8205768824727095	0.1554506554798449	0.15453216292869137
Stereo-seq	cross_stage	ST_DEV_E11_5_E12_5	Stereo-seq::shared_developmental_series	legacy_replication	ST_DEV_E11_5_E12_5	forward	balanced_ot	0.25		main21	heldout_expression_loss	finite_response_h001	1500	0.2165686971416432	0.15466610228538258	0.14009297308617308	0.16556309621426102	0.572165636024686	0.15609195310459706	0.15706124025033255
Stereo-seq	cross_stage	ST_DEV_E11_5_E12_5	Stereo-seq::shared_developmental_series	legacy_replication	ST_DEV_E11_5_E12_5	forward	balanced_ot	0.25		main21	heldout_expression_loss	local_reference	1500	0.21674093188485866	0.1546528041519905	0.14009297308617308	0.16556309621426102	0.571643528874862	0.15609195310459706	0.15706124025033255
Stereo-seq	cross_stage	ST_DEV_E11_5_E12_5	Stereo-seq::shared_developmental_series	legacy_replication	ST_DEV_E11_5_E12_5	forward	balanced_ot	0.25		main21	heldout_expression_loss	endpoint_response	1500	0.2066380225057878	0.1548150412301035	0.14009297308617308	0.16556309621426102	0.5780132302421117	0.15637177348596448	0.1571683398544683
Stereo-seq	cross_stage	ST_DEV_E11_5_E12_5	Stereo-seq::shared_developmental_series	legacy_replication	ST_DEV_E11_5_E12_5	forward	balanced_ot	0.25		main21	heldout_expression_loss	source_boundary_proximity	1500	-0.09650052007331052	0.16139945537029976	0.14009297308617308	0.16556309621426102	0.8365284367483219	0.15924536558874153	0.15818849620155814
Stereo-seq	cross_stage	ST_DEV_E11_5_E12_5	Stereo-seq::shared_developmental_series	legacy_replication	ST_DEV_E11_5_E12_5__reverse	reverse	uot	0.25	2.0	main21	heldout_expression_loss	finite_response_h001	1500	0.3302740347884599	0.21164578239268642	0.19375421144265975	0.22848838059856624	0.515100012029055	0.2129824729992413	0.21391935460458844
Stereo-seq	cross_stage	ST_DEV_E11_5_E12_5	Stereo-seq::shared_developmental_series	legacy_replication	ST_DEV_E11_5_E12_5__reverse	reverse	uot	0.25	2.0	main21	heldout_expression_loss	local_reference	1500	0.33036099660488744	0.21164421376908307	0.19375421144265975	0.22848838059856624	0.5150548512078388	0.2129824729992413	0.21391935460458844
Stereo-seq	cross_stage	ST_DEV_E11_5_E12_5	Stereo-seq::shared_developmental_series	legacy_replication	ST_DEV_E11_5_E12_5__reverse	reverse	uot	0.25	2.0	main21	heldout_expression_loss	endpoint_response	1500	0.33111884583059814	0.21134242436128237	0.19375421144265975	0.22848838059856624	0.5063663057457002	0.21239100094600252	0.21344990423853777
Stereo-seq	cross_stage	ST_DEV_E11_5_E12_5	Stereo-seq::shared_developmental_series	legacy_replication	ST_DEV_E11_5_E12_5__reverse	reverse	uot	0.25	2.0	main21	heldout_expression_loss	source_boundary_proximity	1500	0.1329591276967209	0.21341806693068355	0.19375421144265975	0.22848838059856624	0.5661242507273271	0.2108035828428995	0.21150129728946315
Stereo-seq	cross_stage	ST_DEV_E11_5_E12_5	Stereo-seq::shared_developmental_series	legacy_replication	ST_DEV_E11_5_E12_5__reverse	reverse	row_softmax	0.25		main21	heldout_expression_loss	finite_response_h001	1500	-0.07961384516170897	0.2335899382592006	0.1944444270520103	0.22944446648991204	1.118441917091082	0.23402609401825217	0.23220396442389887
Stereo-seq	cross_stage	ST_DEV_E11_5_E12_5	Stereo-seq::shared_developmental_series	legacy_replication	ST_DEV_E11_5_E12_5__reverse	reverse	row_softmax	0.25		main21	heldout_expression_loss	local_reference	1500	-0.07888446883754172	0.23357372891331812	0.1944444270520103	0.22944446648991204	1.1179787934448577	0.2339984386676727	0.23220396442389887
Stereo-seq	cross_stage	ST_DEV_E11_5_E12_5	Stereo-seq::shared_developmental_series	legacy_replication	ST_DEV_E11_5_E12_5__reverse	reverse	row_softmax	0.25		main21	heldout_expression_loss	endpoint_response	1500	-0.20578665146073402	0.23746340837483065	0.1944444270520103	0.22944446648991204	1.2291123671202169	0.2362789904738399	0.23403303658575877
Stereo-seq	cross_stage	ST_DEV_E11_5_E12_5	Stereo-seq::shared_developmental_series	legacy_replication	ST_DEV_E11_5_E12_5__reverse	reverse	row_softmax	0.25		main21	heldout_expression_loss	source_boundary_proximity	1500	0.13590901780526402	0.21421524778915668	0.1944444270520103	0.22944446648991204	0.5648799559847482	0.2115804713521532	0.21233904137438478
Stereo-seq	cross_stage	ST_DEV_E11_5_E12_5	Stereo-seq::shared_developmental_series	legacy_replication	ST_DEV_E11_5_E12_5__reverse	reverse	balanced_ot	0.25		main21	heldout_expression_loss	finite_response_h001	1500	0.03451891311951694	0.22220873950162198	0.1936854743993402	0.22839093749430467	0.8218667194912123	0.22356796469417042	0.2234656724854203
Stereo-seq	cross_stage	ST_DEV_E11_5_E12_5	Stereo-seq::shared_developmental_series	legacy_replication	ST_DEV_E11_5_E12_5__reverse	reverse	balanced_ot	0.25		main21	heldout_expression_loss	local_reference	1500	0.03463834072815144	0.22219717354642107	0.1936854743993402	0.22839093749430467	0.8215334591290249	0.22356796469417048	0.22346567248542035
Stereo-seq	cross_stage	ST_DEV_E11_5_E12_5	Stereo-seq::shared_developmental_series	legacy_replication	ST_DEV_E11_5_E12_5__reverse	reverse	balanced_ot	0.25		main21	heldout_expression_loss	endpoint_response	1500	0.032234183215192544	0.22254875531871232	0.1936854743993402	0.22839093749430467	0.8316639037604426	0.22532231526762034	0.22524672427615647
Stereo-seq	cross_stage	ST_DEV_E11_5_E12_5	Stereo-seq::shared_developmental_series	legacy_replication	ST_DEV_E11_5_E12_5__reverse	reverse	balanced_ot	0.25		main21	heldout_expression_loss	source_boundary_proximity	1500	0.13276653949961462	0.2133355327644816	0.1936854743993402	0.22839093749430467	0.5661949621986893	0.2107231701911255	0.21141743513879832
Stereo-seq	cross_stage	ST_DEV_E12_5_E13_5	Stereo-seq::shared_developmental_series	legacy_replication	ST_DEV_E12_5_E13_5	forward	uot	0.25	2.0	main21	heldout_expression_loss	finite_response_h001	1500	0.22467309185470752	0.14674747564245463	0.13307990651905494	0.1569047720695142	0.5736682582511461	0.14689960021405818	0.14933610174791861
Stereo-seq	cross_stage	ST_DEV_E12_5_E13_5	Stereo-seq::shared_developmental_series	legacy_replication	ST_DEV_E12_5_E13_5	forward	uot	0.25	2.0	main21	heldout_expression_loss	local_reference	1500	0.22469741542107358	0.14674476224565625	0.13307990651905494	0.1569047720695142	0.573554368970527	0.14689960021405818	0.14933610174791861
Stereo-seq	cross_stage	ST_DEV_E12_5_E13_5	Stereo-seq::shared_developmental_series	legacy_replication	ST_DEV_E12_5_E13_5	forward	uot	0.25	2.0	main21	heldout_expression_loss	endpoint_response	1500	0.22351888334172595	0.14665577140478375	0.13307990651905494	0.1569047720695142	0.5698191604471455	0.1471569484762302	0.14889642587573768
Stereo-seq	cross_stage	ST_DEV_E12_5_E13_5	Stereo-seq::shared_developmental_series	legacy_replication	ST_DEV_E12_5_E13_5	forward	uot	0.25	2.0	main21	heldout_expression_loss	source_boundary_proximity	1500	0.1496906637840934	0.14645597482577138	0.13307990651905494	0.1569047720695142	0.5614331077078671	0.144790816750637	0.14550015876675293
Stereo-seq	cross_stage	ST_DEV_E12_5_E13_5	Stereo-seq::shared_developmental_series	legacy_replication	ST_DEV_E12_5_E13_5	forward	row_softmax	0.25		main21	heldout_expression_loss	finite_response_h001	1500	-0.4914368335274816	0.16711329739544184	0.1322302129611378	0.1562897987741149	1.4498622173075417	0.16415739073052338	0.1603990370058163
Stereo-seq	cross_stage	ST_DEV_E12_5_E13_5	Stereo-seq::shared_developmental_series	legacy_replication	ST_DEV_E12_5_E13_5	forward	row_softmax	0.25		main21	heldout_expression_loss	local_reference	1500	-0.49063835139482287	0.16709865181072614	0.1322302129611378	0.1562897987741149	1.449253495909362	0.16415739073052335	0.1603990370058163
Stereo-seq	cross_stage	ST_DEV_E12_5_E13_5	Stereo-seq::shared_developmental_series	legacy_replication	ST_DEV_E12_5_E13_5	forward	row_softmax	0.25		main21	heldout_expression_loss	endpoint_response	1500	-0.5761878258612559	0.16827599039754845	0.1322302129611378	0.1562897987741149	1.4981877791499025	0.16562686925158526	0.16115954248410555
Stereo-seq	cross_stage	ST_DEV_E12_5_E13_5	Stereo-seq::shared_developmental_series	legacy_replication	ST_DEV_E12_5_E13_5	forward	row_softmax	0.25		main21	heldout_expression_loss	source_boundary_proximity	1500	0.1484992334679101	0.1457487143393763	0.1322302129611378	0.1562897987741149	0.561875897753277	0.14405425377914996	0.14475397030586004
Stereo-seq	cross_stage	ST_DEV_E12_5_E13_5	Stereo-seq::shared_developmental_series	legacy_replication	ST_DEV_E12_5_E13_5	forward	balanced_ot	0.25		main21	heldout_expression_loss	finite_response_h001	1500	0.09547845665709186	0.1493163331400918	0.13327164039325662	0.1570482665293222	0.6748094811693147	0.14970483987042635	0.15104056960910403
Stereo-seq	cross_stage	ST_DEV_E12_5_E13_5	Stereo-seq::shared_developmental_series	legacy_replication	ST_DEV_E12_5_E13_5	forward	balanced_ot	0.25		main21	heldout_expression_loss	local_reference	1500	0.09562046205353872	0.14931831285218594	0.13327164039325662	0.1570482665293222	0.6748927441218807	0.14968421431614176	0.15104056960910403
Stereo-seq	cross_stage	ST_DEV_E12_5_E13_5	Stereo-seq::shared_developmental_series	legacy_replication	ST_DEV_E12_5_E13_5	forward	balanced_ot	0.25		main21	heldout_expression_loss	endpoint_response	1500	0.08785671460298428	0.14954272007870872	0.13327164039325662	0.1570482665293222	0.684330888341274	0.15032829977700704	0.15129691431284872
Stereo-seq	cross_stage	ST_DEV_E12_5_E13_5	Stereo-seq::shared_developmental_series	legacy_replication	ST_DEV_E12_5_E13_5	forward	balanced_ot	0.25		main21	heldout_expression_loss	source_boundary_proximity	1500	0.15029881634145334	0.1466139374928662	0.13327164039325662	0.1570482665293222	0.5611518229397279	0.14495650636282842	0.14567347751291615
Stereo-seq	cross_stage	ST_DEV_E12_5_E13_5	Stereo-seq::shared_developmental_series	legacy_replication	ST_DEV_E12_5_E13_5__reverse	reverse	uot	0.25	2.0	main21	heldout_expression_loss	finite_response_h001	1500	0.5730226437702652	0.1451472169266186	0.1361285781213013	0.17449922487638672	0.23504005191473692	0.1450091077769052	0.15132917728188702
Stereo-seq	cross_stage	ST_DEV_E12_5_E13_5	Stereo-seq::shared_developmental_series	legacy_replication	ST_DEV_E12_5_E13_5__reverse	reverse	uot	0.25	2.0	main21	heldout_expression_loss	local_reference	1500	0.5729529264053267	0.1451556225333109	0.1361285781213013	0.17449922487638672	0.23525911537608404	0.1450091077769052	0.15132917728188702
Stereo-seq	cross_stage	ST_DEV_E12_5_E13_5	Stereo-seq::shared_developmental_series	legacy_replication	ST_DEV_E12_5_E13_5__reverse	reverse	uot	0.25	2.0	main21	heldout_expression_loss	endpoint_response	1500	0.5821910105932582	0.14463711539133894	0.1361285781213013	0.17449922487638672	0.2217459956916147	0.144545932795727	0.15071106070919302
Stereo-seq	cross_stage	ST_DEV_E12_5_E13_5	Stereo-seq::shared_developmental_series	legacy_replication	ST_DEV_E12_5_E13_5__reverse	reverse	uot	0.25	2.0	main21	heldout_expression_loss	source_boundary_proximity	1500	0.11808539035319483	0.15980946942101368	0.1361285781213013	0.17449922487638672	0.6171616405338242	0.16072230830478315	0.15942985011814578
Stereo-seq	cross_stage	ST_DEV_E12_5_E13_5	Stereo-seq::shared_developmental_series	legacy_replication	ST_DEV_E12_5_E13_5__reverse	reverse	row_softmax	0.25		main21	heldout_expression_loss	finite_response_h001	1500	-0.208546928319052	0.18071512674693566	0.13599103551352804	0.17450295266833038	1.1613052410150044	0.1793875405756045	0.17597988574661927
Stereo-seq	cross_stage	ST_DEV_E12_5_E13_5	Stereo-seq::shared_developmental_series	legacy_replication	ST_DEV_E12_5_E13_5__reverse	reverse	row_softmax	0.25		main21	heldout_expression_loss	local_reference	1500	-0.20767030569942746	0.1806825542091343	0.13599103551352804	0.17450295266833038	1.1604594628713083	0.1793875405756045	0.17597988574661927
Stereo-seq	cross_stage	ST_DEV_E12_5_E13_5	Stereo-seq::shared_developmental_series	legacy_replication	ST_DEV_E12_5_E13_5__reverse	reverse	row_softmax	0.25		main21	heldout_expression_loss	endpoint_response	1500	-0.3139182151984798	0.18401935473247338	0.13599103551352804	0.17450295266833038	1.2471027870643498	0.18249944497717518	0.17755935636303538
Stereo-seq	cross_stage	ST_DEV_E12_5_E13_5	Stereo-seq::shared_developmental_series	legacy_replication	ST_DEV_E12_5_E13_5__reverse	reverse	row_softmax	0.25		main21	heldout_expression_loss	source_boundary_proximity	1500	0.11881927904115713	0.1596985423333314	0.13599103551352804	0.17450295266833038	0.6155888507058415	0.16060735741500426	0.1593199299564185
Stereo-seq	cross_stage	ST_DEV_E12_5_E13_5	Stereo-seq::shared_developmental_series	legacy_replication	ST_DEV_E12_5_E13_5__reverse	reverse	balanced_ot	0.25		main21	heldout_expression_loss	finite_response_h001	1500	0.1724176034959803	0.15893556557321767	0.13614357165706162	0.1744948507046944	0.5942955354330713	0.15907894050251611	0.1613463280055878
Stereo-seq	cross_stage	ST_DEV_E12_5_E13_5	Stereo-seq::shared_developmental_series	legacy_replication	ST_DEV_E12_5_E13_5__reverse	reverse	balanced_ot	0.25		main21	heldout_expression_loss	local_reference	1500	0.17254216888578328	0.15892207548516069	0.13614357165706162	0.1744948507046944	0.5939437847642024	0.15907894050251611	0.1613463280055878
Stereo-seq	cross_stage	ST_DEV_E12_5_E13_5	Stereo-seq::shared_developmental_series	legacy_replication	ST_DEV_E12_5_E13_5__reverse	reverse	balanced_ot	0.25		main21	heldout_expression_loss	endpoint_response	1500	0.17241158571547444	0.1592735449676006	0.13614357165706162	0.1744948507046944	0.6031082635291319	0.15889988805823832	0.16173046524917747
Stereo-seq	cross_stage	ST_DEV_E12_5_E13_5	Stereo-seq::shared_developmental_series	legacy_replication	ST_DEV_E12_5_E13_5__reverse	reverse	balanced_ot	0.25		main21	heldout_expression_loss	source_boundary_proximity	1500	0.11785568591387836	0.15982172784730167	0.13614357165706162	0.1744948507046944	0.6174019948808351	0.16073537204082752	0.15944302150855505
Stereo-seq	cross_stage	ST_DEV_E13_5_E14_5	Stereo-seq::shared_developmental_series	legacy_replication	ST_DEV_E13_5_E14_5	forward	uot	0.25	2.0	main21	heldout_expression_loss	finite_response_h001	1500	0.4916379731427009	0.21044360183400465	0.1958071351484019	0.24089876520390152	0.3245938695848413	0.21122593207835713	0.2173691023862215
Stereo-seq	cross_stage	ST_DEV_E13_5_E14_5	Stereo-seq::shared_developmental_series	legacy_replication	ST_DEV_E13_5_E14_5	forward	uot	0.25	2.0	main21	heldout_expression_loss	local_reference	1500	0.4915688317783922	0.21044328813208427	0.1958071351484019	0.24089876520390152	0.3245869125970367	0.2112259320783572	0.2173691023862216
Stereo-seq	cross_stage	ST_DEV_E13_5_E14_5	Stereo-seq::shared_developmental_series	legacy_replication	ST_DEV_E13_5_E14_5	forward	uot	0.25	2.0	main21	heldout_expression_loss	endpoint_response	1500	0.5012284201058878	0.20988272130127017	0.1958071351484019	0.24089876520390152	0.3121551856862078	0.21071010548057062	0.2165992324774821
Stereo-seq	cross_stage	ST_DEV_E13_5_E14_5	Stereo-seq::shared_developmental_series	legacy_replication	ST_DEV_E13_5_E14_5	forward	uot	0.25	2.0	main21	heldout_expression_loss	source_boundary_proximity	1500	0.16623712238968558	0.2254024447953514	0.1958071351484019	0.24089876520390152	0.65633709871484	0.2246323911653955	0.22509465704096338
Stereo-seq	cross_stage	ST_DEV_E13_5_E14_5	Stereo-seq::shared_developmental_series	legacy_replication	ST_DEV_E13_5_E14_5	forward	row_softmax	0.25		main21	heldout_expression_loss	finite_response_h001	1500	-0.5263076384524887	0.2604767760884125	0.1957451189572873	0.24101617870936143	1.4298683857993735	0.2553781024391226	0.250105376095929
Stereo-seq	cross_stage	ST_DEV_E13_5_E14_5	Stereo-seq::shared_developmental_series	legacy_replication	ST_DEV_E13_5_E14_5	forward	row_softmax	0.25		main21	heldout_expression_loss	local_reference	1500	-0.5255272292139764	0.26045967578208823	0.1957451189572873	0.24101617870936143	1.4294906542768966	0.2553781024391226	0.250105376095929
Stereo-seq	cross_stage	ST_DEV_E13_5_E14_5	Stereo-seq::shared_developmental_series	legacy_replication	ST_DEV_E13_5_E14_5	forward	row_softmax	0.25		main21	heldout_expression_loss	endpoint_response	1500	-0.5987058397757719	0.2627744616487136	0.1957451189572873	0.24101617870936143	1.4806223458984809	0.2568422473230807	0.2500513008679018
Stereo-seq	cross_stage	ST_DEV_E13_5_E14_5	Stereo-seq::shared_developmental_series	legacy_replication	ST_DEV_E13_5_E14_5	forward	row_softmax	0.25		main21	heldout_expression_loss	source_boundary_proximity	1500	0.16435246079567514	0.22549811892600521	0.1957451189572873	0.24101617870936143	0.6572189856314278	0.2246837907517406	0.225141933497904
Stereo-seq	cross_stage	ST_DEV_E13_5_E14_5	Stereo-seq::shared_developmental_series	legacy_replication	ST_DEV_E13_5_E14_5	forward	balanced_ot	0.25		main21	heldout_expression_loss	finite_response_h001	1500	-0.03337360428470806	0.23523013349611877	0.19579373557135094	0.240864516233548	0.8749881263504486	0.23642103312246537	0.23950671202411516
Stereo-seq	cross_stage	ST_DEV_E13_5_E14_5	Stereo-seq::shared_developmental_series	legacy_replication	ST_DEV_E13_5_E14_5	forward	balanced_ot	0.25		main21	heldout_expression_loss	local_reference	1500	-0.03333253404408637	0.23521179417503102	0.19579373557135094	0.240864516233548	0.8745812258970218	0.23642103312246537	0.23950671202411516
Stereo-seq	cross_stage	ST_DEV_E13_5_E14_5	Stereo-seq::shared_developmental_series	legacy_replication	ST_DEV_E13_5_E14_5	forward	balanced_ot	0.25		main21	heldout_expression_loss	endpoint_response	1500	-0.03182160714496889	0.23591693710987233	0.19579373557135094	0.240864516233548	0.8902264604476793	0.23755399573435507	0.24123100795873542
Stereo-seq	cross_stage	ST_DEV_E13_5_E14_5	Stereo-seq::shared_developmental_series	legacy_replication	ST_DEV_E13_5_E14_5	forward	balanced_ot	0.25		main21	heldout_expression_loss	source_boundary_proximity	1500	0.16654172033979628	0.2253676356749747	0.19579373557135094	0.240864516233548	0.6561656946942737	0.22460220670635367	0.2250662997234064
Stereo-seq	cross_stage	ST_DEV_E13_5_E14_5	Stereo-seq::shared_developmental_series	legacy_replication	ST_DEV_E13_5_E14_5__reverse	reverse	uot	0.25	2.0	main21	heldout_expression_loss	finite_response_h001	1500	0.2827397381065503	0.16941794410248331	0.15277641582601192	0.17863076666508532	0.6436645182102672	0.17176235705631393	0.1743359793128819
Stereo-seq	cross_stage	ST_DEV_E13_5_E14_5	Stereo-seq::shared_developmental_series	legacy_replication	ST_DEV_E13_5_E14_5__reverse	reverse	uot	0.25	2.0	main21	heldout_expression_loss	local_reference	1500	0.28272059498693114	0.16942215191252327	0.15277641582601192	0.17863076666508532	0.6438272687688152	0.17176235705631396	0.17433597931288192
Stereo-seq	cross_stage	ST_DEV_E13_5_E14_5	Stereo-seq::shared_developmental_series	legacy_replication	ST_DEV_E13_5_E14_5__reverse	reverse	uot	0.25	2.0	main21	heldout_expression_loss	endpoint_response	1500	0.2806312642805619	0.1694318868604216	0.15277641582601192	0.17863076666508532	0.6442037991237609	0.1715935870219519	0.17428324025315128
Stereo-seq	cross_stage	ST_DEV_E13_5_E14_5	Stereo-seq::shared_developmental_series	legacy_replication	ST_DEV_E13_5_E14_5__reverse	reverse	uot	0.25	2.0	main21	heldout_expression_loss	source_boundary_proximity	1500	-0.01850871569788416	0.1737407517750751	0.15277641582601192	0.17863076666508532	0.810862979293218	0.17138832754776676	0.17221384608665422
Stereo-seq	cross_stage	ST_DEV_E13_5_E14_5	Stereo-seq::shared_developmental_series	legacy_replication	ST_DEV_E13_5_E14_5__reverse	reverse	row_softmax	0.25		main21	heldout_expression_loss	finite_response_h001	1500	-0.31372430654413624	0.18453333845893935	0.1506171464247844	0.17689435145939147	1.2907077442021453	0.18276849955149221	0.17994829510931937
Stereo-seq	cross_stage	ST_DEV_E13_5_E14_5	Stereo-seq::shared_developmental_series	legacy_replication	ST_DEV_E13_5_E14_5__reverse	reverse	row_softmax	0.25		main21	heldout_expression_loss	local_reference	1500	-0.31214760539893577	0.18450974199370215	0.1506171464247844	0.17689435145939147	1.2898097618936721	0.18276849955149224	0.17988594164226734
Stereo-seq	cross_stage	ST_DEV_E13_5_E14_5	Stereo-seq::shared_developmental_series	legacy_replication	ST_DEV_E13_5_E14_5__reverse	reverse	row_softmax	0.25		main21	heldout_expression_loss	endpoint_response	1500	-0.501037801350134	0.1881505273038027	0.1506171464247844	0.17689435145939147	1.428362751273845	0.1854651913223861	0.1815394533008189
Stereo-seq	cross_stage	ST_DEV_E13_5_E14_5	Stereo-seq::shared_developmental_series	legacy_replication	ST_DEV_E13_5_E14_5__reverse	reverse	row_softmax	0.25		main21	heldout_expression_loss	source_boundary_proximity	1500	-0.022411999519909485	0.17191246528969364	0.1506171464247844	0.17689435145939147	0.8104103475564967	0.16954401266027533	0.1703462063821044
Stereo-seq	cross_stage	ST_DEV_E13_5_E14_5	Stereo-seq::shared_developmental_series	legacy_replication	ST_DEV_E13_5_E14_5__reverse	reverse	balanced_ot	0.25		main21	heldout_expression_loss	finite_response_h001	1500	0.2047387434394415	0.17137367335090273	0.1532091525079452	0.1789665134973054	0.705216689336337	0.17337019113991334	0.17515631318530275
Stereo-seq	cross_stage	ST_DEV_E13_5_E14_5	Stereo-seq::shared_developmental_series	legacy_replication	ST_DEV_E13_5_E14_5__reverse	reverse	balanced_ot	0.25		main21	heldout_expression_loss	local_reference	1500	0.2048331612591828	0.17136617819872588	0.1532091525079452	0.1789665134973054	0.7049256986490555	0.17337019113991334	0.17515631318530275
Stereo-seq	cross_stage	ST_DEV_E13_5_E14_5	Stereo-seq::shared_developmental_series	legacy_replication	ST_DEV_E13_5_E14_5__reverse	reverse	balanced_ot	0.25		main21	heldout_expression_loss	endpoint_response	1500	0.19925987167105413	0.1716098802656519	0.1532091525079452	0.1789665134973054	0.7143871519022323	0.1737605517213554	0.17569788791093013
Stereo-seq	cross_stage	ST_DEV_E13_5_E14_5	Stereo-seq::shared_developmental_series	legacy_replication	ST_DEV_E13_5_E14_5__reverse	reverse	balanced_ot	0.25		main21	heldout_expression_loss	source_boundary_proximity	1500	-0.017728068177991534	0.17409223461182027	0.1532091525079452	0.1789665134973054	0.810761712448003	0.17174843886912314	0.17258295271264157
Stereo-seq	cross_stage	ST_DEV_E14_5_E15_5	Stereo-seq::shared_developmental_series	legacy_replication	ST_DEV_E14_5_E15_5	forward	uot	0.25	2.0	main21	heldout_expression_loss	finite_response_h001	1500	0.4185651389178396	0.2185985424048874	0.20210866106663272	0.22882706788996948	0.6171730764969064	0.2229043740655421	0.22524532258410923
Stereo-seq	cross_stage	ST_DEV_E14_5_E15_5	Stereo-seq::shared_developmental_series	legacy_replication	ST_DEV_E14_5_E15_5	forward	uot	0.25	2.0	main21	heldout_expression_loss	local_reference	1500	0.41858911759516343	0.21860098052168764	0.20210866106663272	0.22882706788996948	0.6172643288240512	0.22290437406554214	0.2252453225841093
Stereo-seq	cross_stage	ST_DEV_E14_5_E15_5	Stereo-seq::shared_developmental_series	legacy_replication	ST_DEV_E14_5_E15_5	forward	uot	0.25	2.0	main21	heldout_expression_loss	endpoint_response	1500	0.4169311577471813	0.21841476683893835	0.20210866106663272	0.22882706788996948	0.610294838315858	0.22286450071286917	0.22549757529545914
Stereo-seq	cross_stage	ST_DEV_E14_5_E15_5	Stereo-seq::shared_developmental_series	legacy_replication	ST_DEV_E14_5_E15_5	forward	uot	0.25	2.0	main21	heldout_expression_loss	source_boundary_proximity	1500	0.03484006895785967	0.22332812437477964	0.20210866106663272	0.22882706788996948	0.7941889442903879	0.2224492862449586	0.22273765889104988
Stereo-seq	cross_stage	ST_DEV_E14_5_E15_5	Stereo-seq::shared_developmental_series	legacy_replication	ST_DEV_E14_5_E15_5	forward	row_softmax	0.25		main21	heldout_expression_loss	finite_response_h001	1500	-0.07242709707870983	0.22233975490863567	0.19532697294197582	0.22230776262155819	1.0011857431697668	0.22182698995407024	0.22377113998636433
Stereo-seq	cross_stage	ST_DEV_E14_5_E15_5	Stereo-seq::shared_developmental_series	legacy_replication	ST_DEV_E14_5_E15_5	forward	row_softmax	0.25		main21	heldout_expression_loss	local_reference	1500	-0.07155544869131053	0.22232533228460133	0.19532697294197582	0.22230776262155819	1.0006511915793346	0.22182698995407024	0.22377113998636433
Stereo-seq	cross_stage	ST_DEV_E14_5_E15_5	Stereo-seq::shared_developmental_series	legacy_replication	ST_DEV_E14_5_E15_5	forward	row_softmax	0.25		main21	heldout_expression_loss	endpoint_response	1500	-0.1742052472023321	0.22558599720322275	0.19532697294197582	0.22230776262155819	1.1215025438690316	0.2243287366271576	0.22442177002952587
Stereo-seq	cross_stage	ST_DEV_E14_5_E15_5	Stereo-seq::shared_developmental_series	legacy_replication	ST_DEV_E14_5_E15_5	forward	row_softmax	0.25		main21	heldout_expression_loss	source_boundary_proximity	1500	0.017945415928022842	0.21695471193278865	0.19532697294197582	0.22230776262155819	0.80159770146311	0.21591052454163312	0.21607796350314967
Stereo-seq	cross_stage	ST_DEV_E14_5_E15_5	Stereo-seq::shared_developmental_series	legacy_replication	ST_DEV_E14_5_E15_5	forward	balanced_ot	0.25		main21	heldout_expression_loss	finite_response_h001	1500	0.3406905300846801	0.22139708502302757	0.20346584712245486	0.23016249138521921	0.6716663609134818	0.22533458229454936	0.22611437792580963
Stereo-seq	cross_stage	ST_DEV_E14_5_E15_5	Stereo-seq::shared_developmental_series	legacy_replication	ST_DEV_E14_5_E15_5	forward	balanced_ot	0.25		main21	heldout_expression_loss	local_reference	1500	0.34077859412381967	0.22139009047378208	0.20346584712245486	0.23016249138521921	0.6714043598478554	0.2253345822945493	0.22611437792580957
Stereo-seq	cross_stage	ST_DEV_E14_5_E15_5	Stereo-seq::shared_developmental_series	legacy_replication	ST_DEV_E14_5_E15_5	forward	balanced_ot	0.25		main21	heldout_expression_loss	endpoint_response	1500	0.3344865451051312	0.22155903379423447	0.20346584712245486	0.23016249138521921	0.6777326203883769	0.2256235178285248	0.22635638611103168
Stereo-seq	cross_stage	ST_DEV_E14_5_E15_5	Stereo-seq::shared_developmental_series	legacy_replication	ST_DEV_E14_5_E15_5	forward	balanced_ot	0.25		main21	heldout_expression_loss	source_boundary_proximity	1500	0.03769509207809572	0.2246353646428043	0.20346584712245486	0.23016249138521921	0.7929654870472255	0.22378882585959525	0.22410327067452238
Stereo-seq	cross_stage	ST_DEV_E14_5_E15_5	Stereo-seq::shared_developmental_series	legacy_replication	ST_DEV_E14_5_E15_5__reverse	reverse	uot	0.25	2.0	main21	heldout_expression_loss	finite_response_h001	1500	0.6635635838060373	0.27931912429576006	0.2671155157508498	0.31235722330745763	0.2697424390898758	0.2813470059758568	0.2917077780247217
Stereo-seq	cross_stage	ST_DEV_E14_5_E15_5	Stereo-seq::shared_developmental_series	legacy_replication	ST_DEV_E14_5_E15_5__reverse	reverse	uot	0.25	2.0	main21	heldout_expression_loss	local_reference	1500	0.663582609592271	0.2793168228071515	0.2671155157508498	0.31235722330745763	0.26969156814063716	0.2813470059758568	0.2917077780247217
Stereo-seq	cross_stage	ST_DEV_E14_5_E15_5	Stereo-seq::shared_developmental_series	legacy_replication	ST_DEV_E14_5_E15_5__reverse	reverse	uot	0.25	2.0	main21	heldout_expression_loss	endpoint_response	1500	0.6664302197467644	0.27916089781735726	0.2671155157508498	0.31235722330745763	0.26624508041470146	0.2815418123533077	0.29084066553746085
Stereo-seq	cross_stage	ST_DEV_E14_5_E15_5	Stereo-seq::shared_developmental_series	legacy_replication	ST_DEV_E14_5_E15_5__reverse	reverse	uot	0.25	2.0	main21	heldout_expression_loss	source_boundary_proximity	1500	0.09529520157339792	0.2950022551024644	0.2671155157508498	0.31235722330745763	0.6163944921115513	0.2933989079716473	0.2967326370706169
Stereo-seq	cross_stage	ST_DEV_E14_5_E15_5	Stereo-seq::shared_developmental_series	legacy_replication	ST_DEV_E14_5_E15_5__reverse	reverse	row_softmax	0.25		main21	heldout_expression_loss	finite_response_h001	1500	0.007913930628413614	0.3152368284190931	0.2673453322563193	0.3127960034384914	1.0537027268710417	0.3158220440684147	0.31575721725901584
Stereo-seq	cross_stage	ST_DEV_E14_5_E15_5	Stereo-seq::shared_developmental_series	legacy_replication	ST_DEV_E14_5_E15_5__reverse	reverse	row_softmax	0.25		main21	heldout_expression_loss	local_reference	1500	0.0088945106197825	0.3152009819934663	0.2673453322563193	0.3127960034384914	1.0529140382841748	0.3158220440684147	0.315755201653577
Stereo-seq	cross_stage	ST_DEV_E14_5_E15_5	Stereo-seq::shared_developmental_series	legacy_replication	ST_DEV_E14_5_E15_5__reverse	reverse	row_softmax	0.25		main21	heldout_expression_loss	endpoint_response	1500	-0.12396584354037492	0.318173109591747	0.2673453322563193	0.3127960034384914	1.1183064191000276	0.31743970235597774	0.31798206355654385
Stereo-seq	cross_stage	ST_DEV_E14_5_E15_5	Stereo-seq::shared_developmental_series	legacy_replication	ST_DEV_E14_5_E15_5__reverse	reverse	row_softmax	0.25		main21	heldout_expression_loss	source_boundary_proximity	1500	0.09649142657528628	0.29528068423920734	0.2673453322563193	0.3127960034384914	0.6146301310033372	0.2936839868640055	0.29709244770931975
Stereo-seq	cross_stage	ST_DEV_E14_5_E15_5	Stereo-seq::shared_developmental_series	legacy_replication	ST_DEV_E14_5_E15_5__reverse	reverse	balanced_ot	0.25		main21	heldout_expression_loss	finite_response_h001	1500	0.18926878100834715	0.30407969612676794	0.267110463930884	0.31233176506784854	0.8175181002402595	0.30916962024281197	0.31139679264062664
Stereo-seq	cross_stage	ST_DEV_E14_5_E15_5	Stereo-seq::shared_developmental_series	legacy_replication	ST_DEV_E14_5_E15_5__reverse	reverse	balanced_ot	0.25		main21	heldout_expression_loss	local_reference	1500	0.18933913837295044	0.3040746573828422	0.267110463930884	0.31233176506784854	0.8174066761149229	0.309169620242812	0.3113967926406267
Stereo-seq	cross_stage	ST_DEV_E14_5_E15_5	Stereo-seq::shared_developmental_series	legacy_replication	ST_DEV_E14_5_E15_5__reverse	reverse	balanced_ot	0.25		main21	heldout_expression_loss	endpoint_response	1500	0.1831120920498187	0.3050662028423891	0.267110463930884	0.31233176506784854	0.8393331893867058	0.3101988479704417	0.31387205985709365
Stereo-seq	cross_stage	ST_DEV_E14_5_E15_5	Stereo-seq::shared_developmental_series	legacy_replication	ST_DEV_E14_5_E15_5__reverse	reverse	balanced_ot	0.25		main21	heldout_expression_loss	source_boundary_proximity	1500	0.09507230972629342	0.2949967478161961	0.267110463930884	0.31233176506784854	0.6166625723760404	0.29339355964459113	0.29671995885212604
Stereo-seq	cross_stage	ST_DEV_E15_5_E16_5	Stereo-seq::shared_developmental_series	legacy_replication	ST_DEV_E15_5_E16_5	forward	uot	0.25	2.0	main21	heldout_expression_loss	finite_response_h001	1500	0.46164638117616946	0.2571616755195298	0.24036084513942912	0.27855300971256436	0.4399025446156184	0.2586112991059455	0.2661838911327944
Stereo-seq	cross_stage	ST_DEV_E15_5_E16_5	Stereo-seq::shared_developmental_series	legacy_replication	ST_DEV_E15_5_E16_5	forward	uot	0.25	2.0	main21	heldout_expression_loss	local_reference	1500	0.4617299723244322	0.25716249255381113	0.24036084513942912	0.27855300971256436	0.4399239373355774	0.2586112991059455	0.2661838911327944
Stereo-seq	cross_stage	ST_DEV_E15_5_E16_5	Stereo-seq::shared_developmental_series	legacy_replication	ST_DEV_E15_5_E16_5	forward	uot	0.25	2.0	main21	heldout_expression_loss	endpoint_response	1500	0.4595185544526909	0.2568776361517062	0.24036084513942912	0.27855300971256436	0.43246543360088	0.25901570731460366	0.26547709347496357
Stereo-seq	cross_stage	ST_DEV_E15_5_E16_5	Stereo-seq::shared_developmental_series	legacy_replication	ST_DEV_E15_5_E16_5	forward	uot	0.25	2.0	main21	heldout_expression_loss	source_boundary_proximity	1500	0.09335535406009021	0.2652115764416402	0.24036084513942912	0.27855300971256436	0.6506761682654486	0.2646005375944263	0.2671929699619136
Stereo-seq	cross_stage	ST_DEV_E15_5_E16_5	Stereo-seq::shared_developmental_series	legacy_replication	ST_DEV_E15_5_E16_5	forward	row_softmax	0.25		main21	heldout_expression_loss	finite_response_h001	1500	-0.520243463219317	0.29567589712750425	0.239861810223273	0.27844576011736033	1.4465622896940442	0.2921575069612573	0.28471161076947066
Stereo-seq	cross_stage	ST_DEV_E15_5_E16_5	Stereo-seq::shared_developmental_series	legacy_replication	ST_DEV_E15_5_E16_5	forward	row_softmax	0.25		main21	heldout_expression_loss	local_reference	1500	-0.5193388405950403	0.29564189496588134	0.239861810223273	0.27844576011736033	1.4456810382483978	0.2921120796348356	0.2846608420641314
Stereo-seq	cross_stage	ST_DEV_E15_5_E16_5	Stereo-seq::shared_developmental_series	legacy_replication	ST_DEV_E15_5_E16_5	forward	row_softmax	0.25		main21	heldout_expression_loss	endpoint_response	1500	-0.6015935758193671	0.2984468349595447	0.239861810223273	0.27844576011736033	1.5183781053284382	0.2942117250872307	0.2866030010711041
Stereo-seq	cross_stage	ST_DEV_E15_5_E16_5	Stereo-seq::shared_developmental_series	legacy_replication	ST_DEV_E15_5_E16_5	forward	row_softmax	0.25		main21	heldout_expression_loss	source_boundary_proximity	1500	0.09172411621389273	0.2649025536302621	0.239861810223273	0.27844576011736033	0.6489937778720367	0.26429246894178243	0.2668553051475828
Stereo-seq	cross_stage	ST_DEV_E15_5_E16_5	Stereo-seq::shared_developmental_series	legacy_replication	ST_DEV_E15_5_E16_5	forward	balanced_ot	0.25		main21	heldout_expression_loss	finite_response_h001	1500	0.18506122713832318	0.2670088850576447	0.2404632509272165	0.2785975470203894	0.6961091943475154	0.2683656789525555	0.2727581772465789
Stereo-seq	cross_stage	ST_DEV_E15_5_E16_5	Stereo-seq::shared_developmental_series	legacy_replication	ST_DEV_E15_5_E16_5	forward	balanced_ot	0.25		main21	heldout_expression_loss	local_reference	1500	0.18542132329836594	0.2669938957408225	0.2404632509272165	0.2785975470203894	0.6957161277812524	0.2683656789525555	0.2727581772465789
Stereo-seq	cross_stage	ST_DEV_E15_5_E16_5	Stereo-seq::shared_developmental_series	legacy_replication	ST_DEV_E15_5_E16_5	forward	balanced_ot	0.25		main21	heldout_expression_loss	endpoint_response	1500	0.16559257848559042	0.2684505087989811	0.2404632509272165	0.2785975470203894	0.7339130582975432	0.2690971228111853	0.2738997200439208
Stereo-seq	cross_stage	ST_DEV_E15_5_E16_5	Stereo-seq::shared_developmental_series	legacy_replication	ST_DEV_E15_5_E16_5	forward	balanced_ot	0.25		main21	heldout_expression_loss	source_boundary_proximity	1500	0.0933115173629899	0.2652937610231667	0.2404632509272165	0.2785975470203894	0.6511333009866558	0.26468128413833353	0.26727721100585594
Stereo-seq	cross_stage	ST_DEV_E15_5_E16_5	Stereo-seq::shared_developmental_series	legacy_replication	ST_DEV_E15_5_E16_5__reverse	reverse	uot	0.25	2.0	main21	heldout_expression_loss	finite_response_h001	1500	0.4334226850767489	0.26365524532111245	0.24850701243497963	0.28140042673458077	0.4605247952723627	0.2641348056208983	0.271514713101235
Stereo-seq	cross_stage	ST_DEV_E15_5_E16_5	Stereo-seq::shared_developmental_series	legacy_replication	ST_DEV_E15_5_E16_5__reverse	reverse	uot	0.25	2.0	main21	heldout_expression_loss	local_reference	1500	0.4336441927307524	0.2636418157139885	0.24850701243497963	0.28140042673458077	0.46011651880091914	0.2641348056208983	0.271514713101235
Stereo-seq	cross_stage	ST_DEV_E15_5_E16_5	Stereo-seq::shared_developmental_series	legacy_replication	ST_DEV_E15_5_E16_5__reverse	reverse	uot	0.25	2.0	main21	heldout_expression_loss	endpoint_response	1500	0.4184447548643355	0.26356596169511864	0.24850701243497963	0.28140042673458077	0.45781046391166563	0.26412534307324775	0.2701691766088449
Stereo-seq	cross_stage	ST_DEV_E15_5_E16_5	Stereo-seq::shared_developmental_series	legacy_replication	ST_DEV_E15_5_E16_5__reverse	reverse	uot	0.25	2.0	main21	heldout_expression_loss	source_boundary_proximity	1500	-0.14648935454411677	0.2798147849164509	0.24850701243497963	0.28140042673458077	0.9517945506146774	0.2762944704154266	0.2750738082553613
Stereo-seq	cross_stage	ST_DEV_E15_5_E16_5	Stereo-seq::shared_developmental_series	legacy_replication	ST_DEV_E15_5_E16_5__reverse	reverse	row_softmax	0.25		main21	heldout_expression_loss	finite_response_h001	1500	-0.34295901820400815	0.28954423826214604	0.2465446971992642	0.2802593532562808	1.275396106374719	0.28722330334758894	0.2830005642345278
Stereo-seq	cross_stage	ST_DEV_E15_5_E16_5	Stereo-seq::shared_developmental_series	legacy_replication	ST_DEV_E15_5_E16_5__reverse	reverse	row_softmax	0.25		main21	heldout_expression_loss	local_reference	1500	-0.3418067012474228	0.28951349471118554	0.2465446971992642	0.2802593532562808	1.274484231405314	0.28722330334758894	0.2830005642345278
Stereo-seq	cross_stage	ST_DEV_E15_5_E16_5	Stereo-seq::shared_developmental_series	legacy_replication	ST_DEV_E15_5_E16_5__reverse	reverse	row_softmax	0.25		main21	heldout_expression_loss	endpoint_response	1500	-0.4682541921129743	0.2923190181423155	0.2465446971992642	0.2802593532562808	1.3576979953655741	0.28901283622445517	0.28524766514704264
Stereo-seq	cross_stage	ST_DEV_E15_5_E16_5	Stereo-seq::shared_developmental_series	legacy_replication	ST_DEV_E15_5_E16_5__reverse	reverse	row_softmax	0.25		main21	heldout_expression_loss	source_boundary_proximity	1500	-0.15322404756330507	0.2787114676558423	0.2465446971992642	0.2802593532562808	0.9540886432944535	0.2750750356450544	0.2737007284675344
Stereo-seq	cross_stage	ST_DEV_E15_5_E16_5	Stereo-seq::shared_developmental_series	legacy_replication	ST_DEV_E15_5_E16_5__reverse	reverse	balanced_ot	0.25		main21	heldout_expression_loss	finite_response_h001	1500	0.314886426171745	0.2677892155581759	0.24892771324724278	0.2816784155639731	0.5759113843887848	0.26893426222871164	0.27503660857153317
Stereo-seq	cross_stage	ST_DEV_E15_5_E16_5	Stereo-seq::shared_developmental_series	legacy_replication	ST_DEV_E15_5_E16_5__reverse	reverse	balanced_ot	0.25		main21	heldout_expression_loss	local_reference	1500	0.31519753386557064	0.2677824641067673	0.24892771324724278	0.2816784155639731	0.5757052376215089	0.26893426222871164	0.27503660857153317
Stereo-seq	cross_stage	ST_DEV_E15_5_E16_5	Stereo-seq::shared_developmental_series	legacy_replication	ST_DEV_E15_5_E16_5__reverse	reverse	balanced_ot	0.25		main21	heldout_expression_loss	endpoint_response	1500	0.28518775697233645	0.2685401289336236	0.24892771324724278	0.2816784155639731	0.5988395453847123	0.26907438172451775	0.27503605364722916
Stereo-seq	cross_stage	ST_DEV_E15_5_E16_5	Stereo-seq::shared_developmental_series	legacy_replication	ST_DEV_E15_5_E16_5__reverse	reverse	balanced_ot	0.25		main21	heldout_expression_loss	source_boundary_proximity	1500	-0.145252908164297	0.28008580145323325	0.24892771324724278	0.2816784155639731	0.9513716043296487	0.27658717869741895	0.27539376529542364
Stereo-seq	same_age_sections	ST_E15_5_S1_S2	ST_E15_5_S1_S2	legacy_replication	ST_E15_5_S1_S2	forward	uot	0.25	2.0	main21	heldout_expression_loss	finite_response_h001	1500	0.5341970907542626	0.19280680826560828	0.17687610106038318	0.2098446752047033	0.4832088623392794	0.19509676117675337	0.2003073210019785
Stereo-seq	same_age_sections	ST_E15_5_S1_S2	ST_E15_5_S1_S2	legacy_replication	ST_E15_5_S1_S2	forward	uot	0.25	2.0	main21	heldout_expression_loss	local_reference	1500	0.5340259297893022	0.19281182536957367	0.17687610106038318	0.2098446752047033	0.483361040712036	0.19523997859432357	0.2003073210019785
Stereo-seq	same_age_sections	ST_E15_5_S1_S2	ST_E15_5_S1_S2	legacy_replication	ST_E15_5_S1_S2	forward	uot	0.25	2.0	main21	heldout_expression_loss	endpoint_response	1500	0.5530491311329472	0.1920620967978859	0.17687610106038318	0.2098446752047033	0.4606203371436676	0.19438217339369535	0.19955683715953262
Stereo-seq	same_age_sections	ST_E15_5_S1_S2	ST_E15_5_S1_S2	legacy_replication	ST_E15_5_S1_S2	forward	uot	0.25	2.0	main21	heldout_expression_loss	source_boundary_proximity	1500	-0.09839333259080951	0.20694577026856475	0.17687610106038318	0.2098446752047033	0.9120706608830408	0.20663067502943294	0.20455186568710423
Stereo-seq	same_age_sections	ST_E15_5_S1_S2	ST_E15_5_S1_S2	legacy_replication	ST_E15_5_S1_S2	forward	row_softmax	0.25		main21	heldout_expression_loss	finite_response_h001	1500	-0.4765320944587087	0.22238427525553608	0.1769591513013487	0.2099947668690675	1.3750348880610885	0.21853072373306168	0.2145624393872425
Stereo-seq	same_age_sections	ST_E15_5_S1_S2	ST_E15_5_S1_S2	legacy_replication	ST_E15_5_S1_S2	forward	row_softmax	0.25		main21	heldout_expression_loss	local_reference	1500	-0.4759828213256984	0.2223726999128228	0.1769591513013487	0.2099947668690675	1.3746844982616442	0.21853812840710055	0.21453451883779667
Stereo-seq	same_age_sections	ST_E15_5_S1_S2	ST_E15_5_S1_S2	legacy_replication	ST_E15_5_S1_S2	forward	row_softmax	0.25		main21	heldout_expression_loss	endpoint_response	1500	-0.5337616523385121	0.2243653819025378	0.1769591513013487	0.2099947668690675	1.4350037009000893	0.22026404606788272	0.21529199092946846
Stereo-seq	same_age_sections	ST_E15_5_S1_S2	ST_E15_5_S1_S2	legacy_replication	ST_E15_5_S1_S2	forward	row_softmax	0.25		main21	heldout_expression_loss	source_boundary_proximity	1500	-0.09068176272904858	0.20687174280188222	0.1769591513013487	0.2099947668690675	0.9054649349341324	0.20660672638688696	0.2046356694596327
Stereo-seq	same_age_sections	ST_E15_5_S1_S2	ST_E15_5_S1_S2	legacy_replication	ST_E15_5_S1_S2	forward	balanced_ot	0.25		main21	heldout_expression_loss	finite_response_h001	1500	0.2120001617778497	0.20425470388242015	0.17689493923890146	0.20985858237300997	0.8299982053624614	0.20598948404810977	0.20835894958705328
Stereo-seq	same_age_sections	ST_E15_5_S1_S2	ST_E15_5_S1_S2	legacy_replication	ST_E15_5_S1_S2	forward	balanced_ot	0.25		main21	heldout_expression_loss	local_reference	1500	0.21198296354798382	0.20425163824342737	0.17689493923890146	0.20985858237300997	0.8299052047502323	0.20586617533387588	0.20835894958705328
Stereo-seq	same_age_sections	ST_E15_5_S1_S2	ST_E15_5_S1_S2	legacy_replication	ST_E15_5_S1_S2	forward	balanced_ot	0.25		main21	heldout_expression_loss	endpoint_response	1500	0.21920579698035422	0.20416929803512093	0.17689493923890146	0.20985858237300997	0.8274072949175282	0.20588508037468475	0.20861027320676376
Stereo-seq	same_age_sections	ST_E15_5_S1_S2	ST_E15_5_S1_S2	legacy_replication	ST_E15_5_S1_S2	forward	balanced_ot	0.25		main21	heldout_expression_loss	source_boundary_proximity	1500	-0.09927001854189037	0.20698572091572878	0.17689493923890146	0.20985858237300997	0.9128475743535596	0.2066637810962688	0.2045736049364913
Stereo-seq	same_age_sections	ST_E15_5_S1_S2	ST_E15_5_S1_S2	legacy_replication	ST_E15_5_S1_S2__reverse	reverse	uot	0.25	2.0	main21	heldout_expression_loss	finite_response_h001	1500	0.4107436598860711	0.21409567144242894	0.19978594950593642	0.22121284510141015	0.6678392524353991	0.21690498310949682	0.21963563220499113
Stereo-seq	same_age_sections	ST_E15_5_S1_S2	ST_E15_5_S1_S2	legacy_replication	ST_E15_5_S1_S2__reverse	reverse	uot	0.25	2.0	main21	heldout_expression_loss	local_reference	1500	0.4105300491244664	0.21409686151947943	0.19978594950593642	0.22121284510141015	0.6678947937080574	0.21687949178015897	0.21963563220499108
Stereo-seq	same_age_sections	ST_E15_5_S1_S2	ST_E15_5_S1_S2	legacy_replication	ST_E15_5_S1_S2__reverse	reverse	uot	0.25	2.0	main21	heldout_expression_loss	endpoint_response	1500	0.43481334169481856	0.21354933504566748	0.19978594950593642	0.22121284510141015	0.6423415598589312	0.2166541919364645	0.21912610322989634
Stereo-seq	same_age_sections	ST_E15_5_S1_S2	ST_E15_5_S1_S2	legacy_replication	ST_E15_5_S1_S2__reverse	reverse	uot	0.25	2.0	main21	heldout_expression_loss	source_boundary_proximity	1500	-0.060700731166073864	0.22193725101401696	0.19978594950593642	0.22121284510141015	1.03380825324784	0.2210737149247662	0.2205268983388244
Stereo-seq	same_age_sections	ST_E15_5_S1_S2	ST_E15_5_S1_S2	legacy_replication	ST_E15_5_S1_S2__reverse	reverse	row_softmax	0.25		main21	heldout_expression_loss	finite_response_h001	1500	-0.3513804335024149	0.2286329051367337	0.19970866574429755	0.22128114065319618	1.3407937436285964	0.22721832062701278	0.22415079068359534
Stereo-seq	same_age_sections	ST_E15_5_S1_S2	ST_E15_5_S1_S2	legacy_replication	ST_E15_5_S1_S2__reverse	reverse	row_softmax	0.25		main21	heldout_expression_loss	local_reference	1500	-0.35084607948714647	0.2286180178298313	0.19970866574429755	0.22128114065319618	1.3401036370476276	0.2272207444053718	0.22415079068359534
Stereo-seq	same_age_sections	ST_E15_5_S1_S2	ST_E15_5_S1_S2	legacy_replication	ST_E15_5_S1_S2__reverse	reverse	row_softmax	0.25		main21	heldout_expression_loss	endpoint_response	1500	-0.3997960283537904	0.22943564088323426	0.19970866574429755	0.22128114065319618	1.3780048540779322	0.2271633389906573	0.22417718646415474
Stereo-seq	same_age_sections	ST_E15_5_S1_S2	ST_E15_5_S1_S2	legacy_replication	ST_E15_5_S1_S2__reverse	reverse	row_softmax	0.25		main21	heldout_expression_loss	source_boundary_proximity	1500	-0.06289871946189425	0.22199219458122926	0.19970866574429755	0.22128114065319618	1.0329611660709257	0.2210939849126333	0.22049341994566682
Stereo-seq	same_age_sections	ST_E15_5_S1_S2	ST_E15_5_S1_S2	legacy_replication	ST_E15_5_S1_S2__reverse	reverse	balanced_ot	0.25		main21	heldout_expression_loss	finite_response_h001	1500	0.22289593550930473	0.21660750314437915	0.19984929182980876	0.2212612481799154	0.7826567101369476	0.21849907027912777	0.2198639248218866
Stereo-seq	same_age_sections	ST_E15_5_S1_S2	ST_E15_5_S1_S2	legacy_replication	ST_E15_5_S1_S2__reverse	reverse	balanced_ot	0.25		main21	heldout_expression_loss	local_reference	1500	0.2227539158906293	0.2166040524147852	0.19984929182980876	0.2212612481799154	0.7824955511313185	0.21849907027912777	0.2198639248218866
Stereo-seq	same_age_sections	ST_E15_5_S1_S2	ST_E15_5_S1_S2	legacy_replication	ST_E15_5_S1_S2__reverse	reverse	balanced_ot	0.25		main21	heldout_expression_loss	endpoint_response	1500	0.23582918925741747	0.21639253392141325	0.19984929182980876	0.2212612481799154	0.7726170285940308	0.21843414912022988	0.21940571179626145
Stereo-seq	same_age_sections	ST_E15_5_S1_S2	ST_E15_5_S1_S2	legacy_replication	ST_E15_5_S1_S2__reverse	reverse	balanced_ot	0.25		main21	heldout_expression_loss	source_boundary_proximity	1500	-0.06011660310567593	0.22198412846395021	0.19984929182980876	0.2212612481799154	1.0337605902148779	0.22112723887170585	0.2205914638907445
STARmap_PLUS	same_age_replicates	STAR_8M_D1_D2	STAR_8M_D1_D2	legacy_replication	STAR_8M_D1_D2	forward	uot	0.25	2.0	main21	heldout_expression_loss	finite_response_h001	1500	0.2994520621290705	0.7364635389712602	0.7108816718874491	0.7476446320275876	0.695859827018671	0.7378553822111678	0.7433578729991929
STARmap_PLUS	same_age_replicates	STAR_8M_D1_D2	STAR_8M_D1_D2	legacy_replication	STAR_8M_D1_D2	forward	uot	0.25	2.0	main21	heldout_expression_loss	local_reference	1500	0.29960283388150044	0.7364402834578391	0.7108816718874491	0.7476446320275876	0.6952272470160695	0.7377189049842505	0.7433578729991929
STARmap_PLUS	same_age_replicates	STAR_8M_D1_D2	STAR_8M_D1_D2	legacy_replication	STAR_8M_D1_D2	forward	uot	0.25	2.0	main21	heldout_expression_loss	endpoint_response	1500	0.2904787793008427	0.7368000499501665	0.7108816718874491	0.7476446320275876	0.7050133602930193	0.7381334598486479	0.7431561262458602
STARmap_PLUS	same_age_replicates	STAR_8M_D1_D2	STAR_8M_D1_D2	legacy_replication	STAR_8M_D1_D2	forward	uot	0.25	2.0	main21	heldout_expression_loss	source_boundary_proximity	1500	-0.11378212124516587	0.7510721966903603	0.7108816718874491	0.7476446320275876	1.0932341859770547	0.7490153022903475	0.7462325332486819
STARmap_PLUS	same_age_replicates	STAR_8M_D1_D2	STAR_8M_D1_D2	legacy_replication	STAR_8M_D1_D2	forward	row_softmax	0.25		main21	heldout_expression_loss	finite_response_h001	1500	-0.47752335242844807	0.7646442604132423	0.7105982838387324	0.7475389801681216	1.4630470441758323	0.7594539355465175	0.7535722720722018
STARmap_PLUS	same_age_replicates	STAR_8M_D1_D2	STAR_8M_D1_D2	legacy_replication	STAR_8M_D1_D2	forward	row_softmax	0.25		main21	heldout_expression_loss	local_reference	1500	-0.4770436789132119	0.7646215476735962	0.7105982838387324	0.7475389801681216	1.4624322008755457	0.7593664588680055	0.7534003512465249
STARmap_PLUS	same_age_replicates	STAR_8M_D1_D2	STAR_8M_D1_D2	legacy_replication	STAR_8M_D1_D2	forward	row_softmax	0.25		main21	heldout_expression_loss	endpoint_response	1500	-0.5214955360685868	0.7673354149548773	0.7105982838387324	0.7475389801681216	1.5358977159021803	0.7634777646678107	0.7558839551732668
STARmap_PLUS	same_age_replicates	STAR_8M_D1_D2	STAR_8M_D1_D2	legacy_replication	STAR_8M_D1_D2	forward	row_softmax	0.25		main21	heldout_expression_loss	source_boundary_proximity	1500	-0.11463050175036733	0.7510408619857114	0.7105982838387324	0.7475389801681216	1.094797395976637	0.748971160680851	0.7460447916831636
STARmap_PLUS	same_age_replicates	STAR_8M_D1_D2	STAR_8M_D1_D2	legacy_replication	STAR_8M_D1_D2	forward	balanced_ot	0.25		main21	heldout_expression_loss	finite_response_h001	1500	0.04757929235022251	0.7439516183704703	0.7109395184699704	0.7476833397152542	0.8984394867405654	0.7431281002723255	0.7436014964623597
STARmap_PLUS	same_age_replicates	STAR_8M_D1_D2	STAR_8M_D1_D2	legacy_replication	STAR_8M_D1_D2	forward	balanced_ot	0.25		main21	heldout_expression_loss	local_reference	1500	0.04788976031118034	0.7439199845766508	0.7109395184699704	0.7476833397152542	0.8975785584879384	0.7430765314020659	0.7436014964623597
STARmap_PLUS	same_age_replicates	STAR_8M_D1_D2	STAR_8M_D1_D2	legacy_replication	STAR_8M_D1_D2	forward	balanced_ot	0.25		main21	heldout_expression_loss	endpoint_response	1500	0.023200933406382983	0.7452245700485045	0.7109395184699704	0.7476833397152542	0.933083452307908	0.7439554548385203	0.7441142377415673
STARmap_PLUS	same_age_replicates	STAR_8M_D1_D2	STAR_8M_D1_D2	legacy_replication	STAR_8M_D1_D2	forward	balanced_ot	0.25		main21	heldout_expression_loss	source_boundary_proximity	1500	-0.11344965474689624	0.7510996301796846	0.7109395184699704	0.7476833397152542	1.0929759167296422	0.7490462183798189	0.7462820167168142
STARmap_PLUS	same_age_replicates	STAR_8M_D1_D2	STAR_8M_D1_D2	legacy_replication	STAR_8M_D1_D2__reverse	reverse	uot	0.25	2.0	main21	heldout_expression_loss	finite_response_h001	1500	0.23348168086669038	0.7360407853186101	0.7081313738514822	0.7441419895381879	0.7750328878001215	0.7378886982971096	0.7397632762676425
STARmap_PLUS	same_age_replicates	STAR_8M_D1_D2	STAR_8M_D1_D2	legacy_replication	STAR_8M_D1_D2__reverse	reverse	uot	0.25	2.0	main21	heldout_expression_loss	local_reference	1500	0.23362460721024125	0.7360308972693411	0.7081313738514822	0.7441419895381879	0.7747583007351582	0.7378886982971096	0.7397632762676424
STARmap_PLUS	same_age_replicates	STAR_8M_D1_D2	STAR_8M_D1_D2	legacy_replication	STAR_8M_D1_D2__reverse	reverse	uot	0.25	2.0	main21	heldout_expression_loss	endpoint_response	1500	0.22417764096859358	0.7364473793400956	0.7081313738514822	0.7441419895381879	0.7863238366976067	0.7379838716751131	0.7396073629576569
STARmap_PLUS	same_age_replicates	STAR_8M_D1_D2	STAR_8M_D1_D2	legacy_replication	STAR_8M_D1_D2__reverse	reverse	uot	0.25	2.0	main21	heldout_expression_loss	source_boundary_proximity	1500	0.07779831097508037	0.740531929033507	0.7081313738514822	0.7441419895381879	0.8997501032448694	0.7404993046512621	0.7408622076596398
STARmap_PLUS	same_age_replicates	STAR_8M_D1_D2	STAR_8M_D1_D2	legacy_replication	STAR_8M_D1_D2__reverse	reverse	row_softmax	0.25		main21	heldout_expression_loss	finite_response_h001	1500	-0.49421856175890844	0.7624311249207144	0.7081812383632474	0.7441952948059413	1.506353127529255	0.7580093353325175	0.7509280147476879
STARmap_PLUS	same_age_replicates	STAR_8M_D1_D2	STAR_8M_D1_D2	legacy_replication	STAR_8M_D1_D2__reverse	reverse	row_softmax	0.25		main21	heldout_expression_loss	local_reference	1500	-0.49391824861508704	0.7624153480896942	0.7081812383632474	0.7441952948059413	1.5059150532721863	0.7581002836194315	0.7508487336700753
STARmap_PLUS	same_age_replicates	STAR_8M_D1_D2	STAR_8M_D1_D2	legacy_replication	STAR_8M_D1_D2__reverse	reverse	row_softmax	0.25		main21	heldout_expression_loss	endpoint_response	1500	-0.5289298694471768	0.7644136961745611	0.7081812383632474	0.7441952948059413	1.5614030566312824	0.7603428150144115	0.7525193819389606
STARmap_PLUS	same_age_replicates	STAR_8M_D1_D2	STAR_8M_D1_D2	legacy_replication	STAR_8M_D1_D2__reverse	reverse	row_softmax	0.25		main21	heldout_expression_loss	source_boundary_proximity	1500	0.07997035627756598	0.7404317274798111	0.7081812383632474	0.7441952948059413	0.8954972669596718	0.7403807380254818	0.7407844116173271
STARmap_PLUS	same_age_replicates	STAR_8M_D1_D2	STAR_8M_D1_D2	legacy_replication	STAR_8M_D1_D2__reverse	reverse	balanced_ot	0.25		main21	heldout_expression_loss	finite_response_h001	1500	0.012404824752541137	0.7429012498527228	0.7081589150205452	0.744164734358442	0.9649088805933828	0.742078457315794	0.7408734473038735
STARmap_PLUS	same_age_replicates	STAR_8M_D1_D2	STAR_8M_D1_D2	legacy_replication	STAR_8M_D1_D2__reverse	reverse	balanced_ot	0.25		main21	heldout_expression_loss	local_reference	1500	0.012599340473218944	0.7428846206404452	0.7081589150205452	0.744164734358442	0.9644470326870357	0.7418952154912324	0.7408734473038735
STARmap_PLUS	same_age_replicates	STAR_8M_D1_D2	STAR_8M_D1_D2	legacy_replication	STAR_8M_D1_D2__reverse	reverse	balanced_ot	0.25		main21	heldout_expression_loss	endpoint_response	1500	-0.007777373713237877	0.7438837689552507	0.7081589150205452	0.744164734358442	0.9921966668622476	0.7432219752500654	0.7419628010478289
STARmap_PLUS	same_age_replicates	STAR_8M_D1_D2	STAR_8M_D1_D2	legacy_replication	STAR_8M_D1_D2__reverse	reverse	balanced_ot	0.25		main21	heldout_expression_loss	source_boundary_proximity	1500	0.07755471048008408	0.7405718705544827	0.7081589150205452	0.744164734358442	0.9002143578447128	0.7405429504456458	0.7409023791705501
spatialLIBD_manual_layers	within_donor_adjacent_replicates	DLPFCML_151507_151508	spatialLIBD_manual::Br5292	manual_layer_truth	DLPFCML_151507_151508	forward	uot	0.25	2.0	manual3	heldout_expression_loss	finite_response_h001	1500	0.6747077487589995	0.19877820184538839	0.1915684404569043	0.22575609161994517	0.21088788329156463	0.20021475574800943	0.21032652233802906
spatialLIBD_manual_layers	within_donor_adjacent_replicates	DLPFCML_151507_151508	spatialLIBD_manual::Br5292	manual_layer_truth	DLPFCML_151507_151508	forward	uot	0.25	2.0	manual3	heldout_expression_loss	local_reference	1500	0.6750474502433114	0.1987636640910623	0.1915684404569043	0.22575609161994517	0.21046264921342478	0.20021475574800943	0.21032652233802906
spatialLIBD_manual_layers	within_donor_adjacent_replicates	DLPFCML_151507_151508	spatialLIBD_manual::Br5292	manual_layer_truth	DLPFCML_151507_151508	forward	uot	0.25	2.0	manual3	heldout_expression_loss	endpoint_response	1500	0.6449046421798411	0.1993012866912355	0.1915684404569043	0.22575609161994517	0.22618828645036984	0.19997788145858203	0.21036463951473774
spatialLIBD_manual_layers	within_donor_adjacent_replicates	DLPFCML_151507_151508	spatialLIBD_manual::Br5292	manual_layer_truth	DLPFCML_151507_151508	forward	uot	0.25	2.0	manual3	heldout_expression_loss	source_boundary_proximity	1500	0.24712066044800524	0.2181402645593578	0.1915684404569043	0.22575609161994517	0.7772345627294637	0.22131165135656736	0.2241330820914759
spatialLIBD_manual_layers	within_donor_adjacent_replicates	DLPFCML_151507_151508	spatialLIBD_manual::Br5292	manual_layer_truth	DLPFCML_151507_151508	forward	uot	0.25	2.0	manual3	manual_layer_mismatch	finite_response_h001	1500	-0.10164742181780541	0.3227911414744084	0.0950767074173645	0.292	1.156361094061473	0.32916666666666666	0.3037037037037037
spatialLIBD_manual_layers	within_donor_adjacent_replicates	DLPFCML_151507_151508	spatialLIBD_manual::Br5292	manual_layer_truth	DLPFCML_151507_151508	forward	uot	0.25	2.0	manual3	manual_layer_mismatch	local_reference	1500	-0.10163387740635693	0.32285478109193666	0.0950767074173645	0.292	1.1566842636403156	0.32916666666666666	0.3037037037037037
spatialLIBD_manual_layers	within_donor_adjacent_replicates	DLPFCML_151507_151508	spatialLIBD_manual::Br5292	manual_layer_truth	DLPFCML_151507_151508	forward	uot	0.25	2.0	manual3	manual_layer_mismatch	endpoint_response	1500	-0.10600533620134633	0.3232852296118613	0.0950767074173645	0.292	1.158870132636712	0.33	0.3037037037037037
spatialLIBD_manual_layers	within_donor_adjacent_replicates	DLPFCML_151507_151508	spatialLIBD_manual::Br5292	manual_layer_truth	DLPFCML_151507_151508	forward	uot	0.25	2.0	manual3	manual_layer_mismatch	source_boundary_proximity	1500	0.061212497630332895	0.2773760822816361	0.0950767074173645	0.292	0.9257379991641812	0.27416666666666667	0.28814814814814815
spatialLIBD_manual_layers	within_donor_adjacent_replicates	DLPFCML_151507_151508	spatialLIBD_manual::Br5292	manual_layer_truth	DLPFCML_151507_151508	forward	row_softmax	0.25		manual3	heldout_expression_loss	finite_response_h001	1500	-0.6634160317404586	0.2453562212105758	0.19067795619043418	0.2263955281787048	1.530850558321756	0.24017009598119804	0.2329530235004172
spatialLIBD_manual_layers	within_donor_adjacent_replicates	DLPFCML_151507_151508	spatialLIBD_manual::Br5292	manual_layer_truth	DLPFCML_151507_151508	forward	row_softmax	0.25		manual3	heldout_expression_loss	local_reference	1500	-0.6629601168711632	0.2453443825389961	0.19067795619043418	0.2263955281787048	1.530519106016331	0.24006007313718045	0.23295302350041724
spatialLIBD_manual_layers	within_donor_adjacent_replicates	DLPFCML_151507_151508	spatialLIBD_manual::Br5292	manual_layer_truth	DLPFCML_151507_151508	forward	row_softmax	0.25		manual3	heldout_expression_loss	endpoint_response	1500	-0.7135081855591937	0.2466921434080627	0.19067795619043418	0.2263955281787048	1.568252938246282	0.2408937186583243	0.23370661986662147
spatialLIBD_manual_layers	within_donor_adjacent_replicates	DLPFCML_151507_151508	spatialLIBD_manual::Br5292	manual_layer_truth	DLPFCML_151507_151508	forward	row_softmax	0.25		manual3	heldout_expression_loss	source_boundary_proximity	1500	0.25318376257811925	0.21827290890547157	0.19067795619043418	0.2263955281787048	0.7725875858554819	0.2217239279342293	0.22467704323039508
spatialLIBD_manual_layers	within_donor_adjacent_replicates	DLPFCML_151507_151508	spatialLIBD_manual::Br5292	manual_layer_truth	DLPFCML_151507_151508	forward	row_softmax	0.25		manual3	manual_layer_mismatch	finite_response_h001	1500	-0.006503164641439629	0.44340488701368574	0.252174722985211	0.45799999999999996	0.9290897930613958	0.43416666666666665	0.44666666666666666
spatialLIBD_manual_layers	within_donor_adjacent_replicates	DLPFCML_151507_151508	spatialLIBD_manual::Br5292	manual_layer_truth	DLPFCML_151507_151508	forward	row_softmax	0.25		manual3	manual_layer_mismatch	local_reference	1500	-0.005984023914539245	0.44338815558729194	0.252174722985211	0.45799999999999996	0.9290085035976503	0.43333333333333335	0.44666666666666666
spatialLIBD_manual_layers	within_donor_adjacent_replicates	DLPFCML_151507_151508	spatialLIBD_manual::Br5292	manual_layer_truth	DLPFCML_151507_151508	forward	row_softmax	0.25		manual3	manual_layer_mismatch	endpoint_response	1500	-0.06567284701458576	0.4532523039282556	0.252174722985211	0.45799999999999996	0.976933367268573	0.43916666666666665	0.4474074074074074
spatialLIBD_manual_layers	within_donor_adjacent_replicates	DLPFCML_151507_151508	spatialLIBD_manual::Br5292	manual_layer_truth	DLPFCML_151507_151508	forward	row_softmax	0.25		manual3	manual_layer_mismatch	source_boundary_proximity	1500	0.25726452416826856	0.40852590743975	0.252174722985211	0.45799999999999996	0.759630628085125	0.4275	0.44814814814814813
spatialLIBD_manual_layers	within_donor_adjacent_replicates	DLPFCML_151507_151508	spatialLIBD_manual::Br5292	manual_layer_truth	DLPFCML_151507_151508	forward	balanced_ot	0.25		manual3	heldout_expression_loss	finite_response_h001	1500	0.3335531509125115	0.20766346098053692	0.1918201611332674	0.22584050983095155	0.4657006895507812	0.20397395727264653	0.21263908555493832
spatialLIBD_manual_layers	within_donor_adjacent_replicates	DLPFCML_151507_151508	spatialLIBD_manual::Br5292	manual_layer_truth	DLPFCML_151507_151508	forward	balanced_ot	0.25		manual3	heldout_expression_loss	local_reference	1500	0.3338726248322777	0.2076555050581838	0.1918201611332674	0.22584050983095155	0.46546683179629983	0.20397395727264653	0.21263908555493832
spatialLIBD_manual_layers	within_donor_adjacent_replicates	DLPFCML_151507_151508	spatialLIBD_manual::Br5292	manual_layer_truth	DLPFCML_151507_151508	forward	balanced_ot	0.25		manual3	heldout_expression_loss	endpoint_response	1500	0.308139219617431	0.20838640408057485	0.1918201611332674	0.22584050983095155	0.4869510037807214	0.2044370693772062	0.2127204084835999
spatialLIBD_manual_layers	within_donor_adjacent_replicates	DLPFCML_151507_151508	spatialLIBD_manual::Br5292	manual_layer_truth	DLPFCML_151507_151508	forward	balanced_ot	0.25		manual3	heldout_expression_loss	source_boundary_proximity	1500	0.24666947282496737	0.21827648522922016	0.1918201611332674	0.22584050983095155	0.7776617556466643	0.22141557060481498	0.22422531319577485
spatialLIBD_manual_layers	within_donor_adjacent_replicates	DLPFCML_151507_151508	spatialLIBD_manual::Br5292	manual_layer_truth	DLPFCML_151507_151508	forward	balanced_ot	0.25		manual3	manual_layer_mismatch	finite_response_h001	1500	-0.1800902497310841	0.3693993202813927	0.1176072630185867	0.32266666666666666	1.2278981250473544	0.36583333333333334	0.3414814814814815
spatialLIBD_manual_layers	within_donor_adjacent_replicates	DLPFCML_151507_151508	spatialLIBD_manual::Br5292	manual_layer_truth	DLPFCML_151507_151508	forward	balanced_ot	0.25		manual3	manual_layer_mismatch	local_reference	1500	-0.17999474433202403	0.36933143145510927	0.1176072630185867	0.32266666666666666	1.2275670559762673	0.36583333333333334	0.3414814814814815
spatialLIBD_manual_layers	within_donor_adjacent_replicates	DLPFCML_151507_151508	spatialLIBD_manual::Br5292	manual_layer_truth	DLPFCML_151507_151508	forward	balanced_ot	0.25		manual3	manual_layer_mismatch	endpoint_response	1500	-0.18543196549920307	0.3697061242674508	0.1176072630185867	0.32266666666666666	1.2293942963060236	0.36333333333333334	0.3414814814814815
spatialLIBD_manual_layers	within_donor_adjacent_replicates	DLPFCML_151507_151508	spatialLIBD_manual::Br5292	manual_layer_truth	DLPFCML_151507_151508	forward	balanced_ot	0.25		manual3	manual_layer_mismatch	source_boundary_proximity	1500	0.01198432462418579	0.321056044858175	0.1176072630185867	0.32266666666666666	0.9921455842558883	0.315	0.32296296296296295
spatialLIBD_manual_layers	within_donor_adjacent_replicates	DLPFCML_151507_151508	spatialLIBD_manual::Br5292	manual_layer_truth	DLPFCML_151507_151508__reverse	reverse	uot	0.25	2.0	manual3	heldout_expression_loss	finite_response_h001	1500	0.7097195865420386	0.22444005994796937	0.21733519289763964	0.25581807788366245	0.18462407516770774	0.22499448176305048	0.23857388432099574
spatialLIBD_manual_layers	within_donor_adjacent_replicates	DLPFCML_151507_151508	spatialLIBD_manual::Br5292	manual_layer_truth	DLPFCML_151507_151508__reverse	reverse	uot	0.25	2.0	manual3	heldout_expression_loss	local_reference	1500	0.7099991102218268	0.22444006284670504	0.21733519289763964	0.25581807788366245	0.18462415049302883	0.225125684304055	0.23857388432099574
spatialLIBD_manual_layers	within_donor_adjacent_replicates	DLPFCML_151507_151508	spatialLIBD_manual::Br5292	manual_layer_truth	DLPFCML_151507_151508__reverse	reverse	uot	0.25	2.0	manual3	heldout_expression_loss	endpoint_response	1500	0.6837294167686296	0.22485075883106398	0.21733519289763964	0.25581807788366245	0.19529632292781668	0.22499832951632792	0.23843343167938508
spatialLIBD_manual_layers	within_donor_adjacent_replicates	DLPFCML_151507_151508	spatialLIBD_manual::Br5292	manual_layer_truth	DLPFCML_151507_151508__reverse	reverse	uot	0.25	2.0	manual3	heldout_expression_loss	source_boundary_proximity	1500	0.4109883531538644	0.24046722469435253	0.21733519289763964	0.25581807788366245	0.6010992108599592	0.24289173664348415	0.2499108894875679
spatialLIBD_manual_layers	within_donor_adjacent_replicates	DLPFCML_151507_151508	spatialLIBD_manual::Br5292	manual_layer_truth	DLPFCML_151507_151508__reverse	reverse	uot	0.25	2.0	manual3	manual_layer_mismatch	finite_response_h001	1500	-0.21329292755504126	0.40276410261258955	0.14527238548583893	0.356	1.2219172969826742	0.39916666666666667	0.3674074074074074
spatialLIBD_manual_layers	within_donor_adjacent_replicates	DLPFCML_151507_151508	spatialLIBD_manual::Br5292	manual_layer_truth	DLPFCML_151507_151508__reverse	reverse	uot	0.25	2.0	manual3	manual_layer_mismatch	local_reference	1500	-0.2132286187759672	0.40276410261258955	0.14527238548583893	0.356	1.2219172969826742	0.39916666666666667	0.3674074074074074
spatialLIBD_manual_layers	within_donor_adjacent_replicates	DLPFCML_151507_151508	spatialLIBD_manual::Br5292	manual_layer_truth	DLPFCML_151507_151508__reverse	reverse	uot	0.25	2.0	manual3	manual_layer_mismatch	endpoint_response	1500	-0.21868200324145018	0.40323598864141674	0.14527238548583893	0.356	1.2241566144537857	0.39916666666666667	0.3674074074074074
spatialLIBD_manual_layers	within_donor_adjacent_replicates	DLPFCML_151507_151508	spatialLIBD_manual::Br5292	manual_layer_truth	DLPFCML_151507_151508__reverse	reverse	uot	0.25	2.0	manual3	manual_layer_mismatch	source_boundary_proximity	1500	0.013350533425998548	0.3613096708538429	0.14527238548583893	0.356	1.0251968441159671	0.3675	0.3592592592592593
spatialLIBD_manual_layers	within_donor_adjacent_replicates	DLPFCML_151507_151508	spatialLIBD_manual::Br5292	manual_layer_truth	DLPFCML_151507_151508__reverse	reverse	row_softmax	0.25		manual3	heldout_expression_loss	finite_response_h001	1500	-0.695806229247213	0.2806955762543747	0.21813403096813594	0.2578368165916537	1.5757469986987693	0.2745539991058703	0.265797647669428
spatialLIBD_manual_layers	within_donor_adjacent_replicates	DLPFCML_151507_151508	spatialLIBD_manual::Br5292	manual_layer_truth	DLPFCML_151507_151508__reverse	reverse	row_softmax	0.25		manual3	heldout_expression_loss	local_reference	1500	-0.6954827908812404	0.28068862457635624	0.21813403096813594	0.2578368165916537	1.575571905744729	0.2745539991058703	0.265797647669428
spatialLIBD_manual_layers	within_donor_adjacent_replicates	DLPFCML_151507_151508	spatialLIBD_manual::Br5292	manual_layer_truth	DLPFCML_151507_151508__reverse	reverse	row_softmax	0.25		manual3	heldout_expression_loss	endpoint_response	1500	-0.7363208321425921	0.2820808317696198	0.21813403096813594	0.2578368165916537	1.6106376365593165	0.2752964992192345	0.266156033993615
spatialLIBD_manual_layers	within_donor_adjacent_replicates	DLPFCML_151507_151508	spatialLIBD_manual::Br5292	manual_layer_truth	DLPFCML_151507_151508__reverse	reverse	row_softmax	0.25		manual3	heldout_expression_loss	source_boundary_proximity	1500	0.4130266716648942	0.24190996566791975	0.21813403096813594	0.2578368165916537	0.5988480235427172	0.24441347661266424	0.2517987901035449
spatialLIBD_manual_layers	within_donor_adjacent_replicates	DLPFCML_151507_151508	spatialLIBD_manual::Br5292	manual_layer_truth	DLPFCML_151507_151508__reverse	reverse	row_softmax	0.25		manual3	manual_layer_mismatch	finite_response_h001	1500	-0.05164491405374219	0.3607920076040322	0.1388827654129352	0.3486666666666667	1.0577991965298617	0.35333333333333333	0.34
spatialLIBD_manual_layers	within_donor_adjacent_replicates	DLPFCML_151507_151508	spatialLIBD_manual::Br5292	manual_layer_truth	DLPFCML_151507_151508__reverse	reverse	row_softmax	0.25		manual3	manual_layer_mismatch	local_reference	1500	-0.051312148350602764	0.36073295433496777	0.1388827654129352	0.3486666666666667	1.057517700815884	0.35333333333333333	0.34
spatialLIBD_manual_layers	within_donor_adjacent_replicates	DLPFCML_151507_151508	spatialLIBD_manual::Br5292	manual_layer_truth	DLPFCML_151507_151508__reverse	reverse	row_softmax	0.25		manual3	manual_layer_mismatch	endpoint_response	1500	-0.08566132267854915	0.3715155665556882	0.1388827654129352	0.3486666666666667	1.1089163646612996	0.36	0.34444444444444444
spatialLIBD_manual_layers	within_donor_adjacent_replicates	DLPFCML_151507_151508	spatialLIBD_manual::Br5292	manual_layer_truth	DLPFCML_151507_151508__reverse	reverse	row_softmax	0.25		manual3	manual_layer_mismatch	source_boundary_proximity	1500	0.0657585319732044	0.35116582392620344	0.1388827654129352	0.3486666666666667	1.011913007836164	0.3575	0.3503703703703704
spatialLIBD_manual_layers	within_donor_adjacent_replicates	DLPFCML_151507_151508	spatialLIBD_manual::Br5292	manual_layer_truth	DLPFCML_151507_151508__reverse	reverse	balanced_ot	0.25		manual3	heldout_expression_loss	finite_response_h001	1500	0.2777945661309183	0.23573939383106957	0.21729986377692084	0.25566902362864946	0.4805820644863033	0.2318140672487292	0.24038045628058222
spatialLIBD_manual_layers	within_donor_adjacent_replicates	DLPFCML_151507_151508	spatialLIBD_manual::Br5292	manual_layer_truth	DLPFCML_151507_151508__reverse	reverse	balanced_ot	0.25		manual3	heldout_expression_loss	local_reference	1500	0.27807221603209603	0.23573367770551262	0.21729986377692084	0.25566902362864946	0.48043308740212864	0.2318140672487292	0.24038045628058222
spatialLIBD_manual_layers	within_donor_adjacent_replicates	DLPFCML_151507_151508	spatialLIBD_manual::Br5292	manual_layer_truth	DLPFCML_151507_151508__reverse	reverse	balanced_ot	0.25		manual3	heldout_expression_loss	endpoint_response	1500	0.2522448872199499	0.23660739185731552	0.21729986377692084	0.25566902362864946	0.503204348362213	0.23257221618328322	0.24044577542770773
spatialLIBD_manual_layers	within_donor_adjacent_replicates	DLPFCML_151507_151508	spatialLIBD_manual::Br5292	manual_layer_truth	DLPFCML_151507_151508__reverse	reverse	balanced_ot	0.25		manual3	heldout_expression_loss	source_boundary_proximity	1500	0.4108061624291192	0.24037140538984703	0.21729986377692084	0.25566902362864946	0.6013043210245521	0.24278746669228074	0.24977208858224967
spatialLIBD_manual_layers	within_donor_adjacent_replicates	DLPFCML_151507_151508	spatialLIBD_manual::Br5292	manual_layer_truth	DLPFCML_151507_151508__reverse	reverse	balanced_ot	0.25		manual3	manual_layer_mismatch	finite_response_h001	1500	-0.2358501717649972	0.41190978474177503	0.1493854479098546	0.3606666666666667	1.242535131028802	0.41	0.37703703703703706
spatialLIBD_manual_layers	within_donor_adjacent_replicates	DLPFCML_151507_151508	spatialLIBD_manual::Br5292	manual_layer_truth	DLPFCML_151507_151508__reverse	reverse	balanced_ot	0.25		manual3	manual_layer_mismatch	local_reference	1500	-0.23589185245277047	0.41188595438111403	0.1493854479098546	0.3606666666666667	1.2424223412559994	0.41	0.37703703703703706
spatialLIBD_manual_layers	within_donor_adjacent_replicates	DLPFCML_151507_151508	spatialLIBD_manual::Br5292	manual_layer_truth	DLPFCML_151507_151508__reverse	reverse	balanced_ot	0.25		manual3	manual_layer_mismatch	endpoint_response	1500	-0.2350069393892766	0.4109384995721439	0.1493854479098546	0.3606666666666667	1.2379380107767215	0.4083333333333333	0.37703703703703706
spatialLIBD_manual_layers	within_donor_adjacent_replicates	DLPFCML_151507_151508	spatialLIBD_manual::Br5292	manual_layer_truth	DLPFCML_151507_151508__reverse	reverse	balanced_ot	0.25		manual3	manual_layer_mismatch	source_boundary_proximity	1500	-0.014131388955457456	0.37314196372355585	0.1493854479098546	0.3606666666666667	1.0590459347512966	0.37666666666666665	0.36518518518518517
spatialLIBD_manual_layers	within_donor_adjacent_replicates	DLPFCML_151509_151510	spatialLIBD_manual::Br5292	manual_layer_truth	DLPFCML_151509_151510	forward	uot	0.25	2.0	manual3	heldout_expression_loss	finite_response_h001	1500	0.6720848924821745	0.2390982527117899	0.2301171874570408	0.27082914109291356	0.2206002034457898	0.24345662025562642	0.25534519459176086
spatialLIBD_manual_layers	within_donor_adjacent_replicates	DLPFCML_151509_151510	spatialLIBD_manual::Br5292	manual_layer_truth	DLPFCML_151509_151510	forward	uot	0.25	2.0	manual3	heldout_expression_loss	local_reference	1500	0.6723090810262582	0.23910003322518555	0.2301171874570408	0.27082914109291356	0.22064393785882216	0.24345662025562642	0.25534519459176086
spatialLIBD_manual_layers	within_donor_adjacent_replicates	DLPFCML_151509_151510	spatialLIBD_manual::Br5292	manual_layer_truth	DLPFCML_151509_151510	forward	uot	0.25	2.0	manual3	heldout_expression_loss	endpoint_response	1500	0.6491503400668179	0.2396342036640442	0.2301171874570408	0.27082914109291356	0.23376466509378263	0.24315757836321453	0.2548741698696531
spatialLIBD_manual_layers	within_donor_adjacent_replicates	DLPFCML_151509_151510	spatialLIBD_manual::Br5292	manual_layer_truth	DLPFCML_151509_151510	forward	uot	0.25	2.0	manual3	heldout_expression_loss	source_boundary_proximity	1500	0.0343675737714237	0.2683391184427246	0.2301171874570408	0.27082914109291356	0.9388380456398709	0.2675277302311141	0.26886878358916527
spatialLIBD_manual_layers	within_donor_adjacent_replicates	DLPFCML_151509_151510	spatialLIBD_manual::Br5292	manual_layer_truth	DLPFCML_151509_151510	forward	uot	0.25	2.0	manual3	manual_layer_mismatch	finite_response_h001	1500	-0.08583813016245095	0.3238456402796807	0.09600876634878189	0.29333333333333333	1.1546300463881731	0.3325	0.31037037037037035
spatialLIBD_manual_layers	within_donor_adjacent_replicates	DLPFCML_151509_151510	spatialLIBD_manual::Br5292	manual_layer_truth	DLPFCML_151509_151510	forward	uot	0.25	2.0	manual3	manual_layer_mismatch	local_reference	1500	-0.08585165649875137	0.3238597404599827	0.09600876634878189	0.29333333333333333	1.1547015031789696	0.3325	0.31037037037037035
spatialLIBD_manual_layers	within_donor_adjacent_replicates	DLPFCML_151509_151510	spatialLIBD_manual::Br5292	manual_layer_truth	DLPFCML_151509_151510	forward	uot	0.25	2.0	manual3	manual_layer_mismatch	endpoint_response	1500	-0.0851077080022284	0.32283526407674557	0.09600876634878189	0.29333333333333333	1.149509669243171	0.33166666666666667	0.31037037037037035
spatialLIBD_manual_layers	within_donor_adjacent_replicates	DLPFCML_151509_151510	spatialLIBD_manual::Br5292	manual_layer_truth	DLPFCML_151509_151510	forward	uot	0.25	2.0	manual3	manual_layer_mismatch	source_boundary_proximity	1500	-0.0845246105994345	0.32848091376137223	0.09600876634878189	0.29333333333333333	1.1781206514989622	0.3258333333333333	0.30666666666666664
spatialLIBD_manual_layers	within_donor_adjacent_replicates	DLPFCML_151509_151510	spatialLIBD_manual::Br5292	manual_layer_truth	DLPFCML_151509_151510	forward	row_softmax	0.25		manual3	heldout_expression_loss	finite_response_h001	1500	-0.6535096131153837	0.2956019420913648	0.2302211822217419	0.27199487864773353	1.5651178962688814	0.2894163412084597	0.27975554932107854
spatialLIBD_manual_layers	within_donor_adjacent_replicates	DLPFCML_151509_151510	spatialLIBD_manual::Br5292	manual_layer_truth	DLPFCML_151509_151510	forward	row_softmax	0.25		manual3	heldout_expression_loss	local_reference	1500	-0.6530407026847568	0.29557979771676174	0.2302211822217419	0.27199487864773353	1.5645877929623113	0.28941634120845977	0.27975554932107854
spatialLIBD_manual_layers	within_donor_adjacent_replicates	DLPFCML_151509_151510	spatialLIBD_manual::Br5292	manual_layer_truth	DLPFCML_151509_151510	forward	row_softmax	0.25		manual3	heldout_expression_loss	endpoint_response	1500	-0.7045439931306636	0.2975063008772994	0.2302211822217419	0.27199487864773353	1.6107054058470307	0.29058861171516304	0.2810507254582436
spatialLIBD_manual_layers	within_donor_adjacent_replicates	DLPFCML_151509_151510	spatialLIBD_manual::Br5292	manual_layer_truth	DLPFCML_151509_151510	forward	row_softmax	0.25		manual3	heldout_expression_loss	source_boundary_proximity	1500	0.040311999408028286	0.26932307126992583	0.2302211822217419	0.27199487864773353	0.936040915542602	0.2685213148044715	0.26999562277759104
spatialLIBD_manual_layers	within_donor_adjacent_replicates	DLPFCML_151509_151510	spatialLIBD_manual::Br5292	manual_layer_truth	DLPFCML_151509_151510	forward	row_softmax	0.25		manual3	manual_layer_mismatch	finite_response_h001	1500	-0.1805404219679057	0.4404484590840615	0.1877238578969504	0.40066666666666667	1.1868191400650503	0.42833333333333334	0.40444444444444444
spatialLIBD_manual_layers	within_donor_adjacent_replicates	DLPFCML_151509_151510	spatialLIBD_manual::Br5292	manual_layer_truth	DLPFCML_151509_151510	forward	row_softmax	0.25		manual3	manual_layer_mismatch	local_reference	1500	-0.1803016430548642	0.4403991447476554	0.1877238578969504	0.40066666666666667	1.186587555177582	0.42833333333333334	0.40444444444444444
spatialLIBD_manual_layers	within_donor_adjacent_replicates	DLPFCML_151509_151510	spatialLIBD_manual::Br5292	manual_layer_truth	DLPFCML_151509_151510	forward	row_softmax	0.25		manual3	manual_layer_mismatch	endpoint_response	1500	-0.2066333018732971	0.4420298837791217	0.1877238578969504	0.40066666666666667	1.194245663196763	0.42583333333333334	0.4103703703703704
spatialLIBD_manual_layers	within_donor_adjacent_replicates	DLPFCML_151509_151510	spatialLIBD_manual::Br5292	manual_layer_truth	DLPFCML_151509_151510	forward	row_softmax	0.25		manual3	manual_layer_mismatch	source_boundary_proximity	1500	-0.16935596750854373	0.4395114164628236	0.1877238578969504	0.40066666666666667	1.1824186973985347	0.4325	0.41703703703703704
spatialLIBD_manual_layers	within_donor_adjacent_replicates	DLPFCML_151509_151510	spatialLIBD_manual::Br5292	manual_layer_truth	DLPFCML_151509_151510	forward	balanced_ot	0.25		manual3	heldout_expression_loss	finite_response_h001	1500	0.277143995175109	0.2532181410289474	0.23020176486427765	0.2707848622055036	0.5671419303249879	0.2508746001900879	0.25898038516274036
spatialLIBD_manual_layers	within_donor_adjacent_replicates	DLPFCML_151509_151510	spatialLIBD_manual::Br5292	manual_layer_truth	DLPFCML_151509_151510	forward	balanced_ot	0.25		manual3	heldout_expression_loss	local_reference	1500	0.2775089553373135	0.25321505025119884	0.23020176486427765	0.2707848622055036	0.567065771087496	0.2508746001900879	0.25898038516274036
spatialLIBD_manual_layers	within_donor_adjacent_replicates	DLPFCML_151509_151510	spatialLIBD_manual::Br5292	manual_layer_truth	DLPFCML_151509_151510	forward	balanced_ot	0.25		manual3	heldout_expression_loss	endpoint_response	1500	0.2489913462183761	0.25437746151701307	0.23020176486427765	0.2707848622055036	0.5957085150367956	0.25231104590094655	0.2592436617938599
spatialLIBD_manual_layers	within_donor_adjacent_replicates	DLPFCML_151509_151510	spatialLIBD_manual::Br5292	manual_layer_truth	DLPFCML_151509_151510	forward	balanced_ot	0.25		manual3	heldout_expression_loss	source_boundary_proximity	1500	0.03405653280208069	0.2683038135321849	0.23020176486427765	0.2707848622055036	0.9388649749313659	0.2674923874825735	0.26882449091403354
spatialLIBD_manual_layers	within_donor_adjacent_replicates	DLPFCML_151509_151510	spatialLIBD_manual::Br5292	manual_layer_truth	DLPFCML_151509_151510	forward	balanced_ot	0.25		manual3	manual_layer_mismatch	finite_response_h001	1500	-0.15331076333066182	0.3381253956871561	0.09694082528019927	0.29466666666666674	1.2197928642799227	0.3383333333333333	0.3148148148148148
spatialLIBD_manual_layers	within_donor_adjacent_replicates	DLPFCML_151509_151510	spatialLIBD_manual::Br5292	manual_layer_truth	DLPFCML_151509_151510	forward	balanced_ot	0.25		manual3	manual_layer_mismatch	local_reference	1500	-0.15324997531074966	0.3381253956871561	0.09694082528019927	0.29466666666666674	1.2197928642799227	0.3383333333333333	0.3148148148148148
spatialLIBD_manual_layers	within_donor_adjacent_replicates	DLPFCML_151509_151510	spatialLIBD_manual::Br5292	manual_layer_truth	DLPFCML_151509_151510	forward	balanced_ot	0.25		manual3	manual_layer_mismatch	endpoint_response	1500	-0.16063234261785864	0.33770429108141015	0.09694082528019927	0.29466666666666674	1.2176631244199572	0.3333333333333333	0.3148148148148148
spatialLIBD_manual_layers	within_donor_adjacent_replicates	DLPFCML_151509_151510	spatialLIBD_manual::Br5292	manual_layer_truth	DLPFCML_151509_151510	forward	balanced_ot	0.25		manual3	manual_layer_mismatch	source_boundary_proximity	1500	-0.08909183545949995	0.3312555931396668	0.09694082528019927	0.29466666666666674	1.1850487837929322	0.32666666666666666	0.30814814814814817
spatialLIBD_manual_layers	within_donor_adjacent_replicates	DLPFCML_151509_151510	spatialLIBD_manual::Br5292	manual_layer_truth	DLPFCML_151509_151510__reverse	reverse	uot	0.25	2.0	manual3	heldout_expression_loss	finite_response_h001	1500	0.6862213040983575	0.24074298145586148	0.231960923445521	0.27178403869331835	0.2205266452836391	0.2428904498089901	0.25663488911743443
spatialLIBD_manual_layers	within_donor_adjacent_replicates	DLPFCML_151509_151510	spatialLIBD_manual::Br5292	manual_layer_truth	DLPFCML_151509_151510__reverse	reverse	uot	0.25	2.0	manual3	heldout_expression_loss	local_reference	1500	0.6864585557593582	0.24073547939702333	0.231960923445521	0.27178403869331835	0.22033826075391388	0.2428904498089901	0.25663488911743443
spatialLIBD_manual_layers	within_donor_adjacent_replicates	DLPFCML_151509_151510	spatialLIBD_manual::Br5292	manual_layer_truth	DLPFCML_151509_151510__reverse	reverse	uot	0.25	2.0	manual3	heldout_expression_loss	endpoint_response	1500	0.665466617540719	0.24118539835402183	0.231960923445521	0.27178403869331835	0.23163619548852477	0.2426330173329517	0.2564060435970281
spatialLIBD_manual_layers	within_donor_adjacent_replicates	DLPFCML_151509_151510	spatialLIBD_manual::Br5292	manual_layer_truth	DLPFCML_151509_151510__reverse	reverse	uot	0.25	2.0	manual3	heldout_expression_loss	source_boundary_proximity	1500	-0.11305994183812743	0.27408238181056377	0.231960923445521	0.27178403869331835	1.0577137951901576	0.27166020115495787	0.27174601637812734
spatialLIBD_manual_layers	within_donor_adjacent_replicates	DLPFCML_151509_151510	spatialLIBD_manual::Br5292	manual_layer_truth	DLPFCML_151509_151510__reverse	reverse	uot	0.25	2.0	manual3	manual_layer_mismatch	finite_response_h001	1500	-0.12371171586602699	0.28254527025475146	0.06216084170516983	0.2386666666666667	1.2485957820239444	0.2866666666666667	0.26
spatialLIBD_manual_layers	within_donor_adjacent_replicates	DLPFCML_151509_151510	spatialLIBD_manual::Br5292	manual_layer_truth	DLPFCML_151509_151510__reverse	reverse	uot	0.25	2.0	manual3	manual_layer_mismatch	local_reference	1500	-0.123606973376242	0.28254527025475146	0.06216084170516983	0.2386666666666667	1.2485957820239444	0.2866666666666667	0.26
spatialLIBD_manual_layers	within_donor_adjacent_replicates	DLPFCML_151509_151510	spatialLIBD_manual::Br5292	manual_layer_truth	DLPFCML_151509_151510__reverse	reverse	uot	0.25	2.0	manual3	manual_layer_mismatch	endpoint_response	1500	-0.1295231181440965	0.28260716748186737	0.06216084170516983	0.2386666666666667	1.2489464629554627	0.285	0.26
spatialLIBD_manual_layers	within_donor_adjacent_replicates	DLPFCML_151509_151510	spatialLIBD_manual::Br5292	manual_layer_truth	DLPFCML_151509_151510__reverse	reverse	uot	0.25	2.0	manual3	manual_layer_mismatch	source_boundary_proximity	1500	-0.0678697222241168	0.2615119363660321	0.06216084170516983	0.2386666666666667	1.1294306842527655	0.25333333333333335	0.2437037037037037
spatialLIBD_manual_layers	within_donor_adjacent_replicates	DLPFCML_151509_151510	spatialLIBD_manual::Br5292	manual_layer_truth	DLPFCML_151509_151510__reverse	reverse	row_softmax	0.25		manual3	heldout_expression_loss	finite_response_h001	1500	-0.6904905184402305	0.2962683991212734	0.2321572223483733	0.2732205329881965	1.5612763747968508	0.28968337571593034	0.28083321936159544
spatialLIBD_manual_layers	within_donor_adjacent_replicates	DLPFCML_151509_151510	spatialLIBD_manual::Br5292	manual_layer_truth	DLPFCML_151509_151510__reverse	reverse	row_softmax	0.25		manual3	heldout_expression_loss	local_reference	1500	-0.6899315066362253	0.2962506696130645	0.2321572223483733	0.2732205329881965	1.5608446144752246	0.28968337571593034	0.28079815868350555
spatialLIBD_manual_layers	within_donor_adjacent_replicates	DLPFCML_151509_151510	spatialLIBD_manual::Br5292	manual_layer_truth	DLPFCML_151509_151510__reverse	reverse	row_softmax	0.25		manual3	heldout_expression_loss	endpoint_response	1500	-0.7415732931436858	0.2984334849886975	0.2321572223483733	0.2732205329881965	1.6140019303764925	0.2915754829903269	0.2817308969425667
spatialLIBD_manual_layers	within_donor_adjacent_replicates	DLPFCML_151509_151510	spatialLIBD_manual::Br5292	manual_layer_truth	DLPFCML_151509_151510__reverse	reverse	row_softmax	0.25		manual3	heldout_expression_loss	source_boundary_proximity	1500	-0.10912281200392468	0.2754025466915991	0.2321572223483733	0.2732205329881965	1.0531377930664578	0.27297983711384705	0.2731325904330395
spatialLIBD_manual_layers	within_donor_adjacent_replicates	DLPFCML_151509_151510	spatialLIBD_manual::Br5292	manual_layer_truth	DLPFCML_151509_151510__reverse	reverse	row_softmax	0.25		manual3	manual_layer_mismatch	finite_response_h001	1500	-0.17421303063465343	0.432986990375901	0.19326135415593193	0.406	1.1268551384673273	0.4225	0.4074074074074074
spatialLIBD_manual_layers	within_donor_adjacent_replicates	DLPFCML_151509_151510	spatialLIBD_manual::Br5292	manual_layer_truth	DLPFCML_151509_151510__reverse	reverse	row_softmax	0.25		manual3	manual_layer_mismatch	local_reference	1500	-0.1741534636572821	0.4329881605276848	0.19326135415593193	0.406	1.12686063888677	0.4225	0.4074074074074074
spatialLIBD_manual_layers	within_donor_adjacent_replicates	DLPFCML_151509_151510	spatialLIBD_manual::Br5292	manual_layer_truth	DLPFCML_151509_151510__reverse	reverse	row_softmax	0.25		manual3	manual_layer_mismatch	endpoint_response	1500	-0.1852423267605649	0.4334129853017336	0.19326135415593193	0.406	1.1288575716601421	0.4225	0.4074074074074074
spatialLIBD_manual_layers	within_donor_adjacent_replicates	DLPFCML_151509_151510	spatialLIBD_manual::Br5292	manual_layer_truth	DLPFCML_151509_151510__reverse	reverse	row_softmax	0.25		manual3	manual_layer_mismatch	source_boundary_proximity	1500	-0.1771981735889271	0.4385769266443555	0.19326135415593193	0.406	1.1531312118449486	0.42833333333333334	0.4148148148148148
spatialLIBD_manual_layers	within_donor_adjacent_replicates	DLPFCML_151509_151510	spatialLIBD_manual::Br5292	manual_layer_truth	DLPFCML_151509_151510__reverse	reverse	balanced_ot	0.25		manual3	heldout_expression_loss	finite_response_h001	1500	0.3257942887974617	0.25154917106497354	0.23204861562489537	0.27174642608153377	0.4912249621771577	0.24933168978787143	0.2586576996633802
spatialLIBD_manual_layers	within_donor_adjacent_replicates	DLPFCML_151509_151510	spatialLIBD_manual::Br5292	manual_layer_truth	DLPFCML_151509_151510__reverse	reverse	balanced_ot	0.25		manual3	heldout_expression_loss	local_reference	1500	0.3260322764587896	0.2515322194651569	0.23204861562489537	0.27174642608153377	0.49079794618756944	0.24933168978787146	0.25865769966338026
spatialLIBD_manual_layers	within_donor_adjacent_replicates	DLPFCML_151509_151510	spatialLIBD_manual::Br5292	manual_layer_truth	DLPFCML_151509_151510__reverse	reverse	balanced_ot	0.25		manual3	heldout_expression_loss	endpoint_response	1500	0.30211549071799587	0.25249238262088364	0.23204861562489537	0.27174642608153377	0.5149847500611862	0.2509799214699046	0.2593389856162566
spatialLIBD_manual_layers	within_donor_adjacent_replicates	DLPFCML_151509_151510	spatialLIBD_manual::Br5292	manual_layer_truth	DLPFCML_151509_151510__reverse	reverse	balanced_ot	0.25		manual3	heldout_expression_loss	source_boundary_proximity	1500	-0.11333575077612419	0.27404562278937916	0.23204861562489537	0.27174642608153377	1.057917469034137	0.271623750933211	0.2717093863075055
spatialLIBD_manual_layers	within_donor_adjacent_replicates	DLPFCML_151509_151510	spatialLIBD_manual::Br5292	manual_layer_truth	DLPFCML_151509_151510__reverse	reverse	balanced_ot	0.25		manual3	manual_layer_mismatch	finite_response_h001	1500	-0.20922853111716597	0.3305088777337013	0.08696986717545303	0.28	1.2616631765964275	0.32916666666666666	0.30074074074074075
spatialLIBD_manual_layers	within_donor_adjacent_replicates	DLPFCML_151509_151510	spatialLIBD_manual::Br5292	manual_layer_truth	DLPFCML_151509_151510__reverse	reverse	balanced_ot	0.25		manual3	manual_layer_mismatch	local_reference	1500	-0.2091565228711818	0.33054684401539525	0.08696986717545303	0.28	1.2618598623736084	0.32916666666666666	0.30074074074074075
spatialLIBD_manual_layers	within_donor_adjacent_replicates	DLPFCML_151509_151510	spatialLIBD_manual::Br5292	manual_layer_truth	DLPFCML_151509_151510__reverse	reverse	balanced_ot	0.25		manual3	manual_layer_mismatch	endpoint_response	1500	-0.21476973709385055	0.3300227459838131	0.08696986717545303	0.28	1.2591447524375936	0.32666666666666666	0.30074074074074075
spatialLIBD_manual_layers	within_donor_adjacent_replicates	DLPFCML_151509_151510	spatialLIBD_manual::Br5292	manual_layer_truth	DLPFCML_151509_151510__reverse	reverse	balanced_ot	0.25		manual3	manual_layer_mismatch	source_boundary_proximity	1500	-0.09287205258861765	0.31375759085968224	0.08696986717545303	0.28	1.1748824930373223	0.30666666666666664	0.2903703703703704
spatialLIBD_manual_layers	within_donor_adjacent_replicates	DLPFCML_151669_151670	spatialLIBD_manual::Br5595	manual_layer_truth	DLPFCML_151669_151670	forward	uot	0.25	2.0	manual3	heldout_expression_loss	finite_response_h001	1500	0.894003750223889	0.16916893438489605	0.16664718247435417	0.20903151793802757	0.05949726197083387	0.17341303625551163	0.1873869965135949
spatialLIBD_manual_layers	within_donor_adjacent_replicates	DLPFCML_151669_151670	spatialLIBD_manual::Br5595	manual_layer_truth	DLPFCML_151669_151670	forward	uot	0.25	2.0	manual3	heldout_expression_loss	local_reference	1500	0.8941113840495041	0.1691690047290953	0.16664718247435417	0.20903151793802757	0.05949892164529788	0.17341303625551163	0.1873869965135949
spatialLIBD_manual_layers	within_donor_adjacent_replicates	DLPFCML_151669_151670	spatialLIBD_manual::Br5595	manual_layer_truth	DLPFCML_151669_151670	forward	uot	0.25	2.0	manual3	heldout_expression_loss	endpoint_response	1500	0.8815755491446886	0.16935125341096224	0.16664718247435417	0.20903151793802757	0.06379882819976418	0.17347427479013972	0.18732566484225263
spatialLIBD_manual_layers	within_donor_adjacent_replicates	DLPFCML_151669_151670	spatialLIBD_manual::Br5595	manual_layer_truth	DLPFCML_151669_151670	forward	uot	0.25	2.0	manual3	heldout_expression_loss	source_boundary_proximity	1500	0.2927025601230243	0.19403337994078534	0.16664718247435417	0.20903151793802757	0.6461395977271657	0.19493960693480444	0.20047164377491897
spatialLIBD_manual_layers	within_donor_adjacent_replicates	DLPFCML_151669_151670	spatialLIBD_manual::Br5595	manual_layer_truth	DLPFCML_151669_151670	forward	uot	0.25	2.0	manual3	manual_layer_mismatch	finite_response_h001	1500	-0.34754788423150523	0.1882888597423362	0.020192884943054715	0.1386666666666666	1.4188453542525845	0.17166666666666666	0.15407407407407409
spatialLIBD_manual_layers	within_donor_adjacent_replicates	DLPFCML_151669_151670	spatialLIBD_manual::Br5595	manual_layer_truth	DLPFCML_151669_151670	forward	uot	0.25	2.0	manual3	manual_layer_mismatch	local_reference	1500	-0.3475122451483308	0.1882888597423362	0.020192884943054715	0.1386666666666666	1.4188453542525845	0.17166666666666666	0.15407407407407409
spatialLIBD_manual_layers	within_donor_adjacent_replicates	DLPFCML_151669_151670	spatialLIBD_manual::Br5595	manual_layer_truth	DLPFCML_151669_151670	forward	uot	0.25	2.0	manual3	manual_layer_mismatch	endpoint_response	1500	-0.3512766233086285	0.18859227717617502	0.020192884943054715	0.1386666666666666	1.421406405562204	0.17166666666666666	0.15407407407407409
spatialLIBD_manual_layers	within_donor_adjacent_replicates	DLPFCML_151669_151670	spatialLIBD_manual::Br5595	manual_layer_truth	DLPFCML_151669_151670	forward	uot	0.25	2.0	manual3	manual_layer_mismatch	source_boundary_proximity	1500	-0.10456298795699243	0.15165204650418754	0.020192884943054715	0.1386666666666666	1.1096055148118307	0.14666666666666667	0.1437037037037037
spatialLIBD_manual_layers	within_donor_adjacent_replicates	DLPFCML_151669_151670	spatialLIBD_manual::Br5595	manual_layer_truth	DLPFCML_151669_151670	forward	row_softmax	0.25		manual3	heldout_expression_loss	finite_response_h001	1500	0.06311308760581673	0.2119574629576295	0.16670216014499878	0.2097058024547649	1.0523597626137182	0.2128381569918702	0.2126830105240598
spatialLIBD_manual_layers	within_donor_adjacent_replicates	DLPFCML_151669_151670	spatialLIBD_manual::Br5595	manual_layer_truth	DLPFCML_151669_151670	forward	row_softmax	0.25		manual3	heldout_expression_loss	local_reference	1500	0.06486889283061903	0.21190662424953313	0.16670216014499878	0.2097058024547649	1.0511775672143109	0.2128381569918702	0.21268301052405975
spatialLIBD_manual_layers	within_donor_adjacent_replicates	DLPFCML_151669_151670	spatialLIBD_manual::Br5595	manual_layer_truth	DLPFCML_151669_151670	forward	row_softmax	0.25		manual3	heldout_expression_loss	endpoint_response	1500	-0.1845316660140738	0.21901398464329405	0.16670216014499878	0.2097058024547649	1.21645101876441	0.21708943190999672	0.21311713909645724
spatialLIBD_manual_layers	within_donor_adjacent_replicates	DLPFCML_151669_151670	spatialLIBD_manual::Br5595	manual_layer_truth	DLPFCML_151669_151670	forward	row_softmax	0.25		manual3	heldout_expression_loss	source_boundary_proximity	1500	0.2945894773626681	0.1943758430842492	0.16670216014499878	0.2097058024547649	0.6435195126010466	0.19529004097633654	0.20096336524516287
spatialLIBD_manual_layers	within_donor_adjacent_replicates	DLPFCML_151669_151670	spatialLIBD_manual::Br5595	manual_layer_truth	DLPFCML_151669_151670	forward	row_softmax	0.25		manual3	manual_layer_mismatch	finite_response_h001	1500	-0.2542326513086595	0.2523815306295197	0.046662748489061226	0.20799999999999996	1.2750854512140404	0.24333333333333335	0.22740740740740742
spatialLIBD_manual_layers	within_donor_adjacent_replicates	DLPFCML_151669_151670	spatialLIBD_manual::Br5595	manual_layer_truth	DLPFCML_151669_151670	forward	row_softmax	0.25		manual3	manual_layer_mismatch	local_reference	1500	-0.2548888873009665	0.2525032164921417	0.046662748489061226	0.20799999999999996	1.2758396841111699	0.24333333333333335	0.22740740740740742
spatialLIBD_manual_layers	within_donor_adjacent_replicates	DLPFCML_151669_151670	spatialLIBD_manual::Br5595	manual_layer_truth	DLPFCML_151669_151670	forward	row_softmax	0.25		manual3	manual_layer_mismatch	endpoint_response	1500	-0.1378892170887333	0.2329061167244025	0.046662748489061226	0.20799999999999996	1.1543730074186485	0.23416666666666666	0.22740740740740742
spatialLIBD_manual_layers	within_donor_adjacent_replicates	DLPFCML_151669_151670	spatialLIBD_manual::Br5595	manual_layer_truth	DLPFCML_151669_151670	forward	row_softmax	0.25		manual3	manual_layer_mismatch	source_boundary_proximity	1500	-0.06715807097052273	0.21151460628469024	0.046662748489061226	0.20799999999999996	1.0217842206420131	0.205	0.2037037037037037
spatialLIBD_manual_layers	within_donor_adjacent_replicates	DLPFCML_151669_151670	spatialLIBD_manual::Br5595	manual_layer_truth	DLPFCML_151669_151670	forward	balanced_ot	0.25		manual3	heldout_expression_loss	finite_response_h001	1500	0.6961964729762103	0.174573160252701	0.16669467691808196	0.20900540995525635	0.1862053140912727	0.17802324923101717	0.1882497578277079
spatialLIBD_manual_layers	within_donor_adjacent_replicates	DLPFCML_151669_151670	spatialLIBD_manual::Br5595	manual_layer_truth	DLPFCML_151669_151670	forward	balanced_ot	0.25		manual3	heldout_expression_loss	local_reference	1500	0.6965043557797138	0.17456670569616942	0.16669467691808196	0.20900540995525635	0.18605276281011393	0.17802324923101717	0.1882497578277079
spatialLIBD_manual_layers	within_donor_adjacent_replicates	DLPFCML_151669_151670	spatialLIBD_manual::Br5595	manual_layer_truth	DLPFCML_151669_151670	forward	balanced_ot	0.25		manual3	heldout_expression_loss	endpoint_response	1500	0.6642172623187833	0.1756565359368489	0.16669467691808196	0.20900540995525635	0.21181053542355366	0.17847268618170747	0.18824975782770792
spatialLIBD_manual_layers	within_donor_adjacent_replicates	DLPFCML_151669_151670	spatialLIBD_manual::Br5595	manual_layer_truth	DLPFCML_151669_151670	forward	balanced_ot	0.25		manual3	heldout_expression_loss	source_boundary_proximity	1500	0.29251095977150127	0.19404748270461192	0.16669467691808196	0.20900540995525635	0.6464744007743299	0.1949534416423331	0.20046822256652125
spatialLIBD_manual_layers	within_donor_adjacent_replicates	DLPFCML_151669_151670	spatialLIBD_manual::Br5595	manual_layer_truth	DLPFCML_151669_151670	forward	balanced_ot	0.25		manual3	manual_layer_mismatch	finite_response_h001	1500	-0.3783542842085078	0.19626299586508306	0.022041554517184807	0.14466666666666667	1.4207647870325264	0.18	0.16074074074074074
spatialLIBD_manual_layers	within_donor_adjacent_replicates	DLPFCML_151669_151670	spatialLIBD_manual::Br5595	manual_layer_truth	DLPFCML_151669_151670	forward	balanced_ot	0.25		manual3	manual_layer_mismatch	local_reference	1500	-0.3784505737117508	0.1963089993001471	0.022041554517184807	0.14466666666666667	1.4211399421231734	0.18	0.16074074074074074
spatialLIBD_manual_layers	within_donor_adjacent_replicates	DLPFCML_151669_151670	spatialLIBD_manual::Br5595	manual_layer_truth	DLPFCML_151669_151670	forward	balanced_ot	0.25		manual3	manual_layer_mismatch	endpoint_response	1500	-0.37046292173818907	0.1946802444138412	0.022041554517184807	0.14466666666666667	1.407857549489596	0.17916666666666667	0.16074074074074074
spatialLIBD_manual_layers	within_donor_adjacent_replicates	DLPFCML_151669_151670	spatialLIBD_manual::Br5595	manual_layer_truth	DLPFCML_151669_151670	forward	balanced_ot	0.25		manual3	manual_layer_mismatch	source_boundary_proximity	1500	-0.11707725671799403	0.16229190612521782	0.022041554517184807	0.14466666666666667	1.143732708167196	0.155	0.15037037037037038
spatialLIBD_manual_layers	within_donor_adjacent_replicates	DLPFCML_151669_151670	spatialLIBD_manual::Br5595	manual_layer_truth	DLPFCML_151669_151670__reverse	reverse	uot	0.25	2.0	manual3	heldout_expression_loss	finite_response_h001	1500	0.8997543874463945	0.18354820370420905	0.18083444445080096	0.227634956426518	0.05798567449040188	0.18848815345337852	0.20386608839492082
spatialLIBD_manual_layers	within_donor_adjacent_replicates	DLPFCML_151669_151670	spatialLIBD_manual::Br5595	manual_layer_truth	DLPFCML_151669_151670__reverse	reverse	uot	0.25	2.0	manual3	heldout_expression_loss	local_reference	1500	0.8998584550482023	0.18354583500854738	0.18083444445080096	0.227634956426518	0.057935061888922244	0.18848815345337852	0.20386608839492082
spatialLIBD_manual_layers	within_donor_adjacent_replicates	DLPFCML_151669_151670	spatialLIBD_manual::Br5595	manual_layer_truth	DLPFCML_151669_151670__reverse	reverse	uot	0.25	2.0	manual3	heldout_expression_loss	endpoint_response	1500	0.8887504750002112	0.18359145713387404	0.18083444445080096	0.227634956426518	0.05890988296246803	0.18843995591419235	0.20386608839492082
spatialLIBD_manual_layers	within_donor_adjacent_replicates	DLPFCML_151669_151670	spatialLIBD_manual::Br5595	manual_layer_truth	DLPFCML_151669_151670__reverse	reverse	uot	0.25	2.0	manual3	heldout_expression_loss	source_boundary_proximity	1500	0.2527384908042214	0.21034719497077273	0.18083444445080096	0.227634956426518	0.630607428723959	0.21033423206345322	0.2184476476166742
spatialLIBD_manual_layers	within_donor_adjacent_replicates	DLPFCML_151669_151670	spatialLIBD_manual::Br5595	manual_layer_truth	DLPFCML_151669_151670__reverse	reverse	uot	0.25	2.0	manual3	manual_layer_mismatch	finite_response_h001	1500	-0.4042063736703075	0.24446879457785986	0.03538254129860673	0.182	1.4260665484939703	0.22583333333333333	0.20148148148148148
spatialLIBD_manual_layers	within_donor_adjacent_replicates	DLPFCML_151669_151670	spatialLIBD_manual::Br5595	manual_layer_truth	DLPFCML_151669_151670__reverse	reverse	uot	0.25	2.0	manual3	manual_layer_mismatch	local_reference	1500	-0.40417046177179833	0.24446879457785986	0.03538254129860673	0.182	1.4260665484939703	0.22583333333333333	0.20148148148148148
spatialLIBD_manual_layers	within_donor_adjacent_replicates	DLPFCML_151669_151670	spatialLIBD_manual::Br5595	manual_layer_truth	DLPFCML_151669_151670__reverse	reverse	uot	0.25	2.0	manual3	manual_layer_mismatch	endpoint_response	1500	-0.4056149181340572	0.24474278434128816	0.03538254129860673	0.182	1.4279352874958262	0.22583333333333333	0.20148148148148148
spatialLIBD_manual_layers	within_donor_adjacent_replicates	DLPFCML_151669_151670	spatialLIBD_manual::Br5595	manual_layer_truth	DLPFCML_151669_151670__reverse	reverse	uot	0.25	2.0	manual3	manual_layer_mismatch	source_boundary_proximity	1500	-0.10565511034787427	0.20218439812800817	0.03538254129860673	0.182	1.13766708485322	0.195	0.19185185185185186
spatialLIBD_manual_layers	within_donor_adjacent_replicates	DLPFCML_151669_151670	spatialLIBD_manual::Br5595	manual_layer_truth	DLPFCML_151669_151670__reverse	reverse	row_softmax	0.25		manual3	heldout_expression_loss	finite_response_h001	1500	-0.008836672371854388	0.23237526134048564	0.18075697328054113	0.22815167601885852	1.0891151347640473	0.23233387324053975	0.23119118624753476
spatialLIBD_manual_layers	within_donor_adjacent_replicates	DLPFCML_151669_151670	spatialLIBD_manual::Br5595	manual_layer_truth	DLPFCML_151669_151670__reverse	reverse	row_softmax	0.25		manual3	heldout_expression_loss	local_reference	1500	-0.007520127786723461	0.23232140697694145	0.18075697328054113	0.22815167601885852	1.0879788397683483	0.23225048557884576	0.23119118624753468
spatialLIBD_manual_layers	within_donor_adjacent_replicates	DLPFCML_151669_151670	spatialLIBD_manual::Br5595	manual_layer_truth	DLPFCML_151669_151670__reverse	reverse	row_softmax	0.25		manual3	heldout_expression_loss	endpoint_response	1500	-0.19670679675857636	0.23927221395652776	0.18075697328054113	0.22815167601885852	1.234636727211258	0.2381065959043518	0.23279974886997964
spatialLIBD_manual_layers	within_donor_adjacent_replicates	DLPFCML_151669_151670	spatialLIBD_manual::Br5595	manual_layer_truth	DLPFCML_151669_151670__reverse	reverse	row_softmax	0.25		manual3	heldout_expression_loss	source_boundary_proximity	1500	0.25261997129288255	0.2106558662173602	0.18075697328054113	0.22815167601885852	0.6308488335057453	0.2106300922815185	0.218809190450122
spatialLIBD_manual_layers	within_donor_adjacent_replicates	DLPFCML_151669_151670	spatialLIBD_manual::Br5595	manual_layer_truth	DLPFCML_151669_151670__reverse	reverse	row_softmax	0.25		manual3	manual_layer_mismatch	finite_response_h001	1500	-0.2628299276629293	0.25369088885496843	0.045133551302567375	0.20466666666666666	1.3072980934172491	0.25083333333333335	0.22740740740740742
spatialLIBD_manual_layers	within_donor_adjacent_replicates	DLPFCML_151669_151670	spatialLIBD_manual::Br5595	manual_layer_truth	DLPFCML_151669_151670__reverse	reverse	row_softmax	0.25		manual3	manual_layer_mismatch	local_reference	1500	-0.2633908818391814	0.2537788699232821	0.045133551302567375	0.20466666666666666	1.3078495843607618	0.25083333333333335	0.22740740740740742
spatialLIBD_manual_layers	within_donor_adjacent_replicates	DLPFCML_151669_151670	spatialLIBD_manual::Br5595	manual_layer_truth	DLPFCML_151669_151670__reverse	reverse	row_softmax	0.25		manual3	manual_layer_mismatch	endpoint_response	1500	-0.17400073504526894	0.23425004233656246	0.045133551302567375	0.20466666666666666	1.1854372090858893	0.2325	0.22148148148148147
spatialLIBD_manual_layers	within_donor_adjacent_replicates	DLPFCML_151669_151670	spatialLIBD_manual::Br5595	manual_layer_truth	DLPFCML_151669_151670__reverse	reverse	row_softmax	0.25		manual3	manual_layer_mismatch	source_boundary_proximity	1500	-0.05915794298348125	0.20486494468702973	0.045133551302567375	0.20466666666666666	1.0012428643414286	0.205	0.2088888888888889
spatialLIBD_manual_layers	within_donor_adjacent_replicates	DLPFCML_151669_151670	spatialLIBD_manual::Br5595	manual_layer_truth	DLPFCML_151669_151670__reverse	reverse	balanced_ot	0.25		manual3	heldout_expression_loss	finite_response_h001	1500	0.6769175808522583	0.19071076001584816	0.18088577990834454	0.2276211494751636	0.21022579255432094	0.19203965520016825	0.204481613983321
spatialLIBD_manual_layers	within_donor_adjacent_replicates	DLPFCML_151669_151670	spatialLIBD_manual::Br5595	manual_layer_truth	DLPFCML_151669_151670__reverse	reverse	balanced_ot	0.25		manual3	heldout_expression_loss	local_reference	1500	0.6773061428027303	0.1906927122381228	0.18088577990834454	0.2276211494751636	0.20983962298098427	0.19203965520016825	0.204481613983321
spatialLIBD_manual_layers	within_donor_adjacent_replicates	DLPFCML_151669_151670	spatialLIBD_manual::Br5595	manual_layer_truth	DLPFCML_151669_151670__reverse	reverse	balanced_ot	0.25		manual3	heldout_expression_loss	endpoint_response	1500	0.642216274762789	0.19207453869986615	0.18088577990834454	0.2276211494751636	0.239406661276631	0.19297360764999966	0.20447084238208638
spatialLIBD_manual_layers	within_donor_adjacent_replicates	DLPFCML_151669_151670	spatialLIBD_manual::Br5595	manual_layer_truth	DLPFCML_151669_151670__reverse	reverse	balanced_ot	0.25		manual3	heldout_expression_loss	source_boundary_proximity	1500	0.2527015040126543	0.2103561821968069	0.18088577990834454	0.2276211494751636	0.6305802770282493	0.2103459505184222	0.21845126622520386
spatialLIBD_manual_layers	within_donor_adjacent_replicates	DLPFCML_151669_151670	spatialLIBD_manual::Br5595	manual_layer_truth	DLPFCML_151669_151670__reverse	reverse	balanced_ot	0.25		manual3	manual_layer_mismatch	finite_response_h001	1500	-0.42236313116854013	0.267986364100264	0.04391019355337229	0.202	1.4173979688092126	0.2475	0.2237037037037037
spatialLIBD_manual_layers	within_donor_adjacent_replicates	DLPFCML_151669_151670	spatialLIBD_manual::Br5595	manual_layer_truth	DLPFCML_151669_151670__reverse	reverse	balanced_ot	0.25		manual3	manual_layer_mismatch	local_reference	1500	-0.42252035375181096	0.26800752812142803	0.04391019355337229	0.202	1.417531842217244	0.2475	0.2237037037037037
spatialLIBD_manual_layers	within_donor_adjacent_replicates	DLPFCML_151669_151670	spatialLIBD_manual::Br5595	manual_layer_truth	DLPFCML_151669_151670__reverse	reverse	balanced_ot	0.25		manual3	manual_layer_mismatch	endpoint_response	1500	-0.40665621163006643	0.26451811606140974	0.04391019355337229	0.202	1.3954595015746085	0.24666666666666667	0.2237037037037037
spatialLIBD_manual_layers	within_donor_adjacent_replicates	DLPFCML_151669_151670	spatialLIBD_manual::Br5595	manual_layer_truth	DLPFCML_151669_151670__reverse	reverse	balanced_ot	0.25		manual3	manual_layer_mismatch	source_boundary_proximity	1500	-0.09711207282612613	0.22441734454942752	0.04391019355337229	0.202	1.141801328329134	0.21666666666666667	0.21407407407407408
spatialLIBD_manual_layers	within_donor_adjacent_replicates	DLPFCML_151671_151672	spatialLIBD_manual::Br5595	manual_layer_truth	DLPFCML_151671_151672	forward	uot	0.25	2.0	manual3	heldout_expression_loss	finite_response_h001	1500	0.7409831808814139	0.14351284518311008	0.13910923074457623	0.18413164377571617	0.09780938297305546	0.1423726820585443	0.1556917882522888
spatialLIBD_manual_layers	within_donor_adjacent_replicates	DLPFCML_151671_151672	spatialLIBD_manual::Br5595	manual_layer_truth	DLPFCML_151671_151672	forward	uot	0.25	2.0	manual3	heldout_expression_loss	local_reference	1500	0.741901485289549	0.14348749935689703	0.13910923074457623	0.18413164377571617	0.09724642278263824	0.14237268205854428	0.15569178825228874
spatialLIBD_manual_layers	within_donor_adjacent_replicates	DLPFCML_151671_151672	spatialLIBD_manual::Br5595	manual_layer_truth	DLPFCML_151671_151672	forward	uot	0.25	2.0	manual3	heldout_expression_loss	endpoint_response	1500	0.6447694883419949	0.14607978471182076	0.13910923074457623	0.18413164377571617	0.1548240864483055	0.14398130954225233	0.15568400508105298
spatialLIBD_manual_layers	within_donor_adjacent_replicates	DLPFCML_151671_151672	spatialLIBD_manual::Br5595	manual_layer_truth	DLPFCML_151671_151672	forward	uot	0.25	2.0	manual3	heldout_expression_loss	source_boundary_proximity	1500	0.39861827885132234	0.16768495982313497	0.13910923074457623	0.18413164377571617	0.6347000783541792	0.1703418391187773	0.17645554848319298
spatialLIBD_manual_layers	within_donor_adjacent_replicates	DLPFCML_151671_151672	spatialLIBD_manual::Br5595	manual_layer_truth	DLPFCML_151671_151672	forward	uot	0.25	2.0	manual3	manual_layer_mismatch	finite_response_h001	1500	-0.22923114724950774	0.20439631076469167	0.03097408186523024	0.17066666666666663	1.2414562243655913	0.19416666666666665	0.18666666666666668
spatialLIBD_manual_layers	within_donor_adjacent_replicates	DLPFCML_151671_151672	spatialLIBD_manual::Br5595	manual_layer_truth	DLPFCML_151671_151672	forward	uot	0.25	2.0	manual3	manual_layer_mismatch	local_reference	1500	-0.2295544403073085	0.20435809072647163	0.03097408186523024	0.17066666666666663	1.2411826233131493	0.19416666666666665	0.18666666666666668
spatialLIBD_manual_layers	within_donor_adjacent_replicates	DLPFCML_151671_151672	spatialLIBD_manual::Br5595	manual_layer_truth	DLPFCML_151671_151672	forward	uot	0.25	2.0	manual3	manual_layer_mismatch	endpoint_response	1500	-0.1959278699788393	0.20402711720128058	0.03097408186523024	0.17066666666666663	1.2388133241433938	0.1975	0.1874074074074074
spatialLIBD_manual_layers	within_donor_adjacent_replicates	DLPFCML_151671_151672	spatialLIBD_manual::Br5595	manual_layer_truth	DLPFCML_151671_151672	forward	uot	0.25	2.0	manual3	manual_layer_mismatch	source_boundary_proximity	1500	-0.15067120581424226	0.18315701258495107	0.03097408186523024	0.17066666666666663	1.0894130918691112	0.17666666666666667	0.17333333333333334
spatialLIBD_manual_layers	within_donor_adjacent_replicates	DLPFCML_151671_151672	spatialLIBD_manual::Br5595	manual_layer_truth	DLPFCML_151671_151672	forward	row_softmax	0.25		manual3	heldout_expression_loss	finite_response_h001	1500	-0.2742859885715505	0.18491678159793043	0.13939097238781192	0.18628119656034037	0.9709019313409616	0.1818374739365584	0.1835814854855971
spatialLIBD_manual_layers	within_donor_adjacent_replicates	DLPFCML_151671_151672	spatialLIBD_manual::Br5595	manual_layer_truth	DLPFCML_151671_151672	forward	row_softmax	0.25		manual3	heldout_expression_loss	local_reference	1500	-0.2744221592987375	0.18496690004137345	0.13939097238781192	0.18628119656034037	0.9719707776586634	0.1820554093838387	0.18342312883434914
spatialLIBD_manual_layers	within_donor_adjacent_replicates	DLPFCML_151671_151672	spatialLIBD_manual::Br5595	manual_layer_truth	DLPFCML_151671_151672	forward	row_softmax	0.25		manual3	heldout_expression_loss	endpoint_response	1500	-0.3352898521288232	0.18957827898826765	0.13939097238781192	0.18628119656034037	1.0703149214172225	0.19136845943608427	0.18988091272388832
spatialLIBD_manual_layers	within_donor_adjacent_replicates	DLPFCML_151671_151672	spatialLIBD_manual::Br5595	manual_layer_truth	DLPFCML_151671_151672	forward	row_softmax	0.25		manual3	heldout_expression_loss	source_boundary_proximity	1500	0.3993469187108804	0.16911340891257792	0.13939097238781192	0.18628119656034037	0.633872775173881	0.17197473159010757	0.17839284022352203
spatialLIBD_manual_layers	within_donor_adjacent_replicates	DLPFCML_151671_151672	spatialLIBD_manual::Br5595	manual_layer_truth	DLPFCML_151671_151672	forward	row_softmax	0.25		manual3	manual_layer_mismatch	finite_response_h001	1500	0.05556417017774417	0.2620744656662116	0.08012842634416091	0.2693333333333332	0.9616348868397109	0.25666666666666665	0.26222222222222225
spatialLIBD_manual_layers	within_donor_adjacent_replicates	DLPFCML_151671_151672	spatialLIBD_manual::Br5595	manual_layer_truth	DLPFCML_151671_151672	forward	row_softmax	0.25		manual3	manual_layer_mismatch	local_reference	1500	0.054516051539787974	0.2623212332328943	0.08012842634416091	0.2693333333333332	0.9629391213366354	0.2575	0.26222222222222225
spatialLIBD_manual_layers	within_donor_adjacent_replicates	DLPFCML_151671_151672	spatialLIBD_manual::Br5595	manual_layer_truth	DLPFCML_151671_151672	forward	row_softmax	0.25		manual3	manual_layer_mismatch	endpoint_response	1500	0.13210112488916156	0.2544794233466516	0.08012842634416091	0.2693333333333332	0.9214929981306897	0.2791666666666667	0.28444444444444444
spatialLIBD_manual_layers	within_donor_adjacent_replicates	DLPFCML_151671_151672	spatialLIBD_manual::Br5595	manual_layer_truth	DLPFCML_151671_151672	forward	row_softmax	0.25		manual3	manual_layer_mismatch	source_boundary_proximity	1500	-0.02912872710669572	0.27589191700846916	0.08012842634416091	0.2693333333333332	1.034663919554218	0.2783333333333333	0.27037037037037037
spatialLIBD_manual_layers	within_donor_adjacent_replicates	DLPFCML_151671_151672	spatialLIBD_manual::Br5595	manual_layer_truth	DLPFCML_151671_151672	forward	balanced_ot	0.25		manual3	heldout_expression_loss	finite_response_h001	1500	0.322222799210133	0.15528397011527972	0.139142697118657	0.18399427163542437	0.35988197004295674	0.15348057993393724	0.15579790586570544
spatialLIBD_manual_layers	within_donor_adjacent_replicates	DLPFCML_151671_151672	spatialLIBD_manual::Br5595	manual_layer_truth	DLPFCML_151671_151672	forward	balanced_ot	0.25		manual3	heldout_expression_loss	local_reference	1500	0.32327079612035386	0.15525022882094897	0.139142697118657	0.18399427163542437	0.3591296821981199	0.1533049165390154	0.1557979058657055
spatialLIBD_manual_layers	within_donor_adjacent_replicates	DLPFCML_151671_151672	spatialLIBD_manual::Br5595	manual_layer_truth	DLPFCML_151671_151672	forward	balanced_ot	0.25		manual3	heldout_expression_loss	endpoint_response	1500	0.2248319932586637	0.15834554255557898	0.139142697118657	0.18399427163542437	0.4281420584185547	0.15705223864741405	0.1563719901456849
spatialLIBD_manual_layers	within_donor_adjacent_replicates	DLPFCML_151671_151672	spatialLIBD_manual::Br5595	manual_layer_truth	DLPFCML_151671_151672	forward	balanced_ot	0.25		manual3	heldout_expression_loss	source_boundary_proximity	1500	0.3985745827531323	0.16760992610382294	0.139142697118657	0.18399427163542437	0.6346985427350764	0.17024671382756443	0.17633236638989938
spatialLIBD_manual_layers	within_donor_adjacent_replicates	DLPFCML_151671_151672	spatialLIBD_manual::Br5595	manual_layer_truth	DLPFCML_151671_151672	forward	balanced_ot	0.25		manual3	manual_layer_mismatch	finite_response_h001	1500	-0.02909446649058865	0.1913967660656484	0.032512792081314336	0.1746666666666667	1.1176900696360308	0.19833333333333333	0.19185185185185186
spatialLIBD_manual_layers	within_donor_adjacent_replicates	DLPFCML_151671_151672	spatialLIBD_manual::Br5595	manual_layer_truth	DLPFCML_151671_151672	forward	balanced_ot	0.25		manual3	manual_layer_mismatch	local_reference	1500	-0.02948374436976586	0.1914072015650597	0.032512792081314336	0.1746666666666667	1.1177634795198046	0.19916666666666666	0.19185185185185186
spatialLIBD_manual_layers	within_donor_adjacent_replicates	DLPFCML_151671_151672	spatialLIBD_manual::Br5595	manual_layer_truth	DLPFCML_151671_151672	forward	balanced_ot	0.25		manual3	manual_layer_mismatch	endpoint_response	1500	-0.0003406181442800622	0.18933174207298317	0.032512792081314336	0.1746666666666667	1.1031633886103558	0.19833333333333333	0.19185185185185186
spatialLIBD_manual_layers	within_donor_adjacent_replicates	DLPFCML_151671_151672	spatialLIBD_manual::Br5595	manual_layer_truth	DLPFCML_151671_151672	forward	balanced_ot	0.25		manual3	manual_layer_mismatch	source_boundary_proximity	1500	-0.1681054946855605	0.1908090772200556	0.032512792081314336	0.1746666666666667	1.113555895683284	0.18333333333333332	0.17925925925925926
spatialLIBD_manual_layers	within_donor_adjacent_replicates	DLPFCML_151671_151672	spatialLIBD_manual::Br5595	manual_layer_truth	DLPFCML_151671_151672__reverse	reverse	uot	0.25	2.0	manual3	heldout_expression_loss	finite_response_h001	1500	0.7508488741550552	0.1471263152421238	0.14288944261525105	0.18836412789948828	0.09316991641372319	0.14650534253136344	0.1589176669152738
spatialLIBD_manual_layers	within_donor_adjacent_replicates	DLPFCML_151671_151672	spatialLIBD_manual::Br5595	manual_layer_truth	DLPFCML_151671_151672__reverse	reverse	uot	0.25	2.0	manual3	heldout_expression_loss	local_reference	1500	0.7517003412001517	0.14709774343385923	0.14288944261525105	0.18836412789948828	0.09254161501733123	0.14650534253136338	0.15891766691527373
spatialLIBD_manual_layers	within_donor_adjacent_replicates	DLPFCML_151671_151672	spatialLIBD_manual::Br5595	manual_layer_truth	DLPFCML_151671_151672__reverse	reverse	uot	0.25	2.0	manual3	heldout_expression_loss	endpoint_response	1500	0.6517238238772551	0.1498625567070613	0.14288944261525105	0.18836412789948828	0.15334056845528798	0.14865773634505897	0.1588927286677091
spatialLIBD_manual_layers	within_donor_adjacent_replicates	DLPFCML_151671_151672	spatialLIBD_manual::Br5595	manual_layer_truth	DLPFCML_151671_151672__reverse	reverse	uot	0.25	2.0	manual3	heldout_expression_loss	source_boundary_proximity	1500	0.31129398006864895	0.1752150212900787	0.14288944261525105	0.18836412789948828	0.7108477710791896	0.17569255279311877	0.182363722027558
spatialLIBD_manual_layers	within_donor_adjacent_replicates	DLPFCML_151671_151672	spatialLIBD_manual::Br5595	manual_layer_truth	DLPFCML_151671_151672__reverse	reverse	uot	0.25	2.0	manual3	manual_layer_mismatch	finite_response_h001	1500	-0.21733086675131744	0.23070390730268397	0.04270350247084388	0.19933333333333333	1.2002847975804298	0.215	0.21407407407407408
spatialLIBD_manual_layers	within_donor_adjacent_replicates	DLPFCML_151671_151672	spatialLIBD_manual::Br5595	manual_layer_truth	DLPFCML_151671_151672__reverse	reverse	uot	0.25	2.0	manual3	manual_layer_mismatch	local_reference	1500	-0.21741179714580927	0.23072804541140307	0.04270350247084388	0.19933333333333333	1.2004389068493104	0.215	0.21407407407407408
spatialLIBD_manual_layers	within_donor_adjacent_replicates	DLPFCML_151671_151672	spatialLIBD_manual::Br5595	manual_layer_truth	DLPFCML_151671_151672__reverse	reverse	uot	0.25	2.0	manual3	manual_layer_mismatch	endpoint_response	1500	-0.20656712428389779	0.23123190952308484	0.04270350247084388	0.19933333333333333	1.2036558171205352	0.215	0.21481481481481482
spatialLIBD_manual_layers	within_donor_adjacent_replicates	DLPFCML_151671_151672	spatialLIBD_manual::Br5595	manual_layer_truth	DLPFCML_151671_151672__reverse	reverse	uot	0.25	2.0	manual3	manual_layer_mismatch	source_boundary_proximity	1500	-0.13289367289568976	0.22477526039673734	0.04270350247084388	0.19933333333333333	1.1624334708357078	0.22083333333333333	0.20814814814814814
spatialLIBD_manual_layers	within_donor_adjacent_replicates	DLPFCML_151671_151672	spatialLIBD_manual::Br5595	manual_layer_truth	DLPFCML_151671_151672__reverse	reverse	row_softmax	0.25		manual3	heldout_expression_loss	finite_response_h001	1500	-0.24722962454649983	0.1924686853954714	0.14282280899198527	0.18990350537036768	1.0544847511278859	0.1893295074850172	0.18885173508551217
spatialLIBD_manual_layers	within_donor_adjacent_replicates	DLPFCML_151671_151672	spatialLIBD_manual::Br5595	manual_layer_truth	DLPFCML_151671_151672__reverse	reverse	row_softmax	0.25		manual3	heldout_expression_loss	local_reference	1500	-0.24708135425837968	0.19246281129847032	0.14282280899198527	0.18990350537036768	1.05435998455787	0.1892554578235346	0.18882080098632892
spatialLIBD_manual_layers	within_donor_adjacent_replicates	DLPFCML_151671_151672	spatialLIBD_manual::Br5595	manual_layer_truth	DLPFCML_151671_151672__reverse	reverse	row_softmax	0.25		manual3	heldout_expression_loss	endpoint_response	1500	-0.3439998186665861	0.19599128300334864	0.14282280899198527	0.18990350537036768	1.1293051739093696	0.19405862904463045	0.19231359000056686
spatialLIBD_manual_layers	within_donor_adjacent_replicates	DLPFCML_151671_151672	spatialLIBD_manual::Br5595	manual_layer_truth	DLPFCML_151671_151672__reverse	reverse	row_softmax	0.25		manual3	heldout_expression_loss	source_boundary_proximity	1500	0.31084274190864686	0.17614011221503076	0.14282280899198527	0.18990350537036768	0.707663772754718	0.17668445612801706	0.18366601211275008
spatialLIBD_manual_layers	within_donor_adjacent_replicates	DLPFCML_151671_151672	spatialLIBD_manual::Br5595	manual_layer_truth	DLPFCML_151671_151672__reverse	reverse	row_softmax	0.25		manual3	manual_layer_mismatch	finite_response_h001	1500	0.06916465129983755	0.22855254888399854	0.06587246367075886	0.24533333333333335	0.9064933515540945	0.22333333333333333	0.23777777777777778
spatialLIBD_manual_layers	within_donor_adjacent_replicates	DLPFCML_151671_151672	spatialLIBD_manual::Br5595	manual_layer_truth	DLPFCML_151671_151672__reverse	reverse	row_softmax	0.25		manual3	manual_layer_mismatch	local_reference	1500	0.06734697707012637	0.22889419954006704	0.06587246367075886	0.24533333333333335	0.9083971128403899	0.22333333333333333	0.23777777777777778
spatialLIBD_manual_layers	within_donor_adjacent_replicates	DLPFCML_151671_151672	spatialLIBD_manual::Br5595	manual_layer_truth	DLPFCML_151671_151672__reverse	reverse	row_softmax	0.25		manual3	manual_layer_mismatch	endpoint_response	1500	0.19640900357737628	0.20165347101189882	0.06587246367075886	0.24533333333333335	0.7566050894350274	0.21083333333333334	0.23555555555555555
spatialLIBD_manual_layers	within_donor_adjacent_replicates	DLPFCML_151671_151672	spatialLIBD_manual::Br5595	manual_layer_truth	DLPFCML_151671_151672__reverse	reverse	row_softmax	0.25		manual3	manual_layer_mismatch	source_boundary_proximity	1500	-0.06476367954396056	0.26218848105499853	0.06587246367075886	0.24533333333333335	1.093921018845816	0.26166666666666666	0.2548148148148148
spatialLIBD_manual_layers	within_donor_adjacent_replicates	DLPFCML_151671_151672	spatialLIBD_manual::Br5595	manual_layer_truth	DLPFCML_151671_151672__reverse	reverse	balanced_ot	0.25		manual3	heldout_expression_loss	finite_response_h001	1500	0.3285710011426672	0.15919218309610184	0.14297687516916271	0.1883251206848607	0.3575729941156366	0.15745427025719785	0.1600451560763078
spatialLIBD_manual_layers	within_donor_adjacent_replicates	DLPFCML_151671_151672	spatialLIBD_manual::Br5595	manual_layer_truth	DLPFCML_151671_151672__reverse	reverse	balanced_ot	0.25		manual3	heldout_expression_loss	local_reference	1500	0.32962574650033183	0.15914835081161477	0.14297687516916271	0.1883251206848607	0.35660642343603016	0.15731749949901513	0.16004515607630776
spatialLIBD_manual_layers	within_donor_adjacent_replicates	DLPFCML_151671_151672	spatialLIBD_manual::Br5595	manual_layer_truth	DLPFCML_151671_151672__reverse	reverse	balanced_ot	0.25		manual3	heldout_expression_loss	endpoint_response	1500	0.23677597012265342	0.1622317059528801	0.14297687516916271	0.1883251206848607	0.42459924446364833	0.16082303102406625	0.16116723919731638
spatialLIBD_manual_layers	within_donor_adjacent_replicates	DLPFCML_151671_151672	spatialLIBD_manual::Br5595	manual_layer_truth	DLPFCML_151671_151672__reverse	reverse	balanced_ot	0.25		manual3	heldout_expression_loss	source_boundary_proximity	1500	0.3114694612790196	0.17522415327647414	0.14297687516916271	0.1883251206848607	0.7111031031211238	0.17569347703560315	0.18234202458044463
spatialLIBD_manual_layers	within_donor_adjacent_replicates	DLPFCML_151671_151672	spatialLIBD_manual::Br5595	manual_layer_truth	DLPFCML_151671_151672__reverse	reverse	balanced_ot	0.25		manual3	manual_layer_mismatch	finite_response_h001	1500	-0.10323606126540735	0.24416516058434465	0.05310064510044829	0.2213333333333333	1.1357157606576742	0.24333333333333335	0.23851851851851852
spatialLIBD_manual_layers	within_donor_adjacent_replicates	DLPFCML_151671_151672	spatialLIBD_manual::Br5595	manual_layer_truth	DLPFCML_151671_151672__reverse	reverse	balanced_ot	0.25		manual3	manual_layer_mismatch	local_reference	1500	-0.10355129154192996	0.24428518404391272	0.05310064510044829	0.2213333333333333	1.1364291978667493	0.24333333333333335	0.23851851851851852
spatialLIBD_manual_layers	within_donor_adjacent_replicates	DLPFCML_151671_151672	spatialLIBD_manual::Br5595	manual_layer_truth	DLPFCML_151671_151672__reverse	reverse	balanced_ot	0.25		manual3	manual_layer_mismatch	endpoint_response	1500	-0.08778606912431144	0.24386181485999114	0.05310064510044829	0.2213333333333333	1.1339126287720707	0.24916666666666668	0.23851851851851852
spatialLIBD_manual_layers	within_donor_adjacent_replicates	DLPFCML_151671_151672	spatialLIBD_manual::Br5595	manual_layer_truth	DLPFCML_151671_151672__reverse	reverse	balanced_ot	0.25		manual3	manual_layer_mismatch	source_boundary_proximity	1500	-0.14567367579887455	0.2517087118379066	0.05310064510044829	0.2213333333333333	1.1805557458757634	0.24916666666666668	0.2325925925925926
spatialLIBD_manual_layers	within_donor_adjacent_replicates	DLPFCML_151673_151674	spatialLIBD_manual::Br8100	manual_layer_truth	DLPFCML_151673_151674	forward	uot	0.25	2.0	manual3	heldout_expression_loss	finite_response_h001	1500	0.8278986612882939	0.15351147619141253	0.14640409603028498	0.18790800134849756	0.17124605760915518	0.15886545271407462	0.17061049599098288
spatialLIBD_manual_layers	within_donor_adjacent_replicates	DLPFCML_151673_151674	spatialLIBD_manual::Br8100	manual_layer_truth	DLPFCML_151673_151674	forward	uot	0.25	2.0	manual3	heldout_expression_loss	local_reference	1500	0.8281777796345687	0.15349324008472928	0.14640409603028498	0.18790800134849756	0.17080667469944022	0.15881532370891516	0.17055434784725296
spatialLIBD_manual_layers	within_donor_adjacent_replicates	DLPFCML_151673_151674	spatialLIBD_manual::Br8100	manual_layer_truth	DLPFCML_151673_151674	forward	uot	0.25	2.0	manual3	heldout_expression_loss	endpoint_response	1500	0.8005664002517335	0.15465193962895568	0.14640409603028498	0.18790800134849756	0.19872451846239675	0.1604429618773368	0.1719833977634357
spatialLIBD_manual_layers	within_donor_adjacent_replicates	DLPFCML_151673_151674	spatialLIBD_manual::Br8100	manual_layer_truth	DLPFCML_151673_151674	forward	uot	0.25	2.0	manual3	heldout_expression_loss	source_boundary_proximity	1500	0.04139771808828076	0.1819382766296982	0.14640409603028498	0.18790800134849756	0.8561647470755058	0.181789443719063	0.18399066476645892
spatialLIBD_manual_layers	within_donor_adjacent_replicates	DLPFCML_151673_151674	spatialLIBD_manual::Br8100	manual_layer_truth	DLPFCML_151673_151674	forward	uot	0.25	2.0	manual3	manual_layer_mismatch	finite_response_h001	1500	-0.2886843354230776	0.45040932396679356	0.16985302295913549	0.38266666666666665	1.3183191458966104	0.44333333333333336	0.41703703703703704
spatialLIBD_manual_layers	within_donor_adjacent_replicates	DLPFCML_151673_151674	spatialLIBD_manual::Br8100	manual_layer_truth	DLPFCML_151673_151674	forward	uot	0.25	2.0	manual3	manual_layer_mismatch	local_reference	1500	-0.2885417909001825	0.45040746188244557	0.16985302295913549	0.38266666666666665	1.3183103960612357	0.44333333333333336	0.41703703703703704
spatialLIBD_manual_layers	within_donor_adjacent_replicates	DLPFCML_151673_151674	spatialLIBD_manual::Br8100	manual_layer_truth	DLPFCML_151673_151674	forward	uot	0.25	2.0	manual3	manual_layer_mismatch	endpoint_response	1500	-0.3004996925430433	0.45258944020392483	0.16985302295913549	0.38266666666666665	1.3285633962141674	0.44583333333333336	0.4185185185185185
spatialLIBD_manual_layers	within_donor_adjacent_replicates	DLPFCML_151673_151674	spatialLIBD_manual::Br8100	manual_layer_truth	DLPFCML_151673_151674	forward	uot	0.25	2.0	manual3	manual_layer_mismatch	source_boundary_proximity	1500	-0.042931268589504634	0.40923735915345355	0.16985302295913549	0.38266666666666665	1.1248542716711476	0.42083333333333334	0.40444444444444444
spatialLIBD_manual_layers	within_donor_adjacent_replicates	DLPFCML_151673_151674	spatialLIBD_manual::Br8100	manual_layer_truth	DLPFCML_151673_151674	forward	row_softmax	0.25		manual3	heldout_expression_loss	finite_response_h001	1500	0.011641402507290005	0.191100129663488	0.14611061269149936	0.18814451595141218	1.0703149953455438	0.19080027799477708	0.18886918383316817
spatialLIBD_manual_layers	within_donor_adjacent_replicates	DLPFCML_151673_151674	spatialLIBD_manual::Br8100	manual_layer_truth	DLPFCML_151673_151674	forward	row_softmax	0.25		manual3	heldout_expression_loss	local_reference	1500	0.01272365365495718	0.19106098460475718	0.14611061269149936	0.18814451595141218	1.0693837218806752	0.19074966628105886	0.18886918383316817
spatialLIBD_manual_layers	within_donor_adjacent_replicates	DLPFCML_151673_151674	spatialLIBD_manual::Br8100	manual_layer_truth	DLPFCML_151673_151674	forward	row_softmax	0.25		manual3	heldout_expression_loss	endpoint_response	1500	-0.1407444287753017	0.1958707506051216	0.14611061269149936	0.18814451595141218	1.1838095930785906	0.1942183335989545	0.1910442354336879
spatialLIBD_manual_layers	within_donor_adjacent_replicates	DLPFCML_151673_151674	spatialLIBD_manual::Br8100	manual_layer_truth	DLPFCML_151673_151674	forward	row_softmax	0.25		manual3	heldout_expression_loss	source_boundary_proximity	1500	0.0442936162368678	0.18191718328746107	0.14611061269149936	0.18814451595141218	0.8518497645711136	0.1818046864007081	0.1840666109337808
spatialLIBD_manual_layers	within_donor_adjacent_replicates	DLPFCML_151673_151674	spatialLIBD_manual::Br8100	manual_layer_truth	DLPFCML_151673_151674	forward	row_softmax	0.25		manual3	manual_layer_mismatch	finite_response_h001	1500	-0.11160360210379218	0.3421378180974617	0.11349362559600648	0.31733333333333336	1.121686226101207	0.3375	0.3333333333333333
spatialLIBD_manual_layers	within_donor_adjacent_replicates	DLPFCML_151673_151674	spatialLIBD_manual::Br8100	manual_layer_truth	DLPFCML_151673_151674	forward	row_softmax	0.25		manual3	manual_layer_mismatch	local_reference	1500	-0.11152421366754656	0.3421974532202224	0.11349362559600648	0.31733333333333336	1.121978785011454	0.3383333333333333	0.3333333333333333
spatialLIBD_manual_layers	within_donor_adjacent_replicates	DLPFCML_151673_151674	spatialLIBD_manual::Br8100	manual_layer_truth	DLPFCML_151673_151674	forward	row_softmax	0.25		manual3	manual_layer_mismatch	endpoint_response	1500	-0.11933074323169932	0.33988254627579384	0.11349362559600648	0.31733333333333336	1.1106222786166766	0.3358333333333333	0.33185185185185184
spatialLIBD_manual_layers	within_donor_adjacent_replicates	DLPFCML_151673_151674	spatialLIBD_manual::Br8100	manual_layer_truth	DLPFCML_151673_151674	forward	row_softmax	0.25		manual3	manual_layer_mismatch	source_boundary_proximity	1500	0.07110892689693282	0.29633340840608874	0.11349362559600648	0.31733333333333336	0.8969782425595623	0.2991666666666667	0.3037037037037037
spatialLIBD_manual_layers	within_donor_adjacent_replicates	DLPFCML_151673_151674	spatialLIBD_manual::Br8100	manual_layer_truth	DLPFCML_151673_151674	forward	balanced_ot	0.25		manual3	heldout_expression_loss	finite_response_h001	1500	0.5987418732186104	0.16361873038913294	0.14648367506176954	0.18793433997462308	0.41338432962145183	0.16818016877988634	0.1789652148203156
spatialLIBD_manual_layers	within_donor_adjacent_replicates	DLPFCML_151673_151674	spatialLIBD_manual::Br8100	manual_layer_truth	DLPFCML_151673_151674	forward	balanced_ot	0.25		manual3	heldout_expression_loss	local_reference	1500	0.5992962272427677	0.1635884590058383	0.14648367506176954	0.18793433997462308	0.4126540305211048	0.16818016877988634	0.17896521482031558
spatialLIBD_manual_layers	within_donor_adjacent_replicates	DLPFCML_151673_151674	spatialLIBD_manual::Br8100	manual_layer_truth	DLPFCML_151673_151674	forward	balanced_ot	0.25		manual3	heldout_expression_loss	endpoint_response	1500	0.5451982547547799	0.16632595273499842	0.14648367506176954	0.18793433997462308	0.4786962456439616	0.17033620029077837	0.18306382826892198
spatialLIBD_manual_layers	within_donor_adjacent_replicates	DLPFCML_151673_151674	spatialLIBD_manual::Br8100	manual_layer_truth	DLPFCML_151673_151674	forward	balanced_ot	0.25		manual3	heldout_expression_loss	source_boundary_proximity	1500	0.04103012659160695	0.18199551339729944	0.14648367506176954	0.18793433997462308	0.8567254206944687	0.18184277530907741	0.1840361436480585
spatialLIBD_manual_layers	within_donor_adjacent_replicates	DLPFCML_151673_151674	spatialLIBD_manual::Br8100	manual_layer_truth	DLPFCML_151673_151674	forward	balanced_ot	0.25		manual3	manual_layer_mismatch	finite_response_h001	1500	-0.38470947649946907	0.5036560908859369	0.20670669308174752	0.41866666666666674	1.4009692149976616	0.48833333333333334	0.45111111111111113
spatialLIBD_manual_layers	within_donor_adjacent_replicates	DLPFCML_151673_151674	spatialLIBD_manual::Br8100	manual_layer_truth	DLPFCML_151673_151674	forward	balanced_ot	0.25		manual3	manual_layer_mismatch	local_reference	1500	-0.38464081961737717	0.5036799220377873	0.20670669308174752	0.41866666666666674	1.4010816473189505	0.48833333333333334	0.45111111111111113
spatialLIBD_manual_layers	within_donor_adjacent_replicates	DLPFCML_151673_151674	spatialLIBD_manual::Br8100	manual_layer_truth	DLPFCML_151673_151674	forward	balanced_ot	0.25		manual3	manual_layer_mismatch	endpoint_response	1500	-0.3889880485607372	0.5028195567989394	0.20670669308174752	0.41866666666666674	1.3970225543482522	0.4866666666666667	0.4533333333333333
spatialLIBD_manual_layers	within_donor_adjacent_replicates	DLPFCML_151673_151674	spatialLIBD_manual::Br8100	manual_layer_truth	DLPFCML_151673_151674	forward	balanced_ot	0.25		manual3	manual_layer_mismatch	source_boundary_proximity	1500	-0.06553927510626818	0.4532203986204394	0.20670669308174752	0.41866666666666674	1.1630200804867015	0.4633333333333333	0.44296296296296295
spatialLIBD_manual_layers	within_donor_adjacent_replicates	DLPFCML_151673_151674	spatialLIBD_manual::Br8100	manual_layer_truth	DLPFCML_151673_151674__reverse	reverse	uot	0.25	2.0	manual3	heldout_expression_loss	finite_response_h001	1500	0.7673953099534713	0.12603469963019884	0.11859187040773955	0.1520714287326943	0.22230965982940112	0.1294730025841894	0.13773023293569955
spatialLIBD_manual_layers	within_donor_adjacent_replicates	DLPFCML_151673_151674	spatialLIBD_manual::Br8100	manual_layer_truth	DLPFCML_151673_151674__reverse	reverse	uot	0.25	2.0	manual3	heldout_expression_loss	local_reference	1500	0.7677837972372433	0.12601778871997038	0.11859187040773955	0.1520714287326943	0.22180454832033286	0.1294730025841894	0.13773023293569958
spatialLIBD_manual_layers	within_donor_adjacent_replicates	DLPFCML_151673_151674	spatialLIBD_manual::Br8100	manual_layer_truth	DLPFCML_151673_151674__reverse	reverse	uot	0.25	2.0	manual3	heldout_expression_loss	endpoint_response	1500	0.7269778164345851	0.12754365280510796	0.11859187040773955	0.1520714287326943	0.267380540402649	0.1309164580656832	0.13944338822174285
spatialLIBD_manual_layers	within_donor_adjacent_replicates	DLPFCML_151673_151674	spatialLIBD_manual::Br8100	manual_layer_truth	DLPFCML_151673_151674__reverse	reverse	uot	0.25	2.0	manual3	heldout_expression_loss	source_boundary_proximity	1500	-0.044247644098050765	0.15035747047778372	0.11859187040773955	0.1520714287326943	0.9488058283722028	0.14948314001150784	0.14932874867034823
spatialLIBD_manual_layers	within_donor_adjacent_replicates	DLPFCML_151673_151674	spatialLIBD_manual::Br8100	manual_layer_truth	DLPFCML_151673_151674__reverse	reverse	uot	0.25	2.0	manual3	manual_layer_mismatch	finite_response_h001	1500	-0.2977316742467814	0.4002924889462439	0.12828624216346746	0.33599999999999997	1.3095244610462498	0.3958333333333333	0.36518518518518517
spatialLIBD_manual_layers	within_donor_adjacent_replicates	DLPFCML_151673_151674	spatialLIBD_manual::Br8100	manual_layer_truth	DLPFCML_151673_151674__reverse	reverse	uot	0.25	2.0	manual3	manual_layer_mismatch	local_reference	1500	-0.2977218956671275	0.4002473511507038	0.12828624216346746	0.33599999999999997	1.3093071533627807	0.3958333333333333	0.36518518518518517
spatialLIBD_manual_layers	within_donor_adjacent_replicates	DLPFCML_151673_151674	spatialLIBD_manual::Br8100	manual_layer_truth	DLPFCML_151673_151674__reverse	reverse	uot	0.25	2.0	manual3	manual_layer_mismatch	endpoint_response	1500	-0.2992995065179458	0.4004596382207293	0.12828624216346746	0.33599999999999997	1.3103291707401397	0.39666666666666667	0.36518518518518517
spatialLIBD_manual_layers	within_donor_adjacent_replicates	DLPFCML_151673_151674	spatialLIBD_manual::Br8100	manual_layer_truth	DLPFCML_151673_151674__reverse	reverse	uot	0.25	2.0	manual3	manual_layer_mismatch	source_boundary_proximity	1500	0.008401449177310892	0.3521681930229544	0.12828624216346746	0.33599999999999997	1.0778388162216896	0.3575	0.3540740740740741
spatialLIBD_manual_layers	within_donor_adjacent_replicates	DLPFCML_151673_151674	spatialLIBD_manual::Br8100	manual_layer_truth	DLPFCML_151673_151674__reverse	reverse	row_softmax	0.25		manual3	heldout_expression_loss	finite_response_h001	1500	0.09624332099703158	0.1558999619070707	0.11879449865403974	0.1528433082564504	1.0897727023738266	0.15577694243509982	0.15566357655581597
spatialLIBD_manual_layers	within_donor_adjacent_replicates	DLPFCML_151673_151674	spatialLIBD_manual::Br8100	manual_layer_truth	DLPFCML_151673_151674__reverse	reverse	row_softmax	0.25		manual3	heldout_expression_loss	local_reference	1500	0.09740422462409984	0.1558803423491042	0.11879449865403974	0.1528433082564504	1.089196483757211	0.15577694243509976	0.15566357655581592
spatialLIBD_manual_layers	within_donor_adjacent_replicates	DLPFCML_151673_151674	spatialLIBD_manual::Br8100	manual_layer_truth	DLPFCML_151673_151674__reverse	reverse	row_softmax	0.25		manual3	heldout_expression_loss	endpoint_response	1500	-0.0521296018353786	0.15850758011799068	0.11879449865403974	0.1528433082564504	1.1663574124229956	0.15847941799578782	0.15685093832781047
spatialLIBD_manual_layers	within_donor_adjacent_replicates	DLPFCML_151673_151674	spatialLIBD_manual::Br8100	manual_layer_truth	DLPFCML_151673_151674__reverse	reverse	row_softmax	0.25		manual3	heldout_expression_loss	source_boundary_proximity	1500	-0.038520028264359574	0.15085353608024119	0.11879449865403974	0.1528433082564504	0.9415611823307815	0.14997084591376178	0.14991546452754814
spatialLIBD_manual_layers	within_donor_adjacent_replicates	DLPFCML_151673_151674	spatialLIBD_manual::Br8100	manual_layer_truth	DLPFCML_151673_151674__reverse	reverse	row_softmax	0.25		manual3	manual_layer_mismatch	finite_response_h001	1500	0.06033618395775788	0.37784098526587717	0.18167195238337394	0.3946666666666667	0.9210042302814585	0.37166666666666665	0.3851851851851852
spatialLIBD_manual_layers	within_donor_adjacent_replicates	DLPFCML_151673_151674	spatialLIBD_manual::Br8100	manual_layer_truth	DLPFCML_151673_151674__reverse	reverse	row_softmax	0.25		manual3	manual_layer_mismatch	local_reference	1500	0.060414931261278844	0.37784125646792655	0.18167195238337394	0.3946666666666667	0.9210055035621137	0.37166666666666665	0.3851851851851852
spatialLIBD_manual_layers	within_donor_adjacent_replicates	DLPFCML_151673_151674	spatialLIBD_manual::Br8100	manual_layer_truth	DLPFCML_151673_151674__reverse	reverse	row_softmax	0.25		manual3	manual_layer_mismatch	endpoint_response	1500	0.05408679795033468	0.3783059191450771	0.18167195238337394	0.3946666666666667	0.9231870726151962	0.38083333333333336	0.3874074074074074
spatialLIBD_manual_layers	within_donor_adjacent_replicates	DLPFCML_151673_151674	spatialLIBD_manual::Br8100	manual_layer_truth	DLPFCML_151673_151674__reverse	reverse	row_softmax	0.25		manual3	manual_layer_mismatch	source_boundary_proximity	1500	0.1451583912403304	0.362519835343974	0.18167195238337394	0.3946666666666667	0.849072163922641	0.36	0.37555555555555553
spatialLIBD_manual_layers	within_donor_adjacent_replicates	DLPFCML_151673_151674	spatialLIBD_manual::Br8100	manual_layer_truth	DLPFCML_151673_151674__reverse	reverse	balanced_ot	0.25		manual3	heldout_expression_loss	finite_response_h001	1500	0.5551888867506164	0.13432857605608564	0.11862334220065532	0.1520381904015513	0.47000763735354034	0.13592661660118577	0.1440100711999795
spatialLIBD_manual_layers	within_donor_adjacent_replicates	DLPFCML_151673_151674	spatialLIBD_manual::Br8100	manual_layer_truth	DLPFCML_151673_151674__reverse	reverse	balanced_ot	0.25		manual3	heldout_expression_loss	local_reference	1500	0.5557549563355363	0.13428790612708327	0.11862334220065532	0.1520381904015513	0.46879051588832066	0.1357444676864238	0.14401007119997947
spatialLIBD_manual_layers	within_donor_adjacent_replicates	DLPFCML_151673_151674	spatialLIBD_manual::Br8100	manual_layer_truth	DLPFCML_151673_151674__reverse	reverse	balanced_ot	0.25		manual3	heldout_expression_loss	endpoint_response	1500	0.49759531093124937	0.13671174044729612	0.11862334220065532	0.1520381904015513	0.5413281586045263	0.1387209809187629	0.14740397668930544
spatialLIBD_manual_layers	within_donor_adjacent_replicates	DLPFCML_151673_151674	spatialLIBD_manual::Br8100	manual_layer_truth	DLPFCML_151673_151674__reverse	reverse	balanced_ot	0.25		manual3	heldout_expression_loss	source_boundary_proximity	1500	-0.04504916986938194	0.15035980575084146	0.11862334220065532	0.1520381904015513	0.94977129207294	0.14948701814401302	0.1493213197002447
spatialLIBD_manual_layers	within_donor_adjacent_replicates	DLPFCML_151673_151674	spatialLIBD_manual::Br8100	manual_layer_truth	DLPFCML_151673_151674__reverse	reverse	balanced_ot	0.25		manual3	manual_layer_mismatch	finite_response_h001	1500	-0.37172917564381397	0.4681304930231555	0.18100198757322347	0.39399999999999996	1.348033731294276	0.4633333333333333	0.4266666666666667
spatialLIBD_manual_layers	within_donor_adjacent_replicates	DLPFCML_151673_151674	spatialLIBD_manual::Br8100	manual_layer_truth	DLPFCML_151673_151674__reverse	reverse	balanced_ot	0.25		manual3	manual_layer_mismatch	local_reference	1500	-0.37179219207064496	0.468260932111888	0.18100198757322347	0.39399999999999996	1.348646127096689	0.46416666666666667	0.4266666666666667
spatialLIBD_manual_layers	within_donor_adjacent_replicates	DLPFCML_151673_151674	spatialLIBD_manual::Br8100	manual_layer_truth	DLPFCML_151673_151674__reverse	reverse	balanced_ot	0.25		manual3	manual_layer_mismatch	endpoint_response	1500	-0.3672077470186927	0.4659631356693598	0.18100198757322347	0.39399999999999996	1.3378582497059641	0.4583333333333333	0.4274074074074074
spatialLIBD_manual_layers	within_donor_adjacent_replicates	DLPFCML_151673_151674	spatialLIBD_manual::Br8100	manual_layer_truth	DLPFCML_151673_151674__reverse	reverse	balanced_ot	0.25		manual3	manual_layer_mismatch	source_boundary_proximity	1500	0.008026735989650757	0.4159680988407862	0.18100198757322347	0.39399999999999996	1.103137576686723	0.4216666666666667	0.4192592592592593
spatialLIBD_manual_layers	within_donor_adjacent_replicates	DLPFCML_151675_151676	spatialLIBD_manual::Br8100	manual_layer_truth	DLPFCML_151675_151676	forward	uot	0.25	2.0	manual3	heldout_expression_loss	finite_response_h001	1500	0.8423810748360334	0.17630425084545537	0.1697335965501661	0.21028015273985795	0.16205209301991794	0.18152440824832008	0.19269709392291925
spatialLIBD_manual_layers	within_donor_adjacent_replicates	DLPFCML_151675_151676	spatialLIBD_manual::Br8100	manual_layer_truth	DLPFCML_151675_151676	forward	uot	0.25	2.0	manual3	heldout_expression_loss	local_reference	1500	0.8425833931481748	0.17630046228888058	0.1697335965501661	0.21028015273985795	0.1619586558225129	0.1814666528100508	0.19269709392291925
spatialLIBD_manual_layers	within_donor_adjacent_replicates	DLPFCML_151675_151676	spatialLIBD_manual::Br8100	manual_layer_truth	DLPFCML_151675_151676	forward	uot	0.25	2.0	manual3	heldout_expression_loss	endpoint_response	1500	0.8210220502320225	0.17721619004943978	0.1697335965501661	0.21028015273985795	0.18454325601087634	0.18247886557032356	0.1934475975048901
spatialLIBD_manual_layers	within_donor_adjacent_replicates	DLPFCML_151675_151676	spatialLIBD_manual::Br8100	manual_layer_truth	DLPFCML_151675_151676	forward	uot	0.25	2.0	manual3	heldout_expression_loss	source_boundary_proximity	1500	-0.13223736438939013	0.21260696114275704	0.1697335965501661	0.21028015273985795	1.057386091978155	0.2104077996037978	0.20773070237945343
spatialLIBD_manual_layers	within_donor_adjacent_replicates	DLPFCML_151675_151676	spatialLIBD_manual::Br8100	manual_layer_truth	DLPFCML_151675_151676	forward	uot	0.25	2.0	manual3	manual_layer_mismatch	finite_response_h001	1500	-0.3637112730806266	0.4849360707755764	0.18980041899406846	0.40266666666666673	1.386484024632431	0.4725	0.4348148148148148
spatialLIBD_manual_layers	within_donor_adjacent_replicates	DLPFCML_151675_151676	spatialLIBD_manual::Br8100	manual_layer_truth	DLPFCML_151675_151676	forward	uot	0.25	2.0	manual3	manual_layer_mismatch	local_reference	1500	-0.3636516271818313	0.48489857077557635	0.18980041899406846	0.40266666666666673	1.3863078576712053	0.4716666666666667	0.4348148148148148
spatialLIBD_manual_layers	within_donor_adjacent_replicates	DLPFCML_151675_151676	spatialLIBD_manual::Br8100	manual_layer_truth	DLPFCML_151675_151676	forward	uot	0.25	2.0	manual3	manual_layer_mismatch	endpoint_response	1500	-0.3718827612155913	0.4873348251694454	0.18980041899406846	0.40266666666666673	1.39775285856029	0.475	0.43703703703703706
spatialLIBD_manual_layers	within_donor_adjacent_replicates	DLPFCML_151675_151676	spatialLIBD_manual::Br8100	manual_layer_truth	DLPFCML_151675_151676	forward	uot	0.25	2.0	manual3	manual_layer_mismatch	source_boundary_proximity	1500	-0.05985317302153664	0.43337353033728226	0.18980041899406846	0.40266666666666673	1.1442542629766492	0.43416666666666665	0.4288888888888889
spatialLIBD_manual_layers	within_donor_adjacent_replicates	DLPFCML_151675_151676	spatialLIBD_manual::Br8100	manual_layer_truth	DLPFCML_151675_151676	forward	row_softmax	0.25		manual3	heldout_expression_loss	finite_response_h001	1500	-0.2236850914155962	0.221358307035065	0.1700767828896164	0.2110031759205741	1.2530184154430133	0.2201001179542902	0.21568909079203227
spatialLIBD_manual_layers	within_donor_adjacent_replicates	DLPFCML_151675_151676	spatialLIBD_manual::Br8100	manual_layer_truth	DLPFCML_151675_151676	forward	row_softmax	0.25		manual3	heldout_expression_loss	local_reference	1500	-0.22241607040714242	0.2213284715550799	0.1700767828896164	0.2110031759205741	1.252289412035297	0.22010011795429013	0.21568909079203225
spatialLIBD_manual_layers	within_donor_adjacent_replicates	DLPFCML_151675_151676	spatialLIBD_manual::Br8100	manual_layer_truth	DLPFCML_151675_151676	forward	row_softmax	0.25		manual3	heldout_expression_loss	endpoint_response	1500	-0.3834868548830466	0.22597117221645827	0.1700767828896164	0.2110031759205741	1.365729671915187	0.22272172578270935	0.21779395519500266
spatialLIBD_manual_layers	within_donor_adjacent_replicates	DLPFCML_151675_151676	spatialLIBD_manual::Br8100	manual_layer_truth	DLPFCML_151675_151676	forward	row_softmax	0.25		manual3	heldout_expression_loss	source_boundary_proximity	1500	-0.12506817968076342	0.2131790944567038	0.1700767828896164	0.2110031759205741	1.0531666334358802	0.21102553206336314	0.20836770998700643
spatialLIBD_manual_layers	within_donor_adjacent_replicates	DLPFCML_151675_151676	spatialLIBD_manual::Br8100	manual_layer_truth	DLPFCML_151675_151676	forward	row_softmax	0.25		manual3	manual_layer_mismatch	finite_response_h001	1500	0.061366317206167434	0.3183148948037078	0.12179933181371594	0.32799999999999996	0.9530306798640316	0.3233333333333333	0.33185185185185184
spatialLIBD_manual_layers	within_donor_adjacent_replicates	DLPFCML_151675_151676	spatialLIBD_manual::Br8100	manual_layer_truth	DLPFCML_151675_151676	forward	row_softmax	0.25		manual3	manual_layer_mismatch	local_reference	1500	0.06132040642537941	0.31829225599574196	0.12179933181371594	0.32799999999999996	0.9529208896865071	0.3233333333333333	0.33185185185185184
spatialLIBD_manual_layers	within_donor_adjacent_replicates	DLPFCML_151675_151676	spatialLIBD_manual::Br8100	manual_layer_truth	DLPFCML_151675_151676	forward	row_softmax	0.25		manual3	manual_layer_mismatch	endpoint_response	1500	0.06757738997849047	0.31523049627279576	0.12179933181371594	0.32799999999999996	0.9380724425409326	0.31916666666666665	0.3288888888888889
spatialLIBD_manual_layers	within_donor_adjacent_replicates	DLPFCML_151675_151676	spatialLIBD_manual::Br8100	manual_layer_truth	DLPFCML_151675_151676	forward	row_softmax	0.25		manual3	manual_layer_mismatch	source_boundary_proximity	1500	-0.05861831053442635	0.34338389464935143	0.12179933181371594	0.32799999999999996	1.0746064248223166	0.3358333333333333	0.3274074074074074
spatialLIBD_manual_layers	within_donor_adjacent_replicates	DLPFCML_151675_151676	spatialLIBD_manual::Br8100	manual_layer_truth	DLPFCML_151675_151676	forward	balanced_ot	0.25		manual3	heldout_expression_loss	finite_response_h001	1500	0.5774234886326617	0.18897773526978473	0.16972847086160395	0.21023554431572433	0.4752074827124482	0.19353839360763833	0.201939552510241
spatialLIBD_manual_layers	within_donor_adjacent_replicates	DLPFCML_151675_151676	spatialLIBD_manual::Br8100	manual_layer_truth	DLPFCML_151675_151676	forward	balanced_ot	0.25		manual3	heldout_expression_loss	local_reference	1500	0.5778727688323417	0.18894652684617894	0.16972847086160395	0.21023554431572433	0.47443703891227734	0.1935383936076383	0.20193955251024098
spatialLIBD_manual_layers	within_donor_adjacent_replicates	DLPFCML_151675_151676	spatialLIBD_manual::Br8100	manual_layer_truth	DLPFCML_151675_151676	forward	balanced_ot	0.25		manual3	heldout_expression_loss	endpoint_response	1500	0.5305529789124351	0.191134331960383	0.16972847086160395	0.21023554431572433	0.5284474851787068	0.19544881921646692	0.20445608806724042
spatialLIBD_manual_layers	within_donor_adjacent_replicates	DLPFCML_151675_151676	spatialLIBD_manual::Br8100	manual_layer_truth	DLPFCML_151675_151676	forward	balanced_ot	0.25		manual3	heldout_expression_loss	source_boundary_proximity	1500	-0.13274832354905255	0.21257795839711321	0.16972847086160395	0.21023554431572433	1.0578272850059627	0.21037647252755962	0.20769782419657815
spatialLIBD_manual_layers	within_donor_adjacent_replicates	DLPFCML_151675_151676	spatialLIBD_manual::Br8100	manual_layer_truth	DLPFCML_151675_151676	forward	balanced_ot	0.25		manual3	manual_layer_mismatch	finite_response_h001	1500	-0.4695922261272718	0.5485417421868234	0.23773139108343344	0.44599999999999995	1.4923533254495505	0.5266666666666666	0.48592592592592593
spatialLIBD_manual_layers	within_donor_adjacent_replicates	DLPFCML_151675_151676	spatialLIBD_manual::Br8100	manual_layer_truth	DLPFCML_151675_151676	forward	balanced_ot	0.25		manual3	manual_layer_mismatch	local_reference	1500	-0.4695364743912983	0.5485846727644759	0.23773139108343344	0.44599999999999995	1.4925594562624263	0.5266666666666666	0.48592592592592593
spatialLIBD_manual_layers	within_donor_adjacent_replicates	DLPFCML_151675_151676	spatialLIBD_manual::Br8100	manual_layer_truth	DLPFCML_151675_151676	forward	balanced_ot	0.25		manual3	manual_layer_mismatch	endpoint_response	1500	-0.46718870684307856	0.5478272656374611	0.23773139108343344	0.44599999999999995	1.4889227722179375	0.5258333333333334	0.4866666666666667
spatialLIBD_manual_layers	within_donor_adjacent_replicates	DLPFCML_151675_151676	spatialLIBD_manual::Br8100	manual_layer_truth	DLPFCML_151675_151676	forward	balanced_ot	0.25		manual3	manual_layer_mismatch	source_boundary_proximity	1500	-0.04903991460253042	0.4792537639112975	0.23773139108343344	0.44599999999999995	1.159667671879535	0.48083333333333333	0.4740740740740741
spatialLIBD_manual_layers	within_donor_adjacent_replicates	DLPFCML_151675_151676	spatialLIBD_manual::Br8100	manual_layer_truth	DLPFCML_151675_151676__reverse	reverse	uot	0.25	2.0	manual3	heldout_expression_loss	finite_response_h001	1500	0.7917396514398451	0.1622467230780722	0.15520287749095824	0.18999395903975833	0.20246124217879904	0.16646172128612455	0.17485559849239543
spatialLIBD_manual_layers	within_donor_adjacent_replicates	DLPFCML_151675_151676	spatialLIBD_manual::Br8100	manual_layer_truth	DLPFCML_151675_151676__reverse	reverse	uot	0.25	2.0	manual3	heldout_expression_loss	local_reference	1500	0.7920309760137672	0.16223599986682322	0.15520287749095824	0.18999395903975833	0.20215302493542475	0.16631352762943	0.1748555984923954
spatialLIBD_manual_layers	within_donor_adjacent_replicates	DLPFCML_151675_151676	spatialLIBD_manual::Br8100	manual_layer_truth	DLPFCML_151675_151676__reverse	reverse	uot	0.25	2.0	manual3	heldout_expression_loss	endpoint_response	1500	0.7632795107908938	0.1631757358773391	0.15520287749095824	0.18999395903975833	0.22916385554722277	0.16704104114238538	0.17548466279154631
spatialLIBD_manual_layers	within_donor_adjacent_replicates	DLPFCML_151675_151676	spatialLIBD_manual::Br8100	manual_layer_truth	DLPFCML_151675_151676__reverse	reverse	uot	0.25	2.0	manual3	heldout_expression_loss	source_boundary_proximity	1500	-0.07875040354636884	0.19169960241463635	0.15520287749095824	0.18999395903975833	1.0490253047317768	0.19117007186943238	0.18964848018585093
spatialLIBD_manual_layers	within_donor_adjacent_replicates	DLPFCML_151675_151676	spatialLIBD_manual::Br8100	manual_layer_truth	DLPFCML_151675_151676__reverse	reverse	uot	0.25	2.0	manual3	manual_layer_mismatch	finite_response_h001	1500	-0.25496633940019503	0.47048004901606266	0.1967222893177954	0.4093333333333333	1.2875989625367752	0.4633333333333333	0.4348148148148148
spatialLIBD_manual_layers	within_donor_adjacent_replicates	DLPFCML_151675_151676	spatialLIBD_manual::Br8100	manual_layer_truth	DLPFCML_151675_151676__reverse	reverse	uot	0.25	2.0	manual3	manual_layer_mismatch	local_reference	1500	-0.25489432385547933	0.4704111472963135	0.1967222893177954	0.4093333333333333	1.2872748884978737	0.4633333333333333	0.4348148148148148
spatialLIBD_manual_layers	within_donor_adjacent_replicates	DLPFCML_151675_151676	spatialLIBD_manual::Br8100	manual_layer_truth	DLPFCML_151675_151676__reverse	reverse	uot	0.25	2.0	manual3	manual_layer_mismatch	endpoint_response	1500	-0.2619925516759416	0.4730793800530556	0.1967222893177954	0.4093333333333333	1.2998247199005506	0.4666666666666667	0.43555555555555553
spatialLIBD_manual_layers	within_donor_adjacent_replicates	DLPFCML_151675_151676	spatialLIBD_manual::Br8100	manual_layer_truth	DLPFCML_151675_151676__reverse	reverse	uot	0.25	2.0	manual3	manual_layer_mismatch	source_boundary_proximity	1500	-0.015245398804918722	0.4371389185208033	0.1967222893177954	0.4093333333333333	1.1307814714716224	0.445	0.44
spatialLIBD_manual_layers	within_donor_adjacent_replicates	DLPFCML_151675_151676	spatialLIBD_manual::Br8100	manual_layer_truth	DLPFCML_151675_151676__reverse	reverse	row_softmax	0.25		manual3	heldout_expression_loss	finite_response_h001	1500	-0.12110098893377287	0.1966193678410761	0.15497282021917383	0.19016350304257762	1.183453808807738	0.19527789429129597	0.19362506216803813
spatialLIBD_manual_layers	within_donor_adjacent_replicates	DLPFCML_151675_151676	spatialLIBD_manual::Br8100	manual_layer_truth	DLPFCML_151675_151676__reverse	reverse	row_softmax	0.25		manual3	heldout_expression_loss	local_reference	1500	-0.11956083536037128	0.19658587703346012	0.15497282021917383	0.19016350304257762	1.1825021135029314	0.19527789429129594	0.19355347400551143
spatialLIBD_manual_layers	within_donor_adjacent_replicates	DLPFCML_151675_151676	spatialLIBD_manual::Br8100	manual_layer_truth	DLPFCML_151675_151676__reverse	reverse	row_softmax	0.25		manual3	heldout_expression_loss	endpoint_response	1500	-0.2958679003857335	0.20108659332514284	0.15497282021917383	0.19016350304257762	1.3103972246682507	0.19918596284474063	0.19551452509852432
spatialLIBD_manual_layers	within_donor_adjacent_replicates	DLPFCML_151675_151676	spatialLIBD_manual::Br8100	manual_layer_truth	DLPFCML_151675_151676__reverse	reverse	row_softmax	0.25		manual3	heldout_expression_loss	source_boundary_proximity	1500	-0.0741466262397245	0.1917172554289644	0.15497282021917383	0.19016350304257762	1.0441523795995638	0.19121900230175123	0.1897230846119833
spatialLIBD_manual_layers	within_donor_adjacent_replicates	DLPFCML_151675_151676	spatialLIBD_manual::Br8100	manual_layer_truth	DLPFCML_151675_151676__reverse	reverse	row_softmax	0.25		manual3	manual_layer_mismatch	finite_response_h001	1500	0.056836090769512564	0.3768474056790822	0.18100198757322347	0.39399999999999996	0.919470636718667	0.3825	0.397037037037037
spatialLIBD_manual_layers	within_donor_adjacent_replicates	DLPFCML_151675_151676	spatialLIBD_manual::Br8100	manual_layer_truth	DLPFCML_151675_151676__reverse	reverse	row_softmax	0.25		manual3	manual_layer_mismatch	local_reference	1500	0.05716692701037511	0.37679506619584624	0.18100198757322347	0.39399999999999996	0.9192249091522938	0.3825	0.3962962962962963
spatialLIBD_manual_layers	within_donor_adjacent_replicates	DLPFCML_151675_151676	spatialLIBD_manual::Br8100	manual_layer_truth	DLPFCML_151675_151676__reverse	reverse	row_softmax	0.25		manual3	manual_layer_mismatch	endpoint_response	1500	0.022192810119192934	0.38606599194922975	0.18100198757322347	0.39399999999999996	0.9627507883272022	0.39166666666666666	0.39555555555555555
spatialLIBD_manual_layers	within_donor_adjacent_replicates	DLPFCML_151675_151676	spatialLIBD_manual::Br8100	manual_layer_truth	DLPFCML_151675_151676__reverse	reverse	row_softmax	0.25		manual3	manual_layer_mismatch	source_boundary_proximity	1500	0.09906826173158047	0.37347718534363533	0.18100198757322347	0.39399999999999996	0.9036478583882567	0.3825	0.3888888888888889
spatialLIBD_manual_layers	within_donor_adjacent_replicates	DLPFCML_151675_151676	spatialLIBD_manual::Br8100	manual_layer_truth	DLPFCML_151675_151676__reverse	reverse	balanced_ot	0.25		manual3	heldout_expression_loss	finite_response_h001	1500	0.5483262312561028	0.17053716268708483	0.15528726072165389	0.19004050237944634	0.43880516573369993	0.1719027657416533	0.18110933571262539
spatialLIBD_manual_layers	within_donor_adjacent_replicates	DLPFCML_151675_151676	spatialLIBD_manual::Br8100	manual_layer_truth	DLPFCML_151675_151676__reverse	reverse	balanced_ot	0.25		manual3	heldout_expression_loss	local_reference	1500	0.5488204181424081	0.1705085886203349	0.15528726072165389	0.19004050237944634	0.43798296713043644	0.1719027657416533	0.1809259405697323
spatialLIBD_manual_layers	within_donor_adjacent_replicates	DLPFCML_151675_151676	spatialLIBD_manual::Br8100	manual_layer_truth	DLPFCML_151675_151676__reverse	reverse	balanced_ot	0.25		manual3	heldout_expression_loss	endpoint_response	1500	0.4970766795896354	0.17261460217096708	0.15528726072165389	0.19004050237944634	0.498582020633693	0.17475786473712832	0.18295174901522868
spatialLIBD_manual_layers	within_donor_adjacent_replicates	DLPFCML_151675_151676	spatialLIBD_manual::Br8100	manual_layer_truth	DLPFCML_151675_151676__reverse	reverse	balanced_ot	0.25		manual3	heldout_expression_loss	source_boundary_proximity	1500	-0.07916396874699468	0.1917625291537685	0.15528726072165389	0.19004050237944634	1.0495501050313119	0.19122956677208727	0.18970497492579852
spatialLIBD_manual_layers	within_donor_adjacent_replicates	DLPFCML_151675_151676	spatialLIBD_manual::Br8100	manual_layer_truth	DLPFCML_151675_151676__reverse	reverse	balanced_ot	0.25		manual3	manual_layer_mismatch	finite_response_h001	1500	-0.3445191205659841	0.524968049287309	0.2322369503344371	0.44133333333333336	1.3999816484363439	0.5133333333333333	0.4777777777777778
spatialLIBD_manual_layers	within_donor_adjacent_replicates	DLPFCML_151675_151676	spatialLIBD_manual::Br8100	manual_layer_truth	DLPFCML_151675_151676__reverse	reverse	balanced_ot	0.25		manual3	manual_layer_mismatch	local_reference	1500	-0.3445470261403552	0.5249977283545855	0.2322369503344371	0.44133333333333336	1.4001235880856617	0.5133333333333333	0.47703703703703704
spatialLIBD_manual_layers	within_donor_adjacent_replicates	DLPFCML_151675_151676	spatialLIBD_manual::Br8100	manual_layer_truth	DLPFCML_151675_151676__reverse	reverse	balanced_ot	0.25		manual3	manual_layer_mismatch	endpoint_response	1500	-0.34490669798780477	0.5248610983846036	0.2322369503344371	0.44133333333333336	1.3994701575096646	0.5158333333333334	0.4785185185185185
spatialLIBD_manual_layers	within_donor_adjacent_replicates	DLPFCML_151675_151676	spatialLIBD_manual::Br8100	manual_layer_truth	DLPFCML_151675_151676__reverse	reverse	balanced_ot	0.25		manual3	manual_layer_mismatch	source_boundary_proximity	1500	-0.0296047547613689	0.4785467134410008	0.2322369503344371	0.44133333333333336	1.1779723760590535	0.4866666666666667	0.47555555555555556
