dataset	pair_id	biological_pair_id	independent_unit_id	direction	method	representation_features	model	ridge_alpha	fold	strategy	coverage	repeat	source_ids_sha256	n_train_available	n_train_selected	n_test	training_positive_precision	top1	top5	top10	mean_reciprocal_rank	median_true_rank	region_label_accuracy	true_pair_cosine
HER2ST_manual_controlled	HER2ST_A1_CONTROLLED	HER2ST_A1_CONTROLLED	HER2ST::A	forward	balanced_ot	cost_features_500	multioutput_ridge	1.0	0	identity_no_training	0.0	0	82fad5edfdf5d0f55f26aeca5eef79e1bc88f32665ac60a4b3887c8aa2009dd3	219	0	54		0.8148148148148148	0.9259259259259259	0.9629629629629629	0.8613195285551377	1.0	1.0	0.40296361422688975
HER2ST_manual_controlled	HER2ST_A1_CONTROLLED	HER2ST_A1_CONTROLLED	HER2ST::A	forward	balanced_ot	cost_features_500	multioutput_ridge	1.0	0	all_top1	1.0	0	82fad5edfdf5d0f55f26aeca5eef79e1bc88f32665ac60a4b3887c8aa2009dd3	219	219	54	0.7808219178082192	0.0	0.0	0.037037037037037035	0.01966364587863443	106.0	1.0	0.818196279215232
HER2ST_manual_controlled	HER2ST_A1_CONTROLLED	HER2ST_A1_CONTROLLED	HER2ST::A	forward	balanced_ot	cost_features_500	multioutput_ridge	1.0	0	max_probability_gate	0.8	0	82fad5edfdf5d0f55f26aeca5eef79e1bc88f32665ac60a4b3887c8aa2009dd3	219	176	54	0.7613636363636364	0.0	0.0	0.037037037037037035	0.01788191571973102	104.5	1.0	0.8173374369754135
HER2ST_manual_controlled	HER2ST_A1_CONTROLLED	HER2ST_A1_CONTROLLED	HER2ST::A	forward	balanced_ot	cost_features_500	multioutput_ridge	1.0	0	top2_margin_gate	0.8	0	82fad5edfdf5d0f55f26aeca5eef79e1bc88f32665ac60a4b3887c8aa2009dd3	219	176	54	0.875	0.0	0.0	0.037037037037037035	0.01980202761536512	108.0	0.9814814814814815	0.818707879021749
HER2ST_manual_controlled	HER2ST_A1_CONTROLLED	HER2ST_A1_CONTROLLED	HER2ST::A	forward	balanced_ot	cost_features_500	multioutput_ridge	1.0	0	oracle_truth	0.8	0	82fad5edfdf5d0f55f26aeca5eef79e1bc88f32665ac60a4b3887c8aa2009dd3	219	176	54	1.0	0.0	0.0	0.037037037037037035	0.01768629956376376	107.5	0.9814814814814815	0.8196910180131874
HER2ST_manual_controlled	HER2ST_A1_CONTROLLED	HER2ST_A1_CONTROLLED	HER2ST::A	forward	balanced_ot	cost_features_500	multioutput_ridge	1.0	0	random_gate	0.8	0	82fad5edfdf5d0f55f26aeca5eef79e1bc88f32665ac60a4b3887c8aa2009dd3	219	176	54	0.7954545454545454	0.0	0.0	0.037037037037037035	0.018381512758828232	108.0	0.9814814814814815	0.8186098671822584
HER2ST_manual_controlled	HER2ST_A1_CONTROLLED	HER2ST_A1_CONTROLLED	HER2ST::A	forward	balanced_ot	cost_features_500	multioutput_ridge	1.0	0	random_gate	0.8	1	82fad5edfdf5d0f55f26aeca5eef79e1bc88f32665ac60a4b3887c8aa2009dd3	219	176	54	0.8011363636363636	0.0	0.0	0.037037037037037035	0.018910371918948645	109.0	0.9814814814814815	0.8187448047158825
HER2ST_manual_controlled	HER2ST_A1_CONTROLLED	HER2ST_A1_CONTROLLED	HER2ST::A	forward	balanced_ot	cost_features_500	multioutput_ridge	1.0	0	random_gate	0.8	2	82fad5edfdf5d0f55f26aeca5eef79e1bc88f32665ac60a4b3887c8aa2009dd3	219	176	54	0.7727272727272727	0.0	0.018518518518518517	0.037037037037037035	0.020108228210618112	109.5	1.0	0.817878263776769
HER2ST_manual_controlled	HER2ST_A1_CONTROLLED	HER2ST_A1_CONTROLLED	HER2ST::A	forward	balanced_ot	cost_features_500	multioutput_ridge	1.0	0	random_gate	0.8	3	82fad5edfdf5d0f55f26aeca5eef79e1bc88f32665ac60a4b3887c8aa2009dd3	219	176	54	0.7727272727272727	0.0	0.0	0.037037037037037035	0.018498778330526752	110.0	0.9814814814814815	0.8180596632079277
HER2ST_manual_controlled	HER2ST_A1_CONTROLLED	HER2ST_A1_CONTROLLED	HER2ST::A	forward	balanced_ot	cost_features_500	multioutput_ridge	1.0	0	random_gate	0.8	4	82fad5edfdf5d0f55f26aeca5eef79e1bc88f32665ac60a4b3887c8aa2009dd3	219	176	54	0.7840909090909091	0.0	0.0	0.037037037037037035	0.0186329903751926	107.5	1.0	0.8174516660001713
HER2ST_manual_controlled	HER2ST_A1_CONTROLLED	HER2ST_A1_CONTROLLED	HER2ST::A	forward	balanced_ot	cost_features_500	multioutput_ridge	1.0	1	identity_no_training	0.0	0	82fad5edfdf5d0f55f26aeca5eef79e1bc88f32665ac60a4b3887c8aa2009dd3	211	0	62		0.8548387096774194	0.9516129032258065	0.9838709677419355	0.8901177675371224	1.0	0.9516129032258065	0.4056671528694717
HER2ST_manual_controlled	HER2ST_A1_CONTROLLED	HER2ST_A1_CONTROLLED	HER2ST::A	forward	balanced_ot	cost_features_500	multioutput_ridge	1.0	1	all_top1	1.0	0	82fad5edfdf5d0f55f26aeca5eef79e1bc88f32665ac60a4b3887c8aa2009dd3	211	211	62	0.6966824644549763	0.0	0.0	0.0	0.014883287719615383	162.0	0.5161290322580645	0.8111511207633384
HER2ST_manual_controlled	HER2ST_A1_CONTROLLED	HER2ST_A1_CONTROLLED	HER2ST::A	forward	balanced_ot	cost_features_500	multioutput_ridge	1.0	1	max_probability_gate	0.8	0	82fad5edfdf5d0f55f26aeca5eef79e1bc88f32665ac60a4b3887c8aa2009dd3	211	169	62	0.6568047337278107	0.0	0.0	0.0	0.014187484775540868	161.0	0.5161290322580645	0.8108312436778711
HER2ST_manual_controlled	HER2ST_A1_CONTROLLED	HER2ST_A1_CONTROLLED	HER2ST::A	forward	balanced_ot	cost_features_500	multioutput_ridge	1.0	1	top2_margin_gate	0.8	0	82fad5edfdf5d0f55f26aeca5eef79e1bc88f32665ac60a4b3887c8aa2009dd3	211	169	62	0.7928994082840237	0.0	0.0	0.0	0.014166086229152844	163.5	0.5161290322580645	0.8114869545320965
HER2ST_manual_controlled	HER2ST_A1_CONTROLLED	HER2ST_A1_CONTROLLED	HER2ST::A	forward	balanced_ot	cost_features_500	multioutput_ridge	1.0	1	oracle_truth	0.8	0	82fad5edfdf5d0f55f26aeca5eef79e1bc88f32665ac60a4b3887c8aa2009dd3	211	169	62	1.0	0.0	0.0	0.0	0.013939598638073048	156.5	0.5161290322580645	0.8137994485052044
HER2ST_manual_controlled	HER2ST_A1_CONTROLLED	HER2ST_A1_CONTROLLED	HER2ST::A	forward	balanced_ot	cost_features_500	multioutput_ridge	1.0	1	random_gate	0.8	0	82fad5edfdf5d0f55f26aeca5eef79e1bc88f32665ac60a4b3887c8aa2009dd3	211	169	62	0.6804733727810651	0.0	0.0	0.0	0.013936311249553754	162.5	0.5161290322580645	0.8110766048612604
HER2ST_manual_controlled	HER2ST_A1_CONTROLLED	HER2ST_A1_CONTROLLED	HER2ST::A	forward	balanced_ot	cost_features_500	multioutput_ridge	1.0	1	random_gate	0.8	1	82fad5edfdf5d0f55f26aeca5eef79e1bc88f32665ac60a4b3887c8aa2009dd3	211	169	62	0.6923076923076923	0.0	0.0	0.0	0.014406344487209077	164.0	0.5161290322580645	0.8108420351155559
HER2ST_manual_controlled	HER2ST_A1_CONTROLLED	HER2ST_A1_CONTROLLED	HER2ST::A	forward	balanced_ot	cost_features_500	multioutput_ridge	1.0	1	random_gate	0.8	2	82fad5edfdf5d0f55f26aeca5eef79e1bc88f32665ac60a4b3887c8aa2009dd3	211	169	62	0.7041420118343196	0.0	0.0	0.0	0.014775089081549361	169.0	0.5161290322580645	0.8105414169683207
HER2ST_manual_controlled	HER2ST_A1_CONTROLLED	HER2ST_A1_CONTROLLED	HER2ST::A	forward	balanced_ot	cost_features_500	multioutput_ridge	1.0	1	random_gate	0.8	3	82fad5edfdf5d0f55f26aeca5eef79e1bc88f32665ac60a4b3887c8aa2009dd3	211	169	62	0.6745562130177515	0.0	0.0	0.0	0.013976795942123744	161.0	0.5161290322580645	0.8105684199758013
HER2ST_manual_controlled	HER2ST_A1_CONTROLLED	HER2ST_A1_CONTROLLED	HER2ST::A	forward	balanced_ot	cost_features_500	multioutput_ridge	1.0	1	random_gate	0.8	4	82fad5edfdf5d0f55f26aeca5eef79e1bc88f32665ac60a4b3887c8aa2009dd3	211	169	62	0.7159763313609467	0.0	0.0	0.0	0.014635222277206369	159.5	0.5161290322580645	0.8114421149635623
HER2ST_manual_controlled	HER2ST_A1_CONTROLLED	HER2ST_A1_CONTROLLED	HER2ST::A	forward	balanced_ot	cost_features_500	multioutput_ridge	1.0	2	identity_no_training	0.0	0	82fad5edfdf5d0f55f26aeca5eef79e1bc88f32665ac60a4b3887c8aa2009dd3	221	0	52		0.7884615384615384	0.9230769230769231	0.9423076923076923	0.8477330361945747	1.0	1.0	0.40082750389677185
HER2ST_manual_controlled	HER2ST_A1_CONTROLLED	HER2ST_A1_CONTROLLED	HER2ST::A	forward	balanced_ot	cost_features_500	multioutput_ridge	1.0	2	all_top1	1.0	0	82fad5edfdf5d0f55f26aeca5eef79e1bc88f32665ac60a4b3887c8aa2009dd3	221	221	52	0.6787330316742082	0.0	0.0	0.019230769230769232	0.01596368373766719	110.5	1.0	0.819212390119998
HER2ST_manual_controlled	HER2ST_A1_CONTROLLED	HER2ST_A1_CONTROLLED	HER2ST::A	forward	balanced_ot	cost_features_500	multioutput_ridge	1.0	2	max_probability_gate	0.8	0	82fad5edfdf5d0f55f26aeca5eef79e1bc88f32665ac60a4b3887c8aa2009dd3	221	177	52	0.6497175141242938	0.0	0.019230769230769232	0.019230769230769232	0.017173045620025477	117.5	1.0	0.8166519001249056
HER2ST_manual_controlled	HER2ST_A1_CONTROLLED	HER2ST_A1_CONTROLLED	HER2ST::A	forward	balanced_ot	cost_features_500	multioutput_ridge	1.0	2	top2_margin_gate	0.8	0	82fad5edfdf5d0f55f26aeca5eef79e1bc88f32665ac60a4b3887c8aa2009dd3	221	177	52	0.7627118644067796	0.0	0.019230769230769232	0.019230769230769232	0.016664502657617583	113.5	1.0	0.819461472501849
HER2ST_manual_controlled	HER2ST_A1_CONTROLLED	HER2ST_A1_CONTROLLED	HER2ST::A	forward	balanced_ot	cost_features_500	multioutput_ridge	1.0	2	oracle_truth	0.8	0	82fad5edfdf5d0f55f26aeca5eef79e1bc88f32665ac60a4b3887c8aa2009dd3	221	177	52	1.0	0.0	0.0	0.019230769230769232	0.0164829425550603	115.0	1.0	0.8211055329219131
HER2ST_manual_controlled	HER2ST_A1_CONTROLLED	HER2ST_A1_CONTROLLED	HER2ST::A	forward	balanced_ot	cost_features_500	multioutput_ridge	1.0	2	random_gate	0.8	0	82fad5edfdf5d0f55f26aeca5eef79e1bc88f32665ac60a4b3887c8aa2009dd3	221	177	52	0.6892655367231638	0.0	0.019230769230769232	0.019230769230769232	0.0159073280576122	118.0	1.0	0.8192368833482567
HER2ST_manual_controlled	HER2ST_A1_CONTROLLED	HER2ST_A1_CONTROLLED	HER2ST::A	forward	balanced_ot	cost_features_500	multioutput_ridge	1.0	2	random_gate	0.8	1	82fad5edfdf5d0f55f26aeca5eef79e1bc88f32665ac60a4b3887c8aa2009dd3	221	177	52	0.6949152542372882	0.0	0.019230769230769232	0.019230769230769232	0.015727488304140804	114.5	1.0	0.8191511476535104
HER2ST_manual_controlled	HER2ST_A1_CONTROLLED	HER2ST_A1_CONTROLLED	HER2ST::A	forward	balanced_ot	cost_features_500	multioutput_ridge	1.0	2	random_gate	0.8	2	82fad5edfdf5d0f55f26aeca5eef79e1bc88f32665ac60a4b3887c8aa2009dd3	221	177	52	0.711864406779661	0.0	0.019230769230769232	0.019230769230769232	0.015698584860883765	116.5	1.0	0.8190898930449586
HER2ST_manual_controlled	HER2ST_A1_CONTROLLED	HER2ST_A1_CONTROLLED	HER2ST::A	forward	balanced_ot	cost_features_500	multioutput_ridge	1.0	2	random_gate	0.8	3	82fad5edfdf5d0f55f26aeca5eef79e1bc88f32665ac60a4b3887c8aa2009dd3	221	177	52	0.6666666666666666	0.0	0.019230769230769232	0.019230769230769232	0.01605742032020382	117.0	1.0	0.8189907940473586
HER2ST_manual_controlled	HER2ST_A1_CONTROLLED	HER2ST_A1_CONTROLLED	HER2ST::A	forward	balanced_ot	cost_features_500	multioutput_ridge	1.0	2	random_gate	0.8	4	82fad5edfdf5d0f55f26aeca5eef79e1bc88f32665ac60a4b3887c8aa2009dd3	221	177	52	0.6949152542372882	0.0	0.019230769230769232	0.019230769230769232	0.01700607593767313	116.5	1.0	0.8188632250494716
HER2ST_manual_controlled	HER2ST_A1_CONTROLLED	HER2ST_A1_CONTROLLED	HER2ST::A	forward	balanced_ot	cost_features_500	multioutput_ridge	1.0	3	identity_no_training	0.0	0	82fad5edfdf5d0f55f26aeca5eef79e1bc88f32665ac60a4b3887c8aa2009dd3	219	0	54		0.8518518518518519	0.9629629629629629	0.9814814814814815	0.8889917695473252	1.0	1.0	0.40732523361160455
HER2ST_manual_controlled	HER2ST_A1_CONTROLLED	HER2ST_A1_CONTROLLED	HER2ST::A	forward	balanced_ot	cost_features_500	multioutput_ridge	1.0	3	all_top1	1.0	0	82fad5edfdf5d0f55f26aeca5eef79e1bc88f32665ac60a4b3887c8aa2009dd3	219	219	54	0.7853881278538812	0.0	0.018518518518518517	0.07407407407407407	0.025210840258100674	103.0	1.0	0.8188031590812223
HER2ST_manual_controlled	HER2ST_A1_CONTROLLED	HER2ST_A1_CONTROLLED	HER2ST::A	forward	balanced_ot	cost_features_500	multioutput_ridge	1.0	3	max_probability_gate	0.8	0	82fad5edfdf5d0f55f26aeca5eef79e1bc88f32665ac60a4b3887c8aa2009dd3	219	176	54	0.7556818181818182	0.0	0.0	0.1111111111111111	0.023087907275719525	113.5	1.0	0.817434710821614
HER2ST_manual_controlled	HER2ST_A1_CONTROLLED	HER2ST_A1_CONTROLLED	HER2ST::A	forward	balanced_ot	cost_features_500	multioutput_ridge	1.0	3	top2_margin_gate	0.8	0	82fad5edfdf5d0f55f26aeca5eef79e1bc88f32665ac60a4b3887c8aa2009dd3	219	176	54	0.8806818181818182	0.0	0.037037037037037035	0.09259259259259259	0.028336254357335857	106.0	1.0	0.8193319679995165
HER2ST_manual_controlled	HER2ST_A1_CONTROLLED	HER2ST_A1_CONTROLLED	HER2ST::A	forward	balanced_ot	cost_features_500	multioutput_ridge	1.0	3	oracle_truth	0.8	0	82fad5edfdf5d0f55f26aeca5eef79e1bc88f32665ac60a4b3887c8aa2009dd3	219	176	54	1.0	0.0	0.037037037037037035	0.037037037037037035	0.02483714651107503	110.5	1.0	0.8199414426879369
HER2ST_manual_controlled	HER2ST_A1_CONTROLLED	HER2ST_A1_CONTROLLED	HER2ST::A	forward	balanced_ot	cost_features_500	multioutput_ridge	1.0	3	random_gate	0.8	0	82fad5edfdf5d0f55f26aeca5eef79e1bc88f32665ac60a4b3887c8aa2009dd3	219	176	54	0.8068181818181818	0.0	0.018518518518518517	0.07407407407407407	0.024534690584815486	111.0	1.0	0.8187160268524081
HER2ST_manual_controlled	HER2ST_A1_CONTROLLED	HER2ST_A1_CONTROLLED	HER2ST::A	forward	balanced_ot	cost_features_500	multioutput_ridge	1.0	3	random_gate	0.8	1	82fad5edfdf5d0f55f26aeca5eef79e1bc88f32665ac60a4b3887c8aa2009dd3	219	176	54	0.7670454545454546	0.0	0.0	0.09259259259259259	0.022873427142334472	109.5	1.0	0.8183439558071389
HER2ST_manual_controlled	HER2ST_A1_CONTROLLED	HER2ST_A1_CONTROLLED	HER2ST::A	forward	balanced_ot	cost_features_500	multioutput_ridge	1.0	3	random_gate	0.8	2	82fad5edfdf5d0f55f26aeca5eef79e1bc88f32665ac60a4b3887c8aa2009dd3	219	176	54	0.7897727272727273	0.0	0.0	0.09259259259259259	0.023046315533393074	109.0	1.0	0.8184746756615503
HER2ST_manual_controlled	HER2ST_A1_CONTROLLED	HER2ST_A1_CONTROLLED	HER2ST::A	forward	balanced_ot	cost_features_500	multioutput_ridge	1.0	3	random_gate	0.8	3	82fad5edfdf5d0f55f26aeca5eef79e1bc88f32665ac60a4b3887c8aa2009dd3	219	176	54	0.7784090909090909	0.0	0.018518518518518517	0.09259259259259259	0.023756347817564433	110.5	1.0	0.8181018993307213
HER2ST_manual_controlled	HER2ST_A1_CONTROLLED	HER2ST_A1_CONTROLLED	HER2ST::A	forward	balanced_ot	cost_features_500	multioutput_ridge	1.0	3	random_gate	0.8	4	82fad5edfdf5d0f55f26aeca5eef79e1bc88f32665ac60a4b3887c8aa2009dd3	219	176	54	0.7784090909090909	0.0	0.018518518518518517	0.09259259259259259	0.024921189410636528	109.5	1.0	0.818194095260741
HER2ST_manual_controlled	HER2ST_A1_CONTROLLED	HER2ST_A1_CONTROLLED	HER2ST::A	forward	balanced_ot	cost_features_500	multioutput_ridge	1.0	4	identity_no_training	0.0	0	82fad5edfdf5d0f55f26aeca5eef79e1bc88f32665ac60a4b3887c8aa2009dd3	222	0	51		0.803921568627451	0.9019607843137255	0.9607843137254902	0.8555088702147525	1.0	0.9803921568627451	0.40067386564160096
HER2ST_manual_controlled	HER2ST_A1_CONTROLLED	HER2ST_A1_CONTROLLED	HER2ST::A	forward	balanced_ot	cost_features_500	multioutput_ridge	1.0	4	all_top1	1.0	0	82fad5edfdf5d0f55f26aeca5eef79e1bc88f32665ac60a4b3887c8aa2009dd3	222	222	51	0.7567567567567568	0.0392156862745098	0.058823529411764705	0.0784313725490196	0.0590857026818736	104.0	0.8431372549019608	0.8211011904561731
HER2ST_manual_controlled	HER2ST_A1_CONTROLLED	HER2ST_A1_CONTROLLED	HER2ST::A	forward	balanced_ot	cost_features_500	multioutput_ridge	1.0	4	max_probability_gate	0.8	0	82fad5edfdf5d0f55f26aeca5eef79e1bc88f32665ac60a4b3887c8aa2009dd3	222	178	51	0.7247191011235955	0.0	0.0392156862745098	0.0784313725490196	0.03707030629117191	108.0	0.8431372549019608	0.8199854380129761
HER2ST_manual_controlled	HER2ST_A1_CONTROLLED	HER2ST_A1_CONTROLLED	HER2ST::A	forward	balanced_ot	cost_features_500	multioutput_ridge	1.0	4	top2_margin_gate	0.8	0	82fad5edfdf5d0f55f26aeca5eef79e1bc88f32665ac60a4b3887c8aa2009dd3	222	178	51	0.8426966292134831	0.0392156862745098	0.0392156862745098	0.0784313725490196	0.057850535885533294	108.0	0.8431372549019608	0.8209468278871261
HER2ST_manual_controlled	HER2ST_A1_CONTROLLED	HER2ST_A1_CONTROLLED	HER2ST::A	forward	balanced_ot	cost_features_500	multioutput_ridge	1.0	4	oracle_truth	0.8	0	82fad5edfdf5d0f55f26aeca5eef79e1bc88f32665ac60a4b3887c8aa2009dd3	222	178	51	1.0	0.0392156862745098	0.058823529411764705	0.0784313725490196	0.06275220297462818	107.0	0.8431372549019608	0.8223855477937911
HER2ST_manual_controlled	HER2ST_A1_CONTROLLED	HER2ST_A1_CONTROLLED	HER2ST::A	forward	balanced_ot	cost_features_500	multioutput_ridge	1.0	4	random_gate	0.8	0	82fad5edfdf5d0f55f26aeca5eef79e1bc88f32665ac60a4b3887c8aa2009dd3	222	178	51	0.7528089887640449	0.0392156862745098	0.058823529411764705	0.0784313725490196	0.058603549961598896	112.0	0.8627450980392157	0.8208643608028394
HER2ST_manual_controlled	HER2ST_A1_CONTROLLED	HER2ST_A1_CONTROLLED	HER2ST::A	forward	balanced_ot	cost_features_500	multioutput_ridge	1.0	4	random_gate	0.8	1	82fad5edfdf5d0f55f26aeca5eef79e1bc88f32665ac60a4b3887c8aa2009dd3	222	178	51	0.7808988764044944	0.0392156862745098	0.0392156862745098	0.0784313725490196	0.057824435967202534	108.0	0.8431372549019608	0.8211141956049091
HER2ST_manual_controlled	HER2ST_A1_CONTROLLED	HER2ST_A1_CONTROLLED	HER2ST::A	forward	balanced_ot	cost_features_500	multioutput_ridge	1.0	4	random_gate	0.8	2	82fad5edfdf5d0f55f26aeca5eef79e1bc88f32665ac60a4b3887c8aa2009dd3	222	178	51	0.7808988764044944	0.0392156862745098	0.0784313725490196	0.0784313725490196	0.059475596343719406	116.0	0.8627450980392157	0.8209161926782994
HER2ST_manual_controlled	HER2ST_A1_CONTROLLED	HER2ST_A1_CONTROLLED	HER2ST::A	forward	balanced_ot	cost_features_500	multioutput_ridge	1.0	4	random_gate	0.8	3	82fad5edfdf5d0f55f26aeca5eef79e1bc88f32665ac60a4b3887c8aa2009dd3	222	178	51	0.7359550561797753	0.0392156862745098	0.0392156862745098	0.0784313725490196	0.05626048236972239	111.0	0.8431372549019608	0.8200549778031113
HER2ST_manual_controlled	HER2ST_A1_CONTROLLED	HER2ST_A1_CONTROLLED	HER2ST::A	forward	balanced_ot	cost_features_500	multioutput_ridge	1.0	4	random_gate	0.8	4	82fad5edfdf5d0f55f26aeca5eef79e1bc88f32665ac60a4b3887c8aa2009dd3	222	178	51	0.7528089887640449	0.0392156862745098	0.0392156862745098	0.0784313725490196	0.0575747569856465	110.0	0.8431372549019608	0.820842129124446
HER2ST_manual_controlled	HER2ST_A1_CONTROLLED	HER2ST_A1_CONTROLLED	HER2ST::A	forward	uot	cost_features_500	multioutput_ridge	1.0	0	identity_no_training	0.0	0	82fad5edfdf5d0f55f26aeca5eef79e1bc88f32665ac60a4b3887c8aa2009dd3	219	0	54		0.8148148148148148	0.9259259259259259	0.9629629629629629	0.8613195285551377	1.0	1.0	0.40296361422688975
HER2ST_manual_controlled	HER2ST_A1_CONTROLLED	HER2ST_A1_CONTROLLED	HER2ST::A	forward	uot	cost_features_500	multioutput_ridge	1.0	0	all_top1	1.0	0	82fad5edfdf5d0f55f26aeca5eef79e1bc88f32665ac60a4b3887c8aa2009dd3	219	219	54	0.867579908675799	0.0	0.0	0.05555555555555555	0.019039574889776326	104.5	1.0	0.8194250328767425
HER2ST_manual_controlled	HER2ST_A1_CONTROLLED	HER2ST_A1_CONTROLLED	HER2ST::A	forward	uot	cost_features_500	multioutput_ridge	1.0	0	max_probability_gate	0.8	0	82fad5edfdf5d0f55f26aeca5eef79e1bc88f32665ac60a4b3887c8aa2009dd3	219	176	54	0.8465909090909091	0.0	0.0	0.05555555555555555	0.018390591435548293	106.5	1.0	0.8189107390153958
HER2ST_manual_controlled	HER2ST_A1_CONTROLLED	HER2ST_A1_CONTROLLED	HER2ST::A	forward	uot	cost_features_500	multioutput_ridge	1.0	0	top2_margin_gate	0.8	0	82fad5edfdf5d0f55f26aeca5eef79e1bc88f32665ac60a4b3887c8aa2009dd3	219	176	54	0.9261363636363636	0.0	0.018518518518518517	0.05555555555555555	0.019967285251515705	107.0	1.0	0.8193254467215846
HER2ST_manual_controlled	HER2ST_A1_CONTROLLED	HER2ST_A1_CONTROLLED	HER2ST::A	forward	uot	cost_features_500	multioutput_ridge	1.0	0	oracle_truth	0.8	0	82fad5edfdf5d0f55f26aeca5eef79e1bc88f32665ac60a4b3887c8aa2009dd3	219	176	54	1.0	0.0	0.0	0.037037037037037035	0.018871403078379114	118.5	1.0	0.8201601228445368
HER2ST_manual_controlled	HER2ST_A1_CONTROLLED	HER2ST_A1_CONTROLLED	HER2ST::A	forward	uot	cost_features_500	multioutput_ridge	1.0	0	random_gate	0.8	0	82fad5edfdf5d0f55f26aeca5eef79e1bc88f32665ac60a4b3887c8aa2009dd3	219	176	54	0.8522727272727273	0.0	0.0	0.037037037037037035	0.018394720515326292	114.5	1.0	0.8190990687302998
HER2ST_manual_controlled	HER2ST_A1_CONTROLLED	HER2ST_A1_CONTROLLED	HER2ST::A	forward	uot	cost_features_500	multioutput_ridge	1.0	0	random_gate	0.8	1	82fad5edfdf5d0f55f26aeca5eef79e1bc88f32665ac60a4b3887c8aa2009dd3	219	176	54	0.8579545454545454	0.0	0.0	0.05555555555555555	0.01862415273735984	114.5	0.9814814814814815	0.8191247996257203
HER2ST_manual_controlled	HER2ST_A1_CONTROLLED	HER2ST_A1_CONTROLLED	HER2ST::A	forward	uot	cost_features_500	multioutput_ridge	1.0	0	random_gate	0.8	2	82fad5edfdf5d0f55f26aeca5eef79e1bc88f32665ac60a4b3887c8aa2009dd3	219	176	54	0.8579545454545454	0.0	0.0	0.018518518518518517	0.016202161013796887	120.0	1.0	0.8185082676552203
HER2ST_manual_controlled	HER2ST_A1_CONTROLLED	HER2ST_A1_CONTROLLED	HER2ST::A	forward	uot	cost_features_500	multioutput_ridge	1.0	0	random_gate	0.8	3	82fad5edfdf5d0f55f26aeca5eef79e1bc88f32665ac60a4b3887c8aa2009dd3	219	176	54	0.8579545454545454	0.0	0.0	0.037037037037037035	0.017585741212338777	105.5	1.0	0.818732338215994
HER2ST_manual_controlled	HER2ST_A1_CONTROLLED	HER2ST_A1_CONTROLLED	HER2ST::A	forward	uot	cost_features_500	multioutput_ridge	1.0	0	random_gate	0.8	4	82fad5edfdf5d0f55f26aeca5eef79e1bc88f32665ac60a4b3887c8aa2009dd3	219	176	54	0.8522727272727273	0.0	0.0	0.05555555555555555	0.01824602500197361	117.5	1.0	0.8189305969751637
HER2ST_manual_controlled	HER2ST_A1_CONTROLLED	HER2ST_A1_CONTROLLED	HER2ST::A	forward	uot	cost_features_500	multioutput_ridge	1.0	1	identity_no_training	0.0	0	82fad5edfdf5d0f55f26aeca5eef79e1bc88f32665ac60a4b3887c8aa2009dd3	211	0	62		0.8548387096774194	0.9516129032258065	0.9838709677419355	0.8901177675371224	1.0	0.9516129032258065	0.4056671528694717
HER2ST_manual_controlled	HER2ST_A1_CONTROLLED	HER2ST_A1_CONTROLLED	HER2ST::A	forward	uot	cost_features_500	multioutput_ridge	1.0	1	all_top1	1.0	0	82fad5edfdf5d0f55f26aeca5eef79e1bc88f32665ac60a4b3887c8aa2009dd3	211	211	62	0.8151658767772512	0.0	0.0	0.0	0.01424813572934271	153.5	0.5161290322580645	0.8129368677448
HER2ST_manual_controlled	HER2ST_A1_CONTROLLED	HER2ST_A1_CONTROLLED	HER2ST::A	forward	uot	cost_features_500	multioutput_ridge	1.0	1	max_probability_gate	0.8	0	82fad5edfdf5d0f55f26aeca5eef79e1bc88f32665ac60a4b3887c8aa2009dd3	211	169	62	0.7869822485207101	0.0	0.0	0.0	0.014036678499020197	151.0	0.5161290322580645	0.8126434473003934
HER2ST_manual_controlled	HER2ST_A1_CONTROLLED	HER2ST_A1_CONTROLLED	HER2ST::A	forward	uot	cost_features_500	multioutput_ridge	1.0	1	top2_margin_gate	0.8	0	82fad5edfdf5d0f55f26aeca5eef79e1bc88f32665ac60a4b3887c8aa2009dd3	211	169	62	0.893491124260355	0.0	0.0	0.0	0.01397633474867694	159.0	0.5161290322580645	0.8135497051642662
HER2ST_manual_controlled	HER2ST_A1_CONTROLLED	HER2ST_A1_CONTROLLED	HER2ST::A	forward	uot	cost_features_500	multioutput_ridge	1.0	1	oracle_truth	0.8	0	82fad5edfdf5d0f55f26aeca5eef79e1bc88f32665ac60a4b3887c8aa2009dd3	211	169	62	1.0	0.0	0.0	0.0	0.01457215096579213	156.5	0.5161290322580645	0.8141487372666482
HER2ST_manual_controlled	HER2ST_A1_CONTROLLED	HER2ST_A1_CONTROLLED	HER2ST::A	forward	uot	cost_features_500	multioutput_ridge	1.0	1	random_gate	0.8	0	82fad5edfdf5d0f55f26aeca5eef79e1bc88f32665ac60a4b3887c8aa2009dd3	211	169	62	0.7869822485207101	0.0	0.0	0.0	0.01300601443473138	154.0	0.5161290322580645	0.8118878753748793
HER2ST_manual_controlled	HER2ST_A1_CONTROLLED	HER2ST_A1_CONTROLLED	HER2ST::A	forward	uot	cost_features_500	multioutput_ridge	1.0	1	random_gate	0.8	1	82fad5edfdf5d0f55f26aeca5eef79e1bc88f32665ac60a4b3887c8aa2009dd3	211	169	62	0.7928994082840237	0.0	0.0	0.0	0.013957662529498541	158.5	0.5161290322580645	0.812005881582021
HER2ST_manual_controlled	HER2ST_A1_CONTROLLED	HER2ST_A1_CONTROLLED	HER2ST::A	forward	uot	cost_features_500	multioutput_ridge	1.0	1	random_gate	0.8	2	82fad5edfdf5d0f55f26aeca5eef79e1bc88f32665ac60a4b3887c8aa2009dd3	211	169	62	0.8106508875739645	0.0	0.0	0.0	0.01328406818435525	165.0	0.5161290322580645	0.8119507457593615
HER2ST_manual_controlled	HER2ST_A1_CONTROLLED	HER2ST_A1_CONTROLLED	HER2ST::A	forward	uot	cost_features_500	multioutput_ridge	1.0	1	random_gate	0.8	3	82fad5edfdf5d0f55f26aeca5eef79e1bc88f32665ac60a4b3887c8aa2009dd3	211	169	62	0.8402366863905325	0.0	0.0	0.0	0.014041590137331935	148.0	0.5161290322580645	0.8132690669650603
HER2ST_manual_controlled	HER2ST_A1_CONTROLLED	HER2ST_A1_CONTROLLED	HER2ST::A	forward	uot	cost_features_500	multioutput_ridge	1.0	1	random_gate	0.8	4	82fad5edfdf5d0f55f26aeca5eef79e1bc88f32665ac60a4b3887c8aa2009dd3	211	169	62	0.834319526627219	0.0	0.0	0.0	0.014108336843239097	153.5	0.5161290322580645	0.8126634659539818
HER2ST_manual_controlled	HER2ST_A1_CONTROLLED	HER2ST_A1_CONTROLLED	HER2ST::A	forward	uot	cost_features_500	multioutput_ridge	1.0	2	identity_no_training	0.0	0	82fad5edfdf5d0f55f26aeca5eef79e1bc88f32665ac60a4b3887c8aa2009dd3	221	0	52		0.7884615384615384	0.9230769230769231	0.9423076923076923	0.8477330361945747	1.0	1.0	0.40082750389677185
HER2ST_manual_controlled	HER2ST_A1_CONTROLLED	HER2ST_A1_CONTROLLED	HER2ST::A	forward	uot	cost_features_500	multioutput_ridge	1.0	2	all_top1	1.0	0	82fad5edfdf5d0f55f26aeca5eef79e1bc88f32665ac60a4b3887c8aa2009dd3	221	221	52	0.8009049773755657	0.0	0.019230769230769232	0.019230769230769232	0.02334137411808481	109.0	1.0	0.8204660918623377
HER2ST_manual_controlled	HER2ST_A1_CONTROLLED	HER2ST_A1_CONTROLLED	HER2ST::A	forward	uot	cost_features_500	multioutput_ridge	1.0	2	max_probability_gate	0.8	0	82fad5edfdf5d0f55f26aeca5eef79e1bc88f32665ac60a4b3887c8aa2009dd3	221	177	52	0.7853107344632768	0.0	0.019230769230769232	0.019230769230769232	0.01749462864361787	116.0	1.0	0.8193992494813368
HER2ST_manual_controlled	HER2ST_A1_CONTROLLED	HER2ST_A1_CONTROLLED	HER2ST::A	forward	uot	cost_features_500	multioutput_ridge	1.0	2	top2_margin_gate	0.8	0	82fad5edfdf5d0f55f26aeca5eef79e1bc88f32665ac60a4b3887c8aa2009dd3	221	177	52	0.8757062146892656	0.0	0.019230769230769232	0.019230769230769232	0.01780418995817209	117.5	1.0	0.8205054099329661
HER2ST_manual_controlled	HER2ST_A1_CONTROLLED	HER2ST_A1_CONTROLLED	HER2ST::A	forward	uot	cost_features_500	multioutput_ridge	1.0	2	oracle_truth	0.8	0	82fad5edfdf5d0f55f26aeca5eef79e1bc88f32665ac60a4b3887c8aa2009dd3	221	177	52	1.0	0.0	0.0	0.019230769230769232	0.016950231050447125	114.5	1.0	0.8212530820568839
HER2ST_manual_controlled	HER2ST_A1_CONTROLLED	HER2ST_A1_CONTROLLED	HER2ST::A	forward	uot	cost_features_500	multioutput_ridge	1.0	2	random_gate	0.8	0	82fad5edfdf5d0f55f26aeca5eef79e1bc88f32665ac60a4b3887c8aa2009dd3	221	177	52	0.7796610169491526	0.0	0.019230769230769232	0.019230769230769232	0.01943503578162918	113.0	1.0	0.8200761197715233
HER2ST_manual_controlled	HER2ST_A1_CONTROLLED	HER2ST_A1_CONTROLLED	HER2ST::A	forward	uot	cost_features_500	multioutput_ridge	1.0	2	random_gate	0.8	1	82fad5edfdf5d0f55f26aeca5eef79e1bc88f32665ac60a4b3887c8aa2009dd3	221	177	52	0.7909604519774012	0.0	0.019230769230769232	0.019230769230769232	0.016741981217228866	113.0	1.0	0.8199485757691007
HER2ST_manual_controlled	HER2ST_A1_CONTROLLED	HER2ST_A1_CONTROLLED	HER2ST::A	forward	uot	cost_features_500	multioutput_ridge	1.0	2	random_gate	0.8	2	82fad5edfdf5d0f55f26aeca5eef79e1bc88f32665ac60a4b3887c8aa2009dd3	221	177	52	0.8248587570621468	0.0	0.019230769230769232	0.019230769230769232	0.01943264991910517	113.5	1.0	0.8205432680087436
HER2ST_manual_controlled	HER2ST_A1_CONTROLLED	HER2ST_A1_CONTROLLED	HER2ST::A	forward	uot	cost_features_500	multioutput_ridge	1.0	2	random_gate	0.8	3	82fad5edfdf5d0f55f26aeca5eef79e1bc88f32665ac60a4b3887c8aa2009dd3	221	177	52	0.8192090395480226	0.0	0.019230769230769232	0.019230769230769232	0.02237266793722316	111.5	1.0	0.8205650467708909
HER2ST_manual_controlled	HER2ST_A1_CONTROLLED	HER2ST_A1_CONTROLLED	HER2ST::A	forward	uot	cost_features_500	multioutput_ridge	1.0	2	random_gate	0.8	4	82fad5edfdf5d0f55f26aeca5eef79e1bc88f32665ac60a4b3887c8aa2009dd3	221	177	52	0.8022598870056498	0.0	0.019230769230769232	0.019230769230769232	0.016347334738033927	116.0	1.0	0.8201338658870818
HER2ST_manual_controlled	HER2ST_A1_CONTROLLED	HER2ST_A1_CONTROLLED	HER2ST::A	forward	uot	cost_features_500	multioutput_ridge	1.0	3	identity_no_training	0.0	0	82fad5edfdf5d0f55f26aeca5eef79e1bc88f32665ac60a4b3887c8aa2009dd3	219	0	54		0.8518518518518519	0.9629629629629629	0.9814814814814815	0.8889917695473252	1.0	1.0	0.40732523361160455
HER2ST_manual_controlled	HER2ST_A1_CONTROLLED	HER2ST_A1_CONTROLLED	HER2ST::A	forward	uot	cost_features_500	multioutput_ridge	1.0	3	all_top1	1.0	0	82fad5edfdf5d0f55f26aeca5eef79e1bc88f32665ac60a4b3887c8aa2009dd3	219	219	54	0.8721461187214612	0.0	0.018518518518518517	0.07407407407407407	0.024620915040154488	101.0	1.0	0.8198831414249605
HER2ST_manual_controlled	HER2ST_A1_CONTROLLED	HER2ST_A1_CONTROLLED	HER2ST::A	forward	uot	cost_features_500	multioutput_ridge	1.0	3	max_probability_gate	0.8	0	82fad5edfdf5d0f55f26aeca5eef79e1bc88f32665ac60a4b3887c8aa2009dd3	219	176	54	0.8579545454545454	0.0	0.0	0.05555555555555555	0.02179347216383379	112.5	1.0	0.8188437448503452
HER2ST_manual_controlled	HER2ST_A1_CONTROLLED	HER2ST_A1_CONTROLLED	HER2ST::A	forward	uot	cost_features_500	multioutput_ridge	1.0	3	top2_margin_gate	0.8	0	82fad5edfdf5d0f55f26aeca5eef79e1bc88f32665ac60a4b3887c8aa2009dd3	219	176	54	0.9545454545454546	0.0	0.037037037037037035	0.09259259259259259	0.028259393104668767	102.5	1.0	0.8203210240124972
HER2ST_manual_controlled	HER2ST_A1_CONTROLLED	HER2ST_A1_CONTROLLED	HER2ST::A	forward	uot	cost_features_500	multioutput_ridge	1.0	3	oracle_truth	0.8	0	82fad5edfdf5d0f55f26aeca5eef79e1bc88f32665ac60a4b3887c8aa2009dd3	219	176	54	1.0	0.0	0.018518518518518517	0.07407407407407407	0.023968270217822083	110.0	1.0	0.8199753871567217
HER2ST_manual_controlled	HER2ST_A1_CONTROLLED	HER2ST_A1_CONTROLLED	HER2ST::A	forward	uot	cost_features_500	multioutput_ridge	1.0	3	random_gate	0.8	0	82fad5edfdf5d0f55f26aeca5eef79e1bc88f32665ac60a4b3887c8aa2009dd3	219	176	54	0.8579545454545454	0.0	0.018518518518518517	0.07407407407407407	0.02364042364423858	107.0	1.0	0.8192611050228575
HER2ST_manual_controlled	HER2ST_A1_CONTROLLED	HER2ST_A1_CONTROLLED	HER2ST::A	forward	uot	cost_features_500	multioutput_ridge	1.0	3	random_gate	0.8	1	82fad5edfdf5d0f55f26aeca5eef79e1bc88f32665ac60a4b3887c8aa2009dd3	219	176	54	0.8863636363636364	0.0	0.018518518518518517	0.09259259259259259	0.023640195583680194	112.0	1.0	0.8196636547259085
HER2ST_manual_controlled	HER2ST_A1_CONTROLLED	HER2ST_A1_CONTROLLED	HER2ST::A	forward	uot	cost_features_500	multioutput_ridge	1.0	3	random_gate	0.8	2	82fad5edfdf5d0f55f26aeca5eef79e1bc88f32665ac60a4b3887c8aa2009dd3	219	176	54	0.875	0.0	0.037037037037037035	0.07407407407407407	0.025347305039946665	111.0	1.0	0.8195348325099884
HER2ST_manual_controlled	HER2ST_A1_CONTROLLED	HER2ST_A1_CONTROLLED	HER2ST::A	forward	uot	cost_features_500	multioutput_ridge	1.0	3	random_gate	0.8	3	82fad5edfdf5d0f55f26aeca5eef79e1bc88f32665ac60a4b3887c8aa2009dd3	219	176	54	0.8522727272727273	0.0	0.037037037037037035	0.07407407407407407	0.02551782996039897	110.5	1.0	0.819206601247312
HER2ST_manual_controlled	HER2ST_A1_CONTROLLED	HER2ST_A1_CONTROLLED	HER2ST::A	forward	uot	cost_features_500	multioutput_ridge	1.0	3	random_gate	0.8	4	82fad5edfdf5d0f55f26aeca5eef79e1bc88f32665ac60a4b3887c8aa2009dd3	219	176	54	0.8693181818181818	0.0	0.018518518518518517	0.07407407407407407	0.023972805145545402	109.5	1.0	0.8195434282470027
HER2ST_manual_controlled	HER2ST_A1_CONTROLLED	HER2ST_A1_CONTROLLED	HER2ST::A	forward	uot	cost_features_500	multioutput_ridge	1.0	4	identity_no_training	0.0	0	82fad5edfdf5d0f55f26aeca5eef79e1bc88f32665ac60a4b3887c8aa2009dd3	222	0	51		0.803921568627451	0.9019607843137255	0.9607843137254902	0.8555088702147525	1.0	0.9803921568627451	0.40067386564160096
HER2ST_manual_controlled	HER2ST_A1_CONTROLLED	HER2ST_A1_CONTROLLED	HER2ST::A	forward	uot	cost_features_500	multioutput_ridge	1.0	4	all_top1	1.0	0	82fad5edfdf5d0f55f26aeca5eef79e1bc88f32665ac60a4b3887c8aa2009dd3	222	222	51	0.8378378378378378	0.0392156862745098	0.058823529411764705	0.0784313725490196	0.060479989343464415	106.0	0.8431372549019608	0.8218304058937963
HER2ST_manual_controlled	HER2ST_A1_CONTROLLED	HER2ST_A1_CONTROLLED	HER2ST::A	forward	uot	cost_features_500	multioutput_ridge	1.0	4	max_probability_gate	0.8	0	82fad5edfdf5d0f55f26aeca5eef79e1bc88f32665ac60a4b3887c8aa2009dd3	222	178	51	0.8089887640449438	0.0196078431372549	0.0392156862745098	0.0784313725490196	0.04446588054379934	105.0	0.8431372549019608	0.8208809631925658
HER2ST_manual_controlled	HER2ST_A1_CONTROLLED	HER2ST_A1_CONTROLLED	HER2ST::A	forward	uot	cost_features_500	multioutput_ridge	1.0	4	top2_margin_gate	0.8	0	82fad5edfdf5d0f55f26aeca5eef79e1bc88f32665ac60a4b3887c8aa2009dd3	222	178	51	0.9101123595505618	0.0392156862745098	0.058823529411764705	0.0784313725490196	0.05971131192706943	107.0	0.8431372549019608	0.8218968427351686
HER2ST_manual_controlled	HER2ST_A1_CONTROLLED	HER2ST_A1_CONTROLLED	HER2ST::A	forward	uot	cost_features_500	multioutput_ridge	1.0	4	oracle_truth	0.8	0	82fad5edfdf5d0f55f26aeca5eef79e1bc88f32665ac60a4b3887c8aa2009dd3	222	178	51	1.0	0.0392156862745098	0.058823529411764705	0.0784313725490196	0.06257041596510816	111.0	0.8431372549019608	0.8224245240003809
HER2ST_manual_controlled	HER2ST_A1_CONTROLLED	HER2ST_A1_CONTROLLED	HER2ST::A	forward	uot	cost_features_500	multioutput_ridge	1.0	4	random_gate	0.8	0	82fad5edfdf5d0f55f26aeca5eef79e1bc88f32665ac60a4b3887c8aa2009dd3	222	178	51	0.8370786516853933	0.0392156862745098	0.0392156862745098	0.0784313725490196	0.05788699478578407	105.0	0.8431372549019608	0.8211718064008496
HER2ST_manual_controlled	HER2ST_A1_CONTROLLED	HER2ST_A1_CONTROLLED	HER2ST::A	forward	uot	cost_features_500	multioutput_ridge	1.0	4	random_gate	0.8	1	82fad5edfdf5d0f55f26aeca5eef79e1bc88f32665ac60a4b3887c8aa2009dd3	222	178	51	0.8539325842696629	0.0392156862745098	0.058823529411764705	0.0784313725490196	0.05921665343504957	112.0	0.8431372549019608	0.821761905484674
HER2ST_manual_controlled	HER2ST_A1_CONTROLLED	HER2ST_A1_CONTROLLED	HER2ST::A	forward	uot	cost_features_500	multioutput_ridge	1.0	4	random_gate	0.8	2	82fad5edfdf5d0f55f26aeca5eef79e1bc88f32665ac60a4b3887c8aa2009dd3	222	178	51	0.8370786516853933	0.0392156862745098	0.0392156862745098	0.0784313725490196	0.05763289417300075	106.0	0.8431372549019608	0.8216303178889058
HER2ST_manual_controlled	HER2ST_A1_CONTROLLED	HER2ST_A1_CONTROLLED	HER2ST::A	forward	uot	cost_features_500	multioutput_ridge	1.0	4	random_gate	0.8	3	82fad5edfdf5d0f55f26aeca5eef79e1bc88f32665ac60a4b3887c8aa2009dd3	222	178	51	0.848314606741573	0.0392156862745098	0.0392156862745098	0.0784313725490196	0.057550908595724246	111.0	0.8431372549019608	0.8213599613268223
HER2ST_manual_controlled	HER2ST_A1_CONTROLLED	HER2ST_A1_CONTROLLED	HER2ST::A	forward	uot	cost_features_500	multioutput_ridge	1.0	4	random_gate	0.8	4	82fad5edfdf5d0f55f26aeca5eef79e1bc88f32665ac60a4b3887c8aa2009dd3	222	178	51	0.8426966292134831	0.0392156862745098	0.058823529411764705	0.0784313725490196	0.05778781908869367	107.0	0.8431372549019608	0.8212868520337863
HER2ST_manual_controlled	HER2ST_A1_CONTROLLED	HER2ST_A1_CONTROLLED	HER2ST::A	forward	row_softmax	cost_features_500	multioutput_ridge	1.0	0	identity_no_training	0.0	0	82fad5edfdf5d0f55f26aeca5eef79e1bc88f32665ac60a4b3887c8aa2009dd3	219	0	54		0.8148148148148148	0.9259259259259259	0.9629629629629629	0.8613195285551377	1.0	1.0	0.40296361422688975
HER2ST_manual_controlled	HER2ST_A1_CONTROLLED	HER2ST_A1_CONTROLLED	HER2ST::A	forward	row_softmax	cost_features_500	multioutput_ridge	1.0	0	all_top1	1.0	0	82fad5edfdf5d0f55f26aeca5eef79e1bc88f32665ac60a4b3887c8aa2009dd3	219	219	54	0.7579908675799086	0.0	0.0	0.037037037037037035	0.018504368502976033	124.5	1.0	0.8176594700928121
HER2ST_manual_controlled	HER2ST_A1_CONTROLLED	HER2ST_A1_CONTROLLED	HER2ST::A	forward	row_softmax	cost_features_500	multioutput_ridge	1.0	0	max_probability_gate	0.8	0	82fad5edfdf5d0f55f26aeca5eef79e1bc88f32665ac60a4b3887c8aa2009dd3	219	176	54	0.7954545454545454	0.0	0.0	0.018518518518518517	0.017436601541414326	116.5	1.0	0.8174999734406977
HER2ST_manual_controlled	HER2ST_A1_CONTROLLED	HER2ST_A1_CONTROLLED	HER2ST::A	forward	row_softmax	cost_features_500	multioutput_ridge	1.0	0	top2_margin_gate	0.8	0	82fad5edfdf5d0f55f26aeca5eef79e1bc88f32665ac60a4b3887c8aa2009dd3	219	176	54	0.8636363636363636	0.0	0.0	0.037037037037037035	0.01790518183862793	111.0	0.9814814814814815	0.8186872156699886
HER2ST_manual_controlled	HER2ST_A1_CONTROLLED	HER2ST_A1_CONTROLLED	HER2ST::A	forward	row_softmax	cost_features_500	multioutput_ridge	1.0	0	oracle_truth	0.8	0	82fad5edfdf5d0f55f26aeca5eef79e1bc88f32665ac60a4b3887c8aa2009dd3	219	176	54	1.0	0.0	0.0	0.037037037037037035	0.018453677959367316	107.5	1.0	0.8199315147393739
HER2ST_manual_controlled	HER2ST_A1_CONTROLLED	HER2ST_A1_CONTROLLED	HER2ST::A	forward	row_softmax	cost_features_500	multioutput_ridge	1.0	0	random_gate	0.8	0	82fad5edfdf5d0f55f26aeca5eef79e1bc88f32665ac60a4b3887c8aa2009dd3	219	176	54	0.7386363636363636	0.0	0.0	0.018518518518518517	0.01691721193246057	125.0	1.0	0.8175209111790012
HER2ST_manual_controlled	HER2ST_A1_CONTROLLED	HER2ST_A1_CONTROLLED	HER2ST::A	forward	row_softmax	cost_features_500	multioutput_ridge	1.0	0	random_gate	0.8	1	82fad5edfdf5d0f55f26aeca5eef79e1bc88f32665ac60a4b3887c8aa2009dd3	219	176	54	0.7670454545454546	0.0	0.0	0.018518518518518517	0.01656756988748666	121.5	1.0	0.8176339604328533
HER2ST_manual_controlled	HER2ST_A1_CONTROLLED	HER2ST_A1_CONTROLLED	HER2ST::A	forward	row_softmax	cost_features_500	multioutput_ridge	1.0	0	random_gate	0.8	2	82fad5edfdf5d0f55f26aeca5eef79e1bc88f32665ac60a4b3887c8aa2009dd3	219	176	54	0.7670454545454546	0.0	0.0	0.018518518518518517	0.015767928214364138	122.0	1.0	0.8167583500282931
HER2ST_manual_controlled	HER2ST_A1_CONTROLLED	HER2ST_A1_CONTROLLED	HER2ST::A	forward	row_softmax	cost_features_500	multioutput_ridge	1.0	0	random_gate	0.8	3	82fad5edfdf5d0f55f26aeca5eef79e1bc88f32665ac60a4b3887c8aa2009dd3	219	176	54	0.7727272727272727	0.0	0.0	0.018518518518518517	0.01661905885798896	126.5	1.0	0.8178679957405164
HER2ST_manual_controlled	HER2ST_A1_CONTROLLED	HER2ST_A1_CONTROLLED	HER2ST::A	forward	row_softmax	cost_features_500	multioutput_ridge	1.0	0	random_gate	0.8	4	82fad5edfdf5d0f55f26aeca5eef79e1bc88f32665ac60a4b3887c8aa2009dd3	219	176	54	0.7784090909090909	0.0	0.0	0.037037037037037035	0.017450666722197066	120.5	1.0	0.8177749251565861
HER2ST_manual_controlled	HER2ST_A1_CONTROLLED	HER2ST_A1_CONTROLLED	HER2ST::A	forward	row_softmax	cost_features_500	multioutput_ridge	1.0	1	identity_no_training	0.0	0	82fad5edfdf5d0f55f26aeca5eef79e1bc88f32665ac60a4b3887c8aa2009dd3	211	0	62		0.8548387096774194	0.9516129032258065	0.9838709677419355	0.8901177675371224	1.0	0.9516129032258065	0.4056671528694717
HER2ST_manual_controlled	HER2ST_A1_CONTROLLED	HER2ST_A1_CONTROLLED	HER2ST::A	forward	row_softmax	cost_features_500	multioutput_ridge	1.0	1	all_top1	1.0	0	82fad5edfdf5d0f55f26aeca5eef79e1bc88f32665ac60a4b3887c8aa2009dd3	211	211	62	0.7914691943127962	0.0	0.0	0.0	0.01399891097478147	156.5	0.5161290322580645	0.8128204623147229
HER2ST_manual_controlled	HER2ST_A1_CONTROLLED	HER2ST_A1_CONTROLLED	HER2ST::A	forward	row_softmax	cost_features_500	multioutput_ridge	1.0	1	max_probability_gate	0.8	0	82fad5edfdf5d0f55f26aeca5eef79e1bc88f32665ac60a4b3887c8aa2009dd3	211	169	62	0.8224852071005917	0.0	0.0	0.0	0.014343448668880255	161.5	0.5161290322580645	0.8127444685352155
HER2ST_manual_controlled	HER2ST_A1_CONTROLLED	HER2ST_A1_CONTROLLED	HER2ST::A	forward	row_softmax	cost_features_500	multioutput_ridge	1.0	1	top2_margin_gate	0.8	0	82fad5edfdf5d0f55f26aeca5eef79e1bc88f32665ac60a4b3887c8aa2009dd3	211	169	62	0.9053254437869822	0.0	0.0	0.016129032258064516	0.014459898399592937	159.0	0.5161290322580645	0.8133146252701733
HER2ST_manual_controlled	HER2ST_A1_CONTROLLED	HER2ST_A1_CONTROLLED	HER2ST::A	forward	row_softmax	cost_features_500	multioutput_ridge	1.0	1	oracle_truth	0.8	0	82fad5edfdf5d0f55f26aeca5eef79e1bc88f32665ac60a4b3887c8aa2009dd3	211	169	62	1.0	0.0	0.0	0.0	0.014473065146321086	151.0	0.5161290322580645	0.8141043836215056
HER2ST_manual_controlled	HER2ST_A1_CONTROLLED	HER2ST_A1_CONTROLLED	HER2ST::A	forward	row_softmax	cost_features_500	multioutput_ridge	1.0	1	random_gate	0.8	0	82fad5edfdf5d0f55f26aeca5eef79e1bc88f32665ac60a4b3887c8aa2009dd3	211	169	62	0.8106508875739645	0.0	0.0	0.0	0.013067739435262465	160.0	0.5161290322580645	0.8123059938178596
HER2ST_manual_controlled	HER2ST_A1_CONTROLLED	HER2ST_A1_CONTROLLED	HER2ST::A	forward	row_softmax	cost_features_500	multioutput_ridge	1.0	1	random_gate	0.8	1	82fad5edfdf5d0f55f26aeca5eef79e1bc88f32665ac60a4b3887c8aa2009dd3	211	169	62	0.7751479289940828	0.0	0.0	0.0	0.01328037678933469	160.5	0.5161290322580645	0.8125020137612059
HER2ST_manual_controlled	HER2ST_A1_CONTROLLED	HER2ST_A1_CONTROLLED	HER2ST::A	forward	row_softmax	cost_features_500	multioutput_ridge	1.0	1	random_gate	0.8	2	82fad5edfdf5d0f55f26aeca5eef79e1bc88f32665ac60a4b3887c8aa2009dd3	211	169	62	0.7869822485207101	0.0	0.0	0.0	0.013633347900262974	159.5	0.5161290322580645	0.8116735701249687
HER2ST_manual_controlled	HER2ST_A1_CONTROLLED	HER2ST_A1_CONTROLLED	HER2ST::A	forward	row_softmax	cost_features_500	multioutput_ridge	1.0	1	random_gate	0.8	3	82fad5edfdf5d0f55f26aeca5eef79e1bc88f32665ac60a4b3887c8aa2009dd3	211	169	62	0.7928994082840237	0.0	0.0	0.0	0.013119423587583176	156.0	0.5161290322580645	0.8123349234148766
HER2ST_manual_controlled	HER2ST_A1_CONTROLLED	HER2ST_A1_CONTROLLED	HER2ST::A	forward	row_softmax	cost_features_500	multioutput_ridge	1.0	1	random_gate	0.8	4	82fad5edfdf5d0f55f26aeca5eef79e1bc88f32665ac60a4b3887c8aa2009dd3	211	169	62	0.7692307692307693	0.0	0.0	0.0	0.013524736962939137	163.0	0.5161290322580645	0.8120999489195488
HER2ST_manual_controlled	HER2ST_A1_CONTROLLED	HER2ST_A1_CONTROLLED	HER2ST::A	forward	row_softmax	cost_features_500	multioutput_ridge	1.0	2	identity_no_training	0.0	0	82fad5edfdf5d0f55f26aeca5eef79e1bc88f32665ac60a4b3887c8aa2009dd3	221	0	52		0.7884615384615384	0.9230769230769231	0.9423076923076923	0.8477330361945747	1.0	1.0	0.40082750389677185
HER2ST_manual_controlled	HER2ST_A1_CONTROLLED	HER2ST_A1_CONTROLLED	HER2ST::A	forward	row_softmax	cost_features_500	multioutput_ridge	1.0	2	all_top1	1.0	0	82fad5edfdf5d0f55f26aeca5eef79e1bc88f32665ac60a4b3887c8aa2009dd3	221	221	52	0.7330316742081447	0.0	0.019230769230769232	0.019230769230769232	0.023408451375730645	118.5	1.0	0.8183732911489897
HER2ST_manual_controlled	HER2ST_A1_CONTROLLED	HER2ST_A1_CONTROLLED	HER2ST::A	forward	row_softmax	cost_features_500	multioutput_ridge	1.0	2	max_probability_gate	0.8	0	82fad5edfdf5d0f55f26aeca5eef79e1bc88f32665ac60a4b3887c8aa2009dd3	221	177	52	0.7570621468926554	0.0	0.0	0.019230769230769232	0.016481347065551846	119.0	1.0	0.8190743538954981
HER2ST_manual_controlled	HER2ST_A1_CONTROLLED	HER2ST_A1_CONTROLLED	HER2ST::A	forward	row_softmax	cost_features_500	multioutput_ridge	1.0	2	top2_margin_gate	0.8	0	82fad5edfdf5d0f55f26aeca5eef79e1bc88f32665ac60a4b3887c8aa2009dd3	221	177	52	0.847457627118644	0.0	0.019230769230769232	0.019230769230769232	0.018179554401978125	115.0	1.0	0.8193806754390998
HER2ST_manual_controlled	HER2ST_A1_CONTROLLED	HER2ST_A1_CONTROLLED	HER2ST::A	forward	row_softmax	cost_features_500	multioutput_ridge	1.0	2	oracle_truth	0.8	0	82fad5edfdf5d0f55f26aeca5eef79e1bc88f32665ac60a4b3887c8aa2009dd3	221	177	52	1.0	0.0	0.019230769230769232	0.019230769230769232	0.016979212508465062	114.5	1.0	0.8207340908706992
HER2ST_manual_controlled	HER2ST_A1_CONTROLLED	HER2ST_A1_CONTROLLED	HER2ST::A	forward	row_softmax	cost_features_500	multioutput_ridge	1.0	2	random_gate	0.8	0	82fad5edfdf5d0f55f26aeca5eef79e1bc88f32665ac60a4b3887c8aa2009dd3	221	177	52	0.7570621468926554	0.0	0.0	0.019230769230769232	0.01673094484309393	121.0	1.0	0.8178707580098494
HER2ST_manual_controlled	HER2ST_A1_CONTROLLED	HER2ST_A1_CONTROLLED	HER2ST::A	forward	row_softmax	cost_features_500	multioutput_ridge	1.0	2	random_gate	0.8	1	82fad5edfdf5d0f55f26aeca5eef79e1bc88f32665ac60a4b3887c8aa2009dd3	221	177	52	0.7288135593220338	0.0	0.019230769230769232	0.019230769230769232	0.017704547579295786	121.5	1.0	0.8184327962013345
HER2ST_manual_controlled	HER2ST_A1_CONTROLLED	HER2ST_A1_CONTROLLED	HER2ST::A	forward	row_softmax	cost_features_500	multioutput_ridge	1.0	2	random_gate	0.8	2	82fad5edfdf5d0f55f26aeca5eef79e1bc88f32665ac60a4b3887c8aa2009dd3	221	177	52	0.7401129943502824	0.0	0.019230769230769232	0.019230769230769232	0.01673922452903874	120.0	1.0	0.8175936646240941
HER2ST_manual_controlled	HER2ST_A1_CONTROLLED	HER2ST_A1_CONTROLLED	HER2ST::A	forward	row_softmax	cost_features_500	multioutput_ridge	1.0	2	random_gate	0.8	3	82fad5edfdf5d0f55f26aeca5eef79e1bc88f32665ac60a4b3887c8aa2009dd3	221	177	52	0.751412429378531	0.0	0.019230769230769232	0.038461538461538464	0.02011219343393589	118.5	1.0	0.818980900924051
HER2ST_manual_controlled	HER2ST_A1_CONTROLLED	HER2ST_A1_CONTROLLED	HER2ST::A	forward	row_softmax	cost_features_500	multioutput_ridge	1.0	2	random_gate	0.8	4	82fad5edfdf5d0f55f26aeca5eef79e1bc88f32665ac60a4b3887c8aa2009dd3	221	177	52	0.7344632768361582	0.0	0.019230769230769232	0.019230769230769232	0.019564832279384513	116.0	1.0	0.8188807530875373
HER2ST_manual_controlled	HER2ST_A1_CONTROLLED	HER2ST_A1_CONTROLLED	HER2ST::A	forward	row_softmax	cost_features_500	multioutput_ridge	1.0	3	identity_no_training	0.0	0	82fad5edfdf5d0f55f26aeca5eef79e1bc88f32665ac60a4b3887c8aa2009dd3	219	0	54		0.8518518518518519	0.9629629629629629	0.9814814814814815	0.8889917695473252	1.0	1.0	0.40732523361160455
HER2ST_manual_controlled	HER2ST_A1_CONTROLLED	HER2ST_A1_CONTROLLED	HER2ST::A	forward	row_softmax	cost_features_500	multioutput_ridge	1.0	3	all_top1	1.0	0	82fad5edfdf5d0f55f26aeca5eef79e1bc88f32665ac60a4b3887c8aa2009dd3	219	219	54	0.7579908675799086	0.0	0.018518518518518517	0.07407407407407407	0.025179589633964983	104.0	1.0	0.8187106953780571
HER2ST_manual_controlled	HER2ST_A1_CONTROLLED	HER2ST_A1_CONTROLLED	HER2ST::A	forward	row_softmax	cost_features_500	multioutput_ridge	1.0	3	max_probability_gate	0.8	0	82fad5edfdf5d0f55f26aeca5eef79e1bc88f32665ac60a4b3887c8aa2009dd3	219	176	54	0.7840909090909091	0.0	0.018518518518518517	0.05555555555555555	0.0229422552176128	105.0	1.0	0.818569849567642
HER2ST_manual_controlled	HER2ST_A1_CONTROLLED	HER2ST_A1_CONTROLLED	HER2ST::A	forward	row_softmax	cost_features_500	multioutput_ridge	1.0	3	top2_margin_gate	0.8	0	82fad5edfdf5d0f55f26aeca5eef79e1bc88f32665ac60a4b3887c8aa2009dd3	219	176	54	0.8693181818181818	0.0	0.0	0.07407407407407407	0.02273942983207164	104.0	1.0	0.8193813613589994
HER2ST_manual_controlled	HER2ST_A1_CONTROLLED	HER2ST_A1_CONTROLLED	HER2ST::A	forward	row_softmax	cost_features_500	multioutput_ridge	1.0	3	oracle_truth	0.8	0	82fad5edfdf5d0f55f26aeca5eef79e1bc88f32665ac60a4b3887c8aa2009dd3	219	176	54	1.0	0.0	0.018518518518518517	0.09259259259259259	0.026101923171020044	106.5	1.0	0.8205967709709012
HER2ST_manual_controlled	HER2ST_A1_CONTROLLED	HER2ST_A1_CONTROLLED	HER2ST::A	forward	row_softmax	cost_features_500	multioutput_ridge	1.0	3	random_gate	0.8	0	82fad5edfdf5d0f55f26aeca5eef79e1bc88f32665ac60a4b3887c8aa2009dd3	219	176	54	0.7670454545454546	0.0	0.037037037037037035	0.07407407407407407	0.026386803771317052	104.0	1.0	0.8192055589135815
HER2ST_manual_controlled	HER2ST_A1_CONTROLLED	HER2ST_A1_CONTROLLED	HER2ST::A	forward	row_softmax	cost_features_500	multioutput_ridge	1.0	3	random_gate	0.8	1	82fad5edfdf5d0f55f26aeca5eef79e1bc88f32665ac60a4b3887c8aa2009dd3	219	176	54	0.7613636363636364	0.0	0.037037037037037035	0.07407407407407407	0.02459704649960755	109.0	1.0	0.8186078689362957
HER2ST_manual_controlled	HER2ST_A1_CONTROLLED	HER2ST_A1_CONTROLLED	HER2ST::A	forward	row_softmax	cost_features_500	multioutput_ridge	1.0	3	random_gate	0.8	2	82fad5edfdf5d0f55f26aeca5eef79e1bc88f32665ac60a4b3887c8aa2009dd3	219	176	54	0.7272727272727273	0.0	0.0	0.05555555555555555	0.021567579232644615	112.0	1.0	0.8181004379894333
HER2ST_manual_controlled	HER2ST_A1_CONTROLLED	HER2ST_A1_CONTROLLED	HER2ST::A	forward	row_softmax	cost_features_500	multioutput_ridge	1.0	3	random_gate	0.8	3	82fad5edfdf5d0f55f26aeca5eef79e1bc88f32665ac60a4b3887c8aa2009dd3	219	176	54	0.7897727272727273	0.0	0.018518518518518517	0.07407407407407407	0.023354315615306	111.5	1.0	0.8185793390756886
HER2ST_manual_controlled	HER2ST_A1_CONTROLLED	HER2ST_A1_CONTROLLED	HER2ST::A	forward	row_softmax	cost_features_500	multioutput_ridge	1.0	3	random_gate	0.8	4	82fad5edfdf5d0f55f26aeca5eef79e1bc88f32665ac60a4b3887c8aa2009dd3	219	176	54	0.75	0.0	0.018518518518518517	0.07407407407407407	0.023096207529781292	113.5	1.0	0.8188828428963355
HER2ST_manual_controlled	HER2ST_A1_CONTROLLED	HER2ST_A1_CONTROLLED	HER2ST::A	forward	row_softmax	cost_features_500	multioutput_ridge	1.0	4	identity_no_training	0.0	0	82fad5edfdf5d0f55f26aeca5eef79e1bc88f32665ac60a4b3887c8aa2009dd3	222	0	51		0.803921568627451	0.9019607843137255	0.9607843137254902	0.8555088702147525	1.0	0.9803921568627451	0.40067386564160096
HER2ST_manual_controlled	HER2ST_A1_CONTROLLED	HER2ST_A1_CONTROLLED	HER2ST::A	forward	row_softmax	cost_features_500	multioutput_ridge	1.0	4	all_top1	1.0	0	82fad5edfdf5d0f55f26aeca5eef79e1bc88f32665ac60a4b3887c8aa2009dd3	222	222	51	0.8243243243243243	0.0392156862745098	0.058823529411764705	0.058823529411764705	0.05972170102011648	114.0	0.8431372549019608	0.8214659845632063
HER2ST_manual_controlled	HER2ST_A1_CONTROLLED	HER2ST_A1_CONTROLLED	HER2ST::A	forward	row_softmax	cost_features_500	multioutput_ridge	1.0	4	max_probability_gate	0.8	0	82fad5edfdf5d0f55f26aeca5eef79e1bc88f32665ac60a4b3887c8aa2009dd3	222	178	51	0.8370786516853933	0.0	0.058823529411764705	0.0784313725490196	0.038743422863673584	113.0	0.8431372549019608	0.8212112440355147
HER2ST_manual_controlled	HER2ST_A1_CONTROLLED	HER2ST_A1_CONTROLLED	HER2ST::A	forward	row_softmax	cost_features_500	multioutput_ridge	1.0	4	top2_margin_gate	0.8	0	82fad5edfdf5d0f55f26aeca5eef79e1bc88f32665ac60a4b3887c8aa2009dd3	222	178	51	0.9213483146067416	0.0392156862745098	0.058823529411764705	0.0784313725490196	0.0595361364270107	111.0	0.8431372549019608	0.8221210513568286
HER2ST_manual_controlled	HER2ST_A1_CONTROLLED	HER2ST_A1_CONTROLLED	HER2ST::A	forward	row_softmax	cost_features_500	multioutput_ridge	1.0	4	oracle_truth	0.8	0	82fad5edfdf5d0f55f26aeca5eef79e1bc88f32665ac60a4b3887c8aa2009dd3	222	178	51	1.0	0.0392156862745098	0.058823529411764705	0.0784313725490196	0.06057245096489142	111.0	0.8431372549019608	0.8223509038375032
HER2ST_manual_controlled	HER2ST_A1_CONTROLLED	HER2ST_A1_CONTROLLED	HER2ST::A	forward	row_softmax	cost_features_500	multioutput_ridge	1.0	4	random_gate	0.8	0	82fad5edfdf5d0f55f26aeca5eef79e1bc88f32665ac60a4b3887c8aa2009dd3	222	178	51	0.8202247191011236	0.0392156862745098	0.0392156862745098	0.0784313725490196	0.057754526900979576	114.0	0.8431372549019608	0.821141836482375
HER2ST_manual_controlled	HER2ST_A1_CONTROLLED	HER2ST_A1_CONTROLLED	HER2ST::A	forward	row_softmax	cost_features_500	multioutput_ridge	1.0	4	random_gate	0.8	1	82fad5edfdf5d0f55f26aeca5eef79e1bc88f32665ac60a4b3887c8aa2009dd3	222	178	51	0.8426966292134831	0.0392156862745098	0.058823529411764705	0.0784313725490196	0.05993441782200845	116.0	0.8431372549019608	0.8210289288985032
HER2ST_manual_controlled	HER2ST_A1_CONTROLLED	HER2ST_A1_CONTROLLED	HER2ST::A	forward	row_softmax	cost_features_500	multioutput_ridge	1.0	4	random_gate	0.8	2	82fad5edfdf5d0f55f26aeca5eef79e1bc88f32665ac60a4b3887c8aa2009dd3	222	178	51	0.8146067415730337	0.0392156862745098	0.058823529411764705	0.0784313725490196	0.058195385029053665	117.0	0.8431372549019608	0.8210002329556215
HER2ST_manual_controlled	HER2ST_A1_CONTROLLED	HER2ST_A1_CONTROLLED	HER2ST::A	forward	row_softmax	cost_features_500	multioutput_ridge	1.0	4	random_gate	0.8	3	82fad5edfdf5d0f55f26aeca5eef79e1bc88f32665ac60a4b3887c8aa2009dd3	222	178	51	0.8089887640449438	0.0392156862745098	0.058823529411764705	0.0784313725490196	0.05900906138300452	119.0	0.8431372549019608	0.821170255629666
HER2ST_manual_controlled	HER2ST_A1_CONTROLLED	HER2ST_A1_CONTROLLED	HER2ST::A	forward	row_softmax	cost_features_500	multioutput_ridge	1.0	4	random_gate	0.8	4	82fad5edfdf5d0f55f26aeca5eef79e1bc88f32665ac60a4b3887c8aa2009dd3	222	178	51	0.8258426966292135	0.0392156862745098	0.0392156862745098	0.0784313725490196	0.05716299160943727	119.0	0.8431372549019608	0.8209436343055018
HER2ST_manual_controlled	HER2ST_A1_CONTROLLED__reverse	HER2ST_A1_CONTROLLED	HER2ST::A	reverse	balanced_ot	cost_features_500	multioutput_ridge	1.0	0	identity_no_training	0.0	0	6a3824ddf32d646e5b08672642823a27572df2fa104a0864ce1571cd95d2e164	217	0	56		0.8928571428571429	0.9285714285714286	0.9464285714285714	0.9145400432900433	1.0	1.0	0.40426140892643303
HER2ST_manual_controlled	HER2ST_A1_CONTROLLED__reverse	HER2ST_A1_CONTROLLED	HER2ST::A	reverse	balanced_ot	cost_features_500	multioutput_ridge	1.0	0	all_top1	1.0	0	6a3824ddf32d646e5b08672642823a27572df2fa104a0864ce1571cd95d2e164	217	217	56	0.5483870967741935	0.0	0.017857142857142856	0.03571428571428571	0.019256688150633406	122.5	1.0	0.8485128262367638
HER2ST_manual_controlled	HER2ST_A1_CONTROLLED__reverse	HER2ST_A1_CONTROLLED	HER2ST::A	reverse	balanced_ot	cost_features_500	multioutput_ridge	1.0	0	max_probability_gate	0.8	0	6a3824ddf32d646e5b08672642823a27572df2fa104a0864ce1571cd95d2e164	217	174	56	0.4942528735632184	0.0	0.017857142857142856	0.03571428571428571	0.021323443147936598	119.5	1.0	0.8478768765235601
HER2ST_manual_controlled	HER2ST_A1_CONTROLLED__reverse	HER2ST_A1_CONTROLLED	HER2ST::A	reverse	balanced_ot	cost_features_500	multioutput_ridge	1.0	0	top2_margin_gate	0.8	0	6a3824ddf32d646e5b08672642823a27572df2fa104a0864ce1571cd95d2e164	217	174	56	0.6666666666666666	0.0	0.017857142857142856	0.03571428571428571	0.020820722485101827	121.5	1.0	0.8496214950442921
HER2ST_manual_controlled	HER2ST_A1_CONTROLLED__reverse	HER2ST_A1_CONTROLLED	HER2ST::A	reverse	balanced_ot	cost_features_500	multioutput_ridge	1.0	0	oracle_truth	0.8	0	6a3824ddf32d646e5b08672642823a27572df2fa104a0864ce1571cd95d2e164	217	174	56	1.0	0.0	0.0	0.03571428571428571	0.01565600560848087	121.5	1.0	0.8517047786063997
HER2ST_manual_controlled	HER2ST_A1_CONTROLLED__reverse	HER2ST_A1_CONTROLLED	HER2ST::A	reverse	balanced_ot	cost_features_500	multioutput_ridge	1.0	0	random_gate	0.8	0	6a3824ddf32d646e5b08672642823a27572df2fa104a0864ce1571cd95d2e164	217	174	56	0.5459770114942529	0.0	0.017857142857142856	0.03571428571428571	0.018224355852765797	122.0	1.0	0.8488737944611212
HER2ST_manual_controlled	HER2ST_A1_CONTROLLED__reverse	HER2ST_A1_CONTROLLED	HER2ST::A	reverse	balanced_ot	cost_features_500	multioutput_ridge	1.0	0	random_gate	0.8	1	6a3824ddf32d646e5b08672642823a27572df2fa104a0864ce1571cd95d2e164	217	174	56	0.5344827586206896	0.0	0.017857142857142856	0.03571428571428571	0.018717811677497507	124.5	1.0	0.8483798284134865
HER2ST_manual_controlled	HER2ST_A1_CONTROLLED__reverse	HER2ST_A1_CONTROLLED	HER2ST::A	reverse	balanced_ot	cost_features_500	multioutput_ridge	1.0	0	random_gate	0.8	2	6a3824ddf32d646e5b08672642823a27572df2fa104a0864ce1571cd95d2e164	217	174	56	0.5632183908045977	0.0	0.017857142857142856	0.03571428571428571	0.0202551018482982	118.5	1.0	0.8484751335431849
HER2ST_manual_controlled	HER2ST_A1_CONTROLLED__reverse	HER2ST_A1_CONTROLLED	HER2ST::A	reverse	balanced_ot	cost_features_500	multioutput_ridge	1.0	0	random_gate	0.8	3	6a3824ddf32d646e5b08672642823a27572df2fa104a0864ce1571cd95d2e164	217	174	56	0.5459770114942529	0.0	0.017857142857142856	0.03571428571428571	0.01881746148846884	120.5	1.0	0.8491307463037069
HER2ST_manual_controlled	HER2ST_A1_CONTROLLED__reverse	HER2ST_A1_CONTROLLED	HER2ST::A	reverse	balanced_ot	cost_features_500	multioutput_ridge	1.0	0	random_gate	0.8	4	6a3824ddf32d646e5b08672642823a27572df2fa104a0864ce1571cd95d2e164	217	174	56	0.5459770114942529	0.0	0.017857142857142856	0.03571428571428571	0.017950625276025645	122.0	1.0	0.8481810306538152
HER2ST_manual_controlled	HER2ST_A1_CONTROLLED__reverse	HER2ST_A1_CONTROLLED	HER2ST::A	reverse	balanced_ot	cost_features_500	multioutput_ridge	1.0	1	identity_no_training	0.0	0	6a3824ddf32d646e5b08672642823a27572df2fa104a0864ce1571cd95d2e164	213	0	60		1.0	1.0	1.0	1.0	1.0	1.0	0.40549664691190224
HER2ST_manual_controlled	HER2ST_A1_CONTROLLED__reverse	HER2ST_A1_CONTROLLED	HER2ST::A	reverse	balanced_ot	cost_features_500	multioutput_ridge	1.0	1	all_top1	1.0	0	6a3824ddf32d646e5b08672642823a27572df2fa104a0864ce1571cd95d2e164	213	213	60	0.5868544600938967	0.0	0.03333333333333333	0.05	0.024459356827522302	191.0	0.5	0.8211352066272928
HER2ST_manual_controlled	HER2ST_A1_CONTROLLED__reverse	HER2ST_A1_CONTROLLED	HER2ST::A	reverse	balanced_ot	cost_features_500	multioutput_ridge	1.0	1	max_probability_gate	0.8	0	6a3824ddf32d646e5b08672642823a27572df2fa104a0864ce1571cd95d2e164	213	171	60	0.543859649122807	0.0	0.03333333333333333	0.05	0.02730649136837402	188.5	0.5	0.8212240693966112
HER2ST_manual_controlled	HER2ST_A1_CONTROLLED__reverse	HER2ST_A1_CONTROLLED	HER2ST::A	reverse	balanced_ot	cost_features_500	multioutput_ridge	1.0	1	top2_margin_gate	0.8	0	6a3824ddf32d646e5b08672642823a27572df2fa104a0864ce1571cd95d2e164	213	171	60	0.7076023391812866	0.0	0.03333333333333333	0.05	0.024568463854932623	192.0	0.5	0.8221434398863496
HER2ST_manual_controlled	HER2ST_A1_CONTROLLED__reverse	HER2ST_A1_CONTROLLED	HER2ST::A	reverse	balanced_ot	cost_features_500	multioutput_ridge	1.0	1	oracle_truth	0.8	0	6a3824ddf32d646e5b08672642823a27572df2fa104a0864ce1571cd95d2e164	213	171	60	1.0	0.0	0.03333333333333333	0.05	0.022633443013838003	196.5	0.5	0.8217088276761421
HER2ST_manual_controlled	HER2ST_A1_CONTROLLED__reverse	HER2ST_A1_CONTROLLED	HER2ST::A	reverse	balanced_ot	cost_features_500	multioutput_ridge	1.0	1	random_gate	0.8	0	6a3824ddf32d646e5b08672642823a27572df2fa104a0864ce1571cd95d2e164	213	171	60	0.5789473684210527	0.0	0.03333333333333333	0.05	0.023879503508304274	198.0	0.5	0.8201529141497872
HER2ST_manual_controlled	HER2ST_A1_CONTROLLED__reverse	HER2ST_A1_CONTROLLED	HER2ST::A	reverse	balanced_ot	cost_features_500	multioutput_ridge	1.0	1	random_gate	0.8	1	6a3824ddf32d646e5b08672642823a27572df2fa104a0864ce1571cd95d2e164	213	171	60	0.6023391812865497	0.0	0.03333333333333333	0.05	0.023848934874231523	197.5	0.5	0.8198608041263855
HER2ST_manual_controlled	HER2ST_A1_CONTROLLED__reverse	HER2ST_A1_CONTROLLED	HER2ST::A	reverse	balanced_ot	cost_features_500	multioutput_ridge	1.0	1	random_gate	0.8	2	6a3824ddf32d646e5b08672642823a27572df2fa104a0864ce1571cd95d2e164	213	171	60	0.5906432748538012	0.0	0.03333333333333333	0.05	0.024002018332701824	191.5	0.5	0.820763413342016
HER2ST_manual_controlled	HER2ST_A1_CONTROLLED__reverse	HER2ST_A1_CONTROLLED	HER2ST::A	reverse	balanced_ot	cost_features_500	multioutput_ridge	1.0	1	random_gate	0.8	3	6a3824ddf32d646e5b08672642823a27572df2fa104a0864ce1571cd95d2e164	213	171	60	0.5906432748538012	0.0	0.03333333333333333	0.05	0.02374993028975758	190.0	0.5	0.820715263400534
HER2ST_manual_controlled	HER2ST_A1_CONTROLLED__reverse	HER2ST_A1_CONTROLLED	HER2ST::A	reverse	balanced_ot	cost_features_500	multioutput_ridge	1.0	1	random_gate	0.8	4	6a3824ddf32d646e5b08672642823a27572df2fa104a0864ce1571cd95d2e164	213	171	60	0.6023391812865497	0.0	0.03333333333333333	0.05	0.024389413328118534	201.5	0.5	0.8201802203775551
HER2ST_manual_controlled	HER2ST_A1_CONTROLLED__reverse	HER2ST_A1_CONTROLLED	HER2ST::A	reverse	balanced_ot	cost_features_500	multioutput_ridge	1.0	2	identity_no_training	0.0	0	6a3824ddf32d646e5b08672642823a27572df2fa104a0864ce1571cd95d2e164	215	0	58		0.896551724137931	0.9655172413793104	1.0	0.9339080459770116	1.0	1.0	0.40219605235541817
HER2ST_manual_controlled	HER2ST_A1_CONTROLLED__reverse	HER2ST_A1_CONTROLLED	HER2ST::A	reverse	balanced_ot	cost_features_500	multioutput_ridge	1.0	2	all_top1	1.0	0	6a3824ddf32d646e5b08672642823a27572df2fa104a0864ce1571cd95d2e164	215	215	58	0.6558139534883721	0.0	0.017241379310344827	0.017241379310344827	0.01314516770443243	147.5	1.0	0.8476169047405817
HER2ST_manual_controlled	HER2ST_A1_CONTROLLED__reverse	HER2ST_A1_CONTROLLED	HER2ST::A	reverse	balanced_ot	cost_features_500	multioutput_ridge	1.0	2	max_probability_gate	0.8	0	6a3824ddf32d646e5b08672642823a27572df2fa104a0864ce1571cd95d2e164	215	172	58	0.6511627906976745	0.0	0.0	0.017241379310344827	0.010656320133534068	162.5	1.0	0.8428232340346117
HER2ST_manual_controlled	HER2ST_A1_CONTROLLED__reverse	HER2ST_A1_CONTROLLED	HER2ST::A	reverse	balanced_ot	cost_features_500	multioutput_ridge	1.0	2	top2_margin_gate	0.8	0	6a3824ddf32d646e5b08672642823a27572df2fa104a0864ce1571cd95d2e164	215	172	58	0.7848837209302325	0.0	0.0	0.017241379310344827	0.011679849796166047	159.5	1.0	0.8459760018255597
HER2ST_manual_controlled	HER2ST_A1_CONTROLLED__reverse	HER2ST_A1_CONTROLLED	HER2ST::A	reverse	balanced_ot	cost_features_500	multioutput_ridge	1.0	2	oracle_truth	0.8	0	6a3824ddf32d646e5b08672642823a27572df2fa104a0864ce1571cd95d2e164	215	172	58	1.0	0.0	0.017241379310344827	0.017241379310344827	0.014961715544642259	141.5	1.0	0.8532919355156001
HER2ST_manual_controlled	HER2ST_A1_CONTROLLED__reverse	HER2ST_A1_CONTROLLED	HER2ST::A	reverse	balanced_ot	cost_features_500	multioutput_ridge	1.0	2	random_gate	0.8	0	6a3824ddf32d646e5b08672642823a27572df2fa104a0864ce1571cd95d2e164	215	172	58	0.6744186046511628	0.0	0.0	0.017241379310344827	0.012473604109736365	144.5	1.0	0.8476156379138051
HER2ST_manual_controlled	HER2ST_A1_CONTROLLED__reverse	HER2ST_A1_CONTROLLED	HER2ST::A	reverse	balanced_ot	cost_features_500	multioutput_ridge	1.0	2	random_gate	0.8	1	6a3824ddf32d646e5b08672642823a27572df2fa104a0864ce1571cd95d2e164	215	172	58	0.6569767441860465	0.0	0.0	0.017241379310344827	0.012428746682234591	153.0	1.0	0.8468624294820114
HER2ST_manual_controlled	HER2ST_A1_CONTROLLED__reverse	HER2ST_A1_CONTROLLED	HER2ST::A	reverse	balanced_ot	cost_features_500	multioutput_ridge	1.0	2	random_gate	0.8	2	6a3824ddf32d646e5b08672642823a27572df2fa104a0864ce1571cd95d2e164	215	172	58	0.6686046511627907	0.0	0.017241379310344827	0.017241379310344827	0.012828474328732268	152.5	1.0	0.8471135220304385
HER2ST_manual_controlled	HER2ST_A1_CONTROLLED__reverse	HER2ST_A1_CONTROLLED	HER2ST::A	reverse	balanced_ot	cost_features_500	multioutput_ridge	1.0	2	random_gate	0.8	3	6a3824ddf32d646e5b08672642823a27572df2fa104a0864ce1571cd95d2e164	215	172	58	0.6744186046511628	0.0	0.017241379310344827	0.017241379310344827	0.012775466467217545	152.0	1.0	0.8470309357872456
HER2ST_manual_controlled	HER2ST_A1_CONTROLLED__reverse	HER2ST_A1_CONTROLLED	HER2ST::A	reverse	balanced_ot	cost_features_500	multioutput_ridge	1.0	2	random_gate	0.8	4	6a3824ddf32d646e5b08672642823a27572df2fa104a0864ce1571cd95d2e164	215	172	58	0.6511627906976745	0.0	0.0	0.017241379310344827	0.01166965504535539	151.0	1.0	0.8470689232215645
HER2ST_manual_controlled	HER2ST_A1_CONTROLLED__reverse	HER2ST_A1_CONTROLLED	HER2ST::A	reverse	balanced_ot	cost_features_500	multioutput_ridge	1.0	3	identity_no_training	0.0	0	6a3824ddf32d646e5b08672642823a27572df2fa104a0864ce1571cd95d2e164	226	0	47		0.9361702127659575	1.0	1.0	0.9617021276595745	1.0	1.0	0.4044071233603179
HER2ST_manual_controlled	HER2ST_A1_CONTROLLED__reverse	HER2ST_A1_CONTROLLED	HER2ST::A	reverse	balanced_ot	cost_features_500	multioutput_ridge	1.0	3	all_top1	1.0	0	6a3824ddf32d646e5b08672642823a27572df2fa104a0864ce1571cd95d2e164	226	226	47	0.584070796460177	0.02127659574468085	0.02127659574468085	0.02127659574468085	0.03716615470888829	105.0	1.0	0.8535699689935181
HER2ST_manual_controlled	HER2ST_A1_CONTROLLED__reverse	HER2ST_A1_CONTROLLED	HER2ST::A	reverse	balanced_ot	cost_features_500	multioutput_ridge	1.0	3	max_probability_gate	0.8	0	6a3824ddf32d646e5b08672642823a27572df2fa104a0864ce1571cd95d2e164	226	181	47	0.56353591160221	0.02127659574468085	0.02127659574468085	0.02127659574468085	0.036269750936366536	106.0	1.0	0.8492152471714086
HER2ST_manual_controlled	HER2ST_A1_CONTROLLED__reverse	HER2ST_A1_CONTROLLED	HER2ST::A	reverse	balanced_ot	cost_features_500	multioutput_ridge	1.0	3	top2_margin_gate	0.8	0	6a3824ddf32d646e5b08672642823a27572df2fa104a0864ce1571cd95d2e164	226	181	47	0.7016574585635359	0.02127659574468085	0.02127659574468085	0.02127659574468085	0.03756110452049466	106.0	1.0	0.8538417534418845
HER2ST_manual_controlled	HER2ST_A1_CONTROLLED__reverse	HER2ST_A1_CONTROLLED	HER2ST::A	reverse	balanced_ot	cost_features_500	multioutput_ridge	1.0	3	oracle_truth	0.8	0	6a3824ddf32d646e5b08672642823a27572df2fa104a0864ce1571cd95d2e164	226	181	47	1.0	0.02127659574468085	0.02127659574468085	0.02127659574468085	0.03741623393408424	99.0	1.0	0.8579005552438571
HER2ST_manual_controlled	HER2ST_A1_CONTROLLED__reverse	HER2ST_A1_CONTROLLED	HER2ST::A	reverse	balanced_ot	cost_features_500	multioutput_ridge	1.0	3	random_gate	0.8	0	6a3824ddf32d646e5b08672642823a27572df2fa104a0864ce1571cd95d2e164	226	181	47	0.569060773480663	0.02127659574468085	0.02127659574468085	0.02127659574468085	0.0364773303131634	103.0	1.0	0.85270444833939
HER2ST_manual_controlled	HER2ST_A1_CONTROLLED__reverse	HER2ST_A1_CONTROLLED	HER2ST::A	reverse	balanced_ot	cost_features_500	multioutput_ridge	1.0	3	random_gate	0.8	1	6a3824ddf32d646e5b08672642823a27572df2fa104a0864ce1571cd95d2e164	226	181	47	0.6132596685082873	0.02127659574468085	0.02127659574468085	0.02127659574468085	0.03686966304891663	115.0	1.0	0.8531223538902141
HER2ST_manual_controlled	HER2ST_A1_CONTROLLED__reverse	HER2ST_A1_CONTROLLED	HER2ST::A	reverse	balanced_ot	cost_features_500	multioutput_ridge	1.0	3	random_gate	0.8	2	6a3824ddf32d646e5b08672642823a27572df2fa104a0864ce1571cd95d2e164	226	181	47	0.574585635359116	0.02127659574468085	0.02127659574468085	0.02127659574468085	0.036808182995470576	111.0	1.0	0.8530076915184703
HER2ST_manual_controlled	HER2ST_A1_CONTROLLED__reverse	HER2ST_A1_CONTROLLED	HER2ST::A	reverse	balanced_ot	cost_features_500	multioutput_ridge	1.0	3	random_gate	0.8	3	6a3824ddf32d646e5b08672642823a27572df2fa104a0864ce1571cd95d2e164	226	181	47	0.5966850828729282	0.02127659574468085	0.02127659574468085	0.02127659574468085	0.036485992397766336	107.0	1.0	0.8537719278917394
HER2ST_manual_controlled	HER2ST_A1_CONTROLLED__reverse	HER2ST_A1_CONTROLLED	HER2ST::A	reverse	balanced_ot	cost_features_500	multioutput_ridge	1.0	3	random_gate	0.8	4	6a3824ddf32d646e5b08672642823a27572df2fa104a0864ce1571cd95d2e164	226	181	47	0.580110497237569	0.02127659574468085	0.02127659574468085	0.02127659574468085	0.03663483526082519	112.0	1.0	0.8537129976588695
HER2ST_manual_controlled	HER2ST_A1_CONTROLLED__reverse	HER2ST_A1_CONTROLLED	HER2ST::A	reverse	balanced_ot	cost_features_500	multioutput_ridge	1.0	4	identity_no_training	0.0	0	6a3824ddf32d646e5b08672642823a27572df2fa104a0864ce1571cd95d2e164	221	0	52		0.9038461538461539	1.0	1.0	0.9407051282051282	1.0	0.9615384615384616	0.40156567427684897
HER2ST_manual_controlled	HER2ST_A1_CONTROLLED__reverse	HER2ST_A1_CONTROLLED	HER2ST::A	reverse	balanced_ot	cost_features_500	multioutput_ridge	1.0	4	all_top1	1.0	0	6a3824ddf32d646e5b08672642823a27572df2fa104a0864ce1571cd95d2e164	221	221	52	0.7194570135746606	0.0	0.038461538461538464	0.057692307692307696	0.02545100491052526	133.5	0.8461538461538461	0.8562144169790359
HER2ST_manual_controlled	HER2ST_A1_CONTROLLED__reverse	HER2ST_A1_CONTROLLED	HER2ST::A	reverse	balanced_ot	cost_features_500	multioutput_ridge	1.0	4	max_probability_gate	0.8	0	6a3824ddf32d646e5b08672642823a27572df2fa104a0864ce1571cd95d2e164	221	177	52	0.6949152542372882	0.0	0.019230769230769232	0.038461538461538464	0.022862656718642013	137.5	0.8461538461538461	0.8518765251636289
HER2ST_manual_controlled	HER2ST_A1_CONTROLLED__reverse	HER2ST_A1_CONTROLLED	HER2ST::A	reverse	balanced_ot	cost_features_500	multioutput_ridge	1.0	4	top2_margin_gate	0.8	0	6a3824ddf32d646e5b08672642823a27572df2fa104a0864ce1571cd95d2e164	221	177	52	0.8531073446327684	0.0	0.038461538461538464	0.057692307692307696	0.02914707170695121	135.5	0.8461538461538461	0.856809131233046
HER2ST_manual_controlled	HER2ST_A1_CONTROLLED__reverse	HER2ST_A1_CONTROLLED	HER2ST::A	reverse	balanced_ot	cost_features_500	multioutput_ridge	1.0	4	oracle_truth	0.8	0	6a3824ddf32d646e5b08672642823a27572df2fa104a0864ce1571cd95d2e164	221	177	52	1.0	0.0	0.057692307692307696	0.057692307692307696	0.028829439608248422	139.5	0.8461538461538461	0.8592856769304246
HER2ST_manual_controlled	HER2ST_A1_CONTROLLED__reverse	HER2ST_A1_CONTROLLED	HER2ST::A	reverse	balanced_ot	cost_features_500	multioutput_ridge	1.0	4	random_gate	0.8	0	6a3824ddf32d646e5b08672642823a27572df2fa104a0864ce1571cd95d2e164	221	177	52	0.711864406779661	0.0	0.019230769230769232	0.057692307692307696	0.023320949735564235	135.5	0.8461538461538461	0.8556227067863907
HER2ST_manual_controlled	HER2ST_A1_CONTROLLED__reverse	HER2ST_A1_CONTROLLED	HER2ST::A	reverse	balanced_ot	cost_features_500	multioutput_ridge	1.0	4	random_gate	0.8	1	6a3824ddf32d646e5b08672642823a27572df2fa104a0864ce1571cd95d2e164	221	177	52	0.7288135593220338	0.0	0.019230769230769232	0.057692307692307696	0.024789844279444993	134.5	0.8461538461538461	0.8561024980820124
HER2ST_manual_controlled	HER2ST_A1_CONTROLLED__reverse	HER2ST_A1_CONTROLLED	HER2ST::A	reverse	balanced_ot	cost_features_500	multioutput_ridge	1.0	4	random_gate	0.8	2	6a3824ddf32d646e5b08672642823a27572df2fa104a0864ce1571cd95d2e164	221	177	52	0.7062146892655368	0.0	0.019230769230769232	0.057692307692307696	0.02385781648907154	138.0	0.8461538461538461	0.8548552954767245
HER2ST_manual_controlled	HER2ST_A1_CONTROLLED__reverse	HER2ST_A1_CONTROLLED	HER2ST::A	reverse	balanced_ot	cost_features_500	multioutput_ridge	1.0	4	random_gate	0.8	3	6a3824ddf32d646e5b08672642823a27572df2fa104a0864ce1571cd95d2e164	221	177	52	0.7175141242937854	0.0	0.019230769230769232	0.057692307692307696	0.024667323785675765	136.5	0.8461538461538461	0.8559469299888136
HER2ST_manual_controlled	HER2ST_A1_CONTROLLED__reverse	HER2ST_A1_CONTROLLED	HER2ST::A	reverse	balanced_ot	cost_features_500	multioutput_ridge	1.0	4	random_gate	0.8	4	6a3824ddf32d646e5b08672642823a27572df2fa104a0864ce1571cd95d2e164	221	177	52	0.7401129943502824	0.0	0.038461538461538464	0.057692307692307696	0.029445596871798686	135.5	0.8461538461538461	0.8569383500609644
HER2ST_manual_controlled	HER2ST_A1_CONTROLLED__reverse	HER2ST_A1_CONTROLLED	HER2ST::A	reverse	uot	cost_features_500	multioutput_ridge	1.0	0	identity_no_training	0.0	0	6a3824ddf32d646e5b08672642823a27572df2fa104a0864ce1571cd95d2e164	217	0	56		0.8928571428571429	0.9285714285714286	0.9464285714285714	0.9145400432900433	1.0	1.0	0.40426140892643303
HER2ST_manual_controlled	HER2ST_A1_CONTROLLED__reverse	HER2ST_A1_CONTROLLED	HER2ST::A	reverse	uot	cost_features_500	multioutput_ridge	1.0	0	all_top1	1.0	0	6a3824ddf32d646e5b08672642823a27572df2fa104a0864ce1571cd95d2e164	217	217	56	0.6589861751152074	0.0	0.017857142857142856	0.03571428571428571	0.018745434266340667	123.5	1.0	0.8502498066569187
HER2ST_manual_controlled	HER2ST_A1_CONTROLLED__reverse	HER2ST_A1_CONTROLLED	HER2ST::A	reverse	uot	cost_features_500	multioutput_ridge	1.0	0	max_probability_gate	0.8	0	6a3824ddf32d646e5b08672642823a27572df2fa104a0864ce1571cd95d2e164	217	174	56	0.5977011494252874	0.0	0.017857142857142856	0.03571428571428571	0.02139522981762706	120.5	1.0	0.8502421929583129
HER2ST_manual_controlled	HER2ST_A1_CONTROLLED__reverse	HER2ST_A1_CONTROLLED	HER2ST::A	reverse	uot	cost_features_500	multioutput_ridge	1.0	0	top2_margin_gate	0.8	0	6a3824ddf32d646e5b08672642823a27572df2fa104a0864ce1571cd95d2e164	217	174	56	0.7471264367816092	0.0	0.017857142857142856	0.03571428571428571	0.01858309209766666	123.0	1.0	0.8509359359370722
HER2ST_manual_controlled	HER2ST_A1_CONTROLLED__reverse	HER2ST_A1_CONTROLLED	HER2ST::A	reverse	uot	cost_features_500	multioutput_ridge	1.0	0	oracle_truth	0.8	0	6a3824ddf32d646e5b08672642823a27572df2fa104a0864ce1571cd95d2e164	217	174	56	1.0	0.0	0.017857142857142856	0.03571428571428571	0.016869954398912562	125.0	1.0	0.8518125365376495
HER2ST_manual_controlled	HER2ST_A1_CONTROLLED__reverse	HER2ST_A1_CONTROLLED	HER2ST::A	reverse	uot	cost_features_500	multioutput_ridge	1.0	0	random_gate	0.8	0	6a3824ddf32d646e5b08672642823a27572df2fa104a0864ce1571cd95d2e164	217	174	56	0.6551724137931034	0.0	0.017857142857142856	0.03571428571428571	0.01835655326963198	120.5	1.0	0.8501764401854552
HER2ST_manual_controlled	HER2ST_A1_CONTROLLED__reverse	HER2ST_A1_CONTROLLED	HER2ST::A	reverse	uot	cost_features_500	multioutput_ridge	1.0	0	random_gate	0.8	1	6a3824ddf32d646e5b08672642823a27572df2fa104a0864ce1571cd95d2e164	217	174	56	0.6781609195402298	0.0	0.017857142857142856	0.03571428571428571	0.018313862348392964	123.5	1.0	0.8501946617557962
HER2ST_manual_controlled	HER2ST_A1_CONTROLLED__reverse	HER2ST_A1_CONTROLLED	HER2ST::A	reverse	uot	cost_features_500	multioutput_ridge	1.0	0	random_gate	0.8	2	6a3824ddf32d646e5b08672642823a27572df2fa104a0864ce1571cd95d2e164	217	174	56	0.6666666666666666	0.0	0.017857142857142856	0.03571428571428571	0.01763892282836374	122.5	1.0	0.8499804053251262
HER2ST_manual_controlled	HER2ST_A1_CONTROLLED__reverse	HER2ST_A1_CONTROLLED	HER2ST::A	reverse	uot	cost_features_500	multioutput_ridge	1.0	0	random_gate	0.8	3	6a3824ddf32d646e5b08672642823a27572df2fa104a0864ce1571cd95d2e164	217	174	56	0.6666666666666666	0.0	0.017857142857142856	0.03571428571428571	0.018405763374567927	121.5	1.0	0.8505162221844913
HER2ST_manual_controlled	HER2ST_A1_CONTROLLED__reverse	HER2ST_A1_CONTROLLED	HER2ST::A	reverse	uot	cost_features_500	multioutput_ridge	1.0	0	random_gate	0.8	4	6a3824ddf32d646e5b08672642823a27572df2fa104a0864ce1571cd95d2e164	217	174	56	0.6839080459770115	0.0	0.017857142857142856	0.03571428571428571	0.0173257235015435	124.0	1.0	0.8500849828118315
HER2ST_manual_controlled	HER2ST_A1_CONTROLLED__reverse	HER2ST_A1_CONTROLLED	HER2ST::A	reverse	uot	cost_features_500	multioutput_ridge	1.0	1	identity_no_training	0.0	0	6a3824ddf32d646e5b08672642823a27572df2fa104a0864ce1571cd95d2e164	213	0	60		1.0	1.0	1.0	1.0	1.0	1.0	0.40549664691190224
HER2ST_manual_controlled	HER2ST_A1_CONTROLLED__reverse	HER2ST_A1_CONTROLLED	HER2ST::A	reverse	uot	cost_features_500	multioutput_ridge	1.0	1	all_top1	1.0	0	6a3824ddf32d646e5b08672642823a27572df2fa104a0864ce1571cd95d2e164	213	213	60	0.6666666666666666	0.0	0.05	0.05	0.02343253630778369	199.0	0.5	0.8211227521208126
HER2ST_manual_controlled	HER2ST_A1_CONTROLLED__reverse	HER2ST_A1_CONTROLLED	HER2ST::A	reverse	uot	cost_features_500	multioutput_ridge	1.0	1	max_probability_gate	0.8	0	6a3824ddf32d646e5b08672642823a27572df2fa104a0864ce1571cd95d2e164	213	171	60	0.6081871345029239	0.0	0.03333333333333333	0.05	0.02732357339419921	194.0	0.5	0.8211744097257074
HER2ST_manual_controlled	HER2ST_A1_CONTROLLED__reverse	HER2ST_A1_CONTROLLED	HER2ST::A	reverse	uot	cost_features_500	multioutput_ridge	1.0	1	top2_margin_gate	0.8	0	6a3824ddf32d646e5b08672642823a27572df2fa104a0864ce1571cd95d2e164	213	171	60	0.7602339181286549	0.0	0.03333333333333333	0.05	0.02425385019714149	202.0	0.5	0.8216042258700724
HER2ST_manual_controlled	HER2ST_A1_CONTROLLED__reverse	HER2ST_A1_CONTROLLED	HER2ST::A	reverse	uot	cost_features_500	multioutput_ridge	1.0	1	oracle_truth	0.8	0	6a3824ddf32d646e5b08672642823a27572df2fa104a0864ce1571cd95d2e164	213	171	60	1.0	0.0	0.03333333333333333	0.05	0.02358009839433852	197.5	0.5	0.8222792327858862
HER2ST_manual_controlled	HER2ST_A1_CONTROLLED__reverse	HER2ST_A1_CONTROLLED	HER2ST::A	reverse	uot	cost_features_500	multioutput_ridge	1.0	1	random_gate	0.8	0	6a3824ddf32d646e5b08672642823a27572df2fa104a0864ce1571cd95d2e164	213	171	60	0.7017543859649122	0.0	0.03333333333333333	0.05	0.02277201949302814	201.0	0.5	0.820585080825016
HER2ST_manual_controlled	HER2ST_A1_CONTROLLED__reverse	HER2ST_A1_CONTROLLED	HER2ST::A	reverse	uot	cost_features_500	multioutput_ridge	1.0	1	random_gate	0.8	1	6a3824ddf32d646e5b08672642823a27572df2fa104a0864ce1571cd95d2e164	213	171	60	0.695906432748538	0.0	0.03333333333333333	0.05	0.024284338746195098	199.0	0.5	0.8216809444041144
HER2ST_manual_controlled	HER2ST_A1_CONTROLLED__reverse	HER2ST_A1_CONTROLLED	HER2ST::A	reverse	uot	cost_features_500	multioutput_ridge	1.0	1	random_gate	0.8	2	6a3824ddf32d646e5b08672642823a27572df2fa104a0864ce1571cd95d2e164	213	171	60	0.7076023391812866	0.0	0.03333333333333333	0.05	0.022119883318396014	200.5	0.5	0.8199175522086711
HER2ST_manual_controlled	HER2ST_A1_CONTROLLED__reverse	HER2ST_A1_CONTROLLED	HER2ST::A	reverse	uot	cost_features_500	multioutput_ridge	1.0	1	random_gate	0.8	3	6a3824ddf32d646e5b08672642823a27572df2fa104a0864ce1571cd95d2e164	213	171	60	0.6608187134502924	0.0	0.03333333333333333	0.05	0.022331370759031573	205.5	0.5	0.8204990605703941
HER2ST_manual_controlled	HER2ST_A1_CONTROLLED__reverse	HER2ST_A1_CONTROLLED	HER2ST::A	reverse	uot	cost_features_500	multioutput_ridge	1.0	1	random_gate	0.8	4	6a3824ddf32d646e5b08672642823a27572df2fa104a0864ce1571cd95d2e164	213	171	60	0.6608187134502924	0.0	0.03333333333333333	0.05	0.022516447778569388	205.0	0.5	0.8199794738563171
HER2ST_manual_controlled	HER2ST_A1_CONTROLLED__reverse	HER2ST_A1_CONTROLLED	HER2ST::A	reverse	uot	cost_features_500	multioutput_ridge	1.0	2	identity_no_training	0.0	0	6a3824ddf32d646e5b08672642823a27572df2fa104a0864ce1571cd95d2e164	215	0	58		0.896551724137931	0.9655172413793104	1.0	0.9339080459770116	1.0	1.0	0.40219605235541817
HER2ST_manual_controlled	HER2ST_A1_CONTROLLED__reverse	HER2ST_A1_CONTROLLED	HER2ST::A	reverse	uot	cost_features_500	multioutput_ridge	1.0	2	all_top1	1.0	0	6a3824ddf32d646e5b08672642823a27572df2fa104a0864ce1571cd95d2e164	215	215	58	0.7023255813953488	0.0	0.017241379310344827	0.017241379310344827	0.01414932572387449	149.0	1.0	0.848773632293971
HER2ST_manual_controlled	HER2ST_A1_CONTROLLED__reverse	HER2ST_A1_CONTROLLED	HER2ST::A	reverse	uot	cost_features_500	multioutput_ridge	1.0	2	max_probability_gate	0.8	0	6a3824ddf32d646e5b08672642823a27572df2fa104a0864ce1571cd95d2e164	215	172	58	0.6802325581395349	0.0	0.0	0.017241379310344827	0.0106544010036887	164.5	1.0	0.8432018944846492
HER2ST_manual_controlled	HER2ST_A1_CONTROLLED__reverse	HER2ST_A1_CONTROLLED	HER2ST::A	reverse	uot	cost_features_500	multioutput_ridge	1.0	2	top2_margin_gate	0.8	0	6a3824ddf32d646e5b08672642823a27572df2fa104a0864ce1571cd95d2e164	215	172	58	0.7965116279069767	0.0	0.017241379310344827	0.017241379310344827	0.013711316118385957	154.5	1.0	0.8475353703395833
HER2ST_manual_controlled	HER2ST_A1_CONTROLLED__reverse	HER2ST_A1_CONTROLLED	HER2ST::A	reverse	uot	cost_features_500	multioutput_ridge	1.0	2	oracle_truth	0.8	0	6a3824ddf32d646e5b08672642823a27572df2fa104a0864ce1571cd95d2e164	215	172	58	1.0	0.0	0.017241379310344827	0.017241379310344827	0.014681827449616726	145.5	1.0	0.8521906428837395
HER2ST_manual_controlled	HER2ST_A1_CONTROLLED__reverse	HER2ST_A1_CONTROLLED	HER2ST::A	reverse	uot	cost_features_500	multioutput_ridge	1.0	2	random_gate	0.8	0	6a3824ddf32d646e5b08672642823a27572df2fa104a0864ce1571cd95d2e164	215	172	58	0.6976744186046512	0.0	0.0	0.017241379310344827	0.012005090701471778	153.0	1.0	0.8484891691443773
HER2ST_manual_controlled	HER2ST_A1_CONTROLLED__reverse	HER2ST_A1_CONTROLLED	HER2ST::A	reverse	uot	cost_features_500	multioutput_ridge	1.0	2	random_gate	0.8	1	6a3824ddf32d646e5b08672642823a27572df2fa104a0864ce1571cd95d2e164	215	172	58	0.7034883720930233	0.0	0.017241379310344827	0.017241379310344827	0.013089256390451595	152.0	1.0	0.8483223422663156
HER2ST_manual_controlled	HER2ST_A1_CONTROLLED__reverse	HER2ST_A1_CONTROLLED	HER2ST::A	reverse	uot	cost_features_500	multioutput_ridge	1.0	2	random_gate	0.8	2	6a3824ddf32d646e5b08672642823a27572df2fa104a0864ce1571cd95d2e164	215	172	58	0.7093023255813954	0.0	0.017241379310344827	0.017241379310344827	0.012975322491310299	152.5	1.0	0.8477273752364861
HER2ST_manual_controlled	HER2ST_A1_CONTROLLED__reverse	HER2ST_A1_CONTROLLED	HER2ST::A	reverse	uot	cost_features_500	multioutput_ridge	1.0	2	random_gate	0.8	3	6a3824ddf32d646e5b08672642823a27572df2fa104a0864ce1571cd95d2e164	215	172	58	0.6918604651162791	0.0	0.017241379310344827	0.017241379310344827	0.013029033875551802	151.5	1.0	0.8481824244096956
HER2ST_manual_controlled	HER2ST_A1_CONTROLLED__reverse	HER2ST_A1_CONTROLLED	HER2ST::A	reverse	uot	cost_features_500	multioutput_ridge	1.0	2	random_gate	0.8	4	6a3824ddf32d646e5b08672642823a27572df2fa104a0864ce1571cd95d2e164	215	172	58	0.6802325581395349	0.0	0.0	0.017241379310344827	0.011400607972748169	155.0	1.0	0.8464577814707284
HER2ST_manual_controlled	HER2ST_A1_CONTROLLED__reverse	HER2ST_A1_CONTROLLED	HER2ST::A	reverse	uot	cost_features_500	multioutput_ridge	1.0	3	identity_no_training	0.0	0	6a3824ddf32d646e5b08672642823a27572df2fa104a0864ce1571cd95d2e164	226	0	47		0.9361702127659575	1.0	1.0	0.9617021276595745	1.0	1.0	0.4044071233603179
HER2ST_manual_controlled	HER2ST_A1_CONTROLLED__reverse	HER2ST_A1_CONTROLLED	HER2ST::A	reverse	uot	cost_features_500	multioutput_ridge	1.0	3	all_top1	1.0	0	6a3824ddf32d646e5b08672642823a27572df2fa104a0864ce1571cd95d2e164	226	226	47	0.6946902654867256	0.02127659574468085	0.02127659574468085	0.02127659574468085	0.03826867869995954	114.0	1.0	0.85562068312419
HER2ST_manual_controlled	HER2ST_A1_CONTROLLED__reverse	HER2ST_A1_CONTROLLED	HER2ST::A	reverse	uot	cost_features_500	multioutput_ridge	1.0	3	max_probability_gate	0.8	0	6a3824ddf32d646e5b08672642823a27572df2fa104a0864ce1571cd95d2e164	226	181	47	0.6464088397790055	0.02127659574468085	0.02127659574468085	0.02127659574468085	0.03721508269421904	112.0	1.0	0.8517313471880635
HER2ST_manual_controlled	HER2ST_A1_CONTROLLED__reverse	HER2ST_A1_CONTROLLED	HER2ST::A	reverse	uot	cost_features_500	multioutput_ridge	1.0	3	top2_margin_gate	0.8	0	6a3824ddf32d646e5b08672642823a27572df2fa104a0864ce1571cd95d2e164	226	181	47	0.7845303867403315	0.02127659574468085	0.02127659574468085	0.02127659574468085	0.03807194488808221	108.0	1.0	0.8556808038711115
HER2ST_manual_controlled	HER2ST_A1_CONTROLLED__reverse	HER2ST_A1_CONTROLLED	HER2ST::A	reverse	uot	cost_features_500	multioutput_ridge	1.0	3	oracle_truth	0.8	0	6a3824ddf32d646e5b08672642823a27572df2fa104a0864ce1571cd95d2e164	226	181	47	1.0	0.02127659574468085	0.02127659574468085	0.02127659574468085	0.03746912815342888	98.0	1.0	0.8577572132861636
HER2ST_manual_controlled	HER2ST_A1_CONTROLLED__reverse	HER2ST_A1_CONTROLLED	HER2ST::A	reverse	uot	cost_features_500	multioutput_ridge	1.0	3	random_gate	0.8	0	6a3824ddf32d646e5b08672642823a27572df2fa104a0864ce1571cd95d2e164	226	181	47	0.6795580110497238	0.02127659574468085	0.02127659574468085	0.02127659574468085	0.03749412929275482	113.0	1.0	0.8554549047416115
HER2ST_manual_controlled	HER2ST_A1_CONTROLLED__reverse	HER2ST_A1_CONTROLLED	HER2ST::A	reverse	uot	cost_features_500	multioutput_ridge	1.0	3	random_gate	0.8	1	6a3824ddf32d646e5b08672642823a27572df2fa104a0864ce1571cd95d2e164	226	181	47	0.7071823204419889	0.02127659574468085	0.02127659574468085	0.02127659574468085	0.03750541821691748	110.0	1.0	0.8559471556223752
HER2ST_manual_controlled	HER2ST_A1_CONTROLLED__reverse	HER2ST_A1_CONTROLLED	HER2ST::A	reverse	uot	cost_features_500	multioutput_ridge	1.0	3	random_gate	0.8	2	6a3824ddf32d646e5b08672642823a27572df2fa104a0864ce1571cd95d2e164	226	181	47	0.6961325966850829	0.02127659574468085	0.02127659574468085	0.02127659574468085	0.03805040657141135	110.0	1.0	0.8555471818390318
HER2ST_manual_controlled	HER2ST_A1_CONTROLLED__reverse	HER2ST_A1_CONTROLLED	HER2ST::A	reverse	uot	cost_features_500	multioutput_ridge	1.0	3	random_gate	0.8	3	6a3824ddf32d646e5b08672642823a27572df2fa104a0864ce1571cd95d2e164	226	181	47	0.7016574585635359	0.02127659574468085	0.02127659574468085	0.02127659574468085	0.037988380571522505	111.0	1.0	0.8560122460823222
HER2ST_manual_controlled	HER2ST_A1_CONTROLLED__reverse	HER2ST_A1_CONTROLLED	HER2ST::A	reverse	uot	cost_features_500	multioutput_ridge	1.0	3	random_gate	0.8	4	6a3824ddf32d646e5b08672642823a27572df2fa104a0864ce1571cd95d2e164	226	181	47	0.6740331491712708	0.02127659574468085	0.02127659574468085	0.02127659574468085	0.037429762562372626	110.0	1.0	0.8559434703265656
HER2ST_manual_controlled	HER2ST_A1_CONTROLLED__reverse	HER2ST_A1_CONTROLLED	HER2ST::A	reverse	uot	cost_features_500	multioutput_ridge	1.0	4	identity_no_training	0.0	0	6a3824ddf32d646e5b08672642823a27572df2fa104a0864ce1571cd95d2e164	221	0	52		0.9038461538461539	1.0	1.0	0.9407051282051282	1.0	0.9615384615384616	0.40156567427684897
HER2ST_manual_controlled	HER2ST_A1_CONTROLLED__reverse	HER2ST_A1_CONTROLLED	HER2ST::A	reverse	uot	cost_features_500	multioutput_ridge	1.0	4	all_top1	1.0	0	6a3824ddf32d646e5b08672642823a27572df2fa104a0864ce1571cd95d2e164	221	221	52	0.8099547511312217	0.0	0.057692307692307696	0.057692307692307696	0.02903096940711595	135.0	0.8461538461538461	0.8581935118138606
HER2ST_manual_controlled	HER2ST_A1_CONTROLLED__reverse	HER2ST_A1_CONTROLLED	HER2ST::A	reverse	uot	cost_features_500	multioutput_ridge	1.0	4	max_probability_gate	0.8	0	6a3824ddf32d646e5b08672642823a27572df2fa104a0864ce1571cd95d2e164	221	177	52	0.768361581920904	0.0	0.019230769230769232	0.057692307692307696	0.024164986827797826	133.0	0.8461538461538461	0.8550438163983103
HER2ST_manual_controlled	HER2ST_A1_CONTROLLED__reverse	HER2ST_A1_CONTROLLED	HER2ST::A	reverse	uot	cost_features_500	multioutput_ridge	1.0	4	top2_margin_gate	0.8	0	6a3824ddf32d646e5b08672642823a27572df2fa104a0864ce1571cd95d2e164	221	177	52	0.903954802259887	0.0	0.038461538461538464	0.057692307692307696	0.026892719858695364	135.0	0.8461538461538461	0.8579185129209405
HER2ST_manual_controlled	HER2ST_A1_CONTROLLED__reverse	HER2ST_A1_CONTROLLED	HER2ST::A	reverse	uot	cost_features_500	multioutput_ridge	1.0	4	oracle_truth	0.8	0	6a3824ddf32d646e5b08672642823a27572df2fa104a0864ce1571cd95d2e164	221	177	52	1.0	0.0	0.057692307692307696	0.057692307692307696	0.030078660034813527	139.5	0.8461538461538461	0.8594722392692616
HER2ST_manual_controlled	HER2ST_A1_CONTROLLED__reverse	HER2ST_A1_CONTROLLED	HER2ST::A	reverse	uot	cost_features_500	multioutput_ridge	1.0	4	random_gate	0.8	0	6a3824ddf32d646e5b08672642823a27572df2fa104a0864ce1571cd95d2e164	221	177	52	0.807909604519774	0.0	0.057692307692307696	0.057692307692307696	0.027913341287518434	134.5	0.8461538461538461	0.8576408227536484
HER2ST_manual_controlled	HER2ST_A1_CONTROLLED__reverse	HER2ST_A1_CONTROLLED	HER2ST::A	reverse	uot	cost_features_500	multioutput_ridge	1.0	4	random_gate	0.8	1	6a3824ddf32d646e5b08672642823a27572df2fa104a0864ce1571cd95d2e164	221	177	52	0.8418079096045198	0.0	0.057692307692307696	0.057692307692307696	0.02647657137865482	141.0	0.8461538461538461	0.8576950241136287
HER2ST_manual_controlled	HER2ST_A1_CONTROLLED__reverse	HER2ST_A1_CONTROLLED	HER2ST::A	reverse	uot	cost_features_500	multioutput_ridge	1.0	4	random_gate	0.8	2	6a3824ddf32d646e5b08672642823a27572df2fa104a0864ce1571cd95d2e164	221	177	52	0.8361581920903954	0.0	0.038461538461538464	0.057692307692307696	0.02813801566496473	139.5	0.8461538461538461	0.8582228001532134
HER2ST_manual_controlled	HER2ST_A1_CONTROLLED__reverse	HER2ST_A1_CONTROLLED	HER2ST::A	reverse	uot	cost_features_500	multioutput_ridge	1.0	4	random_gate	0.8	3	6a3824ddf32d646e5b08672642823a27572df2fa104a0864ce1571cd95d2e164	221	177	52	0.8305084745762712	0.0	0.038461538461538464	0.057692307692307696	0.026650210584690914	138.0	0.8461538461538461	0.8576830890633526
HER2ST_manual_controlled	HER2ST_A1_CONTROLLED__reverse	HER2ST_A1_CONTROLLED	HER2ST::A	reverse	uot	cost_features_500	multioutput_ridge	1.0	4	random_gate	0.8	4	6a3824ddf32d646e5b08672642823a27572df2fa104a0864ce1571cd95d2e164	221	177	52	0.8022598870056498	0.0	0.038461538461538464	0.057692307692307696	0.02602449795026943	135.0	0.8461538461538461	0.8573356243331542
HER2ST_manual_controlled	HER2ST_A1_CONTROLLED__reverse	HER2ST_A1_CONTROLLED	HER2ST::A	reverse	row_softmax	cost_features_500	multioutput_ridge	1.0	0	identity_no_training	0.0	0	6a3824ddf32d646e5b08672642823a27572df2fa104a0864ce1571cd95d2e164	217	0	56		0.8928571428571429	0.9285714285714286	0.9464285714285714	0.9145400432900433	1.0	1.0	0.40426140892643303
HER2ST_manual_controlled	HER2ST_A1_CONTROLLED__reverse	HER2ST_A1_CONTROLLED	HER2ST::A	reverse	row_softmax	cost_features_500	multioutput_ridge	1.0	0	all_top1	1.0	0	6a3824ddf32d646e5b08672642823a27572df2fa104a0864ce1571cd95d2e164	217	217	56	0.8341013824884793	0.0	0.0	0.03571428571428571	0.016902108248357375	123.0	1.0	0.852208962326
HER2ST_manual_controlled	HER2ST_A1_CONTROLLED__reverse	HER2ST_A1_CONTROLLED	HER2ST::A	reverse	row_softmax	cost_features_500	multioutput_ridge	1.0	0	max_probability_gate	0.8	0	6a3824ddf32d646e5b08672642823a27572df2fa104a0864ce1571cd95d2e164	217	174	56	0.8218390804597702	0.0	0.017857142857142856	0.03571428571428571	0.019164290826877595	120.0	1.0	0.8529351158339963
HER2ST_manual_controlled	HER2ST_A1_CONTROLLED__reverse	HER2ST_A1_CONTROLLED	HER2ST::A	reverse	row_softmax	cost_features_500	multioutput_ridge	1.0	0	top2_margin_gate	0.8	0	6a3824ddf32d646e5b08672642823a27572df2fa104a0864ce1571cd95d2e164	217	174	56	0.9252873563218391	0.0	0.017857142857142856	0.03571428571428571	0.018338859253510306	124.5	1.0	0.8519900739175925
HER2ST_manual_controlled	HER2ST_A1_CONTROLLED__reverse	HER2ST_A1_CONTROLLED	HER2ST::A	reverse	row_softmax	cost_features_500	multioutput_ridge	1.0	0	oracle_truth	0.8	0	6a3824ddf32d646e5b08672642823a27572df2fa104a0864ce1571cd95d2e164	217	174	56	1.0	0.0	0.0	0.03571428571428571	0.01655576841492218	122.0	1.0	0.8523235982615205
HER2ST_manual_controlled	HER2ST_A1_CONTROLLED__reverse	HER2ST_A1_CONTROLLED	HER2ST::A	reverse	row_softmax	cost_features_500	multioutput_ridge	1.0	0	random_gate	0.8	0	6a3824ddf32d646e5b08672642823a27572df2fa104a0864ce1571cd95d2e164	217	174	56	0.8620689655172413	0.0	0.017857142857142856	0.03571428571428571	0.01819671037961842	124.0	1.0	0.8518268223126686
HER2ST_manual_controlled	HER2ST_A1_CONTROLLED__reverse	HER2ST_A1_CONTROLLED	HER2ST::A	reverse	row_softmax	cost_features_500	multioutput_ridge	1.0	0	random_gate	0.8	1	6a3824ddf32d646e5b08672642823a27572df2fa104a0864ce1571cd95d2e164	217	174	56	0.8333333333333334	0.0	0.0	0.03571428571428571	0.015650738606160113	124.5	1.0	0.8510746320787526
HER2ST_manual_controlled	HER2ST_A1_CONTROLLED__reverse	HER2ST_A1_CONTROLLED	HER2ST::A	reverse	row_softmax	cost_features_500	multioutput_ridge	1.0	0	random_gate	0.8	2	6a3824ddf32d646e5b08672642823a27572df2fa104a0864ce1571cd95d2e164	217	174	56	0.8505747126436781	0.0	0.0	0.03571428571428571	0.016549978514401088	124.5	1.0	0.851799462722326
HER2ST_manual_controlled	HER2ST_A1_CONTROLLED__reverse	HER2ST_A1_CONTROLLED	HER2ST::A	reverse	row_softmax	cost_features_500	multioutput_ridge	1.0	0	random_gate	0.8	3	6a3824ddf32d646e5b08672642823a27572df2fa104a0864ce1571cd95d2e164	217	174	56	0.8275862068965517	0.0	0.017857142857142856	0.03571428571428571	0.018161547401332485	125.5	1.0	0.8522004445629544
HER2ST_manual_controlled	HER2ST_A1_CONTROLLED__reverse	HER2ST_A1_CONTROLLED	HER2ST::A	reverse	row_softmax	cost_features_500	multioutput_ridge	1.0	0	random_gate	0.8	4	6a3824ddf32d646e5b08672642823a27572df2fa104a0864ce1571cd95d2e164	217	174	56	0.8448275862068966	0.0	0.0	0.03571428571428571	0.016005019008996958	121.5	1.0	0.8517462539873881
HER2ST_manual_controlled	HER2ST_A1_CONTROLLED__reverse	HER2ST_A1_CONTROLLED	HER2ST::A	reverse	row_softmax	cost_features_500	multioutput_ridge	1.0	1	identity_no_training	0.0	0	6a3824ddf32d646e5b08672642823a27572df2fa104a0864ce1571cd95d2e164	213	0	60		1.0	1.0	1.0	1.0	1.0	1.0	0.40549664691190224
HER2ST_manual_controlled	HER2ST_A1_CONTROLLED__reverse	HER2ST_A1_CONTROLLED	HER2ST::A	reverse	row_softmax	cost_features_500	multioutput_ridge	1.0	1	all_top1	1.0	0	6a3824ddf32d646e5b08672642823a27572df2fa104a0864ce1571cd95d2e164	213	213	60	0.8591549295774648	0.0	0.03333333333333333	0.05	0.021831591773124295	192.0	0.5	0.8221441944164164
HER2ST_manual_controlled	HER2ST_A1_CONTROLLED__reverse	HER2ST_A1_CONTROLLED	HER2ST::A	reverse	row_softmax	cost_features_500	multioutput_ridge	1.0	1	max_probability_gate	0.8	0	6a3824ddf32d646e5b08672642823a27572df2fa104a0864ce1571cd95d2e164	213	171	60	0.8538011695906432	0.0	0.03333333333333333	0.05	0.024246443403587815	192.5	0.5	0.822779456571695
HER2ST_manual_controlled	HER2ST_A1_CONTROLLED__reverse	HER2ST_A1_CONTROLLED	HER2ST::A	reverse	row_softmax	cost_features_500	multioutput_ridge	1.0	1	top2_margin_gate	0.8	0	6a3824ddf32d646e5b08672642823a27572df2fa104a0864ce1571cd95d2e164	213	171	60	0.935672514619883	0.0	0.03333333333333333	0.05	0.02133432079820471	195.5	0.5	0.821290731790091
HER2ST_manual_controlled	HER2ST_A1_CONTROLLED__reverse	HER2ST_A1_CONTROLLED	HER2ST::A	reverse	row_softmax	cost_features_500	multioutput_ridge	1.0	1	oracle_truth	0.8	0	6a3824ddf32d646e5b08672642823a27572df2fa104a0864ce1571cd95d2e164	213	171	60	1.0	0.0	0.03333333333333333	0.05	0.021898970816738132	196.0	0.5	0.8201322053203554
HER2ST_manual_controlled	HER2ST_A1_CONTROLLED__reverse	HER2ST_A1_CONTROLLED	HER2ST::A	reverse	row_softmax	cost_features_500	multioutput_ridge	1.0	1	random_gate	0.8	0	6a3824ddf32d646e5b08672642823a27572df2fa104a0864ce1571cd95d2e164	213	171	60	0.8654970760233918	0.0	0.03333333333333333	0.05	0.021773239490034055	198.0	0.5	0.8208204791764172
HER2ST_manual_controlled	HER2ST_A1_CONTROLLED__reverse	HER2ST_A1_CONTROLLED	HER2ST::A	reverse	row_softmax	cost_features_500	multioutput_ridge	1.0	1	random_gate	0.8	1	6a3824ddf32d646e5b08672642823a27572df2fa104a0864ce1571cd95d2e164	213	171	60	0.8538011695906432	0.0	0.03333333333333333	0.05	0.021206318896031896	194.0	0.5	0.8212816939468017
HER2ST_manual_controlled	HER2ST_A1_CONTROLLED__reverse	HER2ST_A1_CONTROLLED	HER2ST::A	reverse	row_softmax	cost_features_500	multioutput_ridge	1.0	1	random_gate	0.8	2	6a3824ddf32d646e5b08672642823a27572df2fa104a0864ce1571cd95d2e164	213	171	60	0.8596491228070176	0.0	0.03333333333333333	0.05	0.022539189508215048	197.0	0.5	0.8205464384557073
HER2ST_manual_controlled	HER2ST_A1_CONTROLLED__reverse	HER2ST_A1_CONTROLLED	HER2ST::A	reverse	row_softmax	cost_features_500	multioutput_ridge	1.0	1	random_gate	0.8	3	6a3824ddf32d646e5b08672642823a27572df2fa104a0864ce1571cd95d2e164	213	171	60	0.8830409356725146	0.0	0.03333333333333333	0.05	0.021973375155440147	203.0	0.5	0.8207499859032893
HER2ST_manual_controlled	HER2ST_A1_CONTROLLED__reverse	HER2ST_A1_CONTROLLED	HER2ST::A	reverse	row_softmax	cost_features_500	multioutput_ridge	1.0	1	random_gate	0.8	4	6a3824ddf32d646e5b08672642823a27572df2fa104a0864ce1571cd95d2e164	213	171	60	0.8538011695906432	0.0	0.03333333333333333	0.05	0.02128905101394501	192.5	0.5	0.8214172905080434
HER2ST_manual_controlled	HER2ST_A1_CONTROLLED__reverse	HER2ST_A1_CONTROLLED	HER2ST::A	reverse	row_softmax	cost_features_500	multioutput_ridge	1.0	2	identity_no_training	0.0	0	6a3824ddf32d646e5b08672642823a27572df2fa104a0864ce1571cd95d2e164	215	0	58		0.896551724137931	0.9655172413793104	1.0	0.9339080459770116	1.0	1.0	0.40219605235541817
HER2ST_manual_controlled	HER2ST_A1_CONTROLLED__reverse	HER2ST_A1_CONTROLLED	HER2ST::A	reverse	row_softmax	cost_features_500	multioutput_ridge	1.0	2	all_top1	1.0	0	6a3824ddf32d646e5b08672642823a27572df2fa104a0864ce1571cd95d2e164	215	215	58	0.8046511627906977	0.0	0.017241379310344827	0.017241379310344827	0.013860004942783844	144.5	1.0	0.8518152352233156
HER2ST_manual_controlled	HER2ST_A1_CONTROLLED__reverse	HER2ST_A1_CONTROLLED	HER2ST::A	reverse	row_softmax	cost_features_500	multioutput_ridge	1.0	2	max_probability_gate	0.8	0	6a3824ddf32d646e5b08672642823a27572df2fa104a0864ce1571cd95d2e164	215	172	58	0.8081395348837209	0.0	0.0	0.017241379310344827	0.010893344270091155	158.0	1.0	0.8472251465062037
HER2ST_manual_controlled	HER2ST_A1_CONTROLLED__reverse	HER2ST_A1_CONTROLLED	HER2ST::A	reverse	row_softmax	cost_features_500	multioutput_ridge	1.0	2	top2_margin_gate	0.8	0	6a3824ddf32d646e5b08672642823a27572df2fa104a0864ce1571cd95d2e164	215	172	58	0.9011627906976745	0.0	0.017241379310344827	0.017241379310344827	0.014272772650879782	149.5	1.0	0.8510518012423833
HER2ST_manual_controlled	HER2ST_A1_CONTROLLED__reverse	HER2ST_A1_CONTROLLED	HER2ST::A	reverse	row_softmax	cost_features_500	multioutput_ridge	1.0	2	oracle_truth	0.8	0	6a3824ddf32d646e5b08672642823a27572df2fa104a0864ce1571cd95d2e164	215	172	58	1.0	0.0	0.017241379310344827	0.017241379310344827	0.014718699629179077	144.0	1.0	0.853400523411672
HER2ST_manual_controlled	HER2ST_A1_CONTROLLED__reverse	HER2ST_A1_CONTROLLED	HER2ST::A	reverse	row_softmax	cost_features_500	multioutput_ridge	1.0	2	random_gate	0.8	0	6a3824ddf32d646e5b08672642823a27572df2fa104a0864ce1571cd95d2e164	215	172	58	0.813953488372093	0.0	0.0	0.017241379310344827	0.012946328391107561	148.0	1.0	0.8514042339312137
HER2ST_manual_controlled	HER2ST_A1_CONTROLLED__reverse	HER2ST_A1_CONTROLLED	HER2ST::A	reverse	row_softmax	cost_features_500	multioutput_ridge	1.0	2	random_gate	0.8	1	6a3824ddf32d646e5b08672642823a27572df2fa104a0864ce1571cd95d2e164	215	172	58	0.7965116279069767	0.0	0.0	0.017241379310344827	0.011579367548692513	149.5	1.0	0.849591024338654
HER2ST_manual_controlled	HER2ST_A1_CONTROLLED__reverse	HER2ST_A1_CONTROLLED	HER2ST::A	reverse	row_softmax	cost_features_500	multioutput_ridge	1.0	2	random_gate	0.8	2	6a3824ddf32d646e5b08672642823a27572df2fa104a0864ce1571cd95d2e164	215	172	58	0.7965116279069767	0.0	0.017241379310344827	0.017241379310344827	0.014642324507254572	147.5	1.0	0.8517318275197747
HER2ST_manual_controlled	HER2ST_A1_CONTROLLED__reverse	HER2ST_A1_CONTROLLED	HER2ST::A	reverse	row_softmax	cost_features_500	multioutput_ridge	1.0	2	random_gate	0.8	3	6a3824ddf32d646e5b08672642823a27572df2fa104a0864ce1571cd95d2e164	215	172	58	0.8081395348837209	0.0	0.017241379310344827	0.017241379310344827	0.013648211530618223	144.5	1.0	0.8520938090792567
HER2ST_manual_controlled	HER2ST_A1_CONTROLLED__reverse	HER2ST_A1_CONTROLLED	HER2ST::A	reverse	row_softmax	cost_features_500	multioutput_ridge	1.0	2	random_gate	0.8	4	6a3824ddf32d646e5b08672642823a27572df2fa104a0864ce1571cd95d2e164	215	172	58	0.7965116279069767	0.0	0.0	0.017241379310344827	0.012413894410865217	146.5	1.0	0.8509420572513672
HER2ST_manual_controlled	HER2ST_A1_CONTROLLED__reverse	HER2ST_A1_CONTROLLED	HER2ST::A	reverse	row_softmax	cost_features_500	multioutput_ridge	1.0	3	identity_no_training	0.0	0	6a3824ddf32d646e5b08672642823a27572df2fa104a0864ce1571cd95d2e164	226	0	47		0.9361702127659575	1.0	1.0	0.9617021276595745	1.0	1.0	0.4044071233603179
HER2ST_manual_controlled	HER2ST_A1_CONTROLLED__reverse	HER2ST_A1_CONTROLLED	HER2ST::A	reverse	row_softmax	cost_features_500	multioutput_ridge	1.0	3	all_top1	1.0	0	6a3824ddf32d646e5b08672642823a27572df2fa104a0864ce1571cd95d2e164	226	226	47	0.831858407079646	0.02127659574468085	0.02127659574468085	0.02127659574468085	0.03882335273403743	97.0	1.0	0.8582277984465522
HER2ST_manual_controlled	HER2ST_A1_CONTROLLED__reverse	HER2ST_A1_CONTROLLED	HER2ST::A	reverse	row_softmax	cost_features_500	multioutput_ridge	1.0	3	max_probability_gate	0.8	0	6a3824ddf32d646e5b08672642823a27572df2fa104a0864ce1571cd95d2e164	226	181	47	0.8232044198895028	0.02127659574468085	0.02127659574468085	0.02127659574468085	0.03764059759718679	97.0	1.0	0.8555749512662983
HER2ST_manual_controlled	HER2ST_A1_CONTROLLED__reverse	HER2ST_A1_CONTROLLED	HER2ST::A	reverse	row_softmax	cost_features_500	multioutput_ridge	1.0	3	top2_margin_gate	0.8	0	6a3824ddf32d646e5b08672642823a27572df2fa104a0864ce1571cd95d2e164	226	181	47	0.9116022099447514	0.02127659574468085	0.02127659574468085	0.02127659574468085	0.03820260201963238	99.0	1.0	0.8576492714740505
HER2ST_manual_controlled	HER2ST_A1_CONTROLLED__reverse	HER2ST_A1_CONTROLLED	HER2ST::A	reverse	row_softmax	cost_features_500	multioutput_ridge	1.0	3	oracle_truth	0.8	0	6a3824ddf32d646e5b08672642823a27572df2fa104a0864ce1571cd95d2e164	226	181	47	1.0	0.02127659574468085	0.02127659574468085	0.02127659574468085	0.03707953886158967	103.0	1.0	0.8579313254395888
HER2ST_manual_controlled	HER2ST_A1_CONTROLLED__reverse	HER2ST_A1_CONTROLLED	HER2ST::A	reverse	row_softmax	cost_features_500	multioutput_ridge	1.0	3	random_gate	0.8	0	6a3824ddf32d646e5b08672642823a27572df2fa104a0864ce1571cd95d2e164	226	181	47	0.8232044198895028	0.02127659574468085	0.02127659574468085	0.02127659574468085	0.0387702450853015	101.0	1.0	0.857554812433157
HER2ST_manual_controlled	HER2ST_A1_CONTROLLED__reverse	HER2ST_A1_CONTROLLED	HER2ST::A	reverse	row_softmax	cost_features_500	multioutput_ridge	1.0	3	random_gate	0.8	1	6a3824ddf32d646e5b08672642823a27572df2fa104a0864ce1571cd95d2e164	226	181	47	0.8176795580110497	0.02127659574468085	0.02127659574468085	0.02127659574468085	0.03830379494897765	96.0	1.0	0.8578220901519028
HER2ST_manual_controlled	HER2ST_A1_CONTROLLED__reverse	HER2ST_A1_CONTROLLED	HER2ST::A	reverse	row_softmax	cost_features_500	multioutput_ridge	1.0	3	random_gate	0.8	2	6a3824ddf32d646e5b08672642823a27572df2fa104a0864ce1571cd95d2e164	226	181	47	0.8397790055248618	0.02127659574468085	0.02127659574468085	0.02127659574468085	0.03801305553647207	100.0	1.0	0.858341788923902
HER2ST_manual_controlled	HER2ST_A1_CONTROLLED__reverse	HER2ST_A1_CONTROLLED	HER2ST::A	reverse	row_softmax	cost_features_500	multioutput_ridge	1.0	3	random_gate	0.8	3	6a3824ddf32d646e5b08672642823a27572df2fa104a0864ce1571cd95d2e164	226	181	47	0.8342541436464088	0.02127659574468085	0.02127659574468085	0.02127659574468085	0.03832275550955628	104.0	1.0	0.8578127148793788
HER2ST_manual_controlled	HER2ST_A1_CONTROLLED__reverse	HER2ST_A1_CONTROLLED	HER2ST::A	reverse	row_softmax	cost_features_500	multioutput_ridge	1.0	3	random_gate	0.8	4	6a3824ddf32d646e5b08672642823a27572df2fa104a0864ce1571cd95d2e164	226	181	47	0.8397790055248618	0.02127659574468085	0.02127659574468085	0.02127659574468085	0.03819621208248637	103.0	1.0	0.8575760557571934
HER2ST_manual_controlled	HER2ST_A1_CONTROLLED__reverse	HER2ST_A1_CONTROLLED	HER2ST::A	reverse	row_softmax	cost_features_500	multioutput_ridge	1.0	4	identity_no_training	0.0	0	6a3824ddf32d646e5b08672642823a27572df2fa104a0864ce1571cd95d2e164	221	0	52		0.9038461538461539	1.0	1.0	0.9407051282051282	1.0	0.9615384615384616	0.40156567427684897
HER2ST_manual_controlled	HER2ST_A1_CONTROLLED__reverse	HER2ST_A1_CONTROLLED	HER2ST::A	reverse	row_softmax	cost_features_500	multioutput_ridge	1.0	4	all_top1	1.0	0	6a3824ddf32d646e5b08672642823a27572df2fa104a0864ce1571cd95d2e164	221	221	52	0.8823529411764706	0.0	0.057692307692307696	0.057692307692307696	0.03030687068828112	137.0	0.8461538461538461	0.859462280285478
HER2ST_manual_controlled	HER2ST_A1_CONTROLLED__reverse	HER2ST_A1_CONTROLLED	HER2ST::A	reverse	row_softmax	cost_features_500	multioutput_ridge	1.0	4	max_probability_gate	0.8	0	6a3824ddf32d646e5b08672642823a27572df2fa104a0864ce1571cd95d2e164	221	177	52	0.8700564971751412	0.0	0.019230769230769232	0.057692307692307696	0.023979106993774514	137.5	0.8461538461538461	0.8571810084699276
HER2ST_manual_controlled	HER2ST_A1_CONTROLLED__reverse	HER2ST_A1_CONTROLLED	HER2ST::A	reverse	row_softmax	cost_features_500	multioutput_ridge	1.0	4	top2_margin_gate	0.8	0	6a3824ddf32d646e5b08672642823a27572df2fa104a0864ce1571cd95d2e164	221	177	52	0.9661016949152542	0.0	0.057692307692307696	0.057692307692307696	0.03125990090796606	140.5	0.8461538461538461	0.8591006419940252
HER2ST_manual_controlled	HER2ST_A1_CONTROLLED__reverse	HER2ST_A1_CONTROLLED	HER2ST::A	reverse	row_softmax	cost_features_500	multioutput_ridge	1.0	4	oracle_truth	0.8	0	6a3824ddf32d646e5b08672642823a27572df2fa104a0864ce1571cd95d2e164	221	177	52	1.0	0.0	0.057692307692307696	0.057692307692307696	0.029816439059075956	140.0	0.8461538461538461	0.8592294934765222
HER2ST_manual_controlled	HER2ST_A1_CONTROLLED__reverse	HER2ST_A1_CONTROLLED	HER2ST::A	reverse	row_softmax	cost_features_500	multioutput_ridge	1.0	4	random_gate	0.8	0	6a3824ddf32d646e5b08672642823a27572df2fa104a0864ce1571cd95d2e164	221	177	52	0.864406779661017	0.0	0.057692307692307696	0.057692307692307696	0.029918754421869385	138.5	0.8461538461538461	0.8588671246085711
HER2ST_manual_controlled	HER2ST_A1_CONTROLLED__reverse	HER2ST_A1_CONTROLLED	HER2ST::A	reverse	row_softmax	cost_features_500	multioutput_ridge	1.0	4	random_gate	0.8	1	6a3824ddf32d646e5b08672642823a27572df2fa104a0864ce1571cd95d2e164	221	177	52	0.8926553672316384	0.0	0.057692307692307696	0.057692307692307696	0.028349276727681713	140.5	0.8461538461538461	0.8584514059283586
HER2ST_manual_controlled	HER2ST_A1_CONTROLLED__reverse	HER2ST_A1_CONTROLLED	HER2ST::A	reverse	row_softmax	cost_features_500	multioutput_ridge	1.0	4	random_gate	0.8	2	6a3824ddf32d646e5b08672642823a27572df2fa104a0864ce1571cd95d2e164	221	177	52	0.8870056497175142	0.0	0.057692307692307696	0.057692307692307696	0.028454021524619087	136.5	0.8461538461538461	0.8586427514682696
HER2ST_manual_controlled	HER2ST_A1_CONTROLLED__reverse	HER2ST_A1_CONTROLLED	HER2ST::A	reverse	row_softmax	cost_features_500	multioutput_ridge	1.0	4	random_gate	0.8	3	6a3824ddf32d646e5b08672642823a27572df2fa104a0864ce1571cd95d2e164	221	177	52	0.8700564971751412	0.0	0.057692307692307696	0.057692307692307696	0.02913671475014911	139.0	0.8461538461538461	0.8585321611083196
HER2ST_manual_controlled	HER2ST_A1_CONTROLLED__reverse	HER2ST_A1_CONTROLLED	HER2ST::A	reverse	row_softmax	cost_features_500	multioutput_ridge	1.0	4	random_gate	0.8	4	6a3824ddf32d646e5b08672642823a27572df2fa104a0864ce1571cd95d2e164	221	177	52	0.8813559322033898	0.0	0.057692307692307696	0.057692307692307696	0.029990364416197568	141.0	0.8461538461538461	0.8587561965900933
HER2ST_manual_controlled	HER2ST_B1_CONTROLLED	HER2ST_B1_CONTROLLED	HER2ST::B	forward	balanced_ot	cost_features_500	multioutput_ridge	1.0	0	identity_no_training	0.0	0	54009fb167b6d412635bf35fa51a43929b7b956a63eb7160f131d7d6ba5d8dad	168	0	47		0.7659574468085106	0.9148936170212766	0.9361702127659575	0.8253194943354518	1.0	0.7659574468085106	0.40909161647548625
HER2ST_manual_controlled	HER2ST_B1_CONTROLLED	HER2ST_B1_CONTROLLED	HER2ST::B	forward	balanced_ot	cost_features_500	multioutput_ridge	1.0	0	all_top1	1.0	0	54009fb167b6d412635bf35fa51a43929b7b956a63eb7160f131d7d6ba5d8dad	168	168	47	0.6488095238095238	0.0	0.0425531914893617	0.10638297872340426	0.03128918242358325	70.0	0.02127659574468085	0.8168664395249362
HER2ST_manual_controlled	HER2ST_B1_CONTROLLED	HER2ST_B1_CONTROLLED	HER2ST::B	forward	balanced_ot	cost_features_500	multioutput_ridge	1.0	0	max_probability_gate	0.8	0	54009fb167b6d412635bf35fa51a43929b7b956a63eb7160f131d7d6ba5d8dad	168	135	47	0.6666666666666666	0.0	0.0	0.0851063829787234	0.029738313335116787	68.0	0.02127659574468085	0.8107514317074158
HER2ST_manual_controlled	HER2ST_B1_CONTROLLED	HER2ST_B1_CONTROLLED	HER2ST::B	forward	balanced_ot	cost_features_500	multioutput_ridge	1.0	0	top2_margin_gate	0.8	0	54009fb167b6d412635bf35fa51a43929b7b956a63eb7160f131d7d6ba5d8dad	168	135	47	0.7851851851851852	0.0	0.0425531914893617	0.0851063829787234	0.03344823459758751	70.0	0.02127659574468085	0.8143499278792782
HER2ST_manual_controlled	HER2ST_B1_CONTROLLED	HER2ST_B1_CONTROLLED	HER2ST::B	forward	balanced_ot	cost_features_500	multioutput_ridge	1.0	0	oracle_truth	0.8	0	54009fb167b6d412635bf35fa51a43929b7b956a63eb7160f131d7d6ba5d8dad	168	135	47	1.0	0.0	0.02127659574468085	0.06382978723404255	0.03613431100325173	69.0	0.02127659574468085	0.8205653747838377
HER2ST_manual_controlled	HER2ST_B1_CONTROLLED	HER2ST_B1_CONTROLLED	HER2ST::B	forward	balanced_ot	cost_features_500	multioutput_ridge	1.0	0	random_gate	0.8	0	54009fb167b6d412635bf35fa51a43929b7b956a63eb7160f131d7d6ba5d8dad	168	135	47	0.674074074074074	0.0	0.0425531914893617	0.06382978723404255	0.03185236414717009	71.0	0.02127659574468085	0.8160480625312766
HER2ST_manual_controlled	HER2ST_B1_CONTROLLED	HER2ST_B1_CONTROLLED	HER2ST::B	forward	balanced_ot	cost_features_500	multioutput_ridge	1.0	0	random_gate	0.8	1	54009fb167b6d412635bf35fa51a43929b7b956a63eb7160f131d7d6ba5d8dad	168	135	47	0.6814814814814815	0.0	0.02127659574468085	0.0851063829787234	0.028743996426300034	71.0	0.02127659574468085	0.8166598389698412
HER2ST_manual_controlled	HER2ST_B1_CONTROLLED	HER2ST_B1_CONTROLLED	HER2ST::B	forward	balanced_ot	cost_features_500	multioutput_ridge	1.0	0	random_gate	0.8	2	54009fb167b6d412635bf35fa51a43929b7b956a63eb7160f131d7d6ba5d8dad	168	135	47	0.6444444444444445	0.0	0.02127659574468085	0.0851063829787234	0.029174102823144817	72.0	0.02127659574468085	0.8161849668740527
HER2ST_manual_controlled	HER2ST_B1_CONTROLLED	HER2ST_B1_CONTROLLED	HER2ST::B	forward	balanced_ot	cost_features_500	multioutput_ridge	1.0	0	random_gate	0.8	3	54009fb167b6d412635bf35fa51a43929b7b956a63eb7160f131d7d6ba5d8dad	168	135	47	0.6444444444444445	0.0	0.02127659574468085	0.0851063829787234	0.028314567011568696	70.0	0.02127659574468085	0.816622947371329
HER2ST_manual_controlled	HER2ST_B1_CONTROLLED	HER2ST_B1_CONTROLLED	HER2ST::B	forward	balanced_ot	cost_features_500	multioutput_ridge	1.0	0	random_gate	0.8	4	54009fb167b6d412635bf35fa51a43929b7b956a63eb7160f131d7d6ba5d8dad	168	135	47	0.6518518518518519	0.0	0.02127659574468085	0.06382978723404255	0.028742864189939245	68.0	0.02127659574468085	0.8171263094335464
HER2ST_manual_controlled	HER2ST_B1_CONTROLLED	HER2ST_B1_CONTROLLED	HER2ST::B	forward	balanced_ot	cost_features_500	multioutput_ridge	1.0	1	identity_no_training	0.0	0	54009fb167b6d412635bf35fa51a43929b7b956a63eb7160f131d7d6ba5d8dad	176	0	39		1.0	1.0	1.0	1.0	1.0	1.0	0.40377053756358766
HER2ST_manual_controlled	HER2ST_B1_CONTROLLED	HER2ST_B1_CONTROLLED	HER2ST::B	forward	balanced_ot	cost_features_500	multioutput_ridge	1.0	1	all_top1	1.0	0	54009fb167b6d412635bf35fa51a43929b7b956a63eb7160f131d7d6ba5d8dad	176	176	39	0.45454545454545453	0.0	0.0	0.0	0.006489623741957743	163.0	0.20512820512820512	0.7675909858594815
HER2ST_manual_controlled	HER2ST_B1_CONTROLLED	HER2ST_B1_CONTROLLED	HER2ST::B	forward	balanced_ot	cost_features_500	multioutput_ridge	1.0	1	max_probability_gate	0.8	0	54009fb167b6d412635bf35fa51a43929b7b956a63eb7160f131d7d6ba5d8dad	176	141	39	0.45390070921985815	0.0	0.0	0.0	0.006377113038250763	164.0	0.15384615384615385	0.7672524612189152
HER2ST_manual_controlled	HER2ST_B1_CONTROLLED	HER2ST_B1_CONTROLLED	HER2ST::B	forward	balanced_ot	cost_features_500	multioutput_ridge	1.0	1	top2_margin_gate	0.8	0	54009fb167b6d412635bf35fa51a43929b7b956a63eb7160f131d7d6ba5d8dad	176	141	39	0.5673758865248227	0.0	0.0	0.0	0.006456469428573022	163.0	0.20512820512820512	0.7673662017399422
HER2ST_manual_controlled	HER2ST_B1_CONTROLLED	HER2ST_B1_CONTROLLED	HER2ST::B	forward	balanced_ot	cost_features_500	multioutput_ridge	1.0	1	oracle_truth	0.8	0	54009fb167b6d412635bf35fa51a43929b7b956a63eb7160f131d7d6ba5d8dad	176	141	39	1.0	0.0	0.0	0.0	0.006686165130244169	158.0	0.0	0.7706630413692714
HER2ST_manual_controlled	HER2ST_B1_CONTROLLED	HER2ST_B1_CONTROLLED	HER2ST::B	forward	balanced_ot	cost_features_500	multioutput_ridge	1.0	1	random_gate	0.8	0	54009fb167b6d412635bf35fa51a43929b7b956a63eb7160f131d7d6ba5d8dad	176	141	39	0.425531914893617	0.0	0.0	0.0	0.006260033516701818	170.0	0.1282051282051282	0.7656263546693067
HER2ST_manual_controlled	HER2ST_B1_CONTROLLED	HER2ST_B1_CONTROLLED	HER2ST::B	forward	balanced_ot	cost_features_500	multioutput_ridge	1.0	1	random_gate	0.8	1	54009fb167b6d412635bf35fa51a43929b7b956a63eb7160f131d7d6ba5d8dad	176	141	39	0.45390070921985815	0.0	0.0	0.0	0.00621821184902098	168.0	0.20512820512820512	0.7665331926399666
HER2ST_manual_controlled	HER2ST_B1_CONTROLLED	HER2ST_B1_CONTROLLED	HER2ST::B	forward	balanced_ot	cost_features_500	multioutput_ridge	1.0	1	random_gate	0.8	2	54009fb167b6d412635bf35fa51a43929b7b956a63eb7160f131d7d6ba5d8dad	176	141	39	0.4397163120567376	0.0	0.0	0.0	0.006212540917524966	166.0	0.1794871794871795	0.7667753404024321
HER2ST_manual_controlled	HER2ST_B1_CONTROLLED	HER2ST_B1_CONTROLLED	HER2ST::B	forward	balanced_ot	cost_features_500	multioutput_ridge	1.0	1	random_gate	0.8	3	54009fb167b6d412635bf35fa51a43929b7b956a63eb7160f131d7d6ba5d8dad	176	141	39	0.45390070921985815	0.0	0.0	0.0	0.0062577300762199865	166.0	0.1794871794871795	0.7669985378440476
HER2ST_manual_controlled	HER2ST_B1_CONTROLLED	HER2ST_B1_CONTROLLED	HER2ST::B	forward	balanced_ot	cost_features_500	multioutput_ridge	1.0	1	random_gate	0.8	4	54009fb167b6d412635bf35fa51a43929b7b956a63eb7160f131d7d6ba5d8dad	176	141	39	0.45390070921985815	0.0	0.0	0.0	0.0062595084789844775	168.0	0.15384615384615385	0.7669492729443228
HER2ST_manual_controlled	HER2ST_B1_CONTROLLED	HER2ST_B1_CONTROLLED	HER2ST::B	forward	balanced_ot	cost_features_500	multioutput_ridge	1.0	2	identity_no_training	0.0	0	54009fb167b6d412635bf35fa51a43929b7b956a63eb7160f131d7d6ba5d8dad	172	0	43		0.13953488372093023	0.2558139534883721	0.5116279069767442	0.2293431389846921	10.0	0.8604651162790697	0.40314479035454176
HER2ST_manual_controlled	HER2ST_B1_CONTROLLED	HER2ST_B1_CONTROLLED	HER2ST::B	forward	balanced_ot	cost_features_500	multioutput_ridge	1.0	2	all_top1	1.0	0	54009fb167b6d412635bf35fa51a43929b7b956a63eb7160f131d7d6ba5d8dad	172	172	43	0.6744186046511628	0.0	0.046511627906976744	0.16279069767441862	0.05059462461122331	37.0	0.9767441860465116	0.8276290846516337
HER2ST_manual_controlled	HER2ST_B1_CONTROLLED	HER2ST_B1_CONTROLLED	HER2ST::B	forward	balanced_ot	cost_features_500	multioutput_ridge	1.0	2	max_probability_gate	0.8	0	54009fb167b6d412635bf35fa51a43929b7b956a63eb7160f131d7d6ba5d8dad	172	138	43	0.717391304347826	0.0	0.046511627906976744	0.11627906976744186	0.04765454069826864	40.0	0.9767441860465116	0.8232279308247147
HER2ST_manual_controlled	HER2ST_B1_CONTROLLED	HER2ST_B1_CONTROLLED	HER2ST::B	forward	balanced_ot	cost_features_500	multioutput_ridge	1.0	2	top2_margin_gate	0.8	0	54009fb167b6d412635bf35fa51a43929b7b956a63eb7160f131d7d6ba5d8dad	172	138	43	0.8188405797101449	0.0	0.023255813953488372	0.13953488372093023	0.04741997628693751	41.0	0.9767441860465116	0.8227626650097444
HER2ST_manual_controlled	HER2ST_B1_CONTROLLED	HER2ST_B1_CONTROLLED	HER2ST::B	forward	balanced_ot	cost_features_500	multioutput_ridge	1.0	2	oracle_truth	0.8	0	54009fb167b6d412635bf35fa51a43929b7b956a63eb7160f131d7d6ba5d8dad	172	138	43	1.0	0.0	0.023255813953488372	0.09302325581395349	0.0407228585575975	45.0	0.9767441860465116	0.8337002292806929
HER2ST_manual_controlled	HER2ST_B1_CONTROLLED	HER2ST_B1_CONTROLLED	HER2ST::B	forward	balanced_ot	cost_features_500	multioutput_ridge	1.0	2	random_gate	0.8	0	54009fb167b6d412635bf35fa51a43929b7b956a63eb7160f131d7d6ba5d8dad	172	138	43	0.6666666666666666	0.0	0.046511627906976744	0.11627906976744186	0.04966537473174928	40.0	0.9767441860465116	0.8266108387328086
HER2ST_manual_controlled	HER2ST_B1_CONTROLLED	HER2ST_B1_CONTROLLED	HER2ST::B	forward	balanced_ot	cost_features_500	multioutput_ridge	1.0	2	random_gate	0.8	1	54009fb167b6d412635bf35fa51a43929b7b956a63eb7160f131d7d6ba5d8dad	172	138	43	0.644927536231884	0.0	0.023255813953488372	0.16279069767441862	0.05059634957140366	38.0	0.9767441860465116	0.8264007957578484
HER2ST_manual_controlled	HER2ST_B1_CONTROLLED	HER2ST_B1_CONTROLLED	HER2ST::B	forward	balanced_ot	cost_features_500	multioutput_ridge	1.0	2	random_gate	0.8	2	54009fb167b6d412635bf35fa51a43929b7b956a63eb7160f131d7d6ba5d8dad	172	138	43	0.7028985507246377	0.0	0.023255813953488372	0.13953488372093023	0.048298400257676545	36.0	0.9767441860465116	0.8274012844437578
HER2ST_manual_controlled	HER2ST_B1_CONTROLLED	HER2ST_B1_CONTROLLED	HER2ST::B	forward	balanced_ot	cost_features_500	multioutput_ridge	1.0	2	random_gate	0.8	3	54009fb167b6d412635bf35fa51a43929b7b956a63eb7160f131d7d6ba5d8dad	172	138	43	0.644927536231884	0.0	0.046511627906976744	0.16279069767441862	0.04871757623982228	35.0	0.9767441860465116	0.8288091356381301
HER2ST_manual_controlled	HER2ST_B1_CONTROLLED	HER2ST_B1_CONTROLLED	HER2ST::B	forward	balanced_ot	cost_features_500	multioutput_ridge	1.0	2	random_gate	0.8	4	54009fb167b6d412635bf35fa51a43929b7b956a63eb7160f131d7d6ba5d8dad	172	138	43	0.6956521739130435	0.0	0.046511627906976744	0.09302325581395349	0.05265722452187249	40.0	0.9767441860465116	0.829342899369243
HER2ST_manual_controlled	HER2ST_B1_CONTROLLED	HER2ST_B1_CONTROLLED	HER2ST::B	forward	balanced_ot	cost_features_500	multioutput_ridge	1.0	3	identity_no_training	0.0	0	54009fb167b6d412635bf35fa51a43929b7b956a63eb7160f131d7d6ba5d8dad	173	0	42		0.5	0.7380952380952381	0.8809523809523809	0.5973691115790578	1.5	0.9285714285714286	0.4078986527442878
HER2ST_manual_controlled	HER2ST_B1_CONTROLLED	HER2ST_B1_CONTROLLED	HER2ST::B	forward	balanced_ot	cost_features_500	multioutput_ridge	1.0	3	all_top1	1.0	0	54009fb167b6d412635bf35fa51a43929b7b956a63eb7160f131d7d6ba5d8dad	173	173	42	0.5549132947976878	0.0	0.047619047619047616	0.07142857142857142	0.03584704556524902	87.5	0.47619047619047616	0.8090644330144637
HER2ST_manual_controlled	HER2ST_B1_CONTROLLED	HER2ST_B1_CONTROLLED	HER2ST::B	forward	balanced_ot	cost_features_500	multioutput_ridge	1.0	3	max_probability_gate	0.8	0	54009fb167b6d412635bf35fa51a43929b7b956a63eb7160f131d7d6ba5d8dad	173	139	42	0.6115107913669064	0.0	0.047619047619047616	0.07142857142857142	0.03504469397228306	86.5	0.47619047619047616	0.8066950190086402
HER2ST_manual_controlled	HER2ST_B1_CONTROLLED	HER2ST_B1_CONTROLLED	HER2ST::B	forward	balanced_ot	cost_features_500	multioutput_ridge	1.0	3	top2_margin_gate	0.8	0	54009fb167b6d412635bf35fa51a43929b7b956a63eb7160f131d7d6ba5d8dad	173	139	42	0.6906474820143885	0.0	0.047619047619047616	0.09523809523809523	0.041612809877925316	85.5	0.47619047619047616	0.8061698838182922
HER2ST_manual_controlled	HER2ST_B1_CONTROLLED	HER2ST_B1_CONTROLLED	HER2ST::B	forward	balanced_ot	cost_features_500	multioutput_ridge	1.0	3	oracle_truth	0.8	0	54009fb167b6d412635bf35fa51a43929b7b956a63eb7160f131d7d6ba5d8dad	173	139	42	1.0	0.023809523809523808	0.023809523809523808	0.07142857142857142	0.04679432714527419	91.5	0.47619047619047616	0.8140127187286493
HER2ST_manual_controlled	HER2ST_B1_CONTROLLED	HER2ST_B1_CONTROLLED	HER2ST::B	forward	balanced_ot	cost_features_500	multioutput_ridge	1.0	3	random_gate	0.8	0	54009fb167b6d412635bf35fa51a43929b7b956a63eb7160f131d7d6ba5d8dad	173	139	42	0.5251798561151079	0.0	0.047619047619047616	0.07142857142857142	0.038095319959601914	93.0	0.47619047619047616	0.8081199564784985
HER2ST_manual_controlled	HER2ST_B1_CONTROLLED	HER2ST_B1_CONTROLLED	HER2ST::B	forward	balanced_ot	cost_features_500	multioutput_ridge	1.0	3	random_gate	0.8	1	54009fb167b6d412635bf35fa51a43929b7b956a63eb7160f131d7d6ba5d8dad	173	139	42	0.5251798561151079	0.0	0.047619047619047616	0.09523809523809523	0.0396081817449986	91.0	0.47619047619047616	0.8085813391621386
HER2ST_manual_controlled	HER2ST_B1_CONTROLLED	HER2ST_B1_CONTROLLED	HER2ST::B	forward	balanced_ot	cost_features_500	multioutput_ridge	1.0	3	random_gate	0.8	2	54009fb167b6d412635bf35fa51a43929b7b956a63eb7160f131d7d6ba5d8dad	173	139	42	0.5467625899280576	0.0	0.023809523809523808	0.07142857142857142	0.03139284566186194	92.5	0.47619047619047616	0.8080203548432822
HER2ST_manual_controlled	HER2ST_B1_CONTROLLED	HER2ST_B1_CONTROLLED	HER2ST::B	forward	balanced_ot	cost_features_500	multioutput_ridge	1.0	3	random_gate	0.8	3	54009fb167b6d412635bf35fa51a43929b7b956a63eb7160f131d7d6ba5d8dad	173	139	42	0.5539568345323741	0.0	0.047619047619047616	0.07142857142857142	0.03812418312171925	92.0	0.47619047619047616	0.808643319219089
HER2ST_manual_controlled	HER2ST_B1_CONTROLLED	HER2ST_B1_CONTROLLED	HER2ST::B	forward	balanced_ot	cost_features_500	multioutput_ridge	1.0	3	random_gate	0.8	4	54009fb167b6d412635bf35fa51a43929b7b956a63eb7160f131d7d6ba5d8dad	173	139	42	0.5683453237410072	0.0	0.047619047619047616	0.09523809523809523	0.03631406196435008	93.5	0.47619047619047616	0.808769941585608
HER2ST_manual_controlled	HER2ST_B1_CONTROLLED	HER2ST_B1_CONTROLLED	HER2ST::B	forward	balanced_ot	cost_features_500	multioutput_ridge	1.0	4	identity_no_training	0.0	0	54009fb167b6d412635bf35fa51a43929b7b956a63eb7160f131d7d6ba5d8dad	171	0	44		0.9318181818181818	1.0	1.0	0.9621212121212122	1.0	0.9318181818181818	0.4050345958982842
HER2ST_manual_controlled	HER2ST_B1_CONTROLLED	HER2ST_B1_CONTROLLED	HER2ST::B	forward	balanced_ot	cost_features_500	multioutput_ridge	1.0	4	all_top1	1.0	0	54009fb167b6d412635bf35fa51a43929b7b956a63eb7160f131d7d6ba5d8dad	171	171	44	0.43859649122807015	0.0	0.0	0.0	0.009482951414557949	142.5	0.045454545454545456	0.7854022106719728
HER2ST_manual_controlled	HER2ST_B1_CONTROLLED	HER2ST_B1_CONTROLLED	HER2ST::B	forward	balanced_ot	cost_features_500	multioutput_ridge	1.0	4	max_probability_gate	0.8	0	54009fb167b6d412635bf35fa51a43929b7b956a63eb7160f131d7d6ba5d8dad	171	137	44	0.45985401459854014	0.0	0.0	0.0	0.009284384863449931	143.5	0.022727272727272728	0.7847387195276814
HER2ST_manual_controlled	HER2ST_B1_CONTROLLED	HER2ST_B1_CONTROLLED	HER2ST::B	forward	balanced_ot	cost_features_500	multioutput_ridge	1.0	4	top2_margin_gate	0.8	0	54009fb167b6d412635bf35fa51a43929b7b956a63eb7160f131d7d6ba5d8dad	171	137	44	0.5474452554744526	0.0	0.0	0.0	0.009422628437818537	145.0	0.022727272727272728	0.7851942277833666
HER2ST_manual_controlled	HER2ST_B1_CONTROLLED	HER2ST_B1_CONTROLLED	HER2ST::B	forward	balanced_ot	cost_features_500	multioutput_ridge	1.0	4	oracle_truth	0.8	0	54009fb167b6d412635bf35fa51a43929b7b956a63eb7160f131d7d6ba5d8dad	171	137	44	1.0	0.0	0.0	0.0	0.009883286159719637	136.5	0.0	0.7883478482584358
HER2ST_manual_controlled	HER2ST_B1_CONTROLLED	HER2ST_B1_CONTROLLED	HER2ST::B	forward	balanced_ot	cost_features_500	multioutput_ridge	1.0	4	random_gate	0.8	0	54009fb167b6d412635bf35fa51a43929b7b956a63eb7160f131d7d6ba5d8dad	171	137	44	0.39416058394160586	0.0	0.0	0.0	0.008902746466289243	144.0	0.022727272727272728	0.7843501191310227
HER2ST_manual_controlled	HER2ST_B1_CONTROLLED	HER2ST_B1_CONTROLLED	HER2ST::B	forward	balanced_ot	cost_features_500	multioutput_ridge	1.0	4	random_gate	0.8	1	54009fb167b6d412635bf35fa51a43929b7b956a63eb7160f131d7d6ba5d8dad	171	137	44	0.45255474452554745	0.0	0.0	0.0	0.0092310019247952	142.0	0.022727272727272728	0.7852567684256839
HER2ST_manual_controlled	HER2ST_B1_CONTROLLED	HER2ST_B1_CONTROLLED	HER2ST::B	forward	balanced_ot	cost_features_500	multioutput_ridge	1.0	4	random_gate	0.8	2	54009fb167b6d412635bf35fa51a43929b7b956a63eb7160f131d7d6ba5d8dad	171	137	44	0.45985401459854014	0.0	0.0	0.0	0.009251537584402584	147.0	0.0	0.784910188568438
HER2ST_manual_controlled	HER2ST_B1_CONTROLLED	HER2ST_B1_CONTROLLED	HER2ST::B	forward	balanced_ot	cost_features_500	multioutput_ridge	1.0	4	random_gate	0.8	3	54009fb167b6d412635bf35fa51a43929b7b956a63eb7160f131d7d6ba5d8dad	171	137	44	0.45255474452554745	0.0	0.0	0.0	0.009013140686256235	140.5	0.045454545454545456	0.784943311220577
HER2ST_manual_controlled	HER2ST_B1_CONTROLLED	HER2ST_B1_CONTROLLED	HER2ST::B	forward	balanced_ot	cost_features_500	multioutput_ridge	1.0	4	random_gate	0.8	4	54009fb167b6d412635bf35fa51a43929b7b956a63eb7160f131d7d6ba5d8dad	171	137	44	0.48905109489051096	0.0	0.0	0.0	0.009303975177871878	143.5	0.045454545454545456	0.7855459664207118
HER2ST_manual_controlled	HER2ST_B1_CONTROLLED	HER2ST_B1_CONTROLLED	HER2ST::B	forward	uot	cost_features_500	multioutput_ridge	1.0	0	identity_no_training	0.0	0	54009fb167b6d412635bf35fa51a43929b7b956a63eb7160f131d7d6ba5d8dad	168	0	47		0.7659574468085106	0.9148936170212766	0.9361702127659575	0.8253194943354518	1.0	0.7659574468085106	0.40909161647548625
HER2ST_manual_controlled	HER2ST_B1_CONTROLLED	HER2ST_B1_CONTROLLED	HER2ST::B	forward	uot	cost_features_500	multioutput_ridge	1.0	0	all_top1	1.0	0	54009fb167b6d412635bf35fa51a43929b7b956a63eb7160f131d7d6ba5d8dad	168	168	47	0.6904761904761905	0.0	0.02127659574468085	0.0851063829787234	0.030875764859948196	71.0	0.02127659574468085	0.818941408788767
HER2ST_manual_controlled	HER2ST_B1_CONTROLLED	HER2ST_B1_CONTROLLED	HER2ST::B	forward	uot	cost_features_500	multioutput_ridge	1.0	0	max_probability_gate	0.8	0	54009fb167b6d412635bf35fa51a43929b7b956a63eb7160f131d7d6ba5d8dad	168	135	47	0.7185185185185186	0.0	0.02127659574468085	0.0851063829787234	0.02980729744625208	67.0	0.02127659574468085	0.8156014582632076
HER2ST_manual_controlled	HER2ST_B1_CONTROLLED	HER2ST_B1_CONTROLLED	HER2ST::B	forward	uot	cost_features_500	multioutput_ridge	1.0	0	top2_margin_gate	0.8	0	54009fb167b6d412635bf35fa51a43929b7b956a63eb7160f131d7d6ba5d8dad	168	135	47	0.8222222222222222	0.0	0.0425531914893617	0.0851063829787234	0.03235345676524836	69.0	0.02127659574468085	0.8176617832256626
HER2ST_manual_controlled	HER2ST_B1_CONTROLLED	HER2ST_B1_CONTROLLED	HER2ST::B	forward	uot	cost_features_500	multioutput_ridge	1.0	0	oracle_truth	0.8	0	54009fb167b6d412635bf35fa51a43929b7b956a63eb7160f131d7d6ba5d8dad	168	135	47	1.0	0.0	0.0425531914893617	0.10638297872340426	0.03738030576701511	68.0	0.02127659574468085	0.8206137772016204
HER2ST_manual_controlled	HER2ST_B1_CONTROLLED	HER2ST_B1_CONTROLLED	HER2ST::B	forward	uot	cost_features_500	multioutput_ridge	1.0	0	random_gate	0.8	0	54009fb167b6d412635bf35fa51a43929b7b956a63eb7160f131d7d6ba5d8dad	168	135	47	0.6888888888888889	0.0	0.02127659574468085	0.0851063829787234	0.029200738805413764	73.0	0.02127659574468085	0.8177991189032947
HER2ST_manual_controlled	HER2ST_B1_CONTROLLED	HER2ST_B1_CONTROLLED	HER2ST::B	forward	uot	cost_features_500	multioutput_ridge	1.0	0	random_gate	0.8	1	54009fb167b6d412635bf35fa51a43929b7b956a63eb7160f131d7d6ba5d8dad	168	135	47	0.6888888888888889	0.0	0.02127659574468085	0.06382978723404255	0.02750556993094935	72.0	0.02127659574468085	0.8183296921697586
HER2ST_manual_controlled	HER2ST_B1_CONTROLLED	HER2ST_B1_CONTROLLED	HER2ST::B	forward	uot	cost_features_500	multioutput_ridge	1.0	0	random_gate	0.8	2	54009fb167b6d412635bf35fa51a43929b7b956a63eb7160f131d7d6ba5d8dad	168	135	47	0.6518518518518519	0.0	0.02127659574468085	0.06382978723404255	0.02822486665135289	69.0	0.02127659574468085	0.8176342115972298
HER2ST_manual_controlled	HER2ST_B1_CONTROLLED	HER2ST_B1_CONTROLLED	HER2ST::B	forward	uot	cost_features_500	multioutput_ridge	1.0	0	random_gate	0.8	3	54009fb167b6d412635bf35fa51a43929b7b956a63eb7160f131d7d6ba5d8dad	168	135	47	0.6814814814814815	0.0	0.02127659574468085	0.06382978723404255	0.027773709450826384	71.0	0.02127659574468085	0.818261998350764
HER2ST_manual_controlled	HER2ST_B1_CONTROLLED	HER2ST_B1_CONTROLLED	HER2ST::B	forward	uot	cost_features_500	multioutput_ridge	1.0	0	random_gate	0.8	4	54009fb167b6d412635bf35fa51a43929b7b956a63eb7160f131d7d6ba5d8dad	168	135	47	0.6962962962962963	0.0	0.0	0.06382978723404255	0.026581249150329667	67.0	0.02127659574468085	0.8183928882365111
HER2ST_manual_controlled	HER2ST_B1_CONTROLLED	HER2ST_B1_CONTROLLED	HER2ST::B	forward	uot	cost_features_500	multioutput_ridge	1.0	1	identity_no_training	0.0	0	54009fb167b6d412635bf35fa51a43929b7b956a63eb7160f131d7d6ba5d8dad	176	0	39		1.0	1.0	1.0	1.0	1.0	1.0	0.40377053756358766
HER2ST_manual_controlled	HER2ST_B1_CONTROLLED	HER2ST_B1_CONTROLLED	HER2ST::B	forward	uot	cost_features_500	multioutput_ridge	1.0	1	all_top1	1.0	0	54009fb167b6d412635bf35fa51a43929b7b956a63eb7160f131d7d6ba5d8dad	176	176	39	0.6590909090909091	0.0	0.0	0.0	0.0068170129606090575	155.0	0.23076923076923078	0.7692610563883949
HER2ST_manual_controlled	HER2ST_B1_CONTROLLED	HER2ST_B1_CONTROLLED	HER2ST::B	forward	uot	cost_features_500	multioutput_ridge	1.0	1	max_probability_gate	0.8	0	54009fb167b6d412635bf35fa51a43929b7b956a63eb7160f131d7d6ba5d8dad	176	141	39	0.6595744680851063	0.0	0.0	0.0	0.006628781113610507	160.0	0.1794871794871795	0.7692795079559636
HER2ST_manual_controlled	HER2ST_B1_CONTROLLED	HER2ST_B1_CONTROLLED	HER2ST::B	forward	uot	cost_features_500	multioutput_ridge	1.0	1	top2_margin_gate	0.8	0	54009fb167b6d412635bf35fa51a43929b7b956a63eb7160f131d7d6ba5d8dad	176	141	39	0.7872340425531915	0.0	0.0	0.0	0.006720652136203193	156.0	0.20512820512820512	0.7697983603386366
HER2ST_manual_controlled	HER2ST_B1_CONTROLLED	HER2ST_B1_CONTROLLED	HER2ST::B	forward	uot	cost_features_500	multioutput_ridge	1.0	1	oracle_truth	0.8	0	54009fb167b6d412635bf35fa51a43929b7b956a63eb7160f131d7d6ba5d8dad	176	141	39	1.0	0.0	0.0	0.0	0.006641774126231075	163.0	0.0	0.7704620666974089
HER2ST_manual_controlled	HER2ST_B1_CONTROLLED	HER2ST_B1_CONTROLLED	HER2ST::B	forward	uot	cost_features_500	multioutput_ridge	1.0	1	random_gate	0.8	0	54009fb167b6d412635bf35fa51a43929b7b956a63eb7160f131d7d6ba5d8dad	176	141	39	0.6879432624113475	0.0	0.0	0.0	0.006655576111523193	160.0	0.28205128205128205	0.7690592755827209
HER2ST_manual_controlled	HER2ST_B1_CONTROLLED	HER2ST_B1_CONTROLLED	HER2ST::B	forward	uot	cost_features_500	multioutput_ridge	1.0	1	random_gate	0.8	1	54009fb167b6d412635bf35fa51a43929b7b956a63eb7160f131d7d6ba5d8dad	176	141	39	0.6382978723404256	0.0	0.0	0.0	0.006545040193350478	160.0	0.2564102564102564	0.7683582093480674
HER2ST_manual_controlled	HER2ST_B1_CONTROLLED	HER2ST_B1_CONTROLLED	HER2ST::B	forward	uot	cost_features_500	multioutput_ridge	1.0	1	random_gate	0.8	2	54009fb167b6d412635bf35fa51a43929b7b956a63eb7160f131d7d6ba5d8dad	176	141	39	0.6453900709219859	0.0	0.0	0.0	0.006503996781404329	162.0	0.358974358974359	0.7674958915252316
HER2ST_manual_controlled	HER2ST_B1_CONTROLLED	HER2ST_B1_CONTROLLED	HER2ST::B	forward	uot	cost_features_500	multioutput_ridge	1.0	1	random_gate	0.8	3	54009fb167b6d412635bf35fa51a43929b7b956a63eb7160f131d7d6ba5d8dad	176	141	39	0.6879432624113475	0.0	0.0	0.0	0.006621875511357696	164.0	0.23076923076923078	0.7685548826433669
HER2ST_manual_controlled	HER2ST_B1_CONTROLLED	HER2ST_B1_CONTROLLED	HER2ST::B	forward	uot	cost_features_500	multioutput_ridge	1.0	1	random_gate	0.8	4	54009fb167b6d412635bf35fa51a43929b7b956a63eb7160f131d7d6ba5d8dad	176	141	39	0.624113475177305	0.0	0.0	0.0	0.00646231003963541	161.0	0.23076923076923078	0.7671117513101858
HER2ST_manual_controlled	HER2ST_B1_CONTROLLED	HER2ST_B1_CONTROLLED	HER2ST::B	forward	uot	cost_features_500	multioutput_ridge	1.0	2	identity_no_training	0.0	0	54009fb167b6d412635bf35fa51a43929b7b956a63eb7160f131d7d6ba5d8dad	172	0	43		0.13953488372093023	0.2558139534883721	0.5116279069767442	0.2293431389846921	10.0	0.8604651162790697	0.40314479035454176
HER2ST_manual_controlled	HER2ST_B1_CONTROLLED	HER2ST_B1_CONTROLLED	HER2ST::B	forward	uot	cost_features_500	multioutput_ridge	1.0	2	all_top1	1.0	0	54009fb167b6d412635bf35fa51a43929b7b956a63eb7160f131d7d6ba5d8dad	172	172	43	0.872093023255814	0.0	0.023255813953488372	0.16279069767441862	0.04390920408260337	39.0	0.9767441860465116	0.829483040698127
HER2ST_manual_controlled	HER2ST_B1_CONTROLLED	HER2ST_B1_CONTROLLED	HER2ST::B	forward	uot	cost_features_500	multioutput_ridge	1.0	2	max_probability_gate	0.8	0	54009fb167b6d412635bf35fa51a43929b7b956a63eb7160f131d7d6ba5d8dad	172	138	43	0.8913043478260869	0.0	0.023255813953488372	0.09302325581395349	0.046958278549510096	41.0	0.9767441860465116	0.8254565904615411
HER2ST_manual_controlled	HER2ST_B1_CONTROLLED	HER2ST_B1_CONTROLLED	HER2ST::B	forward	uot	cost_features_500	multioutput_ridge	1.0	2	top2_margin_gate	0.8	0	54009fb167b6d412635bf35fa51a43929b7b956a63eb7160f131d7d6ba5d8dad	172	138	43	0.9782608695652174	0.0	0.023255813953488372	0.09302325581395349	0.045324598540050394	44.0	0.9767441860465116	0.8300635048646247
HER2ST_manual_controlled	HER2ST_B1_CONTROLLED	HER2ST_B1_CONTROLLED	HER2ST::B	forward	uot	cost_features_500	multioutput_ridge	1.0	2	oracle_truth	0.8	0	54009fb167b6d412635bf35fa51a43929b7b956a63eb7160f131d7d6ba5d8dad	172	138	43	1.0	0.0	0.023255813953488372	0.09302325581395349	0.03977810141333591	38.0	0.9767441860465116	0.8332841988751973
HER2ST_manual_controlled	HER2ST_B1_CONTROLLED	HER2ST_B1_CONTROLLED	HER2ST::B	forward	uot	cost_features_500	multioutput_ridge	1.0	2	random_gate	0.8	0	54009fb167b6d412635bf35fa51a43929b7b956a63eb7160f131d7d6ba5d8dad	172	138	43	0.8840579710144928	0.0	0.023255813953488372	0.11627906976744186	0.043601679826593534	41.0	0.9767441860465116	0.8284613807827653
HER2ST_manual_controlled	HER2ST_B1_CONTROLLED	HER2ST_B1_CONTROLLED	HER2ST::B	forward	uot	cost_features_500	multioutput_ridge	1.0	2	random_gate	0.8	1	54009fb167b6d412635bf35fa51a43929b7b956a63eb7160f131d7d6ba5d8dad	172	138	43	0.8623188405797102	0.0	0.023255813953488372	0.09302325581395349	0.042598503592429865	39.0	0.9767441860465116	0.8287876077940186
HER2ST_manual_controlled	HER2ST_B1_CONTROLLED	HER2ST_B1_CONTROLLED	HER2ST::B	forward	uot	cost_features_500	multioutput_ridge	1.0	2	random_gate	0.8	2	54009fb167b6d412635bf35fa51a43929b7b956a63eb7160f131d7d6ba5d8dad	172	138	43	0.855072463768116	0.0	0.046511627906976744	0.09302325581395349	0.04360986232808555	45.0	0.9767441860465116	0.8287315084685488
HER2ST_manual_controlled	HER2ST_B1_CONTROLLED	HER2ST_B1_CONTROLLED	HER2ST::B	forward	uot	cost_features_500	multioutput_ridge	1.0	2	random_gate	0.8	3	54009fb167b6d412635bf35fa51a43929b7b956a63eb7160f131d7d6ba5d8dad	172	138	43	0.8623188405797102	0.0	0.023255813953488372	0.09302325581395349	0.04361728978862861	38.0	0.9767441860465116	0.8293363123251698
HER2ST_manual_controlled	HER2ST_B1_CONTROLLED	HER2ST_B1_CONTROLLED	HER2ST::B	forward	uot	cost_features_500	multioutput_ridge	1.0	2	random_gate	0.8	4	54009fb167b6d412635bf35fa51a43929b7b956a63eb7160f131d7d6ba5d8dad	172	138	43	0.8695652173913043	0.0	0.023255813953488372	0.13953488372093023	0.04503771894769488	38.0	0.9767441860465116	0.8295125333629364
HER2ST_manual_controlled	HER2ST_B1_CONTROLLED	HER2ST_B1_CONTROLLED	HER2ST::B	forward	uot	cost_features_500	multioutput_ridge	1.0	3	identity_no_training	0.0	0	54009fb167b6d412635bf35fa51a43929b7b956a63eb7160f131d7d6ba5d8dad	173	0	42		0.5	0.7380952380952381	0.8809523809523809	0.5973691115790578	1.5	0.9285714285714286	0.4078986527442878
HER2ST_manual_controlled	HER2ST_B1_CONTROLLED	HER2ST_B1_CONTROLLED	HER2ST::B	forward	uot	cost_features_500	multioutput_ridge	1.0	3	all_top1	1.0	0	54009fb167b6d412635bf35fa51a43929b7b956a63eb7160f131d7d6ba5d8dad	173	173	42	0.7341040462427746	0.023809523809523808	0.047619047619047616	0.09523809523809523	0.05671105659531625	86.5	0.47619047619047616	0.8128700397984597
HER2ST_manual_controlled	HER2ST_B1_CONTROLLED	HER2ST_B1_CONTROLLED	HER2ST::B	forward	uot	cost_features_500	multioutput_ridge	1.0	3	max_probability_gate	0.8	0	54009fb167b6d412635bf35fa51a43929b7b956a63eb7160f131d7d6ba5d8dad	173	139	42	0.7553956834532374	0.0	0.047619047619047616	0.09523809523809523	0.04428722895600881	89.0	0.47619047619047616	0.8113544042232668
HER2ST_manual_controlled	HER2ST_B1_CONTROLLED	HER2ST_B1_CONTROLLED	HER2ST::B	forward	uot	cost_features_500	multioutput_ridge	1.0	3	top2_margin_gate	0.8	0	54009fb167b6d412635bf35fa51a43929b7b956a63eb7160f131d7d6ba5d8dad	173	139	42	0.8848920863309353	0.0	0.07142857142857142	0.09523809523809523	0.04749415994085961	87.0	0.47619047619047616	0.8108091022504832
HER2ST_manual_controlled	HER2ST_B1_CONTROLLED	HER2ST_B1_CONTROLLED	HER2ST::B	forward	uot	cost_features_500	multioutput_ridge	1.0	3	oracle_truth	0.8	0	54009fb167b6d412635bf35fa51a43929b7b956a63eb7160f131d7d6ba5d8dad	173	139	42	1.0	0.023809523809523808	0.023809523809523808	0.07142857142857142	0.04434114000086165	94.0	0.47619047619047616	0.8139358222805264
HER2ST_manual_controlled	HER2ST_B1_CONTROLLED	HER2ST_B1_CONTROLLED	HER2ST::B	forward	uot	cost_features_500	multioutput_ridge	1.0	3	random_gate	0.8	0	54009fb167b6d412635bf35fa51a43929b7b956a63eb7160f131d7d6ba5d8dad	173	139	42	0.7194244604316546	0.0	0.047619047619047616	0.07142857142857142	0.04238362164839901	91.5	0.47619047619047616	0.8120844296027113
HER2ST_manual_controlled	HER2ST_B1_CONTROLLED	HER2ST_B1_CONTROLLED	HER2ST::B	forward	uot	cost_features_500	multioutput_ridge	1.0	3	random_gate	0.8	1	54009fb167b6d412635bf35fa51a43929b7b956a63eb7160f131d7d6ba5d8dad	173	139	42	0.7482014388489209	0.0	0.047619047619047616	0.09523809523809523	0.040766310764457435	91.0	0.47619047619047616	0.8121411851073145
HER2ST_manual_controlled	HER2ST_B1_CONTROLLED	HER2ST_B1_CONTROLLED	HER2ST::B	forward	uot	cost_features_500	multioutput_ridge	1.0	3	random_gate	0.8	2	54009fb167b6d412635bf35fa51a43929b7b956a63eb7160f131d7d6ba5d8dad	173	139	42	0.7050359712230215	0.0	0.023809523809523808	0.07142857142857142	0.03548551127051591	92.5	0.47619047619047616	0.8118679613801251
HER2ST_manual_controlled	HER2ST_B1_CONTROLLED	HER2ST_B1_CONTROLLED	HER2ST::B	forward	uot	cost_features_500	multioutput_ridge	1.0	3	random_gate	0.8	3	54009fb167b6d412635bf35fa51a43929b7b956a63eb7160f131d7d6ba5d8dad	173	139	42	0.7266187050359713	0.0	0.047619047619047616	0.09523809523809523	0.03803086680496713	91.0	0.47619047619047616	0.8121446349869069
HER2ST_manual_controlled	HER2ST_B1_CONTROLLED	HER2ST_B1_CONTROLLED	HER2ST::B	forward	uot	cost_features_500	multioutput_ridge	1.0	3	random_gate	0.8	4	54009fb167b6d412635bf35fa51a43929b7b956a63eb7160f131d7d6ba5d8dad	173	139	42	0.7410071942446043	0.047619047619047616	0.047619047619047616	0.09523809523809523	0.06836917241945673	87.5	0.47619047619047616	0.8135222152194288
HER2ST_manual_controlled	HER2ST_B1_CONTROLLED	HER2ST_B1_CONTROLLED	HER2ST::B	forward	uot	cost_features_500	multioutput_ridge	1.0	4	identity_no_training	0.0	0	54009fb167b6d412635bf35fa51a43929b7b956a63eb7160f131d7d6ba5d8dad	171	0	44		0.9318181818181818	1.0	1.0	0.9621212121212122	1.0	0.9318181818181818	0.4050345958982842
HER2ST_manual_controlled	HER2ST_B1_CONTROLLED	HER2ST_B1_CONTROLLED	HER2ST::B	forward	uot	cost_features_500	multioutput_ridge	1.0	4	all_top1	1.0	0	54009fb167b6d412635bf35fa51a43929b7b956a63eb7160f131d7d6ba5d8dad	171	171	44	0.6491228070175439	0.0	0.0	0.0	0.009713416535172522	135.5	0.06818181818181818	0.7878084260992014
HER2ST_manual_controlled	HER2ST_B1_CONTROLLED	HER2ST_B1_CONTROLLED	HER2ST::B	forward	uot	cost_features_500	multioutput_ridge	1.0	4	max_probability_gate	0.8	0	54009fb167b6d412635bf35fa51a43929b7b956a63eb7160f131d7d6ba5d8dad	171	137	44	0.656934306569343	0.0	0.0	0.0	0.00963438779556688	136.5	0.045454545454545456	0.7874331041564312
HER2ST_manual_controlled	HER2ST_B1_CONTROLLED	HER2ST_B1_CONTROLLED	HER2ST::B	forward	uot	cost_features_500	multioutput_ridge	1.0	4	top2_margin_gate	0.8	0	54009fb167b6d412635bf35fa51a43929b7b956a63eb7160f131d7d6ba5d8dad	171	137	44	0.7737226277372263	0.0	0.0	0.0	0.009855371062536969	139.5	0.022727272727272728	0.7880438959445875
HER2ST_manual_controlled	HER2ST_B1_CONTROLLED	HER2ST_B1_CONTROLLED	HER2ST::B	forward	uot	cost_features_500	multioutput_ridge	1.0	4	oracle_truth	0.8	0	54009fb167b6d412635bf35fa51a43929b7b956a63eb7160f131d7d6ba5d8dad	171	137	44	1.0	0.0	0.0	0.0	0.009674086185402234	139.5	0.0	0.7885729248187933
HER2ST_manual_controlled	HER2ST_B1_CONTROLLED	HER2ST_B1_CONTROLLED	HER2ST::B	forward	uot	cost_features_500	multioutput_ridge	1.0	4	random_gate	0.8	0	54009fb167b6d412635bf35fa51a43929b7b956a63eb7160f131d7d6ba5d8dad	171	137	44	0.6642335766423357	0.0	0.0	0.0	0.00959916869695108	139.0	0.0	0.787325723431811
HER2ST_manual_controlled	HER2ST_B1_CONTROLLED	HER2ST_B1_CONTROLLED	HER2ST::B	forward	uot	cost_features_500	multioutput_ridge	1.0	4	random_gate	0.8	1	54009fb167b6d412635bf35fa51a43929b7b956a63eb7160f131d7d6ba5d8dad	171	137	44	0.6423357664233577	0.0	0.0	0.0	0.009450807303432281	138.5	0.06818181818181818	0.7871287532182666
HER2ST_manual_controlled	HER2ST_B1_CONTROLLED	HER2ST_B1_CONTROLLED	HER2ST::B	forward	uot	cost_features_500	multioutput_ridge	1.0	4	random_gate	0.8	2	54009fb167b6d412635bf35fa51a43929b7b956a63eb7160f131d7d6ba5d8dad	171	137	44	0.635036496350365	0.0	0.0	0.0	0.009568453722312213	137.5	0.022727272727272728	0.7876028706568042
HER2ST_manual_controlled	HER2ST_B1_CONTROLLED	HER2ST_B1_CONTROLLED	HER2ST::B	forward	uot	cost_features_500	multioutput_ridge	1.0	4	random_gate	0.8	3	54009fb167b6d412635bf35fa51a43929b7b956a63eb7160f131d7d6ba5d8dad	171	137	44	0.656934306569343	0.0	0.0	0.0	0.009247093526480166	142.5	0.022727272727272728	0.7866853249258514
HER2ST_manual_controlled	HER2ST_B1_CONTROLLED	HER2ST_B1_CONTROLLED	HER2ST::B	forward	uot	cost_features_500	multioutput_ridge	1.0	4	random_gate	0.8	4	54009fb167b6d412635bf35fa51a43929b7b956a63eb7160f131d7d6ba5d8dad	171	137	44	0.635036496350365	0.0	0.0	0.0	0.009493671727418787	141.5	0.06818181818181818	0.7862583487158447
HER2ST_manual_controlled	HER2ST_B1_CONTROLLED	HER2ST_B1_CONTROLLED	HER2ST::B	forward	row_softmax	cost_features_500	multioutput_ridge	1.0	0	identity_no_training	0.0	0	54009fb167b6d412635bf35fa51a43929b7b956a63eb7160f131d7d6ba5d8dad	168	0	47		0.7659574468085106	0.9148936170212766	0.9361702127659575	0.8253194943354518	1.0	0.7659574468085106	0.40909161647548625
HER2ST_manual_controlled	HER2ST_B1_CONTROLLED	HER2ST_B1_CONTROLLED	HER2ST::B	forward	row_softmax	cost_features_500	multioutput_ridge	1.0	0	all_top1	1.0	0	54009fb167b6d412635bf35fa51a43929b7b956a63eb7160f131d7d6ba5d8dad	168	168	47	0.7321428571428571	0.0	0.0	0.06382978723404255	0.02680578057499528	69.0	0.02127659574468085	0.8194190667526934
HER2ST_manual_controlled	HER2ST_B1_CONTROLLED	HER2ST_B1_CONTROLLED	HER2ST::B	forward	row_softmax	cost_features_500	multioutput_ridge	1.0	0	max_probability_gate	0.8	0	54009fb167b6d412635bf35fa51a43929b7b956a63eb7160f131d7d6ba5d8dad	168	135	47	0.7555555555555555	0.0	0.02127659574468085	0.0425531914893617	0.024878799643322246	68.0	0.02127659574468085	0.8173702175154574
HER2ST_manual_controlled	HER2ST_B1_CONTROLLED	HER2ST_B1_CONTROLLED	HER2ST::B	forward	row_softmax	cost_features_500	multioutput_ridge	1.0	0	top2_margin_gate	0.8	0	54009fb167b6d412635bf35fa51a43929b7b956a63eb7160f131d7d6ba5d8dad	168	135	47	0.8740740740740741	0.0	0.0	0.0425531914893617	0.02610419175230958	70.0	0.02127659574468085	0.8190476336270441
HER2ST_manual_controlled	HER2ST_B1_CONTROLLED	HER2ST_B1_CONTROLLED	HER2ST::B	forward	row_softmax	cost_features_500	multioutput_ridge	1.0	0	oracle_truth	0.8	0	54009fb167b6d412635bf35fa51a43929b7b956a63eb7160f131d7d6ba5d8dad	168	135	47	1.0	0.0	0.02127659574468085	0.10638297872340426	0.0370602002267886	70.0	0.02127659574468085	0.820084649331121
HER2ST_manual_controlled	HER2ST_B1_CONTROLLED	HER2ST_B1_CONTROLLED	HER2ST::B	forward	row_softmax	cost_features_500	multioutput_ridge	1.0	0	random_gate	0.8	0	54009fb167b6d412635bf35fa51a43929b7b956a63eb7160f131d7d6ba5d8dad	168	135	47	0.762962962962963	0.0	0.0	0.06382978723404255	0.026124205682338246	71.0	0.02127659574468085	0.8191177605911009
HER2ST_manual_controlled	HER2ST_B1_CONTROLLED	HER2ST_B1_CONTROLLED	HER2ST::B	forward	row_softmax	cost_features_500	multioutput_ridge	1.0	0	random_gate	0.8	1	54009fb167b6d412635bf35fa51a43929b7b956a63eb7160f131d7d6ba5d8dad	168	135	47	0.7185185185185186	0.0	0.0	0.0425531914893617	0.024341630864557224	64.0	0.02127659574468085	0.817938456499338
HER2ST_manual_controlled	HER2ST_B1_CONTROLLED	HER2ST_B1_CONTROLLED	HER2ST::B	forward	row_softmax	cost_features_500	multioutput_ridge	1.0	0	random_gate	0.8	2	54009fb167b6d412635bf35fa51a43929b7b956a63eb7160f131d7d6ba5d8dad	168	135	47	0.7185185185185186	0.0	0.02127659574468085	0.06382978723404255	0.027468306972382804	70.0	0.02127659574468085	0.8186680356775569
HER2ST_manual_controlled	HER2ST_B1_CONTROLLED	HER2ST_B1_CONTROLLED	HER2ST::B	forward	row_softmax	cost_features_500	multioutput_ridge	1.0	0	random_gate	0.8	3	54009fb167b6d412635bf35fa51a43929b7b956a63eb7160f131d7d6ba5d8dad	168	135	47	0.7555555555555555	0.0	0.02127659574468085	0.0425531914893617	0.02735248321729857	68.0	0.02127659574468085	0.8189559943395026
HER2ST_manual_controlled	HER2ST_B1_CONTROLLED	HER2ST_B1_CONTROLLED	HER2ST::B	forward	row_softmax	cost_features_500	multioutput_ridge	1.0	0	random_gate	0.8	4	54009fb167b6d412635bf35fa51a43929b7b956a63eb7160f131d7d6ba5d8dad	168	135	47	0.725925925925926	0.0	0.02127659574468085	0.0425531914893617	0.026993201873681722	64.0	0.02127659574468085	0.8191114293256945
HER2ST_manual_controlled	HER2ST_B1_CONTROLLED	HER2ST_B1_CONTROLLED	HER2ST::B	forward	row_softmax	cost_features_500	multioutput_ridge	1.0	1	identity_no_training	0.0	0	54009fb167b6d412635bf35fa51a43929b7b956a63eb7160f131d7d6ba5d8dad	176	0	39		1.0	1.0	1.0	1.0	1.0	1.0	0.40377053756358766
HER2ST_manual_controlled	HER2ST_B1_CONTROLLED	HER2ST_B1_CONTROLLED	HER2ST::B	forward	row_softmax	cost_features_500	multioutput_ridge	1.0	1	all_top1	1.0	0	54009fb167b6d412635bf35fa51a43929b7b956a63eb7160f131d7d6ba5d8dad	176	176	39	0.7443181818181818	0.0	0.0	0.0	0.007024425118680035	151.0	0.02564102564102564	0.7708782475694633
HER2ST_manual_controlled	HER2ST_B1_CONTROLLED	HER2ST_B1_CONTROLLED	HER2ST::B	forward	row_softmax	cost_features_500	multioutput_ridge	1.0	1	max_probability_gate	0.8	0	54009fb167b6d412635bf35fa51a43929b7b956a63eb7160f131d7d6ba5d8dad	176	141	39	0.7659574468085106	0.0	0.0	0.0	0.006865318200820227	156.0	0.05128205128205128	0.7708298994058569
HER2ST_manual_controlled	HER2ST_B1_CONTROLLED	HER2ST_B1_CONTROLLED	HER2ST::B	forward	row_softmax	cost_features_500	multioutput_ridge	1.0	1	top2_margin_gate	0.8	0	54009fb167b6d412635bf35fa51a43929b7b956a63eb7160f131d7d6ba5d8dad	176	141	39	0.8865248226950354	0.0	0.0	0.0	0.006933387891367546	155.0	0.02564102564102564	0.7711030519095945
HER2ST_manual_controlled	HER2ST_B1_CONTROLLED	HER2ST_B1_CONTROLLED	HER2ST::B	forward	row_softmax	cost_features_500	multioutput_ridge	1.0	1	oracle_truth	0.8	0	54009fb167b6d412635bf35fa51a43929b7b956a63eb7160f131d7d6ba5d8dad	176	141	39	1.0	0.0	0.0	0.0	0.006661339372348036	161.0	0.02564102564102564	0.7704428347752479
HER2ST_manual_controlled	HER2ST_B1_CONTROLLED	HER2ST_B1_CONTROLLED	HER2ST::B	forward	row_softmax	cost_features_500	multioutput_ridge	1.0	1	random_gate	0.8	0	54009fb167b6d412635bf35fa51a43929b7b956a63eb7160f131d7d6ba5d8dad	176	141	39	0.7446808510638298	0.0	0.0	0.0	0.006707458633909547	154.0	0.0	0.7695974067975696
HER2ST_manual_controlled	HER2ST_B1_CONTROLLED	HER2ST_B1_CONTROLLED	HER2ST::B	forward	row_softmax	cost_features_500	multioutput_ridge	1.0	1	random_gate	0.8	1	54009fb167b6d412635bf35fa51a43929b7b956a63eb7160f131d7d6ba5d8dad	176	141	39	0.7446808510638298	0.0	0.0	0.0	0.006775053292613411	157.0	0.02564102564102564	0.7704800313229039
HER2ST_manual_controlled	HER2ST_B1_CONTROLLED	HER2ST_B1_CONTROLLED	HER2ST::B	forward	row_softmax	cost_features_500	multioutput_ridge	1.0	1	random_gate	0.8	2	54009fb167b6d412635bf35fa51a43929b7b956a63eb7160f131d7d6ba5d8dad	176	141	39	0.7588652482269503	0.0	0.0	0.0	0.006659745811605313	158.0	0.02564102564102564	0.7699439286069671
HER2ST_manual_controlled	HER2ST_B1_CONTROLLED	HER2ST_B1_CONTROLLED	HER2ST::B	forward	row_softmax	cost_features_500	multioutput_ridge	1.0	1	random_gate	0.8	3	54009fb167b6d412635bf35fa51a43929b7b956a63eb7160f131d7d6ba5d8dad	176	141	39	0.7872340425531915	0.0	0.0	0.0	0.0066618854002891935	158.0	0.0	0.7690893871145293
HER2ST_manual_controlled	HER2ST_B1_CONTROLLED	HER2ST_B1_CONTROLLED	HER2ST::B	forward	row_softmax	cost_features_500	multioutput_ridge	1.0	1	random_gate	0.8	4	54009fb167b6d412635bf35fa51a43929b7b956a63eb7160f131d7d6ba5d8dad	176	141	39	0.75177304964539	0.0	0.0	0.0	0.006750132486645535	159.0	0.0	0.7705921002525228
HER2ST_manual_controlled	HER2ST_B1_CONTROLLED	HER2ST_B1_CONTROLLED	HER2ST::B	forward	row_softmax	cost_features_500	multioutput_ridge	1.0	2	identity_no_training	0.0	0	54009fb167b6d412635bf35fa51a43929b7b956a63eb7160f131d7d6ba5d8dad	172	0	43		0.13953488372093023	0.2558139534883721	0.5116279069767442	0.2293431389846921	10.0	0.8604651162790697	0.40314479035454176
HER2ST_manual_controlled	HER2ST_B1_CONTROLLED	HER2ST_B1_CONTROLLED	HER2ST::B	forward	row_softmax	cost_features_500	multioutput_ridge	1.0	2	all_top1	1.0	0	54009fb167b6d412635bf35fa51a43929b7b956a63eb7160f131d7d6ba5d8dad	172	172	43	0.9186046511627907	0.0	0.046511627906976744	0.11627906976744186	0.040427382519712354	44.0	0.9767441860465116	0.8246902546057615
HER2ST_manual_controlled	HER2ST_B1_CONTROLLED	HER2ST_B1_CONTROLLED	HER2ST::B	forward	row_softmax	cost_features_500	multioutput_ridge	1.0	2	max_probability_gate	0.8	0	54009fb167b6d412635bf35fa51a43929b7b956a63eb7160f131d7d6ba5d8dad	172	138	43	0.9565217391304348	0.0	0.046511627906976744	0.09302325581395349	0.03847541206747266	44.0	0.9767441860465116	0.8299457001204682
HER2ST_manual_controlled	HER2ST_B1_CONTROLLED	HER2ST_B1_CONTROLLED	HER2ST::B	forward	row_softmax	cost_features_500	multioutput_ridge	1.0	2	top2_margin_gate	0.8	0	54009fb167b6d412635bf35fa51a43929b7b956a63eb7160f131d7d6ba5d8dad	172	138	43	1.0	0.0	0.0	0.046511627906976744	0.03441254011757388	45.0	0.9767441860465116	0.8307183728495638
HER2ST_manual_controlled	HER2ST_B1_CONTROLLED	HER2ST_B1_CONTROLLED	HER2ST::B	forward	row_softmax	cost_features_500	multioutput_ridge	1.0	2	oracle_truth	0.8	0	54009fb167b6d412635bf35fa51a43929b7b956a63eb7160f131d7d6ba5d8dad	172	138	43	1.0	0.0	0.023255813953488372	0.09302325581395349	0.039050221538046874	39.0	0.9767441860465116	0.8331917829816334
HER2ST_manual_controlled	HER2ST_B1_CONTROLLED	HER2ST_B1_CONTROLLED	HER2ST::B	forward	row_softmax	cost_features_500	multioutput_ridge	1.0	2	random_gate	0.8	0	54009fb167b6d412635bf35fa51a43929b7b956a63eb7160f131d7d6ba5d8dad	172	138	43	0.9202898550724637	0.0	0.046511627906976744	0.09302325581395349	0.04035977493986835	44.0	0.9767441860465116	0.8252968446103318
HER2ST_manual_controlled	HER2ST_B1_CONTROLLED	HER2ST_B1_CONTROLLED	HER2ST::B	forward	row_softmax	cost_features_500	multioutput_ridge	1.0	2	random_gate	0.8	1	54009fb167b6d412635bf35fa51a43929b7b956a63eb7160f131d7d6ba5d8dad	172	138	43	0.9057971014492754	0.0	0.023255813953488372	0.11627906976744186	0.0389279747347043	43.0	0.9767441860465116	0.8237771781943216
HER2ST_manual_controlled	HER2ST_B1_CONTROLLED	HER2ST_B1_CONTROLLED	HER2ST::B	forward	row_softmax	cost_features_500	multioutput_ridge	1.0	2	random_gate	0.8	2	54009fb167b6d412635bf35fa51a43929b7b956a63eb7160f131d7d6ba5d8dad	172	138	43	0.927536231884058	0.0	0.0	0.09302325581395349	0.03625057682116336	45.0	0.9534883720930233	0.8276272942576336
HER2ST_manual_controlled	HER2ST_B1_CONTROLLED	HER2ST_B1_CONTROLLED	HER2ST::B	forward	row_softmax	cost_features_500	multioutput_ridge	1.0	2	random_gate	0.8	3	54009fb167b6d412635bf35fa51a43929b7b956a63eb7160f131d7d6ba5d8dad	172	138	43	0.927536231884058	0.0	0.023255813953488372	0.09302325581395349	0.03893705116376686	43.0	0.9767441860465116	0.8224329510449159
HER2ST_manual_controlled	HER2ST_B1_CONTROLLED	HER2ST_B1_CONTROLLED	HER2ST::B	forward	row_softmax	cost_features_500	multioutput_ridge	1.0	2	random_gate	0.8	4	54009fb167b6d412635bf35fa51a43929b7b956a63eb7160f131d7d6ba5d8dad	172	138	43	0.9130434782608695	0.0	0.046511627906976744	0.11627906976744186	0.040465894850612284	44.0	0.9767441860465116	0.8248079919954462
HER2ST_manual_controlled	HER2ST_B1_CONTROLLED	HER2ST_B1_CONTROLLED	HER2ST::B	forward	row_softmax	cost_features_500	multioutput_ridge	1.0	3	identity_no_training	0.0	0	54009fb167b6d412635bf35fa51a43929b7b956a63eb7160f131d7d6ba5d8dad	173	0	42		0.5	0.7380952380952381	0.8809523809523809	0.5973691115790578	1.5	0.9285714285714286	0.4078986527442878
HER2ST_manual_controlled	HER2ST_B1_CONTROLLED	HER2ST_B1_CONTROLLED	HER2ST::B	forward	row_softmax	cost_features_500	multioutput_ridge	1.0	3	all_top1	1.0	0	54009fb167b6d412635bf35fa51a43929b7b956a63eb7160f131d7d6ba5d8dad	173	173	42	0.8208092485549133	0.0	0.023809523809523808	0.11904761904761904	0.03711203903872019	90.5	0.47619047619047616	0.8129169761686638
HER2ST_manual_controlled	HER2ST_B1_CONTROLLED	HER2ST_B1_CONTROLLED	HER2ST::B	forward	row_softmax	cost_features_500	multioutput_ridge	1.0	3	max_probability_gate	0.8	0	54009fb167b6d412635bf35fa51a43929b7b956a63eb7160f131d7d6ba5d8dad	173	139	42	0.8776978417266187	0.0	0.047619047619047616	0.09523809523809523	0.040630578533995244	89.0	0.47619047619047616	0.8123460781161417
HER2ST_manual_controlled	HER2ST_B1_CONTROLLED	HER2ST_B1_CONTROLLED	HER2ST::B	forward	row_softmax	cost_features_500	multioutput_ridge	1.0	3	top2_margin_gate	0.8	0	54009fb167b6d412635bf35fa51a43929b7b956a63eb7160f131d7d6ba5d8dad	173	139	42	0.9712230215827338	0.0	0.023809523809523808	0.07142857142857142	0.0336733507265097	91.0	0.47619047619047616	0.8121904328010872
HER2ST_manual_controlled	HER2ST_B1_CONTROLLED	HER2ST_B1_CONTROLLED	HER2ST::B	forward	row_softmax	cost_features_500	multioutput_ridge	1.0	3	oracle_truth	0.8	0	54009fb167b6d412635bf35fa51a43929b7b956a63eb7160f131d7d6ba5d8dad	173	139	42	1.0	0.023809523809523808	0.023809523809523808	0.047619047619047616	0.043422792673618885	94.5	0.47619047619047616	0.8136043869829495
HER2ST_manual_controlled	HER2ST_B1_CONTROLLED	HER2ST_B1_CONTROLLED	HER2ST::B	forward	row_softmax	cost_features_500	multioutput_ridge	1.0	3	random_gate	0.8	0	54009fb167b6d412635bf35fa51a43929b7b956a63eb7160f131d7d6ba5d8dad	173	139	42	0.8273381294964028	0.0	0.023809523809523808	0.09523809523809523	0.03869526069247644	91.5	0.47619047619047616	0.8125297537575342
HER2ST_manual_controlled	HER2ST_B1_CONTROLLED	HER2ST_B1_CONTROLLED	HER2ST::B	forward	row_softmax	cost_features_500	multioutput_ridge	1.0	3	random_gate	0.8	1	54009fb167b6d412635bf35fa51a43929b7b956a63eb7160f131d7d6ba5d8dad	173	139	42	0.8201438848920863	0.0	0.023809523809523808	0.09523809523809523	0.03376229779334728	92.5	0.47619047619047616	0.8118415964551764
HER2ST_manual_controlled	HER2ST_B1_CONTROLLED	HER2ST_B1_CONTROLLED	HER2ST::B	forward	row_softmax	cost_features_500	multioutput_ridge	1.0	3	random_gate	0.8	2	54009fb167b6d412635bf35fa51a43929b7b956a63eb7160f131d7d6ba5d8dad	173	139	42	0.841726618705036	0.0	0.047619047619047616	0.11904761904761904	0.04156564192144709	94.0	0.47619047619047616	0.8125871523045797
HER2ST_manual_controlled	HER2ST_B1_CONTROLLED	HER2ST_B1_CONTROLLED	HER2ST::B	forward	row_softmax	cost_features_500	multioutput_ridge	1.0	3	random_gate	0.8	3	54009fb167b6d412635bf35fa51a43929b7b956a63eb7160f131d7d6ba5d8dad	173	139	42	0.841726618705036	0.0	0.023809523809523808	0.09523809523809523	0.039528639890041135	93.0	0.47619047619047616	0.8129149363155626
HER2ST_manual_controlled	HER2ST_B1_CONTROLLED	HER2ST_B1_CONTROLLED	HER2ST::B	forward	row_softmax	cost_features_500	multioutput_ridge	1.0	3	random_gate	0.8	4	54009fb167b6d412635bf35fa51a43929b7b956a63eb7160f131d7d6ba5d8dad	173	139	42	0.8057553956834532	0.0	0.07142857142857142	0.11904761904761904	0.03860287375174557	92.0	0.47619047619047616	0.8117125221378183
HER2ST_manual_controlled	HER2ST_B1_CONTROLLED	HER2ST_B1_CONTROLLED	HER2ST::B	forward	row_softmax	cost_features_500	multioutput_ridge	1.0	4	identity_no_training	0.0	0	54009fb167b6d412635bf35fa51a43929b7b956a63eb7160f131d7d6ba5d8dad	171	0	44		0.9318181818181818	1.0	1.0	0.9621212121212122	1.0	0.9318181818181818	0.4050345958982842
HER2ST_manual_controlled	HER2ST_B1_CONTROLLED	HER2ST_B1_CONTROLLED	HER2ST::B	forward	row_softmax	cost_features_500	multioutput_ridge	1.0	4	all_top1	1.0	0	54009fb167b6d412635bf35fa51a43929b7b956a63eb7160f131d7d6ba5d8dad	171	171	44	0.7368421052631579	0.0	0.0	0.0	0.010121572751943997	138.0	0.0	0.7885785163471076
HER2ST_manual_controlled	HER2ST_B1_CONTROLLED	HER2ST_B1_CONTROLLED	HER2ST::B	forward	row_softmax	cost_features_500	multioutput_ridge	1.0	4	max_probability_gate	0.8	0	54009fb167b6d412635bf35fa51a43929b7b956a63eb7160f131d7d6ba5d8dad	171	137	44	0.7591240875912408	0.0	0.0	0.0	0.010053280783041558	137.5	0.0	0.7886899054650134
HER2ST_manual_controlled	HER2ST_B1_CONTROLLED	HER2ST_B1_CONTROLLED	HER2ST::B	forward	row_softmax	cost_features_500	multioutput_ridge	1.0	4	top2_margin_gate	0.8	0	54009fb167b6d412635bf35fa51a43929b7b956a63eb7160f131d7d6ba5d8dad	171	137	44	0.8832116788321168	0.0	0.0	0.0	0.010129877399244829	137.5	0.0	0.7887857884730883
HER2ST_manual_controlled	HER2ST_B1_CONTROLLED	HER2ST_B1_CONTROLLED	HER2ST::B	forward	row_softmax	cost_features_500	multioutput_ridge	1.0	4	oracle_truth	0.8	0	54009fb167b6d412635bf35fa51a43929b7b956a63eb7160f131d7d6ba5d8dad	171	137	44	1.0	0.0	0.0	0.0	0.00983426430083916	138.0	0.0	0.7884005867396054
HER2ST_manual_controlled	HER2ST_B1_CONTROLLED	HER2ST_B1_CONTROLLED	HER2ST::B	forward	row_softmax	cost_features_500	multioutput_ridge	1.0	4	random_gate	0.8	0	54009fb167b6d412635bf35fa51a43929b7b956a63eb7160f131d7d6ba5d8dad	171	137	44	0.7299270072992701	0.0	0.0	0.0	0.009679913360176307	143.0	0.0	0.7868436196330442
HER2ST_manual_controlled	HER2ST_B1_CONTROLLED	HER2ST_B1_CONTROLLED	HER2ST::B	forward	row_softmax	cost_features_500	multioutput_ridge	1.0	4	random_gate	0.8	1	54009fb167b6d412635bf35fa51a43929b7b956a63eb7160f131d7d6ba5d8dad	171	137	44	0.7445255474452555	0.0	0.0	0.0	0.009991242247479486	138.5	0.0	0.7877921685111932
HER2ST_manual_controlled	HER2ST_B1_CONTROLLED	HER2ST_B1_CONTROLLED	HER2ST::B	forward	row_softmax	cost_features_500	multioutput_ridge	1.0	4	random_gate	0.8	2	54009fb167b6d412635bf35fa51a43929b7b956a63eb7160f131d7d6ba5d8dad	171	137	44	0.7299270072992701	0.0	0.0	0.0	0.009872426871837295	142.0	0.0	0.7869894096809197
HER2ST_manual_controlled	HER2ST_B1_CONTROLLED	HER2ST_B1_CONTROLLED	HER2ST::B	forward	row_softmax	cost_features_500	multioutput_ridge	1.0	4	random_gate	0.8	3	54009fb167b6d412635bf35fa51a43929b7b956a63eb7160f131d7d6ba5d8dad	171	137	44	0.7226277372262774	0.0	0.0	0.0	0.00962903408828904	137.5	0.0	0.7869428543258281
HER2ST_manual_controlled	HER2ST_B1_CONTROLLED	HER2ST_B1_CONTROLLED	HER2ST::B	forward	row_softmax	cost_features_500	multioutput_ridge	1.0	4	random_gate	0.8	4	54009fb167b6d412635bf35fa51a43929b7b956a63eb7160f131d7d6ba5d8dad	171	137	44	0.7299270072992701	0.0	0.0	0.0	0.009655735924697973	142.0	0.0	0.7875058383176242
HER2ST_manual_controlled	HER2ST_B1_CONTROLLED__reverse	HER2ST_B1_CONTROLLED	HER2ST::B	reverse	balanced_ot	cost_features_500	multioutput_ridge	1.0	0	identity_no_training	0.0	0	2c7833cb652b8a0440e763822e458b5192a43bf2d8b8c41d18868bc2a5c9c631	168	0	47		0.9787234042553191	1.0	1.0	0.9893617021276596	1.0	1.0	0.40840731710207995
HER2ST_manual_controlled	HER2ST_B1_CONTROLLED__reverse	HER2ST_B1_CONTROLLED	HER2ST::B	reverse	balanced_ot	cost_features_500	multioutput_ridge	1.0	0	all_top1	1.0	0	2c7833cb652b8a0440e763822e458b5192a43bf2d8b8c41d18868bc2a5c9c631	168	168	47	0.47619047619047616	0.0	0.0	0.0	0.007030996283646704	178.0	0.0	0.7105400192136938
HER2ST_manual_controlled	HER2ST_B1_CONTROLLED__reverse	HER2ST_B1_CONTROLLED	HER2ST::B	reverse	balanced_ot	cost_features_500	multioutput_ridge	1.0	0	max_probability_gate	0.8	0	2c7833cb652b8a0440e763822e458b5192a43bf2d8b8c41d18868bc2a5c9c631	168	135	47	0.4888888888888889	0.0	0.0	0.0	0.007038986320597018	180.0	0.0	0.7086026345908415
HER2ST_manual_controlled	HER2ST_B1_CONTROLLED__reverse	HER2ST_B1_CONTROLLED	HER2ST::B	reverse	balanced_ot	cost_features_500	multioutput_ridge	1.0	0	top2_margin_gate	0.8	0	2c7833cb652b8a0440e763822e458b5192a43bf2d8b8c41d18868bc2a5c9c631	168	135	47	0.5777777777777777	0.0	0.0	0.0	0.007041826776066321	180.0	0.0	0.7098950608262877
HER2ST_manual_controlled	HER2ST_B1_CONTROLLED__reverse	HER2ST_B1_CONTROLLED	HER2ST::B	reverse	balanced_ot	cost_features_500	multioutput_ridge	1.0	0	oracle_truth	0.8	0	2c7833cb652b8a0440e763822e458b5192a43bf2d8b8c41d18868bc2a5c9c631	168	135	47	1.0	0.0	0.0	0.0	0.0070861732759396985	176.0	0.0	0.7118492528650942
HER2ST_manual_controlled	HER2ST_B1_CONTROLLED__reverse	HER2ST_B1_CONTROLLED	HER2ST::B	reverse	balanced_ot	cost_features_500	multioutput_ridge	1.0	0	random_gate	0.8	0	2c7833cb652b8a0440e763822e458b5192a43bf2d8b8c41d18868bc2a5c9c631	168	135	47	0.45185185185185184	0.0	0.0	0.0	0.00697491279601409	180.0	0.0	0.7080703191961695
HER2ST_manual_controlled	HER2ST_B1_CONTROLLED__reverse	HER2ST_B1_CONTROLLED	HER2ST::B	reverse	balanced_ot	cost_features_500	multioutput_ridge	1.0	0	random_gate	0.8	1	2c7833cb652b8a0440e763822e458b5192a43bf2d8b8c41d18868bc2a5c9c631	168	135	47	0.45925925925925926	0.0	0.0	0.0	0.0069976126452880455	180.0	0.0	0.7091542328545758
HER2ST_manual_controlled	HER2ST_B1_CONTROLLED__reverse	HER2ST_B1_CONTROLLED	HER2ST::B	reverse	balanced_ot	cost_features_500	multioutput_ridge	1.0	0	random_gate	0.8	2	2c7833cb652b8a0440e763822e458b5192a43bf2d8b8c41d18868bc2a5c9c631	168	135	47	0.5333333333333333	0.0	0.0	0.0	0.0070564592804734675	180.0	0.0	0.7107380031596587
HER2ST_manual_controlled	HER2ST_B1_CONTROLLED__reverse	HER2ST_B1_CONTROLLED	HER2ST::B	reverse	balanced_ot	cost_features_500	multioutput_ridge	1.0	0	random_gate	0.8	3	2c7833cb652b8a0440e763822e458b5192a43bf2d8b8c41d18868bc2a5c9c631	168	135	47	0.48148148148148145	0.0	0.0	0.0	0.007040114158767489	180.0	0.0	0.7098701156313948
HER2ST_manual_controlled	HER2ST_B1_CONTROLLED__reverse	HER2ST_B1_CONTROLLED	HER2ST::B	reverse	balanced_ot	cost_features_500	multioutput_ridge	1.0	0	random_gate	0.8	4	2c7833cb652b8a0440e763822e458b5192a43bf2d8b8c41d18868bc2a5c9c631	168	135	47	0.4444444444444444	0.0	0.0	0.0	0.007011479093951599	180.0	0.0	0.7089618248429428
HER2ST_manual_controlled	HER2ST_B1_CONTROLLED__reverse	HER2ST_B1_CONTROLLED	HER2ST::B	reverse	balanced_ot	cost_features_500	multioutput_ridge	1.0	1	identity_no_training	0.0	0	2c7833cb652b8a0440e763822e458b5192a43bf2d8b8c41d18868bc2a5c9c631	168	0	47		0.5531914893617021	0.8936170212765957	0.9148936170212766	0.7120646492986918	1.0	0.7872340425531915	0.40328502260249394
HER2ST_manual_controlled	HER2ST_B1_CONTROLLED__reverse	HER2ST_B1_CONTROLLED	HER2ST::B	reverse	balanced_ot	cost_features_500	multioutput_ridge	1.0	1	all_top1	1.0	0	2c7833cb652b8a0440e763822e458b5192a43bf2d8b8c41d18868bc2a5c9c631	168	168	47	0.625	0.0	0.10638297872340426	0.2127659574468085	0.07777388382502079	25.0	0.9361702127659575	0.9357308477956159
HER2ST_manual_controlled	HER2ST_B1_CONTROLLED__reverse	HER2ST_B1_CONTROLLED	HER2ST::B	reverse	balanced_ot	cost_features_500	multioutput_ridge	1.0	1	max_probability_gate	0.8	0	2c7833cb652b8a0440e763822e458b5192a43bf2d8b8c41d18868bc2a5c9c631	168	135	47	0.6296296296296297	0.0	0.10638297872340426	0.23404255319148937	0.08027590243346372	24.0	0.9361702127659575	0.9301002040136631
HER2ST_manual_controlled	HER2ST_B1_CONTROLLED__reverse	HER2ST_B1_CONTROLLED	HER2ST::B	reverse	balanced_ot	cost_features_500	multioutput_ridge	1.0	1	top2_margin_gate	0.8	0	2c7833cb652b8a0440e763822e458b5192a43bf2d8b8c41d18868bc2a5c9c631	168	135	47	0.7555555555555555	0.02127659574468085	0.1276595744680851	0.23404255319148937	0.09470177903162552	24.0	0.9361702127659575	0.9319842585061826
HER2ST_manual_controlled	HER2ST_B1_CONTROLLED__reverse	HER2ST_B1_CONTROLLED	HER2ST::B	reverse	balanced_ot	cost_features_500	multioutput_ridge	1.0	1	oracle_truth	0.8	0	2c7833cb652b8a0440e763822e458b5192a43bf2d8b8c41d18868bc2a5c9c631	168	135	47	1.0	0.0425531914893617	0.10638297872340426	0.23404255319148937	0.10787978134818076	25.0	0.9361702127659575	0.9413973143926337
HER2ST_manual_controlled	HER2ST_B1_CONTROLLED__reverse	HER2ST_B1_CONTROLLED	HER2ST::B	reverse	balanced_ot	cost_features_500	multioutput_ridge	1.0	1	random_gate	0.8	0	2c7833cb652b8a0440e763822e458b5192a43bf2d8b8c41d18868bc2a5c9c631	168	135	47	0.6370370370370371	0.0	0.10638297872340426	0.2127659574468085	0.07788029805975176	25.0	0.9361702127659575	0.9347118139517615
HER2ST_manual_controlled	HER2ST_B1_CONTROLLED__reverse	HER2ST_B1_CONTROLLED	HER2ST::B	reverse	balanced_ot	cost_features_500	multioutput_ridge	1.0	1	random_gate	0.8	1	2c7833cb652b8a0440e763822e458b5192a43bf2d8b8c41d18868bc2a5c9c631	168	135	47	0.6222222222222222	0.0	0.1276595744680851	0.2127659574468085	0.07949666242544225	24.0	0.9361702127659575	0.933771723556997
HER2ST_manual_controlled	HER2ST_B1_CONTROLLED__reverse	HER2ST_B1_CONTROLLED	HER2ST::B	reverse	balanced_ot	cost_features_500	multioutput_ridge	1.0	1	random_gate	0.8	2	2c7833cb652b8a0440e763822e458b5192a43bf2d8b8c41d18868bc2a5c9c631	168	135	47	0.6222222222222222	0.0	0.10638297872340426	0.2127659574468085	0.07704493356349223	22.0	0.9361702127659575	0.9337942083125036
HER2ST_manual_controlled	HER2ST_B1_CONTROLLED__reverse	HER2ST_B1_CONTROLLED	HER2ST::B	reverse	balanced_ot	cost_features_500	multioutput_ridge	1.0	1	random_gate	0.8	3	2c7833cb652b8a0440e763822e458b5192a43bf2d8b8c41d18868bc2a5c9c631	168	135	47	0.6222222222222222	0.0	0.1276595744680851	0.2127659574468085	0.0765271838114012	24.0	0.9361702127659575	0.9349093841220517
HER2ST_manual_controlled	HER2ST_B1_CONTROLLED__reverse	HER2ST_B1_CONTROLLED	HER2ST::B	reverse	balanced_ot	cost_features_500	multioutput_ridge	1.0	1	random_gate	0.8	4	2c7833cb652b8a0440e763822e458b5192a43bf2d8b8c41d18868bc2a5c9c631	168	135	47	0.6370370370370371	0.0	0.10638297872340426	0.19148936170212766	0.07721724548844996	25.0	0.9361702127659575	0.9327901562166431
HER2ST_manual_controlled	HER2ST_B1_CONTROLLED__reverse	HER2ST_B1_CONTROLLED	HER2ST::B	reverse	balanced_ot	cost_features_500	multioutput_ridge	1.0	2	identity_no_training	0.0	0	2c7833cb652b8a0440e763822e458b5192a43bf2d8b8c41d18868bc2a5c9c631	176	0	39		1.0	1.0	1.0	1.0	1.0	1.0	0.39990994457995693
HER2ST_manual_controlled	HER2ST_B1_CONTROLLED__reverse	HER2ST_B1_CONTROLLED	HER2ST::B	reverse	balanced_ot	cost_features_500	multioutput_ridge	1.0	2	all_top1	1.0	0	2c7833cb652b8a0440e763822e458b5192a43bf2d8b8c41d18868bc2a5c9c631	176	176	39	0.42045454545454547	0.0	0.0	0.0	0.00430166936824882	242.0	0.0	0.5259096331765857
HER2ST_manual_controlled	HER2ST_B1_CONTROLLED__reverse	HER2ST_B1_CONTROLLED	HER2ST::B	reverse	balanced_ot	cost_features_500	multioutput_ridge	1.0	2	max_probability_gate	0.8	0	2c7833cb652b8a0440e763822e458b5192a43bf2d8b8c41d18868bc2a5c9c631	176	141	39	0.3971631205673759	0.0	0.0	0.0	0.004295835424853317	243.0	0.0	0.5255320486715771
HER2ST_manual_controlled	HER2ST_B1_CONTROLLED__reverse	HER2ST_B1_CONTROLLED	HER2ST::B	reverse	balanced_ot	cost_features_500	multioutput_ridge	1.0	2	top2_margin_gate	0.8	0	2c7833cb652b8a0440e763822e458b5192a43bf2d8b8c41d18868bc2a5c9c631	176	141	39	0.5035460992907801	0.0	0.0	0.0	0.004298460776059732	243.0	0.0	0.5258444050520154
HER2ST_manual_controlled	HER2ST_B1_CONTROLLED__reverse	HER2ST_B1_CONTROLLED	HER2ST::B	reverse	balanced_ot	cost_features_500	multioutput_ridge	1.0	2	oracle_truth	0.8	0	2c7833cb652b8a0440e763822e458b5192a43bf2d8b8c41d18868bc2a5c9c631	176	141	39	1.0	0.0	0.0	0.0	0.004311518849188281	241.0	0.0	0.5275244223217381
HER2ST_manual_controlled	HER2ST_B1_CONTROLLED__reverse	HER2ST_B1_CONTROLLED	HER2ST::B	reverse	balanced_ot	cost_features_500	multioutput_ridge	1.0	2	random_gate	0.8	0	2c7833cb652b8a0440e763822e458b5192a43bf2d8b8c41d18868bc2a5c9c631	176	141	39	0.3900709219858156	0.0	0.0	0.0	0.00429203143034823	243.0	0.0	0.5229619098819526
HER2ST_manual_controlled	HER2ST_B1_CONTROLLED__reverse	HER2ST_B1_CONTROLLED	HER2ST::B	reverse	balanced_ot	cost_features_500	multioutput_ridge	1.0	2	random_gate	0.8	1	2c7833cb652b8a0440e763822e458b5192a43bf2d8b8c41d18868bc2a5c9c631	176	141	39	0.4326241134751773	0.0	0.0	0.0	0.004298305871112781	242.0	0.0	0.5265541707035115
HER2ST_manual_controlled	HER2ST_B1_CONTROLLED__reverse	HER2ST_B1_CONTROLLED	HER2ST::B	reverse	balanced_ot	cost_features_500	multioutput_ridge	1.0	2	random_gate	0.8	2	2c7833cb652b8a0440e763822e458b5192a43bf2d8b8c41d18868bc2a5c9c631	176	141	39	0.425531914893617	0.0	0.0	0.0	0.004296584139892752	244.0	0.0	0.5247785561151932
HER2ST_manual_controlled	HER2ST_B1_CONTROLLED__reverse	HER2ST_B1_CONTROLLED	HER2ST::B	reverse	balanced_ot	cost_features_500	multioutput_ridge	1.0	2	random_gate	0.8	3	2c7833cb652b8a0440e763822e458b5192a43bf2d8b8c41d18868bc2a5c9c631	176	141	39	0.4326241134751773	0.0	0.0	0.0	0.004287194788475389	242.0	0.0	0.5226362968983589
HER2ST_manual_controlled	HER2ST_B1_CONTROLLED__reverse	HER2ST_B1_CONTROLLED	HER2ST::B	reverse	balanced_ot	cost_features_500	multioutput_ridge	1.0	2	random_gate	0.8	4	2c7833cb652b8a0440e763822e458b5192a43bf2d8b8c41d18868bc2a5c9c631	176	141	39	0.3971631205673759	0.0	0.0	0.0	0.0042937610432552216	244.0	0.0	0.5234014698257871
HER2ST_manual_controlled	HER2ST_B1_CONTROLLED__reverse	HER2ST_B1_CONTROLLED	HER2ST::B	reverse	balanced_ot	cost_features_500	multioutput_ridge	1.0	3	identity_no_training	0.0	0	2c7833cb652b8a0440e763822e458b5192a43bf2d8b8c41d18868bc2a5c9c631	176	0	39		0.9230769230769231	1.0	1.0	0.9487179487179487	1.0	0.9743589743589743	0.40787859327299264
HER2ST_manual_controlled	HER2ST_B1_CONTROLLED__reverse	HER2ST_B1_CONTROLLED	HER2ST::B	reverse	balanced_ot	cost_features_500	multioutput_ridge	1.0	3	all_top1	1.0	0	2c7833cb652b8a0440e763822e458b5192a43bf2d8b8c41d18868bc2a5c9c631	176	176	39	0.6420454545454546	0.0	0.02564102564102564	0.02564102564102564	0.01729851568175002	107.0	0.02564102564102564	0.8442116475030454
HER2ST_manual_controlled	HER2ST_B1_CONTROLLED__reverse	HER2ST_B1_CONTROLLED	HER2ST::B	reverse	balanced_ot	cost_features_500	multioutput_ridge	1.0	3	max_probability_gate	0.8	0	2c7833cb652b8a0440e763822e458b5192a43bf2d8b8c41d18868bc2a5c9c631	176	141	39	0.6595744680851063	0.0	0.02564102564102564	0.02564102564102564	0.017059172834582744	108.0	0.02564102564102564	0.8404738334410056
HER2ST_manual_controlled	HER2ST_B1_CONTROLLED__reverse	HER2ST_B1_CONTROLLED	HER2ST::B	reverse	balanced_ot	cost_features_500	multioutput_ridge	1.0	3	top2_margin_gate	0.8	0	2c7833cb652b8a0440e763822e458b5192a43bf2d8b8c41d18868bc2a5c9c631	176	141	39	0.7730496453900709	0.0	0.02564102564102564	0.02564102564102564	0.017426867780142054	107.0	0.02564102564102564	0.8423625984784959
HER2ST_manual_controlled	HER2ST_B1_CONTROLLED__reverse	HER2ST_B1_CONTROLLED	HER2ST::B	reverse	balanced_ot	cost_features_500	multioutput_ridge	1.0	3	oracle_truth	0.8	0	2c7833cb652b8a0440e763822e458b5192a43bf2d8b8c41d18868bc2a5c9c631	176	141	39	1.0	0.0	0.0	0.02564102564102564	0.013987460582005489	108.0	0.02564102564102564	0.8450514736970632
HER2ST_manual_controlled	HER2ST_B1_CONTROLLED__reverse	HER2ST_B1_CONTROLLED	HER2ST::B	reverse	balanced_ot	cost_features_500	multioutput_ridge	1.0	3	random_gate	0.8	0	2c7833cb652b8a0440e763822e458b5192a43bf2d8b8c41d18868bc2a5c9c631	176	141	39	0.6453900709219859	0.0	0.02564102564102564	0.02564102564102564	0.01735240223263277	107.0	0.02564102564102564	0.8434203954033597
HER2ST_manual_controlled	HER2ST_B1_CONTROLLED__reverse	HER2ST_B1_CONTROLLED	HER2ST::B	reverse	balanced_ot	cost_features_500	multioutput_ridge	1.0	3	random_gate	0.8	1	2c7833cb652b8a0440e763822e458b5192a43bf2d8b8c41d18868bc2a5c9c631	176	141	39	0.6382978723404256	0.0	0.02564102564102564	0.02564102564102564	0.017538790680831817	108.0	0.02564102564102564	0.8429630981127159
HER2ST_manual_controlled	HER2ST_B1_CONTROLLED__reverse	HER2ST_B1_CONTROLLED	HER2ST::B	reverse	balanced_ot	cost_features_500	multioutput_ridge	1.0	3	random_gate	0.8	2	2c7833cb652b8a0440e763822e458b5192a43bf2d8b8c41d18868bc2a5c9c631	176	141	39	0.6453900709219859	0.0	0.02564102564102564	0.02564102564102564	0.015999131682975128	108.0	0.02564102564102564	0.8438804230638806
HER2ST_manual_controlled	HER2ST_B1_CONTROLLED__reverse	HER2ST_B1_CONTROLLED	HER2ST::B	reverse	balanced_ot	cost_features_500	multioutput_ridge	1.0	3	random_gate	0.8	3	2c7833cb652b8a0440e763822e458b5192a43bf2d8b8c41d18868bc2a5c9c631	176	141	39	0.6737588652482269	0.0	0.02564102564102564	0.02564102564102564	0.016339919139837903	107.0	0.02564102564102564	0.8444529686256025
HER2ST_manual_controlled	HER2ST_B1_CONTROLLED__reverse	HER2ST_B1_CONTROLLED	HER2ST::B	reverse	balanced_ot	cost_features_500	multioutput_ridge	1.0	3	random_gate	0.8	4	2c7833cb652b8a0440e763822e458b5192a43bf2d8b8c41d18868bc2a5c9c631	176	141	39	0.6382978723404256	0.0	0.0	0.02564102564102564	0.014025046371014756	110.0	0.02564102564102564	0.8439321700509027
HER2ST_manual_controlled	HER2ST_B1_CONTROLLED__reverse	HER2ST_B1_CONTROLLED	HER2ST::B	reverse	balanced_ot	cost_features_500	multioutput_ridge	1.0	4	identity_no_training	0.0	0	2c7833cb652b8a0440e763822e458b5192a43bf2d8b8c41d18868bc2a5c9c631	172	0	43		0.8604651162790697	0.9534883720930233	0.9767441860465116	0.8978405315614619	1.0	0.9534883720930233	0.40952454923203857
HER2ST_manual_controlled	HER2ST_B1_CONTROLLED__reverse	HER2ST_B1_CONTROLLED	HER2ST::B	reverse	balanced_ot	cost_features_500	multioutput_ridge	1.0	4	all_top1	1.0	0	2c7833cb652b8a0440e763822e458b5192a43bf2d8b8c41d18868bc2a5c9c631	172	172	43	0.46511627906976744	0.0	0.023255813953488372	0.023255813953488372	0.016466421892163994	90.0	0.4186046511627907	0.7930641157702916
HER2ST_manual_controlled	HER2ST_B1_CONTROLLED__reverse	HER2ST_B1_CONTROLLED	HER2ST::B	reverse	balanced_ot	cost_features_500	multioutput_ridge	1.0	4	max_probability_gate	0.8	0	2c7833cb652b8a0440e763822e458b5192a43bf2d8b8c41d18868bc2a5c9c631	172	138	43	0.4927536231884058	0.0	0.023255813953488372	0.023255813953488372	0.017561579292104453	90.0	0.4186046511627907	0.7904720225621001
HER2ST_manual_controlled	HER2ST_B1_CONTROLLED__reverse	HER2ST_B1_CONTROLLED	HER2ST::B	reverse	balanced_ot	cost_features_500	multioutput_ridge	1.0	4	top2_margin_gate	0.8	0	2c7833cb652b8a0440e763822e458b5192a43bf2d8b8c41d18868bc2a5c9c631	172	138	43	0.5652173913043478	0.0	0.023255813953488372	0.023255813953488372	0.016466216080516505	89.0	0.4186046511627907	0.7920645131988983
HER2ST_manual_controlled	HER2ST_B1_CONTROLLED__reverse	HER2ST_B1_CONTROLLED	HER2ST::B	reverse	balanced_ot	cost_features_500	multioutput_ridge	1.0	4	oracle_truth	0.8	0	2c7833cb652b8a0440e763822e458b5192a43bf2d8b8c41d18868bc2a5c9c631	172	138	43	1.0	0.0	0.0	0.0	0.013935004357737079	89.0	0.4186046511627907	0.7977004637377242
HER2ST_manual_controlled	HER2ST_B1_CONTROLLED__reverse	HER2ST_B1_CONTROLLED	HER2ST::B	reverse	balanced_ot	cost_features_500	multioutput_ridge	1.0	4	random_gate	0.8	0	2c7833cb652b8a0440e763822e458b5192a43bf2d8b8c41d18868bc2a5c9c631	172	138	43	0.4855072463768116	0.0	0.023255813953488372	0.023255813953488372	0.016354049256262024	92.0	0.4186046511627907	0.792395296911867
HER2ST_manual_controlled	HER2ST_B1_CONTROLLED__reverse	HER2ST_B1_CONTROLLED	HER2ST::B	reverse	balanced_ot	cost_features_500	multioutput_ridge	1.0	4	random_gate	0.8	1	2c7833cb652b8a0440e763822e458b5192a43bf2d8b8c41d18868bc2a5c9c631	172	138	43	0.5	0.0	0.0	0.023255813953488372	0.015453003686764546	91.0	0.4186046511627907	0.7930712463939547
HER2ST_manual_controlled	HER2ST_B1_CONTROLLED__reverse	HER2ST_B1_CONTROLLED	HER2ST::B	reverse	balanced_ot	cost_features_500	multioutput_ridge	1.0	4	random_gate	0.8	2	2c7833cb652b8a0440e763822e458b5192a43bf2d8b8c41d18868bc2a5c9c631	172	138	43	0.4420289855072464	0.0	0.023255813953488372	0.023255813953488372	0.016215782891672303	90.0	0.4186046511627907	0.7915280045907576
HER2ST_manual_controlled	HER2ST_B1_CONTROLLED__reverse	HER2ST_B1_CONTROLLED	HER2ST::B	reverse	balanced_ot	cost_features_500	multioutput_ridge	1.0	4	random_gate	0.8	3	2c7833cb652b8a0440e763822e458b5192a43bf2d8b8c41d18868bc2a5c9c631	172	138	43	0.4492753623188406	0.0	0.023255813953488372	0.023255813953488372	0.01616084068623424	93.0	0.4186046511627907	0.7905023639299256
HER2ST_manual_controlled	HER2ST_B1_CONTROLLED__reverse	HER2ST_B1_CONTROLLED	HER2ST::B	reverse	balanced_ot	cost_features_500	multioutput_ridge	1.0	4	random_gate	0.8	4	2c7833cb652b8a0440e763822e458b5192a43bf2d8b8c41d18868bc2a5c9c631	172	138	43	0.45652173913043476	0.0	0.023255813953488372	0.023255813953488372	0.017387483969548503	90.0	0.4186046511627907	0.7911128869477662
HER2ST_manual_controlled	HER2ST_B1_CONTROLLED__reverse	HER2ST_B1_CONTROLLED	HER2ST::B	reverse	uot	cost_features_500	multioutput_ridge	1.0	0	identity_no_training	0.0	0	2c7833cb652b8a0440e763822e458b5192a43bf2d8b8c41d18868bc2a5c9c631	168	0	47		0.9787234042553191	1.0	1.0	0.9893617021276596	1.0	1.0	0.40840731710207995
HER2ST_manual_controlled	HER2ST_B1_CONTROLLED__reverse	HER2ST_B1_CONTROLLED	HER2ST::B	reverse	uot	cost_features_500	multioutput_ridge	1.0	0	all_top1	1.0	0	2c7833cb652b8a0440e763822e458b5192a43bf2d8b8c41d18868bc2a5c9c631	168	168	47	0.5595238095238095	0.0	0.0	0.0	0.007054233595669891	179.0	0.0	0.7118415862268509
HER2ST_manual_controlled	HER2ST_B1_CONTROLLED__reverse	HER2ST_B1_CONTROLLED	HER2ST::B	reverse	uot	cost_features_500	multioutput_ridge	1.0	0	max_probability_gate	0.8	0	2c7833cb652b8a0440e763822e458b5192a43bf2d8b8c41d18868bc2a5c9c631	168	135	47	0.5555555555555556	0.0	0.0	0.0	0.007042732015662085	179.0	0.0	0.7099070389084545
HER2ST_manual_controlled	HER2ST_B1_CONTROLLED__reverse	HER2ST_B1_CONTROLLED	HER2ST::B	reverse	uot	cost_features_500	multioutput_ridge	1.0	0	top2_margin_gate	0.8	0	2c7833cb652b8a0440e763822e458b5192a43bf2d8b8c41d18868bc2a5c9c631	168	135	47	0.6370370370370371	0.0	0.0	0.0	0.0070444315561924925	180.0	0.0	0.7113534674856477
HER2ST_manual_controlled	HER2ST_B1_CONTROLLED__reverse	HER2ST_B1_CONTROLLED	HER2ST::B	reverse	uot	cost_features_500	multioutput_ridge	1.0	0	oracle_truth	0.8	0	2c7833cb652b8a0440e763822e458b5192a43bf2d8b8c41d18868bc2a5c9c631	168	135	47	1.0	0.0	0.0	0.0	0.007060366097357045	175.0	0.0	0.711851017007196
HER2ST_manual_controlled	HER2ST_B1_CONTROLLED__reverse	HER2ST_B1_CONTROLLED	HER2ST::B	reverse	uot	cost_features_500	multioutput_ridge	1.0	0	random_gate	0.8	0	2c7833cb652b8a0440e763822e458b5192a43bf2d8b8c41d18868bc2a5c9c631	168	135	47	0.5407407407407407	0.0	0.0	0.0	0.007014080572977759	180.0	0.0	0.7114197858867737
HER2ST_manual_controlled	HER2ST_B1_CONTROLLED__reverse	HER2ST_B1_CONTROLLED	HER2ST::B	reverse	uot	cost_features_500	multioutput_ridge	1.0	0	random_gate	0.8	1	2c7833cb652b8a0440e763822e458b5192a43bf2d8b8c41d18868bc2a5c9c631	168	135	47	0.5703703703703704	0.0	0.0	0.0	0.00700255163388391	178.0	0.0	0.710923640617145
HER2ST_manual_controlled	HER2ST_B1_CONTROLLED__reverse	HER2ST_B1_CONTROLLED	HER2ST::B	reverse	uot	cost_features_500	multioutput_ridge	1.0	0	random_gate	0.8	2	2c7833cb652b8a0440e763822e458b5192a43bf2d8b8c41d18868bc2a5c9c631	168	135	47	0.5185185185185185	0.0	0.0	0.0	0.0069618382865519884	180.0	0.0	0.710394666050581
HER2ST_manual_controlled	HER2ST_B1_CONTROLLED__reverse	HER2ST_B1_CONTROLLED	HER2ST::B	reverse	uot	cost_features_500	multioutput_ridge	1.0	0	random_gate	0.8	3	2c7833cb652b8a0440e763822e458b5192a43bf2d8b8c41d18868bc2a5c9c631	168	135	47	0.5333333333333333	0.0	0.0	0.0	0.0070126030094038215	178.0	0.0	0.70988710574738
HER2ST_manual_controlled	HER2ST_B1_CONTROLLED__reverse	HER2ST_B1_CONTROLLED	HER2ST::B	reverse	uot	cost_features_500	multioutput_ridge	1.0	0	random_gate	0.8	4	2c7833cb652b8a0440e763822e458b5192a43bf2d8b8c41d18868bc2a5c9c631	168	135	47	0.562962962962963	0.0	0.0	0.0	0.007005848194160865	178.0	0.0	0.7104974365371933
HER2ST_manual_controlled	HER2ST_B1_CONTROLLED__reverse	HER2ST_B1_CONTROLLED	HER2ST::B	reverse	uot	cost_features_500	multioutput_ridge	1.0	1	identity_no_training	0.0	0	2c7833cb652b8a0440e763822e458b5192a43bf2d8b8c41d18868bc2a5c9c631	168	0	47		0.5531914893617021	0.8936170212765957	0.9148936170212766	0.7120646492986918	1.0	0.7872340425531915	0.40328502260249394
HER2ST_manual_controlled	HER2ST_B1_CONTROLLED__reverse	HER2ST_B1_CONTROLLED	HER2ST::B	reverse	uot	cost_features_500	multioutput_ridge	1.0	1	all_top1	1.0	0	2c7833cb652b8a0440e763822e458b5192a43bf2d8b8c41d18868bc2a5c9c631	168	168	47	0.7321428571428571	0.02127659574468085	0.10638297872340426	0.2127659574468085	0.09127483165588093	25.0	0.9361702127659575	0.9396844574979772
HER2ST_manual_controlled	HER2ST_B1_CONTROLLED__reverse	HER2ST_B1_CONTROLLED	HER2ST::B	reverse	uot	cost_features_500	multioutput_ridge	1.0	1	max_probability_gate	0.8	0	2c7833cb652b8a0440e763822e458b5192a43bf2d8b8c41d18868bc2a5c9c631	168	135	47	0.725925925925926	0.0	0.1276595744680851	0.2553191489361702	0.08877925796376768	24.0	0.9361702127659575	0.9368911196670009
HER2ST_manual_controlled	HER2ST_B1_CONTROLLED__reverse	HER2ST_B1_CONTROLLED	HER2ST::B	reverse	uot	cost_features_500	multioutput_ridge	1.0	1	top2_margin_gate	0.8	0	2c7833cb652b8a0440e763822e458b5192a43bf2d8b8c41d18868bc2a5c9c631	168	135	47	0.8666666666666667	0.0	0.10638297872340426	0.23404255319148937	0.08015528160874648	26.0	0.9361702127659575	0.9282071146517666
HER2ST_manual_controlled	HER2ST_B1_CONTROLLED__reverse	HER2ST_B1_CONTROLLED	HER2ST::B	reverse	uot	cost_features_500	multioutput_ridge	1.0	1	oracle_truth	0.8	0	2c7833cb652b8a0440e763822e458b5192a43bf2d8b8c41d18868bc2a5c9c631	168	135	47	1.0	0.02127659574468085	0.10638297872340426	0.2127659574468085	0.1036823607669059	24.0	0.9361702127659575	0.9412415862543012
HER2ST_manual_controlled	HER2ST_B1_CONTROLLED__reverse	HER2ST_B1_CONTROLLED	HER2ST::B	reverse	uot	cost_features_500	multioutput_ridge	1.0	1	random_gate	0.8	0	2c7833cb652b8a0440e763822e458b5192a43bf2d8b8c41d18868bc2a5c9c631	168	135	47	0.7407407407407407	0.02127659574468085	0.10638297872340426	0.23404255319148937	0.0919186001718502	23.0	0.9361702127659575	0.9376586695448786
HER2ST_manual_controlled	HER2ST_B1_CONTROLLED__reverse	HER2ST_B1_CONTROLLED	HER2ST::B	reverse	uot	cost_features_500	multioutput_ridge	1.0	1	random_gate	0.8	1	2c7833cb652b8a0440e763822e458b5192a43bf2d8b8c41d18868bc2a5c9c631	168	135	47	0.7407407407407407	0.02127659574468085	0.10638297872340426	0.19148936170212766	0.09148748406729361	24.0	0.9361702127659575	0.9384140875052873
HER2ST_manual_controlled	HER2ST_B1_CONTROLLED__reverse	HER2ST_B1_CONTROLLED	HER2ST::B	reverse	uot	cost_features_500	multioutput_ridge	1.0	1	random_gate	0.8	2	2c7833cb652b8a0440e763822e458b5192a43bf2d8b8c41d18868bc2a5c9c631	168	135	47	0.725925925925926	0.02127659574468085	0.10638297872340426	0.2127659574468085	0.08906764290156259	26.0	0.9361702127659575	0.9388646172546949
HER2ST_manual_controlled	HER2ST_B1_CONTROLLED__reverse	HER2ST_B1_CONTROLLED	HER2ST::B	reverse	uot	cost_features_500	multioutput_ridge	1.0	1	random_gate	0.8	3	2c7833cb652b8a0440e763822e458b5192a43bf2d8b8c41d18868bc2a5c9c631	168	135	47	0.7555555555555555	0.0	0.14893617021276595	0.23404255319148937	0.08085421867960421	25.0	0.9361702127659575	0.9338752430097778
HER2ST_manual_controlled	HER2ST_B1_CONTROLLED__reverse	HER2ST_B1_CONTROLLED	HER2ST::B	reverse	uot	cost_features_500	multioutput_ridge	1.0	1	random_gate	0.8	4	2c7833cb652b8a0440e763822e458b5192a43bf2d8b8c41d18868bc2a5c9c631	168	135	47	0.6888888888888889	0.0	0.14893617021276595	0.23404255319148937	0.08095526727359216	27.0	0.9361702127659575	0.9381508728952247
HER2ST_manual_controlled	HER2ST_B1_CONTROLLED__reverse	HER2ST_B1_CONTROLLED	HER2ST::B	reverse	uot	cost_features_500	multioutput_ridge	1.0	2	identity_no_training	0.0	0	2c7833cb652b8a0440e763822e458b5192a43bf2d8b8c41d18868bc2a5c9c631	176	0	39		1.0	1.0	1.0	1.0	1.0	1.0	0.39990994457995693
HER2ST_manual_controlled	HER2ST_B1_CONTROLLED__reverse	HER2ST_B1_CONTROLLED	HER2ST::B	reverse	uot	cost_features_500	multioutput_ridge	1.0	2	all_top1	1.0	0	2c7833cb652b8a0440e763822e458b5192a43bf2d8b8c41d18868bc2a5c9c631	176	176	39	0.5625	0.0	0.0	0.0	0.004309065421726544	242.0	0.0	0.528913971682142
HER2ST_manual_controlled	HER2ST_B1_CONTROLLED__reverse	HER2ST_B1_CONTROLLED	HER2ST::B	reverse	uot	cost_features_500	multioutput_ridge	1.0	2	max_probability_gate	0.8	0	2c7833cb652b8a0440e763822e458b5192a43bf2d8b8c41d18868bc2a5c9c631	176	141	39	0.5319148936170213	0.0	0.0	0.0	0.004302633554615247	243.0	0.0	0.5277736752579327
HER2ST_manual_controlled	HER2ST_B1_CONTROLLED__reverse	HER2ST_B1_CONTROLLED	HER2ST::B	reverse	uot	cost_features_500	multioutput_ridge	1.0	2	top2_margin_gate	0.8	0	2c7833cb652b8a0440e763822e458b5192a43bf2d8b8c41d18868bc2a5c9c631	176	141	39	0.6453900709219859	0.0	0.0	0.0	0.004305624394377379	242.0	0.0	0.5284654728055151
HER2ST_manual_controlled	HER2ST_B1_CONTROLLED__reverse	HER2ST_B1_CONTROLLED	HER2ST::B	reverse	uot	cost_features_500	multioutput_ridge	1.0	2	oracle_truth	0.8	0	2c7833cb652b8a0440e763822e458b5192a43bf2d8b8c41d18868bc2a5c9c631	176	141	39	1.0	0.0	0.0	0.0	0.004313316033829225	242.0	0.0	0.5274813821319926
HER2ST_manual_controlled	HER2ST_B1_CONTROLLED__reverse	HER2ST_B1_CONTROLLED	HER2ST::B	reverse	uot	cost_features_500	multioutput_ridge	1.0	2	random_gate	0.8	0	2c7833cb652b8a0440e763822e458b5192a43bf2d8b8c41d18868bc2a5c9c631	176	141	39	0.5673758865248227	0.0	0.0	0.0	0.004296210025638076	242.0	0.0	0.5268473864669947
HER2ST_manual_controlled	HER2ST_B1_CONTROLLED__reverse	HER2ST_B1_CONTROLLED	HER2ST::B	reverse	uot	cost_features_500	multioutput_ridge	1.0	2	random_gate	0.8	1	2c7833cb652b8a0440e763822e458b5192a43bf2d8b8c41d18868bc2a5c9c631	176	141	39	0.5602836879432624	0.0	0.0	0.0	0.004303066988222338	242.0	0.0	0.5266789373122059
HER2ST_manual_controlled	HER2ST_B1_CONTROLLED__reverse	HER2ST_B1_CONTROLLED	HER2ST::B	reverse	uot	cost_features_500	multioutput_ridge	1.0	2	random_gate	0.8	2	2c7833cb652b8a0440e763822e458b5192a43bf2d8b8c41d18868bc2a5c9c631	176	141	39	0.5531914893617021	0.0	0.0	0.0	0.00429478993437902	243.0	0.0	0.5240027822109127
HER2ST_manual_controlled	HER2ST_B1_CONTROLLED__reverse	HER2ST_B1_CONTROLLED	HER2ST::B	reverse	uot	cost_features_500	multioutput_ridge	1.0	2	random_gate	0.8	3	2c7833cb652b8a0440e763822e458b5192a43bf2d8b8c41d18868bc2a5c9c631	176	141	39	0.5815602836879432	0.0	0.0	0.0	0.004304969092203657	243.0	0.0	0.5275156981953363
HER2ST_manual_controlled	HER2ST_B1_CONTROLLED__reverse	HER2ST_B1_CONTROLLED	HER2ST::B	reverse	uot	cost_features_500	multioutput_ridge	1.0	2	random_gate	0.8	4	2c7833cb652b8a0440e763822e458b5192a43bf2d8b8c41d18868bc2a5c9c631	176	141	39	0.5673758865248227	0.0	0.0	0.0	0.004298729717292081	243.0	0.0	0.5257634632859303
HER2ST_manual_controlled	HER2ST_B1_CONTROLLED__reverse	HER2ST_B1_CONTROLLED	HER2ST::B	reverse	uot	cost_features_500	multioutput_ridge	1.0	3	identity_no_training	0.0	0	2c7833cb652b8a0440e763822e458b5192a43bf2d8b8c41d18868bc2a5c9c631	176	0	39		0.9230769230769231	1.0	1.0	0.9487179487179487	1.0	0.9743589743589743	0.40787859327299264
HER2ST_manual_controlled	HER2ST_B1_CONTROLLED__reverse	HER2ST_B1_CONTROLLED	HER2ST::B	reverse	uot	cost_features_500	multioutput_ridge	1.0	3	all_top1	1.0	0	2c7833cb652b8a0440e763822e458b5192a43bf2d8b8c41d18868bc2a5c9c631	176	176	39	0.7329545454545454	0.0	0.02564102564102564	0.02564102564102564	0.017166786043949934	107.0	0.02564102564102564	0.8444227931705145
HER2ST_manual_controlled	HER2ST_B1_CONTROLLED__reverse	HER2ST_B1_CONTROLLED	HER2ST::B	reverse	uot	cost_features_500	multioutput_ridge	1.0	3	max_probability_gate	0.8	0	2c7833cb652b8a0440e763822e458b5192a43bf2d8b8c41d18868bc2a5c9c631	176	141	39	0.7163120567375887	0.0	0.02564102564102564	0.02564102564102564	0.016761070353422655	108.0	0.02564102564102564	0.8393975830979974
HER2ST_manual_controlled	HER2ST_B1_CONTROLLED__reverse	HER2ST_B1_CONTROLLED	HER2ST::B	reverse	uot	cost_features_500	multioutput_ridge	1.0	3	top2_margin_gate	0.8	0	2c7833cb652b8a0440e763822e458b5192a43bf2d8b8c41d18868bc2a5c9c631	176	141	39	0.8652482269503546	0.0	0.0	0.02564102564102564	0.015296597813362792	107.0	0.02564102564102564	0.8439285851811635
HER2ST_manual_controlled	HER2ST_B1_CONTROLLED__reverse	HER2ST_B1_CONTROLLED	HER2ST::B	reverse	uot	cost_features_500	multioutput_ridge	1.0	3	oracle_truth	0.8	0	2c7833cb652b8a0440e763822e458b5192a43bf2d8b8c41d18868bc2a5c9c631	176	141	39	1.0	0.0	0.0	0.02564102564102564	0.014298819313616403	109.0	0.02564102564102564	0.8449800134302604
HER2ST_manual_controlled	HER2ST_B1_CONTROLLED__reverse	HER2ST_B1_CONTROLLED	HER2ST::B	reverse	uot	cost_features_500	multioutput_ridge	1.0	3	random_gate	0.8	0	2c7833cb652b8a0440e763822e458b5192a43bf2d8b8c41d18868bc2a5c9c631	176	141	39	0.723404255319149	0.0	0.02564102564102564	0.02564102564102564	0.01703417928483968	109.0	0.02564102564102564	0.8435381295540174
HER2ST_manual_controlled	HER2ST_B1_CONTROLLED__reverse	HER2ST_B1_CONTROLLED	HER2ST::B	reverse	uot	cost_features_500	multioutput_ridge	1.0	3	random_gate	0.8	1	2c7833cb652b8a0440e763822e458b5192a43bf2d8b8c41d18868bc2a5c9c631	176	141	39	0.7375886524822695	0.0	0.0	0.02564102564102564	0.014029097585645002	110.0	0.02564102564102564	0.8447257383416277
HER2ST_manual_controlled	HER2ST_B1_CONTROLLED__reverse	HER2ST_B1_CONTROLLED	HER2ST::B	reverse	uot	cost_features_500	multioutput_ridge	1.0	3	random_gate	0.8	2	2c7833cb652b8a0440e763822e458b5192a43bf2d8b8c41d18868bc2a5c9c631	176	141	39	0.7092198581560284	0.0	0.02564102564102564	0.02564102564102564	0.015734781848000794	108.0	0.02564102564102564	0.8434311265430643
HER2ST_manual_controlled	HER2ST_B1_CONTROLLED__reverse	HER2ST_B1_CONTROLLED	HER2ST::B	reverse	uot	cost_features_500	multioutput_ridge	1.0	3	random_gate	0.8	3	2c7833cb652b8a0440e763822e458b5192a43bf2d8b8c41d18868bc2a5c9c631	176	141	39	0.7021276595744681	0.0	0.0	0.02564102564102564	0.014864732938017454	109.0	0.02564102564102564	0.8432691834305996
HER2ST_manual_controlled	HER2ST_B1_CONTROLLED__reverse	HER2ST_B1_CONTROLLED	HER2ST::B	reverse	uot	cost_features_500	multioutput_ridge	1.0	3	random_gate	0.8	4	2c7833cb652b8a0440e763822e458b5192a43bf2d8b8c41d18868bc2a5c9c631	176	141	39	0.7659574468085106	0.0	0.02564102564102564	0.02564102564102564	0.017113112561627352	110.0	0.02564102564102564	0.8443551339265796
HER2ST_manual_controlled	HER2ST_B1_CONTROLLED__reverse	HER2ST_B1_CONTROLLED	HER2ST::B	reverse	uot	cost_features_500	multioutput_ridge	1.0	4	identity_no_training	0.0	0	2c7833cb652b8a0440e763822e458b5192a43bf2d8b8c41d18868bc2a5c9c631	172	0	43		0.8604651162790697	0.9534883720930233	0.9767441860465116	0.8978405315614619	1.0	0.9534883720930233	0.40952454923203857
HER2ST_manual_controlled	HER2ST_B1_CONTROLLED__reverse	HER2ST_B1_CONTROLLED	HER2ST::B	reverse	uot	cost_features_500	multioutput_ridge	1.0	4	all_top1	1.0	0	2c7833cb652b8a0440e763822e458b5192a43bf2d8b8c41d18868bc2a5c9c631	172	172	43	0.622093023255814	0.0	0.0	0.023255813953488372	0.014880965417380413	91.0	0.4186046511627907	0.7967281421353999
HER2ST_manual_controlled	HER2ST_B1_CONTROLLED__reverse	HER2ST_B1_CONTROLLED	HER2ST::B	reverse	uot	cost_features_500	multioutput_ridge	1.0	4	max_probability_gate	0.8	0	2c7833cb652b8a0440e763822e458b5192a43bf2d8b8c41d18868bc2a5c9c631	172	138	43	0.6159420289855072	0.0	0.023255813953488372	0.023255813953488372	0.01667439970788434	90.0	0.4186046511627907	0.79522696600267
HER2ST_manual_controlled	HER2ST_B1_CONTROLLED__reverse	HER2ST_B1_CONTROLLED	HER2ST::B	reverse	uot	cost_features_500	multioutput_ridge	1.0	4	top2_margin_gate	0.8	0	2c7833cb652b8a0440e763822e458b5192a43bf2d8b8c41d18868bc2a5c9c631	172	138	43	0.7246376811594203	0.0	0.0	0.023255813953488372	0.015591319003472904	91.0	0.4186046511627907	0.7936477401302515
HER2ST_manual_controlled	HER2ST_B1_CONTROLLED__reverse	HER2ST_B1_CONTROLLED	HER2ST::B	reverse	uot	cost_features_500	multioutput_ridge	1.0	4	oracle_truth	0.8	0	2c7833cb652b8a0440e763822e458b5192a43bf2d8b8c41d18868bc2a5c9c631	172	138	43	1.0	0.0	0.0	0.0	0.013840707514786403	89.0	0.4186046511627907	0.7975535771121058
HER2ST_manual_controlled	HER2ST_B1_CONTROLLED__reverse	HER2ST_B1_CONTROLLED	HER2ST::B	reverse	uot	cost_features_500	multioutput_ridge	1.0	4	random_gate	0.8	0	2c7833cb652b8a0440e763822e458b5192a43bf2d8b8c41d18868bc2a5c9c631	172	138	43	0.6304347826086957	0.0	0.0	0.023255813953488372	0.015689371667171593	92.0	0.4186046511627907	0.7958418643240107
HER2ST_manual_controlled	HER2ST_B1_CONTROLLED__reverse	HER2ST_B1_CONTROLLED	HER2ST::B	reverse	uot	cost_features_500	multioutput_ridge	1.0	4	random_gate	0.8	1	2c7833cb652b8a0440e763822e458b5192a43bf2d8b8c41d18868bc2a5c9c631	172	138	43	0.5869565217391305	0.0	0.0	0.023255813953488372	0.015617429111196535	91.0	0.4186046511627907	0.7953916763766724
HER2ST_manual_controlled	HER2ST_B1_CONTROLLED__reverse	HER2ST_B1_CONTROLLED	HER2ST::B	reverse	uot	cost_features_500	multioutput_ridge	1.0	4	random_gate	0.8	2	2c7833cb652b8a0440e763822e458b5192a43bf2d8b8c41d18868bc2a5c9c631	172	138	43	0.644927536231884	0.0	0.023255813953488372	0.023255813953488372	0.01649322757887296	90.0	0.4186046511627907	0.7956727436928245
HER2ST_manual_controlled	HER2ST_B1_CONTROLLED__reverse	HER2ST_B1_CONTROLLED	HER2ST::B	reverse	uot	cost_features_500	multioutput_ridge	1.0	4	random_gate	0.8	3	2c7833cb652b8a0440e763822e458b5192a43bf2d8b8c41d18868bc2a5c9c631	172	138	43	0.6086956521739131	0.0	0.0	0.023255813953488372	0.015882509667252628	90.0	0.4186046511627907	0.7959670508415324
HER2ST_manual_controlled	HER2ST_B1_CONTROLLED__reverse	HER2ST_B1_CONTROLLED	HER2ST::B	reverse	uot	cost_features_500	multioutput_ridge	1.0	4	random_gate	0.8	4	2c7833cb652b8a0440e763822e458b5192a43bf2d8b8c41d18868bc2a5c9c631	172	138	43	0.6304347826086957	0.0	0.0	0.023255813953488372	0.01569066187533136	91.0	0.4186046511627907	0.794425725455699
HER2ST_manual_controlled	HER2ST_B1_CONTROLLED__reverse	HER2ST_B1_CONTROLLED	HER2ST::B	reverse	row_softmax	cost_features_500	multioutput_ridge	1.0	0	identity_no_training	0.0	0	2c7833cb652b8a0440e763822e458b5192a43bf2d8b8c41d18868bc2a5c9c631	168	0	47		0.9787234042553191	1.0	1.0	0.9893617021276596	1.0	1.0	0.40840731710207995
HER2ST_manual_controlled	HER2ST_B1_CONTROLLED__reverse	HER2ST_B1_CONTROLLED	HER2ST::B	reverse	row_softmax	cost_features_500	multioutput_ridge	1.0	0	all_top1	1.0	0	2c7833cb652b8a0440e763822e458b5192a43bf2d8b8c41d18868bc2a5c9c631	168	168	47	0.7976190476190477	0.0	0.0	0.0	0.0071074491118565215	175.0	0.0	0.7137086233821811
HER2ST_manual_controlled	HER2ST_B1_CONTROLLED__reverse	HER2ST_B1_CONTROLLED	HER2ST::B	reverse	row_softmax	cost_features_500	multioutput_ridge	1.0	0	max_probability_gate	0.8	0	2c7833cb652b8a0440e763822e458b5192a43bf2d8b8c41d18868bc2a5c9c631	168	135	47	0.762962962962963	0.0	0.0	0.0	0.007111901253838986	173.0	0.0	0.7125902275223257
HER2ST_manual_controlled	HER2ST_B1_CONTROLLED__reverse	HER2ST_B1_CONTROLLED	HER2ST::B	reverse	row_softmax	cost_features_500	multioutput_ridge	1.0	0	top2_margin_gate	0.8	0	2c7833cb652b8a0440e763822e458b5192a43bf2d8b8c41d18868bc2a5c9c631	168	135	47	0.9259259259259259	0.0	0.0	0.0	0.007141222374068074	175.0	0.0	0.7144664681634899
HER2ST_manual_controlled	HER2ST_B1_CONTROLLED__reverse	HER2ST_B1_CONTROLLED	HER2ST::B	reverse	row_softmax	cost_features_500	multioutput_ridge	1.0	0	oracle_truth	0.8	0	2c7833cb652b8a0440e763822e458b5192a43bf2d8b8c41d18868bc2a5c9c631	168	135	47	1.0	0.0	0.0	0.0	0.007016809466419553	176.0	0.0	0.7120797019381405
HER2ST_manual_controlled	HER2ST_B1_CONTROLLED__reverse	HER2ST_B1_CONTROLLED	HER2ST::B	reverse	row_softmax	cost_features_500	multioutput_ridge	1.0	0	random_gate	0.8	0	2c7833cb652b8a0440e763822e458b5192a43bf2d8b8c41d18868bc2a5c9c631	168	135	47	0.8	0.0	0.0	0.0	0.007057480655081635	175.0	0.0	0.7108962203975187
HER2ST_manual_controlled	HER2ST_B1_CONTROLLED__reverse	HER2ST_B1_CONTROLLED	HER2ST::B	reverse	row_softmax	cost_features_500	multioutput_ridge	1.0	0	random_gate	0.8	1	2c7833cb652b8a0440e763822e458b5192a43bf2d8b8c41d18868bc2a5c9c631	168	135	47	0.7925925925925926	0.0	0.0	0.0	0.007085611264789486	174.0	0.0	0.7126902901860933
HER2ST_manual_controlled	HER2ST_B1_CONTROLLED__reverse	HER2ST_B1_CONTROLLED	HER2ST::B	reverse	row_softmax	cost_features_500	multioutput_ridge	1.0	0	random_gate	0.8	2	2c7833cb652b8a0440e763822e458b5192a43bf2d8b8c41d18868bc2a5c9c631	168	135	47	0.7925925925925926	0.0	0.0	0.0	0.007037102799008566	174.0	0.0	0.7118201566896775
HER2ST_manual_controlled	HER2ST_B1_CONTROLLED__reverse	HER2ST_B1_CONTROLLED	HER2ST::B	reverse	row_softmax	cost_features_500	multioutput_ridge	1.0	0	random_gate	0.8	3	2c7833cb652b8a0440e763822e458b5192a43bf2d8b8c41d18868bc2a5c9c631	168	135	47	0.8	0.0	0.0	0.0	0.007053689484579234	177.0	0.0	0.711729364643036
HER2ST_manual_controlled	HER2ST_B1_CONTROLLED__reverse	HER2ST_B1_CONTROLLED	HER2ST::B	reverse	row_softmax	cost_features_500	multioutput_ridge	1.0	0	random_gate	0.8	4	2c7833cb652b8a0440e763822e458b5192a43bf2d8b8c41d18868bc2a5c9c631	168	135	47	0.8074074074074075	0.0	0.0	0.0	0.007059955555141215	176.0	0.0	0.7117848960460299
HER2ST_manual_controlled	HER2ST_B1_CONTROLLED__reverse	HER2ST_B1_CONTROLLED	HER2ST::B	reverse	row_softmax	cost_features_500	multioutput_ridge	1.0	1	identity_no_training	0.0	0	2c7833cb652b8a0440e763822e458b5192a43bf2d8b8c41d18868bc2a5c9c631	168	0	47		0.5531914893617021	0.8936170212765957	0.9148936170212766	0.7120646492986918	1.0	0.7872340425531915	0.40328502260249394
HER2ST_manual_controlled	HER2ST_B1_CONTROLLED__reverse	HER2ST_B1_CONTROLLED	HER2ST::B	reverse	row_softmax	cost_features_500	multioutput_ridge	1.0	1	all_top1	1.0	0	2c7833cb652b8a0440e763822e458b5192a43bf2d8b8c41d18868bc2a5c9c631	168	168	47	0.9166666666666666	0.0	0.1276595744680851	0.23404255319148937	0.0845386041714902	24.0	0.9361702127659575	0.9434080702206843
HER2ST_manual_controlled	HER2ST_B1_CONTROLLED__reverse	HER2ST_B1_CONTROLLED	HER2ST::B	reverse	row_softmax	cost_features_500	multioutput_ridge	1.0	1	max_probability_gate	0.8	0	2c7833cb652b8a0440e763822e458b5192a43bf2d8b8c41d18868bc2a5c9c631	168	135	47	0.9037037037037037	0.0425531914893617	0.1276595744680851	0.2127659574468085	0.11234394101312596	24.0	0.9361702127659575	0.9417768100913114
HER2ST_manual_controlled	HER2ST_B1_CONTROLLED__reverse	HER2ST_B1_CONTROLLED	HER2ST::B	reverse	row_softmax	cost_features_500	multioutput_ridge	1.0	1	top2_margin_gate	0.8	0	2c7833cb652b8a0440e763822e458b5192a43bf2d8b8c41d18868bc2a5c9c631	168	135	47	1.0	0.0	0.1276595744680851	0.23404255319148937	0.08199204440011815	25.0	0.9361702127659575	0.9230929525580387
HER2ST_manual_controlled	HER2ST_B1_CONTROLLED__reverse	HER2ST_B1_CONTROLLED	HER2ST::B	reverse	row_softmax	cost_features_500	multioutput_ridge	1.0	1	oracle_truth	0.8	0	2c7833cb652b8a0440e763822e458b5192a43bf2d8b8c41d18868bc2a5c9c631	168	135	47	1.0	0.0425531914893617	0.1276595744680851	0.19148936170212766	0.10948048967775983	25.0	0.9361702127659575	0.9425288320918899
HER2ST_manual_controlled	HER2ST_B1_CONTROLLED__reverse	HER2ST_B1_CONTROLLED	HER2ST::B	reverse	row_softmax	cost_features_500	multioutput_ridge	1.0	1	random_gate	0.8	0	2c7833cb652b8a0440e763822e458b5192a43bf2d8b8c41d18868bc2a5c9c631	168	135	47	0.8962962962962963	0.02127659574468085	0.1276595744680851	0.2127659574468085	0.09274652179378359	24.0	0.9361702127659575	0.9438271420643729
HER2ST_manual_controlled	HER2ST_B1_CONTROLLED__reverse	HER2ST_B1_CONTROLLED	HER2ST::B	reverse	row_softmax	cost_features_500	multioutput_ridge	1.0	1	random_gate	0.8	1	2c7833cb652b8a0440e763822e458b5192a43bf2d8b8c41d18868bc2a5c9c631	168	135	47	0.9111111111111111	0.02127659574468085	0.14893617021276595	0.23404255319148937	0.10585281231358891	24.0	0.9361702127659575	0.9417257851817858
HER2ST_manual_controlled	HER2ST_B1_CONTROLLED__reverse	HER2ST_B1_CONTROLLED	HER2ST::B	reverse	row_softmax	cost_features_500	multioutput_ridge	1.0	1	random_gate	0.8	2	2c7833cb652b8a0440e763822e458b5192a43bf2d8b8c41d18868bc2a5c9c631	168	135	47	0.9037037037037037	0.02127659574468085	0.1276595744680851	0.23404255319148937	0.0962005608891171	24.0	0.9361702127659575	0.9435370204325662
HER2ST_manual_controlled	HER2ST_B1_CONTROLLED__reverse	HER2ST_B1_CONTROLLED	HER2ST::B	reverse	row_softmax	cost_features_500	multioutput_ridge	1.0	1	random_gate	0.8	3	2c7833cb652b8a0440e763822e458b5192a43bf2d8b8c41d18868bc2a5c9c631	168	135	47	0.8962962962962963	0.0	0.1276595744680851	0.23404255319148937	0.08831485993982939	25.0	0.9361702127659575	0.9439163578721191
HER2ST_manual_controlled	HER2ST_B1_CONTROLLED__reverse	HER2ST_B1_CONTROLLED	HER2ST::B	reverse	row_softmax	cost_features_500	multioutput_ridge	1.0	1	random_gate	0.8	4	2c7833cb652b8a0440e763822e458b5192a43bf2d8b8c41d18868bc2a5c9c631	168	135	47	0.9111111111111111	0.02127659574468085	0.10638297872340426	0.2127659574468085	0.09648303544972901	24.0	0.9361702127659575	0.9425856047223952
HER2ST_manual_controlled	HER2ST_B1_CONTROLLED__reverse	HER2ST_B1_CONTROLLED	HER2ST::B	reverse	row_softmax	cost_features_500	multioutput_ridge	1.0	2	identity_no_training	0.0	0	2c7833cb652b8a0440e763822e458b5192a43bf2d8b8c41d18868bc2a5c9c631	176	0	39		1.0	1.0	1.0	1.0	1.0	1.0	0.39990994457995693
HER2ST_manual_controlled	HER2ST_B1_CONTROLLED__reverse	HER2ST_B1_CONTROLLED	HER2ST::B	reverse	row_softmax	cost_features_500	multioutput_ridge	1.0	2	all_top1	1.0	0	2c7833cb652b8a0440e763822e458b5192a43bf2d8b8c41d18868bc2a5c9c631	176	176	39	0.8068181818181818	0.0	0.0	0.0	0.004329826166249885	241.0	0.0	0.5310233331392279
HER2ST_manual_controlled	HER2ST_B1_CONTROLLED__reverse	HER2ST_B1_CONTROLLED	HER2ST::B	reverse	row_softmax	cost_features_500	multioutput_ridge	1.0	2	max_probability_gate	0.8	0	2c7833cb652b8a0440e763822e458b5192a43bf2d8b8c41d18868bc2a5c9c631	176	141	39	0.7659574468085106	0.0	0.0	0.0	0.004307804120864165	242.0	0.0	0.5279494177397819
HER2ST_manual_controlled	HER2ST_B1_CONTROLLED__reverse	HER2ST_B1_CONTROLLED	HER2ST::B	reverse	row_softmax	cost_features_500	multioutput_ridge	1.0	2	top2_margin_gate	0.8	0	2c7833cb652b8a0440e763822e458b5192a43bf2d8b8c41d18868bc2a5c9c631	176	141	39	0.9290780141843972	0.0	0.0	0.0	0.004323280974069106	241.0	0.0	0.5312818219114526
HER2ST_manual_controlled	HER2ST_B1_CONTROLLED__reverse	HER2ST_B1_CONTROLLED	HER2ST::B	reverse	row_softmax	cost_features_500	multioutput_ridge	1.0	2	oracle_truth	0.8	0	2c7833cb652b8a0440e763822e458b5192a43bf2d8b8c41d18868bc2a5c9c631	176	141	39	1.0	0.0	0.0	0.0	0.004317289196193427	243.0	0.0	0.5278961231388586
HER2ST_manual_controlled	HER2ST_B1_CONTROLLED__reverse	HER2ST_B1_CONTROLLED	HER2ST::B	reverse	row_softmax	cost_features_500	multioutput_ridge	1.0	2	random_gate	0.8	0	2c7833cb652b8a0440e763822e458b5192a43bf2d8b8c41d18868bc2a5c9c631	176	141	39	0.7943262411347518	0.0	0.0	0.0	0.00431202613462695	243.0	0.0	0.5265198732387317
HER2ST_manual_controlled	HER2ST_B1_CONTROLLED__reverse	HER2ST_B1_CONTROLLED	HER2ST::B	reverse	row_softmax	cost_features_500	multioutput_ridge	1.0	2	random_gate	0.8	1	2c7833cb652b8a0440e763822e458b5192a43bf2d8b8c41d18868bc2a5c9c631	176	141	39	0.8085106382978723	0.0	0.0	0.0	0.004312880858662239	242.0	0.0	0.5274875469002577
HER2ST_manual_controlled	HER2ST_B1_CONTROLLED__reverse	HER2ST_B1_CONTROLLED	HER2ST::B	reverse	row_softmax	cost_features_500	multioutput_ridge	1.0	2	random_gate	0.8	2	2c7833cb652b8a0440e763822e458b5192a43bf2d8b8c41d18868bc2a5c9c631	176	141	39	0.7943262411347518	0.0	0.0	0.0	0.00431032628480917	242.0	0.0	0.5263640231983995
HER2ST_manual_controlled	HER2ST_B1_CONTROLLED__reverse	HER2ST_B1_CONTROLLED	HER2ST::B	reverse	row_softmax	cost_features_500	multioutput_ridge	1.0	2	random_gate	0.8	3	2c7833cb652b8a0440e763822e458b5192a43bf2d8b8c41d18868bc2a5c9c631	176	141	39	0.8156028368794326	0.0	0.0	0.0	0.00431829135819151	242.0	0.0	0.5282465384847135
HER2ST_manual_controlled	HER2ST_B1_CONTROLLED__reverse	HER2ST_B1_CONTROLLED	HER2ST::B	reverse	row_softmax	cost_features_500	multioutput_ridge	1.0	2	random_gate	0.8	4	2c7833cb652b8a0440e763822e458b5192a43bf2d8b8c41d18868bc2a5c9c631	176	141	39	0.8156028368794326	0.0	0.0	0.0	0.0043125342418802864	242.0	0.0	0.5285961661038109
HER2ST_manual_controlled	HER2ST_B1_CONTROLLED__reverse	HER2ST_B1_CONTROLLED	HER2ST::B	reverse	row_softmax	cost_features_500	multioutput_ridge	1.0	3	identity_no_training	0.0	0	2c7833cb652b8a0440e763822e458b5192a43bf2d8b8c41d18868bc2a5c9c631	176	0	39		0.9230769230769231	1.0	1.0	0.9487179487179487	1.0	0.9743589743589743	0.40787859327299264
HER2ST_manual_controlled	HER2ST_B1_CONTROLLED__reverse	HER2ST_B1_CONTROLLED	HER2ST::B	reverse	row_softmax	cost_features_500	multioutput_ridge	1.0	3	all_top1	1.0	0	2c7833cb652b8a0440e763822e458b5192a43bf2d8b8c41d18868bc2a5c9c631	176	176	39	0.8068181818181818	0.0	0.02564102564102564	0.02564102564102564	0.015896086268055092	108.0	0.02564102564102564	0.8449435860332929
HER2ST_manual_controlled	HER2ST_B1_CONTROLLED__reverse	HER2ST_B1_CONTROLLED	HER2ST::B	reverse	row_softmax	cost_features_500	multioutput_ridge	1.0	3	max_probability_gate	0.8	0	2c7833cb652b8a0440e763822e458b5192a43bf2d8b8c41d18868bc2a5c9c631	176	141	39	0.7659574468085106	0.0	0.02564102564102564	0.02564102564102564	0.01560209054034471	109.0	0.02564102564102564	0.8405990579066474
HER2ST_manual_controlled	HER2ST_B1_CONTROLLED__reverse	HER2ST_B1_CONTROLLED	HER2ST::B	reverse	row_softmax	cost_features_500	multioutput_ridge	1.0	3	top2_margin_gate	0.8	0	2c7833cb652b8a0440e763822e458b5192a43bf2d8b8c41d18868bc2a5c9c631	176	141	39	0.9290780141843972	0.0	0.0	0.02564102564102564	0.01447433227380714	107.0	0.02564102564102564	0.8454308181857447
HER2ST_manual_controlled	HER2ST_B1_CONTROLLED__reverse	HER2ST_B1_CONTROLLED	HER2ST::B	reverse	row_softmax	cost_features_500	multioutput_ridge	1.0	3	oracle_truth	0.8	0	2c7833cb652b8a0440e763822e458b5192a43bf2d8b8c41d18868bc2a5c9c631	176	141	39	1.0	0.0	0.0	0.02564102564102564	0.014110993473437965	111.0	0.02564102564102564	0.845861246255073
HER2ST_manual_controlled	HER2ST_B1_CONTROLLED__reverse	HER2ST_B1_CONTROLLED	HER2ST::B	reverse	row_softmax	cost_features_500	multioutput_ridge	1.0	3	random_gate	0.8	0	2c7833cb652b8a0440e763822e458b5192a43bf2d8b8c41d18868bc2a5c9c631	176	141	39	0.8014184397163121	0.0	0.02564102564102564	0.02564102564102564	0.015872227359468354	109.0	0.02564102564102564	0.8437549585902221
HER2ST_manual_controlled	HER2ST_B1_CONTROLLED__reverse	HER2ST_B1_CONTROLLED	HER2ST::B	reverse	row_softmax	cost_features_500	multioutput_ridge	1.0	3	random_gate	0.8	1	2c7833cb652b8a0440e763822e458b5192a43bf2d8b8c41d18868bc2a5c9c631	176	141	39	0.8368794326241135	0.0	0.0	0.02564102564102564	0.014293882913914476	109.0	0.02564102564102564	0.8451896695019585
HER2ST_manual_controlled	HER2ST_B1_CONTROLLED__reverse	HER2ST_B1_CONTROLLED	HER2ST::B	reverse	row_softmax	cost_features_500	multioutput_ridge	1.0	3	random_gate	0.8	2	2c7833cb652b8a0440e763822e458b5192a43bf2d8b8c41d18868bc2a5c9c631	176	141	39	0.8156028368794326	0.0	0.0	0.02564102564102564	0.014958332001421094	109.0	0.02564102564102564	0.8442470043300678
HER2ST_manual_controlled	HER2ST_B1_CONTROLLED__reverse	HER2ST_B1_CONTROLLED	HER2ST::B	reverse	row_softmax	cost_features_500	multioutput_ridge	1.0	3	random_gate	0.8	3	2c7833cb652b8a0440e763822e458b5192a43bf2d8b8c41d18868bc2a5c9c631	176	141	39	0.8439716312056738	0.0	0.0	0.02564102564102564	0.015158214723156852	109.0	0.02564102564102564	0.8446493782410918
HER2ST_manual_controlled	HER2ST_B1_CONTROLLED__reverse	HER2ST_B1_CONTROLLED	HER2ST::B	reverse	row_softmax	cost_features_500	multioutput_ridge	1.0	3	random_gate	0.8	4	2c7833cb652b8a0440e763822e458b5192a43bf2d8b8c41d18868bc2a5c9c631	176	141	39	0.8014184397163121	0.0	0.0	0.02564102564102564	0.01539865808337605	108.0	0.02564102564102564	0.8445772160432636
HER2ST_manual_controlled	HER2ST_B1_CONTROLLED__reverse	HER2ST_B1_CONTROLLED	HER2ST::B	reverse	row_softmax	cost_features_500	multioutput_ridge	1.0	4	identity_no_training	0.0	0	2c7833cb652b8a0440e763822e458b5192a43bf2d8b8c41d18868bc2a5c9c631	172	0	43		0.8604651162790697	0.9534883720930233	0.9767441860465116	0.8978405315614619	1.0	0.9534883720930233	0.40952454923203857
HER2ST_manual_controlled	HER2ST_B1_CONTROLLED__reverse	HER2ST_B1_CONTROLLED	HER2ST::B	reverse	row_softmax	cost_features_500	multioutput_ridge	1.0	4	all_top1	1.0	0	2c7833cb652b8a0440e763822e458b5192a43bf2d8b8c41d18868bc2a5c9c631	172	172	43	0.8837209302325582	0.0	0.0	0.0	0.014039410907103896	88.0	0.4186046511627907	0.7989917632269239
HER2ST_manual_controlled	HER2ST_B1_CONTROLLED__reverse	HER2ST_B1_CONTROLLED	HER2ST::B	reverse	row_softmax	cost_features_500	multioutput_ridge	1.0	4	max_probability_gate	0.8	0	2c7833cb652b8a0440e763822e458b5192a43bf2d8b8c41d18868bc2a5c9c631	172	138	43	0.855072463768116	0.0	0.0	0.0	0.013931940804232207	86.0	0.4186046511627907	0.7980800771872841
HER2ST_manual_controlled	HER2ST_B1_CONTROLLED__reverse	HER2ST_B1_CONTROLLED	HER2ST::B	reverse	row_softmax	cost_features_500	multioutput_ridge	1.0	4	top2_margin_gate	0.8	0	2c7833cb652b8a0440e763822e458b5192a43bf2d8b8c41d18868bc2a5c9c631	172	138	43	0.9565217391304348	0.0	0.0	0.023255813953488372	0.014800599313337617	89.0	0.4186046511627907	0.794251793016977
HER2ST_manual_controlled	HER2ST_B1_CONTROLLED__reverse	HER2ST_B1_CONTROLLED	HER2ST::B	reverse	row_softmax	cost_features_500	multioutput_ridge	1.0	4	oracle_truth	0.8	0	2c7833cb652b8a0440e763822e458b5192a43bf2d8b8c41d18868bc2a5c9c631	172	138	43	1.0	0.0	0.0	0.023255813953488372	0.01509183766766701	90.0	0.4186046511627907	0.797326180726134
HER2ST_manual_controlled	HER2ST_B1_CONTROLLED__reverse	HER2ST_B1_CONTROLLED	HER2ST::B	reverse	row_softmax	cost_features_500	multioutput_ridge	1.0	4	random_gate	0.8	0	2c7833cb652b8a0440e763822e458b5192a43bf2d8b8c41d18868bc2a5c9c631	172	138	43	0.8768115942028986	0.0	0.0	0.0	0.01367419527050105	89.0	0.4186046511627907	0.7969944979905724
HER2ST_manual_controlled	HER2ST_B1_CONTROLLED__reverse	HER2ST_B1_CONTROLLED	HER2ST::B	reverse	row_softmax	cost_features_500	multioutput_ridge	1.0	4	random_gate	0.8	1	2c7833cb652b8a0440e763822e458b5192a43bf2d8b8c41d18868bc2a5c9c631	172	138	43	0.8913043478260869	0.0	0.0	0.023255813953488372	0.014225093186174409	88.0	0.4186046511627907	0.797026810200024
HER2ST_manual_controlled	HER2ST_B1_CONTROLLED__reverse	HER2ST_B1_CONTROLLED	HER2ST::B	reverse	row_softmax	cost_features_500	multioutput_ridge	1.0	4	random_gate	0.8	2	2c7833cb652b8a0440e763822e458b5192a43bf2d8b8c41d18868bc2a5c9c631	172	138	43	0.8840579710144928	0.0	0.0	0.023255813953488372	0.014417322086669244	88.0	0.4186046511627907	0.7976879310725928
HER2ST_manual_controlled	HER2ST_B1_CONTROLLED__reverse	HER2ST_B1_CONTROLLED	HER2ST::B	reverse	row_softmax	cost_features_500	multioutput_ridge	1.0	4	random_gate	0.8	3	2c7833cb652b8a0440e763822e458b5192a43bf2d8b8c41d18868bc2a5c9c631	172	138	43	0.8768115942028986	0.0	0.0	0.0	0.01374648170304496	87.0	0.4186046511627907	0.7973714854715781
HER2ST_manual_controlled	HER2ST_B1_CONTROLLED__reverse	HER2ST_B1_CONTROLLED	HER2ST::B	reverse	row_softmax	cost_features_500	multioutput_ridge	1.0	4	random_gate	0.8	4	2c7833cb652b8a0440e763822e458b5192a43bf2d8b8c41d18868bc2a5c9c631	172	138	43	0.9057971014492754	0.0	0.0	0.0	0.013700743681485047	90.0	0.4186046511627907	0.7978274118486977
HER2ST_manual_controlled	HER2ST_C1_CONTROLLED	HER2ST_C1_CONTROLLED	HER2ST::C	forward	balanced_ot	cost_features_500	multioutput_ridge	1.0	0	identity_no_training	0.0	0	c765bf64817cd03ee2af2425c7e951d3e965cec9407c155e1aeac90f9436aaac	115	0	19		0.0	0.3157894736842105	0.5789473684210527	0.19799026260528485	9.0	1.0	0.4175518972319594
HER2ST_manual_controlled	HER2ST_C1_CONTROLLED	HER2ST_C1_CONTROLLED	HER2ST::C	forward	balanced_ot	cost_features_500	multioutput_ridge	1.0	0	all_top1	1.0	0	c765bf64817cd03ee2af2425c7e951d3e965cec9407c155e1aeac90f9436aaac	115	115	19	0.6	0.0	0.0	0.05263157894736842	0.027182844034884978	74.0	1.0	0.8132899106480863
HER2ST_manual_controlled	HER2ST_C1_CONTROLLED	HER2ST_C1_CONTROLLED	HER2ST::C	forward	balanced_ot	cost_features_500	multioutput_ridge	1.0	0	max_probability_gate	0.8	0	c765bf64817cd03ee2af2425c7e951d3e965cec9407c155e1aeac90f9436aaac	115	92	19	0.6195652173913043	0.0	0.0	0.10526315789473684	0.029241322010630556	80.0	1.0	0.8107064261092235
HER2ST_manual_controlled	HER2ST_C1_CONTROLLED	HER2ST_C1_CONTROLLED	HER2ST::C	forward	balanced_ot	cost_features_500	multioutput_ridge	1.0	0	top2_margin_gate	0.8	0	c765bf64817cd03ee2af2425c7e951d3e965cec9407c155e1aeac90f9436aaac	115	92	19	0.7282608695652174	0.0	0.0	0.05263157894736842	0.029427436437640068	76.0	1.0	0.8105774843772553
HER2ST_manual_controlled	HER2ST_C1_CONTROLLED	HER2ST_C1_CONTROLLED	HER2ST::C	forward	balanced_ot	cost_features_500	multioutput_ridge	1.0	0	oracle_truth	0.8	0	c765bf64817cd03ee2af2425c7e951d3e965cec9407c155e1aeac90f9436aaac	115	92	19	1.0	0.0	0.0	0.05263157894736842	0.031243602070475725	68.0	1.0	0.8165761736554349
HER2ST_manual_controlled	HER2ST_C1_CONTROLLED	HER2ST_C1_CONTROLLED	HER2ST::C	forward	balanced_ot	cost_features_500	multioutput_ridge	1.0	0	random_gate	0.8	0	c765bf64817cd03ee2af2425c7e951d3e965cec9407c155e1aeac90f9436aaac	115	92	19	0.6086956521739131	0.0	0.0	0.0	0.02630821055782262	73.0	1.0	0.8130802298218022
HER2ST_manual_controlled	HER2ST_C1_CONTROLLED	HER2ST_C1_CONTROLLED	HER2ST::C	forward	balanced_ot	cost_features_500	multioutput_ridge	1.0	0	random_gate	0.8	1	c765bf64817cd03ee2af2425c7e951d3e965cec9407c155e1aeac90f9436aaac	115	92	19	0.6086956521739131	0.0	0.0	0.0	0.027148335440520952	70.0	1.0	0.8123985007789329
HER2ST_manual_controlled	HER2ST_C1_CONTROLLED	HER2ST_C1_CONTROLLED	HER2ST::C	forward	balanced_ot	cost_features_500	multioutput_ridge	1.0	0	random_gate	0.8	2	c765bf64817cd03ee2af2425c7e951d3e965cec9407c155e1aeac90f9436aaac	115	92	19	0.5760869565217391	0.0	0.0	0.05263157894736842	0.02858265524590916	74.0	1.0	0.8146740806011498
HER2ST_manual_controlled	HER2ST_C1_CONTROLLED	HER2ST_C1_CONTROLLED	HER2ST::C	forward	balanced_ot	cost_features_500	multioutput_ridge	1.0	0	random_gate	0.8	3	c765bf64817cd03ee2af2425c7e951d3e965cec9407c155e1aeac90f9436aaac	115	92	19	0.5978260869565217	0.0	0.0	0.10526315789473684	0.02962773427947325	76.0	1.0	0.8126266047208054
HER2ST_manual_controlled	HER2ST_C1_CONTROLLED	HER2ST_C1_CONTROLLED	HER2ST::C	forward	balanced_ot	cost_features_500	multioutput_ridge	1.0	0	random_gate	0.8	4	c765bf64817cd03ee2af2425c7e951d3e965cec9407c155e1aeac90f9436aaac	115	92	19	0.5543478260869565	0.0	0.0	0.05263157894736842	0.027083681376861422	74.0	1.0	0.812442834968505
HER2ST_manual_controlled	HER2ST_C1_CONTROLLED	HER2ST_C1_CONTROLLED	HER2ST::C	forward	balanced_ot	cost_features_500	multioutput_ridge	1.0	1	identity_no_training	0.0	0	c765bf64817cd03ee2af2425c7e951d3e965cec9407c155e1aeac90f9436aaac	104	0	30		0.3	0.7	0.7666666666666667	0.4721538381734461	2.5	1.0	0.42123904245210875
HER2ST_manual_controlled	HER2ST_C1_CONTROLLED	HER2ST_C1_CONTROLLED	HER2ST::C	forward	balanced_ot	cost_features_500	multioutput_ridge	1.0	1	all_top1	1.0	0	c765bf64817cd03ee2af2425c7e951d3e965cec9407c155e1aeac90f9436aaac	104	104	30	0.5288461538461539	0.0	0.06666666666666667	0.1	0.049946649658091126	61.0	0.8333333333333334	0.808628121446074
HER2ST_manual_controlled	HER2ST_C1_CONTROLLED	HER2ST_C1_CONTROLLED	HER2ST::C	forward	balanced_ot	cost_features_500	multioutput_ridge	1.0	1	max_probability_gate	0.8	0	c765bf64817cd03ee2af2425c7e951d3e965cec9407c155e1aeac90f9436aaac	104	84	30	0.5238095238095238	0.0	0.0	0.06666666666666667	0.02968474252827801	62.5	0.8666666666666667	0.8065659859254812
HER2ST_manual_controlled	HER2ST_C1_CONTROLLED	HER2ST_C1_CONTROLLED	HER2ST::C	forward	balanced_ot	cost_features_500	multioutput_ridge	1.0	1	top2_margin_gate	0.8	0	c765bf64817cd03ee2af2425c7e951d3e965cec9407c155e1aeac90f9436aaac	104	84	30	0.6190476190476191	0.0	0.03333333333333333	0.13333333333333333	0.04428968420182765	62.5	0.8666666666666667	0.8072886681597654
HER2ST_manual_controlled	HER2ST_C1_CONTROLLED	HER2ST_C1_CONTROLLED	HER2ST::C	forward	balanced_ot	cost_features_500	multioutput_ridge	1.0	1	oracle_truth	0.8	0	c765bf64817cd03ee2af2425c7e951d3e965cec9407c155e1aeac90f9436aaac	104	84	30	1.0	0.0	0.06666666666666667	0.1	0.03704342533519835	64.0	0.8666666666666667	0.8089940108584762
HER2ST_manual_controlled	HER2ST_C1_CONTROLLED	HER2ST_C1_CONTROLLED	HER2ST::C	forward	balanced_ot	cost_features_500	multioutput_ridge	1.0	1	random_gate	0.8	0	c765bf64817cd03ee2af2425c7e951d3e965cec9407c155e1aeac90f9436aaac	104	84	30	0.5476190476190477	0.0	0.03333333333333333	0.1	0.04283043376608051	60.5	0.8333333333333334	0.8079942428698591
HER2ST_manual_controlled	HER2ST_C1_CONTROLLED	HER2ST_C1_CONTROLLED	HER2ST::C	forward	balanced_ot	cost_features_500	multioutput_ridge	1.0	1	random_gate	0.8	1	c765bf64817cd03ee2af2425c7e951d3e965cec9407c155e1aeac90f9436aaac	104	84	30	0.5833333333333334	0.0	0.0	0.06666666666666667	0.03112081694075302	62.5	0.8333333333333334	0.8073349896807467
HER2ST_manual_controlled	HER2ST_C1_CONTROLLED	HER2ST_C1_CONTROLLED	HER2ST::C	forward	balanced_ot	cost_features_500	multioutput_ridge	1.0	1	random_gate	0.8	2	c765bf64817cd03ee2af2425c7e951d3e965cec9407c155e1aeac90f9436aaac	104	84	30	0.5119047619047619	0.0	0.06666666666666667	0.06666666666666667	0.049588006747952496	60.0	0.9666666666666667	0.8078411845566157
HER2ST_manual_controlled	HER2ST_C1_CONTROLLED	HER2ST_C1_CONTROLLED	HER2ST::C	forward	balanced_ot	cost_features_500	multioutput_ridge	1.0	1	random_gate	0.8	3	c765bf64817cd03ee2af2425c7e951d3e965cec9407c155e1aeac90f9436aaac	104	84	30	0.5	0.03333333333333333	0.06666666666666667	0.1	0.07299404909401827	58.5	0.9333333333333333	0.8081027663645428
HER2ST_manual_controlled	HER2ST_C1_CONTROLLED	HER2ST_C1_CONTROLLED	HER2ST::C	forward	balanced_ot	cost_features_500	multioutput_ridge	1.0	1	random_gate	0.8	4	c765bf64817cd03ee2af2425c7e951d3e965cec9407c155e1aeac90f9436aaac	104	84	30	0.5119047619047619	0.0	0.03333333333333333	0.06666666666666667	0.037589727456871405	62.0	0.7333333333333333	0.8082929372444795
HER2ST_manual_controlled	HER2ST_C1_CONTROLLED	HER2ST_C1_CONTROLLED	HER2ST::C	forward	balanced_ot	cost_features_500	multioutput_ridge	1.0	2	identity_no_training	0.0	0	c765bf64817cd03ee2af2425c7e951d3e965cec9407c155e1aeac90f9436aaac	107	0	27		0.4074074074074074	0.5925925925925926	0.8148148148148148	0.5081653180219488	4.0	1.0	0.42712666778191527
HER2ST_manual_controlled	HER2ST_C1_CONTROLLED	HER2ST_C1_CONTROLLED	HER2ST::C	forward	balanced_ot	cost_features_500	multioutput_ridge	1.0	2	all_top1	1.0	0	c765bf64817cd03ee2af2425c7e951d3e965cec9407c155e1aeac90f9436aaac	107	107	27	0.5327102803738317	0.0	0.0	0.0	0.022922061637409938	58.0	0.8888888888888888	0.811707133515532
HER2ST_manual_controlled	HER2ST_C1_CONTROLLED	HER2ST_C1_CONTROLLED	HER2ST::C	forward	balanced_ot	cost_features_500	multioutput_ridge	1.0	2	max_probability_gate	0.8	0	c765bf64817cd03ee2af2425c7e951d3e965cec9407c155e1aeac90f9436aaac	107	86	27	0.5465116279069767	0.0	0.0	0.0	0.02170188343889489	68.0	1.0	0.8097076094823693
HER2ST_manual_controlled	HER2ST_C1_CONTROLLED	HER2ST_C1_CONTROLLED	HER2ST::C	forward	balanced_ot	cost_features_500	multioutput_ridge	1.0	2	top2_margin_gate	0.8	0	c765bf64817cd03ee2af2425c7e951d3e965cec9407c155e1aeac90f9436aaac	107	86	27	0.6395348837209303	0.0	0.0	0.0	0.022241433023067598	62.0	1.0	0.8101704809769631
HER2ST_manual_controlled	HER2ST_C1_CONTROLLED	HER2ST_C1_CONTROLLED	HER2ST::C	forward	balanced_ot	cost_features_500	multioutput_ridge	1.0	2	oracle_truth	0.8	0	c765bf64817cd03ee2af2425c7e951d3e965cec9407c155e1aeac90f9436aaac	107	86	27	1.0	0.0	0.0	0.0	0.022494978157859766	62.0	0.8518518518518519	0.8144782057848247
HER2ST_manual_controlled	HER2ST_C1_CONTROLLED	HER2ST_C1_CONTROLLED	HER2ST::C	forward	balanced_ot	cost_features_500	multioutput_ridge	1.0	2	random_gate	0.8	0	c765bf64817cd03ee2af2425c7e951d3e965cec9407c155e1aeac90f9436aaac	107	86	27	0.5232558139534884	0.0	0.0	0.0	0.02182392634958464	62.0	0.7037037037037037	0.8117779772759088
HER2ST_manual_controlled	HER2ST_C1_CONTROLLED	HER2ST_C1_CONTROLLED	HER2ST::C	forward	balanced_ot	cost_features_500	multioutput_ridge	1.0	2	random_gate	0.8	1	c765bf64817cd03ee2af2425c7e951d3e965cec9407c155e1aeac90f9436aaac	107	86	27	0.5232558139534884	0.0	0.0	0.0	0.0221670812856029	65.0	0.9629629629629629	0.8108865899173701
HER2ST_manual_controlled	HER2ST_C1_CONTROLLED	HER2ST_C1_CONTROLLED	HER2ST::C	forward	balanced_ot	cost_features_500	multioutput_ridge	1.0	2	random_gate	0.8	2	c765bf64817cd03ee2af2425c7e951d3e965cec9407c155e1aeac90f9436aaac	107	86	27	0.5232558139534884	0.0	0.0	0.0	0.022526242578284648	63.0	1.0	0.8106049726035955
HER2ST_manual_controlled	HER2ST_C1_CONTROLLED	HER2ST_C1_CONTROLLED	HER2ST::C	forward	balanced_ot	cost_features_500	multioutput_ridge	1.0	2	random_gate	0.8	3	c765bf64817cd03ee2af2425c7e951d3e965cec9407c155e1aeac90f9436aaac	107	86	27	0.5581395348837209	0.0	0.0	0.0	0.021713537625566857	65.0	0.5555555555555556	0.8111784314446318
HER2ST_manual_controlled	HER2ST_C1_CONTROLLED	HER2ST_C1_CONTROLLED	HER2ST::C	forward	balanced_ot	cost_features_500	multioutput_ridge	1.0	2	random_gate	0.8	4	c765bf64817cd03ee2af2425c7e951d3e965cec9407c155e1aeac90f9436aaac	107	86	27	0.5581395348837209	0.0	0.0	0.0	0.023456750431816182	63.0	0.7777777777777778	0.8117801463983175
HER2ST_manual_controlled	HER2ST_C1_CONTROLLED	HER2ST_C1_CONTROLLED	HER2ST::C	forward	balanced_ot	cost_features_500	multioutput_ridge	1.0	3	identity_no_training	0.0	0	c765bf64817cd03ee2af2425c7e951d3e965cec9407c155e1aeac90f9436aaac	104	0	30		0.1	0.5666666666666667	0.6333333333333333	0.30885881014098204	4.0	0.9333333333333333	0.4280373213427315
HER2ST_manual_controlled	HER2ST_C1_CONTROLLED	HER2ST_C1_CONTROLLED	HER2ST::C	forward	balanced_ot	cost_features_500	multioutput_ridge	1.0	3	all_top1	1.0	0	c765bf64817cd03ee2af2425c7e951d3e965cec9407c155e1aeac90f9436aaac	104	104	30	0.5961538461538461	0.0	0.06666666666666667	0.1	0.0576972426797608	43.0	0.9	0.8208814560861751
HER2ST_manual_controlled	HER2ST_C1_CONTROLLED	HER2ST_C1_CONTROLLED	HER2ST::C	forward	balanced_ot	cost_features_500	multioutput_ridge	1.0	3	max_probability_gate	0.8	0	c765bf64817cd03ee2af2425c7e951d3e965cec9407c155e1aeac90f9436aaac	104	84	30	0.6071428571428571	0.0	0.03333333333333333	0.13333333333333333	0.04888172722635759	42.0	0.9	0.8182933934728067
HER2ST_manual_controlled	HER2ST_C1_CONTROLLED	HER2ST_C1_CONTROLLED	HER2ST::C	forward	balanced_ot	cost_features_500	multioutput_ridge	1.0	3	top2_margin_gate	0.8	0	c765bf64817cd03ee2af2425c7e951d3e965cec9407c155e1aeac90f9436aaac	104	84	30	0.6904761904761905	0.0	0.03333333333333333	0.13333333333333333	0.04859570481726642	43.5	0.8666666666666667	0.8184308958847989
HER2ST_manual_controlled	HER2ST_C1_CONTROLLED	HER2ST_C1_CONTROLLED	HER2ST::C	forward	balanced_ot	cost_features_500	multioutput_ridge	1.0	3	oracle_truth	0.8	0	c765bf64817cd03ee2af2425c7e951d3e965cec9407c155e1aeac90f9436aaac	104	84	30	1.0	0.0	0.0	0.03333333333333333	0.032344030694442784	46.5	0.9	0.8214852541674326
HER2ST_manual_controlled	HER2ST_C1_CONTROLLED	HER2ST_C1_CONTROLLED	HER2ST::C	forward	balanced_ot	cost_features_500	multioutput_ridge	1.0	3	random_gate	0.8	0	c765bf64817cd03ee2af2425c7e951d3e965cec9407c155e1aeac90f9436aaac	104	84	30	0.6309523809523809	0.0	0.1	0.16666666666666666	0.06746562568915564	44.0	0.7666666666666667	0.8203600505912643
HER2ST_manual_controlled	HER2ST_C1_CONTROLLED	HER2ST_C1_CONTROLLED	HER2ST::C	forward	balanced_ot	cost_features_500	multioutput_ridge	1.0	3	random_gate	0.8	1	c765bf64817cd03ee2af2425c7e951d3e965cec9407c155e1aeac90f9436aaac	104	84	30	0.5714285714285714	0.0	0.03333333333333333	0.1	0.04895593369503023	45.5	0.9	0.8182905803162835
HER2ST_manual_controlled	HER2ST_C1_CONTROLLED	HER2ST_C1_CONTROLLED	HER2ST::C	forward	balanced_ot	cost_features_500	multioutput_ridge	1.0	3	random_gate	0.8	2	c765bf64817cd03ee2af2425c7e951d3e965cec9407c155e1aeac90f9436aaac	104	84	30	0.6190476190476191	0.0	0.06666666666666667	0.1	0.048856699924898085	44.5	0.9	0.8200422618403287
HER2ST_manual_controlled	HER2ST_C1_CONTROLLED	HER2ST_C1_CONTROLLED	HER2ST::C	forward	balanced_ot	cost_features_500	multioutput_ridge	1.0	3	random_gate	0.8	3	c765bf64817cd03ee2af2425c7e951d3e965cec9407c155e1aeac90f9436aaac	104	84	30	0.6190476190476191	0.03333333333333333	0.1	0.13333333333333333	0.07671986076160836	45.0	0.8	0.8195137753032394
HER2ST_manual_controlled	HER2ST_C1_CONTROLLED	HER2ST_C1_CONTROLLED	HER2ST::C	forward	balanced_ot	cost_features_500	multioutput_ridge	1.0	3	random_gate	0.8	4	c765bf64817cd03ee2af2425c7e951d3e965cec9407c155e1aeac90f9436aaac	104	84	30	0.5595238095238095	0.0	0.06666666666666667	0.13333333333333333	0.061684515529670005	49.0	0.9	0.8208750411769539
HER2ST_manual_controlled	HER2ST_C1_CONTROLLED	HER2ST_C1_CONTROLLED	HER2ST::C	forward	balanced_ot	cost_features_500	multioutput_ridge	1.0	4	identity_no_training	0.0	0	c765bf64817cd03ee2af2425c7e951d3e965cec9407c155e1aeac90f9436aaac	106	0	28		0.6428571428571429	0.8571428571428571	0.8571428571428571	0.7305315748719048	1.0	0.7857142857142857	0.426710090285284
HER2ST_manual_controlled	HER2ST_C1_CONTROLLED	HER2ST_C1_CONTROLLED	HER2ST::C	forward	balanced_ot	cost_features_500	multioutput_ridge	1.0	4	all_top1	1.0	0	c765bf64817cd03ee2af2425c7e951d3e965cec9407c155e1aeac90f9436aaac	106	106	28	0.46226415094339623	0.0	0.0	0.03571428571428571	0.017874584092800818	93.5	0.21428571428571427	0.7933075991413902
HER2ST_manual_controlled	HER2ST_C1_CONTROLLED	HER2ST_C1_CONTROLLED	HER2ST::C	forward	balanced_ot	cost_features_500	multioutput_ridge	1.0	4	max_probability_gate	0.8	0	c765bf64817cd03ee2af2425c7e951d3e965cec9407c155e1aeac90f9436aaac	106	85	28	0.47058823529411764	0.0	0.0	0.03571428571428571	0.018348323310544718	91.5	0.14285714285714285	0.7921478415867488
HER2ST_manual_controlled	HER2ST_C1_CONTROLLED	HER2ST_C1_CONTROLLED	HER2ST::C	forward	balanced_ot	cost_features_500	multioutput_ridge	1.0	4	top2_margin_gate	0.8	0	c765bf64817cd03ee2af2425c7e951d3e965cec9407c155e1aeac90f9436aaac	106	85	28	0.5529411764705883	0.0	0.0	0.03571428571428571	0.01758338581531369	95.0	0.21428571428571427	0.7928053403061261
HER2ST_manual_controlled	HER2ST_C1_CONTROLLED	HER2ST_C1_CONTROLLED	HER2ST::C	forward	balanced_ot	cost_features_500	multioutput_ridge	1.0	4	oracle_truth	0.8	0	c765bf64817cd03ee2af2425c7e951d3e965cec9407c155e1aeac90f9436aaac	106	85	28	1.0	0.0	0.0	0.07142857142857142	0.02113656379448241	95.5	0.21428571428571427	0.7960388194990883
HER2ST_manual_controlled	HER2ST_C1_CONTROLLED	HER2ST_C1_CONTROLLED	HER2ST::C	forward	balanced_ot	cost_features_500	multioutput_ridge	1.0	4	random_gate	0.8	0	c765bf64817cd03ee2af2425c7e951d3e965cec9407c155e1aeac90f9436aaac	106	85	28	0.47058823529411764	0.0	0.0	0.03571428571428571	0.01752959795020573	95.5	0.14285714285714285	0.7933509296620025
HER2ST_manual_controlled	HER2ST_C1_CONTROLLED	HER2ST_C1_CONTROLLED	HER2ST::C	forward	balanced_ot	cost_features_500	multioutput_ridge	1.0	4	random_gate	0.8	1	c765bf64817cd03ee2af2425c7e951d3e965cec9407c155e1aeac90f9436aaac	106	85	28	0.4823529411764706	0.0	0.0	0.0	0.01694381700007526	95.0	0.21428571428571427	0.7935729039549102
HER2ST_manual_controlled	HER2ST_C1_CONTROLLED	HER2ST_C1_CONTROLLED	HER2ST::C	forward	balanced_ot	cost_features_500	multioutput_ridge	1.0	4	random_gate	0.8	2	c765bf64817cd03ee2af2425c7e951d3e965cec9407c155e1aeac90f9436aaac	106	85	28	0.49411764705882355	0.0	0.0	0.03571428571428571	0.01717057310933034	92.5	0.21428571428571427	0.7934855479337877
HER2ST_manual_controlled	HER2ST_C1_CONTROLLED	HER2ST_C1_CONTROLLED	HER2ST::C	forward	balanced_ot	cost_features_500	multioutput_ridge	1.0	4	random_gate	0.8	3	c765bf64817cd03ee2af2425c7e951d3e965cec9407c155e1aeac90f9436aaac	106	85	28	0.47058823529411764	0.0	0.0	0.03571428571428571	0.019278648894120003	95.0	0.21428571428571427	0.79130024508105
HER2ST_manual_controlled	HER2ST_C1_CONTROLLED	HER2ST_C1_CONTROLLED	HER2ST::C	forward	balanced_ot	cost_features_500	multioutput_ridge	1.0	4	random_gate	0.8	4	c765bf64817cd03ee2af2425c7e951d3e965cec9407c155e1aeac90f9436aaac	106	85	28	0.4823529411764706	0.0	0.0	0.0	0.016953566414062676	96.5	0.21428571428571427	0.7927235765074983
HER2ST_manual_controlled	HER2ST_C1_CONTROLLED	HER2ST_C1_CONTROLLED	HER2ST::C	forward	uot	cost_features_500	multioutput_ridge	1.0	0	identity_no_training	0.0	0	c765bf64817cd03ee2af2425c7e951d3e965cec9407c155e1aeac90f9436aaac	115	0	19		0.0	0.3157894736842105	0.5789473684210527	0.19799026260528485	9.0	1.0	0.4175518972319594
HER2ST_manual_controlled	HER2ST_C1_CONTROLLED	HER2ST_C1_CONTROLLED	HER2ST::C	forward	uot	cost_features_500	multioutput_ridge	1.0	0	all_top1	1.0	0	c765bf64817cd03ee2af2425c7e951d3e965cec9407c155e1aeac90f9436aaac	115	115	19	0.8260869565217391	0.0	0.0	0.05263157894736842	0.030671138447048746	67.0	1.0	0.8154035864568325
HER2ST_manual_controlled	HER2ST_C1_CONTROLLED	HER2ST_C1_CONTROLLED	HER2ST::C	forward	uot	cost_features_500	multioutput_ridge	1.0	0	max_probability_gate	0.8	0	c765bf64817cd03ee2af2425c7e951d3e965cec9407c155e1aeac90f9436aaac	115	92	19	0.8260869565217391	0.0	0.05263157894736842	0.05263157894736842	0.031447255765798376	75.0	1.0	0.8128020441075886
HER2ST_manual_controlled	HER2ST_C1_CONTROLLED	HER2ST_C1_CONTROLLED	HER2ST::C	forward	uot	cost_features_500	multioutput_ridge	1.0	0	top2_margin_gate	0.8	0	c765bf64817cd03ee2af2425c7e951d3e965cec9407c155e1aeac90f9436aaac	115	92	19	0.9347826086956522	0.0	0.05263157894736842	0.05263157894736842	0.03556350903143088	69.0	1.0	0.8141370090981909
HER2ST_manual_controlled	HER2ST_C1_CONTROLLED	HER2ST_C1_CONTROLLED	HER2ST::C	forward	uot	cost_features_500	multioutput_ridge	1.0	0	oracle_truth	0.8	0	c765bf64817cd03ee2af2425c7e951d3e965cec9407c155e1aeac90f9436aaac	115	92	19	1.0	0.0	0.0	0.10526315789473684	0.03078848768691893	70.0	1.0	0.8161765792169768
HER2ST_manual_controlled	HER2ST_C1_CONTROLLED	HER2ST_C1_CONTROLLED	HER2ST::C	forward	uot	cost_features_500	multioutput_ridge	1.0	0	random_gate	0.8	0	c765bf64817cd03ee2af2425c7e951d3e965cec9407c155e1aeac90f9436aaac	115	92	19	0.8478260869565217	0.0	0.05263157894736842	0.05263157894736842	0.03316305451720503	70.0	1.0	0.8157287984068994
HER2ST_manual_controlled	HER2ST_C1_CONTROLLED	HER2ST_C1_CONTROLLED	HER2ST::C	forward	uot	cost_features_500	multioutput_ridge	1.0	0	random_gate	0.8	1	c765bf64817cd03ee2af2425c7e951d3e965cec9407c155e1aeac90f9436aaac	115	92	19	0.8152173913043478	0.0	0.0	0.05263157894736842	0.0289815493944124	67.0	1.0	0.8144094190372272
HER2ST_manual_controlled	HER2ST_C1_CONTROLLED	HER2ST_C1_CONTROLLED	HER2ST::C	forward	uot	cost_features_500	multioutput_ridge	1.0	0	random_gate	0.8	2	c765bf64817cd03ee2af2425c7e951d3e965cec9407c155e1aeac90f9436aaac	115	92	19	0.8260869565217391	0.0	0.0	0.05263157894736842	0.028935710769392744	76.0	1.0	0.8142893185035265
HER2ST_manual_controlled	HER2ST_C1_CONTROLLED	HER2ST_C1_CONTROLLED	HER2ST::C	forward	uot	cost_features_500	multioutput_ridge	1.0	0	random_gate	0.8	3	c765bf64817cd03ee2af2425c7e951d3e965cec9407c155e1aeac90f9436aaac	115	92	19	0.8260869565217391	0.0	0.0	0.05263157894736842	0.030374144171497693	73.0	1.0	0.8147600982915999
HER2ST_manual_controlled	HER2ST_C1_CONTROLLED	HER2ST_C1_CONTROLLED	HER2ST::C	forward	uot	cost_features_500	multioutput_ridge	1.0	0	random_gate	0.8	4	c765bf64817cd03ee2af2425c7e951d3e965cec9407c155e1aeac90f9436aaac	115	92	19	0.8478260869565217	0.0	0.0	0.05263157894736842	0.0300490579967787	76.0	1.0	0.8152242712056404
HER2ST_manual_controlled	HER2ST_C1_CONTROLLED	HER2ST_C1_CONTROLLED	HER2ST::C	forward	uot	cost_features_500	multioutput_ridge	1.0	1	identity_no_training	0.0	0	c765bf64817cd03ee2af2425c7e951d3e965cec9407c155e1aeac90f9436aaac	104	0	30		0.3	0.7	0.7666666666666667	0.4721538381734461	2.5	1.0	0.42123904245210875
HER2ST_manual_controlled	HER2ST_C1_CONTROLLED	HER2ST_C1_CONTROLLED	HER2ST::C	forward	uot	cost_features_500	multioutput_ridge	1.0	1	all_top1	1.0	0	c765bf64817cd03ee2af2425c7e951d3e965cec9407c155e1aeac90f9436aaac	104	104	30	0.7211538461538461	0.0	0.03333333333333333	0.1	0.034928325276081106	62.5	0.7666666666666667	0.8089062609226427
HER2ST_manual_controlled	HER2ST_C1_CONTROLLED	HER2ST_C1_CONTROLLED	HER2ST::C	forward	uot	cost_features_500	multioutput_ridge	1.0	1	max_probability_gate	0.8	0	c765bf64817cd03ee2af2425c7e951d3e965cec9407c155e1aeac90f9436aaac	104	84	30	0.6904761904761905	0.0	0.03333333333333333	0.1	0.03403900379509436	64.5	0.7333333333333333	0.8074984383483778
HER2ST_manual_controlled	HER2ST_C1_CONTROLLED	HER2ST_C1_CONTROLLED	HER2ST::C	forward	uot	cost_features_500	multioutput_ridge	1.0	1	top2_margin_gate	0.8	0	c765bf64817cd03ee2af2425c7e951d3e965cec9407c155e1aeac90f9436aaac	104	84	30	0.8095238095238095	0.0	0.03333333333333333	0.1	0.03432983833205018	67.0	0.7666666666666667	0.8086186586522344
HER2ST_manual_controlled	HER2ST_C1_CONTROLLED	HER2ST_C1_CONTROLLED	HER2ST::C	forward	uot	cost_features_500	multioutput_ridge	1.0	1	oracle_truth	0.8	0	c765bf64817cd03ee2af2425c7e951d3e965cec9407c155e1aeac90f9436aaac	104	84	30	1.0	0.0	0.03333333333333333	0.1	0.03431155554162168	60.0	0.7666666666666667	0.8088784647987697
HER2ST_manual_controlled	HER2ST_C1_CONTROLLED	HER2ST_C1_CONTROLLED	HER2ST::C	forward	uot	cost_features_500	multioutput_ridge	1.0	1	random_gate	0.8	0	c765bf64817cd03ee2af2425c7e951d3e965cec9407c155e1aeac90f9436aaac	104	84	30	0.7261904761904762	0.0	0.0	0.06666666666666667	0.03307303653560565	61.5	0.7	0.8088896238265412
HER2ST_manual_controlled	HER2ST_C1_CONTROLLED	HER2ST_C1_CONTROLLED	HER2ST::C	forward	uot	cost_features_500	multioutput_ridge	1.0	1	random_gate	0.8	1	c765bf64817cd03ee2af2425c7e951d3e965cec9407c155e1aeac90f9436aaac	104	84	30	0.7261904761904762	0.0	0.03333333333333333	0.06666666666666667	0.03661454640979384	66.5	0.7	0.8080507345420375
HER2ST_manual_controlled	HER2ST_C1_CONTROLLED	HER2ST_C1_CONTROLLED	HER2ST::C	forward	uot	cost_features_500	multioutput_ridge	1.0	1	random_gate	0.8	2	c765bf64817cd03ee2af2425c7e951d3e965cec9407c155e1aeac90f9436aaac	104	84	30	0.6904761904761905	0.0	0.03333333333333333	0.1	0.044146372349949524	64.5	0.8333333333333334	0.8080457658196434
HER2ST_manual_controlled	HER2ST_C1_CONTROLLED	HER2ST_C1_CONTROLLED	HER2ST::C	forward	uot	cost_features_500	multioutput_ridge	1.0	1	random_gate	0.8	3	c765bf64817cd03ee2af2425c7e951d3e965cec9407c155e1aeac90f9436aaac	104	84	30	0.7261904761904762	0.0	0.0	0.06666666666666667	0.03069696118329633	63.5	0.8666666666666667	0.8076085900643416
HER2ST_manual_controlled	HER2ST_C1_CONTROLLED	HER2ST_C1_CONTROLLED	HER2ST::C	forward	uot	cost_features_500	multioutput_ridge	1.0	1	random_gate	0.8	4	c765bf64817cd03ee2af2425c7e951d3e965cec9407c155e1aeac90f9436aaac	104	84	30	0.7380952380952381	0.0	0.0	0.06666666666666667	0.03180642646640976	65.5	0.6666666666666666	0.8079130511037733
HER2ST_manual_controlled	HER2ST_C1_CONTROLLED	HER2ST_C1_CONTROLLED	HER2ST::C	forward	uot	cost_features_500	multioutput_ridge	1.0	2	identity_no_training	0.0	0	c765bf64817cd03ee2af2425c7e951d3e965cec9407c155e1aeac90f9436aaac	107	0	27		0.4074074074074074	0.5925925925925926	0.8148148148148148	0.5081653180219488	4.0	1.0	0.42712666778191527
HER2ST_manual_controlled	HER2ST_C1_CONTROLLED	HER2ST_C1_CONTROLLED	HER2ST::C	forward	uot	cost_features_500	multioutput_ridge	1.0	2	all_top1	1.0	0	c765bf64817cd03ee2af2425c7e951d3e965cec9407c155e1aeac90f9436aaac	107	107	27	0.7570093457943925	0.0	0.0	0.0	0.022386564953728802	62.0	0.6296296296296297	0.8136059071897898
HER2ST_manual_controlled	HER2ST_C1_CONTROLLED	HER2ST_C1_CONTROLLED	HER2ST::C	forward	uot	cost_features_500	multioutput_ridge	1.0	2	max_probability_gate	0.8	0	c765bf64817cd03ee2af2425c7e951d3e965cec9407c155e1aeac90f9436aaac	107	86	27	0.7441860465116279	0.0	0.0	0.0	0.022968228802536655	60.0	0.5555555555555556	0.8126505460575449
HER2ST_manual_controlled	HER2ST_C1_CONTROLLED	HER2ST_C1_CONTROLLED	HER2ST::C	forward	uot	cost_features_500	multioutput_ridge	1.0	2	top2_margin_gate	0.8	0	c765bf64817cd03ee2af2425c7e951d3e965cec9407c155e1aeac90f9436aaac	107	86	27	0.813953488372093	0.0	0.0	0.0	0.022297637689002062	60.0	0.6296296296296297	0.813222441781861
HER2ST_manual_controlled	HER2ST_C1_CONTROLLED	HER2ST_C1_CONTROLLED	HER2ST::C	forward	uot	cost_features_500	multioutput_ridge	1.0	2	oracle_truth	0.8	0	c765bf64817cd03ee2af2425c7e951d3e965cec9407c155e1aeac90f9436aaac	107	86	27	1.0	0.0	0.0	0.0	0.022868093487855377	59.0	0.5555555555555556	0.8147753672752224
HER2ST_manual_controlled	HER2ST_C1_CONTROLLED	HER2ST_C1_CONTROLLED	HER2ST::C	forward	uot	cost_features_500	multioutput_ridge	1.0	2	random_gate	0.8	0	c765bf64817cd03ee2af2425c7e951d3e965cec9407c155e1aeac90f9436aaac	107	86	27	0.7441860465116279	0.0	0.0	0.0	0.02141785657721895	63.0	0.5555555555555556	0.8119782908578339
HER2ST_manual_controlled	HER2ST_C1_CONTROLLED	HER2ST_C1_CONTROLLED	HER2ST::C	forward	uot	cost_features_500	multioutput_ridge	1.0	2	random_gate	0.8	1	c765bf64817cd03ee2af2425c7e951d3e965cec9407c155e1aeac90f9436aaac	107	86	27	0.7558139534883721	0.0	0.0	0.0	0.021634118993229732	65.0	0.6666666666666666	0.812406454272024
HER2ST_manual_controlled	HER2ST_C1_CONTROLLED	HER2ST_C1_CONTROLLED	HER2ST::C	forward	uot	cost_features_500	multioutput_ridge	1.0	2	random_gate	0.8	2	c765bf64817cd03ee2af2425c7e951d3e965cec9407c155e1aeac90f9436aaac	107	86	27	0.7441860465116279	0.0	0.0	0.0	0.023196786663634797	59.0	0.5925925925925926	0.8130009640892119
HER2ST_manual_controlled	HER2ST_C1_CONTROLLED	HER2ST_C1_CONTROLLED	HER2ST::C	forward	uot	cost_features_500	multioutput_ridge	1.0	2	random_gate	0.8	3	c765bf64817cd03ee2af2425c7e951d3e965cec9407c155e1aeac90f9436aaac	107	86	27	0.7441860465116279	0.0	0.0	0.0	0.02156186874421457	69.0	0.48148148148148145	0.8127601159037111
HER2ST_manual_controlled	HER2ST_C1_CONTROLLED	HER2ST_C1_CONTROLLED	HER2ST::C	forward	uot	cost_features_500	multioutput_ridge	1.0	2	random_gate	0.8	4	c765bf64817cd03ee2af2425c7e951d3e965cec9407c155e1aeac90f9436aaac	107	86	27	0.7325581395348837	0.0	0.0	0.0	0.02218628929859779	65.0	0.5185185185185185	0.8119909420269694
HER2ST_manual_controlled	HER2ST_C1_CONTROLLED	HER2ST_C1_CONTROLLED	HER2ST::C	forward	uot	cost_features_500	multioutput_ridge	1.0	3	identity_no_training	0.0	0	c765bf64817cd03ee2af2425c7e951d3e965cec9407c155e1aeac90f9436aaac	104	0	30		0.1	0.5666666666666667	0.6333333333333333	0.30885881014098204	4.0	0.9333333333333333	0.4280373213427315
HER2ST_manual_controlled	HER2ST_C1_CONTROLLED	HER2ST_C1_CONTROLLED	HER2ST::C	forward	uot	cost_features_500	multioutput_ridge	1.0	3	all_top1	1.0	0	c765bf64817cd03ee2af2425c7e951d3e965cec9407c155e1aeac90f9436aaac	104	104	30	0.8269230769230769	0.0	0.03333333333333333	0.13333333333333333	0.04311200685720208	46.5	0.8666666666666667	0.8208290454726709
HER2ST_manual_controlled	HER2ST_C1_CONTROLLED	HER2ST_C1_CONTROLLED	HER2ST::C	forward	uot	cost_features_500	multioutput_ridge	1.0	3	max_probability_gate	0.8	0	c765bf64817cd03ee2af2425c7e951d3e965cec9407c155e1aeac90f9436aaac	104	84	30	0.8095238095238095	0.0	0.03333333333333333	0.13333333333333333	0.048416950703491134	49.5	0.8	0.8192090956670847
HER2ST_manual_controlled	HER2ST_C1_CONTROLLED	HER2ST_C1_CONTROLLED	HER2ST::C	forward	uot	cost_features_500	multioutput_ridge	1.0	3	top2_margin_gate	0.8	0	c765bf64817cd03ee2af2425c7e951d3e965cec9407c155e1aeac90f9436aaac	104	84	30	0.8928571428571429	0.0	0.03333333333333333	0.13333333333333333	0.05354199051519142	43.0	0.8666666666666667	0.8206459409217598
HER2ST_manual_controlled	HER2ST_C1_CONTROLLED	HER2ST_C1_CONTROLLED	HER2ST::C	forward	uot	cost_features_500	multioutput_ridge	1.0	3	oracle_truth	0.8	0	c765bf64817cd03ee2af2425c7e951d3e965cec9407c155e1aeac90f9436aaac	104	84	30	1.0	0.0	0.0	0.1	0.03482786288226311	44.0	0.8666666666666667	0.8212093396603616
HER2ST_manual_controlled	HER2ST_C1_CONTROLLED	HER2ST_C1_CONTROLLED	HER2ST::C	forward	uot	cost_features_500	multioutput_ridge	1.0	3	random_gate	0.8	0	c765bf64817cd03ee2af2425c7e951d3e965cec9407c155e1aeac90f9436aaac	104	84	30	0.8214285714285714	0.0	0.03333333333333333	0.13333333333333333	0.05044000643701304	47.0	0.9	0.8205699606686053
HER2ST_manual_controlled	HER2ST_C1_CONTROLLED	HER2ST_C1_CONTROLLED	HER2ST::C	forward	uot	cost_features_500	multioutput_ridge	1.0	3	random_gate	0.8	1	c765bf64817cd03ee2af2425c7e951d3e965cec9407c155e1aeac90f9436aaac	104	84	30	0.8452380952380952	0.03333333333333333	0.03333333333333333	0.1	0.06520626225132516	45.5	0.9	0.8211008488261021
HER2ST_manual_controlled	HER2ST_C1_CONTROLLED	HER2ST_C1_CONTROLLED	HER2ST::C	forward	uot	cost_features_500	multioutput_ridge	1.0	3	random_gate	0.8	2	c765bf64817cd03ee2af2425c7e951d3e965cec9407c155e1aeac90f9436aaac	104	84	30	0.8214285714285714	0.0	0.03333333333333333	0.1	0.04257157905381919	46.5	0.9	0.820411271109559
HER2ST_manual_controlled	HER2ST_C1_CONTROLLED	HER2ST_C1_CONTROLLED	HER2ST::C	forward	uot	cost_features_500	multioutput_ridge	1.0	3	random_gate	0.8	3	c765bf64817cd03ee2af2425c7e951d3e965cec9407c155e1aeac90f9436aaac	104	84	30	0.8571428571428571	0.0	0.03333333333333333	0.1	0.04156554955245652	48.5	0.9	0.8207093100990145
HER2ST_manual_controlled	HER2ST_C1_CONTROLLED	HER2ST_C1_CONTROLLED	HER2ST::C	forward	uot	cost_features_500	multioutput_ridge	1.0	3	random_gate	0.8	4	c765bf64817cd03ee2af2425c7e951d3e965cec9407c155e1aeac90f9436aaac	104	84	30	0.8333333333333334	0.0	0.03333333333333333	0.1	0.048649421589338604	46.0	0.8666666666666667	0.8202327562736121
HER2ST_manual_controlled	HER2ST_C1_CONTROLLED	HER2ST_C1_CONTROLLED	HER2ST::C	forward	uot	cost_features_500	multioutput_ridge	1.0	4	identity_no_training	0.0	0	c765bf64817cd03ee2af2425c7e951d3e965cec9407c155e1aeac90f9436aaac	106	0	28		0.6428571428571429	0.8571428571428571	0.8571428571428571	0.7305315748719048	1.0	0.7857142857142857	0.426710090285284
HER2ST_manual_controlled	HER2ST_C1_CONTROLLED	HER2ST_C1_CONTROLLED	HER2ST::C	forward	uot	cost_features_500	multioutput_ridge	1.0	4	all_top1	1.0	0	c765bf64817cd03ee2af2425c7e951d3e965cec9407c155e1aeac90f9436aaac	106	106	28	0.7075471698113207	0.0	0.0	0.03571428571428571	0.01884536184545498	92.5	0.21428571428571427	0.7949218062772044
HER2ST_manual_controlled	HER2ST_C1_CONTROLLED	HER2ST_C1_CONTROLLED	HER2ST::C	forward	uot	cost_features_500	multioutput_ridge	1.0	4	max_probability_gate	0.8	0	c765bf64817cd03ee2af2425c7e951d3e965cec9407c155e1aeac90f9436aaac	106	85	28	0.6823529411764706	0.0	0.0	0.03571428571428571	0.01767137818073747	93.5	0.21428571428571427	0.7938934779946715
HER2ST_manual_controlled	HER2ST_C1_CONTROLLED	HER2ST_C1_CONTROLLED	HER2ST::C	forward	uot	cost_features_500	multioutput_ridge	1.0	4	top2_margin_gate	0.8	0	c765bf64817cd03ee2af2425c7e951d3e965cec9407c155e1aeac90f9436aaac	106	85	28	0.7647058823529411	0.0	0.0	0.03571428571428571	0.018045357823502913	95.0	0.21428571428571427	0.794671305366606
HER2ST_manual_controlled	HER2ST_C1_CONTROLLED	HER2ST_C1_CONTROLLED	HER2ST::C	forward	uot	cost_features_500	multioutput_ridge	1.0	4	oracle_truth	0.8	0	c765bf64817cd03ee2af2425c7e951d3e965cec9407c155e1aeac90f9436aaac	106	85	28	1.0	0.0	0.0	0.03571428571428571	0.017705011369141727	96.0	0.21428571428571427	0.7952074594923337
HER2ST_manual_controlled	HER2ST_C1_CONTROLLED	HER2ST_C1_CONTROLLED	HER2ST::C	forward	uot	cost_features_500	multioutput_ridge	1.0	4	random_gate	0.8	0	c765bf64817cd03ee2af2425c7e951d3e965cec9407c155e1aeac90f9436aaac	106	85	28	0.6705882352941176	0.0	0.0	0.03571428571428571	0.01890163647942759	92.0	0.21428571428571427	0.7948758202125266
HER2ST_manual_controlled	HER2ST_C1_CONTROLLED	HER2ST_C1_CONTROLLED	HER2ST::C	forward	uot	cost_features_500	multioutput_ridge	1.0	4	random_gate	0.8	1	c765bf64817cd03ee2af2425c7e951d3e965cec9407c155e1aeac90f9436aaac	106	85	28	0.6941176470588235	0.0	0.0	0.03571428571428571	0.01840207741249044	96.0	0.21428571428571427	0.7935518970991486
HER2ST_manual_controlled	HER2ST_C1_CONTROLLED	HER2ST_C1_CONTROLLED	HER2ST::C	forward	uot	cost_features_500	multioutput_ridge	1.0	4	random_gate	0.8	2	c765bf64817cd03ee2af2425c7e951d3e965cec9407c155e1aeac90f9436aaac	106	85	28	0.7411764705882353	0.0	0.0	0.03571428571428571	0.018335446488962875	93.5	0.21428571428571427	0.794395903462377
HER2ST_manual_controlled	HER2ST_C1_CONTROLLED	HER2ST_C1_CONTROLLED	HER2ST::C	forward	uot	cost_features_500	multioutput_ridge	1.0	4	random_gate	0.8	3	c765bf64817cd03ee2af2425c7e951d3e965cec9407c155e1aeac90f9436aaac	106	85	28	0.7294117647058823	0.0	0.0	0.03571428571428571	0.018373060054972024	92.0	0.21428571428571427	0.7947520730236016
HER2ST_manual_controlled	HER2ST_C1_CONTROLLED	HER2ST_C1_CONTROLLED	HER2ST::C	forward	uot	cost_features_500	multioutput_ridge	1.0	4	random_gate	0.8	4	c765bf64817cd03ee2af2425c7e951d3e965cec9407c155e1aeac90f9436aaac	106	85	28	0.6941176470588235	0.0	0.0	0.03571428571428571	0.016973488097806574	93.5	0.21428571428571427	0.7941789959700021
HER2ST_manual_controlled	HER2ST_C1_CONTROLLED	HER2ST_C1_CONTROLLED	HER2ST::C	forward	row_softmax	cost_features_500	multioutput_ridge	1.0	0	identity_no_training	0.0	0	c765bf64817cd03ee2af2425c7e951d3e965cec9407c155e1aeac90f9436aaac	115	0	19		0.0	0.3157894736842105	0.5789473684210527	0.19799026260528485	9.0	1.0	0.4175518972319594
HER2ST_manual_controlled	HER2ST_C1_CONTROLLED	HER2ST_C1_CONTROLLED	HER2ST::C	forward	row_softmax	cost_features_500	multioutput_ridge	1.0	0	all_top1	1.0	0	c765bf64817cd03ee2af2425c7e951d3e965cec9407c155e1aeac90f9436aaac	115	115	19	0.5217391304347826	0.0	0.05263157894736842	0.10526315789473684	0.052512897510370034	57.0	1.0	0.810111937235915
HER2ST_manual_controlled	HER2ST_C1_CONTROLLED	HER2ST_C1_CONTROLLED	HER2ST::C	forward	row_softmax	cost_features_500	multioutput_ridge	1.0	0	max_probability_gate	0.8	0	c765bf64817cd03ee2af2425c7e951d3e965cec9407c155e1aeac90f9436aaac	115	92	19	0.5869565217391305	0.0	0.05263157894736842	0.10526315789473684	0.052234061063257224	60.0	0.3684210526315789	0.8087313860615277
HER2ST_manual_controlled	HER2ST_C1_CONTROLLED	HER2ST_C1_CONTROLLED	HER2ST::C	forward	row_softmax	cost_features_500	multioutput_ridge	1.0	0	top2_margin_gate	0.8	0	c765bf64817cd03ee2af2425c7e951d3e965cec9407c155e1aeac90f9436aaac	115	92	19	0.5869565217391305	0.0	0.0	0.10526315789473684	0.03360398740003248	58.0	1.0	0.8064760526111027
HER2ST_manual_controlled	HER2ST_C1_CONTROLLED	HER2ST_C1_CONTROLLED	HER2ST::C	forward	row_softmax	cost_features_500	multioutput_ridge	1.0	0	oracle_truth	0.8	0	c765bf64817cd03ee2af2425c7e951d3e965cec9407c155e1aeac90f9436aaac	115	92	19	1.0	0.0	0.0	0.05263157894736842	0.030925622520921243	68.0	1.0	0.8161736813393375
HER2ST_manual_controlled	HER2ST_C1_CONTROLLED	HER2ST_C1_CONTROLLED	HER2ST::C	forward	row_softmax	cost_features_500	multioutput_ridge	1.0	0	random_gate	0.8	0	c765bf64817cd03ee2af2425c7e951d3e965cec9407c155e1aeac90f9436aaac	115	92	19	0.5217391304347826	0.0	0.05263157894736842	0.10526315789473684	0.05187178965931347	61.0	0.631578947368421	0.8095731861533633
HER2ST_manual_controlled	HER2ST_C1_CONTROLLED	HER2ST_C1_CONTROLLED	HER2ST::C	forward	row_softmax	cost_features_500	multioutput_ridge	1.0	0	random_gate	0.8	1	c765bf64817cd03ee2af2425c7e951d3e965cec9407c155e1aeac90f9436aaac	115	92	19	0.5652173913043478	0.0	0.05263157894736842	0.10526315789473684	0.04026261055816733	63.0	1.0	0.8104386939812193
HER2ST_manual_controlled	HER2ST_C1_CONTROLLED	HER2ST_C1_CONTROLLED	HER2ST::C	forward	row_softmax	cost_features_500	multioutput_ridge	1.0	0	random_gate	0.8	2	c765bf64817cd03ee2af2425c7e951d3e965cec9407c155e1aeac90f9436aaac	115	92	19	0.4891304347826087	0.0	0.05263157894736842	0.10526315789473684	0.0513915108822655	65.0	1.0	0.8080742038810119
HER2ST_manual_controlled	HER2ST_C1_CONTROLLED	HER2ST_C1_CONTROLLED	HER2ST::C	forward	row_softmax	cost_features_500	multioutput_ridge	1.0	0	random_gate	0.8	3	c765bf64817cd03ee2af2425c7e951d3e965cec9407c155e1aeac90f9436aaac	115	92	19	0.5434782608695652	0.0	0.05263157894736842	0.10526315789473684	0.04397628279003808	57.0	1.0	0.810624874467593
HER2ST_manual_controlled	HER2ST_C1_CONTROLLED	HER2ST_C1_CONTROLLED	HER2ST::C	forward	row_softmax	cost_features_500	multioutput_ridge	1.0	0	random_gate	0.8	4	c765bf64817cd03ee2af2425c7e951d3e965cec9407c155e1aeac90f9436aaac	115	92	19	0.5108695652173914	0.0	0.05263157894736842	0.10526315789473684	0.04355709765458473	61.0	1.0	0.8102148750418913
HER2ST_manual_controlled	HER2ST_C1_CONTROLLED	HER2ST_C1_CONTROLLED	HER2ST::C	forward	row_softmax	cost_features_500	multioutput_ridge	1.0	1	identity_no_training	0.0	0	c765bf64817cd03ee2af2425c7e951d3e965cec9407c155e1aeac90f9436aaac	104	0	30		0.3	0.7	0.7666666666666667	0.4721538381734461	2.5	1.0	0.42123904245210875
HER2ST_manual_controlled	HER2ST_C1_CONTROLLED	HER2ST_C1_CONTROLLED	HER2ST::C	forward	row_softmax	cost_features_500	multioutput_ridge	1.0	1	all_top1	1.0	0	c765bf64817cd03ee2af2425c7e951d3e965cec9407c155e1aeac90f9436aaac	104	104	30	0.5769230769230769	0.0	0.0	0.03333333333333333	0.026990926772233432	66.5	0.9	0.8053332078751706
HER2ST_manual_controlled	HER2ST_C1_CONTROLLED	HER2ST_C1_CONTROLLED	HER2ST::C	forward	row_softmax	cost_features_500	multioutput_ridge	1.0	1	max_probability_gate	0.8	0	c765bf64817cd03ee2af2425c7e951d3e965cec9407c155e1aeac90f9436aaac	104	84	30	0.6190476190476191	0.0	0.0	0.06666666666666667	0.028532236814802207	69.0	0.8	0.8045561551903604
HER2ST_manual_controlled	HER2ST_C1_CONTROLLED	HER2ST_C1_CONTROLLED	HER2ST::C	forward	row_softmax	cost_features_500	multioutput_ridge	1.0	1	top2_margin_gate	0.8	0	c765bf64817cd03ee2af2425c7e951d3e965cec9407c155e1aeac90f9436aaac	104	84	30	0.6309523809523809	0.0	0.0	0.06666666666666667	0.02706659794882531	65.0	0.9	0.8052955677270249
HER2ST_manual_controlled	HER2ST_C1_CONTROLLED	HER2ST_C1_CONTROLLED	HER2ST::C	forward	row_softmax	cost_features_500	multioutput_ridge	1.0	1	oracle_truth	0.8	0	c765bf64817cd03ee2af2425c7e951d3e965cec9407c155e1aeac90f9436aaac	104	84	30	1.0	0.0	0.06666666666666667	0.1	0.0451696189818407	60.0	0.8	0.8091128962675411
HER2ST_manual_controlled	HER2ST_C1_CONTROLLED	HER2ST_C1_CONTROLLED	HER2ST::C	forward	row_softmax	cost_features_500	multioutput_ridge	1.0	1	random_gate	0.8	0	c765bf64817cd03ee2af2425c7e951d3e965cec9407c155e1aeac90f9436aaac	104	84	30	0.6190476190476191	0.0	0.0	0.06666666666666667	0.027504426078310433	64.0	0.8	0.804757568618814
HER2ST_manual_controlled	HER2ST_C1_CONTROLLED	HER2ST_C1_CONTROLLED	HER2ST::C	forward	row_softmax	cost_features_500	multioutput_ridge	1.0	1	random_gate	0.8	1	c765bf64817cd03ee2af2425c7e951d3e965cec9407c155e1aeac90f9436aaac	104	84	30	0.5714285714285714	0.0	0.0	0.06666666666666667	0.02822073091381895	65.0	0.9666666666666667	0.8053166552057665
HER2ST_manual_controlled	HER2ST_C1_CONTROLLED	HER2ST_C1_CONTROLLED	HER2ST::C	forward	row_softmax	cost_features_500	multioutput_ridge	1.0	1	random_gate	0.8	2	c765bf64817cd03ee2af2425c7e951d3e965cec9407c155e1aeac90f9436aaac	104	84	30	0.5714285714285714	0.0	0.03333333333333333	0.06666666666666667	0.028949169961500452	67.0	0.9666666666666667	0.8045579200365919
HER2ST_manual_controlled	HER2ST_C1_CONTROLLED	HER2ST_C1_CONTROLLED	HER2ST::C	forward	row_softmax	cost_features_500	multioutput_ridge	1.0	1	random_gate	0.8	3	c765bf64817cd03ee2af2425c7e951d3e965cec9407c155e1aeac90f9436aaac	104	84	30	0.5595238095238095	0.0	0.0	0.03333333333333333	0.025792373241987777	66.0	0.9333333333333333	0.803563913898465
HER2ST_manual_controlled	HER2ST_C1_CONTROLLED	HER2ST_C1_CONTROLLED	HER2ST::C	forward	row_softmax	cost_features_500	multioutput_ridge	1.0	1	random_gate	0.8	4	c765bf64817cd03ee2af2425c7e951d3e965cec9407c155e1aeac90f9436aaac	104	84	30	0.6190476190476191	0.0	0.0	0.06666666666666667	0.027091227519263072	65.5	0.8666666666666667	0.8047589570953514
HER2ST_manual_controlled	HER2ST_C1_CONTROLLED	HER2ST_C1_CONTROLLED	HER2ST::C	forward	row_softmax	cost_features_500	multioutput_ridge	1.0	2	identity_no_training	0.0	0	c765bf64817cd03ee2af2425c7e951d3e965cec9407c155e1aeac90f9436aaac	107	0	27		0.4074074074074074	0.5925925925925926	0.8148148148148148	0.5081653180219488	4.0	1.0	0.42712666778191527
HER2ST_manual_controlled	HER2ST_C1_CONTROLLED	HER2ST_C1_CONTROLLED	HER2ST::C	forward	row_softmax	cost_features_500	multioutput_ridge	1.0	2	all_top1	1.0	0	c765bf64817cd03ee2af2425c7e951d3e965cec9407c155e1aeac90f9436aaac	107	107	27	0.5046728971962616	0.0	0.037037037037037035	0.07407407407407407	0.035088133954911276	64.0	1.0	0.8109731730792376
HER2ST_manual_controlled	HER2ST_C1_CONTROLLED	HER2ST_C1_CONTROLLED	HER2ST::C	forward	row_softmax	cost_features_500	multioutput_ridge	1.0	2	max_probability_gate	0.8	0	c765bf64817cd03ee2af2425c7e951d3e965cec9407c155e1aeac90f9436aaac	107	86	27	0.5465116279069767	0.0	0.0	0.0	0.022438176848202315	71.0	1.0	0.8093170150409669
HER2ST_manual_controlled	HER2ST_C1_CONTROLLED	HER2ST_C1_CONTROLLED	HER2ST::C	forward	row_softmax	cost_features_500	multioutput_ridge	1.0	2	top2_margin_gate	0.8	0	c765bf64817cd03ee2af2425c7e951d3e965cec9407c155e1aeac90f9436aaac	107	86	27	0.5581395348837209	0.0	0.037037037037037035	0.037037037037037035	0.03926400743797501	67.0	1.0	0.8100792321529375
HER2ST_manual_controlled	HER2ST_C1_CONTROLLED	HER2ST_C1_CONTROLLED	HER2ST::C	forward	row_softmax	cost_features_500	multioutput_ridge	1.0	2	oracle_truth	0.8	0	c765bf64817cd03ee2af2425c7e951d3e965cec9407c155e1aeac90f9436aaac	107	86	27	1.0	0.0	0.0	0.0	0.023092548660861516	60.0	0.5185185185185185	0.8140618426220091
HER2ST_manual_controlled	HER2ST_C1_CONTROLLED	HER2ST_C1_CONTROLLED	HER2ST::C	forward	row_softmax	cost_features_500	multioutput_ridge	1.0	2	random_gate	0.8	0	c765bf64817cd03ee2af2425c7e951d3e965cec9407c155e1aeac90f9436aaac	107	86	27	0.4883720930232558	0.037037037037037035	0.037037037037037035	0.037037037037037035	0.056799441372228796	67.0	1.0	0.8103814241210731
HER2ST_manual_controlled	HER2ST_C1_CONTROLLED	HER2ST_C1_CONTROLLED	HER2ST::C	forward	row_softmax	cost_features_500	multioutput_ridge	1.0	2	random_gate	0.8	1	c765bf64817cd03ee2af2425c7e951d3e965cec9407c155e1aeac90f9436aaac	107	86	27	0.5116279069767442	0.0	0.0	0.07407407407407407	0.028425646572041125	61.0	1.0	0.8097262996284323
HER2ST_manual_controlled	HER2ST_C1_CONTROLLED	HER2ST_C1_CONTROLLED	HER2ST::C	forward	row_softmax	cost_features_500	multioutput_ridge	1.0	2	random_gate	0.8	2	c765bf64817cd03ee2af2425c7e951d3e965cec9407c155e1aeac90f9436aaac	107	86	27	0.5116279069767442	0.0	0.037037037037037035	0.07407407407407407	0.040591358762348144	68.0	1.0	0.8099425767828625
HER2ST_manual_controlled	HER2ST_C1_CONTROLLED	HER2ST_C1_CONTROLLED	HER2ST::C	forward	row_softmax	cost_features_500	multioutput_ridge	1.0	2	random_gate	0.8	3	c765bf64817cd03ee2af2425c7e951d3e965cec9407c155e1aeac90f9436aaac	107	86	27	0.5232558139534884	0.0	0.037037037037037035	0.07407407407407407	0.03443644490904765	70.0	1.0	0.8109170337027334
HER2ST_manual_controlled	HER2ST_C1_CONTROLLED	HER2ST_C1_CONTROLLED	HER2ST::C	forward	row_softmax	cost_features_500	multioutput_ridge	1.0	2	random_gate	0.8	4	c765bf64817cd03ee2af2425c7e951d3e965cec9407c155e1aeac90f9436aaac	107	86	27	0.5348837209302325	0.0	0.0	0.037037037037037035	0.02610767655625883	63.0	1.0	0.808929299447091
HER2ST_manual_controlled	HER2ST_C1_CONTROLLED	HER2ST_C1_CONTROLLED	HER2ST::C	forward	row_softmax	cost_features_500	multioutput_ridge	1.0	3	identity_no_training	0.0	0	c765bf64817cd03ee2af2425c7e951d3e965cec9407c155e1aeac90f9436aaac	104	0	30		0.1	0.5666666666666667	0.6333333333333333	0.30885881014098204	4.0	0.9333333333333333	0.4280373213427315
HER2ST_manual_controlled	HER2ST_C1_CONTROLLED	HER2ST_C1_CONTROLLED	HER2ST::C	forward	row_softmax	cost_features_500	multioutput_ridge	1.0	3	all_top1	1.0	0	c765bf64817cd03ee2af2425c7e951d3e965cec9407c155e1aeac90f9436aaac	104	104	30	0.5673076923076923	0.0	0.03333333333333333	0.06666666666666667	0.03367278292236332	52.0	0.9	0.8138073622707407
HER2ST_manual_controlled	HER2ST_C1_CONTROLLED	HER2ST_C1_CONTROLLED	HER2ST::C	forward	row_softmax	cost_features_500	multioutput_ridge	1.0	3	max_probability_gate	0.8	0	c765bf64817cd03ee2af2425c7e951d3e965cec9407c155e1aeac90f9436aaac	104	84	30	0.5595238095238095	0.0	0.0	0.03333333333333333	0.028912923427927433	54.0	0.9	0.810688385473051
HER2ST_manual_controlled	HER2ST_C1_CONTROLLED	HER2ST_C1_CONTROLLED	HER2ST::C	forward	row_softmax	cost_features_500	multioutput_ridge	1.0	3	top2_margin_gate	0.8	0	c765bf64817cd03ee2af2425c7e951d3e965cec9407c155e1aeac90f9436aaac	104	84	30	0.6309523809523809	0.0	0.0	0.0	0.029025208410986863	51.0	0.9	0.8137277489519723
HER2ST_manual_controlled	HER2ST_C1_CONTROLLED	HER2ST_C1_CONTROLLED	HER2ST::C	forward	row_softmax	cost_features_500	multioutput_ridge	1.0	3	oracle_truth	0.8	0	c765bf64817cd03ee2af2425c7e951d3e965cec9407c155e1aeac90f9436aaac	104	84	30	1.0	0.0	0.0	0.03333333333333333	0.031404224084690874	45.0	0.9	0.8214118892156678
HER2ST_manual_controlled	HER2ST_C1_CONTROLLED	HER2ST_C1_CONTROLLED	HER2ST::C	forward	row_softmax	cost_features_500	multioutput_ridge	1.0	3	random_gate	0.8	0	c765bf64817cd03ee2af2425c7e951d3e965cec9407c155e1aeac90f9436aaac	104	84	30	0.5714285714285714	0.0	0.03333333333333333	0.06666666666666667	0.03672876393964107	51.0	0.9	0.812821987324187
HER2ST_manual_controlled	HER2ST_C1_CONTROLLED	HER2ST_C1_CONTROLLED	HER2ST::C	forward	row_softmax	cost_features_500	multioutput_ridge	1.0	3	random_gate	0.8	1	c765bf64817cd03ee2af2425c7e951d3e965cec9407c155e1aeac90f9436aaac	104	84	30	0.6309523809523809	0.0	0.03333333333333333	0.06666666666666667	0.03388101114847983	54.0	0.9	0.8151466609692152
HER2ST_manual_controlled	HER2ST_C1_CONTROLLED	HER2ST_C1_CONTROLLED	HER2ST::C	forward	row_softmax	cost_features_500	multioutput_ridge	1.0	3	random_gate	0.8	2	c765bf64817cd03ee2af2425c7e951d3e965cec9407c155e1aeac90f9436aaac	104	84	30	0.5357142857142857	0.0	0.03333333333333333	0.06666666666666667	0.03349113360492346	50.5	0.9	0.8131995704707055
HER2ST_manual_controlled	HER2ST_C1_CONTROLLED	HER2ST_C1_CONTROLLED	HER2ST::C	forward	row_softmax	cost_features_500	multioutput_ridge	1.0	3	random_gate	0.8	3	c765bf64817cd03ee2af2425c7e951d3e965cec9407c155e1aeac90f9436aaac	104	84	30	0.5595238095238095	0.0	0.0	0.03333333333333333	0.031195752078070512	50.0	0.9	0.8124816413739565
HER2ST_manual_controlled	HER2ST_C1_CONTROLLED	HER2ST_C1_CONTROLLED	HER2ST::C	forward	row_softmax	cost_features_500	multioutput_ridge	1.0	3	random_gate	0.8	4	c765bf64817cd03ee2af2425c7e951d3e965cec9407c155e1aeac90f9436aaac	104	84	30	0.5714285714285714	0.0	0.03333333333333333	0.06666666666666667	0.034118162207027354	51.0	0.9	0.8143514034671057
HER2ST_manual_controlled	HER2ST_C1_CONTROLLED	HER2ST_C1_CONTROLLED	HER2ST::C	forward	row_softmax	cost_features_500	multioutput_ridge	1.0	4	identity_no_training	0.0	0	c765bf64817cd03ee2af2425c7e951d3e965cec9407c155e1aeac90f9436aaac	106	0	28		0.6428571428571429	0.8571428571428571	0.8571428571428571	0.7305315748719048	1.0	0.7857142857142857	0.426710090285284
HER2ST_manual_controlled	HER2ST_C1_CONTROLLED	HER2ST_C1_CONTROLLED	HER2ST::C	forward	row_softmax	cost_features_500	multioutput_ridge	1.0	4	all_top1	1.0	0	c765bf64817cd03ee2af2425c7e951d3e965cec9407c155e1aeac90f9436aaac	106	106	28	0.44339622641509435	0.0	0.0	0.03571428571428571	0.01715222970661967	95.0	0.21428571428571427	0.7882746445192302
HER2ST_manual_controlled	HER2ST_C1_CONTROLLED	HER2ST_C1_CONTROLLED	HER2ST::C	forward	row_softmax	cost_features_500	multioutput_ridge	1.0	4	max_probability_gate	0.8	0	c765bf64817cd03ee2af2425c7e951d3e965cec9407c155e1aeac90f9436aaac	106	85	28	0.5058823529411764	0.0	0.0	0.03571428571428571	0.01624653713997911	96.5	0.21428571428571427	0.7874940171333774
HER2ST_manual_controlled	HER2ST_C1_CONTROLLED	HER2ST_C1_CONTROLLED	HER2ST::C	forward	row_softmax	cost_features_500	multioutput_ridge	1.0	4	top2_margin_gate	0.8	0	c765bf64817cd03ee2af2425c7e951d3e965cec9407c155e1aeac90f9436aaac	106	85	28	0.5176470588235295	0.0	0.0	0.03571428571428571	0.01890282709004041	91.0	0.21428571428571427	0.7890426960896508
HER2ST_manual_controlled	HER2ST_C1_CONTROLLED	HER2ST_C1_CONTROLLED	HER2ST::C	forward	row_softmax	cost_features_500	multioutput_ridge	1.0	4	oracle_truth	0.8	0	c765bf64817cd03ee2af2425c7e951d3e965cec9407c155e1aeac90f9436aaac	106	85	28	1.0	0.0	0.0	0.03571428571428571	0.020848824360341252	94.0	0.21428571428571427	0.7960983938499272
HER2ST_manual_controlled	HER2ST_C1_CONTROLLED	HER2ST_C1_CONTROLLED	HER2ST::C	forward	row_softmax	cost_features_500	multioutput_ridge	1.0	4	random_gate	0.8	0	c765bf64817cd03ee2af2425c7e951d3e965cec9407c155e1aeac90f9436aaac	106	85	28	0.4470588235294118	0.0	0.0	0.03571428571428571	0.01733128190889289	96.0	0.21428571428571427	0.7880580006729899
HER2ST_manual_controlled	HER2ST_C1_CONTROLLED	HER2ST_C1_CONTROLLED	HER2ST::C	forward	row_softmax	cost_features_500	multioutput_ridge	1.0	4	random_gate	0.8	1	c765bf64817cd03ee2af2425c7e951d3e965cec9407c155e1aeac90f9436aaac	106	85	28	0.47058823529411764	0.0	0.0	0.0	0.01678979368960194	98.0	0.21428571428571427	0.789014124614639
HER2ST_manual_controlled	HER2ST_C1_CONTROLLED	HER2ST_C1_CONTROLLED	HER2ST::C	forward	row_softmax	cost_features_500	multioutput_ridge	1.0	4	random_gate	0.8	2	c765bf64817cd03ee2af2425c7e951d3e965cec9407c155e1aeac90f9436aaac	106	85	28	0.4470588235294118	0.0	0.0	0.03571428571428571	0.017732414648913297	95.0	0.21428571428571427	0.7880001266122844
HER2ST_manual_controlled	HER2ST_C1_CONTROLLED	HER2ST_C1_CONTROLLED	HER2ST::C	forward	row_softmax	cost_features_500	multioutput_ridge	1.0	4	random_gate	0.8	3	c765bf64817cd03ee2af2425c7e951d3e965cec9407c155e1aeac90f9436aaac	106	85	28	0.4470588235294118	0.0	0.0	0.03571428571428571	0.017718301607165924	94.0	0.21428571428571427	0.7881232865401275
HER2ST_manual_controlled	HER2ST_C1_CONTROLLED	HER2ST_C1_CONTROLLED	HER2ST::C	forward	row_softmax	cost_features_500	multioutput_ridge	1.0	4	random_gate	0.8	4	c765bf64817cd03ee2af2425c7e951d3e965cec9407c155e1aeac90f9436aaac	106	85	28	0.4470588235294118	0.0	0.0	0.0	0.016964833328378132	95.5	0.21428571428571427	0.7896614886412198
HER2ST_manual_controlled	HER2ST_C1_CONTROLLED__reverse	HER2ST_C1_CONTROLLED	HER2ST::C	reverse	balanced_ot	cost_features_500	multioutput_ridge	1.0	0	identity_no_training	0.0	0	d1bb3468e74c049b309681aacf1af5f9aeadf7f83c5f08eda231764cc48be365	105	0	29		0.8620689655172413	1.0	1.0	0.9224137931034483	1.0	0.9655172413793104	0.42666395454597505
HER2ST_manual_controlled	HER2ST_C1_CONTROLLED__reverse	HER2ST_C1_CONTROLLED	HER2ST::C	reverse	balanced_ot	cost_features_500	multioutput_ridge	1.0	0	all_top1	1.0	0	d1bb3468e74c049b309681aacf1af5f9aeadf7f83c5f08eda231764cc48be365	105	105	29	0.5428571428571428	0.0	0.06896551724137931	0.06896551724137931	0.0365661548498387	71.0	1.0	0.9157753725131463
HER2ST_manual_controlled	HER2ST_C1_CONTROLLED__reverse	HER2ST_C1_CONTROLLED	HER2ST::C	reverse	balanced_ot	cost_features_500	multioutput_ridge	1.0	0	max_probability_gate	0.8	0	d1bb3468e74c049b309681aacf1af5f9aeadf7f83c5f08eda231764cc48be365	105	84	29	0.5476190476190477	0.0	0.034482758620689655	0.06896551724137931	0.031000335296124087	67.0	1.0	0.9147996780617084
HER2ST_manual_controlled	HER2ST_C1_CONTROLLED__reverse	HER2ST_C1_CONTROLLED	HER2ST::C	reverse	balanced_ot	cost_features_500	multioutput_ridge	1.0	0	top2_margin_gate	0.8	0	d1bb3468e74c049b309681aacf1af5f9aeadf7f83c5f08eda231764cc48be365	105	84	29	0.6309523809523809	0.0	0.06896551724137931	0.06896551724137931	0.03859151916826821	65.0	1.0	0.915051595924532
HER2ST_manual_controlled	HER2ST_C1_CONTROLLED__reverse	HER2ST_C1_CONTROLLED	HER2ST::C	reverse	balanced_ot	cost_features_500	multioutput_ridge	1.0	0	oracle_truth	0.8	0	d1bb3468e74c049b309681aacf1af5f9aeadf7f83c5f08eda231764cc48be365	105	84	29	1.0	0.0	0.034482758620689655	0.06896551724137931	0.032190301574027184	76.0	1.0	0.9173234879836285
HER2ST_manual_controlled	HER2ST_C1_CONTROLLED__reverse	HER2ST_C1_CONTROLLED	HER2ST::C	reverse	balanced_ot	cost_features_500	multioutput_ridge	1.0	0	random_gate	0.8	0	d1bb3468e74c049b309681aacf1af5f9aeadf7f83c5f08eda231764cc48be365	105	84	29	0.5357142857142857	0.0	0.06896551724137931	0.06896551724137931	0.036121717539146794	69.0	1.0	0.9152161608091328
HER2ST_manual_controlled	HER2ST_C1_CONTROLLED__reverse	HER2ST_C1_CONTROLLED	HER2ST::C	reverse	balanced_ot	cost_features_500	multioutput_ridge	1.0	0	random_gate	0.8	1	d1bb3468e74c049b309681aacf1af5f9aeadf7f83c5f08eda231764cc48be365	105	84	29	0.5119047619047619	0.0	0.06896551724137931	0.06896551724137931	0.035995810677505305	73.0	1.0	0.9142015435297492
HER2ST_manual_controlled	HER2ST_C1_CONTROLLED__reverse	HER2ST_C1_CONTROLLED	HER2ST::C	reverse	balanced_ot	cost_features_500	multioutput_ridge	1.0	0	random_gate	0.8	2	d1bb3468e74c049b309681aacf1af5f9aeadf7f83c5f08eda231764cc48be365	105	84	29	0.5476190476190477	0.0	0.034482758620689655	0.06896551724137931	0.039931192655061225	71.0	1.0	0.9157227805779322
HER2ST_manual_controlled	HER2ST_C1_CONTROLLED__reverse	HER2ST_C1_CONTROLLED	HER2ST::C	reverse	balanced_ot	cost_features_500	multioutput_ridge	1.0	0	random_gate	0.8	3	d1bb3468e74c049b309681aacf1af5f9aeadf7f83c5f08eda231764cc48be365	105	84	29	0.5476190476190477	0.0	0.06896551724137931	0.06896551724137931	0.034810749202960026	72.0	1.0	0.915070491700118
HER2ST_manual_controlled	HER2ST_C1_CONTROLLED__reverse	HER2ST_C1_CONTROLLED	HER2ST::C	reverse	balanced_ot	cost_features_500	multioutput_ridge	1.0	0	random_gate	0.8	4	d1bb3468e74c049b309681aacf1af5f9aeadf7f83c5f08eda231764cc48be365	105	84	29	0.5833333333333334	0.0	0.06896551724137931	0.10344827586206896	0.038051882000825515	68.0	1.0	0.9151022846823906
HER2ST_manual_controlled	HER2ST_C1_CONTROLLED__reverse	HER2ST_C1_CONTROLLED	HER2ST::C	reverse	balanced_ot	cost_features_500	multioutput_ridge	1.0	1	identity_no_training	0.0	0	d1bb3468e74c049b309681aacf1af5f9aeadf7f83c5f08eda231764cc48be365	107	0	27		0.9259259259259259	1.0	1.0	0.95679012345679	1.0	0.9259259259259259	0.4270545070800879
HER2ST_manual_controlled	HER2ST_C1_CONTROLLED__reverse	HER2ST_C1_CONTROLLED	HER2ST::C	reverse	balanced_ot	cost_features_500	multioutput_ridge	1.0	1	all_top1	1.0	0	d1bb3468e74c049b309681aacf1af5f9aeadf7f83c5f08eda231764cc48be365	107	107	27	0.4953271028037383	0.0	0.0	0.0	0.008863213174583892	136.0	0.18518518518518517	0.7838033604025542
HER2ST_manual_controlled	HER2ST_C1_CONTROLLED__reverse	HER2ST_C1_CONTROLLED	HER2ST::C	reverse	balanced_ot	cost_features_500	multioutput_ridge	1.0	1	max_probability_gate	0.8	0	d1bb3468e74c049b309681aacf1af5f9aeadf7f83c5f08eda231764cc48be365	107	86	27	0.5116279069767442	0.0	0.0	0.0	0.008793532849446336	137.0	0.18518518518518517	0.7828073136780992
HER2ST_manual_controlled	HER2ST_C1_CONTROLLED__reverse	HER2ST_C1_CONTROLLED	HER2ST::C	reverse	balanced_ot	cost_features_500	multioutput_ridge	1.0	1	top2_margin_gate	0.8	0	d1bb3468e74c049b309681aacf1af5f9aeadf7f83c5f08eda231764cc48be365	107	86	27	0.5581395348837209	0.0	0.0	0.0	0.008847917106482958	136.0	0.18518518518518517	0.784629233674687
HER2ST_manual_controlled	HER2ST_C1_CONTROLLED__reverse	HER2ST_C1_CONTROLLED	HER2ST::C	reverse	balanced_ot	cost_features_500	multioutput_ridge	1.0	1	oracle_truth	0.8	0	d1bb3468e74c049b309681aacf1af5f9aeadf7f83c5f08eda231764cc48be365	107	86	27	1.0	0.0	0.0	0.0	0.008790098010176066	136.0	0.18518518518518517	0.784055050296656
HER2ST_manual_controlled	HER2ST_C1_CONTROLLED__reverse	HER2ST_C1_CONTROLLED	HER2ST::C	reverse	balanced_ot	cost_features_500	multioutput_ridge	1.0	1	random_gate	0.8	0	d1bb3468e74c049b309681aacf1af5f9aeadf7f83c5f08eda231764cc48be365	107	86	27	0.4883720930232558	0.0	0.0	0.0	0.008756768949790631	136.0	0.18518518518518517	0.7832841776119743
HER2ST_manual_controlled	HER2ST_C1_CONTROLLED__reverse	HER2ST_C1_CONTROLLED	HER2ST::C	reverse	balanced_ot	cost_features_500	multioutput_ridge	1.0	1	random_gate	0.8	1	d1bb3468e74c049b309681aacf1af5f9aeadf7f83c5f08eda231764cc48be365	107	86	27	0.4418604651162791	0.0	0.0	0.0	0.008768807113082679	136.0	0.18518518518518517	0.7832633322849455
HER2ST_manual_controlled	HER2ST_C1_CONTROLLED__reverse	HER2ST_C1_CONTROLLED	HER2ST::C	reverse	balanced_ot	cost_features_500	multioutput_ridge	1.0	1	random_gate	0.8	2	d1bb3468e74c049b309681aacf1af5f9aeadf7f83c5f08eda231764cc48be365	107	86	27	0.5116279069767442	0.0	0.0	0.0	0.008763497716872815	136.0	0.18518518518518517	0.7829478026681654
HER2ST_manual_controlled	HER2ST_C1_CONTROLLED__reverse	HER2ST_C1_CONTROLLED	HER2ST::C	reverse	balanced_ot	cost_features_500	multioutput_ridge	1.0	1	random_gate	0.8	3	d1bb3468e74c049b309681aacf1af5f9aeadf7f83c5f08eda231764cc48be365	107	86	27	0.4883720930232558	0.0	0.0	0.0	0.008809127263426966	136.0	0.18518518518518517	0.7817524934949643
HER2ST_manual_controlled	HER2ST_C1_CONTROLLED__reverse	HER2ST_C1_CONTROLLED	HER2ST::C	reverse	balanced_ot	cost_features_500	multioutput_ridge	1.0	1	random_gate	0.8	4	d1bb3468e74c049b309681aacf1af5f9aeadf7f83c5f08eda231764cc48be365	107	86	27	0.5	0.0	0.0	0.0	0.008823875373939324	136.0	0.18518518518518517	0.782881452269536
HER2ST_manual_controlled	HER2ST_C1_CONTROLLED__reverse	HER2ST_C1_CONTROLLED	HER2ST::C	reverse	balanced_ot	cost_features_500	multioutput_ridge	1.0	2	identity_no_training	0.0	0	d1bb3468e74c049b309681aacf1af5f9aeadf7f83c5f08eda231764cc48be365	104	0	30		0.9	1.0	1.0	0.9444444444444445	1.0	0.9666666666666667	0.4245374724003669
HER2ST_manual_controlled	HER2ST_C1_CONTROLLED__reverse	HER2ST_C1_CONTROLLED	HER2ST::C	reverse	balanced_ot	cost_features_500	multioutput_ridge	1.0	2	all_top1	1.0	0	d1bb3468e74c049b309681aacf1af5f9aeadf7f83c5f08eda231764cc48be365	104	104	30	0.34615384615384615	0.0	0.03333333333333333	0.03333333333333333	0.02209712017969305	95.0	0.9	0.8594544463285899
HER2ST_manual_controlled	HER2ST_C1_CONTROLLED__reverse	HER2ST_C1_CONTROLLED	HER2ST::C	reverse	balanced_ot	cost_features_500	multioutput_ridge	1.0	2	max_probability_gate	0.8	0	d1bb3468e74c049b309681aacf1af5f9aeadf7f83c5f08eda231764cc48be365	104	84	30	0.34523809523809523	0.0	0.0	0.03333333333333333	0.021458905493803814	95.0	0.9	0.8588980631874292
HER2ST_manual_controlled	HER2ST_C1_CONTROLLED__reverse	HER2ST_C1_CONTROLLED	HER2ST::C	reverse	balanced_ot	cost_features_500	multioutput_ridge	1.0	2	top2_margin_gate	0.8	0	d1bb3468e74c049b309681aacf1af5f9aeadf7f83c5f08eda231764cc48be365	104	84	30	0.39285714285714285	0.0	0.03333333333333333	0.03333333333333333	0.02569249821191831	95.0	0.9	0.8593873155059826
HER2ST_manual_controlled	HER2ST_C1_CONTROLLED__reverse	HER2ST_C1_CONTROLLED	HER2ST::C	reverse	balanced_ot	cost_features_500	multioutput_ridge	1.0	2	oracle_truth	0.8	0	d1bb3468e74c049b309681aacf1af5f9aeadf7f83c5f08eda231764cc48be365	104	84	30	1.0	0.0	0.03333333333333333	0.03333333333333333	0.022965266232643645	95.0	0.9	0.8612090533419049
HER2ST_manual_controlled	HER2ST_C1_CONTROLLED__reverse	HER2ST_C1_CONTROLLED	HER2ST::C	reverse	balanced_ot	cost_features_500	multioutput_ridge	1.0	2	random_gate	0.8	0	d1bb3468e74c049b309681aacf1af5f9aeadf7f83c5f08eda231764cc48be365	104	84	30	0.34523809523809523	0.0	0.0	0.03333333333333333	0.018812480317062747	94.5	0.9	0.858602578833342
HER2ST_manual_controlled	HER2ST_C1_CONTROLLED__reverse	HER2ST_C1_CONTROLLED	HER2ST::C	reverse	balanced_ot	cost_features_500	multioutput_ridge	1.0	2	random_gate	0.8	1	d1bb3468e74c049b309681aacf1af5f9aeadf7f83c5f08eda231764cc48be365	104	84	30	0.27380952380952384	0.0	0.0	0.03333333333333333	0.019197316379911573	96.0	0.9	0.8571498520434714
HER2ST_manual_controlled	HER2ST_C1_CONTROLLED__reverse	HER2ST_C1_CONTROLLED	HER2ST::C	reverse	balanced_ot	cost_features_500	multioutput_ridge	1.0	2	random_gate	0.8	2	d1bb3468e74c049b309681aacf1af5f9aeadf7f83c5f08eda231764cc48be365	104	84	30	0.34523809523809523	0.0	0.03333333333333333	0.03333333333333333	0.023682635052829287	95.0	0.9	0.8589998369130409
HER2ST_manual_controlled	HER2ST_C1_CONTROLLED__reverse	HER2ST_C1_CONTROLLED	HER2ST::C	reverse	balanced_ot	cost_features_500	multioutput_ridge	1.0	2	random_gate	0.8	3	d1bb3468e74c049b309681aacf1af5f9aeadf7f83c5f08eda231764cc48be365	104	84	30	0.30952380952380953	0.0	0.03333333333333333	0.03333333333333333	0.023363405003657967	94.5	0.9	0.8583134466772102
HER2ST_manual_controlled	HER2ST_C1_CONTROLLED__reverse	HER2ST_C1_CONTROLLED	HER2ST::C	reverse	balanced_ot	cost_features_500	multioutput_ridge	1.0	2	random_gate	0.8	4	d1bb3468e74c049b309681aacf1af5f9aeadf7f83c5f08eda231764cc48be365	104	84	30	0.36904761904761907	0.0	0.03333333333333333	0.03333333333333333	0.02095956426055652	95.0	0.9	0.8589226074520809
HER2ST_manual_controlled	HER2ST_C1_CONTROLLED__reverse	HER2ST_C1_CONTROLLED	HER2ST::C	reverse	balanced_ot	cost_features_500	multioutput_ridge	1.0	3	identity_no_training	0.0	0	d1bb3468e74c049b309681aacf1af5f9aeadf7f83c5f08eda231764cc48be365	110	0	24		0.7083333333333334	0.9583333333333334	1.0	0.7885912698412699	1.0	1.0	0.42565805004135443
HER2ST_manual_controlled	HER2ST_C1_CONTROLLED__reverse	HER2ST_C1_CONTROLLED	HER2ST::C	reverse	balanced_ot	cost_features_500	multioutput_ridge	1.0	3	all_top1	1.0	0	d1bb3468e74c049b309681aacf1af5f9aeadf7f83c5f08eda231764cc48be365	110	110	24	0.44545454545454544	0.041666666666666664	0.125	0.16666666666666666	0.09155091995300087	39.0	0.9583333333333334	0.9439939330842816
HER2ST_manual_controlled	HER2ST_C1_CONTROLLED__reverse	HER2ST_C1_CONTROLLED	HER2ST::C	reverse	balanced_ot	cost_features_500	multioutput_ridge	1.0	3	max_probability_gate	0.8	0	d1bb3468e74c049b309681aacf1af5f9aeadf7f83c5f08eda231764cc48be365	110	88	24	0.45454545454545453	0.041666666666666664	0.08333333333333333	0.125	0.08828193197100453	38.0	0.9583333333333334	0.9417738567889574
HER2ST_manual_controlled	HER2ST_C1_CONTROLLED__reverse	HER2ST_C1_CONTROLLED	HER2ST::C	reverse	balanced_ot	cost_features_500	multioutput_ridge	1.0	3	top2_margin_gate	0.8	0	d1bb3468e74c049b309681aacf1af5f9aeadf7f83c5f08eda231764cc48be365	110	88	24	0.5113636363636364	0.041666666666666664	0.08333333333333333	0.16666666666666666	0.08745665741949488	37.0	0.9583333333333334	0.9409229989919705
HER2ST_manual_controlled	HER2ST_C1_CONTROLLED__reverse	HER2ST_C1_CONTROLLED	HER2ST::C	reverse	balanced_ot	cost_features_500	multioutput_ridge	1.0	3	oracle_truth	0.8	0	d1bb3468e74c049b309681aacf1af5f9aeadf7f83c5f08eda231764cc48be365	110	88	24	1.0	0.041666666666666664	0.041666666666666664	0.16666666666666666	0.08334149136770763	37.5	0.9583333333333334	0.9469336622027281
HER2ST_manual_controlled	HER2ST_C1_CONTROLLED__reverse	HER2ST_C1_CONTROLLED	HER2ST::C	reverse	balanced_ot	cost_features_500	multioutput_ridge	1.0	3	random_gate	0.8	0	d1bb3468e74c049b309681aacf1af5f9aeadf7f83c5f08eda231764cc48be365	110	88	24	0.4431818181818182	0.041666666666666664	0.08333333333333333	0.16666666666666666	0.08561415789818812	40.5	0.9583333333333334	0.9441713486871369
HER2ST_manual_controlled	HER2ST_C1_CONTROLLED__reverse	HER2ST_C1_CONTROLLED	HER2ST::C	reverse	balanced_ot	cost_features_500	multioutput_ridge	1.0	3	random_gate	0.8	1	d1bb3468e74c049b309681aacf1af5f9aeadf7f83c5f08eda231764cc48be365	110	88	24	0.45454545454545453	0.041666666666666664	0.08333333333333333	0.16666666666666666	0.08723154231773507	40.0	0.9583333333333334	0.9442678867298838
HER2ST_manual_controlled	HER2ST_C1_CONTROLLED__reverse	HER2ST_C1_CONTROLLED	HER2ST::C	reverse	balanced_ot	cost_features_500	multioutput_ridge	1.0	3	random_gate	0.8	2	d1bb3468e74c049b309681aacf1af5f9aeadf7f83c5f08eda231764cc48be365	110	88	24	0.4659090909090909	0.041666666666666664	0.08333333333333333	0.16666666666666666	0.0934857993568448	38.0	0.9583333333333334	0.9428844432574103
HER2ST_manual_controlled	HER2ST_C1_CONTROLLED__reverse	HER2ST_C1_CONTROLLED	HER2ST::C	reverse	balanced_ot	cost_features_500	multioutput_ridge	1.0	3	random_gate	0.8	3	d1bb3468e74c049b309681aacf1af5f9aeadf7f83c5f08eda231764cc48be365	110	88	24	0.45454545454545453	0.041666666666666664	0.041666666666666664	0.16666666666666666	0.0829036642657174	41.0	0.9583333333333334	0.9428516084040824
HER2ST_manual_controlled	HER2ST_C1_CONTROLLED__reverse	HER2ST_C1_CONTROLLED	HER2ST::C	reverse	balanced_ot	cost_features_500	multioutput_ridge	1.0	3	random_gate	0.8	4	d1bb3468e74c049b309681aacf1af5f9aeadf7f83c5f08eda231764cc48be365	110	88	24	0.4090909090909091	0.041666666666666664	0.08333333333333333	0.16666666666666666	0.0860168864443182	41.5	0.9583333333333334	0.9423972419653701
HER2ST_manual_controlled	HER2ST_C1_CONTROLLED__reverse	HER2ST_C1_CONTROLLED	HER2ST::C	reverse	balanced_ot	cost_features_500	multioutput_ridge	1.0	4	identity_no_training	0.0	0	d1bb3468e74c049b309681aacf1af5f9aeadf7f83c5f08eda231764cc48be365	110	0	24		0.6666666666666666	0.7916666666666666	0.8333333333333334	0.7342960442118583	1.0	1.0	0.4181848238897056
HER2ST_manual_controlled	HER2ST_C1_CONTROLLED__reverse	HER2ST_C1_CONTROLLED	HER2ST::C	reverse	balanced_ot	cost_features_500	multioutput_ridge	1.0	4	all_top1	1.0	0	d1bb3468e74c049b309681aacf1af5f9aeadf7f83c5f08eda231764cc48be365	110	110	24	0.5545454545454546	0.0	0.08333333333333333	0.16666666666666666	0.05977607844424745	36.0	1.0	0.9379061172306704
HER2ST_manual_controlled	HER2ST_C1_CONTROLLED__reverse	HER2ST_C1_CONTROLLED	HER2ST::C	reverse	balanced_ot	cost_features_500	multioutput_ridge	1.0	4	max_probability_gate	0.8	0	d1bb3468e74c049b309681aacf1af5f9aeadf7f83c5f08eda231764cc48be365	110	88	24	0.6022727272727273	0.0	0.041666666666666664	0.08333333333333333	0.053419379650966735	45.0	1.0	0.9334962567185562
HER2ST_manual_controlled	HER2ST_C1_CONTROLLED__reverse	HER2ST_C1_CONTROLLED	HER2ST::C	reverse	balanced_ot	cost_features_500	multioutput_ridge	1.0	4	top2_margin_gate	0.8	0	d1bb3468e74c049b309681aacf1af5f9aeadf7f83c5f08eda231764cc48be365	110	88	24	0.625	0.041666666666666664	0.041666666666666664	0.08333333333333333	0.07315995488204322	45.5	1.0	0.9331327325813644
HER2ST_manual_controlled	HER2ST_C1_CONTROLLED__reverse	HER2ST_C1_CONTROLLED	HER2ST::C	reverse	balanced_ot	cost_features_500	multioutput_ridge	1.0	4	oracle_truth	0.8	0	d1bb3468e74c049b309681aacf1af5f9aeadf7f83c5f08eda231764cc48be365	110	88	24	1.0	0.0	0.0	0.125	0.04188956608373748	38.5	1.0	0.9399965844986533
HER2ST_manual_controlled	HER2ST_C1_CONTROLLED__reverse	HER2ST_C1_CONTROLLED	HER2ST::C	reverse	balanced_ot	cost_features_500	multioutput_ridge	1.0	4	random_gate	0.8	0	d1bb3468e74c049b309681aacf1af5f9aeadf7f83c5f08eda231764cc48be365	110	88	24	0.5454545454545454	0.0	0.08333333333333333	0.16666666666666666	0.05912663385304096	36.5	1.0	0.9370504981303305
HER2ST_manual_controlled	HER2ST_C1_CONTROLLED__reverse	HER2ST_C1_CONTROLLED	HER2ST::C	reverse	balanced_ot	cost_features_500	multioutput_ridge	1.0	4	random_gate	0.8	1	d1bb3468e74c049b309681aacf1af5f9aeadf7f83c5f08eda231764cc48be365	110	88	24	0.5568181818181818	0.0	0.041666666666666664	0.08333333333333333	0.053631869483260104	40.0	1.0	0.9352238666133008
HER2ST_manual_controlled	HER2ST_C1_CONTROLLED__reverse	HER2ST_C1_CONTROLLED	HER2ST::C	reverse	balanced_ot	cost_features_500	multioutput_ridge	1.0	4	random_gate	0.8	2	d1bb3468e74c049b309681aacf1af5f9aeadf7f83c5f08eda231764cc48be365	110	88	24	0.5681818181818182	0.0	0.08333333333333333	0.08333333333333333	0.05086716325915747	37.0	1.0	0.9370672348451327
HER2ST_manual_controlled	HER2ST_C1_CONTROLLED__reverse	HER2ST_C1_CONTROLLED	HER2ST::C	reverse	balanced_ot	cost_features_500	multioutput_ridge	1.0	4	random_gate	0.8	3	d1bb3468e74c049b309681aacf1af5f9aeadf7f83c5f08eda231764cc48be365	110	88	24	0.5568181818181818	0.0	0.041666666666666664	0.125	0.05778782346757141	36.5	1.0	0.9376188408641174
HER2ST_manual_controlled	HER2ST_C1_CONTROLLED__reverse	HER2ST_C1_CONTROLLED	HER2ST::C	reverse	balanced_ot	cost_features_500	multioutput_ridge	1.0	4	random_gate	0.8	4	d1bb3468e74c049b309681aacf1af5f9aeadf7f83c5f08eda231764cc48be365	110	88	24	0.5340909090909091	0.0	0.08333333333333333	0.16666666666666666	0.05416255573663518	38.5	1.0	0.9378845668225715
HER2ST_manual_controlled	HER2ST_C1_CONTROLLED__reverse	HER2ST_C1_CONTROLLED	HER2ST::C	reverse	uot	cost_features_500	multioutput_ridge	1.0	0	identity_no_training	0.0	0	d1bb3468e74c049b309681aacf1af5f9aeadf7f83c5f08eda231764cc48be365	105	0	29		0.8620689655172413	1.0	1.0	0.9224137931034483	1.0	0.9655172413793104	0.42666395454597505
HER2ST_manual_controlled	HER2ST_C1_CONTROLLED__reverse	HER2ST_C1_CONTROLLED	HER2ST::C	reverse	uot	cost_features_500	multioutput_ridge	1.0	0	all_top1	1.0	0	d1bb3468e74c049b309681aacf1af5f9aeadf7f83c5f08eda231764cc48be365	105	105	29	0.6571428571428571	0.0	0.034482758620689655	0.06896551724137931	0.03363438493629176	75.0	1.0	0.9166675158937873
HER2ST_manual_controlled	HER2ST_C1_CONTROLLED__reverse	HER2ST_C1_CONTROLLED	HER2ST::C	reverse	uot	cost_features_500	multioutput_ridge	1.0	0	max_probability_gate	0.8	0	d1bb3468e74c049b309681aacf1af5f9aeadf7f83c5f08eda231764cc48be365	105	84	29	0.6309523809523809	0.0	0.034482758620689655	0.06896551724137931	0.03207963258753476	71.0	1.0	0.9156644516518303
HER2ST_manual_controlled	HER2ST_C1_CONTROLLED__reverse	HER2ST_C1_CONTROLLED	HER2ST::C	reverse	uot	cost_features_500	multioutput_ridge	1.0	0	top2_margin_gate	0.8	0	d1bb3468e74c049b309681aacf1af5f9aeadf7f83c5f08eda231764cc48be365	105	84	29	0.7261904761904762	0.0	0.034482758620689655	0.06896551724137931	0.035119754381462254	73.0	1.0	0.9162600563052731
HER2ST_manual_controlled	HER2ST_C1_CONTROLLED__reverse	HER2ST_C1_CONTROLLED	HER2ST::C	reverse	uot	cost_features_500	multioutput_ridge	1.0	0	oracle_truth	0.8	0	d1bb3468e74c049b309681aacf1af5f9aeadf7f83c5f08eda231764cc48be365	105	84	29	1.0	0.0	0.034482758620689655	0.06896551724137931	0.0314215467836552	69.0	1.0	0.9175726834309484
HER2ST_manual_controlled	HER2ST_C1_CONTROLLED__reverse	HER2ST_C1_CONTROLLED	HER2ST::C	reverse	uot	cost_features_500	multioutput_ridge	1.0	0	random_gate	0.8	0	d1bb3468e74c049b309681aacf1af5f9aeadf7f83c5f08eda231764cc48be365	105	84	29	0.6309523809523809	0.0	0.034482758620689655	0.06896551724137931	0.03344377768132833	71.0	1.0	0.9157379015985752
HER2ST_manual_controlled	HER2ST_C1_CONTROLLED__reverse	HER2ST_C1_CONTROLLED	HER2ST::C	reverse	uot	cost_features_500	multioutput_ridge	1.0	0	random_gate	0.8	1	d1bb3468e74c049b309681aacf1af5f9aeadf7f83c5f08eda231764cc48be365	105	84	29	0.6309523809523809	0.0	0.034482758620689655	0.06896551724137931	0.0339968741819542	76.0	1.0	0.9146661812321584
HER2ST_manual_controlled	HER2ST_C1_CONTROLLED__reverse	HER2ST_C1_CONTROLLED	HER2ST::C	reverse	uot	cost_features_500	multioutput_ridge	1.0	0	random_gate	0.8	2	d1bb3468e74c049b309681aacf1af5f9aeadf7f83c5f08eda231764cc48be365	105	84	29	0.6666666666666666	0.0	0.034482758620689655	0.06896551724137931	0.040579141195189766	72.0	1.0	0.9162510505698908
HER2ST_manual_controlled	HER2ST_C1_CONTROLLED__reverse	HER2ST_C1_CONTROLLED	HER2ST::C	reverse	uot	cost_features_500	multioutput_ridge	1.0	0	random_gate	0.8	3	d1bb3468e74c049b309681aacf1af5f9aeadf7f83c5f08eda231764cc48be365	105	84	29	0.6547619047619048	0.0	0.034482758620689655	0.06896551724137931	0.030239478100886723	76.0	1.0	0.9159886122134975
HER2ST_manual_controlled	HER2ST_C1_CONTROLLED__reverse	HER2ST_C1_CONTROLLED	HER2ST::C	reverse	uot	cost_features_500	multioutput_ridge	1.0	0	random_gate	0.8	4	d1bb3468e74c049b309681aacf1af5f9aeadf7f83c5f08eda231764cc48be365	105	84	29	0.6785714285714286	0.0	0.034482758620689655	0.06896551724137931	0.03336766941897325	73.0	1.0	0.9164562051151045
HER2ST_manual_controlled	HER2ST_C1_CONTROLLED__reverse	HER2ST_C1_CONTROLLED	HER2ST::C	reverse	uot	cost_features_500	multioutput_ridge	1.0	1	identity_no_training	0.0	0	d1bb3468e74c049b309681aacf1af5f9aeadf7f83c5f08eda231764cc48be365	107	0	27		0.9259259259259259	1.0	1.0	0.95679012345679	1.0	0.9259259259259259	0.4270545070800879
HER2ST_manual_controlled	HER2ST_C1_CONTROLLED__reverse	HER2ST_C1_CONTROLLED	HER2ST::C	reverse	uot	cost_features_500	multioutput_ridge	1.0	1	all_top1	1.0	0	d1bb3468e74c049b309681aacf1af5f9aeadf7f83c5f08eda231764cc48be365	107	107	27	0.6635514018691588	0.0	0.0	0.0	0.008875075395686875	135.0	0.18518518518518517	0.7852192998897292
HER2ST_manual_controlled	HER2ST_C1_CONTROLLED__reverse	HER2ST_C1_CONTROLLED	HER2ST::C	reverse	uot	cost_features_500	multioutput_ridge	1.0	1	max_probability_gate	0.8	0	d1bb3468e74c049b309681aacf1af5f9aeadf7f83c5f08eda231764cc48be365	107	86	27	0.6162790697674418	0.0	0.0	0.0	0.008848672623502226	134.0	0.14814814814814814	0.784529671879131
HER2ST_manual_controlled	HER2ST_C1_CONTROLLED__reverse	HER2ST_C1_CONTROLLED	HER2ST::C	reverse	uot	cost_features_500	multioutput_ridge	1.0	1	top2_margin_gate	0.8	0	d1bb3468e74c049b309681aacf1af5f9aeadf7f83c5f08eda231764cc48be365	107	86	27	0.7441860465116279	0.0	0.0	0.0	0.008840463627013509	135.0	0.18518518518518517	0.7852412759554569
HER2ST_manual_controlled	HER2ST_C1_CONTROLLED__reverse	HER2ST_C1_CONTROLLED	HER2ST::C	reverse	uot	cost_features_500	multioutput_ridge	1.0	1	oracle_truth	0.8	0	d1bb3468e74c049b309681aacf1af5f9aeadf7f83c5f08eda231764cc48be365	107	86	27	1.0	0.0	0.0	0.0	0.008851112030460899	135.0	0.18518518518518517	0.7831528651931821
HER2ST_manual_controlled	HER2ST_C1_CONTROLLED__reverse	HER2ST_C1_CONTROLLED	HER2ST::C	reverse	uot	cost_features_500	multioutput_ridge	1.0	1	random_gate	0.8	0	d1bb3468e74c049b309681aacf1af5f9aeadf7f83c5f08eda231764cc48be365	107	86	27	0.6511627906976745	0.0	0.0	0.0	0.008878896580470733	136.0	0.18518518518518517	0.7849280827652939
HER2ST_manual_controlled	HER2ST_C1_CONTROLLED__reverse	HER2ST_C1_CONTROLLED	HER2ST::C	reverse	uot	cost_features_500	multioutput_ridge	1.0	1	random_gate	0.8	1	d1bb3468e74c049b309681aacf1af5f9aeadf7f83c5f08eda231764cc48be365	107	86	27	0.6511627906976745	0.0	0.0	0.0	0.008741327064103396	137.0	0.18518518518518517	0.7836350558113183
HER2ST_manual_controlled	HER2ST_C1_CONTROLLED__reverse	HER2ST_C1_CONTROLLED	HER2ST::C	reverse	uot	cost_features_500	multioutput_ridge	1.0	1	random_gate	0.8	2	d1bb3468e74c049b309681aacf1af5f9aeadf7f83c5f08eda231764cc48be365	107	86	27	0.686046511627907	0.0	0.0	0.0	0.008777885376976156	135.0	0.18518518518518517	0.7842609935018893
HER2ST_manual_controlled	HER2ST_C1_CONTROLLED__reverse	HER2ST_C1_CONTROLLED	HER2ST::C	reverse	uot	cost_features_500	multioutput_ridge	1.0	1	random_gate	0.8	3	d1bb3468e74c049b309681aacf1af5f9aeadf7f83c5f08eda231764cc48be365	107	86	27	0.6162790697674418	0.0	0.0	0.0	0.008789412205718198	135.0	0.18518518518518517	0.7847831731200056
HER2ST_manual_controlled	HER2ST_C1_CONTROLLED__reverse	HER2ST_C1_CONTROLLED	HER2ST::C	reverse	uot	cost_features_500	multioutput_ridge	1.0	1	random_gate	0.8	4	d1bb3468e74c049b309681aacf1af5f9aeadf7f83c5f08eda231764cc48be365	107	86	27	0.6511627906976745	0.0	0.0	0.0	0.008810280466827882	135.0	0.18518518518518517	0.783953198325686
HER2ST_manual_controlled	HER2ST_C1_CONTROLLED__reverse	HER2ST_C1_CONTROLLED	HER2ST::C	reverse	uot	cost_features_500	multioutput_ridge	1.0	2	identity_no_training	0.0	0	d1bb3468e74c049b309681aacf1af5f9aeadf7f83c5f08eda231764cc48be365	104	0	30		0.9	1.0	1.0	0.9444444444444445	1.0	0.9666666666666667	0.4245374724003669
HER2ST_manual_controlled	HER2ST_C1_CONTROLLED__reverse	HER2ST_C1_CONTROLLED	HER2ST::C	reverse	uot	cost_features_500	multioutput_ridge	1.0	2	all_top1	1.0	0	d1bb3468e74c049b309681aacf1af5f9aeadf7f83c5f08eda231764cc48be365	104	104	30	0.5961538461538461	0.0	0.03333333333333333	0.03333333333333333	0.03099944089732489	94.5	0.9	0.8605301847294956
HER2ST_manual_controlled	HER2ST_C1_CONTROLLED__reverse	HER2ST_C1_CONTROLLED	HER2ST::C	reverse	uot	cost_features_500	multioutput_ridge	1.0	2	max_probability_gate	0.8	0	d1bb3468e74c049b309681aacf1af5f9aeadf7f83c5f08eda231764cc48be365	104	84	30	0.5357142857142857	0.0	0.03333333333333333	0.03333333333333333	0.026293110452863724	95.5	0.9	0.8600726546135462
HER2ST_manual_controlled	HER2ST_C1_CONTROLLED__reverse	HER2ST_C1_CONTROLLED	HER2ST::C	reverse	uot	cost_features_500	multioutput_ridge	1.0	2	top2_margin_gate	0.8	0	d1bb3468e74c049b309681aacf1af5f9aeadf7f83c5f08eda231764cc48be365	104	84	30	0.6666666666666666	0.0	0.03333333333333333	0.03333333333333333	0.025708324754409723	95.5	0.9	0.860600586264323
HER2ST_manual_controlled	HER2ST_C1_CONTROLLED__reverse	HER2ST_C1_CONTROLLED	HER2ST::C	reverse	uot	cost_features_500	multioutput_ridge	1.0	2	oracle_truth	0.8	0	d1bb3468e74c049b309681aacf1af5f9aeadf7f83c5f08eda231764cc48be365	104	84	30	1.0	0.0	0.0	0.03333333333333333	0.01965055104307066	94.5	0.9	0.8605182108403199
HER2ST_manual_controlled	HER2ST_C1_CONTROLLED__reverse	HER2ST_C1_CONTROLLED	HER2ST::C	reverse	uot	cost_features_500	multioutput_ridge	1.0	2	random_gate	0.8	0	d1bb3468e74c049b309681aacf1af5f9aeadf7f83c5f08eda231764cc48be365	104	84	30	0.5714285714285714	0.0	0.03333333333333333	0.03333333333333333	0.022243366450295163	95.0	0.9	0.8597514319626037
HER2ST_manual_controlled	HER2ST_C1_CONTROLLED__reverse	HER2ST_C1_CONTROLLED	HER2ST::C	reverse	uot	cost_features_500	multioutput_ridge	1.0	2	random_gate	0.8	1	d1bb3468e74c049b309681aacf1af5f9aeadf7f83c5f08eda231764cc48be365	104	84	30	0.6309523809523809	0.0	0.03333333333333333	0.03333333333333333	0.03164208471110463	95.5	0.9	0.8601146065913376
HER2ST_manual_controlled	HER2ST_C1_CONTROLLED__reverse	HER2ST_C1_CONTROLLED	HER2ST::C	reverse	uot	cost_features_500	multioutput_ridge	1.0	2	random_gate	0.8	2	d1bb3468e74c049b309681aacf1af5f9aeadf7f83c5f08eda231764cc48be365	104	84	30	0.6190476190476191	0.0	0.03333333333333333	0.03333333333333333	0.023874282455147344	95.5	0.9	0.8607660536401756
HER2ST_manual_controlled	HER2ST_C1_CONTROLLED__reverse	HER2ST_C1_CONTROLLED	HER2ST::C	reverse	uot	cost_features_500	multioutput_ridge	1.0	2	random_gate	0.8	3	d1bb3468e74c049b309681aacf1af5f9aeadf7f83c5f08eda231764cc48be365	104	84	30	0.6071428571428571	0.0	0.03333333333333333	0.03333333333333333	0.025718174033886813	94.5	0.9	0.860498076612182
HER2ST_manual_controlled	HER2ST_C1_CONTROLLED__reverse	HER2ST_C1_CONTROLLED	HER2ST::C	reverse	uot	cost_features_500	multioutput_ridge	1.0	2	random_gate	0.8	4	d1bb3468e74c049b309681aacf1af5f9aeadf7f83c5f08eda231764cc48be365	104	84	30	0.5952380952380952	0.0	0.0	0.03333333333333333	0.020523635099489547	95.0	0.9	0.8604793027881584
HER2ST_manual_controlled	HER2ST_C1_CONTROLLED__reverse	HER2ST_C1_CONTROLLED	HER2ST::C	reverse	uot	cost_features_500	multioutput_ridge	1.0	3	identity_no_training	0.0	0	d1bb3468e74c049b309681aacf1af5f9aeadf7f83c5f08eda231764cc48be365	110	0	24		0.7083333333333334	0.9583333333333334	1.0	0.7885912698412699	1.0	1.0	0.42565805004135443
HER2ST_manual_controlled	HER2ST_C1_CONTROLLED__reverse	HER2ST_C1_CONTROLLED	HER2ST::C	reverse	uot	cost_features_500	multioutput_ridge	1.0	3	all_top1	1.0	0	d1bb3468e74c049b309681aacf1af5f9aeadf7f83c5f08eda231764cc48be365	110	110	24	0.6818181818181818	0.041666666666666664	0.125	0.16666666666666666	0.09245716121376903	37.5	0.9583333333333334	0.9470099632465351
HER2ST_manual_controlled	HER2ST_C1_CONTROLLED__reverse	HER2ST_C1_CONTROLLED	HER2ST::C	reverse	uot	cost_features_500	multioutput_ridge	1.0	3	max_probability_gate	0.8	0	d1bb3468e74c049b309681aacf1af5f9aeadf7f83c5f08eda231764cc48be365	110	88	24	0.625	0.041666666666666664	0.125	0.16666666666666666	0.09077320842577047	38.0	0.9583333333333334	0.94549972825484
HER2ST_manual_controlled	HER2ST_C1_CONTROLLED__reverse	HER2ST_C1_CONTROLLED	HER2ST::C	reverse	uot	cost_features_500	multioutput_ridge	1.0	3	top2_margin_gate	0.8	0	d1bb3468e74c049b309681aacf1af5f9aeadf7f83c5f08eda231764cc48be365	110	88	24	0.75	0.041666666666666664	0.125	0.16666666666666666	0.09339023911445177	35.5	0.9583333333333334	0.944680128778467
HER2ST_manual_controlled	HER2ST_C1_CONTROLLED__reverse	HER2ST_C1_CONTROLLED	HER2ST::C	reverse	uot	cost_features_500	multioutput_ridge	1.0	3	oracle_truth	0.8	0	d1bb3468e74c049b309681aacf1af5f9aeadf7f83c5f08eda231764cc48be365	110	88	24	1.0	0.041666666666666664	0.041666666666666664	0.16666666666666666	0.08175290685726842	39.0	0.9583333333333334	0.948435074861707
HER2ST_manual_controlled	HER2ST_C1_CONTROLLED__reverse	HER2ST_C1_CONTROLLED	HER2ST::C	reverse	uot	cost_features_500	multioutput_ridge	1.0	3	random_gate	0.8	0	d1bb3468e74c049b309681aacf1af5f9aeadf7f83c5f08eda231764cc48be365	110	88	24	0.7159090909090909	0.041666666666666664	0.08333333333333333	0.16666666666666666	0.08837896994690474	36.5	0.9583333333333334	0.9456795437622607
HER2ST_manual_controlled	HER2ST_C1_CONTROLLED__reverse	HER2ST_C1_CONTROLLED	HER2ST::C	reverse	uot	cost_features_500	multioutput_ridge	1.0	3	random_gate	0.8	1	d1bb3468e74c049b309681aacf1af5f9aeadf7f83c5f08eda231764cc48be365	110	88	24	0.6590909090909091	0.041666666666666664	0.08333333333333333	0.16666666666666666	0.09272984568112201	38.5	0.9583333333333334	0.9453169912350585
HER2ST_manual_controlled	HER2ST_C1_CONTROLLED__reverse	HER2ST_C1_CONTROLLED	HER2ST::C	reverse	uot	cost_features_500	multioutput_ridge	1.0	3	random_gate	0.8	2	d1bb3468e74c049b309681aacf1af5f9aeadf7f83c5f08eda231764cc48be365	110	88	24	0.6590909090909091	0.041666666666666664	0.08333333333333333	0.16666666666666666	0.08587446731460584	38.5	0.9583333333333334	0.9460855976396179
HER2ST_manual_controlled	HER2ST_C1_CONTROLLED__reverse	HER2ST_C1_CONTROLLED	HER2ST::C	reverse	uot	cost_features_500	multioutput_ridge	1.0	3	random_gate	0.8	3	d1bb3468e74c049b309681aacf1af5f9aeadf7f83c5f08eda231764cc48be365	110	88	24	0.6931818181818182	0.041666666666666664	0.08333333333333333	0.125	0.08683688727102658	38.0	0.9583333333333334	0.9459783716901877
HER2ST_manual_controlled	HER2ST_C1_CONTROLLED__reverse	HER2ST_C1_CONTROLLED	HER2ST::C	reverse	uot	cost_features_500	multioutput_ridge	1.0	3	random_gate	0.8	4	d1bb3468e74c049b309681aacf1af5f9aeadf7f83c5f08eda231764cc48be365	110	88	24	0.6704545454545454	0.041666666666666664	0.08333333333333333	0.16666666666666666	0.09017838802627333	39.0	0.9583333333333334	0.9466668634105774
HER2ST_manual_controlled	HER2ST_C1_CONTROLLED__reverse	HER2ST_C1_CONTROLLED	HER2ST::C	reverse	uot	cost_features_500	multioutput_ridge	1.0	4	identity_no_training	0.0	0	d1bb3468e74c049b309681aacf1af5f9aeadf7f83c5f08eda231764cc48be365	110	0	24		0.6666666666666666	0.7916666666666666	0.8333333333333334	0.7342960442118583	1.0	1.0	0.4181848238897056
HER2ST_manual_controlled	HER2ST_C1_CONTROLLED__reverse	HER2ST_C1_CONTROLLED	HER2ST::C	reverse	uot	cost_features_500	multioutput_ridge	1.0	4	all_top1	1.0	0	d1bb3468e74c049b309681aacf1af5f9aeadf7f83c5f08eda231764cc48be365	110	110	24	0.7545454545454545	0.0	0.08333333333333333	0.16666666666666666	0.04967666971090493	36.0	1.0	0.9398482006347173
HER2ST_manual_controlled	HER2ST_C1_CONTROLLED__reverse	HER2ST_C1_CONTROLLED	HER2ST::C	reverse	uot	cost_features_500	multioutput_ridge	1.0	4	max_probability_gate	0.8	0	d1bb3468e74c049b309681aacf1af5f9aeadf7f83c5f08eda231764cc48be365	110	88	24	0.7272727272727273	0.0	0.041666666666666664	0.125	0.0452580644095372	42.0	1.0	0.9362928442797337
HER2ST_manual_controlled	HER2ST_C1_CONTROLLED__reverse	HER2ST_C1_CONTROLLED	HER2ST::C	reverse	uot	cost_features_500	multioutput_ridge	1.0	4	top2_margin_gate	0.8	0	d1bb3468e74c049b309681aacf1af5f9aeadf7f83c5f08eda231764cc48be365	110	88	24	0.8409090909090909	0.0	0.041666666666666664	0.08333333333333333	0.05595973375097301	39.0	0.9583333333333334	0.9373391225005427
HER2ST_manual_controlled	HER2ST_C1_CONTROLLED__reverse	HER2ST_C1_CONTROLLED	HER2ST::C	reverse	uot	cost_features_500	multioutput_ridge	1.0	4	oracle_truth	0.8	0	d1bb3468e74c049b309681aacf1af5f9aeadf7f83c5f08eda231764cc48be365	110	88	24	1.0	0.0	0.08333333333333333	0.16666666666666666	0.045864592871656895	36.5	1.0	0.9402379474507816
HER2ST_manual_controlled	HER2ST_C1_CONTROLLED__reverse	HER2ST_C1_CONTROLLED	HER2ST::C	reverse	uot	cost_features_500	multioutput_ridge	1.0	4	random_gate	0.8	0	d1bb3468e74c049b309681aacf1af5f9aeadf7f83c5f08eda231764cc48be365	110	88	24	0.7727272727272727	0.0	0.041666666666666664	0.16666666666666666	0.0457346562998776	37.0	1.0	0.9387230635299152
HER2ST_manual_controlled	HER2ST_C1_CONTROLLED__reverse	HER2ST_C1_CONTROLLED	HER2ST::C	reverse	uot	cost_features_500	multioutput_ridge	1.0	4	random_gate	0.8	1	d1bb3468e74c049b309681aacf1af5f9aeadf7f83c5f08eda231764cc48be365	110	88	24	0.7613636363636364	0.0	0.08333333333333333	0.125	0.0588117600149789	37.5	1.0	0.9387903866469802
HER2ST_manual_controlled	HER2ST_C1_CONTROLLED__reverse	HER2ST_C1_CONTROLLED	HER2ST::C	reverse	uot	cost_features_500	multioutput_ridge	1.0	4	random_gate	0.8	2	d1bb3468e74c049b309681aacf1af5f9aeadf7f83c5f08eda231764cc48be365	110	88	24	0.7613636363636364	0.0	0.08333333333333333	0.16666666666666666	0.05551316317965984	36.5	1.0	0.9395898688051645
HER2ST_manual_controlled	HER2ST_C1_CONTROLLED__reverse	HER2ST_C1_CONTROLLED	HER2ST::C	reverse	uot	cost_features_500	multioutput_ridge	1.0	4	random_gate	0.8	3	d1bb3468e74c049b309681aacf1af5f9aeadf7f83c5f08eda231764cc48be365	110	88	24	0.75	0.0	0.041666666666666664	0.125	0.045574140148655434	39.5	1.0	0.938313717868606
HER2ST_manual_controlled	HER2ST_C1_CONTROLLED__reverse	HER2ST_C1_CONTROLLED	HER2ST::C	reverse	uot	cost_features_500	multioutput_ridge	1.0	4	random_gate	0.8	4	d1bb3468e74c049b309681aacf1af5f9aeadf7f83c5f08eda231764cc48be365	110	88	24	0.7045454545454546	0.0	0.041666666666666664	0.16666666666666666	0.04604334411645064	35.5	1.0	0.9399176461888951
HER2ST_manual_controlled	HER2ST_C1_CONTROLLED__reverse	HER2ST_C1_CONTROLLED	HER2ST::C	reverse	row_softmax	cost_features_500	multioutput_ridge	1.0	0	identity_no_training	0.0	0	d1bb3468e74c049b309681aacf1af5f9aeadf7f83c5f08eda231764cc48be365	105	0	29		0.8620689655172413	1.0	1.0	0.9224137931034483	1.0	0.9655172413793104	0.42666395454597505
HER2ST_manual_controlled	HER2ST_C1_CONTROLLED__reverse	HER2ST_C1_CONTROLLED	HER2ST::C	reverse	row_softmax	cost_features_500	multioutput_ridge	1.0	0	all_top1	1.0	0	d1bb3468e74c049b309681aacf1af5f9aeadf7f83c5f08eda231764cc48be365	105	105	29	0.8095238095238095	0.0	0.034482758620689655	0.06896551724137931	0.03055271576384959	66.0	1.0	0.9178653933679961
HER2ST_manual_controlled	HER2ST_C1_CONTROLLED__reverse	HER2ST_C1_CONTROLLED	HER2ST::C	reverse	row_softmax	cost_features_500	multioutput_ridge	1.0	0	max_probability_gate	0.8	0	d1bb3468e74c049b309681aacf1af5f9aeadf7f83c5f08eda231764cc48be365	105	84	29	0.8214285714285714	0.0	0.034482758620689655	0.06896551724137931	0.028446512049331872	67.0	1.0	0.9161820752122153
HER2ST_manual_controlled	HER2ST_C1_CONTROLLED__reverse	HER2ST_C1_CONTROLLED	HER2ST::C	reverse	row_softmax	cost_features_500	multioutput_ridge	1.0	0	top2_margin_gate	0.8	0	d1bb3468e74c049b309681aacf1af5f9aeadf7f83c5f08eda231764cc48be365	105	84	29	0.9047619047619048	0.0	0.034482758620689655	0.06896551724137931	0.04018152992234866	61.0	1.0	0.9170905953319199
HER2ST_manual_controlled	HER2ST_C1_CONTROLLED__reverse	HER2ST_C1_CONTROLLED	HER2ST::C	reverse	row_softmax	cost_features_500	multioutput_ridge	1.0	0	oracle_truth	0.8	0	d1bb3468e74c049b309681aacf1af5f9aeadf7f83c5f08eda231764cc48be365	105	84	29	1.0	0.0	0.034482758620689655	0.06896551724137931	0.03854452713849079	76.0	1.0	0.9167263210469381
HER2ST_manual_controlled	HER2ST_C1_CONTROLLED__reverse	HER2ST_C1_CONTROLLED	HER2ST::C	reverse	row_softmax	cost_features_500	multioutput_ridge	1.0	0	random_gate	0.8	0	d1bb3468e74c049b309681aacf1af5f9aeadf7f83c5f08eda231764cc48be365	105	84	29	0.7976190476190477	0.0	0.034482758620689655	0.06896551724137931	0.030830756545132728	67.0	1.0	0.9163907270296426
HER2ST_manual_controlled	HER2ST_C1_CONTROLLED__reverse	HER2ST_C1_CONTROLLED	HER2ST::C	reverse	row_softmax	cost_features_500	multioutput_ridge	1.0	0	random_gate	0.8	1	d1bb3468e74c049b309681aacf1af5f9aeadf7f83c5f08eda231764cc48be365	105	84	29	0.7857142857142857	0.0	0.034482758620689655	0.06896551724137931	0.03284531051954427	67.0	1.0	0.9173415017220387
HER2ST_manual_controlled	HER2ST_C1_CONTROLLED__reverse	HER2ST_C1_CONTROLLED	HER2ST::C	reverse	row_softmax	cost_features_500	multioutput_ridge	1.0	0	random_gate	0.8	2	d1bb3468e74c049b309681aacf1af5f9aeadf7f83c5f08eda231764cc48be365	105	84	29	0.7857142857142857	0.0	0.034482758620689655	0.06896551724137931	0.03043506073545011	67.0	1.0	0.9167712719581638
HER2ST_manual_controlled	HER2ST_C1_CONTROLLED__reverse	HER2ST_C1_CONTROLLED	HER2ST::C	reverse	row_softmax	cost_features_500	multioutput_ridge	1.0	0	random_gate	0.8	3	d1bb3468e74c049b309681aacf1af5f9aeadf7f83c5f08eda231764cc48be365	105	84	29	0.8333333333333334	0.0	0.034482758620689655	0.06896551724137931	0.03250482754861651	67.0	1.0	0.9171624322559535
HER2ST_manual_controlled	HER2ST_C1_CONTROLLED__reverse	HER2ST_C1_CONTROLLED	HER2ST::C	reverse	row_softmax	cost_features_500	multioutput_ridge	1.0	0	random_gate	0.8	4	d1bb3468e74c049b309681aacf1af5f9aeadf7f83c5f08eda231764cc48be365	105	84	29	0.7976190476190477	0.0	0.034482758620689655	0.06896551724137931	0.039354007204404635	73.0	1.0	0.9169013647280266
HER2ST_manual_controlled	HER2ST_C1_CONTROLLED__reverse	HER2ST_C1_CONTROLLED	HER2ST::C	reverse	row_softmax	cost_features_500	multioutput_ridge	1.0	1	identity_no_training	0.0	0	d1bb3468e74c049b309681aacf1af5f9aeadf7f83c5f08eda231764cc48be365	107	0	27		0.9259259259259259	1.0	1.0	0.95679012345679	1.0	0.9259259259259259	0.4270545070800879
HER2ST_manual_controlled	HER2ST_C1_CONTROLLED__reverse	HER2ST_C1_CONTROLLED	HER2ST::C	reverse	row_softmax	cost_features_500	multioutput_ridge	1.0	1	all_top1	1.0	0	d1bb3468e74c049b309681aacf1af5f9aeadf7f83c5f08eda231764cc48be365	107	107	27	0.7850467289719626	0.0	0.0	0.0	0.0088216842401359	136.0	0.18518518518518517	0.7849351854849097
HER2ST_manual_controlled	HER2ST_C1_CONTROLLED__reverse	HER2ST_C1_CONTROLLED	HER2ST::C	reverse	row_softmax	cost_features_500	multioutput_ridge	1.0	1	max_probability_gate	0.8	0	d1bb3468e74c049b309681aacf1af5f9aeadf7f83c5f08eda231764cc48be365	107	86	27	0.8023255813953488	0.0	0.0	0.0	0.00883067296901593	136.0	0.18518518518518517	0.7838058737890522
HER2ST_manual_controlled	HER2ST_C1_CONTROLLED__reverse	HER2ST_C1_CONTROLLED	HER2ST::C	reverse	row_softmax	cost_features_500	multioutput_ridge	1.0	1	top2_margin_gate	0.8	0	d1bb3468e74c049b309681aacf1af5f9aeadf7f83c5f08eda231764cc48be365	107	86	27	0.8837209302325582	0.0	0.0	0.0	0.008774147331070332	135.0	0.18518518518518517	0.7840937244345393
HER2ST_manual_controlled	HER2ST_C1_CONTROLLED__reverse	HER2ST_C1_CONTROLLED	HER2ST::C	reverse	row_softmax	cost_features_500	multioutput_ridge	1.0	1	oracle_truth	0.8	0	d1bb3468e74c049b309681aacf1af5f9aeadf7f83c5f08eda231764cc48be365	107	86	27	1.0	0.0	0.0	0.0	0.008851851647128428	137.0	0.18518518518518517	0.7831797009875563
HER2ST_manual_controlled	HER2ST_C1_CONTROLLED__reverse	HER2ST_C1_CONTROLLED	HER2ST::C	reverse	row_softmax	cost_features_500	multioutput_ridge	1.0	1	random_gate	0.8	0	d1bb3468e74c049b309681aacf1af5f9aeadf7f83c5f08eda231764cc48be365	107	86	27	0.7906976744186046	0.0	0.0	0.0	0.008792364755537841	136.0	0.18518518518518517	0.7849347744400825
HER2ST_manual_controlled	HER2ST_C1_CONTROLLED__reverse	HER2ST_C1_CONTROLLED	HER2ST::C	reverse	row_softmax	cost_features_500	multioutput_ridge	1.0	1	random_gate	0.8	1	d1bb3468e74c049b309681aacf1af5f9aeadf7f83c5f08eda231764cc48be365	107	86	27	0.7558139534883721	0.0	0.0	0.0	0.008767781568554666	137.0	0.18518518518518517	0.7824834948301688
HER2ST_manual_controlled	HER2ST_C1_CONTROLLED__reverse	HER2ST_C1_CONTROLLED	HER2ST::C	reverse	row_softmax	cost_features_500	multioutput_ridge	1.0	1	random_gate	0.8	2	d1bb3468e74c049b309681aacf1af5f9aeadf7f83c5f08eda231764cc48be365	107	86	27	0.7558139534883721	0.0	0.0	0.0	0.008851007546266863	137.0	0.18518518518518517	0.7835633233938766
HER2ST_manual_controlled	HER2ST_C1_CONTROLLED__reverse	HER2ST_C1_CONTROLLED	HER2ST::C	reverse	row_softmax	cost_features_500	multioutput_ridge	1.0	1	random_gate	0.8	3	d1bb3468e74c049b309681aacf1af5f9aeadf7f83c5f08eda231764cc48be365	107	86	27	0.7674418604651163	0.0	0.0	0.0	0.008751479576652713	139.0	0.18518518518518517	0.7822990764667198
HER2ST_manual_controlled	HER2ST_C1_CONTROLLED__reverse	HER2ST_C1_CONTROLLED	HER2ST::C	reverse	row_softmax	cost_features_500	multioutput_ridge	1.0	1	random_gate	0.8	4	d1bb3468e74c049b309681aacf1af5f9aeadf7f83c5f08eda231764cc48be365	107	86	27	0.8023255813953488	0.0	0.0	0.0	0.008722849452004713	136.0	0.18518518518518517	0.7844505480771763
HER2ST_manual_controlled	HER2ST_C1_CONTROLLED__reverse	HER2ST_C1_CONTROLLED	HER2ST::C	reverse	row_softmax	cost_features_500	multioutput_ridge	1.0	2	identity_no_training	0.0	0	d1bb3468e74c049b309681aacf1af5f9aeadf7f83c5f08eda231764cc48be365	104	0	30		0.9	1.0	1.0	0.9444444444444445	1.0	0.9666666666666667	0.4245374724003669
HER2ST_manual_controlled	HER2ST_C1_CONTROLLED__reverse	HER2ST_C1_CONTROLLED	HER2ST::C	reverse	row_softmax	cost_features_500	multioutput_ridge	1.0	2	all_top1	1.0	0	d1bb3468e74c049b309681aacf1af5f9aeadf7f83c5f08eda231764cc48be365	104	104	30	0.8173076923076923	0.0	0.0	0.03333333333333333	0.020613883286824387	95.0	0.9	0.8613655401688267
HER2ST_manual_controlled	HER2ST_C1_CONTROLLED__reverse	HER2ST_C1_CONTROLLED	HER2ST::C	reverse	row_softmax	cost_features_500	multioutput_ridge	1.0	2	max_probability_gate	0.8	0	d1bb3468e74c049b309681aacf1af5f9aeadf7f83c5f08eda231764cc48be365	104	84	30	0.8333333333333334	0.0	0.03333333333333333	0.03333333333333333	0.021361104724548177	94.5	0.9	0.8607530362719563
HER2ST_manual_controlled	HER2ST_C1_CONTROLLED__reverse	HER2ST_C1_CONTROLLED	HER2ST::C	reverse	row_softmax	cost_features_500	multioutput_ridge	1.0	2	top2_margin_gate	0.8	0	d1bb3468e74c049b309681aacf1af5f9aeadf7f83c5f08eda231764cc48be365	104	84	30	0.9047619047619048	0.0	0.03333333333333333	0.03333333333333333	0.02744384807881865	95.5	0.9	0.8615381281823297
HER2ST_manual_controlled	HER2ST_C1_CONTROLLED__reverse	HER2ST_C1_CONTROLLED	HER2ST::C	reverse	row_softmax	cost_features_500	multioutput_ridge	1.0	2	oracle_truth	0.8	0	d1bb3468e74c049b309681aacf1af5f9aeadf7f83c5f08eda231764cc48be365	104	84	30	1.0	0.0	0.03333333333333333	0.03333333333333333	0.025549267792926492	95.0	0.9	0.860622721889199
HER2ST_manual_controlled	HER2ST_C1_CONTROLLED__reverse	HER2ST_C1_CONTROLLED	HER2ST::C	reverse	row_softmax	cost_features_500	multioutput_ridge	1.0	2	random_gate	0.8	0	d1bb3468e74c049b309681aacf1af5f9aeadf7f83c5f08eda231764cc48be365	104	84	30	0.7857142857142857	0.0	0.03333333333333333	0.03333333333333333	0.02307850320978559	95.0	0.9	0.8607883831103892
HER2ST_manual_controlled	HER2ST_C1_CONTROLLED__reverse	HER2ST_C1_CONTROLLED	HER2ST::C	reverse	row_softmax	cost_features_500	multioutput_ridge	1.0	2	random_gate	0.8	1	d1bb3468e74c049b309681aacf1af5f9aeadf7f83c5f08eda231764cc48be365	104	84	30	0.8333333333333334	0.0	0.0	0.03333333333333333	0.018993503199760852	95.0	0.9	0.8598484355211656
HER2ST_manual_controlled	HER2ST_C1_CONTROLLED__reverse	HER2ST_C1_CONTROLLED	HER2ST::C	reverse	row_softmax	cost_features_500	multioutput_ridge	1.0	2	random_gate	0.8	2	d1bb3468e74c049b309681aacf1af5f9aeadf7f83c5f08eda231764cc48be365	104	84	30	0.8095238095238095	0.0	0.0	0.03333333333333333	0.02063068507631825	95.0	0.9	0.8608559334579006
HER2ST_manual_controlled	HER2ST_C1_CONTROLLED__reverse	HER2ST_C1_CONTROLLED	HER2ST::C	reverse	row_softmax	cost_features_500	multioutput_ridge	1.0	2	random_gate	0.8	3	d1bb3468e74c049b309681aacf1af5f9aeadf7f83c5f08eda231764cc48be365	104	84	30	0.8214285714285714	0.0	0.03333333333333333	0.03333333333333333	0.022890577705734248	94.0	0.9	0.8608183967962381
HER2ST_manual_controlled	HER2ST_C1_CONTROLLED__reverse	HER2ST_C1_CONTROLLED	HER2ST::C	reverse	row_softmax	cost_features_500	multioutput_ridge	1.0	2	random_gate	0.8	4	d1bb3468e74c049b309681aacf1af5f9aeadf7f83c5f08eda231764cc48be365	104	84	30	0.7976190476190477	0.0	0.03333333333333333	0.03333333333333333	0.02182938710485531	94.5	0.9	0.8607575129205436
HER2ST_manual_controlled	HER2ST_C1_CONTROLLED__reverse	HER2ST_C1_CONTROLLED	HER2ST::C	reverse	row_softmax	cost_features_500	multioutput_ridge	1.0	3	identity_no_training	0.0	0	d1bb3468e74c049b309681aacf1af5f9aeadf7f83c5f08eda231764cc48be365	110	0	24		0.7083333333333334	0.9583333333333334	1.0	0.7885912698412699	1.0	1.0	0.42565805004135443
HER2ST_manual_controlled	HER2ST_C1_CONTROLLED__reverse	HER2ST_C1_CONTROLLED	HER2ST::C	reverse	row_softmax	cost_features_500	multioutput_ridge	1.0	3	all_top1	1.0	0	d1bb3468e74c049b309681aacf1af5f9aeadf7f83c5f08eda231764cc48be365	110	110	24	0.8363636363636363	0.041666666666666664	0.041666666666666664	0.16666666666666666	0.0850151270066309	36.5	0.9583333333333334	0.9462867106668313
HER2ST_manual_controlled	HER2ST_C1_CONTROLLED__reverse	HER2ST_C1_CONTROLLED	HER2ST::C	reverse	row_softmax	cost_features_500	multioutput_ridge	1.0	3	max_probability_gate	0.8	0	d1bb3468e74c049b309681aacf1af5f9aeadf7f83c5f08eda231764cc48be365	110	88	24	0.8522727272727273	0.041666666666666664	0.08333333333333333	0.125	0.08568482631407488	34.0	0.9583333333333334	0.9442063502873719
HER2ST_manual_controlled	HER2ST_C1_CONTROLLED__reverse	HER2ST_C1_CONTROLLED	HER2ST::C	reverse	row_softmax	cost_features_500	multioutput_ridge	1.0	3	top2_margin_gate	0.8	0	d1bb3468e74c049b309681aacf1af5f9aeadf7f83c5f08eda231764cc48be365	110	88	24	0.9318181818181818	0.041666666666666664	0.08333333333333333	0.125	0.08653876603354309	36.0	0.9583333333333334	0.9450751427816138
HER2ST_manual_controlled	HER2ST_C1_CONTROLLED__reverse	HER2ST_C1_CONTROLLED	HER2ST::C	reverse	row_softmax	cost_features_500	multioutput_ridge	1.0	3	oracle_truth	0.8	0	d1bb3468e74c049b309681aacf1af5f9aeadf7f83c5f08eda231764cc48be365	110	88	24	1.0	0.041666666666666664	0.041666666666666664	0.16666666666666666	0.08617947036325828	39.0	0.9583333333333334	0.9468438098699453
HER2ST_manual_controlled	HER2ST_C1_CONTROLLED__reverse	HER2ST_C1_CONTROLLED	HER2ST::C	reverse	row_softmax	cost_features_500	multioutput_ridge	1.0	3	random_gate	0.8	0	d1bb3468e74c049b309681aacf1af5f9aeadf7f83c5f08eda231764cc48be365	110	88	24	0.8409090909090909	0.041666666666666664	0.041666666666666664	0.16666666666666666	0.08196594677478793	37.0	0.9583333333333334	0.9460832215008576
HER2ST_manual_controlled	HER2ST_C1_CONTROLLED__reverse	HER2ST_C1_CONTROLLED	HER2ST::C	reverse	row_softmax	cost_features_500	multioutput_ridge	1.0	3	random_gate	0.8	1	d1bb3468e74c049b309681aacf1af5f9aeadf7f83c5f08eda231764cc48be365	110	88	24	0.8409090909090909	0.041666666666666664	0.08333333333333333	0.16666666666666666	0.08604534933995112	38.5	0.9583333333333334	0.9447292691450947
HER2ST_manual_controlled	HER2ST_C1_CONTROLLED__reverse	HER2ST_C1_CONTROLLED	HER2ST::C	reverse	row_softmax	cost_features_500	multioutput_ridge	1.0	3	random_gate	0.8	2	d1bb3468e74c049b309681aacf1af5f9aeadf7f83c5f08eda231764cc48be365	110	88	24	0.8409090909090909	0.041666666666666664	0.08333333333333333	0.16666666666666666	0.08648245024402505	37.0	0.9583333333333334	0.9459509595113996
HER2ST_manual_controlled	HER2ST_C1_CONTROLLED__reverse	HER2ST_C1_CONTROLLED	HER2ST::C	reverse	row_softmax	cost_features_500	multioutput_ridge	1.0	3	random_gate	0.8	3	d1bb3468e74c049b309681aacf1af5f9aeadf7f83c5f08eda231764cc48be365	110	88	24	0.8409090909090909	0.041666666666666664	0.08333333333333333	0.16666666666666666	0.0923802006161395	36.5	0.9583333333333334	0.9453917282311909
HER2ST_manual_controlled	HER2ST_C1_CONTROLLED__reverse	HER2ST_C1_CONTROLLED	HER2ST::C	reverse	row_softmax	cost_features_500	multioutput_ridge	1.0	3	random_gate	0.8	4	d1bb3468e74c049b309681aacf1af5f9aeadf7f83c5f08eda231764cc48be365	110	88	24	0.8181818181818182	0.041666666666666664	0.125	0.16666666666666666	0.09496820163281394	39.0	0.9583333333333334	0.9451240953664662
HER2ST_manual_controlled	HER2ST_C1_CONTROLLED__reverse	HER2ST_C1_CONTROLLED	HER2ST::C	reverse	row_softmax	cost_features_500	multioutput_ridge	1.0	4	identity_no_training	0.0	0	d1bb3468e74c049b309681aacf1af5f9aeadf7f83c5f08eda231764cc48be365	110	0	24		0.6666666666666666	0.7916666666666666	0.8333333333333334	0.7342960442118583	1.0	1.0	0.4181848238897056
HER2ST_manual_controlled	HER2ST_C1_CONTROLLED__reverse	HER2ST_C1_CONTROLLED	HER2ST::C	reverse	row_softmax	cost_features_500	multioutput_ridge	1.0	4	all_top1	1.0	0	d1bb3468e74c049b309681aacf1af5f9aeadf7f83c5f08eda231764cc48be365	110	110	24	0.8181818181818182	0.0	0.041666666666666664	0.16666666666666666	0.04426087863888615	37.0	0.9583333333333334	0.9394434555206695
HER2ST_manual_controlled	HER2ST_C1_CONTROLLED__reverse	HER2ST_C1_CONTROLLED	HER2ST::C	reverse	row_softmax	cost_features_500	multioutput_ridge	1.0	4	max_probability_gate	0.8	0	d1bb3468e74c049b309681aacf1af5f9aeadf7f83c5f08eda231764cc48be365	110	88	24	0.8409090909090909	0.0	0.041666666666666664	0.125	0.04738518201044195	40.0	0.9583333333333334	0.936065037792507
HER2ST_manual_controlled	HER2ST_C1_CONTROLLED__reverse	HER2ST_C1_CONTROLLED	HER2ST::C	reverse	row_softmax	cost_features_500	multioutput_ridge	1.0	4	top2_margin_gate	0.8	0	d1bb3468e74c049b309681aacf1af5f9aeadf7f83c5f08eda231764cc48be365	110	88	24	0.9090909090909091	0.0	0.041666666666666664	0.08333333333333333	0.044582060880410425	36.0	1.0	0.9374364584612044
HER2ST_manual_controlled	HER2ST_C1_CONTROLLED__reverse	HER2ST_C1_CONTROLLED	HER2ST::C	reverse	row_softmax	cost_features_500	multioutput_ridge	1.0	4	oracle_truth	0.8	0	d1bb3468e74c049b309681aacf1af5f9aeadf7f83c5f08eda231764cc48be365	110	88	24	1.0	0.0	0.041666666666666664	0.16666666666666666	0.04539036034841015	34.5	1.0	0.9420360244857875
HER2ST_manual_controlled	HER2ST_C1_CONTROLLED__reverse	HER2ST_C1_CONTROLLED	HER2ST::C	reverse	row_softmax	cost_features_500	multioutput_ridge	1.0	4	random_gate	0.8	0	d1bb3468e74c049b309681aacf1af5f9aeadf7f83c5f08eda231764cc48be365	110	88	24	0.8068181818181818	0.0	0.041666666666666664	0.08333333333333333	0.05183652290195506	37.5	1.0	0.9361905277082777
HER2ST_manual_controlled	HER2ST_C1_CONTROLLED__reverse	HER2ST_C1_CONTROLLED	HER2ST::C	reverse	row_softmax	cost_features_500	multioutput_ridge	1.0	4	random_gate	0.8	1	d1bb3468e74c049b309681aacf1af5f9aeadf7f83c5f08eda231764cc48be365	110	88	24	0.8181818181818182	0.0	0.0	0.08333333333333333	0.03968347718884432	38.5	1.0	0.9377296234777007
HER2ST_manual_controlled	HER2ST_C1_CONTROLLED__reverse	HER2ST_C1_CONTROLLED	HER2ST::C	reverse	row_softmax	cost_features_500	multioutput_ridge	1.0	4	random_gate	0.8	2	d1bb3468e74c049b309681aacf1af5f9aeadf7f83c5f08eda231764cc48be365	110	88	24	0.8409090909090909	0.0	0.041666666666666664	0.08333333333333333	0.04168203512512856	37.5	0.9583333333333334	0.9377013658984943
HER2ST_manual_controlled	HER2ST_C1_CONTROLLED__reverse	HER2ST_C1_CONTROLLED	HER2ST::C	reverse	row_softmax	cost_features_500	multioutput_ridge	1.0	4	random_gate	0.8	3	d1bb3468e74c049b309681aacf1af5f9aeadf7f83c5f08eda231764cc48be365	110	88	24	0.8409090909090909	0.0	0.041666666666666664	0.08333333333333333	0.04467406232965013	39.0	1.0	0.9376112593614705
HER2ST_manual_controlled	HER2ST_C1_CONTROLLED__reverse	HER2ST_C1_CONTROLLED	HER2ST::C	reverse	row_softmax	cost_features_500	multioutput_ridge	1.0	4	random_gate	0.8	4	d1bb3468e74c049b309681aacf1af5f9aeadf7f83c5f08eda231764cc48be365	110	88	24	0.8181818181818182	0.0	0.041666666666666664	0.125	0.04371654932881578	37.5	1.0	0.9383175602913033
HER2ST_manual_controlled	HER2ST_D1_CONTROLLED	HER2ST_D1_CONTROLLED	HER2ST::D	forward	balanced_ot	cost_features_500	multioutput_ridge	1.0	0	identity_no_training	0.0	0	3cd4b33375538adf02108a27705888b04a85a567dc526e509734c652751fe012	163	0	41		0.6829268292682927	0.8048780487804879	0.8780487804878049	0.7431301642860498	1.0	0.975609756097561	0.4064484304654096
HER2ST_manual_controlled	HER2ST_D1_CONTROLLED	HER2ST_D1_CONTROLLED	HER2ST::D	forward	balanced_ot	cost_features_500	multioutput_ridge	1.0	0	all_top1	1.0	0	3cd4b33375538adf02108a27705888b04a85a567dc526e509734c652751fe012	163	163	41	0.7300613496932515	0.0	0.07317073170731707	0.17073170731707318	0.04943950895186608	75.0	0.24390243902439024	0.8270310913255237
HER2ST_manual_controlled	HER2ST_D1_CONTROLLED	HER2ST_D1_CONTROLLED	HER2ST::D	forward	balanced_ot	cost_features_500	multioutput_ridge	1.0	0	max_probability_gate	0.8	0	3cd4b33375538adf02108a27705888b04a85a567dc526e509734c652751fe012	163	131	41	0.7557251908396947	0.0	0.07317073170731707	0.1951219512195122	0.04971856501886006	87.0	0.5853658536585366	0.8260455639435368
HER2ST_manual_controlled	HER2ST_D1_CONTROLLED	HER2ST_D1_CONTROLLED	HER2ST::D	forward	balanced_ot	cost_features_500	multioutput_ridge	1.0	0	top2_margin_gate	0.8	0	3cd4b33375538adf02108a27705888b04a85a567dc526e509734c652751fe012	163	131	41	0.8473282442748091	0.0	0.04878048780487805	0.14634146341463414	0.051429610758465985	73.0	0.4878048780487805	0.8263418139319268
HER2ST_manual_controlled	HER2ST_D1_CONTROLLED	HER2ST_D1_CONTROLLED	HER2ST::D	forward	balanced_ot	cost_features_500	multioutput_ridge	1.0	0	oracle_truth	0.8	0	3cd4b33375538adf02108a27705888b04a85a567dc526e509734c652751fe012	163	131	41	1.0	0.0	0.0975609756097561	0.14634146341463414	0.059114968090424984	80.0	0.24390243902439024	0.828082946390551
HER2ST_manual_controlled	HER2ST_D1_CONTROLLED	HER2ST_D1_CONTROLLED	HER2ST::D	forward	balanced_ot	cost_features_500	multioutput_ridge	1.0	0	random_gate	0.8	0	3cd4b33375538adf02108a27705888b04a85a567dc526e509734c652751fe012	163	131	41	0.7099236641221374	0.0	0.04878048780487805	0.17073170731707318	0.04608377147702233	75.0	0.2926829268292683	0.8262667693509476
HER2ST_manual_controlled	HER2ST_D1_CONTROLLED	HER2ST_D1_CONTROLLED	HER2ST::D	forward	balanced_ot	cost_features_500	multioutput_ridge	1.0	0	random_gate	0.8	1	3cd4b33375538adf02108a27705888b04a85a567dc526e509734c652751fe012	163	131	41	0.7251908396946565	0.0	0.07317073170731707	0.14634146341463414	0.06205745789997539	85.0	0.2682926829268293	0.8264386501765115
HER2ST_manual_controlled	HER2ST_D1_CONTROLLED	HER2ST_D1_CONTROLLED	HER2ST::D	forward	balanced_ot	cost_features_500	multioutput_ridge	1.0	0	random_gate	0.8	2	3cd4b33375538adf02108a27705888b04a85a567dc526e509734c652751fe012	163	131	41	0.7404580152671756	0.0	0.04878048780487805	0.1951219512195122	0.050111301452629806	81.0	0.2682926829268293	0.8264043944024666
HER2ST_manual_controlled	HER2ST_D1_CONTROLLED	HER2ST_D1_CONTROLLED	HER2ST::D	forward	balanced_ot	cost_features_500	multioutput_ridge	1.0	0	random_gate	0.8	3	3cd4b33375538adf02108a27705888b04a85a567dc526e509734c652751fe012	163	131	41	0.7251908396946565	0.0	0.0975609756097561	0.14634146341463414	0.05070204653869884	83.0	0.3902439024390244	0.8260119546717898
HER2ST_manual_controlled	HER2ST_D1_CONTROLLED	HER2ST_D1_CONTROLLED	HER2ST::D	forward	balanced_ot	cost_features_500	multioutput_ridge	1.0	0	random_gate	0.8	4	3cd4b33375538adf02108a27705888b04a85a567dc526e509734c652751fe012	163	131	41	0.7251908396946565	0.0	0.07317073170731707	0.14634146341463414	0.052187266695972144	82.0	0.3170731707317073	0.8265183287472074
HER2ST_manual_controlled	HER2ST_D1_CONTROLLED	HER2ST_D1_CONTROLLED	HER2ST::D	forward	balanced_ot	cost_features_500	multioutput_ridge	1.0	1	identity_no_training	0.0	0	3cd4b33375538adf02108a27705888b04a85a567dc526e509734c652751fe012	169	0	35		0.9142857142857143	1.0	1.0	0.9571428571428572	1.0	0.9714285714285714	0.41588015978839826
HER2ST_manual_controlled	HER2ST_D1_CONTROLLED	HER2ST_D1_CONTROLLED	HER2ST::D	forward	balanced_ot	cost_features_500	multioutput_ridge	1.0	1	all_top1	1.0	0	3cd4b33375538adf02108a27705888b04a85a567dc526e509734c652751fe012	169	169	35	0.6745562130177515	0.0	0.0	0.02857142857142857	0.01930208520212485	103.0	0.34285714285714286	0.8205385518735677
HER2ST_manual_controlled	HER2ST_D1_CONTROLLED	HER2ST_D1_CONTROLLED	HER2ST::D	forward	balanced_ot	cost_features_500	multioutput_ridge	1.0	1	max_probability_gate	0.8	0	3cd4b33375538adf02108a27705888b04a85a567dc526e509734c652751fe012	169	136	35	0.7426470588235294	0.0	0.0	0.02857142857142857	0.018534353696952884	105.0	0.2571428571428571	0.8197774077433296
HER2ST_manual_controlled	HER2ST_D1_CONTROLLED	HER2ST_D1_CONTROLLED	HER2ST::D	forward	balanced_ot	cost_features_500	multioutput_ridge	1.0	1	top2_margin_gate	0.8	0	3cd4b33375538adf02108a27705888b04a85a567dc526e509734c652751fe012	169	136	35	0.8014705882352942	0.0	0.0	0.02857142857142857	0.019529836604338033	103.0	0.34285714285714286	0.8206212336306186
HER2ST_manual_controlled	HER2ST_D1_CONTROLLED	HER2ST_D1_CONTROLLED	HER2ST::D	forward	balanced_ot	cost_features_500	multioutput_ridge	1.0	1	oracle_truth	0.8	0	3cd4b33375538adf02108a27705888b04a85a567dc526e509734c652751fe012	169	136	35	1.0	0.0	0.0	0.02857142857142857	0.017134180686858718	97.0	0.2571428571428571	0.8200369442716788
HER2ST_manual_controlled	HER2ST_D1_CONTROLLED	HER2ST_D1_CONTROLLED	HER2ST::D	forward	balanced_ot	cost_features_500	multioutput_ridge	1.0	1	random_gate	0.8	0	3cd4b33375538adf02108a27705888b04a85a567dc526e509734c652751fe012	169	136	35	0.6691176470588235	0.0	0.0	0.02857142857142857	0.018628131202974314	102.0	0.34285714285714286	0.8202808976663184
HER2ST_manual_controlled	HER2ST_D1_CONTROLLED	HER2ST_D1_CONTROLLED	HER2ST::D	forward	balanced_ot	cost_features_500	multioutput_ridge	1.0	1	random_gate	0.8	1	3cd4b33375538adf02108a27705888b04a85a567dc526e509734c652751fe012	169	136	35	0.6544117647058824	0.0	0.0	0.0	0.018099524492217283	97.0	0.2857142857142857	0.820293797937422
HER2ST_manual_controlled	HER2ST_D1_CONTROLLED	HER2ST_D1_CONTROLLED	HER2ST::D	forward	balanced_ot	cost_features_500	multioutput_ridge	1.0	1	random_gate	0.8	2	3cd4b33375538adf02108a27705888b04a85a567dc526e509734c652751fe012	169	136	35	0.7058823529411765	0.0	0.0	0.0	0.018049290926109778	103.0	0.3142857142857143	0.8202927004581485
HER2ST_manual_controlled	HER2ST_D1_CONTROLLED	HER2ST_D1_CONTROLLED	HER2ST::D	forward	balanced_ot	cost_features_500	multioutput_ridge	1.0	1	random_gate	0.8	3	3cd4b33375538adf02108a27705888b04a85a567dc526e509734c652751fe012	169	136	35	0.6911764705882353	0.0	0.0	0.02857142857142857	0.018290642360292313	99.0	0.4	0.8203091703169372
HER2ST_manual_controlled	HER2ST_D1_CONTROLLED	HER2ST_D1_CONTROLLED	HER2ST::D	forward	balanced_ot	cost_features_500	multioutput_ridge	1.0	1	random_gate	0.8	4	3cd4b33375538adf02108a27705888b04a85a567dc526e509734c652751fe012	169	136	35	0.6617647058823529	0.0	0.0	0.0	0.017735734290438714	102.0	0.2857142857142857	0.8205287324190496
HER2ST_manual_controlled	HER2ST_D1_CONTROLLED	HER2ST_D1_CONTROLLED	HER2ST::D	forward	balanced_ot	cost_features_500	multioutput_ridge	1.0	2	identity_no_training	0.0	0	3cd4b33375538adf02108a27705888b04a85a567dc526e509734c652751fe012	156	0	48		0.8541666666666666	0.9375	0.9791666666666666	0.8936011904761904	1.0	0.9375	0.4131881077465262
HER2ST_manual_controlled	HER2ST_D1_CONTROLLED	HER2ST_D1_CONTROLLED	HER2ST::D	forward	balanced_ot	cost_features_500	multioutput_ridge	1.0	2	all_top1	1.0	0	3cd4b33375538adf02108a27705888b04a85a567dc526e509734c652751fe012	156	156	48	0.6217948717948718	0.0	0.0	0.041666666666666664	0.02223874662196353	101.0	0.5833333333333334	0.816924790125376
HER2ST_manual_controlled	HER2ST_D1_CONTROLLED	HER2ST_D1_CONTROLLED	HER2ST::D	forward	balanced_ot	cost_features_500	multioutput_ridge	1.0	2	max_probability_gate	0.8	0	3cd4b33375538adf02108a27705888b04a85a567dc526e509734c652751fe012	156	125	48	0.656	0.0	0.0	0.0625	0.021420393348825697	96.0	0.3333333333333333	0.8161974291979632
HER2ST_manual_controlled	HER2ST_D1_CONTROLLED	HER2ST_D1_CONTROLLED	HER2ST::D	forward	balanced_ot	cost_features_500	multioutput_ridge	1.0	2	top2_margin_gate	0.8	0	3cd4b33375538adf02108a27705888b04a85a567dc526e509734c652751fe012	156	125	48	0.728	0.0	0.041666666666666664	0.0625	0.02462376303405342	99.5	0.4583333333333333	0.8164284326154924
HER2ST_manual_controlled	HER2ST_D1_CONTROLLED	HER2ST_D1_CONTROLLED	HER2ST::D	forward	balanced_ot	cost_features_500	multioutput_ridge	1.0	2	oracle_truth	0.8	0	3cd4b33375538adf02108a27705888b04a85a567dc526e509734c652751fe012	156	125	48	1.0	0.0	0.020833333333333332	0.041666666666666664	0.02384162885230019	103.0	0.3333333333333333	0.8186138626157337
HER2ST_manual_controlled	HER2ST_D1_CONTROLLED	HER2ST_D1_CONTROLLED	HER2ST::D	forward	balanced_ot	cost_features_500	multioutput_ridge	1.0	2	random_gate	0.8	0	3cd4b33375538adf02108a27705888b04a85a567dc526e509734c652751fe012	156	125	48	0.64	0.0	0.0	0.041666666666666664	0.021996565821364573	98.0	0.5	0.8163184467511512
HER2ST_manual_controlled	HER2ST_D1_CONTROLLED	HER2ST_D1_CONTROLLED	HER2ST::D	forward	balanced_ot	cost_features_500	multioutput_ridge	1.0	2	random_gate	0.8	1	3cd4b33375538adf02108a27705888b04a85a567dc526e509734c652751fe012	156	125	48	0.648	0.0	0.020833333333333332	0.0625	0.023187774220047103	97.0	0.5208333333333334	0.8168997888968432
HER2ST_manual_controlled	HER2ST_D1_CONTROLLED	HER2ST_D1_CONTROLLED	HER2ST::D	forward	balanced_ot	cost_features_500	multioutput_ridge	1.0	2	random_gate	0.8	2	3cd4b33375538adf02108a27705888b04a85a567dc526e509734c652751fe012	156	125	48	0.64	0.0	0.0	0.041666666666666664	0.021402062661609933	105.0	0.5	0.8166120488896799
HER2ST_manual_controlled	HER2ST_D1_CONTROLLED	HER2ST_D1_CONTROLLED	HER2ST::D	forward	balanced_ot	cost_features_500	multioutput_ridge	1.0	2	random_gate	0.8	3	3cd4b33375538adf02108a27705888b04a85a567dc526e509734c652751fe012	156	125	48	0.592	0.0	0.0	0.041666666666666664	0.020782128874962575	99.5	0.6041666666666666	0.8164564243634453
HER2ST_manual_controlled	HER2ST_D1_CONTROLLED	HER2ST_D1_CONTROLLED	HER2ST::D	forward	balanced_ot	cost_features_500	multioutput_ridge	1.0	2	random_gate	0.8	4	3cd4b33375538adf02108a27705888b04a85a567dc526e509734c652751fe012	156	125	48	0.608	0.0	0.0	0.0625	0.021653588618403708	103.5	0.5416666666666666	0.8167049650200062
HER2ST_manual_controlled	HER2ST_D1_CONTROLLED	HER2ST_D1_CONTROLLED	HER2ST::D	forward	balanced_ot	cost_features_500	multioutput_ridge	1.0	3	identity_no_training	0.0	0	3cd4b33375538adf02108a27705888b04a85a567dc526e509734c652751fe012	162	0	42		0.8333333333333334	0.9285714285714286	0.9285714285714286	0.8665512265512264	1.0	0.9285714285714286	0.4052636181796669
HER2ST_manual_controlled	HER2ST_D1_CONTROLLED	HER2ST_D1_CONTROLLED	HER2ST::D	forward	balanced_ot	cost_features_500	multioutput_ridge	1.0	3	all_top1	1.0	0	3cd4b33375538adf02108a27705888b04a85a567dc526e509734c652751fe012	162	162	42	0.5864197530864198	0.023809523809523808	0.023809523809523808	0.023809523809523808	0.03665875501811811	110.5	0.6190476190476191	0.8141162390786343
HER2ST_manual_controlled	HER2ST_D1_CONTROLLED	HER2ST_D1_CONTROLLED	HER2ST::D	forward	balanced_ot	cost_features_500	multioutput_ridge	1.0	3	max_probability_gate	0.8	0	3cd4b33375538adf02108a27705888b04a85a567dc526e509734c652751fe012	162	130	42	0.6230769230769231	0.0	0.023809523809523808	0.023809523809523808	0.023218878824034908	116.5	0.5	0.8125626510402059
HER2ST_manual_controlled	HER2ST_D1_CONTROLLED	HER2ST_D1_CONTROLLED	HER2ST::D	forward	balanced_ot	cost_features_500	multioutput_ridge	1.0	3	top2_margin_gate	0.8	0	3cd4b33375538adf02108a27705888b04a85a567dc526e509734c652751fe012	162	130	42	0.6846153846153846	0.023809523809523808	0.023809523809523808	0.047619047619047616	0.038158761821562026	106.5	0.38095238095238093	0.8140958490831751
HER2ST_manual_controlled	HER2ST_D1_CONTROLLED	HER2ST_D1_CONTROLLED	HER2ST::D	forward	balanced_ot	cost_features_500	multioutput_ridge	1.0	3	oracle_truth	0.8	0	3cd4b33375538adf02108a27705888b04a85a567dc526e509734c652751fe012	162	130	42	1.0	0.023809523809523808	0.023809523809523808	0.023809523809523808	0.03619420862476098	100.5	0.38095238095238093	0.8152107043568323
HER2ST_manual_controlled	HER2ST_D1_CONTROLLED	HER2ST_D1_CONTROLLED	HER2ST::D	forward	balanced_ot	cost_features_500	multioutput_ridge	1.0	3	random_gate	0.8	0	3cd4b33375538adf02108a27705888b04a85a567dc526e509734c652751fe012	162	130	42	0.5846153846153846	0.023809523809523808	0.023809523809523808	0.023809523809523808	0.03660377659840562	111.5	0.6666666666666666	0.8140577830556994
HER2ST_manual_controlled	HER2ST_D1_CONTROLLED	HER2ST_D1_CONTROLLED	HER2ST::D	forward	balanced_ot	cost_features_500	multioutput_ridge	1.0	3	random_gate	0.8	1	3cd4b33375538adf02108a27705888b04a85a567dc526e509734c652751fe012	162	130	42	0.5923076923076923	0.023809523809523808	0.023809523809523808	0.023809523809523808	0.036540418662476246	111.0	0.6428571428571429	0.8134602918423969
HER2ST_manual_controlled	HER2ST_D1_CONTROLLED	HER2ST_D1_CONTROLLED	HER2ST::D	forward	balanced_ot	cost_features_500	multioutput_ridge	1.0	3	random_gate	0.8	2	3cd4b33375538adf02108a27705888b04a85a567dc526e509734c652751fe012	162	130	42	0.5923076923076923	0.023809523809523808	0.023809523809523808	0.023809523809523808	0.03700625733487411	110.0	0.6190476190476191	0.8136259842449938
HER2ST_manual_controlled	HER2ST_D1_CONTROLLED	HER2ST_D1_CONTROLLED	HER2ST::D	forward	balanced_ot	cost_features_500	multioutput_ridge	1.0	3	random_gate	0.8	3	3cd4b33375538adf02108a27705888b04a85a567dc526e509734c652751fe012	162	130	42	0.5769230769230769	0.023809523809523808	0.023809523809523808	0.023809523809523808	0.036442861866807376	114.0	0.6190476190476191	0.8138703931250288
HER2ST_manual_controlled	HER2ST_D1_CONTROLLED	HER2ST_D1_CONTROLLED	HER2ST::D	forward	balanced_ot	cost_features_500	multioutput_ridge	1.0	3	random_gate	0.8	4	3cd4b33375538adf02108a27705888b04a85a567dc526e509734c652751fe012	162	130	42	0.5615384615384615	0.023809523809523808	0.023809523809523808	0.023809523809523808	0.03645288647405355	118.0	0.6666666666666666	0.8131716972324405
HER2ST_manual_controlled	HER2ST_D1_CONTROLLED	HER2ST_D1_CONTROLLED	HER2ST::D	forward	balanced_ot	cost_features_500	multioutput_ridge	1.0	4	identity_no_training	0.0	0	3cd4b33375538adf02108a27705888b04a85a567dc526e509734c652751fe012	166	0	38		0.8157894736842105	0.9210526315789473	0.9473684210526315	0.859958133971292	1.0	0.9736842105263158	0.41343886040631495
HER2ST_manual_controlled	HER2ST_D1_CONTROLLED	HER2ST_D1_CONTROLLED	HER2ST::D	forward	balanced_ot	cost_features_500	multioutput_ridge	1.0	4	all_top1	1.0	0	3cd4b33375538adf02108a27705888b04a85a567dc526e509734c652751fe012	166	166	38	0.6204819277108434	0.0	0.02631578947368421	0.02631578947368421	0.03377071385711483	70.5	0.3157894736842105	0.8249417073363322
HER2ST_manual_controlled	HER2ST_D1_CONTROLLED	HER2ST_D1_CONTROLLED	HER2ST::D	forward	balanced_ot	cost_features_500	multioutput_ridge	1.0	4	max_probability_gate	0.8	0	3cd4b33375538adf02108a27705888b04a85a567dc526e509734c652751fe012	166	133	38	0.6766917293233082	0.02631578947368421	0.02631578947368421	0.02631578947368421	0.047209431637574586	75.0	0.47368421052631576	0.8247678586979724
HER2ST_manual_controlled	HER2ST_D1_CONTROLLED	HER2ST_D1_CONTROLLED	HER2ST::D	forward	balanced_ot	cost_features_500	multioutput_ridge	1.0	4	top2_margin_gate	0.8	0	3cd4b33375538adf02108a27705888b04a85a567dc526e509734c652751fe012	166	133	38	0.7218045112781954	0.02631578947368421	0.02631578947368421	0.05263157894736842	0.048322769295329616	74.0	0.5	0.8249320845478266
HER2ST_manual_controlled	HER2ST_D1_CONTROLLED	HER2ST_D1_CONTROLLED	HER2ST::D	forward	balanced_ot	cost_features_500	multioutput_ridge	1.0	4	oracle_truth	0.8	0	3cd4b33375538adf02108a27705888b04a85a567dc526e509734c652751fe012	166	133	38	1.0	0.0	0.0	0.0	0.01767005736051805	74.5	0.2894736842105263	0.8241536002462144
HER2ST_manual_controlled	HER2ST_D1_CONTROLLED	HER2ST_D1_CONTROLLED	HER2ST::D	forward	balanced_ot	cost_features_500	multioutput_ridge	1.0	4	random_gate	0.8	0	3cd4b33375538adf02108a27705888b04a85a567dc526e509734c652751fe012	166	133	38	0.6466165413533834	0.0	0.0	0.0	0.022389873541635488	74.5	0.18421052631578946	0.8244703518891201
HER2ST_manual_controlled	HER2ST_D1_CONTROLLED	HER2ST_D1_CONTROLLED	HER2ST::D	forward	balanced_ot	cost_features_500	multioutput_ridge	1.0	4	random_gate	0.8	1	3cd4b33375538adf02108a27705888b04a85a567dc526e509734c652751fe012	166	133	38	0.5939849624060151	0.02631578947368421	0.02631578947368421	0.02631578947368421	0.04515432728295934	70.0	0.2631578947368421	0.824341125346039
HER2ST_manual_controlled	HER2ST_D1_CONTROLLED	HER2ST_D1_CONTROLLED	HER2ST::D	forward	balanced_ot	cost_features_500	multioutput_ridge	1.0	4	random_gate	0.8	2	3cd4b33375538adf02108a27705888b04a85a567dc526e509734c652751fe012	166	133	38	0.6090225563909775	0.02631578947368421	0.02631578947368421	0.02631578947368421	0.044601811642822384	68.0	0.2631578947368421	0.824494887356305
HER2ST_manual_controlled	HER2ST_D1_CONTROLLED	HER2ST_D1_CONTROLLED	HER2ST::D	forward	balanced_ot	cost_features_500	multioutput_ridge	1.0	4	random_gate	0.8	3	3cd4b33375538adf02108a27705888b04a85a567dc526e509734c652751fe012	166	133	38	0.6466165413533834	0.0	0.02631578947368421	0.02631578947368421	0.03168384804984884	70.5	0.5	0.8241995570553404
HER2ST_manual_controlled	HER2ST_D1_CONTROLLED	HER2ST_D1_CONTROLLED	HER2ST::D	forward	balanced_ot	cost_features_500	multioutput_ridge	1.0	4	random_gate	0.8	4	3cd4b33375538adf02108a27705888b04a85a567dc526e509734c652751fe012	166	133	38	0.6165413533834586	0.0	0.0	0.0	0.01978930827104748	73.5	0.3684210526315789	0.8237036504439577
HER2ST_manual_controlled	HER2ST_D1_CONTROLLED	HER2ST_D1_CONTROLLED	HER2ST::D	forward	uot	cost_features_500	multioutput_ridge	1.0	0	identity_no_training	0.0	0	3cd4b33375538adf02108a27705888b04a85a567dc526e509734c652751fe012	163	0	41		0.6829268292682927	0.8048780487804879	0.8780487804878049	0.7431301642860498	1.0	0.975609756097561	0.4064484304654096
HER2ST_manual_controlled	HER2ST_D1_CONTROLLED	HER2ST_D1_CONTROLLED	HER2ST::D	forward	uot	cost_features_500	multioutput_ridge	1.0	0	all_top1	1.0	0	3cd4b33375538adf02108a27705888b04a85a567dc526e509734c652751fe012	163	163	41	0.852760736196319	0.0	0.0975609756097561	0.17073170731707318	0.06013523119269116	76.0	0.3902439024390244	0.8278274230506861
HER2ST_manual_controlled	HER2ST_D1_CONTROLLED	HER2ST_D1_CONTROLLED	HER2ST::D	forward	uot	cost_features_500	multioutput_ridge	1.0	0	max_probability_gate	0.8	0	3cd4b33375538adf02108a27705888b04a85a567dc526e509734c652751fe012	163	131	41	0.8473282442748091	0.0	0.024390243902439025	0.17073170731707318	0.05104501739784202	83.0	0.5853658536585366	0.8263076394372989
HER2ST_manual_controlled	HER2ST_D1_CONTROLLED	HER2ST_D1_CONTROLLED	HER2ST::D	forward	uot	cost_features_500	multioutput_ridge	1.0	0	top2_margin_gate	0.8	0	3cd4b33375538adf02108a27705888b04a85a567dc526e509734c652751fe012	163	131	41	0.9465648854961832	0.0	0.04878048780487805	0.1951219512195122	0.05268090836362677	81.0	0.2926829268292683	0.8274945932444611
HER2ST_manual_controlled	HER2ST_D1_CONTROLLED	HER2ST_D1_CONTROLLED	HER2ST::D	forward	uot	cost_features_500	multioutput_ridge	1.0	0	oracle_truth	0.8	0	3cd4b33375538adf02108a27705888b04a85a567dc526e509734c652751fe012	163	131	41	1.0	0.0	0.0975609756097561	0.17073170731707318	0.06677087737203899	73.0	0.1951219512195122	0.8285951346205582
HER2ST_manual_controlled	HER2ST_D1_CONTROLLED	HER2ST_D1_CONTROLLED	HER2ST::D	forward	uot	cost_features_500	multioutput_ridge	1.0	0	random_gate	0.8	0	3cd4b33375538adf02108a27705888b04a85a567dc526e509734c652751fe012	163	131	41	0.8702290076335878	0.0	0.0975609756097561	0.14634146341463414	0.05558286284638267	80.0	0.4634146341463415	0.8271443002179903
HER2ST_manual_controlled	HER2ST_D1_CONTROLLED	HER2ST_D1_CONTROLLED	HER2ST::D	forward	uot	cost_features_500	multioutput_ridge	1.0	0	random_gate	0.8	1	3cd4b33375538adf02108a27705888b04a85a567dc526e509734c652751fe012	163	131	41	0.8702290076335878	0.0	0.04878048780487805	0.1951219512195122	0.053435103029443015	87.0	0.36585365853658536	0.8273814204993234
HER2ST_manual_controlled	HER2ST_D1_CONTROLLED	HER2ST_D1_CONTROLLED	HER2ST::D	forward	uot	cost_features_500	multioutput_ridge	1.0	0	random_gate	0.8	2	3cd4b33375538adf02108a27705888b04a85a567dc526e509734c652751fe012	163	131	41	0.8473282442748091	0.0	0.0975609756097561	0.1951219512195122	0.06126204756581845	82.0	0.24390243902439024	0.8273398462955041
HER2ST_manual_controlled	HER2ST_D1_CONTROLLED	HER2ST_D1_CONTROLLED	HER2ST::D	forward	uot	cost_features_500	multioutput_ridge	1.0	0	random_gate	0.8	3	3cd4b33375538adf02108a27705888b04a85a567dc526e509734c652751fe012	163	131	41	0.8396946564885496	0.0	0.07317073170731707	0.1951219512195122	0.056519301097526425	80.0	0.43902439024390244	0.8270094769080263
HER2ST_manual_controlled	HER2ST_D1_CONTROLLED	HER2ST_D1_CONTROLLED	HER2ST::D	forward	uot	cost_features_500	multioutput_ridge	1.0	0	random_gate	0.8	4	3cd4b33375538adf02108a27705888b04a85a567dc526e509734c652751fe012	163	131	41	0.8396946564885496	0.0	0.0975609756097561	0.1951219512195122	0.05950478227693506	75.0	0.24390243902439024	0.8277684336184965
HER2ST_manual_controlled	HER2ST_D1_CONTROLLED	HER2ST_D1_CONTROLLED	HER2ST::D	forward	uot	cost_features_500	multioutput_ridge	1.0	1	identity_no_training	0.0	0	3cd4b33375538adf02108a27705888b04a85a567dc526e509734c652751fe012	169	0	35		0.9142857142857143	1.0	1.0	0.9571428571428572	1.0	0.9714285714285714	0.41588015978839826
HER2ST_manual_controlled	HER2ST_D1_CONTROLLED	HER2ST_D1_CONTROLLED	HER2ST::D	forward	uot	cost_features_500	multioutput_ridge	1.0	1	all_top1	1.0	0	3cd4b33375538adf02108a27705888b04a85a567dc526e509734c652751fe012	169	169	35	0.8106508875739645	0.0	0.0	0.02857142857142857	0.0198263318642588	103.0	0.34285714285714286	0.8211158572777527
HER2ST_manual_controlled	HER2ST_D1_CONTROLLED	HER2ST_D1_CONTROLLED	HER2ST::D	forward	uot	cost_features_500	multioutput_ridge	1.0	1	max_probability_gate	0.8	0	3cd4b33375538adf02108a27705888b04a85a567dc526e509734c652751fe012	169	136	35	0.8235294117647058	0.0	0.02857142857142857	0.02857142857142857	0.020799800902865345	102.0	0.37142857142857144	0.8201864407682089
HER2ST_manual_controlled	HER2ST_D1_CONTROLLED	HER2ST_D1_CONTROLLED	HER2ST::D	forward	uot	cost_features_500	multioutput_ridge	1.0	1	top2_margin_gate	0.8	0	3cd4b33375538adf02108a27705888b04a85a567dc526e509734c652751fe012	169	136	35	0.9191176470588235	0.0	0.0	0.02857142857142857	0.01906076838894022	99.0	0.2857142857142857	0.820257992753959
HER2ST_manual_controlled	HER2ST_D1_CONTROLLED	HER2ST_D1_CONTROLLED	HER2ST::D	forward	uot	cost_features_500	multioutput_ridge	1.0	1	oracle_truth	0.8	0	3cd4b33375538adf02108a27705888b04a85a567dc526e509734c652751fe012	169	136	35	1.0	0.0	0.0	0.02857142857142857	0.01800565237767123	100.0	0.22857142857142856	0.8204849723750757
HER2ST_manual_controlled	HER2ST_D1_CONTROLLED	HER2ST_D1_CONTROLLED	HER2ST::D	forward	uot	cost_features_500	multioutput_ridge	1.0	1	random_gate	0.8	0	3cd4b33375538adf02108a27705888b04a85a567dc526e509734c652751fe012	169	136	35	0.8308823529411765	0.0	0.0	0.02857142857142857	0.01859578649254605	107.0	0.2571428571428571	0.8208466190583747
HER2ST_manual_controlled	HER2ST_D1_CONTROLLED	HER2ST_D1_CONTROLLED	HER2ST::D	forward	uot	cost_features_500	multioutput_ridge	1.0	1	random_gate	0.8	1	3cd4b33375538adf02108a27705888b04a85a567dc526e509734c652751fe012	169	136	35	0.7941176470588235	0.0	0.0	0.02857142857142857	0.018625487900451543	107.0	0.2	0.8205434374353987
HER2ST_manual_controlled	HER2ST_D1_CONTROLLED	HER2ST_D1_CONTROLLED	HER2ST::D	forward	uot	cost_features_500	multioutput_ridge	1.0	1	random_gate	0.8	2	3cd4b33375538adf02108a27705888b04a85a567dc526e509734c652751fe012	169	136	35	0.8161764705882353	0.0	0.0	0.02857142857142857	0.01777607077515082	105.0	0.2857142857142857	0.8202246843342216
HER2ST_manual_controlled	HER2ST_D1_CONTROLLED	HER2ST_D1_CONTROLLED	HER2ST::D	forward	uot	cost_features_500	multioutput_ridge	1.0	1	random_gate	0.8	3	3cd4b33375538adf02108a27705888b04a85a567dc526e509734c652751fe012	169	136	35	0.8014705882352942	0.0	0.0	0.02857142857142857	0.018851992531738665	102.0	0.3142857142857143	0.8204324787244343
HER2ST_manual_controlled	HER2ST_D1_CONTROLLED	HER2ST_D1_CONTROLLED	HER2ST::D	forward	uot	cost_features_500	multioutput_ridge	1.0	1	random_gate	0.8	4	3cd4b33375538adf02108a27705888b04a85a567dc526e509734c652751fe012	169	136	35	0.8235294117647058	0.0	0.0	0.02857142857142857	0.01767367427925313	101.0	0.3142857142857143	0.82057119586062
HER2ST_manual_controlled	HER2ST_D1_CONTROLLED	HER2ST_D1_CONTROLLED	HER2ST::D	forward	uot	cost_features_500	multioutput_ridge	1.0	2	identity_no_training	0.0	0	3cd4b33375538adf02108a27705888b04a85a567dc526e509734c652751fe012	156	0	48		0.8541666666666666	0.9375	0.9791666666666666	0.8936011904761904	1.0	0.9375	0.4131881077465262
HER2ST_manual_controlled	HER2ST_D1_CONTROLLED	HER2ST_D1_CONTROLLED	HER2ST::D	forward	uot	cost_features_500	multioutput_ridge	1.0	2	all_top1	1.0	0	3cd4b33375538adf02108a27705888b04a85a567dc526e509734c652751fe012	156	156	48	0.7692307692307693	0.0	0.041666666666666664	0.041666666666666664	0.026209219696536973	103.0	0.4791666666666667	0.8181827346239959
HER2ST_manual_controlled	HER2ST_D1_CONTROLLED	HER2ST_D1_CONTROLLED	HER2ST::D	forward	uot	cost_features_500	multioutput_ridge	1.0	2	max_probability_gate	0.8	0	3cd4b33375538adf02108a27705888b04a85a567dc526e509734c652751fe012	156	125	48	0.768	0.0	0.041666666666666664	0.0625	0.026430299405747815	97.5	0.3958333333333333	0.8167178829772412
HER2ST_manual_controlled	HER2ST_D1_CONTROLLED	HER2ST_D1_CONTROLLED	HER2ST::D	forward	uot	cost_features_500	multioutput_ridge	1.0	2	top2_margin_gate	0.8	0	3cd4b33375538adf02108a27705888b04a85a567dc526e509734c652751fe012	156	125	48	0.88	0.0	0.041666666666666664	0.0625	0.02584875318390442	93.0	0.4583333333333333	0.8179813491563007
HER2ST_manual_controlled	HER2ST_D1_CONTROLLED	HER2ST_D1_CONTROLLED	HER2ST::D	forward	uot	cost_features_500	multioutput_ridge	1.0	2	oracle_truth	0.8	0	3cd4b33375538adf02108a27705888b04a85a567dc526e509734c652751fe012	156	125	48	1.0	0.0	0.020833333333333332	0.041666666666666664	0.02366631305889644	102.5	0.4375	0.8185541563908437
HER2ST_manual_controlled	HER2ST_D1_CONTROLLED	HER2ST_D1_CONTROLLED	HER2ST::D	forward	uot	cost_features_500	multioutput_ridge	1.0	2	random_gate	0.8	0	3cd4b33375538adf02108a27705888b04a85a567dc526e509734c652751fe012	156	125	48	0.752	0.0	0.020833333333333332	0.041666666666666664	0.023522483092717417	101.5	0.375	0.8175382473522683
HER2ST_manual_controlled	HER2ST_D1_CONTROLLED	HER2ST_D1_CONTROLLED	HER2ST::D	forward	uot	cost_features_500	multioutput_ridge	1.0	2	random_gate	0.8	1	3cd4b33375538adf02108a27705888b04a85a567dc526e509734c652751fe012	156	125	48	0.768	0.0	0.041666666666666664	0.041666666666666664	0.023606796295003257	105.5	0.5208333333333334	0.8175244421515643
HER2ST_manual_controlled	HER2ST_D1_CONTROLLED	HER2ST_D1_CONTROLLED	HER2ST::D	forward	uot	cost_features_500	multioutput_ridge	1.0	2	random_gate	0.8	2	3cd4b33375538adf02108a27705888b04a85a567dc526e509734c652751fe012	156	125	48	0.824	0.0	0.041666666666666664	0.041666666666666664	0.024381287215542835	104.0	0.4791666666666667	0.8176504514448067
HER2ST_manual_controlled	HER2ST_D1_CONTROLLED	HER2ST_D1_CONTROLLED	HER2ST::D	forward	uot	cost_features_500	multioutput_ridge	1.0	2	random_gate	0.8	3	3cd4b33375538adf02108a27705888b04a85a567dc526e509734c652751fe012	156	125	48	0.776	0.0	0.020833333333333332	0.041666666666666664	0.023800730442946283	99.5	0.5208333333333334	0.8174689897798242
HER2ST_manual_controlled	HER2ST_D1_CONTROLLED	HER2ST_D1_CONTROLLED	HER2ST::D	forward	uot	cost_features_500	multioutput_ridge	1.0	2	random_gate	0.8	4	3cd4b33375538adf02108a27705888b04a85a567dc526e509734c652751fe012	156	125	48	0.808	0.0	0.041666666666666664	0.0625	0.026448244198863585	106.5	0.4375	0.8179824665527896
HER2ST_manual_controlled	HER2ST_D1_CONTROLLED	HER2ST_D1_CONTROLLED	HER2ST::D	forward	uot	cost_features_500	multioutput_ridge	1.0	3	identity_no_training	0.0	0	3cd4b33375538adf02108a27705888b04a85a567dc526e509734c652751fe012	162	0	42		0.8333333333333334	0.9285714285714286	0.9285714285714286	0.8665512265512264	1.0	0.9285714285714286	0.4052636181796669
HER2ST_manual_controlled	HER2ST_D1_CONTROLLED	HER2ST_D1_CONTROLLED	HER2ST::D	forward	uot	cost_features_500	multioutput_ridge	1.0	3	all_top1	1.0	0	3cd4b33375538adf02108a27705888b04a85a567dc526e509734c652751fe012	162	162	42	0.7530864197530864	0.023809523809523808	0.023809523809523808	0.023809523809523808	0.03647118674444909	106.5	0.5476190476190477	0.8146236085269856
HER2ST_manual_controlled	HER2ST_D1_CONTROLLED	HER2ST_D1_CONTROLLED	HER2ST::D	forward	uot	cost_features_500	multioutput_ridge	1.0	3	max_probability_gate	0.8	0	3cd4b33375538adf02108a27705888b04a85a567dc526e509734c652751fe012	162	130	42	0.7538461538461538	0.023809523809523808	0.023809523809523808	0.023809523809523808	0.03609307122331329	113.5	0.35714285714285715	0.813836456009676
HER2ST_manual_controlled	HER2ST_D1_CONTROLLED	HER2ST_D1_CONTROLLED	HER2ST::D	forward	uot	cost_features_500	multioutput_ridge	1.0	3	top2_margin_gate	0.8	0	3cd4b33375538adf02108a27705888b04a85a567dc526e509734c652751fe012	162	130	42	0.8615384615384616	0.023809523809523808	0.023809523809523808	0.023809523809523808	0.03637769103985796	105.5	0.47619047619047616	0.8148677478889438
HER2ST_manual_controlled	HER2ST_D1_CONTROLLED	HER2ST_D1_CONTROLLED	HER2ST::D	forward	uot	cost_features_500	multioutput_ridge	1.0	3	oracle_truth	0.8	0	3cd4b33375538adf02108a27705888b04a85a567dc526e509734c652751fe012	162	130	42	1.0	0.023809523809523808	0.023809523809523808	0.023809523809523808	0.03589624660564773	109.5	0.5	0.8148742607983335
HER2ST_manual_controlled	HER2ST_D1_CONTROLLED	HER2ST_D1_CONTROLLED	HER2ST::D	forward	uot	cost_features_500	multioutput_ridge	1.0	3	random_gate	0.8	0	3cd4b33375538adf02108a27705888b04a85a567dc526e509734c652751fe012	162	130	42	0.7769230769230769	0.023809523809523808	0.023809523809523808	0.023809523809523808	0.03591899013195492	108.5	0.40476190476190477	0.8141163638649392
HER2ST_manual_controlled	HER2ST_D1_CONTROLLED	HER2ST_D1_CONTROLLED	HER2ST::D	forward	uot	cost_features_500	multioutput_ridge	1.0	3	random_gate	0.8	1	3cd4b33375538adf02108a27705888b04a85a567dc526e509734c652751fe012	162	130	42	0.7615384615384615	0.023809523809523808	0.023809523809523808	0.023809523809523808	0.036042198736402936	113.0	0.6666666666666666	0.8137102137854614
HER2ST_manual_controlled	HER2ST_D1_CONTROLLED	HER2ST_D1_CONTROLLED	HER2ST::D	forward	uot	cost_features_500	multioutput_ridge	1.0	3	random_gate	0.8	2	3cd4b33375538adf02108a27705888b04a85a567dc526e509734c652751fe012	162	130	42	0.7461538461538462	0.023809523809523808	0.023809523809523808	0.023809523809523808	0.03589353703750362	115.5	0.5238095238095238	0.8137476876391931
HER2ST_manual_controlled	HER2ST_D1_CONTROLLED	HER2ST_D1_CONTROLLED	HER2ST::D	forward	uot	cost_features_500	multioutput_ridge	1.0	3	random_gate	0.8	3	3cd4b33375538adf02108a27705888b04a85a567dc526e509734c652751fe012	162	130	42	0.7615384615384615	0.023809523809523808	0.023809523809523808	0.023809523809523808	0.035872997613717934	107.5	0.5	0.814222792297915
HER2ST_manual_controlled	HER2ST_D1_CONTROLLED	HER2ST_D1_CONTROLLED	HER2ST::D	forward	uot	cost_features_500	multioutput_ridge	1.0	3	random_gate	0.8	4	3cd4b33375538adf02108a27705888b04a85a567dc526e509734c652751fe012	162	130	42	0.7384615384615385	0.023809523809523808	0.023809523809523808	0.023809523809523808	0.03609152663975966	109.0	0.6666666666666666	0.8141372670113919
HER2ST_manual_controlled	HER2ST_D1_CONTROLLED	HER2ST_D1_CONTROLLED	HER2ST::D	forward	uot	cost_features_500	multioutput_ridge	1.0	4	identity_no_training	0.0	0	3cd4b33375538adf02108a27705888b04a85a567dc526e509734c652751fe012	166	0	38		0.8157894736842105	0.9210526315789473	0.9473684210526315	0.859958133971292	1.0	0.9736842105263158	0.41343886040631495
HER2ST_manual_controlled	HER2ST_D1_CONTROLLED	HER2ST_D1_CONTROLLED	HER2ST::D	forward	uot	cost_features_500	multioutput_ridge	1.0	4	all_top1	1.0	0	3cd4b33375538adf02108a27705888b04a85a567dc526e509734c652751fe012	166	166	38	0.7831325301204819	0.0	0.0	0.02631578947368421	0.02273364913515325	63.5	0.23684210526315788	0.8248183755104658
HER2ST_manual_controlled	HER2ST_D1_CONTROLLED	HER2ST_D1_CONTROLLED	HER2ST::D	forward	uot	cost_features_500	multioutput_ridge	1.0	4	max_probability_gate	0.8	0	3cd4b33375538adf02108a27705888b04a85a567dc526e509734c652751fe012	166	133	38	0.7894736842105263	0.0	0.02631578947368421	0.02631578947368421	0.027352502458722297	67.0	0.3157894736842105	0.8244755100125772
HER2ST_manual_controlled	HER2ST_D1_CONTROLLED	HER2ST_D1_CONTROLLED	HER2ST::D	forward	uot	cost_features_500	multioutput_ridge	1.0	4	top2_margin_gate	0.8	0	3cd4b33375538adf02108a27705888b04a85a567dc526e509734c652751fe012	166	133	38	0.8872180451127819	0.0	0.0	0.0	0.02127305661522432	67.5	0.2894736842105263	0.8247992459064474
HER2ST_manual_controlled	HER2ST_D1_CONTROLLED	HER2ST_D1_CONTROLLED	HER2ST::D	forward	uot	cost_features_500	multioutput_ridge	1.0	4	oracle_truth	0.8	0	3cd4b33375538adf02108a27705888b04a85a567dc526e509734c652751fe012	166	133	38	1.0	0.0	0.0	0.0	0.017796531438519638	75.0	0.23684210526315788	0.8241409040309363
HER2ST_manual_controlled	HER2ST_D1_CONTROLLED	HER2ST_D1_CONTROLLED	HER2ST::D	forward	uot	cost_features_500	multioutput_ridge	1.0	4	random_gate	0.8	0	3cd4b33375538adf02108a27705888b04a85a567dc526e509734c652751fe012	166	133	38	0.7819548872180451	0.0	0.02631578947368421	0.02631578947368421	0.023320813808770612	64.5	0.21052631578947367	0.8247558089928353
HER2ST_manual_controlled	HER2ST_D1_CONTROLLED	HER2ST_D1_CONTROLLED	HER2ST::D	forward	uot	cost_features_500	multioutput_ridge	1.0	4	random_gate	0.8	1	3cd4b33375538adf02108a27705888b04a85a567dc526e509734c652751fe012	166	133	38	0.8195488721804511	0.0	0.0	0.02631578947368421	0.02213739445065203	67.5	0.42105263157894735	0.8242992779083632
HER2ST_manual_controlled	HER2ST_D1_CONTROLLED	HER2ST_D1_CONTROLLED	HER2ST::D	forward	uot	cost_features_500	multioutput_ridge	1.0	4	random_gate	0.8	2	3cd4b33375538adf02108a27705888b04a85a567dc526e509734c652751fe012	166	133	38	0.7819548872180451	0.0	0.02631578947368421	0.02631578947368421	0.024047949337550143	67.0	0.2631578947368421	0.8239821051277838
HER2ST_manual_controlled	HER2ST_D1_CONTROLLED	HER2ST_D1_CONTROLLED	HER2ST::D	forward	uot	cost_features_500	multioutput_ridge	1.0	4	random_gate	0.8	3	3cd4b33375538adf02108a27705888b04a85a567dc526e509734c652751fe012	166	133	38	0.7969924812030075	0.0	0.02631578947368421	0.02631578947368421	0.02609861038443968	68.5	0.3157894736842105	0.8242786993649706
HER2ST_manual_controlled	HER2ST_D1_CONTROLLED	HER2ST_D1_CONTROLLED	HER2ST::D	forward	uot	cost_features_500	multioutput_ridge	1.0	4	random_gate	0.8	4	3cd4b33375538adf02108a27705888b04a85a567dc526e509734c652751fe012	166	133	38	0.7819548872180451	0.0	0.0	0.02631578947368421	0.021975297002699946	64.0	0.2894736842105263	0.8246392818424768
HER2ST_manual_controlled	HER2ST_D1_CONTROLLED	HER2ST_D1_CONTROLLED	HER2ST::D	forward	row_softmax	cost_features_500	multioutput_ridge	1.0	0	identity_no_training	0.0	0	3cd4b33375538adf02108a27705888b04a85a567dc526e509734c652751fe012	163	0	41		0.6829268292682927	0.8048780487804879	0.8780487804878049	0.7431301642860498	1.0	0.975609756097561	0.4064484304654096
HER2ST_manual_controlled	HER2ST_D1_CONTROLLED	HER2ST_D1_CONTROLLED	HER2ST::D	forward	row_softmax	cost_features_500	multioutput_ridge	1.0	0	all_top1	1.0	0	3cd4b33375538adf02108a27705888b04a85a567dc526e509734c652751fe012	163	163	41	0.8711656441717791	0.0	0.0975609756097561	0.17073170731707318	0.06666447363683256	79.0	0.21951219512195122	0.8285242762151734
HER2ST_manual_controlled	HER2ST_D1_CONTROLLED	HER2ST_D1_CONTROLLED	HER2ST::D	forward	row_softmax	cost_features_500	multioutput_ridge	1.0	0	max_probability_gate	0.8	0	3cd4b33375538adf02108a27705888b04a85a567dc526e509734c652751fe012	163	131	41	0.8854961832061069	0.0	0.07317073170731707	0.14634146341463414	0.05279170297799882	82.0	0.4634146341463415	0.8270225681186107
HER2ST_manual_controlled	HER2ST_D1_CONTROLLED	HER2ST_D1_CONTROLLED	HER2ST::D	forward	row_softmax	cost_features_500	multioutput_ridge	1.0	0	top2_margin_gate	0.8	0	3cd4b33375538adf02108a27705888b04a85a567dc526e509734c652751fe012	163	131	41	0.9770992366412213	0.024390243902439025	0.07317073170731707	0.14634146341463414	0.07216039607019237	78.0	0.5609756097560976	0.8281626513364279
HER2ST_manual_controlled	HER2ST_D1_CONTROLLED	HER2ST_D1_CONTROLLED	HER2ST::D	forward	row_softmax	cost_features_500	multioutput_ridge	1.0	0	oracle_truth	0.8	0	3cd4b33375538adf02108a27705888b04a85a567dc526e509734c652751fe012	163	131	41	1.0	0.0	0.0975609756097561	0.1951219512195122	0.07096640544595385	75.0	0.2682926829268293	0.8287388746711163
HER2ST_manual_controlled	HER2ST_D1_CONTROLLED	HER2ST_D1_CONTROLLED	HER2ST::D	forward	row_softmax	cost_features_500	multioutput_ridge	1.0	0	random_gate	0.8	0	3cd4b33375538adf02108a27705888b04a85a567dc526e509734c652751fe012	163	131	41	0.8702290076335878	0.0	0.07317073170731707	0.14634146341463414	0.06002564921177394	79.0	0.2926829268292683	0.8275221557079883
HER2ST_manual_controlled	HER2ST_D1_CONTROLLED	HER2ST_D1_CONTROLLED	HER2ST::D	forward	row_softmax	cost_features_500	multioutput_ridge	1.0	0	random_gate	0.8	1	3cd4b33375538adf02108a27705888b04a85a567dc526e509734c652751fe012	163	131	41	0.8854961832061069	0.0	0.12195121951219512	0.17073170731707318	0.060035858659325786	73.0	0.2926829268292683	0.8285040796879084
HER2ST_manual_controlled	HER2ST_D1_CONTROLLED	HER2ST_D1_CONTROLLED	HER2ST::D	forward	row_softmax	cost_features_500	multioutput_ridge	1.0	0	random_gate	0.8	2	3cd4b33375538adf02108a27705888b04a85a567dc526e509734c652751fe012	163	131	41	0.8778625954198473	0.04878048780487805	0.07317073170731707	0.17073170731707318	0.08957177537343688	81.0	0.5365853658536586	0.827867178471287
HER2ST_manual_controlled	HER2ST_D1_CONTROLLED	HER2ST_D1_CONTROLLED	HER2ST::D	forward	row_softmax	cost_features_500	multioutput_ridge	1.0	0	random_gate	0.8	3	3cd4b33375538adf02108a27705888b04a85a567dc526e509734c652751fe012	163	131	41	0.8549618320610687	0.0	0.0975609756097561	0.17073170731707318	0.05895407491747585	79.0	0.2682926829268293	0.8279498223618105
HER2ST_manual_controlled	HER2ST_D1_CONTROLLED	HER2ST_D1_CONTROLLED	HER2ST::D	forward	row_softmax	cost_features_500	multioutput_ridge	1.0	0	random_gate	0.8	4	3cd4b33375538adf02108a27705888b04a85a567dc526e509734c652751fe012	163	131	41	0.8931297709923665	0.0	0.0975609756097561	0.17073170731707318	0.06118967327471081	76.0	0.3170731707317073	0.8281572131310582
HER2ST_manual_controlled	HER2ST_D1_CONTROLLED	HER2ST_D1_CONTROLLED	HER2ST::D	forward	row_softmax	cost_features_500	multioutput_ridge	1.0	1	identity_no_training	0.0	0	3cd4b33375538adf02108a27705888b04a85a567dc526e509734c652751fe012	169	0	35		0.9142857142857143	1.0	1.0	0.9571428571428572	1.0	0.9714285714285714	0.41588015978839826
HER2ST_manual_controlled	HER2ST_D1_CONTROLLED	HER2ST_D1_CONTROLLED	HER2ST::D	forward	row_softmax	cost_features_500	multioutput_ridge	1.0	1	all_top1	1.0	0	3cd4b33375538adf02108a27705888b04a85a567dc526e509734c652751fe012	169	169	35	0.8461538461538461	0.0	0.02857142857142857	0.02857142857142857	0.022468088573605337	98.0	0.2857142857142857	0.8197007042980996
HER2ST_manual_controlled	HER2ST_D1_CONTROLLED	HER2ST_D1_CONTROLLED	HER2ST::D	forward	row_softmax	cost_features_500	multioutput_ridge	1.0	1	max_probability_gate	0.8	0	3cd4b33375538adf02108a27705888b04a85a567dc526e509734c652751fe012	169	136	35	0.8602941176470589	0.0	0.0	0.02857142857142857	0.019887531874108286	101.0	0.42857142857142855	0.8188962477218348
HER2ST_manual_controlled	HER2ST_D1_CONTROLLED	HER2ST_D1_CONTROLLED	HER2ST::D	forward	row_softmax	cost_features_500	multioutput_ridge	1.0	1	top2_margin_gate	0.8	0	3cd4b33375538adf02108a27705888b04a85a567dc526e509734c652751fe012	169	136	35	0.9411764705882353	0.0	0.0	0.02857142857142857	0.018205579124129373	98.0	0.37142857142857144	0.819990503573536
HER2ST_manual_controlled	HER2ST_D1_CONTROLLED	HER2ST_D1_CONTROLLED	HER2ST::D	forward	row_softmax	cost_features_500	multioutput_ridge	1.0	1	oracle_truth	0.8	0	3cd4b33375538adf02108a27705888b04a85a567dc526e509734c652751fe012	169	136	35	1.0	0.0	0.0	0.02857142857142857	0.01851531013110389	98.0	0.2857142857142857	0.8205920522078257
HER2ST_manual_controlled	HER2ST_D1_CONTROLLED	HER2ST_D1_CONTROLLED	HER2ST::D	forward	row_softmax	cost_features_500	multioutput_ridge	1.0	1	random_gate	0.8	0	3cd4b33375538adf02108a27705888b04a85a567dc526e509734c652751fe012	169	136	35	0.8455882352941176	0.0	0.0	0.05714285714285714	0.021364453483767712	107.0	0.3142857142857143	0.8192480497903005
HER2ST_manual_controlled	HER2ST_D1_CONTROLLED	HER2ST_D1_CONTROLLED	HER2ST::D	forward	row_softmax	cost_features_500	multioutput_ridge	1.0	1	random_gate	0.8	1	3cd4b33375538adf02108a27705888b04a85a567dc526e509734c652751fe012	169	136	35	0.8382352941176471	0.0	0.0	0.02857142857142857	0.018645351002969362	102.0	0.34285714285714286	0.8188530389133862
HER2ST_manual_controlled	HER2ST_D1_CONTROLLED	HER2ST_D1_CONTROLLED	HER2ST::D	forward	row_softmax	cost_features_500	multioutput_ridge	1.0	1	random_gate	0.8	2	3cd4b33375538adf02108a27705888b04a85a567dc526e509734c652751fe012	169	136	35	0.8676470588235294	0.0	0.0	0.02857142857142857	0.02021369564077809	101.0	0.2	0.8187115698097976
HER2ST_manual_controlled	HER2ST_D1_CONTROLLED	HER2ST_D1_CONTROLLED	HER2ST::D	forward	row_softmax	cost_features_500	multioutput_ridge	1.0	1	random_gate	0.8	3	3cd4b33375538adf02108a27705888b04a85a567dc526e509734c652751fe012	169	136	35	0.8382352941176471	0.0	0.0	0.0	0.01813655080511016	103.0	0.22857142857142856	0.8186806337179806
HER2ST_manual_controlled	HER2ST_D1_CONTROLLED	HER2ST_D1_CONTROLLED	HER2ST::D	forward	row_softmax	cost_features_500	multioutput_ridge	1.0	1	random_gate	0.8	4	3cd4b33375538adf02108a27705888b04a85a567dc526e509734c652751fe012	169	136	35	0.8455882352941176	0.0	0.02857142857142857	0.02857142857142857	0.022166228718757258	102.0	0.3142857142857143	0.8193836953884651
HER2ST_manual_controlled	HER2ST_D1_CONTROLLED	HER2ST_D1_CONTROLLED	HER2ST::D	forward	row_softmax	cost_features_500	multioutput_ridge	1.0	2	identity_no_training	0.0	0	3cd4b33375538adf02108a27705888b04a85a567dc526e509734c652751fe012	156	0	48		0.8541666666666666	0.9375	0.9791666666666666	0.8936011904761904	1.0	0.9375	0.4131881077465262
HER2ST_manual_controlled	HER2ST_D1_CONTROLLED	HER2ST_D1_CONTROLLED	HER2ST::D	forward	row_softmax	cost_features_500	multioutput_ridge	1.0	2	all_top1	1.0	0	3cd4b33375538adf02108a27705888b04a85a567dc526e509734c652751fe012	156	156	48	0.8333333333333334	0.0	0.020833333333333332	0.0625	0.025268244638536885	100.0	0.5	0.8182348973756568
HER2ST_manual_controlled	HER2ST_D1_CONTROLLED	HER2ST_D1_CONTROLLED	HER2ST::D	forward	row_softmax	cost_features_500	multioutput_ridge	1.0	2	max_probability_gate	0.8	0	3cd4b33375538adf02108a27705888b04a85a567dc526e509734c652751fe012	156	125	48	0.848	0.0	0.020833333333333332	0.0625	0.02409233937325841	99.0	0.3958333333333333	0.8177599045679629
HER2ST_manual_controlled	HER2ST_D1_CONTROLLED	HER2ST_D1_CONTROLLED	HER2ST::D	forward	row_softmax	cost_features_500	multioutput_ridge	1.0	2	top2_margin_gate	0.8	0	3cd4b33375538adf02108a27705888b04a85a567dc526e509734c652751fe012	156	125	48	0.936	0.0	0.041666666666666664	0.041666666666666664	0.024887120783215807	99.0	0.4375	0.8183690213009921
HER2ST_manual_controlled	HER2ST_D1_CONTROLLED	HER2ST_D1_CONTROLLED	HER2ST::D	forward	row_softmax	cost_features_500	multioutput_ridge	1.0	2	oracle_truth	0.8	0	3cd4b33375538adf02108a27705888b04a85a567dc526e509734c652751fe012	156	125	48	1.0	0.0	0.041666666666666664	0.041666666666666664	0.024219991501479143	101.0	0.3958333333333333	0.8190150713002667
HER2ST_manual_controlled	HER2ST_D1_CONTROLLED	HER2ST_D1_CONTROLLED	HER2ST::D	forward	row_softmax	cost_features_500	multioutput_ridge	1.0	2	random_gate	0.8	0	3cd4b33375538adf02108a27705888b04a85a567dc526e509734c652751fe012	156	125	48	0.84	0.0	0.020833333333333332	0.0625	0.023677952460032136	99.5	0.4375	0.8176341433542081
HER2ST_manual_controlled	HER2ST_D1_CONTROLLED	HER2ST_D1_CONTROLLED	HER2ST::D	forward	row_softmax	cost_features_500	multioutput_ridge	1.0	2	random_gate	0.8	1	3cd4b33375538adf02108a27705888b04a85a567dc526e509734c652751fe012	156	125	48	0.816	0.0	0.0	0.0625	0.023313429907814504	101.0	0.3958333333333333	0.8178528168306722
HER2ST_manual_controlled	HER2ST_D1_CONTROLLED	HER2ST_D1_CONTROLLED	HER2ST::D	forward	row_softmax	cost_features_500	multioutput_ridge	1.0	2	random_gate	0.8	2	3cd4b33375538adf02108a27705888b04a85a567dc526e509734c652751fe012	156	125	48	0.824	0.0	0.020833333333333332	0.0625	0.02424907931257261	97.0	0.5208333333333334	0.8176773535829941
HER2ST_manual_controlled	HER2ST_D1_CONTROLLED	HER2ST_D1_CONTROLLED	HER2ST::D	forward	row_softmax	cost_features_500	multioutput_ridge	1.0	2	random_gate	0.8	3	3cd4b33375538adf02108a27705888b04a85a567dc526e509734c652751fe012	156	125	48	0.824	0.0	0.020833333333333332	0.0625	0.026875530487932803	108.5	0.5	0.8178162625067508
HER2ST_manual_controlled	HER2ST_D1_CONTROLLED	HER2ST_D1_CONTROLLED	HER2ST::D	forward	row_softmax	cost_features_500	multioutput_ridge	1.0	2	random_gate	0.8	4	3cd4b33375538adf02108a27705888b04a85a567dc526e509734c652751fe012	156	125	48	0.824	0.0	0.020833333333333332	0.0625	0.02428952885762171	99.0	0.5625	0.8178849172989228
HER2ST_manual_controlled	HER2ST_D1_CONTROLLED	HER2ST_D1_CONTROLLED	HER2ST::D	forward	row_softmax	cost_features_500	multioutput_ridge	1.0	3	identity_no_training	0.0	0	3cd4b33375538adf02108a27705888b04a85a567dc526e509734c652751fe012	162	0	42		0.8333333333333334	0.9285714285714286	0.9285714285714286	0.8665512265512264	1.0	0.9285714285714286	0.4052636181796669
HER2ST_manual_controlled	HER2ST_D1_CONTROLLED	HER2ST_D1_CONTROLLED	HER2ST::D	forward	row_softmax	cost_features_500	multioutput_ridge	1.0	3	all_top1	1.0	0	3cd4b33375538adf02108a27705888b04a85a567dc526e509734c652751fe012	162	162	42	0.8333333333333334	0.0	0.023809523809523808	0.023809523809523808	0.024604074760071454	108.0	0.5952380952380952	0.8144265553527751
HER2ST_manual_controlled	HER2ST_D1_CONTROLLED	HER2ST_D1_CONTROLLED	HER2ST::D	forward	row_softmax	cost_features_500	multioutput_ridge	1.0	3	max_probability_gate	0.8	0	3cd4b33375538adf02108a27705888b04a85a567dc526e509734c652751fe012	162	130	42	0.8461538461538461	0.0	0.023809523809523808	0.023809523809523808	0.02421864569047536	112.0	0.6666666666666666	0.8133917788784215
HER2ST_manual_controlled	HER2ST_D1_CONTROLLED	HER2ST_D1_CONTROLLED	HER2ST::D	forward	row_softmax	cost_features_500	multioutput_ridge	1.0	3	top2_margin_gate	0.8	0	3cd4b33375538adf02108a27705888b04a85a567dc526e509734c652751fe012	162	130	42	0.9384615384615385	0.0	0.023809523809523808	0.023809523809523808	0.023778328293127156	108.0	0.5	0.8145491665752687
HER2ST_manual_controlled	HER2ST_D1_CONTROLLED	HER2ST_D1_CONTROLLED	HER2ST::D	forward	row_softmax	cost_features_500	multioutput_ridge	1.0	3	oracle_truth	0.8	0	3cd4b33375538adf02108a27705888b04a85a567dc526e509734c652751fe012	162	130	42	1.0	0.023809523809523808	0.023809523809523808	0.023809523809523808	0.035963451869168654	113.5	0.42857142857142855	0.8140170760918046
HER2ST_manual_controlled	HER2ST_D1_CONTROLLED	HER2ST_D1_CONTROLLED	HER2ST::D	forward	row_softmax	cost_features_500	multioutput_ridge	1.0	3	random_gate	0.8	0	3cd4b33375538adf02108a27705888b04a85a567dc526e509734c652751fe012	162	130	42	0.8461538461538461	0.023809523809523808	0.023809523809523808	0.023809523809523808	0.03651225247956703	113.5	0.6190476190476191	0.8141817643836902
HER2ST_manual_controlled	HER2ST_D1_CONTROLLED	HER2ST_D1_CONTROLLED	HER2ST::D	forward	row_softmax	cost_features_500	multioutput_ridge	1.0	3	random_gate	0.8	1	3cd4b33375538adf02108a27705888b04a85a567dc526e509734c652751fe012	162	130	42	0.8307692307692308	0.0	0.023809523809523808	0.023809523809523808	0.01958615707995111	110.0	0.47619047619047616	0.8134977648408948
HER2ST_manual_controlled	HER2ST_D1_CONTROLLED	HER2ST_D1_CONTROLLED	HER2ST::D	forward	row_softmax	cost_features_500	multioutput_ridge	1.0	3	random_gate	0.8	2	3cd4b33375538adf02108a27705888b04a85a567dc526e509734c652751fe012	162	130	42	0.8384615384615385	0.0	0.023809523809523808	0.023809523809523808	0.0244309124808684	103.5	0.5	0.8142760245127405
HER2ST_manual_controlled	HER2ST_D1_CONTROLLED	HER2ST_D1_CONTROLLED	HER2ST::D	forward	row_softmax	cost_features_500	multioutput_ridge	1.0	3	random_gate	0.8	3	3cd4b33375538adf02108a27705888b04a85a567dc526e509734c652751fe012	162	130	42	0.8307692307692308	0.0	0.023809523809523808	0.023809523809523808	0.024004781361572563	106.5	0.6190476190476191	0.813733133803083
HER2ST_manual_controlled	HER2ST_D1_CONTROLLED	HER2ST_D1_CONTROLLED	HER2ST::D	forward	row_softmax	cost_features_500	multioutput_ridge	1.0	3	random_gate	0.8	4	3cd4b33375538adf02108a27705888b04a85a567dc526e509734c652751fe012	162	130	42	0.8153846153846154	0.0	0.023809523809523808	0.023809523809523808	0.02381083063829037	110.5	0.6190476190476191	0.8134984595379778
HER2ST_manual_controlled	HER2ST_D1_CONTROLLED	HER2ST_D1_CONTROLLED	HER2ST::D	forward	row_softmax	cost_features_500	multioutput_ridge	1.0	4	identity_no_training	0.0	0	3cd4b33375538adf02108a27705888b04a85a567dc526e509734c652751fe012	166	0	38		0.8157894736842105	0.9210526315789473	0.9473684210526315	0.859958133971292	1.0	0.9736842105263158	0.41343886040631495
HER2ST_manual_controlled	HER2ST_D1_CONTROLLED	HER2ST_D1_CONTROLLED	HER2ST::D	forward	row_softmax	cost_features_500	multioutput_ridge	1.0	4	all_top1	1.0	0	3cd4b33375538adf02108a27705888b04a85a567dc526e509734c652751fe012	166	166	38	0.9036144578313253	0.0	0.0	0.0	0.018445163389853234	64.0	0.5263157894736842	0.8239538861749022
HER2ST_manual_controlled	HER2ST_D1_CONTROLLED	HER2ST_D1_CONTROLLED	HER2ST::D	forward	row_softmax	cost_features_500	multioutput_ridge	1.0	4	max_probability_gate	0.8	0	3cd4b33375538adf02108a27705888b04a85a567dc526e509734c652751fe012	166	133	38	0.9172932330827067	0.0	0.0	0.0	0.01811375194658669	66.5	0.5789473684210527	0.8239310839069354
HER2ST_manual_controlled	HER2ST_D1_CONTROLLED	HER2ST_D1_CONTROLLED	HER2ST::D	forward	row_softmax	cost_features_500	multioutput_ridge	1.0	4	top2_margin_gate	0.8	0	3cd4b33375538adf02108a27705888b04a85a567dc526e509734c652751fe012	166	133	38	0.9924812030075187	0.0	0.0	0.0	0.017853516178636022	69.5	0.5789473684210527	0.8237345671834111
HER2ST_manual_controlled	HER2ST_D1_CONTROLLED	HER2ST_D1_CONTROLLED	HER2ST::D	forward	row_softmax	cost_features_500	multioutput_ridge	1.0	4	oracle_truth	0.8	0	3cd4b33375538adf02108a27705888b04a85a567dc526e509734c652751fe012	166	133	38	1.0	0.0	0.0	0.0	0.0175058043018756	73.0	0.3684210526315789	0.8244638407834217
HER2ST_manual_controlled	HER2ST_D1_CONTROLLED	HER2ST_D1_CONTROLLED	HER2ST::D	forward	row_softmax	cost_features_500	multioutput_ridge	1.0	4	random_gate	0.8	0	3cd4b33375538adf02108a27705888b04a85a567dc526e509734c652751fe012	166	133	38	0.8947368421052632	0.0	0.0	0.0	0.0180432566790762	63.5	0.3157894736842105	0.823712490531294
HER2ST_manual_controlled	HER2ST_D1_CONTROLLED	HER2ST_D1_CONTROLLED	HER2ST::D	forward	row_softmax	cost_features_500	multioutput_ridge	1.0	4	random_gate	0.8	1	3cd4b33375538adf02108a27705888b04a85a567dc526e509734c652751fe012	166	133	38	0.8947368421052632	0.0	0.0	0.0	0.018059297880939396	64.0	0.5263157894736842	0.8236055072329153
HER2ST_manual_controlled	HER2ST_D1_CONTROLLED	HER2ST_D1_CONTROLLED	HER2ST::D	forward	row_softmax	cost_features_500	multioutput_ridge	1.0	4	random_gate	0.8	2	3cd4b33375538adf02108a27705888b04a85a567dc526e509734c652751fe012	166	133	38	0.9097744360902256	0.0	0.0	0.0	0.017544516182695077	67.0	0.631578947368421	0.8234827205585702
HER2ST_manual_controlled	HER2ST_D1_CONTROLLED	HER2ST_D1_CONTROLLED	HER2ST::D	forward	row_softmax	cost_features_500	multioutput_ridge	1.0	4	random_gate	0.8	3	3cd4b33375538adf02108a27705888b04a85a567dc526e509734c652751fe012	166	133	38	0.8947368421052632	0.0	0.0	0.0	0.017666227556162258	64.5	0.3684210526315789	0.8233904536226259
HER2ST_manual_controlled	HER2ST_D1_CONTROLLED	HER2ST_D1_CONTROLLED	HER2ST::D	forward	row_softmax	cost_features_500	multioutput_ridge	1.0	4	random_gate	0.8	4	3cd4b33375538adf02108a27705888b04a85a567dc526e509734c652751fe012	166	133	38	0.9022556390977443	0.0	0.0	0.0	0.01779237454749465	67.5	0.18421052631578946	0.8238664878391849
HER2ST_manual_controlled	HER2ST_D1_CONTROLLED__reverse	HER2ST_D1_CONTROLLED	HER2ST::D	reverse	balanced_ot	cost_features_500	multioutput_ridge	1.0	0	identity_no_training	0.0	0	5cecbb7ed1e4712d02d5ae16b8cfb46faca911f1b335cb65a7678e1998cd608b	167	0	37		0.972972972972973	1.0	1.0	0.9864864864864865	1.0	1.0	0.4157487943692592
HER2ST_manual_controlled	HER2ST_D1_CONTROLLED__reverse	HER2ST_D1_CONTROLLED	HER2ST::D	reverse	balanced_ot	cost_features_500	multioutput_ridge	1.0	0	all_top1	1.0	0	5cecbb7ed1e4712d02d5ae16b8cfb46faca911f1b335cb65a7678e1998cd608b	167	167	37	0.5868263473053892	0.0	0.0	0.0	0.008233161013272927	142.0	0.10810810810810811	0.8339264820341109
HER2ST_manual_controlled	HER2ST_D1_CONTROLLED__reverse	HER2ST_D1_CONTROLLED	HER2ST::D	reverse	balanced_ot	cost_features_500	multioutput_ridge	1.0	0	max_probability_gate	0.8	0	5cecbb7ed1e4712d02d5ae16b8cfb46faca911f1b335cb65a7678e1998cd608b	167	134	37	0.582089552238806	0.0	0.0	0.0	0.00816145034513463	144.0	0.10810810810810811	0.8326818101640197
HER2ST_manual_controlled	HER2ST_D1_CONTROLLED__reverse	HER2ST_D1_CONTROLLED	HER2ST::D	reverse	balanced_ot	cost_features_500	multioutput_ridge	1.0	0	top2_margin_gate	0.8	0	5cecbb7ed1e4712d02d5ae16b8cfb46faca911f1b335cb65a7678e1998cd608b	167	134	37	0.7014925373134329	0.0	0.0	0.0	0.00849718117889038	148.0	0.10810810810810811	0.8340443334509479
HER2ST_manual_controlled	HER2ST_D1_CONTROLLED__reverse	HER2ST_D1_CONTROLLED	HER2ST::D	reverse	balanced_ot	cost_features_500	multioutput_ridge	1.0	0	oracle_truth	0.8	0	5cecbb7ed1e4712d02d5ae16b8cfb46faca911f1b335cb65a7678e1998cd608b	167	134	37	1.0	0.0	0.0	0.0	0.008288783619941844	140.0	0.10810810810810811	0.8344366276259402
HER2ST_manual_controlled	HER2ST_D1_CONTROLLED__reverse	HER2ST_D1_CONTROLLED	HER2ST::D	reverse	balanced_ot	cost_features_500	multioutput_ridge	1.0	0	random_gate	0.8	0	5cecbb7ed1e4712d02d5ae16b8cfb46faca911f1b335cb65a7678e1998cd608b	167	134	37	0.582089552238806	0.0	0.0	0.0	0.008120436629846708	145.0	0.10810810810810811	0.8330387034443597
HER2ST_manual_controlled	HER2ST_D1_CONTROLLED__reverse	HER2ST_D1_CONTROLLED	HER2ST::D	reverse	balanced_ot	cost_features_500	multioutput_ridge	1.0	0	random_gate	0.8	1	5cecbb7ed1e4712d02d5ae16b8cfb46faca911f1b335cb65a7678e1998cd608b	167	134	37	0.5970149253731343	0.0	0.0	0.0	0.008192516582291268	147.0	0.10810810810810811	0.8335051145779591
HER2ST_manual_controlled	HER2ST_D1_CONTROLLED__reverse	HER2ST_D1_CONTROLLED	HER2ST::D	reverse	balanced_ot	cost_features_500	multioutput_ridge	1.0	0	random_gate	0.8	2	5cecbb7ed1e4712d02d5ae16b8cfb46faca911f1b335cb65a7678e1998cd608b	167	134	37	0.6044776119402985	0.0	0.0	0.0	0.008139181432558654	143.0	0.10810810810810811	0.8332867949954826
HER2ST_manual_controlled	HER2ST_D1_CONTROLLED__reverse	HER2ST_D1_CONTROLLED	HER2ST::D	reverse	balanced_ot	cost_features_500	multioutput_ridge	1.0	0	random_gate	0.8	3	5cecbb7ed1e4712d02d5ae16b8cfb46faca911f1b335cb65a7678e1998cd608b	167	134	37	0.5970149253731343	0.0	0.0	0.0	0.008195453788300855	145.0	0.10810810810810811	0.8339452080685769
HER2ST_manual_controlled	HER2ST_D1_CONTROLLED__reverse	HER2ST_D1_CONTROLLED	HER2ST::D	reverse	balanced_ot	cost_features_500	multioutput_ridge	1.0	0	random_gate	0.8	4	5cecbb7ed1e4712d02d5ae16b8cfb46faca911f1b335cb65a7678e1998cd608b	167	134	37	0.5970149253731343	0.0	0.0	0.0	0.008200380665964475	145.0	0.10810810810810811	0.8334321260784029
HER2ST_manual_controlled	HER2ST_D1_CONTROLLED__reverse	HER2ST_D1_CONTROLLED	HER2ST::D	reverse	balanced_ot	cost_features_500	multioutput_ridge	1.0	1	identity_no_training	0.0	0	5cecbb7ed1e4712d02d5ae16b8cfb46faca911f1b335cb65a7678e1998cd608b	155	0	49		0.9387755102040817	0.9795918367346939	1.0	0.9564625850340136	1.0	1.0	0.4133598359373001
HER2ST_manual_controlled	HER2ST_D1_CONTROLLED__reverse	HER2ST_D1_CONTROLLED	HER2ST::D	reverse	balanced_ot	cost_features_500	multioutput_ridge	1.0	1	all_top1	1.0	0	5cecbb7ed1e4712d02d5ae16b8cfb46faca911f1b335cb65a7678e1998cd608b	155	155	49	0.5935483870967742	0.0	0.0	0.0	0.01223562302205783	148.0	0.9183673469387755	0.8640356151641918
HER2ST_manual_controlled	HER2ST_D1_CONTROLLED__reverse	HER2ST_D1_CONTROLLED	HER2ST::D	reverse	balanced_ot	cost_features_500	multioutput_ridge	1.0	1	max_probability_gate	0.8	0	5cecbb7ed1e4712d02d5ae16b8cfb46faca911f1b335cb65a7678e1998cd608b	155	124	49	0.5967741935483871	0.0	0.0	0.0	0.013267738620548591	143.0	0.9183673469387755	0.8631069790762197
HER2ST_manual_controlled	HER2ST_D1_CONTROLLED__reverse	HER2ST_D1_CONTROLLED	HER2ST::D	reverse	balanced_ot	cost_features_500	multioutput_ridge	1.0	1	top2_margin_gate	0.8	0	5cecbb7ed1e4712d02d5ae16b8cfb46faca911f1b335cb65a7678e1998cd608b	155	124	49	0.7338709677419355	0.0	0.0	0.02040816326530612	0.015593186217970106	144.0	0.9183673469387755	0.8632811275601262
HER2ST_manual_controlled	HER2ST_D1_CONTROLLED__reverse	HER2ST_D1_CONTROLLED	HER2ST::D	reverse	balanced_ot	cost_features_500	multioutput_ridge	1.0	1	oracle_truth	0.8	0	5cecbb7ed1e4712d02d5ae16b8cfb46faca911f1b335cb65a7678e1998cd608b	155	124	49	1.0	0.0	0.0	0.0	0.014313922795086961	144.0	0.9183673469387755	0.865121077435242
HER2ST_manual_controlled	HER2ST_D1_CONTROLLED__reverse	HER2ST_D1_CONTROLLED	HER2ST::D	reverse	balanced_ot	cost_features_500	multioutput_ridge	1.0	1	random_gate	0.8	0	5cecbb7ed1e4712d02d5ae16b8cfb46faca911f1b335cb65a7678e1998cd608b	155	124	49	0.5806451612903226	0.0	0.0	0.0	0.012228640317082306	149.0	0.9183673469387755	0.862686373514725
HER2ST_manual_controlled	HER2ST_D1_CONTROLLED__reverse	HER2ST_D1_CONTROLLED	HER2ST::D	reverse	balanced_ot	cost_features_500	multioutput_ridge	1.0	1	random_gate	0.8	1	5cecbb7ed1e4712d02d5ae16b8cfb46faca911f1b335cb65a7678e1998cd608b	155	124	49	0.6370967741935484	0.0	0.0	0.0	0.012811379955760909	150.0	0.9183673469387755	0.8637715528449226
HER2ST_manual_controlled	HER2ST_D1_CONTROLLED__reverse	HER2ST_D1_CONTROLLED	HER2ST::D	reverse	balanced_ot	cost_features_500	multioutput_ridge	1.0	1	random_gate	0.8	2	5cecbb7ed1e4712d02d5ae16b8cfb46faca911f1b335cb65a7678e1998cd608b	155	124	49	0.5887096774193549	0.0	0.0	0.0	0.012326334912144157	147.0	0.9183673469387755	0.8639859225386072
HER2ST_manual_controlled	HER2ST_D1_CONTROLLED__reverse	HER2ST_D1_CONTROLLED	HER2ST::D	reverse	balanced_ot	cost_features_500	multioutput_ridge	1.0	1	random_gate	0.8	3	5cecbb7ed1e4712d02d5ae16b8cfb46faca911f1b335cb65a7678e1998cd608b	155	124	49	0.6048387096774194	0.0	0.0	0.0	0.01266191280717771	147.0	0.9183673469387755	0.86318405397075
HER2ST_manual_controlled	HER2ST_D1_CONTROLLED__reverse	HER2ST_D1_CONTROLLED	HER2ST::D	reverse	balanced_ot	cost_features_500	multioutput_ridge	1.0	1	random_gate	0.8	4	5cecbb7ed1e4712d02d5ae16b8cfb46faca911f1b335cb65a7678e1998cd608b	155	124	49	0.5887096774193549	0.0	0.0	0.0	0.012359086996456173	147.0	0.9183673469387755	0.8632879695806119
HER2ST_manual_controlled	HER2ST_D1_CONTROLLED__reverse	HER2ST_D1_CONTROLLED	HER2ST::D	reverse	balanced_ot	cost_features_500	multioutput_ridge	1.0	2	identity_no_training	0.0	0	5cecbb7ed1e4712d02d5ae16b8cfb46faca911f1b335cb65a7678e1998cd608b	170	0	34		0.8529411764705882	1.0	1.0	0.8970588235294118	1.0	0.9705882352941176	0.4106580141628499
HER2ST_manual_controlled	HER2ST_D1_CONTROLLED__reverse	HER2ST_D1_CONTROLLED	HER2ST::D	reverse	balanced_ot	cost_features_500	multioutput_ridge	1.0	2	all_top1	1.0	0	5cecbb7ed1e4712d02d5ae16b8cfb46faca911f1b335cb65a7678e1998cd608b	170	170	34	0.7	0.0	0.029411764705882353	0.029411764705882353	0.02471791883391133	130.0	0.4117647058823529	0.8748308114307534
HER2ST_manual_controlled	HER2ST_D1_CONTROLLED__reverse	HER2ST_D1_CONTROLLED	HER2ST::D	reverse	balanced_ot	cost_features_500	multioutput_ridge	1.0	2	max_probability_gate	0.8	0	5cecbb7ed1e4712d02d5ae16b8cfb46faca911f1b335cb65a7678e1998cd608b	170	136	34	0.7132352941176471	0.0	0.029411764705882353	0.029411764705882353	0.023577767350588894	128.0	0.4117647058823529	0.872814174987222
HER2ST_manual_controlled	HER2ST_D1_CONTROLLED__reverse	HER2ST_D1_CONTROLLED	HER2ST::D	reverse	balanced_ot	cost_features_500	multioutput_ridge	1.0	2	top2_margin_gate	0.8	0	5cecbb7ed1e4712d02d5ae16b8cfb46faca911f1b335cb65a7678e1998cd608b	170	136	34	0.8308823529411765	0.0	0.029411764705882353	0.029411764705882353	0.020609726785701474	127.0	0.4117647058823529	0.8723735512535588
HER2ST_manual_controlled	HER2ST_D1_CONTROLLED__reverse	HER2ST_D1_CONTROLLED	HER2ST::D	reverse	balanced_ot	cost_features_500	multioutput_ridge	1.0	2	oracle_truth	0.8	0	5cecbb7ed1e4712d02d5ae16b8cfb46faca911f1b335cb65a7678e1998cd608b	170	136	34	1.0	0.0	0.029411764705882353	0.029411764705882353	0.01952937827067785	134.0	0.4117647058823529	0.8736100616752382
HER2ST_manual_controlled	HER2ST_D1_CONTROLLED__reverse	HER2ST_D1_CONTROLLED	HER2ST::D	reverse	balanced_ot	cost_features_500	multioutput_ridge	1.0	2	random_gate	0.8	0	5cecbb7ed1e4712d02d5ae16b8cfb46faca911f1b335cb65a7678e1998cd608b	170	136	34	0.7058823529411765	0.0	0.029411764705882353	0.029411764705882353	0.023956414068178035	129.0	0.4117647058823529	0.8737760365541293
HER2ST_manual_controlled	HER2ST_D1_CONTROLLED__reverse	HER2ST_D1_CONTROLLED	HER2ST::D	reverse	balanced_ot	cost_features_500	multioutput_ridge	1.0	2	random_gate	0.8	1	5cecbb7ed1e4712d02d5ae16b8cfb46faca911f1b335cb65a7678e1998cd608b	170	136	34	0.6985294117647058	0.0	0.029411764705882353	0.029411764705882353	0.02435182680660982	135.0	0.4117647058823529	0.8741987444949588
HER2ST_manual_controlled	HER2ST_D1_CONTROLLED__reverse	HER2ST_D1_CONTROLLED	HER2ST::D	reverse	balanced_ot	cost_features_500	multioutput_ridge	1.0	2	random_gate	0.8	2	5cecbb7ed1e4712d02d5ae16b8cfb46faca911f1b335cb65a7678e1998cd608b	170	136	34	0.7058823529411765	0.0	0.029411764705882353	0.029411764705882353	0.021738609549424123	130.5	0.4117647058823529	0.8744553847314966
HER2ST_manual_controlled	HER2ST_D1_CONTROLLED__reverse	HER2ST_D1_CONTROLLED	HER2ST::D	reverse	balanced_ot	cost_features_500	multioutput_ridge	1.0	2	random_gate	0.8	3	5cecbb7ed1e4712d02d5ae16b8cfb46faca911f1b335cb65a7678e1998cd608b	170	136	34	0.7279411764705882	0.0	0.029411764705882353	0.029411764705882353	0.024050643091187093	130.5	0.4117647058823529	0.8739474873667
HER2ST_manual_controlled	HER2ST_D1_CONTROLLED__reverse	HER2ST_D1_CONTROLLED	HER2ST::D	reverse	balanced_ot	cost_features_500	multioutput_ridge	1.0	2	random_gate	0.8	4	5cecbb7ed1e4712d02d5ae16b8cfb46faca911f1b335cb65a7678e1998cd608b	170	136	34	0.6764705882352942	0.0	0.029411764705882353	0.029411764705882353	0.024092049790597148	129.5	0.4117647058823529	0.8739534809764226
HER2ST_manual_controlled	HER2ST_D1_CONTROLLED__reverse	HER2ST_D1_CONTROLLED	HER2ST::D	reverse	balanced_ot	cost_features_500	multioutput_ridge	1.0	3	identity_no_training	0.0	0	5cecbb7ed1e4712d02d5ae16b8cfb46faca911f1b335cb65a7678e1998cd608b	160	0	44		1.0	1.0	1.0	1.0	1.0	1.0	0.41154129785117116
HER2ST_manual_controlled	HER2ST_D1_CONTROLLED__reverse	HER2ST_D1_CONTROLLED	HER2ST::D	reverse	balanced_ot	cost_features_500	multioutput_ridge	1.0	3	all_top1	1.0	0	5cecbb7ed1e4712d02d5ae16b8cfb46faca911f1b335cb65a7678e1998cd608b	160	160	44	0.51875	0.0	0.0	0.0	0.005719108267672862	198.0	0.13636363636363635	0.8091964728246964
HER2ST_manual_controlled	HER2ST_D1_CONTROLLED__reverse	HER2ST_D1_CONTROLLED	HER2ST::D	reverse	balanced_ot	cost_features_500	multioutput_ridge	1.0	3	max_probability_gate	0.8	0	5cecbb7ed1e4712d02d5ae16b8cfb46faca911f1b335cb65a7678e1998cd608b	160	128	44	0.5	0.0	0.0	0.0	0.005685638309482543	199.0	0.13636363636363635	0.8071989694107607
HER2ST_manual_controlled	HER2ST_D1_CONTROLLED__reverse	HER2ST_D1_CONTROLLED	HER2ST::D	reverse	balanced_ot	cost_features_500	multioutput_ridge	1.0	3	top2_margin_gate	0.8	0	5cecbb7ed1e4712d02d5ae16b8cfb46faca911f1b335cb65a7678e1998cd608b	160	128	44	0.6328125	0.0	0.0	0.0	0.0057788667110313975	198.0	0.13636363636363635	0.8108249894081443
HER2ST_manual_controlled	HER2ST_D1_CONTROLLED__reverse	HER2ST_D1_CONTROLLED	HER2ST::D	reverse	balanced_ot	cost_features_500	multioutput_ridge	1.0	3	oracle_truth	0.8	0	5cecbb7ed1e4712d02d5ae16b8cfb46faca911f1b335cb65a7678e1998cd608b	160	128	44	1.0	0.0	0.0	0.0	0.00587696305472048	196.0	0.13636363636363635	0.8122614699851471
HER2ST_manual_controlled	HER2ST_D1_CONTROLLED__reverse	HER2ST_D1_CONTROLLED	HER2ST::D	reverse	balanced_ot	cost_features_500	multioutput_ridge	1.0	3	random_gate	0.8	0	5cecbb7ed1e4712d02d5ae16b8cfb46faca911f1b335cb65a7678e1998cd608b	160	128	44	0.5390625	0.0	0.0	0.0	0.0057035687745475355	196.5	0.13636363636363635	0.8087215145083454
HER2ST_manual_controlled	HER2ST_D1_CONTROLLED__reverse	HER2ST_D1_CONTROLLED	HER2ST::D	reverse	balanced_ot	cost_features_500	multioutput_ridge	1.0	3	random_gate	0.8	1	5cecbb7ed1e4712d02d5ae16b8cfb46faca911f1b335cb65a7678e1998cd608b	160	128	44	0.5234375	0.0	0.0	0.0	0.005665376669858618	198.0	0.13636363636363635	0.8074879861348159
HER2ST_manual_controlled	HER2ST_D1_CONTROLLED__reverse	HER2ST_D1_CONTROLLED	HER2ST::D	reverse	balanced_ot	cost_features_500	multioutput_ridge	1.0	3	random_gate	0.8	2	5cecbb7ed1e4712d02d5ae16b8cfb46faca911f1b335cb65a7678e1998cd608b	160	128	44	0.5234375	0.0	0.0	0.0	0.0056624489242879635	198.0	0.13636363636363635	0.8083155930063409
HER2ST_manual_controlled	HER2ST_D1_CONTROLLED__reverse	HER2ST_D1_CONTROLLED	HER2ST::D	reverse	balanced_ot	cost_features_500	multioutput_ridge	1.0	3	random_gate	0.8	3	5cecbb7ed1e4712d02d5ae16b8cfb46faca911f1b335cb65a7678e1998cd608b	160	128	44	0.5	0.0	0.0	0.0	0.005672645989100716	199.5	0.13636363636363635	0.8075931866216929
HER2ST_manual_controlled	HER2ST_D1_CONTROLLED__reverse	HER2ST_D1_CONTROLLED	HER2ST::D	reverse	balanced_ot	cost_features_500	multioutput_ridge	1.0	3	random_gate	0.8	4	5cecbb7ed1e4712d02d5ae16b8cfb46faca911f1b335cb65a7678e1998cd608b	160	128	44	0.484375	0.0	0.0	0.0	0.005635944631925888	198.5	0.13636363636363635	0.8064378136005398
HER2ST_manual_controlled	HER2ST_D1_CONTROLLED__reverse	HER2ST_D1_CONTROLLED	HER2ST::D	reverse	balanced_ot	cost_features_500	multioutput_ridge	1.0	4	identity_no_training	0.0	0	5cecbb7ed1e4712d02d5ae16b8cfb46faca911f1b335cb65a7678e1998cd608b	164	0	40		0.8	0.9	0.925	0.8526074735449736	1.0	0.925	0.401936053322906
HER2ST_manual_controlled	HER2ST_D1_CONTROLLED__reverse	HER2ST_D1_CONTROLLED	HER2ST::D	reverse	balanced_ot	cost_features_500	multioutput_ridge	1.0	4	all_top1	1.0	0	5cecbb7ed1e4712d02d5ae16b8cfb46faca911f1b335cb65a7678e1998cd608b	164	164	40	0.7073170731707317	0.0	0.1	0.125	0.043960854206564655	65.5	0.725	0.9042857352661983
HER2ST_manual_controlled	HER2ST_D1_CONTROLLED__reverse	HER2ST_D1_CONTROLLED	HER2ST::D	reverse	balanced_ot	cost_features_500	multioutput_ridge	1.0	4	max_probability_gate	0.8	0	5cecbb7ed1e4712d02d5ae16b8cfb46faca911f1b335cb65a7678e1998cd608b	164	132	40	0.6742424242424242	0.0	0.1	0.1	0.04435381932117168	69.0	0.725	0.9032424100073968
HER2ST_manual_controlled	HER2ST_D1_CONTROLLED__reverse	HER2ST_D1_CONTROLLED	HER2ST::D	reverse	balanced_ot	cost_features_500	multioutput_ridge	1.0	4	top2_margin_gate	0.8	0	5cecbb7ed1e4712d02d5ae16b8cfb46faca911f1b335cb65a7678e1998cd608b	164	132	40	0.8257575757575758	0.0	0.075	0.1	0.043848995204760544	65.0	0.725	0.9015123902248877
HER2ST_manual_controlled	HER2ST_D1_CONTROLLED__reverse	HER2ST_D1_CONTROLLED	HER2ST::D	reverse	balanced_ot	cost_features_500	multioutput_ridge	1.0	4	oracle_truth	0.8	0	5cecbb7ed1e4712d02d5ae16b8cfb46faca911f1b335cb65a7678e1998cd608b	164	132	40	1.0	0.0	0.075	0.1	0.039144229627360534	67.0	0.725	0.9053866938671232
HER2ST_manual_controlled	HER2ST_D1_CONTROLLED__reverse	HER2ST_D1_CONTROLLED	HER2ST::D	reverse	balanced_ot	cost_features_500	multioutput_ridge	1.0	4	random_gate	0.8	0	5cecbb7ed1e4712d02d5ae16b8cfb46faca911f1b335cb65a7678e1998cd608b	164	132	40	0.696969696969697	0.0	0.1	0.1	0.042402722449602526	70.0	0.725	0.904674975479742
HER2ST_manual_controlled	HER2ST_D1_CONTROLLED__reverse	HER2ST_D1_CONTROLLED	HER2ST::D	reverse	balanced_ot	cost_features_500	multioutput_ridge	1.0	4	random_gate	0.8	1	5cecbb7ed1e4712d02d5ae16b8cfb46faca911f1b335cb65a7678e1998cd608b	164	132	40	0.7045454545454546	0.0	0.075	0.125	0.0412302084609408	68.0	0.725	0.9042229000739759
HER2ST_manual_controlled	HER2ST_D1_CONTROLLED__reverse	HER2ST_D1_CONTROLLED	HER2ST::D	reverse	balanced_ot	cost_features_500	multioutput_ridge	1.0	4	random_gate	0.8	2	5cecbb7ed1e4712d02d5ae16b8cfb46faca911f1b335cb65a7678e1998cd608b	164	132	40	0.7272727272727273	0.0	0.1	0.1	0.042004706736454046	70.0	0.725	0.9028622666780717
HER2ST_manual_controlled	HER2ST_D1_CONTROLLED__reverse	HER2ST_D1_CONTROLLED	HER2ST::D	reverse	balanced_ot	cost_features_500	multioutput_ridge	1.0	4	random_gate	0.8	3	5cecbb7ed1e4712d02d5ae16b8cfb46faca911f1b335cb65a7678e1998cd608b	164	132	40	0.75	0.0	0.1	0.125	0.041942549446864826	70.0	0.725	0.9021794493242572
HER2ST_manual_controlled	HER2ST_D1_CONTROLLED__reverse	HER2ST_D1_CONTROLLED	HER2ST::D	reverse	balanced_ot	cost_features_500	multioutput_ridge	1.0	4	random_gate	0.8	4	5cecbb7ed1e4712d02d5ae16b8cfb46faca911f1b335cb65a7678e1998cd608b	164	132	40	0.7121212121212122	0.0	0.1	0.125	0.047815322695812276	67.0	0.725	0.9032877147452771
HER2ST_manual_controlled	HER2ST_D1_CONTROLLED__reverse	HER2ST_D1_CONTROLLED	HER2ST::D	reverse	uot	cost_features_500	multioutput_ridge	1.0	0	identity_no_training	0.0	0	5cecbb7ed1e4712d02d5ae16b8cfb46faca911f1b335cb65a7678e1998cd608b	167	0	37		0.972972972972973	1.0	1.0	0.9864864864864865	1.0	1.0	0.4157487943692592
HER2ST_manual_controlled	HER2ST_D1_CONTROLLED__reverse	HER2ST_D1_CONTROLLED	HER2ST::D	reverse	uot	cost_features_500	multioutput_ridge	1.0	0	all_top1	1.0	0	5cecbb7ed1e4712d02d5ae16b8cfb46faca911f1b335cb65a7678e1998cd608b	167	167	37	0.6646706586826348	0.0	0.0	0.0	0.00819634669487257	140.0	0.10810810810810811	0.8342680094363681
HER2ST_manual_controlled	HER2ST_D1_CONTROLLED__reverse	HER2ST_D1_CONTROLLED	HER2ST::D	reverse	uot	cost_features_500	multioutput_ridge	1.0	0	max_probability_gate	0.8	0	5cecbb7ed1e4712d02d5ae16b8cfb46faca911f1b335cb65a7678e1998cd608b	167	134	37	0.6791044776119403	0.0	0.0	0.0	0.00821101149462618	148.0	0.10810810810810811	0.8329217940743144
HER2ST_manual_controlled	HER2ST_D1_CONTROLLED__reverse	HER2ST_D1_CONTROLLED	HER2ST::D	reverse	uot	cost_features_500	multioutput_ridge	1.0	0	top2_margin_gate	0.8	0	5cecbb7ed1e4712d02d5ae16b8cfb46faca911f1b335cb65a7678e1998cd608b	167	134	37	0.7985074626865671	0.0	0.0	0.0	0.008736548379567846	148.0	0.10810810810810811	0.8342326013507684
HER2ST_manual_controlled	HER2ST_D1_CONTROLLED__reverse	HER2ST_D1_CONTROLLED	HER2ST::D	reverse	uot	cost_features_500	multioutput_ridge	1.0	0	oracle_truth	0.8	0	5cecbb7ed1e4712d02d5ae16b8cfb46faca911f1b335cb65a7678e1998cd608b	167	134	37	1.0	0.0	0.0	0.0	0.008429665885698743	141.0	0.10810810810810811	0.8347204256702421
HER2ST_manual_controlled	HER2ST_D1_CONTROLLED__reverse	HER2ST_D1_CONTROLLED	HER2ST::D	reverse	uot	cost_features_500	multioutput_ridge	1.0	0	random_gate	0.8	0	5cecbb7ed1e4712d02d5ae16b8cfb46faca911f1b335cb65a7678e1998cd608b	167	134	37	0.6716417910447762	0.0	0.0	0.0	0.008181321676345558	141.0	0.10810810810810811	0.8329942022255687
HER2ST_manual_controlled	HER2ST_D1_CONTROLLED__reverse	HER2ST_D1_CONTROLLED	HER2ST::D	reverse	uot	cost_features_500	multioutput_ridge	1.0	0	random_gate	0.8	1	5cecbb7ed1e4712d02d5ae16b8cfb46faca911f1b335cb65a7678e1998cd608b	167	134	37	0.6940298507462687	0.0	0.0	0.0	0.008281983812465076	143.0	0.10810810810810811	0.8338092884099622
HER2ST_manual_controlled	HER2ST_D1_CONTROLLED__reverse	HER2ST_D1_CONTROLLED	HER2ST::D	reverse	uot	cost_features_500	multioutput_ridge	1.0	0	random_gate	0.8	2	5cecbb7ed1e4712d02d5ae16b8cfb46faca911f1b335cb65a7678e1998cd608b	167	134	37	0.6716417910447762	0.0	0.0	0.0	0.008272377143503706	142.0	0.10810810810810811	0.8342716326490749
HER2ST_manual_controlled	HER2ST_D1_CONTROLLED__reverse	HER2ST_D1_CONTROLLED	HER2ST::D	reverse	uot	cost_features_500	multioutput_ridge	1.0	0	random_gate	0.8	3	5cecbb7ed1e4712d02d5ae16b8cfb46faca911f1b335cb65a7678e1998cd608b	167	134	37	0.664179104477612	0.0	0.0	0.0	0.008203364798026865	142.0	0.10810810810810811	0.8336000487949818
HER2ST_manual_controlled	HER2ST_D1_CONTROLLED__reverse	HER2ST_D1_CONTROLLED	HER2ST::D	reverse	uot	cost_features_500	multioutput_ridge	1.0	0	random_gate	0.8	4	5cecbb7ed1e4712d02d5ae16b8cfb46faca911f1b335cb65a7678e1998cd608b	167	134	37	0.6716417910447762	0.0	0.0	0.0	0.00813293951747533	140.0	0.10810810810810811	0.833874022406527
HER2ST_manual_controlled	HER2ST_D1_CONTROLLED__reverse	HER2ST_D1_CONTROLLED	HER2ST::D	reverse	uot	cost_features_500	multioutput_ridge	1.0	1	identity_no_training	0.0	0	5cecbb7ed1e4712d02d5ae16b8cfb46faca911f1b335cb65a7678e1998cd608b	155	0	49		0.9387755102040817	0.9795918367346939	1.0	0.9564625850340136	1.0	1.0	0.4133598359373001
HER2ST_manual_controlled	HER2ST_D1_CONTROLLED__reverse	HER2ST_D1_CONTROLLED	HER2ST::D	reverse	uot	cost_features_500	multioutput_ridge	1.0	1	all_top1	1.0	0	5cecbb7ed1e4712d02d5ae16b8cfb46faca911f1b335cb65a7678e1998cd608b	155	155	49	0.6580645161290323	0.0	0.0	0.0	0.012861467758566536	148.0	0.9183673469387755	0.8643913129022859
HER2ST_manual_controlled	HER2ST_D1_CONTROLLED__reverse	HER2ST_D1_CONTROLLED	HER2ST::D	reverse	uot	cost_features_500	multioutput_ridge	1.0	1	max_probability_gate	0.8	0	5cecbb7ed1e4712d02d5ae16b8cfb46faca911f1b335cb65a7678e1998cd608b	155	124	49	0.6774193548387096	0.0	0.0	0.02040816326530612	0.014211304626421504	141.0	0.9183673469387755	0.8634724225305699
HER2ST_manual_controlled	HER2ST_D1_CONTROLLED__reverse	HER2ST_D1_CONTROLLED	HER2ST::D	reverse	uot	cost_features_500	multioutput_ridge	1.0	1	top2_margin_gate	0.8	0	5cecbb7ed1e4712d02d5ae16b8cfb46faca911f1b335cb65a7678e1998cd608b	155	124	49	0.7983870967741935	0.0	0.0	0.02040816326530612	0.016665122969860474	146.0	0.9183673469387755	0.862453212276356
HER2ST_manual_controlled	HER2ST_D1_CONTROLLED__reverse	HER2ST_D1_CONTROLLED	HER2ST::D	reverse	uot	cost_features_500	multioutput_ridge	1.0	1	oracle_truth	0.8	0	5cecbb7ed1e4712d02d5ae16b8cfb46faca911f1b335cb65a7678e1998cd608b	155	124	49	1.0	0.0	0.0	0.0	0.013873376927214902	146.0	0.9183673469387755	0.8644780942651512
HER2ST_manual_controlled	HER2ST_D1_CONTROLLED__reverse	HER2ST_D1_CONTROLLED	HER2ST::D	reverse	uot	cost_features_500	multioutput_ridge	1.0	1	random_gate	0.8	0	5cecbb7ed1e4712d02d5ae16b8cfb46faca911f1b335cb65a7678e1998cd608b	155	124	49	0.6612903225806451	0.0	0.0	0.0	0.012445382598972819	144.0	0.9183673469387755	0.8638549458540359
HER2ST_manual_controlled	HER2ST_D1_CONTROLLED__reverse	HER2ST_D1_CONTROLLED	HER2ST::D	reverse	uot	cost_features_500	multioutput_ridge	1.0	1	random_gate	0.8	1	5cecbb7ed1e4712d02d5ae16b8cfb46faca911f1b335cb65a7678e1998cd608b	155	124	49	0.6532258064516129	0.0	0.0	0.0	0.012490862075475014	148.0	0.9183673469387755	0.8636381749275363
HER2ST_manual_controlled	HER2ST_D1_CONTROLLED__reverse	HER2ST_D1_CONTROLLED	HER2ST::D	reverse	uot	cost_features_500	multioutput_ridge	1.0	1	random_gate	0.8	2	5cecbb7ed1e4712d02d5ae16b8cfb46faca911f1b335cb65a7678e1998cd608b	155	124	49	0.6693548387096774	0.0	0.0	0.0	0.012837408762141012	148.0	0.9183673469387755	0.863542909586541
HER2ST_manual_controlled	HER2ST_D1_CONTROLLED__reverse	HER2ST_D1_CONTROLLED	HER2ST::D	reverse	uot	cost_features_500	multioutput_ridge	1.0	1	random_gate	0.8	3	5cecbb7ed1e4712d02d5ae16b8cfb46faca911f1b335cb65a7678e1998cd608b	155	124	49	0.6693548387096774	0.0	0.0	0.0	0.01288035910277633	148.0	0.9183673469387755	0.863121793949017
HER2ST_manual_controlled	HER2ST_D1_CONTROLLED__reverse	HER2ST_D1_CONTROLLED	HER2ST::D	reverse	uot	cost_features_500	multioutput_ridge	1.0	1	random_gate	0.8	4	5cecbb7ed1e4712d02d5ae16b8cfb46faca911f1b335cb65a7678e1998cd608b	155	124	49	0.6451612903225806	0.0	0.0	0.0	0.012383043361584595	149.0	0.9183673469387755	0.8635482029316749
HER2ST_manual_controlled	HER2ST_D1_CONTROLLED__reverse	HER2ST_D1_CONTROLLED	HER2ST::D	reverse	uot	cost_features_500	multioutput_ridge	1.0	2	identity_no_training	0.0	0	5cecbb7ed1e4712d02d5ae16b8cfb46faca911f1b335cb65a7678e1998cd608b	170	0	34		0.8529411764705882	1.0	1.0	0.8970588235294118	1.0	0.9705882352941176	0.4106580141628499
HER2ST_manual_controlled	HER2ST_D1_CONTROLLED__reverse	HER2ST_D1_CONTROLLED	HER2ST::D	reverse	uot	cost_features_500	multioutput_ridge	1.0	2	all_top1	1.0	0	5cecbb7ed1e4712d02d5ae16b8cfb46faca911f1b335cb65a7678e1998cd608b	170	170	34	0.7411764705882353	0.0	0.029411764705882353	0.029411764705882353	0.022117607984853255	135.0	0.4117647058823529	0.8740877804766841
HER2ST_manual_controlled	HER2ST_D1_CONTROLLED__reverse	HER2ST_D1_CONTROLLED	HER2ST::D	reverse	uot	cost_features_500	multioutput_ridge	1.0	2	max_probability_gate	0.8	0	5cecbb7ed1e4712d02d5ae16b8cfb46faca911f1b335cb65a7678e1998cd608b	170	136	34	0.7720588235294118	0.0	0.029411764705882353	0.029411764705882353	0.021137585247599365	133.5	0.4117647058823529	0.8721369205166037
HER2ST_manual_controlled	HER2ST_D1_CONTROLLED__reverse	HER2ST_D1_CONTROLLED	HER2ST::D	reverse	uot	cost_features_500	multioutput_ridge	1.0	2	top2_margin_gate	0.8	0	5cecbb7ed1e4712d02d5ae16b8cfb46faca911f1b335cb65a7678e1998cd608b	170	136	34	0.8676470588235294	0.0	0.029411764705882353	0.029411764705882353	0.02318698145259996	126.0	0.4117647058823529	0.8720323265693908
HER2ST_manual_controlled	HER2ST_D1_CONTROLLED__reverse	HER2ST_D1_CONTROLLED	HER2ST::D	reverse	uot	cost_features_500	multioutput_ridge	1.0	2	oracle_truth	0.8	0	5cecbb7ed1e4712d02d5ae16b8cfb46faca911f1b335cb65a7678e1998cd608b	170	136	34	1.0	0.0	0.029411764705882353	0.029411764705882353	0.02114166773149605	134.0	0.4117647058823529	0.8737349666927186
HER2ST_manual_controlled	HER2ST_D1_CONTROLLED__reverse	HER2ST_D1_CONTROLLED	HER2ST::D	reverse	uot	cost_features_500	multioutput_ridge	1.0	2	random_gate	0.8	0	5cecbb7ed1e4712d02d5ae16b8cfb46faca911f1b335cb65a7678e1998cd608b	170	136	34	0.7647058823529411	0.0	0.029411764705882353	0.029411764705882353	0.023546329326742194	130.0	0.4117647058823529	0.8730526994392384
HER2ST_manual_controlled	HER2ST_D1_CONTROLLED__reverse	HER2ST_D1_CONTROLLED	HER2ST::D	reverse	uot	cost_features_500	multioutput_ridge	1.0	2	random_gate	0.8	1	5cecbb7ed1e4712d02d5ae16b8cfb46faca911f1b335cb65a7678e1998cd608b	170	136	34	0.7205882352941176	0.0	0.029411764705882353	0.029411764705882353	0.021510870385808463	138.5	0.4117647058823529	0.8734839104398623
HER2ST_manual_controlled	HER2ST_D1_CONTROLLED__reverse	HER2ST_D1_CONTROLLED	HER2ST::D	reverse	uot	cost_features_500	multioutput_ridge	1.0	2	random_gate	0.8	2	5cecbb7ed1e4712d02d5ae16b8cfb46faca911f1b335cb65a7678e1998cd608b	170	136	34	0.7426470588235294	0.0	0.029411764705882353	0.029411764705882353	0.021549625169879624	131.5	0.4117647058823529	0.8738962610575117
HER2ST_manual_controlled	HER2ST_D1_CONTROLLED__reverse	HER2ST_D1_CONTROLLED	HER2ST::D	reverse	uot	cost_features_500	multioutput_ridge	1.0	2	random_gate	0.8	3	5cecbb7ed1e4712d02d5ae16b8cfb46faca911f1b335cb65a7678e1998cd608b	170	136	34	0.7573529411764706	0.0	0.029411764705882353	0.029411764705882353	0.02442568002722221	135.5	0.4117647058823529	0.8731436467024911
HER2ST_manual_controlled	HER2ST_D1_CONTROLLED__reverse	HER2ST_D1_CONTROLLED	HER2ST::D	reverse	uot	cost_features_500	multioutput_ridge	1.0	2	random_gate	0.8	4	5cecbb7ed1e4712d02d5ae16b8cfb46faca911f1b335cb65a7678e1998cd608b	170	136	34	0.7205882352941176	0.0	0.029411764705882353	0.029411764705882353	0.021651779383243423	138.0	0.4117647058823529	0.873325646688384
HER2ST_manual_controlled	HER2ST_D1_CONTROLLED__reverse	HER2ST_D1_CONTROLLED	HER2ST::D	reverse	uot	cost_features_500	multioutput_ridge	1.0	3	identity_no_training	0.0	0	5cecbb7ed1e4712d02d5ae16b8cfb46faca911f1b335cb65a7678e1998cd608b	160	0	44		1.0	1.0	1.0	1.0	1.0	1.0	0.41154129785117116
HER2ST_manual_controlled	HER2ST_D1_CONTROLLED__reverse	HER2ST_D1_CONTROLLED	HER2ST::D	reverse	uot	cost_features_500	multioutput_ridge	1.0	3	all_top1	1.0	0	5cecbb7ed1e4712d02d5ae16b8cfb46faca911f1b335cb65a7678e1998cd608b	160	160	44	0.6	0.0	0.0	0.0	0.005730648148147416	198.0	0.13636363636363635	0.8104084630997143
HER2ST_manual_controlled	HER2ST_D1_CONTROLLED__reverse	HER2ST_D1_CONTROLLED	HER2ST::D	reverse	uot	cost_features_500	multioutput_ridge	1.0	3	max_probability_gate	0.8	0	5cecbb7ed1e4712d02d5ae16b8cfb46faca911f1b335cb65a7678e1998cd608b	160	128	44	0.6015625	0.0	0.0	0.0	0.005713738354141674	198.0	0.13636363636363635	0.8096989892129037
HER2ST_manual_controlled	HER2ST_D1_CONTROLLED__reverse	HER2ST_D1_CONTROLLED	HER2ST::D	reverse	uot	cost_features_500	multioutput_ridge	1.0	3	top2_margin_gate	0.8	0	5cecbb7ed1e4712d02d5ae16b8cfb46faca911f1b335cb65a7678e1998cd608b	160	128	44	0.7265625	0.0	0.0	0.0	0.005804863653048316	197.0	0.13636363636363635	0.812274174611677
HER2ST_manual_controlled	HER2ST_D1_CONTROLLED__reverse	HER2ST_D1_CONTROLLED	HER2ST::D	reverse	uot	cost_features_500	multioutput_ridge	1.0	3	oracle_truth	0.8	0	5cecbb7ed1e4712d02d5ae16b8cfb46faca911f1b335cb65a7678e1998cd608b	160	128	44	1.0	0.0	0.0	0.0	0.005792111045622362	195.0	0.13636363636363635	0.8116607918471047
HER2ST_manual_controlled	HER2ST_D1_CONTROLLED__reverse	HER2ST_D1_CONTROLLED	HER2ST::D	reverse	uot	cost_features_500	multioutput_ridge	1.0	3	random_gate	0.8	0	5cecbb7ed1e4712d02d5ae16b8cfb46faca911f1b335cb65a7678e1998cd608b	160	128	44	0.6484375	0.0	0.0	0.0	0.005733915374017662	197.5	0.13636363636363635	0.8106965158748317
HER2ST_manual_controlled	HER2ST_D1_CONTROLLED__reverse	HER2ST_D1_CONTROLLED	HER2ST::D	reverse	uot	cost_features_500	multioutput_ridge	1.0	3	random_gate	0.8	1	5cecbb7ed1e4712d02d5ae16b8cfb46faca911f1b335cb65a7678e1998cd608b	160	128	44	0.6171875	0.0	0.0	0.0	0.005719213028235032	197.0	0.13636363636363635	0.8100488662807216
HER2ST_manual_controlled	HER2ST_D1_CONTROLLED__reverse	HER2ST_D1_CONTROLLED	HER2ST::D	reverse	uot	cost_features_500	multioutput_ridge	1.0	3	random_gate	0.8	2	5cecbb7ed1e4712d02d5ae16b8cfb46faca911f1b335cb65a7678e1998cd608b	160	128	44	0.6484375	0.0	0.0	0.0	0.005707649162266545	198.0	0.13636363636363635	0.809344499277847
HER2ST_manual_controlled	HER2ST_D1_CONTROLLED__reverse	HER2ST_D1_CONTROLLED	HER2ST::D	reverse	uot	cost_features_500	multioutput_ridge	1.0	3	random_gate	0.8	3	5cecbb7ed1e4712d02d5ae16b8cfb46faca911f1b335cb65a7678e1998cd608b	160	128	44	0.6328125	0.0	0.0	0.0	0.005715894313774489	197.5	0.13636363636363635	0.8100339202652035
HER2ST_manual_controlled	HER2ST_D1_CONTROLLED__reverse	HER2ST_D1_CONTROLLED	HER2ST::D	reverse	uot	cost_features_500	multioutput_ridge	1.0	3	random_gate	0.8	4	5cecbb7ed1e4712d02d5ae16b8cfb46faca911f1b335cb65a7678e1998cd608b	160	128	44	0.5859375	0.0	0.0	0.0	0.005692231644871673	198.5	0.13636363636363635	0.8089111819587976
HER2ST_manual_controlled	HER2ST_D1_CONTROLLED__reverse	HER2ST_D1_CONTROLLED	HER2ST::D	reverse	uot	cost_features_500	multioutput_ridge	1.0	4	identity_no_training	0.0	0	5cecbb7ed1e4712d02d5ae16b8cfb46faca911f1b335cb65a7678e1998cd608b	164	0	40		0.8	0.9	0.925	0.8526074735449736	1.0	0.925	0.401936053322906
HER2ST_manual_controlled	HER2ST_D1_CONTROLLED__reverse	HER2ST_D1_CONTROLLED	HER2ST::D	reverse	uot	cost_features_500	multioutput_ridge	1.0	4	all_top1	1.0	0	5cecbb7ed1e4712d02d5ae16b8cfb46faca911f1b335cb65a7678e1998cd608b	164	164	40	0.7621951219512195	0.0	0.075	0.125	0.04064175081986733	65.5	0.725	0.905035251226409
HER2ST_manual_controlled	HER2ST_D1_CONTROLLED__reverse	HER2ST_D1_CONTROLLED	HER2ST::D	reverse	uot	cost_features_500	multioutput_ridge	1.0	4	max_probability_gate	0.8	0	5cecbb7ed1e4712d02d5ae16b8cfb46faca911f1b335cb65a7678e1998cd608b	164	132	40	0.7272727272727273	0.0	0.05	0.1	0.039023862507916326	71.5	0.725	0.9042247546159355
HER2ST_manual_controlled	HER2ST_D1_CONTROLLED__reverse	HER2ST_D1_CONTROLLED	HER2ST::D	reverse	uot	cost_features_500	multioutput_ridge	1.0	4	top2_margin_gate	0.8	0	5cecbb7ed1e4712d02d5ae16b8cfb46faca911f1b335cb65a7678e1998cd608b	164	132	40	0.8863636363636364	0.0	0.075	0.125	0.0448464871347717	72.0	0.725	0.9001501064027962
HER2ST_manual_controlled	HER2ST_D1_CONTROLLED__reverse	HER2ST_D1_CONTROLLED	HER2ST::D	reverse	uot	cost_features_500	multioutput_ridge	1.0	4	oracle_truth	0.8	0	5cecbb7ed1e4712d02d5ae16b8cfb46faca911f1b335cb65a7678e1998cd608b	164	132	40	1.0	0.0	0.1	0.1	0.046867110691633705	68.5	0.725	0.9042062126750501
HER2ST_manual_controlled	HER2ST_D1_CONTROLLED__reverse	HER2ST_D1_CONTROLLED	HER2ST::D	reverse	uot	cost_features_500	multioutput_ridge	1.0	4	random_gate	0.8	0	5cecbb7ed1e4712d02d5ae16b8cfb46faca911f1b335cb65a7678e1998cd608b	164	132	40	0.7575757575757576	0.0	0.075	0.125	0.04069912931127949	67.5	0.725	0.905125629633206
HER2ST_manual_controlled	HER2ST_D1_CONTROLLED__reverse	HER2ST_D1_CONTROLLED	HER2ST::D	reverse	uot	cost_features_500	multioutput_ridge	1.0	4	random_gate	0.8	1	5cecbb7ed1e4712d02d5ae16b8cfb46faca911f1b335cb65a7678e1998cd608b	164	132	40	0.7651515151515151	0.0	0.05	0.125	0.0388242107303015	73.0	0.725	0.9050495116150788
HER2ST_manual_controlled	HER2ST_D1_CONTROLLED__reverse	HER2ST_D1_CONTROLLED	HER2ST::D	reverse	uot	cost_features_500	multioutput_ridge	1.0	4	random_gate	0.8	2	5cecbb7ed1e4712d02d5ae16b8cfb46faca911f1b335cb65a7678e1998cd608b	164	132	40	0.75	0.0	0.05	0.125	0.03985501309815155	69.5	0.725	0.9044348753441355
HER2ST_manual_controlled	HER2ST_D1_CONTROLLED__reverse	HER2ST_D1_CONTROLLED	HER2ST::D	reverse	uot	cost_features_500	multioutput_ridge	1.0	4	random_gate	0.8	3	5cecbb7ed1e4712d02d5ae16b8cfb46faca911f1b335cb65a7678e1998cd608b	164	132	40	0.75	0.0	0.075	0.1	0.04045410673126939	71.0	0.725	0.9040288827946117
HER2ST_manual_controlled	HER2ST_D1_CONTROLLED__reverse	HER2ST_D1_CONTROLLED	HER2ST::D	reverse	uot	cost_features_500	multioutput_ridge	1.0	4	random_gate	0.8	4	5cecbb7ed1e4712d02d5ae16b8cfb46faca911f1b335cb65a7678e1998cd608b	164	132	40	0.7878787878787878	0.0	0.075	0.1	0.04205139004850385	75.0	0.725	0.9039079939684254
HER2ST_manual_controlled	HER2ST_D1_CONTROLLED__reverse	HER2ST_D1_CONTROLLED	HER2ST::D	reverse	row_softmax	cost_features_500	multioutput_ridge	1.0	0	identity_no_training	0.0	0	5cecbb7ed1e4712d02d5ae16b8cfb46faca911f1b335cb65a7678e1998cd608b	167	0	37		0.972972972972973	1.0	1.0	0.9864864864864865	1.0	1.0	0.4157487943692592
HER2ST_manual_controlled	HER2ST_D1_CONTROLLED__reverse	HER2ST_D1_CONTROLLED	HER2ST::D	reverse	row_softmax	cost_features_500	multioutput_ridge	1.0	0	all_top1	1.0	0	5cecbb7ed1e4712d02d5ae16b8cfb46faca911f1b335cb65a7678e1998cd608b	167	167	37	0.9401197604790419	0.0	0.0	0.0	0.008532959872610067	138.0	0.10810810810810811	0.8353716469647509
HER2ST_manual_controlled	HER2ST_D1_CONTROLLED__reverse	HER2ST_D1_CONTROLLED	HER2ST::D	reverse	row_softmax	cost_features_500	multioutput_ridge	1.0	0	max_probability_gate	0.8	0	5cecbb7ed1e4712d02d5ae16b8cfb46faca911f1b335cb65a7678e1998cd608b	167	134	37	0.9402985074626866	0.0	0.0	0.0	0.008954928813215707	145.0	0.10810810810810811	0.834129828453496
HER2ST_manual_controlled	HER2ST_D1_CONTROLLED__reverse	HER2ST_D1_CONTROLLED	HER2ST::D	reverse	row_softmax	cost_features_500	multioutput_ridge	1.0	0	top2_margin_gate	0.8	0	5cecbb7ed1e4712d02d5ae16b8cfb46faca911f1b335cb65a7678e1998cd608b	167	134	37	0.9925373134328358	0.0	0.0	0.0	0.00889505422551304	146.0	0.10810810810810811	0.8348282256549555
HER2ST_manual_controlled	HER2ST_D1_CONTROLLED__reverse	HER2ST_D1_CONTROLLED	HER2ST::D	reverse	row_softmax	cost_features_500	multioutput_ridge	1.0	0	oracle_truth	0.8	0	5cecbb7ed1e4712d02d5ae16b8cfb46faca911f1b335cb65a7678e1998cd608b	167	134	37	1.0	0.0	0.0	0.0	0.008427902654117815	139.0	0.10810810810810811	0.8347847350646663
HER2ST_manual_controlled	HER2ST_D1_CONTROLLED__reverse	HER2ST_D1_CONTROLLED	HER2ST::D	reverse	row_softmax	cost_features_500	multioutput_ridge	1.0	0	random_gate	0.8	0	5cecbb7ed1e4712d02d5ae16b8cfb46faca911f1b335cb65a7678e1998cd608b	167	134	37	0.9477611940298507	0.0	0.0	0.0	0.008419846978472341	141.0	0.10810810810810811	0.8344182935700634
HER2ST_manual_controlled	HER2ST_D1_CONTROLLED__reverse	HER2ST_D1_CONTROLLED	HER2ST::D	reverse	row_softmax	cost_features_500	multioutput_ridge	1.0	0	random_gate	0.8	1	5cecbb7ed1e4712d02d5ae16b8cfb46faca911f1b335cb65a7678e1998cd608b	167	134	37	0.9626865671641791	0.0	0.0	0.0	0.008367069100148642	138.0	0.10810810810810811	0.8345279289052335
HER2ST_manual_controlled	HER2ST_D1_CONTROLLED__reverse	HER2ST_D1_CONTROLLED	HER2ST::D	reverse	row_softmax	cost_features_500	multioutput_ridge	1.0	0	random_gate	0.8	2	5cecbb7ed1e4712d02d5ae16b8cfb46faca911f1b335cb65a7678e1998cd608b	167	134	37	0.9253731343283582	0.0	0.0	0.0	0.008333084536087448	138.0	0.10810810810810811	0.8348239476708782
HER2ST_manual_controlled	HER2ST_D1_CONTROLLED__reverse	HER2ST_D1_CONTROLLED	HER2ST::D	reverse	row_softmax	cost_features_500	multioutput_ridge	1.0	0	random_gate	0.8	3	5cecbb7ed1e4712d02d5ae16b8cfb46faca911f1b335cb65a7678e1998cd608b	167	134	37	0.9552238805970149	0.0	0.0	0.0	0.00836587658782087	138.0	0.10810810810810811	0.8342932842456532
HER2ST_manual_controlled	HER2ST_D1_CONTROLLED__reverse	HER2ST_D1_CONTROLLED	HER2ST::D	reverse	row_softmax	cost_features_500	multioutput_ridge	1.0	0	random_gate	0.8	4	5cecbb7ed1e4712d02d5ae16b8cfb46faca911f1b335cb65a7678e1998cd608b	167	134	37	0.9402985074626866	0.0	0.0	0.0	0.008259366009287127	139.0	0.10810810810810811	0.8343271049643134
HER2ST_manual_controlled	HER2ST_D1_CONTROLLED__reverse	HER2ST_D1_CONTROLLED	HER2ST::D	reverse	row_softmax	cost_features_500	multioutput_ridge	1.0	1	identity_no_training	0.0	0	5cecbb7ed1e4712d02d5ae16b8cfb46faca911f1b335cb65a7678e1998cd608b	155	0	49		0.9387755102040817	0.9795918367346939	1.0	0.9564625850340136	1.0	1.0	0.4133598359373001
HER2ST_manual_controlled	HER2ST_D1_CONTROLLED__reverse	HER2ST_D1_CONTROLLED	HER2ST::D	reverse	row_softmax	cost_features_500	multioutput_ridge	1.0	1	all_top1	1.0	0	5cecbb7ed1e4712d02d5ae16b8cfb46faca911f1b335cb65a7678e1998cd608b	155	155	49	0.9548387096774194	0.0	0.0	0.02040816326530612	0.014431784152321216	143.0	0.9183673469387755	0.8648109798029768
HER2ST_manual_controlled	HER2ST_D1_CONTROLLED__reverse	HER2ST_D1_CONTROLLED	HER2ST::D	reverse	row_softmax	cost_features_500	multioutput_ridge	1.0	1	max_probability_gate	0.8	0	5cecbb7ed1e4712d02d5ae16b8cfb46faca911f1b335cb65a7678e1998cd608b	155	124	49	0.9596774193548387	0.0	0.0	0.02040816326530612	0.01730741610578764	142.0	0.9183673469387755	0.8630097332104028
HER2ST_manual_controlled	HER2ST_D1_CONTROLLED__reverse	HER2ST_D1_CONTROLLED	HER2ST::D	reverse	row_softmax	cost_features_500	multioutput_ridge	1.0	1	top2_margin_gate	0.8	0	5cecbb7ed1e4712d02d5ae16b8cfb46faca911f1b335cb65a7678e1998cd608b	155	124	49	1.0	0.0	0.0	0.02040816326530612	0.017764933828694793	140.0	0.9183673469387755	0.8628575720450136
HER2ST_manual_controlled	HER2ST_D1_CONTROLLED__reverse	HER2ST_D1_CONTROLLED	HER2ST::D	reverse	row_softmax	cost_features_500	multioutput_ridge	1.0	1	oracle_truth	0.8	0	5cecbb7ed1e4712d02d5ae16b8cfb46faca911f1b335cb65a7678e1998cd608b	155	124	49	1.0	0.0	0.0	0.0	0.013518483377483457	147.0	0.9183673469387755	0.8645594068306697
HER2ST_manual_controlled	HER2ST_D1_CONTROLLED__reverse	HER2ST_D1_CONTROLLED	HER2ST::D	reverse	row_softmax	cost_features_500	multioutput_ridge	1.0	1	random_gate	0.8	0	5cecbb7ed1e4712d02d5ae16b8cfb46faca911f1b335cb65a7678e1998cd608b	155	124	49	0.967741935483871	0.0	0.0	0.02040816326530612	0.01438925074437724	146.0	0.9183673469387755	0.8643144613900902
HER2ST_manual_controlled	HER2ST_D1_CONTROLLED__reverse	HER2ST_D1_CONTROLLED	HER2ST::D	reverse	row_softmax	cost_features_500	multioutput_ridge	1.0	1	random_gate	0.8	1	5cecbb7ed1e4712d02d5ae16b8cfb46faca911f1b335cb65a7678e1998cd608b	155	124	49	0.9516129032258065	0.0	0.0	0.02040816326530612	0.015604621106477362	146.0	0.9183673469387755	0.8650546136967469
HER2ST_manual_controlled	HER2ST_D1_CONTROLLED__reverse	HER2ST_D1_CONTROLLED	HER2ST::D	reverse	row_softmax	cost_features_500	multioutput_ridge	1.0	1	random_gate	0.8	2	5cecbb7ed1e4712d02d5ae16b8cfb46faca911f1b335cb65a7678e1998cd608b	155	124	49	0.9596774193548387	0.0	0.0	0.02040816326530612	0.015851604949981002	146.0	0.9183673469387755	0.8634202636541413
HER2ST_manual_controlled	HER2ST_D1_CONTROLLED__reverse	HER2ST_D1_CONTROLLED	HER2ST::D	reverse	row_softmax	cost_features_500	multioutput_ridge	1.0	1	random_gate	0.8	3	5cecbb7ed1e4712d02d5ae16b8cfb46faca911f1b335cb65a7678e1998cd608b	155	124	49	0.967741935483871	0.0	0.0	0.0	0.013521497457635569	146.0	0.9183673469387755	0.8641274019307857
HER2ST_manual_controlled	HER2ST_D1_CONTROLLED__reverse	HER2ST_D1_CONTROLLED	HER2ST::D	reverse	row_softmax	cost_features_500	multioutput_ridge	1.0	1	random_gate	0.8	4	5cecbb7ed1e4712d02d5ae16b8cfb46faca911f1b335cb65a7678e1998cd608b	155	124	49	0.9596774193548387	0.0	0.0	0.0	0.014016716106432835	145.0	0.9183673469387755	0.8639692728132403
HER2ST_manual_controlled	HER2ST_D1_CONTROLLED__reverse	HER2ST_D1_CONTROLLED	HER2ST::D	reverse	row_softmax	cost_features_500	multioutput_ridge	1.0	2	identity_no_training	0.0	0	5cecbb7ed1e4712d02d5ae16b8cfb46faca911f1b335cb65a7678e1998cd608b	170	0	34		0.8529411764705882	1.0	1.0	0.8970588235294118	1.0	0.9705882352941176	0.4106580141628499
HER2ST_manual_controlled	HER2ST_D1_CONTROLLED__reverse	HER2ST_D1_CONTROLLED	HER2ST::D	reverse	row_softmax	cost_features_500	multioutput_ridge	1.0	2	all_top1	1.0	0	5cecbb7ed1e4712d02d5ae16b8cfb46faca911f1b335cb65a7678e1998cd608b	170	170	34	0.9411764705882353	0.0	0.029411764705882353	0.029411764705882353	0.021434250697985834	130.0	0.4117647058823529	0.8742612931756035
HER2ST_manual_controlled	HER2ST_D1_CONTROLLED__reverse	HER2ST_D1_CONTROLLED	HER2ST::D	reverse	row_softmax	cost_features_500	multioutput_ridge	1.0	2	max_probability_gate	0.8	0	5cecbb7ed1e4712d02d5ae16b8cfb46faca911f1b335cb65a7678e1998cd608b	170	136	34	0.9338235294117647	0.0	0.029411764705882353	0.029411764705882353	0.020824236320179188	123.5	0.4117647058823529	0.8717272142081601
HER2ST_manual_controlled	HER2ST_D1_CONTROLLED__reverse	HER2ST_D1_CONTROLLED	HER2ST::D	reverse	row_softmax	cost_features_500	multioutput_ridge	1.0	2	top2_margin_gate	0.8	0	5cecbb7ed1e4712d02d5ae16b8cfb46faca911f1b335cb65a7678e1998cd608b	170	136	34	0.9926470588235294	0.0	0.029411764705882353	0.029411764705882353	0.02078040115586758	126.0	0.4117647058823529	0.872557119799079
HER2ST_manual_controlled	HER2ST_D1_CONTROLLED__reverse	HER2ST_D1_CONTROLLED	HER2ST::D	reverse	row_softmax	cost_features_500	multioutput_ridge	1.0	2	oracle_truth	0.8	0	5cecbb7ed1e4712d02d5ae16b8cfb46faca911f1b335cb65a7678e1998cd608b	170	136	34	1.0	0.0	0.029411764705882353	0.029411764705882353	0.019694061894958873	135.5	0.4117647058823529	0.8737185090554279
HER2ST_manual_controlled	HER2ST_D1_CONTROLLED__reverse	HER2ST_D1_CONTROLLED	HER2ST::D	reverse	row_softmax	cost_features_500	multioutput_ridge	1.0	2	random_gate	0.8	0	5cecbb7ed1e4712d02d5ae16b8cfb46faca911f1b335cb65a7678e1998cd608b	170	136	34	0.9411764705882353	0.0	0.029411764705882353	0.029411764705882353	0.019739585542615085	132.0	0.4117647058823529	0.8732915948616131
HER2ST_manual_controlled	HER2ST_D1_CONTROLLED__reverse	HER2ST_D1_CONTROLLED	HER2ST::D	reverse	row_softmax	cost_features_500	multioutput_ridge	1.0	2	random_gate	0.8	1	5cecbb7ed1e4712d02d5ae16b8cfb46faca911f1b335cb65a7678e1998cd608b	170	136	34	0.9411764705882353	0.0	0.029411764705882353	0.029411764705882353	0.020859450183189028	132.5	0.4117647058823529	0.8730250724648294
HER2ST_manual_controlled	HER2ST_D1_CONTROLLED__reverse	HER2ST_D1_CONTROLLED	HER2ST::D	reverse	row_softmax	cost_features_500	multioutput_ridge	1.0	2	random_gate	0.8	2	5cecbb7ed1e4712d02d5ae16b8cfb46faca911f1b335cb65a7678e1998cd608b	170	136	34	0.9485294117647058	0.0	0.029411764705882353	0.029411764705882353	0.021232941503065837	134.0	0.4117647058823529	0.8735826183748407
HER2ST_manual_controlled	HER2ST_D1_CONTROLLED__reverse	HER2ST_D1_CONTROLLED	HER2ST::D	reverse	row_softmax	cost_features_500	multioutput_ridge	1.0	2	random_gate	0.8	3	5cecbb7ed1e4712d02d5ae16b8cfb46faca911f1b335cb65a7678e1998cd608b	170	136	34	0.9338235294117647	0.0	0.029411764705882353	0.029411764705882353	0.02056749048597198	130.5	0.4117647058823529	0.8734271438849818
HER2ST_manual_controlled	HER2ST_D1_CONTROLLED__reverse	HER2ST_D1_CONTROLLED	HER2ST::D	reverse	row_softmax	cost_features_500	multioutput_ridge	1.0	2	random_gate	0.8	4	5cecbb7ed1e4712d02d5ae16b8cfb46faca911f1b335cb65a7678e1998cd608b	170	136	34	0.9485294117647058	0.0	0.029411764705882353	0.029411764705882353	0.020855343632968946	135.5	0.4117647058823529	0.8732190061610162
HER2ST_manual_controlled	HER2ST_D1_CONTROLLED__reverse	HER2ST_D1_CONTROLLED	HER2ST::D	reverse	row_softmax	cost_features_500	multioutput_ridge	1.0	3	identity_no_training	0.0	0	5cecbb7ed1e4712d02d5ae16b8cfb46faca911f1b335cb65a7678e1998cd608b	160	0	44		1.0	1.0	1.0	1.0	1.0	1.0	0.41154129785117116
HER2ST_manual_controlled	HER2ST_D1_CONTROLLED__reverse	HER2ST_D1_CONTROLLED	HER2ST::D	reverse	row_softmax	cost_features_500	multioutput_ridge	1.0	3	all_top1	1.0	0	5cecbb7ed1e4712d02d5ae16b8cfb46faca911f1b335cb65a7678e1998cd608b	160	160	44	0.91875	0.0	0.0	0.0	0.005862548739898976	193.5	0.13636363636363635	0.8135972404220996
HER2ST_manual_controlled	HER2ST_D1_CONTROLLED__reverse	HER2ST_D1_CONTROLLED	HER2ST::D	reverse	row_softmax	cost_features_500	multioutput_ridge	1.0	3	max_probability_gate	0.8	0	5cecbb7ed1e4712d02d5ae16b8cfb46faca911f1b335cb65a7678e1998cd608b	160	128	44	0.9140625	0.0	0.0	0.0	0.005919444557864282	193.0	0.13636363636363635	0.8143002242305787
HER2ST_manual_controlled	HER2ST_D1_CONTROLLED__reverse	HER2ST_D1_CONTROLLED	HER2ST::D	reverse	row_softmax	cost_features_500	multioutput_ridge	1.0	3	top2_margin_gate	0.8	0	5cecbb7ed1e4712d02d5ae16b8cfb46faca911f1b335cb65a7678e1998cd608b	160	128	44	0.9921875	0.0	0.0	0.0	0.005826545648681686	193.5	0.13636363636363635	0.8138994464243126
HER2ST_manual_controlled	HER2ST_D1_CONTROLLED__reverse	HER2ST_D1_CONTROLLED	HER2ST::D	reverse	row_softmax	cost_features_500	multioutput_ridge	1.0	3	oracle_truth	0.8	0	5cecbb7ed1e4712d02d5ae16b8cfb46faca911f1b335cb65a7678e1998cd608b	160	128	44	1.0	0.0	0.0	0.0	0.005860872689940283	195.5	0.13636363636363635	0.8122277482533995
HER2ST_manual_controlled	HER2ST_D1_CONTROLLED__reverse	HER2ST_D1_CONTROLLED	HER2ST::D	reverse	row_softmax	cost_features_500	multioutput_ridge	1.0	3	random_gate	0.8	0	5cecbb7ed1e4712d02d5ae16b8cfb46faca911f1b335cb65a7678e1998cd608b	160	128	44	0.8984375	0.0	0.0	0.0	0.005795640452546596	194.5	0.13636363636363635	0.8113408576617401
HER2ST_manual_controlled	HER2ST_D1_CONTROLLED__reverse	HER2ST_D1_CONTROLLED	HER2ST::D	reverse	row_softmax	cost_features_500	multioutput_ridge	1.0	3	random_gate	0.8	1	5cecbb7ed1e4712d02d5ae16b8cfb46faca911f1b335cb65a7678e1998cd608b	160	128	44	0.9140625	0.0	0.0	0.0	0.005782213960757287	194.0	0.13636363636363635	0.8114311605958981
HER2ST_manual_controlled	HER2ST_D1_CONTROLLED__reverse	HER2ST_D1_CONTROLLED	HER2ST::D	reverse	row_softmax	cost_features_500	multioutput_ridge	1.0	3	random_gate	0.8	2	5cecbb7ed1e4712d02d5ae16b8cfb46faca911f1b335cb65a7678e1998cd608b	160	128	44	0.9296875	0.0	0.0	0.0	0.005768144817243528	194.0	0.13636363636363635	0.8118360841831642
HER2ST_manual_controlled	HER2ST_D1_CONTROLLED__reverse	HER2ST_D1_CONTROLLED	HER2ST::D	reverse	row_softmax	cost_features_500	multioutput_ridge	1.0	3	random_gate	0.8	3	5cecbb7ed1e4712d02d5ae16b8cfb46faca911f1b335cb65a7678e1998cd608b	160	128	44	0.9140625	0.0	0.0	0.0	0.005779146765242874	194.5	0.13636363636363635	0.8114586941323961
HER2ST_manual_controlled	HER2ST_D1_CONTROLLED__reverse	HER2ST_D1_CONTROLLED	HER2ST::D	reverse	row_softmax	cost_features_500	multioutput_ridge	1.0	3	random_gate	0.8	4	5cecbb7ed1e4712d02d5ae16b8cfb46faca911f1b335cb65a7678e1998cd608b	160	128	44	0.9140625	0.0	0.0	0.0	0.005836825197861334	193.0	0.13636363636363635	0.8127866697021393
HER2ST_manual_controlled	HER2ST_D1_CONTROLLED__reverse	HER2ST_D1_CONTROLLED	HER2ST::D	reverse	row_softmax	cost_features_500	multioutput_ridge	1.0	4	identity_no_training	0.0	0	5cecbb7ed1e4712d02d5ae16b8cfb46faca911f1b335cb65a7678e1998cd608b	164	0	40		0.8	0.9	0.925	0.8526074735449736	1.0	0.925	0.401936053322906
HER2ST_manual_controlled	HER2ST_D1_CONTROLLED__reverse	HER2ST_D1_CONTROLLED	HER2ST::D	reverse	row_softmax	cost_features_500	multioutput_ridge	1.0	4	all_top1	1.0	0	5cecbb7ed1e4712d02d5ae16b8cfb46faca911f1b335cb65a7678e1998cd608b	164	164	40	0.926829268292683	0.0	0.1	0.125	0.04164737346156661	69.5	0.725	0.9042096797153804
HER2ST_manual_controlled	HER2ST_D1_CONTROLLED__reverse	HER2ST_D1_CONTROLLED	HER2ST::D	reverse	row_softmax	cost_features_500	multioutput_ridge	1.0	4	max_probability_gate	0.8	0	5cecbb7ed1e4712d02d5ae16b8cfb46faca911f1b335cb65a7678e1998cd608b	164	132	40	0.9242424242424242	0.0	0.075	0.1	0.039613492649194636	69.5	0.725	0.9013247190284016
HER2ST_manual_controlled	HER2ST_D1_CONTROLLED__reverse	HER2ST_D1_CONTROLLED	HER2ST::D	reverse	row_softmax	cost_features_500	multioutput_ridge	1.0	4	top2_margin_gate	0.8	0	5cecbb7ed1e4712d02d5ae16b8cfb46faca911f1b335cb65a7678e1998cd608b	164	132	40	1.0	0.0	0.1	0.125	0.04606318956256632	70.0	0.725	0.9005112972917318
HER2ST_manual_controlled	HER2ST_D1_CONTROLLED__reverse	HER2ST_D1_CONTROLLED	HER2ST::D	reverse	row_softmax	cost_features_500	multioutput_ridge	1.0	4	oracle_truth	0.8	0	5cecbb7ed1e4712d02d5ae16b8cfb46faca911f1b335cb65a7678e1998cd608b	164	132	40	1.0	0.0	0.05	0.1	0.038572507833038464	69.0	0.725	0.9047748756764207
HER2ST_manual_controlled	HER2ST_D1_CONTROLLED__reverse	HER2ST_D1_CONTROLLED	HER2ST::D	reverse	row_softmax	cost_features_500	multioutput_ridge	1.0	4	random_gate	0.8	0	5cecbb7ed1e4712d02d5ae16b8cfb46faca911f1b335cb65a7678e1998cd608b	164	132	40	0.9166666666666666	0.0	0.075	0.1	0.04083407324646891	69.5	0.725	0.9034655383029577
HER2ST_manual_controlled	HER2ST_D1_CONTROLLED__reverse	HER2ST_D1_CONTROLLED	HER2ST::D	reverse	row_softmax	cost_features_500	multioutput_ridge	1.0	4	random_gate	0.8	1	5cecbb7ed1e4712d02d5ae16b8cfb46faca911f1b335cb65a7678e1998cd608b	164	132	40	0.9242424242424242	0.0	0.075	0.1	0.04350209094873499	70.0	0.725	0.9042549594211424
HER2ST_manual_controlled	HER2ST_D1_CONTROLLED__reverse	HER2ST_D1_CONTROLLED	HER2ST::D	reverse	row_softmax	cost_features_500	multioutput_ridge	1.0	4	random_gate	0.8	2	5cecbb7ed1e4712d02d5ae16b8cfb46faca911f1b335cb65a7678e1998cd608b	164	132	40	0.9242424242424242	0.0	0.075	0.1	0.045798402248632145	67.0	0.725	0.9034954243728786
HER2ST_manual_controlled	HER2ST_D1_CONTROLLED__reverse	HER2ST_D1_CONTROLLED	HER2ST::D	reverse	row_softmax	cost_features_500	multioutput_ridge	1.0	4	random_gate	0.8	3	5cecbb7ed1e4712d02d5ae16b8cfb46faca911f1b335cb65a7678e1998cd608b	164	132	40	0.9090909090909091	0.0	0.05	0.1	0.03897700275772007	68.5	0.725	0.9036892280176172
HER2ST_manual_controlled	HER2ST_D1_CONTROLLED__reverse	HER2ST_D1_CONTROLLED	HER2ST::D	reverse	row_softmax	cost_features_500	multioutput_ridge	1.0	4	random_gate	0.8	4	5cecbb7ed1e4712d02d5ae16b8cfb46faca911f1b335cb65a7678e1998cd608b	164	132	40	0.9318181818181818	0.0	0.075	0.1	0.04063630450770578	70.5	0.725	0.9038063560061221
HER2ST_manual_controlled	HER2ST_E1_CONTROLLED	HER2ST_E1_CONTROLLED	HER2ST::E	forward	balanced_ot	cost_features_500	multioutput_ridge	1.0	0	identity_no_training	0.0	0	3f7d38c76de40bf0bd570c754bf4b4f0dbd5d4398d20c355d919d1cc8de634b6	339	0	88		0.9886363636363636	1.0	1.0	0.9924242424242425	1.0	1.0	0.39347124052536714
HER2ST_manual_controlled	HER2ST_E1_CONTROLLED	HER2ST_E1_CONTROLLED	HER2ST::E	forward	balanced_ot	cost_features_500	multioutput_ridge	1.0	0	all_top1	1.0	0	3f7d38c76de40bf0bd570c754bf4b4f0dbd5d4398d20c355d919d1cc8de634b6	339	339	88	0.8141592920353983	0.011363636363636364	0.045454545454545456	0.07954545454545454	0.0384889405970232	118.5	0.9886363636363636	0.7916675635551953
HER2ST_manual_controlled	HER2ST_E1_CONTROLLED	HER2ST_E1_CONTROLLED	HER2ST::E	forward	balanced_ot	cost_features_500	multioutput_ridge	1.0	0	max_probability_gate	0.8	0	3f7d38c76de40bf0bd570c754bf4b4f0dbd5d4398d20c355d919d1cc8de634b6	339	272	88	0.8492647058823529	0.011363636363636364	0.03409090909090909	0.06818181818181818	0.033976242352725984	140.5	0.9886363636363636	0.7907611283257174
HER2ST_manual_controlled	HER2ST_E1_CONTROLLED	HER2ST_E1_CONTROLLED	HER2ST::E	forward	balanced_ot	cost_features_500	multioutput_ridge	1.0	0	top2_margin_gate	0.8	0	3f7d38c76de40bf0bd570c754bf4b4f0dbd5d4398d20c355d919d1cc8de634b6	339	272	88	0.9705882352941176	0.0	0.022727272727272728	0.03409090909090909	0.022088772677506245	133.0	0.9886363636363636	0.7923399316310988
HER2ST_manual_controlled	HER2ST_E1_CONTROLLED	HER2ST_E1_CONTROLLED	HER2ST::E	forward	balanced_ot	cost_features_500	multioutput_ridge	1.0	0	oracle_truth	0.8	0	3f7d38c76de40bf0bd570c754bf4b4f0dbd5d4398d20c355d919d1cc8de634b6	339	272	88	1.0	0.0	0.022727272727272728	0.03409090909090909	0.021682724383865773	136.0	1.0	0.7925708037475006
HER2ST_manual_controlled	HER2ST_E1_CONTROLLED	HER2ST_E1_CONTROLLED	HER2ST::E	forward	balanced_ot	cost_features_500	multioutput_ridge	1.0	0	random_gate	0.8	0	3f7d38c76de40bf0bd570c754bf4b4f0dbd5d4398d20c355d919d1cc8de634b6	339	272	88	0.8272058823529411	0.011363636363636364	0.03409090909090909	0.045454545454545456	0.02890524692277037	131.0	1.0	0.7909819995609417
HER2ST_manual_controlled	HER2ST_E1_CONTROLLED	HER2ST_E1_CONTROLLED	HER2ST::E	forward	balanced_ot	cost_features_500	multioutput_ridge	1.0	0	random_gate	0.8	1	3f7d38c76de40bf0bd570c754bf4b4f0dbd5d4398d20c355d919d1cc8de634b6	339	272	88	0.8014705882352942	0.011363636363636364	0.03409090909090909	0.056818181818181816	0.032651013010280505	134.0	0.9886363636363636	0.791399288370848
HER2ST_manual_controlled	HER2ST_E1_CONTROLLED	HER2ST_E1_CONTROLLED	HER2ST::E	forward	balanced_ot	cost_features_500	multioutput_ridge	1.0	0	random_gate	0.8	2	3f7d38c76de40bf0bd570c754bf4b4f0dbd5d4398d20c355d919d1cc8de634b6	339	272	88	0.8161764705882353	0.011363636363636364	0.022727272727272728	0.03409090909090909	0.029935122268727802	130.0	0.9886363636363636	0.7909928651332354
HER2ST_manual_controlled	HER2ST_E1_CONTROLLED	HER2ST_E1_CONTROLLED	HER2ST::E	forward	balanced_ot	cost_features_500	multioutput_ridge	1.0	0	random_gate	0.8	3	3f7d38c76de40bf0bd570c754bf4b4f0dbd5d4398d20c355d919d1cc8de634b6	339	272	88	0.8088235294117647	0.011363636363636364	0.03409090909090909	0.03409090909090909	0.03346594412259088	134.5	1.0	0.7903723434052288
HER2ST_manual_controlled	HER2ST_E1_CONTROLLED	HER2ST_E1_CONTROLLED	HER2ST::E	forward	balanced_ot	cost_features_500	multioutput_ridge	1.0	0	random_gate	0.8	4	3f7d38c76de40bf0bd570c754bf4b4f0dbd5d4398d20c355d919d1cc8de634b6	339	272	88	0.8125	0.011363636363636364	0.045454545454545456	0.045454545454545456	0.031067091084623997	130.0	1.0	0.7909633411062565
HER2ST_manual_controlled	HER2ST_E1_CONTROLLED	HER2ST_E1_CONTROLLED	HER2ST::E	forward	balanced_ot	cost_features_500	multioutput_ridge	1.0	1	identity_no_training	0.0	0	3f7d38c76de40bf0bd570c754bf4b4f0dbd5d4398d20c355d919d1cc8de634b6	342	0	85		0.9176470588235294	1.0	1.0	0.9539215686274509	1.0	0.9764705882352941	0.3882507577231325
HER2ST_manual_controlled	HER2ST_E1_CONTROLLED	HER2ST_E1_CONTROLLED	HER2ST::E	forward	balanced_ot	cost_features_500	multioutput_ridge	1.0	1	all_top1	1.0	0	3f7d38c76de40bf0bd570c754bf4b4f0dbd5d4398d20c355d919d1cc8de634b6	342	342	85	0.7660818713450293	0.011764705882352941	0.03529411764705882	0.08235294117647059	0.042358588575073845	86.0	0.4588235294117647	0.7985185338907665
HER2ST_manual_controlled	HER2ST_E1_CONTROLLED	HER2ST_E1_CONTROLLED	HER2ST::E	forward	balanced_ot	cost_features_500	multioutput_ridge	1.0	1	max_probability_gate	0.8	0	3f7d38c76de40bf0bd570c754bf4b4f0dbd5d4398d20c355d919d1cc8de634b6	342	274	85	0.7846715328467153	0.011764705882352941	0.03529411764705882	0.058823529411764705	0.04100697381908575	89.0	0.4588235294117647	0.7985534488328625
HER2ST_manual_controlled	HER2ST_E1_CONTROLLED	HER2ST_E1_CONTROLLED	HER2ST::E	forward	balanced_ot	cost_features_500	multioutput_ridge	1.0	1	top2_margin_gate	0.8	0	3f7d38c76de40bf0bd570c754bf4b4f0dbd5d4398d20c355d919d1cc8de634b6	342	274	85	0.9087591240875912	0.011764705882352941	0.047058823529411764	0.09411764705882353	0.05110390205357671	83.0	0.4235294117647059	0.8002000206318421
HER2ST_manual_controlled	HER2ST_E1_CONTROLLED	HER2ST_E1_CONTROLLED	HER2ST::E	forward	balanced_ot	cost_features_500	multioutput_ridge	1.0	1	oracle_truth	0.8	0	3f7d38c76de40bf0bd570c754bf4b4f0dbd5d4398d20c355d919d1cc8de634b6	342	274	85	1.0	0.023529411764705882	0.047058823529411764	0.08235294117647059	0.052452694866975035	77.0	0.5058823529411764	0.8008143639240733
HER2ST_manual_controlled	HER2ST_E1_CONTROLLED	HER2ST_E1_CONTROLLED	HER2ST::E	forward	balanced_ot	cost_features_500	multioutput_ridge	1.0	1	random_gate	0.8	0	3f7d38c76de40bf0bd570c754bf4b4f0dbd5d4398d20c355d919d1cc8de634b6	342	274	85	0.7627737226277372	0.011764705882352941	0.047058823529411764	0.058823529411764705	0.03931211073580803	100.0	0.4235294117647059	0.7976285263476847
HER2ST_manual_controlled	HER2ST_E1_CONTROLLED	HER2ST_E1_CONTROLLED	HER2ST::E	forward	balanced_ot	cost_features_500	multioutput_ridge	1.0	1	random_gate	0.8	1	3f7d38c76de40bf0bd570c754bf4b4f0dbd5d4398d20c355d919d1cc8de634b6	342	274	85	0.7700729927007299	0.011764705882352941	0.047058823529411764	0.07058823529411765	0.04110999577286497	95.0	0.4470588235294118	0.7981899579125447
HER2ST_manual_controlled	HER2ST_E1_CONTROLLED	HER2ST_E1_CONTROLLED	HER2ST::E	forward	balanced_ot	cost_features_500	multioutput_ridge	1.0	1	random_gate	0.8	2	3f7d38c76de40bf0bd570c754bf4b4f0dbd5d4398d20c355d919d1cc8de634b6	342	274	85	0.7627737226277372	0.011764705882352941	0.03529411764705882	0.07058823529411765	0.03872674973868725	94.0	0.47058823529411764	0.7976532997230924
HER2ST_manual_controlled	HER2ST_E1_CONTROLLED	HER2ST_E1_CONTROLLED	HER2ST::E	forward	balanced_ot	cost_features_500	multioutput_ridge	1.0	1	random_gate	0.8	3	3f7d38c76de40bf0bd570c754bf4b4f0dbd5d4398d20c355d919d1cc8de634b6	342	274	85	0.7627737226277372	0.011764705882352941	0.047058823529411764	0.058823529411764705	0.03780300602777782	96.0	0.49411764705882355	0.7978135696129277
HER2ST_manual_controlled	HER2ST_E1_CONTROLLED	HER2ST_E1_CONTROLLED	HER2ST::E	forward	balanced_ot	cost_features_500	multioutput_ridge	1.0	1	random_gate	0.8	4	3f7d38c76de40bf0bd570c754bf4b4f0dbd5d4398d20c355d919d1cc8de634b6	342	274	85	0.7700729927007299	0.011764705882352941	0.047058823529411764	0.058823529411764705	0.03864871615492347	92.0	0.4470588235294118	0.7976427647793413
HER2ST_manual_controlled	HER2ST_E1_CONTROLLED	HER2ST_E1_CONTROLLED	HER2ST::E	forward	balanced_ot	cost_features_500	multioutput_ridge	1.0	2	identity_no_training	0.0	0	3f7d38c76de40bf0bd570c754bf4b4f0dbd5d4398d20c355d919d1cc8de634b6	346	0	81		0.9382716049382716	1.0	1.0	0.9691358024691358	1.0	0.9506172839506173	0.38936874015421
HER2ST_manual_controlled	HER2ST_E1_CONTROLLED	HER2ST_E1_CONTROLLED	HER2ST::E	forward	balanced_ot	cost_features_500	multioutput_ridge	1.0	2	all_top1	1.0	0	3f7d38c76de40bf0bd570c754bf4b4f0dbd5d4398d20c355d919d1cc8de634b6	346	346	81	0.7601156069364162	0.0	0.024691358024691357	0.037037037037037035	0.02534848194738798	109.0	0.20987654320987653	0.7924858645726227
HER2ST_manual_controlled	HER2ST_E1_CONTROLLED	HER2ST_E1_CONTROLLED	HER2ST::E	forward	balanced_ot	cost_features_500	multioutput_ridge	1.0	2	max_probability_gate	0.8	0	3f7d38c76de40bf0bd570c754bf4b4f0dbd5d4398d20c355d919d1cc8de634b6	346	277	81	0.779783393501805	0.0	0.0	0.037037037037037035	0.019868973371419917	131.0	0.1728395061728395	0.7918180006337696
HER2ST_manual_controlled	HER2ST_E1_CONTROLLED	HER2ST_E1_CONTROLLED	HER2ST::E	forward	balanced_ot	cost_features_500	multioutput_ridge	1.0	2	top2_margin_gate	0.8	0	3f7d38c76de40bf0bd570c754bf4b4f0dbd5d4398d20c355d919d1cc8de634b6	346	277	81	0.9025270758122743	0.0	0.012345679012345678	0.04938271604938271	0.023495938703709616	114.0	0.16049382716049382	0.7939522517040492
HER2ST_manual_controlled	HER2ST_E1_CONTROLLED	HER2ST_E1_CONTROLLED	HER2ST::E	forward	balanced_ot	cost_features_500	multioutput_ridge	1.0	2	oracle_truth	0.8	0	3f7d38c76de40bf0bd570c754bf4b4f0dbd5d4398d20c355d919d1cc8de634b6	346	277	81	1.0	0.0	0.012345679012345678	0.024691358024691357	0.025810908703755846	103.0	0.16049382716049382	0.7953553463381804
HER2ST_manual_controlled	HER2ST_E1_CONTROLLED	HER2ST_E1_CONTROLLED	HER2ST::E	forward	balanced_ot	cost_features_500	multioutput_ridge	1.0	2	random_gate	0.8	0	3f7d38c76de40bf0bd570c754bf4b4f0dbd5d4398d20c355d919d1cc8de634b6	346	277	81	0.7509025270758123	0.0	0.012345679012345678	0.037037037037037035	0.019918236752730235	125.0	0.18518518518518517	0.7916994868272432
HER2ST_manual_controlled	HER2ST_E1_CONTROLLED	HER2ST_E1_CONTROLLED	HER2ST::E	forward	balanced_ot	cost_features_500	multioutput_ridge	1.0	2	random_gate	0.8	1	3f7d38c76de40bf0bd570c754bf4b4f0dbd5d4398d20c355d919d1cc8de634b6	346	277	81	0.7617328519855595	0.0	0.012345679012345678	0.024691358024691357	0.019629475713320802	127.0	0.18518518518518517	0.7916959543347689
HER2ST_manual_controlled	HER2ST_E1_CONTROLLED	HER2ST_E1_CONTROLLED	HER2ST::E	forward	balanced_ot	cost_features_500	multioutput_ridge	1.0	2	random_gate	0.8	2	3f7d38c76de40bf0bd570c754bf4b4f0dbd5d4398d20c355d919d1cc8de634b6	346	277	81	0.7436823104693141	0.0	0.0	0.024691358024691357	0.01759179651095475	125.0	0.18518518518518517	0.7911754454515096
HER2ST_manual_controlled	HER2ST_E1_CONTROLLED	HER2ST_E1_CONTROLLED	HER2ST::E	forward	balanced_ot	cost_features_500	multioutput_ridge	1.0	2	random_gate	0.8	3	3f7d38c76de40bf0bd570c754bf4b4f0dbd5d4398d20c355d919d1cc8de634b6	346	277	81	0.7689530685920578	0.0	0.012345679012345678	0.037037037037037035	0.019056680268096777	119.0	0.18518518518518517	0.7920105381663334
HER2ST_manual_controlled	HER2ST_E1_CONTROLLED	HER2ST_E1_CONTROLLED	HER2ST::E	forward	balanced_ot	cost_features_500	multioutput_ridge	1.0	2	random_gate	0.8	4	3f7d38c76de40bf0bd570c754bf4b4f0dbd5d4398d20c355d919d1cc8de634b6	346	277	81	0.7472924187725631	0.0	0.024691358024691357	0.04938271604938271	0.02306644723162015	134.0	0.18518518518518517	0.7916502358129306
HER2ST_manual_controlled	HER2ST_E1_CONTROLLED	HER2ST_E1_CONTROLLED	HER2ST::E	forward	balanced_ot	cost_features_500	multioutput_ridge	1.0	3	identity_no_training	0.0	0	3f7d38c76de40bf0bd570c754bf4b4f0dbd5d4398d20c355d919d1cc8de634b6	332	0	95		1.0	1.0	1.0	1.0	1.0	1.0	0.38540772514052546
HER2ST_manual_controlled	HER2ST_E1_CONTROLLED	HER2ST_E1_CONTROLLED	HER2ST::E	forward	balanced_ot	cost_features_500	multioutput_ridge	1.0	3	all_top1	1.0	0	3f7d38c76de40bf0bd570c754bf4b4f0dbd5d4398d20c355d919d1cc8de634b6	332	332	95	0.9186746987951807	0.0	0.010526315789473684	0.021052631578947368	0.01670911292034681	154.0	0.7263157894736842	0.7844595363032789
HER2ST_manual_controlled	HER2ST_E1_CONTROLLED	HER2ST_E1_CONTROLLED	HER2ST::E	forward	balanced_ot	cost_features_500	multioutput_ridge	1.0	3	max_probability_gate	0.8	0	3f7d38c76de40bf0bd570c754bf4b4f0dbd5d4398d20c355d919d1cc8de634b6	332	266	95	0.9022556390977443	0.0	0.010526315789473684	0.021052631578947368	0.012302783156524218	180.0	0.7157894736842105	0.7829816994133189
HER2ST_manual_controlled	HER2ST_E1_CONTROLLED	HER2ST_E1_CONTROLLED	HER2ST::E	forward	balanced_ot	cost_features_500	multioutput_ridge	1.0	3	top2_margin_gate	0.8	0	3f7d38c76de40bf0bd570c754bf4b4f0dbd5d4398d20c355d919d1cc8de634b6	332	266	95	0.9924812030075187	0.0	0.010526315789473684	0.031578947368421054	0.01706686008097893	162.0	0.7684210526315789	0.7845905949884757
HER2ST_manual_controlled	HER2ST_E1_CONTROLLED	HER2ST_E1_CONTROLLED	HER2ST::E	forward	balanced_ot	cost_features_500	multioutput_ridge	1.0	3	oracle_truth	0.8	0	3f7d38c76de40bf0bd570c754bf4b4f0dbd5d4398d20c355d919d1cc8de634b6	332	266	95	1.0	0.0	0.0	0.010526315789473684	0.011915266711448347	154.0	0.7578947368421053	0.7847739041629761
HER2ST_manual_controlled	HER2ST_E1_CONTROLLED	HER2ST_E1_CONTROLLED	HER2ST::E	forward	balanced_ot	cost_features_500	multioutput_ridge	1.0	3	random_gate	0.8	0	3f7d38c76de40bf0bd570c754bf4b4f0dbd5d4398d20c355d919d1cc8de634b6	332	266	95	0.9172932330827067	0.0	0.010526315789473684	0.031578947368421054	0.014232881796336671	162.0	0.7684210526315789	0.7838766189693773
HER2ST_manual_controlled	HER2ST_E1_CONTROLLED	HER2ST_E1_CONTROLLED	HER2ST::E	forward	balanced_ot	cost_features_500	multioutput_ridge	1.0	3	random_gate	0.8	1	3f7d38c76de40bf0bd570c754bf4b4f0dbd5d4398d20c355d919d1cc8de634b6	332	266	95	0.9210526315789473	0.0	0.021052631578947368	0.021052631578947368	0.013722579197487572	185.0	0.7368421052631579	0.783147142772128
HER2ST_manual_controlled	HER2ST_E1_CONTROLLED	HER2ST_E1_CONTROLLED	HER2ST::E	forward	balanced_ot	cost_features_500	multioutput_ridge	1.0	3	random_gate	0.8	2	3f7d38c76de40bf0bd570c754bf4b4f0dbd5d4398d20c355d919d1cc8de634b6	332	266	95	0.9135338345864662	0.0	0.021052631578947368	0.021052631578947368	0.01323754960302233	174.0	0.7473684210526316	0.7832134143118121
HER2ST_manual_controlled	HER2ST_E1_CONTROLLED	HER2ST_E1_CONTROLLED	HER2ST::E	forward	balanced_ot	cost_features_500	multioutput_ridge	1.0	3	random_gate	0.8	3	3f7d38c76de40bf0bd570c754bf4b4f0dbd5d4398d20c355d919d1cc8de634b6	332	266	95	0.9097744360902256	0.0	0.0	0.021052631578947368	0.01214505605756772	176.0	0.7368421052631579	0.783246423795142
HER2ST_manual_controlled	HER2ST_E1_CONTROLLED	HER2ST_E1_CONTROLLED	HER2ST::E	forward	balanced_ot	cost_features_500	multioutput_ridge	1.0	3	random_gate	0.8	4	3f7d38c76de40bf0bd570c754bf4b4f0dbd5d4398d20c355d919d1cc8de634b6	332	266	95	0.9097744360902256	0.0	0.010526315789473684	0.010526315789473684	0.015514990179695484	179.0	0.7473684210526316	0.7834567701436062
HER2ST_manual_controlled	HER2ST_E1_CONTROLLED	HER2ST_E1_CONTROLLED	HER2ST::E	forward	balanced_ot	cost_features_500	multioutput_ridge	1.0	4	identity_no_training	0.0	0	3f7d38c76de40bf0bd570c754bf4b4f0dbd5d4398d20c355d919d1cc8de634b6	349	0	78		0.9230769230769231	1.0	1.0	0.9615384615384616	1.0	0.9743589743589743	0.38810634482914924
HER2ST_manual_controlled	HER2ST_E1_CONTROLLED	HER2ST_E1_CONTROLLED	HER2ST::E	forward	balanced_ot	cost_features_500	multioutput_ridge	1.0	4	all_top1	1.0	0	3f7d38c76de40bf0bd570c754bf4b4f0dbd5d4398d20c355d919d1cc8de634b6	349	349	78	0.7736389684813754	0.01282051282051282	0.05128205128205128	0.1282051282051282	0.05169439540983154	89.5	0.8333333333333334	0.7981297488103937
HER2ST_manual_controlled	HER2ST_E1_CONTROLLED	HER2ST_E1_CONTROLLED	HER2ST::E	forward	balanced_ot	cost_features_500	multioutput_ridge	1.0	4	max_probability_gate	0.8	0	3f7d38c76de40bf0bd570c754bf4b4f0dbd5d4398d20c355d919d1cc8de634b6	349	280	78	0.7928571428571428	0.01282051282051282	0.038461538461538464	0.10256410256410256	0.045766601853940256	94.0	0.8333333333333334	0.7982213890128316
HER2ST_manual_controlled	HER2ST_E1_CONTROLLED	HER2ST_E1_CONTROLLED	HER2ST::E	forward	balanced_ot	cost_features_500	multioutput_ridge	1.0	4	top2_margin_gate	0.8	0	3f7d38c76de40bf0bd570c754bf4b4f0dbd5d4398d20c355d919d1cc8de634b6	349	280	78	0.925	0.01282051282051282	0.05128205128205128	0.14102564102564102	0.05170854572726578	94.0	0.8333333333333334	0.7998939703921527
HER2ST_manual_controlled	HER2ST_E1_CONTROLLED	HER2ST_E1_CONTROLLED	HER2ST::E	forward	balanced_ot	cost_features_500	multioutput_ridge	1.0	4	oracle_truth	0.8	0	3f7d38c76de40bf0bd570c754bf4b4f0dbd5d4398d20c355d919d1cc8de634b6	349	280	78	1.0	0.01282051282051282	0.07692307692307693	0.15384615384615385	0.059203812866295245	88.0	0.8333333333333334	0.8011384874328399
HER2ST_manual_controlled	HER2ST_E1_CONTROLLED	HER2ST_E1_CONTROLLED	HER2ST::E	forward	balanced_ot	cost_features_500	multioutput_ridge	1.0	4	random_gate	0.8	0	3f7d38c76de40bf0bd570c754bf4b4f0dbd5d4398d20c355d919d1cc8de634b6	349	280	78	0.7714285714285715	0.01282051282051282	0.038461538461538464	0.10256410256410256	0.04727496388331529	98.5	0.8205128205128205	0.7978487849500211
HER2ST_manual_controlled	HER2ST_E1_CONTROLLED	HER2ST_E1_CONTROLLED	HER2ST::E	forward	balanced_ot	cost_features_500	multioutput_ridge	1.0	4	random_gate	0.8	1	3f7d38c76de40bf0bd570c754bf4b4f0dbd5d4398d20c355d919d1cc8de634b6	349	280	78	0.7964285714285714	0.01282051282051282	0.038461538461538464	0.11538461538461539	0.04742073789217225	102.0	0.8333333333333334	0.7983967325695901
HER2ST_manual_controlled	HER2ST_E1_CONTROLLED	HER2ST_E1_CONTROLLED	HER2ST::E	forward	balanced_ot	cost_features_500	multioutput_ridge	1.0	4	random_gate	0.8	2	3f7d38c76de40bf0bd570c754bf4b4f0dbd5d4398d20c355d919d1cc8de634b6	349	280	78	0.775	0.01282051282051282	0.02564102564102564	0.10256410256410256	0.0436238949117054	105.5	0.8333333333333334	0.797175196409132
HER2ST_manual_controlled	HER2ST_E1_CONTROLLED	HER2ST_E1_CONTROLLED	HER2ST::E	forward	balanced_ot	cost_features_500	multioutput_ridge	1.0	4	random_gate	0.8	3	3f7d38c76de40bf0bd570c754bf4b4f0dbd5d4398d20c355d919d1cc8de634b6	349	280	78	0.7607142857142857	0.01282051282051282	0.038461538461538464	0.10256410256410256	0.04772039458811503	101.0	0.8333333333333334	0.7973764389687574
HER2ST_manual_controlled	HER2ST_E1_CONTROLLED	HER2ST_E1_CONTROLLED	HER2ST::E	forward	balanced_ot	cost_features_500	multioutput_ridge	1.0	4	random_gate	0.8	4	3f7d38c76de40bf0bd570c754bf4b4f0dbd5d4398d20c355d919d1cc8de634b6	349	280	78	0.7714285714285715	0.01282051282051282	0.05128205128205128	0.11538461538461539	0.04954256925026136	100.5	0.8333333333333334	0.7976049074760904
HER2ST_manual_controlled	HER2ST_E1_CONTROLLED	HER2ST_E1_CONTROLLED	HER2ST::E	forward	uot	cost_features_500	multioutput_ridge	1.0	0	identity_no_training	0.0	0	3f7d38c76de40bf0bd570c754bf4b4f0dbd5d4398d20c355d919d1cc8de634b6	339	0	88		0.9886363636363636	1.0	1.0	0.9924242424242425	1.0	1.0	0.39347124052536714
HER2ST_manual_controlled	HER2ST_E1_CONTROLLED	HER2ST_E1_CONTROLLED	HER2ST::E	forward	uot	cost_features_500	multioutput_ridge	1.0	0	all_top1	1.0	0	3f7d38c76de40bf0bd570c754bf4b4f0dbd5d4398d20c355d919d1cc8de634b6	339	339	88	0.967551622418879	0.0	0.011363636363636364	0.03409090909090909	0.02356612417755053	111.0	1.0	0.7933426846833821
HER2ST_manual_controlled	HER2ST_E1_CONTROLLED	HER2ST_E1_CONTROLLED	HER2ST::E	forward	uot	cost_features_500	multioutput_ridge	1.0	0	max_probability_gate	0.8	0	3f7d38c76de40bf0bd570c754bf4b4f0dbd5d4398d20c355d919d1cc8de634b6	339	272	88	0.9816176470588235	0.0	0.011363636363636364	0.03409090909090909	0.021091182398113056	133.0	0.9886363636363636	0.7924989542086436
HER2ST_manual_controlled	HER2ST_E1_CONTROLLED	HER2ST_E1_CONTROLLED	HER2ST::E	forward	uot	cost_features_500	multioutput_ridge	1.0	0	top2_margin_gate	0.8	0	3f7d38c76de40bf0bd570c754bf4b4f0dbd5d4398d20c355d919d1cc8de634b6	339	272	88	1.0	0.0	0.011363636363636364	0.03409090909090909	0.02113339777456802	125.5	0.9886363636363636	0.7922731732278175
HER2ST_manual_controlled	HER2ST_E1_CONTROLLED	HER2ST_E1_CONTROLLED	HER2ST::E	forward	uot	cost_features_500	multioutput_ridge	1.0	0	oracle_truth	0.8	0	3f7d38c76de40bf0bd570c754bf4b4f0dbd5d4398d20c355d919d1cc8de634b6	339	272	88	1.0	0.0	0.011363636363636364	0.045454545454545456	0.02171825423830073	132.5	1.0	0.7924499066241849
HER2ST_manual_controlled	HER2ST_E1_CONTROLLED	HER2ST_E1_CONTROLLED	HER2ST::E	forward	uot	cost_features_500	multioutput_ridge	1.0	0	random_gate	0.8	0	3f7d38c76de40bf0bd570c754bf4b4f0dbd5d4398d20c355d919d1cc8de634b6	339	272	88	0.9705882352941176	0.0	0.011363636363636364	0.022727272727272728	0.01829193584192936	125.5	1.0	0.7920908027908227
HER2ST_manual_controlled	HER2ST_E1_CONTROLLED	HER2ST_E1_CONTROLLED	HER2ST::E	forward	uot	cost_features_500	multioutput_ridge	1.0	0	random_gate	0.8	1	3f7d38c76de40bf0bd570c754bf4b4f0dbd5d4398d20c355d919d1cc8de634b6	339	272	88	0.9669117647058824	0.0	0.011363636363636364	0.022727272727272728	0.01932791193110153	127.0	1.0	0.7919907449856303
HER2ST_manual_controlled	HER2ST_E1_CONTROLLED	HER2ST_E1_CONTROLLED	HER2ST::E	forward	uot	cost_features_500	multioutput_ridge	1.0	0	random_gate	0.8	2	3f7d38c76de40bf0bd570c754bf4b4f0dbd5d4398d20c355d919d1cc8de634b6	339	272	88	0.9742647058823529	0.0	0.011363636363636364	0.03409090909090909	0.018638744653764285	141.0	1.0	0.7919032446375831
HER2ST_manual_controlled	HER2ST_E1_CONTROLLED	HER2ST_E1_CONTROLLED	HER2ST::E	forward	uot	cost_features_500	multioutput_ridge	1.0	0	random_gate	0.8	3	3f7d38c76de40bf0bd570c754bf4b4f0dbd5d4398d20c355d919d1cc8de634b6	339	272	88	0.9742647058823529	0.0	0.011363636363636364	0.03409090909090909	0.01640829017550225	133.5	0.9886363636363636	0.7920220204429714
HER2ST_manual_controlled	HER2ST_E1_CONTROLLED	HER2ST_E1_CONTROLLED	HER2ST::E	forward	uot	cost_features_500	multioutput_ridge	1.0	0	random_gate	0.8	4	3f7d38c76de40bf0bd570c754bf4b4f0dbd5d4398d20c355d919d1cc8de634b6	339	272	88	0.9742647058823529	0.0	0.011363636363636364	0.03409090909090909	0.02067795995054099	130.5	0.9886363636363636	0.792013496609658
HER2ST_manual_controlled	HER2ST_E1_CONTROLLED	HER2ST_E1_CONTROLLED	HER2ST::E	forward	uot	cost_features_500	multioutput_ridge	1.0	1	identity_no_training	0.0	0	3f7d38c76de40bf0bd570c754bf4b4f0dbd5d4398d20c355d919d1cc8de634b6	342	0	85		0.9176470588235294	1.0	1.0	0.9539215686274509	1.0	0.9764705882352941	0.3882507577231325
HER2ST_manual_controlled	HER2ST_E1_CONTROLLED	HER2ST_E1_CONTROLLED	HER2ST::E	forward	uot	cost_features_500	multioutput_ridge	1.0	1	all_top1	1.0	0	3f7d38c76de40bf0bd570c754bf4b4f0dbd5d4398d20c355d919d1cc8de634b6	342	342	85	0.9649122807017544	0.011764705882352941	0.07058823529411765	0.10588235294117647	0.0513869435035218	70.0	0.47058823529411764	0.8016296029600346
HER2ST_manual_controlled	HER2ST_E1_CONTROLLED	HER2ST_E1_CONTROLLED	HER2ST::E	forward	uot	cost_features_500	multioutput_ridge	1.0	1	max_probability_gate	0.8	0	3f7d38c76de40bf0bd570c754bf4b4f0dbd5d4398d20c355d919d1cc8de634b6	342	274	85	0.9781021897810219	0.011764705882352941	0.047058823529411764	0.07058823529411765	0.04443005659679435	76.0	0.5058823529411764	0.8009279833847922
HER2ST_manual_controlled	HER2ST_E1_CONTROLLED	HER2ST_E1_CONTROLLED	HER2ST::E	forward	uot	cost_features_500	multioutput_ridge	1.0	1	top2_margin_gate	0.8	0	3f7d38c76de40bf0bd570c754bf4b4f0dbd5d4398d20c355d919d1cc8de634b6	342	274	85	1.0	0.0	0.047058823529411764	0.11764705882352941	0.04784364767517354	76.0	0.43529411764705883	0.8013482780476207
HER2ST_manual_controlled	HER2ST_E1_CONTROLLED	HER2ST_E1_CONTROLLED	HER2ST::E	forward	uot	cost_features_500	multioutput_ridge	1.0	1	oracle_truth	0.8	0	3f7d38c76de40bf0bd570c754bf4b4f0dbd5d4398d20c355d919d1cc8de634b6	342	274	85	1.0	0.011764705882352941	0.047058823529411764	0.07058823529411765	0.04736441625552327	74.0	0.4588235294117647	0.8009183948407408
HER2ST_manual_controlled	HER2ST_E1_CONTROLLED	HER2ST_E1_CONTROLLED	HER2ST::E	forward	uot	cost_features_500	multioutput_ridge	1.0	1	random_gate	0.8	0	3f7d38c76de40bf0bd570c754bf4b4f0dbd5d4398d20c355d919d1cc8de634b6	342	274	85	0.9744525547445255	0.011764705882352941	0.047058823529411764	0.07058823529411765	0.044712728372067884	81.0	0.4588235294117647	0.8009005199635353
HER2ST_manual_controlled	HER2ST_E1_CONTROLLED	HER2ST_E1_CONTROLLED	HER2ST::E	forward	uot	cost_features_500	multioutput_ridge	1.0	1	random_gate	0.8	1	3f7d38c76de40bf0bd570c754bf4b4f0dbd5d4398d20c355d919d1cc8de634b6	342	274	85	0.9744525547445255	0.011764705882352941	0.047058823529411764	0.08235294117647059	0.04676126265831245	87.0	0.4235294117647059	0.8006285814243408
HER2ST_manual_controlled	HER2ST_E1_CONTROLLED	HER2ST_E1_CONTROLLED	HER2ST::E	forward	uot	cost_features_500	multioutput_ridge	1.0	1	random_gate	0.8	2	3f7d38c76de40bf0bd570c754bf4b4f0dbd5d4398d20c355d919d1cc8de634b6	342	274	85	0.9671532846715328	0.011764705882352941	0.047058823529411764	0.09411764705882353	0.04600349883868574	83.0	0.49411764705882355	0.8003968333678498
HER2ST_manual_controlled	HER2ST_E1_CONTROLLED	HER2ST_E1_CONTROLLED	HER2ST::E	forward	uot	cost_features_500	multioutput_ridge	1.0	1	random_gate	0.8	3	3f7d38c76de40bf0bd570c754bf4b4f0dbd5d4398d20c355d919d1cc8de634b6	342	274	85	0.9635036496350365	0.011764705882352941	0.047058823529411764	0.09411764705882353	0.04629007593896436	84.0	0.4588235294117647	0.8007061560482571
HER2ST_manual_controlled	HER2ST_E1_CONTROLLED	HER2ST_E1_CONTROLLED	HER2ST::E	forward	uot	cost_features_500	multioutput_ridge	1.0	1	random_gate	0.8	4	3f7d38c76de40bf0bd570c754bf4b4f0dbd5d4398d20c355d919d1cc8de634b6	342	274	85	0.9671532846715328	0.011764705882352941	0.07058823529411765	0.09411764705882353	0.04867444420540778	77.0	0.43529411764705883	0.8006664543679707
HER2ST_manual_controlled	HER2ST_E1_CONTROLLED	HER2ST_E1_CONTROLLED	HER2ST::E	forward	uot	cost_features_500	multioutput_ridge	1.0	2	identity_no_training	0.0	0	3f7d38c76de40bf0bd570c754bf4b4f0dbd5d4398d20c355d919d1cc8de634b6	346	0	81		0.9382716049382716	1.0	1.0	0.9691358024691358	1.0	0.9506172839506173	0.38936874015421
HER2ST_manual_controlled	HER2ST_E1_CONTROLLED	HER2ST_E1_CONTROLLED	HER2ST::E	forward	uot	cost_features_500	multioutput_ridge	1.0	2	all_top1	1.0	0	3f7d38c76de40bf0bd570c754bf4b4f0dbd5d4398d20c355d919d1cc8de634b6	346	346	81	0.9624277456647399	0.0	0.037037037037037035	0.08641975308641975	0.032971261382870085	80.0	0.18518518518518517	0.795914036923456
HER2ST_manual_controlled	HER2ST_E1_CONTROLLED	HER2ST_E1_CONTROLLED	HER2ST::E	forward	uot	cost_features_500	multioutput_ridge	1.0	2	max_probability_gate	0.8	0	3f7d38c76de40bf0bd570c754bf4b4f0dbd5d4398d20c355d919d1cc8de634b6	346	277	81	0.9747292418772563	0.0	0.0	0.06172839506172839	0.02448352825855755	98.0	0.16049382716049382	0.7949928253636918
HER2ST_manual_controlled	HER2ST_E1_CONTROLLED	HER2ST_E1_CONTROLLED	HER2ST::E	forward	uot	cost_features_500	multioutput_ridge	1.0	2	top2_margin_gate	0.8	0	3f7d38c76de40bf0bd570c754bf4b4f0dbd5d4398d20c355d919d1cc8de634b6	346	277	81	1.0	0.0	0.024691358024691357	0.07407407407407407	0.02806096426795945	106.0	0.1728395061728395	0.7954020777811788
HER2ST_manual_controlled	HER2ST_E1_CONTROLLED	HER2ST_E1_CONTROLLED	HER2ST::E	forward	uot	cost_features_500	multioutput_ridge	1.0	2	oracle_truth	0.8	0	3f7d38c76de40bf0bd570c754bf4b4f0dbd5d4398d20c355d919d1cc8de634b6	346	277	81	1.0	0.0	0.0	0.037037037037037035	0.022784911800719874	92.0	0.18518518518518517	0.7956252894203031
HER2ST_manual_controlled	HER2ST_E1_CONTROLLED	HER2ST_E1_CONTROLLED	HER2ST::E	forward	uot	cost_features_500	multioutput_ridge	1.0	2	random_gate	0.8	0	3f7d38c76de40bf0bd570c754bf4b4f0dbd5d4398d20c355d919d1cc8de634b6	346	277	81	0.9711191335740073	0.0	0.012345679012345678	0.037037037037037035	0.02370584093180382	102.0	0.16049382716049382	0.7945051133819596
HER2ST_manual_controlled	HER2ST_E1_CONTROLLED	HER2ST_E1_CONTROLLED	HER2ST::E	forward	uot	cost_features_500	multioutput_ridge	1.0	2	random_gate	0.8	1	3f7d38c76de40bf0bd570c754bf4b4f0dbd5d4398d20c355d919d1cc8de634b6	346	277	81	0.9602888086642599	0.0	0.024691358024691357	0.06172839506172839	0.02643980675174799	107.0	0.19753086419753085	0.7950430961025319
HER2ST_manual_controlled	HER2ST_E1_CONTROLLED	HER2ST_E1_CONTROLLED	HER2ST::E	forward	uot	cost_features_500	multioutput_ridge	1.0	2	random_gate	0.8	2	3f7d38c76de40bf0bd570c754bf4b4f0dbd5d4398d20c355d919d1cc8de634b6	346	277	81	0.9747292418772563	0.0	0.012345679012345678	0.07407407407407407	0.026567469696950806	98.0	0.16049382716049382	0.7950330340301504
HER2ST_manual_controlled	HER2ST_E1_CONTROLLED	HER2ST_E1_CONTROLLED	HER2ST::E	forward	uot	cost_features_500	multioutput_ridge	1.0	2	random_gate	0.8	3	3f7d38c76de40bf0bd570c754bf4b4f0dbd5d4398d20c355d919d1cc8de634b6	346	277	81	0.9530685920577617	0.0	0.024691358024691357	0.06172839506172839	0.028184751510512106	107.0	0.16049382716049382	0.7947291279858588
HER2ST_manual_controlled	HER2ST_E1_CONTROLLED	HER2ST_E1_CONTROLLED	HER2ST::E	forward	uot	cost_features_500	multioutput_ridge	1.0	2	random_gate	0.8	4	3f7d38c76de40bf0bd570c754bf4b4f0dbd5d4398d20c355d919d1cc8de634b6	346	277	81	0.9711191335740073	0.0	0.024691358024691357	0.04938271604938271	0.02687132583824327	108.0	0.1728395061728395	0.7953997809810274
HER2ST_manual_controlled	HER2ST_E1_CONTROLLED	HER2ST_E1_CONTROLLED	HER2ST::E	forward	uot	cost_features_500	multioutput_ridge	1.0	3	identity_no_training	0.0	0	3f7d38c76de40bf0bd570c754bf4b4f0dbd5d4398d20c355d919d1cc8de634b6	332	0	95		1.0	1.0	1.0	1.0	1.0	1.0	0.38540772514052546
HER2ST_manual_controlled	HER2ST_E1_CONTROLLED	HER2ST_E1_CONTROLLED	HER2ST::E	forward	uot	cost_features_500	multioutput_ridge	1.0	3	all_top1	1.0	0	3f7d38c76de40bf0bd570c754bf4b4f0dbd5d4398d20c355d919d1cc8de634b6	332	332	95	0.9879518072289156	0.010526315789473684	0.010526315789473684	0.021052631578947368	0.024087000539562302	139.0	0.7684210526315789	0.7859400054629799
HER2ST_manual_controlled	HER2ST_E1_CONTROLLED	HER2ST_E1_CONTROLLED	HER2ST::E	forward	uot	cost_features_500	multioutput_ridge	1.0	3	max_probability_gate	0.8	0	3f7d38c76de40bf0bd570c754bf4b4f0dbd5d4398d20c355d919d1cc8de634b6	332	266	95	0.9849624060150376	0.0	0.010526315789473684	0.010526315789473684	0.014160837252338299	156.0	0.7578947368421053	0.7847650767621631
HER2ST_manual_controlled	HER2ST_E1_CONTROLLED	HER2ST_E1_CONTROLLED	HER2ST::E	forward	uot	cost_features_500	multioutput_ridge	1.0	3	top2_margin_gate	0.8	0	3f7d38c76de40bf0bd570c754bf4b4f0dbd5d4398d20c355d919d1cc8de634b6	332	266	95	1.0	0.0	0.010526315789473684	0.010526315789473684	0.015561455144144982	157.0	0.7789473684210526	0.7853436699802976
HER2ST_manual_controlled	HER2ST_E1_CONTROLLED	HER2ST_E1_CONTROLLED	HER2ST::E	forward	uot	cost_features_500	multioutput_ridge	1.0	3	oracle_truth	0.8	0	3f7d38c76de40bf0bd570c754bf4b4f0dbd5d4398d20c355d919d1cc8de634b6	332	266	95	1.0	0.0	0.010526315789473684	0.010526315789473684	0.014899634683173233	170.0	0.7578947368421053	0.7848519124670406
HER2ST_manual_controlled	HER2ST_E1_CONTROLLED	HER2ST_E1_CONTROLLED	HER2ST::E	forward	uot	cost_features_500	multioutput_ridge	1.0	3	random_gate	0.8	0	3f7d38c76de40bf0bd570c754bf4b4f0dbd5d4398d20c355d919d1cc8de634b6	332	266	95	0.9887218045112782	0.0	0.010526315789473684	0.010526315789473684	0.013720048964916468	170.0	0.7789473684210526	0.7846165023344819
HER2ST_manual_controlled	HER2ST_E1_CONTROLLED	HER2ST_E1_CONTROLLED	HER2ST::E	forward	uot	cost_features_500	multioutput_ridge	1.0	3	random_gate	0.8	1	3f7d38c76de40bf0bd570c754bf4b4f0dbd5d4398d20c355d919d1cc8de634b6	332	266	95	0.9887218045112782	0.0	0.010526315789473684	0.010526315789473684	0.015454690811325946	159.0	0.7578947368421053	0.784839794274126
HER2ST_manual_controlled	HER2ST_E1_CONTROLLED	HER2ST_E1_CONTROLLED	HER2ST::E	forward	uot	cost_features_500	multioutput_ridge	1.0	3	random_gate	0.8	2	3f7d38c76de40bf0bd570c754bf4b4f0dbd5d4398d20c355d919d1cc8de634b6	332	266	95	0.9887218045112782	0.0	0.010526315789473684	0.010526315789473684	0.016116851702894043	164.0	0.7684210526315789	0.7849519979146791
HER2ST_manual_controlled	HER2ST_E1_CONTROLLED	HER2ST_E1_CONTROLLED	HER2ST::E	forward	uot	cost_features_500	multioutput_ridge	1.0	3	random_gate	0.8	3	3f7d38c76de40bf0bd570c754bf4b4f0dbd5d4398d20c355d919d1cc8de634b6	332	266	95	0.9849624060150376	0.010526315789473684	0.010526315789473684	0.010526315789473684	0.02118939073975188	147.0	0.7473684210526316	0.784857938783938
HER2ST_manual_controlled	HER2ST_E1_CONTROLLED	HER2ST_E1_CONTROLLED	HER2ST::E	forward	uot	cost_features_500	multioutput_ridge	1.0	3	random_gate	0.8	4	3f7d38c76de40bf0bd570c754bf4b4f0dbd5d4398d20c355d919d1cc8de634b6	332	266	95	0.9924812030075187	0.0	0.010526315789473684	0.010526315789473684	0.013904459699506821	162.0	0.7368421052631579	0.7847838290131058
HER2ST_manual_controlled	HER2ST_E1_CONTROLLED	HER2ST_E1_CONTROLLED	HER2ST::E	forward	uot	cost_features_500	multioutput_ridge	1.0	4	identity_no_training	0.0	0	3f7d38c76de40bf0bd570c754bf4b4f0dbd5d4398d20c355d919d1cc8de634b6	349	0	78		0.9230769230769231	1.0	1.0	0.9615384615384616	1.0	0.9743589743589743	0.38810634482914924
HER2ST_manual_controlled	HER2ST_E1_CONTROLLED	HER2ST_E1_CONTROLLED	HER2ST::E	forward	uot	cost_features_500	multioutput_ridge	1.0	4	all_top1	1.0	0	3f7d38c76de40bf0bd570c754bf4b4f0dbd5d4398d20c355d919d1cc8de634b6	349	349	78	0.9656160458452722	0.01282051282051282	0.07692307692307693	0.20512820512820512	0.06444795738598372	80.0	0.8333333333333334	0.8014211424956361
HER2ST_manual_controlled	HER2ST_E1_CONTROLLED	HER2ST_E1_CONTROLLED	HER2ST::E	forward	uot	cost_features_500	multioutput_ridge	1.0	4	max_probability_gate	0.8	0	3f7d38c76de40bf0bd570c754bf4b4f0dbd5d4398d20c355d919d1cc8de634b6	349	280	78	0.9785714285714285	0.01282051282051282	0.05128205128205128	0.15384615384615385	0.058749423297746566	95.5	0.8333333333333334	0.8009601385691563
HER2ST_manual_controlled	HER2ST_E1_CONTROLLED	HER2ST_E1_CONTROLLED	HER2ST::E	forward	uot	cost_features_500	multioutput_ridge	1.0	4	top2_margin_gate	0.8	0	3f7d38c76de40bf0bd570c754bf4b4f0dbd5d4398d20c355d919d1cc8de634b6	349	280	78	1.0	0.01282051282051282	0.038461538461538464	0.20512820512820512	0.057102432001107706	88.0	0.8333333333333334	0.8009811092624697
HER2ST_manual_controlled	HER2ST_E1_CONTROLLED	HER2ST_E1_CONTROLLED	HER2ST::E	forward	uot	cost_features_500	multioutput_ridge	1.0	4	oracle_truth	0.8	0	3f7d38c76de40bf0bd570c754bf4b4f0dbd5d4398d20c355d919d1cc8de634b6	349	280	78	1.0	0.01282051282051282	0.07692307692307693	0.1794871794871795	0.06044596880433419	87.0	0.8205128205128205	0.8007556207708263
HER2ST_manual_controlled	HER2ST_E1_CONTROLLED	HER2ST_E1_CONTROLLED	HER2ST::E	forward	uot	cost_features_500	multioutput_ridge	1.0	4	random_gate	0.8	0	3f7d38c76de40bf0bd570c754bf4b4f0dbd5d4398d20c355d919d1cc8de634b6	349	280	78	0.9642857142857143	0.01282051282051282	0.05128205128205128	0.1794871794871795	0.05752856546640924	101.5	0.8333333333333334	0.8001881127701197
HER2ST_manual_controlled	HER2ST_E1_CONTROLLED	HER2ST_E1_CONTROLLED	HER2ST::E	forward	uot	cost_features_500	multioutput_ridge	1.0	4	random_gate	0.8	1	3f7d38c76de40bf0bd570c754bf4b4f0dbd5d4398d20c355d919d1cc8de634b6	349	280	78	0.9714285714285714	0.01282051282051282	0.0641025641025641	0.1794871794871795	0.058854729760392605	85.5	0.8333333333333334	0.8006835668269962
HER2ST_manual_controlled	HER2ST_E1_CONTROLLED	HER2ST_E1_CONTROLLED	HER2ST::E	forward	uot	cost_features_500	multioutput_ridge	1.0	4	random_gate	0.8	2	3f7d38c76de40bf0bd570c754bf4b4f0dbd5d4398d20c355d919d1cc8de634b6	349	280	78	0.9607142857142857	0.01282051282051282	0.0641025641025641	0.1794871794871795	0.05963860478457441	90.0	0.8333333333333334	0.8003437561728147
HER2ST_manual_controlled	HER2ST_E1_CONTROLLED	HER2ST_E1_CONTROLLED	HER2ST::E	forward	uot	cost_features_500	multioutput_ridge	1.0	4	random_gate	0.8	3	3f7d38c76de40bf0bd570c754bf4b4f0dbd5d4398d20c355d919d1cc8de634b6	349	280	78	0.9607142857142857	0.01282051282051282	0.0641025641025641	0.1794871794871795	0.05682723396592719	96.0	0.8333333333333334	0.800286452533034
HER2ST_manual_controlled	HER2ST_E1_CONTROLLED	HER2ST_E1_CONTROLLED	HER2ST::E	forward	uot	cost_features_500	multioutput_ridge	1.0	4	random_gate	0.8	4	3f7d38c76de40bf0bd570c754bf4b4f0dbd5d4398d20c355d919d1cc8de634b6	349	280	78	0.9642857142857143	0.01282051282051282	0.05128205128205128	0.15384615384615385	0.0552549946516508	95.0	0.8333333333333334	0.8003534969213212
HER2ST_manual_controlled	HER2ST_E1_CONTROLLED	HER2ST_E1_CONTROLLED	HER2ST::E	forward	row_softmax	cost_features_500	multioutput_ridge	1.0	0	identity_no_training	0.0	0	3f7d38c76de40bf0bd570c754bf4b4f0dbd5d4398d20c355d919d1cc8de634b6	339	0	88		0.9886363636363636	1.0	1.0	0.9924242424242425	1.0	1.0	0.39347124052536714
HER2ST_manual_controlled	HER2ST_E1_CONTROLLED	HER2ST_E1_CONTROLLED	HER2ST::E	forward	row_softmax	cost_features_500	multioutput_ridge	1.0	0	all_top1	1.0	0	3f7d38c76de40bf0bd570c754bf4b4f0dbd5d4398d20c355d919d1cc8de634b6	339	339	88	0.9410029498525073	0.0	0.011363636363636364	0.03409090909090909	0.0230747369423949	112.0	0.9886363636363636	0.7921657693292267
HER2ST_manual_controlled	HER2ST_E1_CONTROLLED	HER2ST_E1_CONTROLLED	HER2ST::E	forward	row_softmax	cost_features_500	multioutput_ridge	1.0	0	max_probability_gate	0.8	0	3f7d38c76de40bf0bd570c754bf4b4f0dbd5d4398d20c355d919d1cc8de634b6	339	272	88	0.9264705882352942	0.0	0.011363636363636364	0.022727272727272728	0.017490863554807435	123.5	0.9772727272727273	0.7905842715869398
HER2ST_manual_controlled	HER2ST_E1_CONTROLLED	HER2ST_E1_CONTROLLED	HER2ST::E	forward	row_softmax	cost_features_500	multioutput_ridge	1.0	0	top2_margin_gate	0.8	0	3f7d38c76de40bf0bd570c754bf4b4f0dbd5d4398d20c355d919d1cc8de634b6	339	272	88	0.9779411764705882	0.0	0.011363636363636364	0.022727272727272728	0.01923707445903093	129.0	0.9886363636363636	0.791779652859638
HER2ST_manual_controlled	HER2ST_E1_CONTROLLED	HER2ST_E1_CONTROLLED	HER2ST::E	forward	row_softmax	cost_features_500	multioutput_ridge	1.0	0	oracle_truth	0.8	0	3f7d38c76de40bf0bd570c754bf4b4f0dbd5d4398d20c355d919d1cc8de634b6	339	272	88	1.0	0.0	0.011363636363636364	0.03409090909090909	0.021333683574494413	130.5	0.9886363636363636	0.7925833403407435
HER2ST_manual_controlled	HER2ST_E1_CONTROLLED	HER2ST_E1_CONTROLLED	HER2ST::E	forward	row_softmax	cost_features_500	multioutput_ridge	1.0	0	random_gate	0.8	0	3f7d38c76de40bf0bd570c754bf4b4f0dbd5d4398d20c355d919d1cc8de634b6	339	272	88	0.9522058823529411	0.0	0.011363636363636364	0.03409090909090909	0.017757903181137125	133.0	1.0	0.7909630538231471
HER2ST_manual_controlled	HER2ST_E1_CONTROLLED	HER2ST_E1_CONTROLLED	HER2ST::E	forward	row_softmax	cost_features_500	multioutput_ridge	1.0	0	random_gate	0.8	1	3f7d38c76de40bf0bd570c754bf4b4f0dbd5d4398d20c355d919d1cc8de634b6	339	272	88	0.9338235294117647	0.0	0.011363636363636364	0.03409090909090909	0.016366113196817907	136.0	0.9886363636363636	0.7909194833067275
HER2ST_manual_controlled	HER2ST_E1_CONTROLLED	HER2ST_E1_CONTROLLED	HER2ST::E	forward	row_softmax	cost_features_500	multioutput_ridge	1.0	0	random_gate	0.8	2	3f7d38c76de40bf0bd570c754bf4b4f0dbd5d4398d20c355d919d1cc8de634b6	339	272	88	0.9301470588235294	0.0	0.011363636363636364	0.022727272727272728	0.017511961661030223	127.5	0.9886363636363636	0.7910994823182143
HER2ST_manual_controlled	HER2ST_E1_CONTROLLED	HER2ST_E1_CONTROLLED	HER2ST::E	forward	row_softmax	cost_features_500	multioutput_ridge	1.0	0	random_gate	0.8	3	3f7d38c76de40bf0bd570c754bf4b4f0dbd5d4398d20c355d919d1cc8de634b6	339	272	88	0.9411764705882353	0.0	0.0	0.022727272727272728	0.015401757832200236	134.0	1.0	0.7907162197730117
HER2ST_manual_controlled	HER2ST_E1_CONTROLLED	HER2ST_E1_CONTROLLED	HER2ST::E	forward	row_softmax	cost_features_500	multioutput_ridge	1.0	0	random_gate	0.8	4	3f7d38c76de40bf0bd570c754bf4b4f0dbd5d4398d20c355d919d1cc8de634b6	339	272	88	0.9522058823529411	0.0	0.011363636363636364	0.022727272727272728	0.017323595290017483	128.5	0.9772727272727273	0.7917052351707693
HER2ST_manual_controlled	HER2ST_E1_CONTROLLED	HER2ST_E1_CONTROLLED	HER2ST::E	forward	row_softmax	cost_features_500	multioutput_ridge	1.0	1	identity_no_training	0.0	0	3f7d38c76de40bf0bd570c754bf4b4f0dbd5d4398d20c355d919d1cc8de634b6	342	0	85		0.9176470588235294	1.0	1.0	0.9539215686274509	1.0	0.9764705882352941	0.3882507577231325
HER2ST_manual_controlled	HER2ST_E1_CONTROLLED	HER2ST_E1_CONTROLLED	HER2ST::E	forward	row_softmax	cost_features_500	multioutput_ridge	1.0	1	all_top1	1.0	0	3f7d38c76de40bf0bd570c754bf4b4f0dbd5d4398d20c355d919d1cc8de634b6	342	342	85	0.9766081871345029	0.023529411764705882	0.058823529411764705	0.09411764705882353	0.06036469628425496	70.0	0.4588235294117647	0.8016493735642727
HER2ST_manual_controlled	HER2ST_E1_CONTROLLED	HER2ST_E1_CONTROLLED	HER2ST::E	forward	row_softmax	cost_features_500	multioutput_ridge	1.0	1	max_probability_gate	0.8	0	3f7d38c76de40bf0bd570c754bf4b4f0dbd5d4398d20c355d919d1cc8de634b6	342	274	85	0.9744525547445255	0.0	0.058823529411764705	0.09411764705882353	0.04091554599216988	77.0	0.47058823529411764	0.8006226878530018
HER2ST_manual_controlled	HER2ST_E1_CONTROLLED	HER2ST_E1_CONTROLLED	HER2ST::E	forward	row_softmax	cost_features_500	multioutput_ridge	1.0	1	top2_margin_gate	0.8	0	3f7d38c76de40bf0bd570c754bf4b4f0dbd5d4398d20c355d919d1cc8de634b6	342	274	85	1.0	0.0	0.058823529411764705	0.10588235294117647	0.04629676327750442	75.0	0.4235294117647059	0.8015198739601138
HER2ST_manual_controlled	HER2ST_E1_CONTROLLED	HER2ST_E1_CONTROLLED	HER2ST::E	forward	row_softmax	cost_features_500	multioutput_ridge	1.0	1	oracle_truth	0.8	0	3f7d38c76de40bf0bd570c754bf4b4f0dbd5d4398d20c355d919d1cc8de634b6	342	274	85	1.0	0.0	0.07058823529411765	0.08235294117647059	0.03970449223535095	73.0	0.47058823529411764	0.8013191514285893
HER2ST_manual_controlled	HER2ST_E1_CONTROLLED	HER2ST_E1_CONTROLLED	HER2ST::E	forward	row_softmax	cost_features_500	multioutput_ridge	1.0	1	random_gate	0.8	0	3f7d38c76de40bf0bd570c754bf4b4f0dbd5d4398d20c355d919d1cc8de634b6	342	274	85	0.9744525547445255	0.011764705882352941	0.058823529411764705	0.09411764705882353	0.050889562618469754	82.0	0.4470588235294118	0.8005226671502634
HER2ST_manual_controlled	HER2ST_E1_CONTROLLED	HER2ST_E1_CONTROLLED	HER2ST::E	forward	row_softmax	cost_features_500	multioutput_ridge	1.0	1	random_gate	0.8	1	3f7d38c76de40bf0bd570c754bf4b4f0dbd5d4398d20c355d919d1cc8de634b6	342	274	85	0.9781021897810219	0.0	0.047058823529411764	0.09411764705882353	0.03798756032405666	83.0	0.43529411764705883	0.800587985063633
HER2ST_manual_controlled	HER2ST_E1_CONTROLLED	HER2ST_E1_CONTROLLED	HER2ST::E	forward	row_softmax	cost_features_500	multioutput_ridge	1.0	1	random_gate	0.8	2	3f7d38c76de40bf0bd570c754bf4b4f0dbd5d4398d20c355d919d1cc8de634b6	342	274	85	0.9708029197080292	0.0	0.03529411764705882	0.058823529411764705	0.03747710991169684	89.0	0.49411764705882355	0.8003511351372548
HER2ST_manual_controlled	HER2ST_E1_CONTROLLED	HER2ST_E1_CONTROLLED	HER2ST::E	forward	row_softmax	cost_features_500	multioutput_ridge	1.0	1	random_gate	0.8	3	3f7d38c76de40bf0bd570c754bf4b4f0dbd5d4398d20c355d919d1cc8de634b6	342	274	85	0.9817518248175182	0.0	0.03529411764705882	0.09411764705882353	0.03723104634613471	84.0	0.4588235294117647	0.8008378122944385
HER2ST_manual_controlled	HER2ST_E1_CONTROLLED	HER2ST_E1_CONTROLLED	HER2ST::E	forward	row_softmax	cost_features_500	multioutput_ridge	1.0	1	random_gate	0.8	4	3f7d38c76de40bf0bd570c754bf4b4f0dbd5d4398d20c355d919d1cc8de634b6	342	274	85	0.9781021897810219	0.023529411764705882	0.058823529411764705	0.07058823529411765	0.05425081376738608	84.0	0.47058823529411764	0.8006036180426306
HER2ST_manual_controlled	HER2ST_E1_CONTROLLED	HER2ST_E1_CONTROLLED	HER2ST::E	forward	row_softmax	cost_features_500	multioutput_ridge	1.0	2	identity_no_training	0.0	0	3f7d38c76de40bf0bd570c754bf4b4f0dbd5d4398d20c355d919d1cc8de634b6	346	0	81		0.9382716049382716	1.0	1.0	0.9691358024691358	1.0	0.9506172839506173	0.38936874015421
HER2ST_manual_controlled	HER2ST_E1_CONTROLLED	HER2ST_E1_CONTROLLED	HER2ST::E	forward	row_softmax	cost_features_500	multioutput_ridge	1.0	2	all_top1	1.0	0	3f7d38c76de40bf0bd570c754bf4b4f0dbd5d4398d20c355d919d1cc8de634b6	346	346	81	0.9364161849710982	0.0	0.024691358024691357	0.08641975308641975	0.030712924595331995	81.0	0.18518518518518517	0.7954114336594499
HER2ST_manual_controlled	HER2ST_E1_CONTROLLED	HER2ST_E1_CONTROLLED	HER2ST::E	forward	row_softmax	cost_features_500	multioutput_ridge	1.0	2	max_probability_gate	0.8	0	3f7d38c76de40bf0bd570c754bf4b4f0dbd5d4398d20c355d919d1cc8de634b6	346	277	81	0.924187725631769	0.0	0.0	0.012345679012345678	0.021426071944547712	96.0	0.18518518518518517	0.7943616327932083
HER2ST_manual_controlled	HER2ST_E1_CONTROLLED	HER2ST_E1_CONTROLLED	HER2ST::E	forward	row_softmax	cost_features_500	multioutput_ridge	1.0	2	top2_margin_gate	0.8	0	3f7d38c76de40bf0bd570c754bf4b4f0dbd5d4398d20c355d919d1cc8de634b6	346	277	81	0.9711191335740073	0.0	0.012345679012345678	0.06172839506172839	0.02907947468662161	109.0	0.1728395061728395	0.7949793073716811
HER2ST_manual_controlled	HER2ST_E1_CONTROLLED	HER2ST_E1_CONTROLLED	HER2ST::E	forward	row_softmax	cost_features_500	multioutput_ridge	1.0	2	oracle_truth	0.8	0	3f7d38c76de40bf0bd570c754bf4b4f0dbd5d4398d20c355d919d1cc8de634b6	346	277	81	1.0	0.0	0.0	0.04938271604938271	0.02288133532698223	91.0	0.16049382716049382	0.7953907365668771
HER2ST_manual_controlled	HER2ST_E1_CONTROLLED	HER2ST_E1_CONTROLLED	HER2ST::E	forward	row_softmax	cost_features_500	multioutput_ridge	1.0	2	random_gate	0.8	0	3f7d38c76de40bf0bd570c754bf4b4f0dbd5d4398d20c355d919d1cc8de634b6	346	277	81	0.9314079422382672	0.0	0.0	0.024691358024691357	0.021589495601141588	111.0	0.16049382716049382	0.7939521611340677
HER2ST_manual_controlled	HER2ST_E1_CONTROLLED	HER2ST_E1_CONTROLLED	HER2ST::E	forward	row_softmax	cost_features_500	multioutput_ridge	1.0	2	random_gate	0.8	1	3f7d38c76de40bf0bd570c754bf4b4f0dbd5d4398d20c355d919d1cc8de634b6	346	277	81	0.9458483754512635	0.0	0.012345679012345678	0.04938271604938271	0.024402276758441106	103.0	0.1728395061728395	0.7948070961850454
HER2ST_manual_controlled	HER2ST_E1_CONTROLLED	HER2ST_E1_CONTROLLED	HER2ST::E	forward	row_softmax	cost_features_500	multioutput_ridge	1.0	2	random_gate	0.8	2	3f7d38c76de40bf0bd570c754bf4b4f0dbd5d4398d20c355d919d1cc8de634b6	346	277	81	0.9350180505415162	0.0	0.0	0.024691358024691357	0.02130133710580717	108.0	0.1728395061728395	0.79391942249369
HER2ST_manual_controlled	HER2ST_E1_CONTROLLED	HER2ST_E1_CONTROLLED	HER2ST::E	forward	row_softmax	cost_features_500	multioutput_ridge	1.0	2	random_gate	0.8	3	3f7d38c76de40bf0bd570c754bf4b4f0dbd5d4398d20c355d919d1cc8de634b6	346	277	81	0.9350180505415162	0.0	0.012345679012345678	0.024691358024691357	0.02392078197442973	107.0	0.1728395061728395	0.7940242373582137
HER2ST_manual_controlled	HER2ST_E1_CONTROLLED	HER2ST_E1_CONTROLLED	HER2ST::E	forward	row_softmax	cost_features_500	multioutput_ridge	1.0	2	random_gate	0.8	4	3f7d38c76de40bf0bd570c754bf4b4f0dbd5d4398d20c355d919d1cc8de634b6	346	277	81	0.9350180505415162	0.0	0.0	0.04938271604938271	0.02291488403165458	107.0	0.18518518518518517	0.7947693170888154
HER2ST_manual_controlled	HER2ST_E1_CONTROLLED	HER2ST_E1_CONTROLLED	HER2ST::E	forward	row_softmax	cost_features_500	multioutput_ridge	1.0	3	identity_no_training	0.0	0	3f7d38c76de40bf0bd570c754bf4b4f0dbd5d4398d20c355d919d1cc8de634b6	332	0	95		1.0	1.0	1.0	1.0	1.0	1.0	0.38540772514052546
HER2ST_manual_controlled	HER2ST_E1_CONTROLLED	HER2ST_E1_CONTROLLED	HER2ST::E	forward	row_softmax	cost_features_500	multioutput_ridge	1.0	3	all_top1	1.0	0	3f7d38c76de40bf0bd570c754bf4b4f0dbd5d4398d20c355d919d1cc8de634b6	332	332	95	0.9337349397590361	0.0	0.010526315789473684	0.010526315789473684	0.017883850146761943	138.0	0.7684210526315789	0.7852218951482975
HER2ST_manual_controlled	HER2ST_E1_CONTROLLED	HER2ST_E1_CONTROLLED	HER2ST::E	forward	row_softmax	cost_features_500	multioutput_ridge	1.0	3	max_probability_gate	0.8	0	3f7d38c76de40bf0bd570c754bf4b4f0dbd5d4398d20c355d919d1cc8de634b6	332	266	95	0.9210526315789473	0.0	0.010526315789473684	0.010526315789473684	0.015398006232384007	164.0	0.7578947368421053	0.7840884476990407
HER2ST_manual_controlled	HER2ST_E1_CONTROLLED	HER2ST_E1_CONTROLLED	HER2ST::E	forward	row_softmax	cost_features_500	multioutput_ridge	1.0	3	top2_margin_gate	0.8	0	3f7d38c76de40bf0bd570c754bf4b4f0dbd5d4398d20c355d919d1cc8de634b6	332	266	95	0.9699248120300752	0.0	0.010526315789473684	0.021052631578947368	0.01584721172769109	160.0	0.7578947368421053	0.7854246568252012
HER2ST_manual_controlled	HER2ST_E1_CONTROLLED	HER2ST_E1_CONTROLLED	HER2ST::E	forward	row_softmax	cost_features_500	multioutput_ridge	1.0	3	oracle_truth	0.8	0	3f7d38c76de40bf0bd570c754bf4b4f0dbd5d4398d20c355d919d1cc8de634b6	332	266	95	1.0	0.0	0.010526315789473684	0.021052631578947368	0.016785518124346383	164.0	0.7684210526315789	0.785465392264294
HER2ST_manual_controlled	HER2ST_E1_CONTROLLED	HER2ST_E1_CONTROLLED	HER2ST::E	forward	row_softmax	cost_features_500	multioutput_ridge	1.0	3	random_gate	0.8	0	3f7d38c76de40bf0bd570c754bf4b4f0dbd5d4398d20c355d919d1cc8de634b6	332	266	95	0.9360902255639098	0.0	0.010526315789473684	0.021052631578947368	0.013725645909929743	171.0	0.7684210526315789	0.7841995216144116
HER2ST_manual_controlled	HER2ST_E1_CONTROLLED	HER2ST_E1_CONTROLLED	HER2ST::E	forward	row_softmax	cost_features_500	multioutput_ridge	1.0	3	random_gate	0.8	1	3f7d38c76de40bf0bd570c754bf4b4f0dbd5d4398d20c355d919d1cc8de634b6	332	266	95	0.9285714285714286	0.0	0.010526315789473684	0.021052631578947368	0.014721253298611129	168.0	0.7473684210526316	0.7842552659297025
HER2ST_manual_controlled	HER2ST_E1_CONTROLLED	HER2ST_E1_CONTROLLED	HER2ST::E	forward	row_softmax	cost_features_500	multioutput_ridge	1.0	3	random_gate	0.8	2	3f7d38c76de40bf0bd570c754bf4b4f0dbd5d4398d20c355d919d1cc8de634b6	332	266	95	0.9360902255639098	0.0	0.010526315789473684	0.010526315789473684	0.013144518244460614	171.0	0.7578947368421053	0.7842140470730071
HER2ST_manual_controlled	HER2ST_E1_CONTROLLED	HER2ST_E1_CONTROLLED	HER2ST::E	forward	row_softmax	cost_features_500	multioutput_ridge	1.0	3	random_gate	0.8	3	3f7d38c76de40bf0bd570c754bf4b4f0dbd5d4398d20c355d919d1cc8de634b6	332	266	95	0.9360902255639098	0.0	0.010526315789473684	0.021052631578947368	0.016939035461470277	165.0	0.7368421052631579	0.784535017499515
HER2ST_manual_controlled	HER2ST_E1_CONTROLLED	HER2ST_E1_CONTROLLED	HER2ST::E	forward	row_softmax	cost_features_500	multioutput_ridge	1.0	3	random_gate	0.8	4	3f7d38c76de40bf0bd570c754bf4b4f0dbd5d4398d20c355d919d1cc8de634b6	332	266	95	0.9285714285714286	0.0	0.010526315789473684	0.021052631578947368	0.015772839370283554	164.0	0.7578947368421053	0.7839366378537107
HER2ST_manual_controlled	HER2ST_E1_CONTROLLED	HER2ST_E1_CONTROLLED	HER2ST::E	forward	row_softmax	cost_features_500	multioutput_ridge	1.0	4	identity_no_training	0.0	0	3f7d38c76de40bf0bd570c754bf4b4f0dbd5d4398d20c355d919d1cc8de634b6	349	0	78		0.9230769230769231	1.0	1.0	0.9615384615384616	1.0	0.9743589743589743	0.38810634482914924
HER2ST_manual_controlled	HER2ST_E1_CONTROLLED	HER2ST_E1_CONTROLLED	HER2ST::E	forward	row_softmax	cost_features_500	multioutput_ridge	1.0	4	all_top1	1.0	0	3f7d38c76de40bf0bd570c754bf4b4f0dbd5d4398d20c355d919d1cc8de634b6	349	349	78	0.9541547277936963	0.01282051282051282	0.11538461538461539	0.20512820512820512	0.06714888099427976	76.5	0.8333333333333334	0.8012327461916872
HER2ST_manual_controlled	HER2ST_E1_CONTROLLED	HER2ST_E1_CONTROLLED	HER2ST::E	forward	row_softmax	cost_features_500	multioutput_ridge	1.0	4	max_probability_gate	0.8	0	3f7d38c76de40bf0bd570c754bf4b4f0dbd5d4398d20c355d919d1cc8de634b6	349	280	78	0.9464285714285714	0.01282051282051282	0.0641025641025641	0.16666666666666666	0.056416590301547456	93.0	0.8333333333333334	0.7986849681005712
HER2ST_manual_controlled	HER2ST_E1_CONTROLLED	HER2ST_E1_CONTROLLED	HER2ST::E	forward	row_softmax	cost_features_500	multioutput_ridge	1.0	4	top2_margin_gate	0.8	0	3f7d38c76de40bf0bd570c754bf4b4f0dbd5d4398d20c355d919d1cc8de634b6	349	280	78	0.9857142857142858	0.01282051282051282	0.07692307692307693	0.1794871794871795	0.057501109215681745	89.5	0.8333333333333334	0.8002068753035246
HER2ST_manual_controlled	HER2ST_E1_CONTROLLED	HER2ST_E1_CONTROLLED	HER2ST::E	forward	row_softmax	cost_features_500	multioutput_ridge	1.0	4	oracle_truth	0.8	0	3f7d38c76de40bf0bd570c754bf4b4f0dbd5d4398d20c355d919d1cc8de634b6	349	280	78	1.0	0.01282051282051282	0.05128205128205128	0.16666666666666666	0.05487356450385946	81.0	0.8333333333333334	0.8006976476030234
HER2ST_manual_controlled	HER2ST_E1_CONTROLLED	HER2ST_E1_CONTROLLED	HER2ST::E	forward	row_softmax	cost_features_500	multioutput_ridge	1.0	4	random_gate	0.8	0	3f7d38c76de40bf0bd570c754bf4b4f0dbd5d4398d20c355d919d1cc8de634b6	349	280	78	0.9571428571428572	0.01282051282051282	0.08974358974358974	0.1794871794871795	0.056226049693290536	88.0	0.8333333333333334	0.8001411750370758
HER2ST_manual_controlled	HER2ST_E1_CONTROLLED	HER2ST_E1_CONTROLLED	HER2ST::E	forward	row_softmax	cost_features_500	multioutput_ridge	1.0	4	random_gate	0.8	1	3f7d38c76de40bf0bd570c754bf4b4f0dbd5d4398d20c355d919d1cc8de634b6	349	280	78	0.9571428571428572	0.01282051282051282	0.07692307692307693	0.16666666666666666	0.05689628569330299	83.5	0.8333333333333334	0.8007165737097882
HER2ST_manual_controlled	HER2ST_E1_CONTROLLED	HER2ST_E1_CONTROLLED	HER2ST::E	forward	row_softmax	cost_features_500	multioutput_ridge	1.0	4	random_gate	0.8	2	3f7d38c76de40bf0bd570c754bf4b4f0dbd5d4398d20c355d919d1cc8de634b6	349	280	78	0.9464285714285714	0.01282051282051282	0.07692307692307693	0.1794871794871795	0.05888937094181544	88.5	0.8333333333333334	0.7999272861983192
HER2ST_manual_controlled	HER2ST_E1_CONTROLLED	HER2ST_E1_CONTROLLED	HER2ST::E	forward	row_softmax	cost_features_500	multioutput_ridge	1.0	4	random_gate	0.8	3	3f7d38c76de40bf0bd570c754bf4b4f0dbd5d4398d20c355d919d1cc8de634b6	349	280	78	0.9464285714285714	0.01282051282051282	0.07692307692307693	0.16666666666666666	0.05531672453862809	90.0	0.8333333333333334	0.799871106959739
HER2ST_manual_controlled	HER2ST_E1_CONTROLLED	HER2ST_E1_CONTROLLED	HER2ST::E	forward	row_softmax	cost_features_500	multioutput_ridge	1.0	4	random_gate	0.8	4	3f7d38c76de40bf0bd570c754bf4b4f0dbd5d4398d20c355d919d1cc8de634b6	349	280	78	0.9571428571428572	0.01282051282051282	0.05128205128205128	0.1794871794871795	0.0570045010113396	88.5	0.8333333333333334	0.8006077841364544
HER2ST_manual_controlled	HER2ST_E1_CONTROLLED__reverse	HER2ST_E1_CONTROLLED	HER2ST::E	reverse	balanced_ot	cost_features_500	multioutput_ridge	1.0	0	identity_no_training	0.0	0	4200b19feba48abb9b8694b402d585eaf1567c673ebcad0d1f3ab532703e76a4	347	0	80		0.975	1.0	1.0	0.9875	1.0	0.975	0.38675543565816617
HER2ST_manual_controlled	HER2ST_E1_CONTROLLED__reverse	HER2ST_E1_CONTROLLED	HER2ST::E	reverse	balanced_ot	cost_features_500	multioutput_ridge	1.0	0	all_top1	1.0	0	4200b19feba48abb9b8694b402d585eaf1567c673ebcad0d1f3ab532703e76a4	347	347	80	0.6714697406340058	0.0	0.0125	0.025	0.015013984113485198	167.5	0.3375	0.8043883560781142
HER2ST_manual_controlled	HER2ST_E1_CONTROLLED__reverse	HER2ST_E1_CONTROLLED	HER2ST::E	reverse	balanced_ot	cost_features_500	multioutput_ridge	1.0	0	max_probability_gate	0.8	0	4200b19feba48abb9b8694b402d585eaf1567c673ebcad0d1f3ab532703e76a4	347	278	80	0.6438848920863309	0.0	0.0125	0.025	0.014696672610288475	171.5	0.325	0.8040835728692898
HER2ST_manual_controlled	HER2ST_E1_CONTROLLED__reverse	HER2ST_E1_CONTROLLED	HER2ST::E	reverse	balanced_ot	cost_features_500	multioutput_ridge	1.0	0	top2_margin_gate	0.8	0	4200b19feba48abb9b8694b402d585eaf1567c673ebcad0d1f3ab532703e76a4	347	278	80	0.8309352517985612	0.0	0.025	0.025	0.016981926772180436	164.5	0.2875	0.8046848864840748
HER2ST_manual_controlled	HER2ST_E1_CONTROLLED__reverse	HER2ST_E1_CONTROLLED	HER2ST::E	reverse	balanced_ot	cost_features_500	multioutput_ridge	1.0	0	oracle_truth	0.8	0	4200b19feba48abb9b8694b402d585eaf1567c673ebcad0d1f3ab532703e76a4	347	278	80	1.0	0.0	0.025	0.025	0.018321362968515147	159.5	0.3375	0.8053741496839409
HER2ST_manual_controlled	HER2ST_E1_CONTROLLED__reverse	HER2ST_E1_CONTROLLED	HER2ST::E	reverse	balanced_ot	cost_features_500	multioutput_ridge	1.0	0	random_gate	0.8	0	4200b19feba48abb9b8694b402d585eaf1567c673ebcad0d1f3ab532703e76a4	347	278	80	0.6618705035971223	0.0	0.0125	0.025	0.015147342429706178	172.5	0.3625	0.8041979413670397
HER2ST_manual_controlled	HER2ST_E1_CONTROLLED__reverse	HER2ST_E1_CONTROLLED	HER2ST::E	reverse	balanced_ot	cost_features_500	multioutput_ridge	1.0	0	random_gate	0.8	1	4200b19feba48abb9b8694b402d585eaf1567c673ebcad0d1f3ab532703e76a4	347	278	80	0.6870503597122302	0.0	0.0125	0.025	0.015151729528475124	172.0	0.275	0.8039179052027107
HER2ST_manual_controlled	HER2ST_E1_CONTROLLED__reverse	HER2ST_E1_CONTROLLED	HER2ST::E	reverse	balanced_ot	cost_features_500	multioutput_ridge	1.0	0	random_gate	0.8	2	4200b19feba48abb9b8694b402d585eaf1567c673ebcad0d1f3ab532703e76a4	347	278	80	0.6762589928057554	0.0	0.0125	0.025	0.014941371077691851	173.5	0.2625	0.8041384811834785
HER2ST_manual_controlled	HER2ST_E1_CONTROLLED__reverse	HER2ST_E1_CONTROLLED	HER2ST::E	reverse	balanced_ot	cost_features_500	multioutput_ridge	1.0	0	random_gate	0.8	3	4200b19feba48abb9b8694b402d585eaf1567c673ebcad0d1f3ab532703e76a4	347	278	80	0.6654676258992805	0.0	0.0125	0.025	0.014801021330864684	177.5	0.275	0.8035746711628118
HER2ST_manual_controlled	HER2ST_E1_CONTROLLED__reverse	HER2ST_E1_CONTROLLED	HER2ST::E	reverse	balanced_ot	cost_features_500	multioutput_ridge	1.0	0	random_gate	0.8	4	4200b19feba48abb9b8694b402d585eaf1567c673ebcad0d1f3ab532703e76a4	347	278	80	0.6726618705035972	0.0	0.0125	0.025	0.014975828136923617	164.5	0.3375	0.8037797249176991
HER2ST_manual_controlled	HER2ST_E1_CONTROLLED__reverse	HER2ST_E1_CONTROLLED	HER2ST::E	reverse	balanced_ot	cost_features_500	multioutput_ridge	1.0	1	identity_no_training	0.0	0	4200b19feba48abb9b8694b402d585eaf1567c673ebcad0d1f3ab532703e76a4	341	0	86		1.0	1.0	1.0	1.0	1.0	1.0	0.38801597929242077
HER2ST_manual_controlled	HER2ST_E1_CONTROLLED__reverse	HER2ST_E1_CONTROLLED	HER2ST::E	reverse	balanced_ot	cost_features_500	multioutput_ridge	1.0	1	all_top1	1.0	0	4200b19feba48abb9b8694b402d585eaf1567c673ebcad0d1f3ab532703e76a4	341	341	86	0.7712609970674487	0.011627906976744186	0.023255813953488372	0.05813953488372093	0.0260318879465876	202.0	0.5930232558139535	0.7897918547647027
HER2ST_manual_controlled	HER2ST_E1_CONTROLLED__reverse	HER2ST_E1_CONTROLLED	HER2ST::E	reverse	balanced_ot	cost_features_500	multioutput_ridge	1.0	1	max_probability_gate	0.8	0	4200b19feba48abb9b8694b402d585eaf1567c673ebcad0d1f3ab532703e76a4	341	273	86	0.7619047619047619	0.011627906976744186	0.023255813953488372	0.05813953488372093	0.025350623757009447	213.5	0.6046511627906976	0.7877695654961103
HER2ST_manual_controlled	HER2ST_E1_CONTROLLED__reverse	HER2ST_E1_CONTROLLED	HER2ST::E	reverse	balanced_ot	cost_features_500	multioutput_ridge	1.0	1	top2_margin_gate	0.8	0	4200b19feba48abb9b8694b402d585eaf1567c673ebcad0d1f3ab532703e76a4	341	273	86	0.9304029304029304	0.011627906976744186	0.023255813953488372	0.046511627906976744	0.02584754468026594	197.5	0.6046511627906976	0.791309336457412
HER2ST_manual_controlled	HER2ST_E1_CONTROLLED__reverse	HER2ST_E1_CONTROLLED	HER2ST::E	reverse	balanced_ot	cost_features_500	multioutput_ridge	1.0	1	oracle_truth	0.8	0	4200b19feba48abb9b8694b402d585eaf1567c673ebcad0d1f3ab532703e76a4	341	273	86	1.0	0.011627906976744186	0.023255813953488372	0.05813953488372093	0.026030774892203682	186.0	0.5813953488372093	0.7915777724557552
HER2ST_manual_controlled	HER2ST_E1_CONTROLLED__reverse	HER2ST_E1_CONTROLLED	HER2ST::E	reverse	balanced_ot	cost_features_500	multioutput_ridge	1.0	1	random_gate	0.8	0	4200b19feba48abb9b8694b402d585eaf1567c673ebcad0d1f3ab532703e76a4	341	273	86	0.7802197802197802	0.011627906976744186	0.023255813953488372	0.05813953488372093	0.025931227403442423	207.5	0.5930232558139535	0.7895984309683095
HER2ST_manual_controlled	HER2ST_E1_CONTROLLED__reverse	HER2ST_E1_CONTROLLED	HER2ST::E	reverse	balanced_ot	cost_features_500	multioutput_ridge	1.0	1	random_gate	0.8	1	4200b19feba48abb9b8694b402d585eaf1567c673ebcad0d1f3ab532703e76a4	341	273	86	0.7692307692307693	0.0	0.023255813953488372	0.05813953488372093	0.019916216733932318	211.0	0.5813953488372093	0.7885909366890572
HER2ST_manual_controlled	HER2ST_E1_CONTROLLED__reverse	HER2ST_E1_CONTROLLED	HER2ST::E	reverse	balanced_ot	cost_features_500	multioutput_ridge	1.0	1	random_gate	0.8	2	4200b19feba48abb9b8694b402d585eaf1567c673ebcad0d1f3ab532703e76a4	341	273	86	0.7802197802197802	0.011627906976744186	0.023255813953488372	0.05813953488372093	0.025483884200203623	208.0	0.5813953488372093	0.7893085667603993
HER2ST_manual_controlled	HER2ST_E1_CONTROLLED__reverse	HER2ST_E1_CONTROLLED	HER2ST::E	reverse	balanced_ot	cost_features_500	multioutput_ridge	1.0	1	random_gate	0.8	3	4200b19feba48abb9b8694b402d585eaf1567c673ebcad0d1f3ab532703e76a4	341	273	86	0.73992673992674	0.0	0.023255813953488372	0.05813953488372093	0.01997511538881004	213.5	0.5930232558139535	0.7889530840989805
HER2ST_manual_controlled	HER2ST_E1_CONTROLLED__reverse	HER2ST_E1_CONTROLLED	HER2ST::E	reverse	balanced_ot	cost_features_500	multioutput_ridge	1.0	1	random_gate	0.8	4	4200b19feba48abb9b8694b402d585eaf1567c673ebcad0d1f3ab532703e76a4	341	273	86	0.7545787545787546	0.0	0.023255813953488372	0.046511627906976744	0.019838661474796418	213.5	0.5813953488372093	0.7886549393736488
HER2ST_manual_controlled	HER2ST_E1_CONTROLLED__reverse	HER2ST_E1_CONTROLLED	HER2ST::E	reverse	balanced_ot	cost_features_500	multioutput_ridge	1.0	2	identity_no_training	0.0	0	4200b19feba48abb9b8694b402d585eaf1567c673ebcad0d1f3ab532703e76a4	332	0	95		1.0	1.0	1.0	1.0	1.0	1.0	0.38482477985699726
HER2ST_manual_controlled	HER2ST_E1_CONTROLLED__reverse	HER2ST_E1_CONTROLLED	HER2ST::E	reverse	balanced_ot	cost_features_500	multioutput_ridge	1.0	2	all_top1	1.0	0	4200b19feba48abb9b8694b402d585eaf1567c673ebcad0d1f3ab532703e76a4	332	332	95	0.8373493975903614	0.0	0.0	0.0	0.0027868041269380416	420.0	0.2	0.6898938528395726
HER2ST_manual_controlled	HER2ST_E1_CONTROLLED__reverse	HER2ST_E1_CONTROLLED	HER2ST::E	reverse	balanced_ot	cost_features_500	multioutput_ridge	1.0	2	max_probability_gate	0.8	0	4200b19feba48abb9b8694b402d585eaf1567c673ebcad0d1f3ab532703e76a4	332	266	95	0.8120300751879699	0.0	0.0	0.0	0.002745002150396873	425.0	0.18947368421052632	0.6876235848590194
HER2ST_manual_controlled	HER2ST_E1_CONTROLLED__reverse	HER2ST_E1_CONTROLLED	HER2ST::E	reverse	balanced_ot	cost_features_500	multioutput_ridge	1.0	2	top2_margin_gate	0.8	0	4200b19feba48abb9b8694b402d585eaf1567c673ebcad0d1f3ab532703e76a4	332	266	95	0.9548872180451128	0.0	0.0	0.0	0.0027683589611678413	420.0	0.18947368421052632	0.6896870776102539
HER2ST_manual_controlled	HER2ST_E1_CONTROLLED__reverse	HER2ST_E1_CONTROLLED	HER2ST::E	reverse	balanced_ot	cost_features_500	multioutput_ridge	1.0	2	oracle_truth	0.8	0	4200b19feba48abb9b8694b402d585eaf1567c673ebcad0d1f3ab532703e76a4	332	266	95	1.0	0.0	0.0	0.0	0.0027781910755457604	418.0	0.25263157894736843	0.6901136772367437
HER2ST_manual_controlled	HER2ST_E1_CONTROLLED__reverse	HER2ST_E1_CONTROLLED	HER2ST::E	reverse	balanced_ot	cost_features_500	multioutput_ridge	1.0	2	random_gate	0.8	0	4200b19feba48abb9b8694b402d585eaf1567c673ebcad0d1f3ab532703e76a4	332	266	95	0.8345864661654135	0.0	0.0	0.0	0.0027479018481384536	425.0	0.22105263157894736	0.688179990761735
HER2ST_manual_controlled	HER2ST_E1_CONTROLLED__reverse	HER2ST_E1_CONTROLLED	HER2ST::E	reverse	balanced_ot	cost_features_500	multioutput_ridge	1.0	2	random_gate	0.8	1	4200b19feba48abb9b8694b402d585eaf1567c673ebcad0d1f3ab532703e76a4	332	266	95	0.8270676691729323	0.0	0.0	0.0	0.0027400706138825544	422.0	0.21052631578947367	0.6874433405028452
HER2ST_manual_controlled	HER2ST_E1_CONTROLLED__reverse	HER2ST_E1_CONTROLLED	HER2ST::E	reverse	balanced_ot	cost_features_500	multioutput_ridge	1.0	2	random_gate	0.8	2	4200b19feba48abb9b8694b402d585eaf1567c673ebcad0d1f3ab532703e76a4	332	266	95	0.8345864661654135	0.0	0.0	0.0	0.002738993195976203	420.0	0.18947368421052632	0.688120573418075
HER2ST_manual_controlled	HER2ST_E1_CONTROLLED__reverse	HER2ST_E1_CONTROLLED	HER2ST::E	reverse	balanced_ot	cost_features_500	multioutput_ridge	1.0	2	random_gate	0.8	3	4200b19feba48abb9b8694b402d585eaf1567c673ebcad0d1f3ab532703e76a4	332	266	95	0.8308270676691729	0.0	0.0	0.0	0.00274852903101395	423.0	0.23157894736842105	0.6883875736858545
HER2ST_manual_controlled	HER2ST_E1_CONTROLLED__reverse	HER2ST_E1_CONTROLLED	HER2ST::E	reverse	balanced_ot	cost_features_500	multioutput_ridge	1.0	2	random_gate	0.8	4	4200b19feba48abb9b8694b402d585eaf1567c673ebcad0d1f3ab532703e76a4	332	266	95	0.8270676691729323	0.0	0.0	0.0	0.002742829563670922	424.0	0.2	0.6883374238701515
HER2ST_manual_controlled	HER2ST_E1_CONTROLLED__reverse	HER2ST_E1_CONTROLLED	HER2ST::E	reverse	balanced_ot	cost_features_500	multioutput_ridge	1.0	3	identity_no_training	0.0	0	4200b19feba48abb9b8694b402d585eaf1567c673ebcad0d1f3ab532703e76a4	334	0	93		1.0	1.0	1.0	1.0	1.0	1.0	0.3943156261019013
HER2ST_manual_controlled	HER2ST_E1_CONTROLLED__reverse	HER2ST_E1_CONTROLLED	HER2ST::E	reverse	balanced_ot	cost_features_500	multioutput_ridge	1.0	3	all_top1	1.0	0	4200b19feba48abb9b8694b402d585eaf1567c673ebcad0d1f3ab532703e76a4	334	334	93	0.6946107784431138	0.0	0.0	0.0	0.004745895194641112	297.0	0.13978494623655913	0.7388351230597208
HER2ST_manual_controlled	HER2ST_E1_CONTROLLED__reverse	HER2ST_E1_CONTROLLED	HER2ST::E	reverse	balanced_ot	cost_features_500	multioutput_ridge	1.0	3	max_probability_gate	0.8	0	4200b19feba48abb9b8694b402d585eaf1567c673ebcad0d1f3ab532703e76a4	334	268	93	0.6791044776119403	0.0	0.0	0.0	0.00466933368526711	306.0	0.16129032258064516	0.7375261015576292
HER2ST_manual_controlled	HER2ST_E1_CONTROLLED__reverse	HER2ST_E1_CONTROLLED	HER2ST::E	reverse	balanced_ot	cost_features_500	multioutput_ridge	1.0	3	top2_margin_gate	0.8	0	4200b19feba48abb9b8694b402d585eaf1567c673ebcad0d1f3ab532703e76a4	334	268	93	0.8432835820895522	0.0	0.0	0.0	0.0045834713961456774	306.0	0.07526881720430108	0.7388111399019652
HER2ST_manual_controlled	HER2ST_E1_CONTROLLED__reverse	HER2ST_E1_CONTROLLED	HER2ST::E	reverse	balanced_ot	cost_features_500	multioutput_ridge	1.0	3	oracle_truth	0.8	0	4200b19feba48abb9b8694b402d585eaf1567c673ebcad0d1f3ab532703e76a4	334	268	93	1.0	0.0	0.0	0.0	0.004464971993781185	300.0	0.0967741935483871	0.7403419611848947
HER2ST_manual_controlled	HER2ST_E1_CONTROLLED__reverse	HER2ST_E1_CONTROLLED	HER2ST::E	reverse	balanced_ot	cost_features_500	multioutput_ridge	1.0	3	random_gate	0.8	0	4200b19feba48abb9b8694b402d585eaf1567c673ebcad0d1f3ab532703e76a4	334	268	93	0.7089552238805971	0.0	0.0	0.0	0.00458479803485887	302.0	0.07526881720430108	0.7379214567745541
HER2ST_manual_controlled	HER2ST_E1_CONTROLLED__reverse	HER2ST_E1_CONTROLLED	HER2ST::E	reverse	balanced_ot	cost_features_500	multioutput_ridge	1.0	3	random_gate	0.8	1	4200b19feba48abb9b8694b402d585eaf1567c673ebcad0d1f3ab532703e76a4	334	268	93	0.7052238805970149	0.0	0.0	0.0	0.004523415519314003	304.0	0.17204301075268819	0.7375049335038913
HER2ST_manual_controlled	HER2ST_E1_CONTROLLED__reverse	HER2ST_E1_CONTROLLED	HER2ST::E	reverse	balanced_ot	cost_features_500	multioutput_ridge	1.0	3	random_gate	0.8	2	4200b19feba48abb9b8694b402d585eaf1567c673ebcad0d1f3ab532703e76a4	334	268	93	0.6865671641791045	0.0	0.0	0.0	0.004578830190693404	307.0	0.053763440860215055	0.7380821303380206
HER2ST_manual_controlled	HER2ST_E1_CONTROLLED__reverse	HER2ST_E1_CONTROLLED	HER2ST::E	reverse	balanced_ot	cost_features_500	multioutput_ridge	1.0	3	random_gate	0.8	3	4200b19feba48abb9b8694b402d585eaf1567c673ebcad0d1f3ab532703e76a4	334	268	93	0.7089552238805971	0.0	0.0	0.0	0.0045418822355610036	301.0	0.0967741935483871	0.7378077872662929
HER2ST_manual_controlled	HER2ST_E1_CONTROLLED__reverse	HER2ST_E1_CONTROLLED	HER2ST::E	reverse	balanced_ot	cost_features_500	multioutput_ridge	1.0	3	random_gate	0.8	4	4200b19feba48abb9b8694b402d585eaf1567c673ebcad0d1f3ab532703e76a4	334	268	93	0.6940298507462687	0.0	0.0	0.0	0.0045664890142161655	305.0	0.06451612903225806	0.7372663514151543
HER2ST_manual_controlled	HER2ST_E1_CONTROLLED__reverse	HER2ST_E1_CONTROLLED	HER2ST::E	reverse	balanced_ot	cost_features_500	multioutput_ridge	1.0	4	identity_no_training	0.0	0	4200b19feba48abb9b8694b402d585eaf1567c673ebcad0d1f3ab532703e76a4	354	0	73		1.0	1.0	1.0	1.0	1.0	1.0	0.3905775880071249
HER2ST_manual_controlled	HER2ST_E1_CONTROLLED__reverse	HER2ST_E1_CONTROLLED	HER2ST::E	reverse	balanced_ot	cost_features_500	multioutput_ridge	1.0	4	all_top1	1.0	0	4200b19feba48abb9b8694b402d585eaf1567c673ebcad0d1f3ab532703e76a4	354	354	73	0.672316384180791	0.0	0.0	0.0	0.0040142380708195445	311.0	0.7945205479452054	0.751605876947792
HER2ST_manual_controlled	HER2ST_E1_CONTROLLED__reverse	HER2ST_E1_CONTROLLED	HER2ST::E	reverse	balanced_ot	cost_features_500	multioutput_ridge	1.0	4	max_probability_gate	0.8	0	4200b19feba48abb9b8694b402d585eaf1567c673ebcad0d1f3ab532703e76a4	354	284	73	0.6514084507042254	0.0	0.0	0.0	0.0038930985084032676	324.0	0.8493150684931506	0.7494542680831329
HER2ST_manual_controlled	HER2ST_E1_CONTROLLED__reverse	HER2ST_E1_CONTROLLED	HER2ST::E	reverse	balanced_ot	cost_features_500	multioutput_ridge	1.0	4	top2_margin_gate	0.8	0	4200b19feba48abb9b8694b402d585eaf1567c673ebcad0d1f3ab532703e76a4	354	284	73	0.823943661971831	0.0	0.0	0.0	0.004081868657590394	313.0	0.821917808219178	0.7536686585162726
HER2ST_manual_controlled	HER2ST_E1_CONTROLLED__reverse	HER2ST_E1_CONTROLLED	HER2ST::E	reverse	balanced_ot	cost_features_500	multioutput_ridge	1.0	4	oracle_truth	0.8	0	4200b19feba48abb9b8694b402d585eaf1567c673ebcad0d1f3ab532703e76a4	354	284	73	1.0	0.0	0.0	0.0	0.00439322400435011	305.0	0.821917808219178	0.7573970490722008
HER2ST_manual_controlled	HER2ST_E1_CONTROLLED__reverse	HER2ST_E1_CONTROLLED	HER2ST::E	reverse	balanced_ot	cost_features_500	multioutput_ridge	1.0	4	random_gate	0.8	0	4200b19feba48abb9b8694b402d585eaf1567c673ebcad0d1f3ab532703e76a4	354	284	73	0.6584507042253521	0.0	0.0	0.0	0.003932115728555547	317.0	0.7945205479452054	0.7502079370974769
HER2ST_manual_controlled	HER2ST_E1_CONTROLLED__reverse	HER2ST_E1_CONTROLLED	HER2ST::E	reverse	balanced_ot	cost_features_500	multioutput_ridge	1.0	4	random_gate	0.8	1	4200b19feba48abb9b8694b402d585eaf1567c673ebcad0d1f3ab532703e76a4	354	284	73	0.6690140845070423	0.0	0.0	0.0	0.00396624185624356	317.0	0.8356164383561644	0.750669467157126
HER2ST_manual_controlled	HER2ST_E1_CONTROLLED__reverse	HER2ST_E1_CONTROLLED	HER2ST::E	reverse	balanced_ot	cost_features_500	multioutput_ridge	1.0	4	random_gate	0.8	2	4200b19feba48abb9b8694b402d585eaf1567c673ebcad0d1f3ab532703e76a4	354	284	73	0.6584507042253521	0.0	0.0	0.0	0.003890342552695522	316.0	0.7534246575342466	0.7497972789584636
HER2ST_manual_controlled	HER2ST_E1_CONTROLLED__reverse	HER2ST_E1_CONTROLLED	HER2ST::E	reverse	balanced_ot	cost_features_500	multioutput_ridge	1.0	4	random_gate	0.8	3	4200b19feba48abb9b8694b402d585eaf1567c673ebcad0d1f3ab532703e76a4	354	284	73	0.6549295774647887	0.0	0.0	0.0	0.003928011150698681	318.0	0.8356164383561644	0.7501834424250475
HER2ST_manual_controlled	HER2ST_E1_CONTROLLED__reverse	HER2ST_E1_CONTROLLED	HER2ST::E	reverse	balanced_ot	cost_features_500	multioutput_ridge	1.0	4	random_gate	0.8	4	4200b19feba48abb9b8694b402d585eaf1567c673ebcad0d1f3ab532703e76a4	354	284	73	0.6619718309859155	0.0	0.0	0.0	0.003908393349883924	318.0	0.7808219178082192	0.7501220373690141
HER2ST_manual_controlled	HER2ST_E1_CONTROLLED__reverse	HER2ST_E1_CONTROLLED	HER2ST::E	reverse	uot	cost_features_500	multioutput_ridge	1.0	0	identity_no_training	0.0	0	4200b19feba48abb9b8694b402d585eaf1567c673ebcad0d1f3ab532703e76a4	347	0	80		0.975	1.0	1.0	0.9875	1.0	0.975	0.38675543565816617
HER2ST_manual_controlled	HER2ST_E1_CONTROLLED__reverse	HER2ST_E1_CONTROLLED	HER2ST::E	reverse	uot	cost_features_500	multioutput_ridge	1.0	0	all_top1	1.0	0	4200b19feba48abb9b8694b402d585eaf1567c673ebcad0d1f3ab532703e76a4	347	347	80	0.8213256484149856	0.0	0.0125	0.025	0.016488799207188088	156.0	0.375	0.80585547487445
HER2ST_manual_controlled	HER2ST_E1_CONTROLLED__reverse	HER2ST_E1_CONTROLLED	HER2ST::E	reverse	uot	cost_features_500	multioutput_ridge	1.0	0	max_probability_gate	0.8	0	4200b19feba48abb9b8694b402d585eaf1567c673ebcad0d1f3ab532703e76a4	347	278	80	0.8165467625899281	0.0	0.0125	0.025	0.015445190867280554	168.5	0.3625	0.805641416330577
HER2ST_manual_controlled	HER2ST_E1_CONTROLLED__reverse	HER2ST_E1_CONTROLLED	HER2ST::E	reverse	uot	cost_features_500	multioutput_ridge	1.0	0	top2_margin_gate	0.8	0	4200b19feba48abb9b8694b402d585eaf1567c673ebcad0d1f3ab532703e76a4	347	278	80	0.960431654676259	0.0	0.025	0.025	0.018602902088107342	158.0	0.3	0.8052077138596119
HER2ST_manual_controlled	HER2ST_E1_CONTROLLED__reverse	HER2ST_E1_CONTROLLED	HER2ST::E	reverse	uot	cost_features_500	multioutput_ridge	1.0	0	oracle_truth	0.8	0	4200b19feba48abb9b8694b402d585eaf1567c673ebcad0d1f3ab532703e76a4	347	278	80	1.0	0.0	0.025	0.025	0.018871652569989027	160.5	0.3125	0.8057808703877332
HER2ST_manual_controlled	HER2ST_E1_CONTROLLED__reverse	HER2ST_E1_CONTROLLED	HER2ST::E	reverse	uot	cost_features_500	multioutput_ridge	1.0	0	random_gate	0.8	0	4200b19feba48abb9b8694b402d585eaf1567c673ebcad0d1f3ab532703e76a4	347	278	80	0.8093525179856115	0.0	0.025	0.025	0.01691359884273113	161.5	0.3625	0.8050817104295603
HER2ST_manual_controlled	HER2ST_E1_CONTROLLED__reverse	HER2ST_E1_CONTROLLED	HER2ST::E	reverse	uot	cost_features_500	multioutput_ridge	1.0	0	random_gate	0.8	1	4200b19feba48abb9b8694b402d585eaf1567c673ebcad0d1f3ab532703e76a4	347	278	80	0.8165467625899281	0.0	0.0125	0.025	0.01540738956191276	164.5	0.3625	0.8054415062908404
HER2ST_manual_controlled	HER2ST_E1_CONTROLLED__reverse	HER2ST_E1_CONTROLLED	HER2ST::E	reverse	uot	cost_features_500	multioutput_ridge	1.0	0	random_gate	0.8	2	4200b19feba48abb9b8694b402d585eaf1567c673ebcad0d1f3ab532703e76a4	347	278	80	0.8345323741007195	0.0	0.0125	0.025	0.015898883740379444	166.0	0.45	0.8055940917557287
HER2ST_manual_controlled	HER2ST_E1_CONTROLLED__reverse	HER2ST_E1_CONTROLLED	HER2ST::E	reverse	uot	cost_features_500	multioutput_ridge	1.0	0	random_gate	0.8	3	4200b19feba48abb9b8694b402d585eaf1567c673ebcad0d1f3ab532703e76a4	347	278	80	0.802158273381295	0.0	0.0125	0.025	0.01574677297535059	163.0	0.3375	0.8052537827599686
HER2ST_manual_controlled	HER2ST_E1_CONTROLLED__reverse	HER2ST_E1_CONTROLLED	HER2ST::E	reverse	uot	cost_features_500	multioutput_ridge	1.0	0	random_gate	0.8	4	4200b19feba48abb9b8694b402d585eaf1567c673ebcad0d1f3ab532703e76a4	347	278	80	0.8309352517985612	0.0	0.0125	0.025	0.016163383526458085	163.5	0.2875	0.8050094750256545
HER2ST_manual_controlled	HER2ST_E1_CONTROLLED__reverse	HER2ST_E1_CONTROLLED	HER2ST::E	reverse	uot	cost_features_500	multioutput_ridge	1.0	1	identity_no_training	0.0	0	4200b19feba48abb9b8694b402d585eaf1567c673ebcad0d1f3ab532703e76a4	341	0	86		1.0	1.0	1.0	1.0	1.0	1.0	0.38801597929242077
HER2ST_manual_controlled	HER2ST_E1_CONTROLLED__reverse	HER2ST_E1_CONTROLLED	HER2ST::E	reverse	uot	cost_features_500	multioutput_ridge	1.0	1	all_top1	1.0	0	4200b19feba48abb9b8694b402d585eaf1567c673ebcad0d1f3ab532703e76a4	341	341	86	0.8944281524926686	0.0	0.023255813953488372	0.05813953488372093	0.020747971117589865	196.0	0.5697674418604651	0.7916015753271161
HER2ST_manual_controlled	HER2ST_E1_CONTROLLED__reverse	HER2ST_E1_CONTROLLED	HER2ST::E	reverse	uot	cost_features_500	multioutput_ridge	1.0	1	max_probability_gate	0.8	0	4200b19feba48abb9b8694b402d585eaf1567c673ebcad0d1f3ab532703e76a4	341	273	86	0.8974358974358975	0.0	0.023255813953488372	0.05813953488372093	0.020260050210246006	204.5	0.5813953488372093	0.7898453741785947
HER2ST_manual_controlled	HER2ST_E1_CONTROLLED__reverse	HER2ST_E1_CONTROLLED	HER2ST::E	reverse	uot	cost_features_500	multioutput_ridge	1.0	1	top2_margin_gate	0.8	0	4200b19feba48abb9b8694b402d585eaf1567c673ebcad0d1f3ab532703e76a4	341	273	86	0.9963369963369964	0.0	0.023255813953488372	0.05813953488372093	0.02081420418060807	191.5	0.5930232558139535	0.7917423866592807
HER2ST_manual_controlled	HER2ST_E1_CONTROLLED__reverse	HER2ST_E1_CONTROLLED	HER2ST::E	reverse	uot	cost_features_500	multioutput_ridge	1.0	1	oracle_truth	0.8	0	4200b19feba48abb9b8694b402d585eaf1567c673ebcad0d1f3ab532703e76a4	341	273	86	1.0	0.0	0.023255813953488372	0.046511627906976744	0.01907634440594327	185.5	0.6046511627906976	0.7910421211021184
HER2ST_manual_controlled	HER2ST_E1_CONTROLLED__reverse	HER2ST_E1_CONTROLLED	HER2ST::E	reverse	uot	cost_features_500	multioutput_ridge	1.0	1	random_gate	0.8	0	4200b19feba48abb9b8694b402d585eaf1567c673ebcad0d1f3ab532703e76a4	341	273	86	0.8791208791208791	0.0	0.023255813953488372	0.05813953488372093	0.020422718443847663	195.5	0.6046511627906976	0.7905634728175703
HER2ST_manual_controlled	HER2ST_E1_CONTROLLED__reverse	HER2ST_E1_CONTROLLED	HER2ST::E	reverse	uot	cost_features_500	multioutput_ridge	1.0	1	random_gate	0.8	1	4200b19feba48abb9b8694b402d585eaf1567c673ebcad0d1f3ab532703e76a4	341	273	86	0.8827838827838828	0.0	0.023255813953488372	0.05813953488372093	0.020388807944572162	196.0	0.5930232558139535	0.7907794440788386
HER2ST_manual_controlled	HER2ST_E1_CONTROLLED__reverse	HER2ST_E1_CONTROLLED	HER2ST::E	reverse	uot	cost_features_500	multioutput_ridge	1.0	1	random_gate	0.8	2	4200b19feba48abb9b8694b402d585eaf1567c673ebcad0d1f3ab532703e76a4	341	273	86	0.8974358974358975	0.0	0.023255813953488372	0.046511627906976744	0.020104084344763042	200.0	0.5813953488372093	0.7903777051442629
HER2ST_manual_controlled	HER2ST_E1_CONTROLLED__reverse	HER2ST_E1_CONTROLLED	HER2ST::E	reverse	uot	cost_features_500	multioutput_ridge	1.0	1	random_gate	0.8	3	4200b19feba48abb9b8694b402d585eaf1567c673ebcad0d1f3ab532703e76a4	341	273	86	0.8937728937728938	0.0	0.023255813953488372	0.046511627906976744	0.02012091582749324	199.5	0.5697674418604651	0.7908816575470734
HER2ST_manual_controlled	HER2ST_E1_CONTROLLED__reverse	HER2ST_E1_CONTROLLED	HER2ST::E	reverse	uot	cost_features_500	multioutput_ridge	1.0	1	random_gate	0.8	4	4200b19feba48abb9b8694b402d585eaf1567c673ebcad0d1f3ab532703e76a4	341	273	86	0.8974358974358975	0.0	0.023255813953488372	0.05813953488372093	0.02038596925440508	209.0	0.5697674418604651	0.7905821539938049
HER2ST_manual_controlled	HER2ST_E1_CONTROLLED__reverse	HER2ST_E1_CONTROLLED	HER2ST::E	reverse	uot	cost_features_500	multioutput_ridge	1.0	2	identity_no_training	0.0	0	4200b19feba48abb9b8694b402d585eaf1567c673ebcad0d1f3ab532703e76a4	332	0	95		1.0	1.0	1.0	1.0	1.0	1.0	0.38482477985699726
HER2ST_manual_controlled	HER2ST_E1_CONTROLLED__reverse	HER2ST_E1_CONTROLLED	HER2ST::E	reverse	uot	cost_features_500	multioutput_ridge	1.0	2	all_top1	1.0	0	4200b19feba48abb9b8694b402d585eaf1567c673ebcad0d1f3ab532703e76a4	332	332	95	0.8855421686746988	0.0	0.0	0.0	0.0027883641064701844	417.0	0.23157894736842105	0.6906415301680598
HER2ST_manual_controlled	HER2ST_E1_CONTROLLED__reverse	HER2ST_E1_CONTROLLED	HER2ST::E	reverse	uot	cost_features_500	multioutput_ridge	1.0	2	max_probability_gate	0.8	0	4200b19feba48abb9b8694b402d585eaf1567c673ebcad0d1f3ab532703e76a4	332	266	95	0.8834586466165414	0.0	0.0	0.0	0.002732176919150041	422.0	0.2	0.6881948385649697
HER2ST_manual_controlled	HER2ST_E1_CONTROLLED__reverse	HER2ST_E1_CONTROLLED	HER2ST::E	reverse	uot	cost_features_500	multioutput_ridge	1.0	2	top2_margin_gate	0.8	0	4200b19feba48abb9b8694b402d585eaf1567c673ebcad0d1f3ab532703e76a4	332	266	95	0.9849624060150376	0.0	0.0	0.0	0.002787464250293884	418.0	0.18947368421052632	0.6904112411737416
HER2ST_manual_controlled	HER2ST_E1_CONTROLLED__reverse	HER2ST_E1_CONTROLLED	HER2ST::E	reverse	uot	cost_features_500	multioutput_ridge	1.0	2	oracle_truth	0.8	0	4200b19feba48abb9b8694b402d585eaf1567c673ebcad0d1f3ab532703e76a4	332	266	95	1.0	0.0	0.0	0.0	0.002765882341306543	420.0	0.23157894736842105	0.6892756633412247
HER2ST_manual_controlled	HER2ST_E1_CONTROLLED__reverse	HER2ST_E1_CONTROLLED	HER2ST::E	reverse	uot	cost_features_500	multioutput_ridge	1.0	2	random_gate	0.8	0	4200b19feba48abb9b8694b402d585eaf1567c673ebcad0d1f3ab532703e76a4	332	266	95	0.8947368421052632	0.0	0.0	0.0	0.002746870684158153	421.0	0.22105263157894736	0.6890825273683049
HER2ST_manual_controlled	HER2ST_E1_CONTROLLED__reverse	HER2ST_E1_CONTROLLED	HER2ST::E	reverse	uot	cost_features_500	multioutput_ridge	1.0	2	random_gate	0.8	1	4200b19feba48abb9b8694b402d585eaf1567c673ebcad0d1f3ab532703e76a4	332	266	95	0.8721804511278195	0.0	0.0	0.0	0.0027403469376507013	422.0	0.22105263157894736	0.6884217432852341
HER2ST_manual_controlled	HER2ST_E1_CONTROLLED__reverse	HER2ST_E1_CONTROLLED	HER2ST::E	reverse	uot	cost_features_500	multioutput_ridge	1.0	2	random_gate	0.8	2	4200b19feba48abb9b8694b402d585eaf1567c673ebcad0d1f3ab532703e76a4	332	266	95	0.8872180451127819	0.0	0.0	0.0	0.002735543847252563	422.0	0.21052631578947367	0.688414651701012
HER2ST_manual_controlled	HER2ST_E1_CONTROLLED__reverse	HER2ST_E1_CONTROLLED	HER2ST::E	reverse	uot	cost_features_500	multioutput_ridge	1.0	2	random_gate	0.8	3	4200b19feba48abb9b8694b402d585eaf1567c673ebcad0d1f3ab532703e76a4	332	266	95	0.868421052631579	0.0	0.0	0.0	0.002727104989946442	422.0	0.21052631578947367	0.6884980311259955
HER2ST_manual_controlled	HER2ST_E1_CONTROLLED__reverse	HER2ST_E1_CONTROLLED	HER2ST::E	reverse	uot	cost_features_500	multioutput_ridge	1.0	2	random_gate	0.8	4	4200b19feba48abb9b8694b402d585eaf1567c673ebcad0d1f3ab532703e76a4	332	266	95	0.8947368421052632	0.0	0.0	0.0	0.0027385376130163682	421.0	0.2736842105263158	0.6889531672181091
HER2ST_manual_controlled	HER2ST_E1_CONTROLLED__reverse	HER2ST_E1_CONTROLLED	HER2ST::E	reverse	uot	cost_features_500	multioutput_ridge	1.0	3	identity_no_training	0.0	0	4200b19feba48abb9b8694b402d585eaf1567c673ebcad0d1f3ab532703e76a4	334	0	93		1.0	1.0	1.0	1.0	1.0	1.0	0.3943156261019013
HER2ST_manual_controlled	HER2ST_E1_CONTROLLED__reverse	HER2ST_E1_CONTROLLED	HER2ST::E	reverse	uot	cost_features_500	multioutput_ridge	1.0	3	all_top1	1.0	0	4200b19feba48abb9b8694b402d585eaf1567c673ebcad0d1f3ab532703e76a4	334	334	93	0.8143712574850299	0.0	0.0	0.0	0.004974522239518215	292.0	0.16129032258064516	0.7409033208820645
HER2ST_manual_controlled	HER2ST_E1_CONTROLLED__reverse	HER2ST_E1_CONTROLLED	HER2ST::E	reverse	uot	cost_features_500	multioutput_ridge	1.0	3	max_probability_gate	0.8	0	4200b19feba48abb9b8694b402d585eaf1567c673ebcad0d1f3ab532703e76a4	334	268	93	0.8059701492537313	0.0	0.0	0.0	0.004780719688030728	290.0	0.17204301075268819	0.7397590314177527
HER2ST_manual_controlled	HER2ST_E1_CONTROLLED__reverse	HER2ST_E1_CONTROLLED	HER2ST::E	reverse	uot	cost_features_500	multioutput_ridge	1.0	3	top2_margin_gate	0.8	0	4200b19feba48abb9b8694b402d585eaf1567c673ebcad0d1f3ab532703e76a4	334	268	93	0.9514925373134329	0.0	0.0	0.0	0.0045990622089886225	300.0	0.0967741935483871	0.7398926053908066
HER2ST_manual_controlled	HER2ST_E1_CONTROLLED__reverse	HER2ST_E1_CONTROLLED	HER2ST::E	reverse	uot	cost_features_500	multioutput_ridge	1.0	3	oracle_truth	0.8	0	4200b19feba48abb9b8694b402d585eaf1567c673ebcad0d1f3ab532703e76a4	334	268	93	1.0	0.0	0.0	0.0	0.004482419977512377	300.0	0.07526881720430108	0.740333936146508
HER2ST_manual_controlled	HER2ST_E1_CONTROLLED__reverse	HER2ST_E1_CONTROLLED	HER2ST::E	reverse	uot	cost_features_500	multioutput_ridge	1.0	3	random_gate	0.8	0	4200b19feba48abb9b8694b402d585eaf1567c673ebcad0d1f3ab532703e76a4	334	268	93	0.8059701492537313	0.0	0.0	0.0	0.004633129396333291	293.0	0.07526881720430108	0.7392489625701412
HER2ST_manual_controlled	HER2ST_E1_CONTROLLED__reverse	HER2ST_E1_CONTROLLED	HER2ST::E	reverse	uot	cost_features_500	multioutput_ridge	1.0	3	random_gate	0.8	1	4200b19feba48abb9b8694b402d585eaf1567c673ebcad0d1f3ab532703e76a4	334	268	93	0.8208955223880597	0.0	0.0	0.0	0.0045165586637653165	291.0	0.0967741935483871	0.7386614997487382
HER2ST_manual_controlled	HER2ST_E1_CONTROLLED__reverse	HER2ST_E1_CONTROLLED	HER2ST::E	reverse	uot	cost_features_500	multioutput_ridge	1.0	3	random_gate	0.8	2	4200b19feba48abb9b8694b402d585eaf1567c673ebcad0d1f3ab532703e76a4	334	268	93	0.8171641791044776	0.0	0.0	0.0	0.004634733513012867	295.0	0.11827956989247312	0.7395384280236617
HER2ST_manual_controlled	HER2ST_E1_CONTROLLED__reverse	HER2ST_E1_CONTROLLED	HER2ST::E	reverse	uot	cost_features_500	multioutput_ridge	1.0	3	random_gate	0.8	3	4200b19feba48abb9b8694b402d585eaf1567c673ebcad0d1f3ab532703e76a4	334	268	93	0.8059701492537313	0.0	0.0	0.0	0.004855461496679889	298.0	0.10752688172043011	0.7392163748932002
HER2ST_manual_controlled	HER2ST_E1_CONTROLLED__reverse	HER2ST_E1_CONTROLLED	HER2ST::E	reverse	uot	cost_features_500	multioutput_ridge	1.0	3	random_gate	0.8	4	4200b19feba48abb9b8694b402d585eaf1567c673ebcad0d1f3ab532703e76a4	334	268	93	0.8171641791044776	0.0	0.0	0.0	0.004737229639245155	299.0	0.1935483870967742	0.7391254658654279
HER2ST_manual_controlled	HER2ST_E1_CONTROLLED__reverse	HER2ST_E1_CONTROLLED	HER2ST::E	reverse	uot	cost_features_500	multioutput_ridge	1.0	4	identity_no_training	0.0	0	4200b19feba48abb9b8694b402d585eaf1567c673ebcad0d1f3ab532703e76a4	354	0	73		1.0	1.0	1.0	1.0	1.0	1.0	0.3905775880071249
HER2ST_manual_controlled	HER2ST_E1_CONTROLLED__reverse	HER2ST_E1_CONTROLLED	HER2ST::E	reverse	uot	cost_features_500	multioutput_ridge	1.0	4	all_top1	1.0	0	4200b19feba48abb9b8694b402d585eaf1567c673ebcad0d1f3ab532703e76a4	354	354	73	0.8135593220338984	0.0	0.0	0.0	0.004236834265312892	303.0	0.6986301369863014	0.7551982322041947
HER2ST_manual_controlled	HER2ST_E1_CONTROLLED__reverse	HER2ST_E1_CONTROLLED	HER2ST::E	reverse	uot	cost_features_500	multioutput_ridge	1.0	4	max_probability_gate	0.8	0	4200b19feba48abb9b8694b402d585eaf1567c673ebcad0d1f3ab532703e76a4	354	284	73	0.8098591549295775	0.0	0.0	0.0	0.004045924101057565	311.0	0.7397260273972602	0.7530451270190086
HER2ST_manual_controlled	HER2ST_E1_CONTROLLED__reverse	HER2ST_E1_CONTROLLED	HER2ST::E	reverse	uot	cost_features_500	multioutput_ridge	1.0	4	top2_margin_gate	0.8	0	4200b19feba48abb9b8694b402d585eaf1567c673ebcad0d1f3ab532703e76a4	354	284	73	0.9507042253521126	0.0	0.0	0.0	0.00430571551359491	302.0	0.7808219178082192	0.7561757278341009
HER2ST_manual_controlled	HER2ST_E1_CONTROLLED__reverse	HER2ST_E1_CONTROLLED	HER2ST::E	reverse	uot	cost_features_500	multioutput_ridge	1.0	4	oracle_truth	0.8	0	4200b19feba48abb9b8694b402d585eaf1567c673ebcad0d1f3ab532703e76a4	354	284	73	1.0	0.0	0.0	0.0	0.0044698967072311305	298.0	0.8356164383561644	0.7576944767421147
HER2ST_manual_controlled	HER2ST_E1_CONTROLLED__reverse	HER2ST_E1_CONTROLLED	HER2ST::E	reverse	uot	cost_features_500	multioutput_ridge	1.0	4	random_gate	0.8	0	4200b19feba48abb9b8694b402d585eaf1567c673ebcad0d1f3ab532703e76a4	354	284	73	0.823943661971831	0.0	0.0	0.0	0.004088508523731328	315.0	0.6986301369863014	0.7538338805988388
HER2ST_manual_controlled	HER2ST_E1_CONTROLLED__reverse	HER2ST_E1_CONTROLLED	HER2ST::E	reverse	uot	cost_features_500	multioutput_ridge	1.0	4	random_gate	0.8	1	4200b19feba48abb9b8694b402d585eaf1567c673ebcad0d1f3ab532703e76a4	354	284	73	0.823943661971831	0.0	0.0	0.0	0.004172424848684079	308.0	0.6712328767123288	0.754536451215819
HER2ST_manual_controlled	HER2ST_E1_CONTROLLED__reverse	HER2ST_E1_CONTROLLED	HER2ST::E	reverse	uot	cost_features_500	multioutput_ridge	1.0	4	random_gate	0.8	2	4200b19feba48abb9b8694b402d585eaf1567c673ebcad0d1f3ab532703e76a4	354	284	73	0.8098591549295775	0.0	0.0	0.0	0.004134761206074211	308.0	0.6986301369863014	0.7542404264660754
HER2ST_manual_controlled	HER2ST_E1_CONTROLLED__reverse	HER2ST_E1_CONTROLLED	HER2ST::E	reverse	uot	cost_features_500	multioutput_ridge	1.0	4	random_gate	0.8	3	4200b19feba48abb9b8694b402d585eaf1567c673ebcad0d1f3ab532703e76a4	354	284	73	0.8133802816901409	0.0	0.0	0.0	0.004058813087664331	307.0	0.8082191780821918	0.7537004246961374
HER2ST_manual_controlled	HER2ST_E1_CONTROLLED__reverse	HER2ST_E1_CONTROLLED	HER2ST::E	reverse	uot	cost_features_500	multioutput_ridge	1.0	4	random_gate	0.8	4	4200b19feba48abb9b8694b402d585eaf1567c673ebcad0d1f3ab532703e76a4	354	284	73	0.795774647887324	0.0	0.0	0.0	0.004066474788528924	307.0	0.7123287671232876	0.7533172575779999
HER2ST_manual_controlled	HER2ST_E1_CONTROLLED__reverse	HER2ST_E1_CONTROLLED	HER2ST::E	reverse	row_softmax	cost_features_500	multioutput_ridge	1.0	0	identity_no_training	0.0	0	4200b19feba48abb9b8694b402d585eaf1567c673ebcad0d1f3ab532703e76a4	347	0	80		0.975	1.0	1.0	0.9875	1.0	0.975	0.38675543565816617
HER2ST_manual_controlled	HER2ST_E1_CONTROLLED__reverse	HER2ST_E1_CONTROLLED	HER2ST::E	reverse	row_softmax	cost_features_500	multioutput_ridge	1.0	0	all_top1	1.0	0	4200b19feba48abb9b8694b402d585eaf1567c673ebcad0d1f3ab532703e76a4	347	347	80	0.9711815561959655	0.0	0.025	0.025	0.01890913997617432	155.0	0.4625	0.8059772999850001
HER2ST_manual_controlled	HER2ST_E1_CONTROLLED__reverse	HER2ST_E1_CONTROLLED	HER2ST::E	reverse	row_softmax	cost_features_500	multioutput_ridge	1.0	0	max_probability_gate	0.8	0	4200b19feba48abb9b8694b402d585eaf1567c673ebcad0d1f3ab532703e76a4	347	278	80	0.9640287769784173	0.0	0.025	0.025	0.018474749748972192	162.5	0.4875	0.8055193842752004
HER2ST_manual_controlled	HER2ST_E1_CONTROLLED__reverse	HER2ST_E1_CONTROLLED	HER2ST::E	reverse	row_softmax	cost_features_500	multioutput_ridge	1.0	0	top2_margin_gate	0.8	0	4200b19feba48abb9b8694b402d585eaf1567c673ebcad0d1f3ab532703e76a4	347	278	80	1.0	0.0	0.025	0.025	0.01713912850928743	151.5	0.2875	0.8047227600705309
HER2ST_manual_controlled	HER2ST_E1_CONTROLLED__reverse	HER2ST_E1_CONTROLLED	HER2ST::E	reverse	row_softmax	cost_features_500	multioutput_ridge	1.0	0	oracle_truth	0.8	0	4200b19feba48abb9b8694b402d585eaf1567c673ebcad0d1f3ab532703e76a4	347	278	80	1.0	0.0	0.025	0.025	0.01759955404028642	159.0	0.3375	0.8051760594764754
HER2ST_manual_controlled	HER2ST_E1_CONTROLLED__reverse	HER2ST_E1_CONTROLLED	HER2ST::E	reverse	row_softmax	cost_features_500	multioutput_ridge	1.0	0	random_gate	0.8	0	4200b19feba48abb9b8694b402d585eaf1567c673ebcad0d1f3ab532703e76a4	347	278	80	0.9748201438848921	0.0	0.025	0.025	0.018638509153148963	158.0	0.3875	0.8054997945052416
HER2ST_manual_controlled	HER2ST_E1_CONTROLLED__reverse	HER2ST_E1_CONTROLLED	HER2ST::E	reverse	row_softmax	cost_features_500	multioutput_ridge	1.0	0	random_gate	0.8	1	4200b19feba48abb9b8694b402d585eaf1567c673ebcad0d1f3ab532703e76a4	347	278	80	0.9748201438848921	0.0	0.025	0.025	0.01835379286860212	163.5	0.4125	0.8050100913713463
HER2ST_manual_controlled	HER2ST_E1_CONTROLLED__reverse	HER2ST_E1_CONTROLLED	HER2ST::E	reverse	row_softmax	cost_features_500	multioutput_ridge	1.0	0	random_gate	0.8	2	4200b19feba48abb9b8694b402d585eaf1567c673ebcad0d1f3ab532703e76a4	347	278	80	0.9712230215827338	0.0	0.025	0.025	0.018439615760482555	159.0	0.4375	0.80509870958046
HER2ST_manual_controlled	HER2ST_E1_CONTROLLED__reverse	HER2ST_E1_CONTROLLED	HER2ST::E	reverse	row_softmax	cost_features_500	multioutput_ridge	1.0	0	random_gate	0.8	3	4200b19feba48abb9b8694b402d585eaf1567c673ebcad0d1f3ab532703e76a4	347	278	80	0.9712230215827338	0.0	0.025	0.025	0.01839537858448765	159.0	0.375	0.8051661695284178
HER2ST_manual_controlled	HER2ST_E1_CONTROLLED__reverse	HER2ST_E1_CONTROLLED	HER2ST::E	reverse	row_softmax	cost_features_500	multioutput_ridge	1.0	0	random_gate	0.8	4	4200b19feba48abb9b8694b402d585eaf1567c673ebcad0d1f3ab532703e76a4	347	278	80	0.9712230215827338	0.0	0.025	0.025	0.018415520648376545	161.0	0.4125	0.8053161912367518
HER2ST_manual_controlled	HER2ST_E1_CONTROLLED__reverse	HER2ST_E1_CONTROLLED	HER2ST::E	reverse	row_softmax	cost_features_500	multioutput_ridge	1.0	1	identity_no_training	0.0	0	4200b19feba48abb9b8694b402d585eaf1567c673ebcad0d1f3ab532703e76a4	341	0	86		1.0	1.0	1.0	1.0	1.0	1.0	0.38801597929242077
HER2ST_manual_controlled	HER2ST_E1_CONTROLLED__reverse	HER2ST_E1_CONTROLLED	HER2ST::E	reverse	row_softmax	cost_features_500	multioutput_ridge	1.0	1	all_top1	1.0	0	4200b19feba48abb9b8694b402d585eaf1567c673ebcad0d1f3ab532703e76a4	341	341	86	0.9970674486803519	0.0	0.023255813953488372	0.05813953488372093	0.02119427722594717	178.0	0.5813953488372093	0.792709600704234
HER2ST_manual_controlled	HER2ST_E1_CONTROLLED__reverse	HER2ST_E1_CONTROLLED	HER2ST::E	reverse	row_softmax	cost_features_500	multioutput_ridge	1.0	1	max_probability_gate	0.8	0	4200b19feba48abb9b8694b402d585eaf1567c673ebcad0d1f3ab532703e76a4	341	273	86	0.9963369963369964	0.0	0.023255813953488372	0.05813953488372093	0.020150663217320564	191.5	0.5813953488372093	0.7904345325090126
HER2ST_manual_controlled	HER2ST_E1_CONTROLLED__reverse	HER2ST_E1_CONTROLLED	HER2ST::E	reverse	row_softmax	cost_features_500	multioutput_ridge	1.0	1	top2_margin_gate	0.8	0	4200b19feba48abb9b8694b402d585eaf1567c673ebcad0d1f3ab532703e76a4	341	273	86	1.0	0.0	0.023255813953488372	0.05813953488372093	0.02065997863935718	187.0	0.5930232558139535	0.791495784014091
HER2ST_manual_controlled	HER2ST_E1_CONTROLLED__reverse	HER2ST_E1_CONTROLLED	HER2ST::E	reverse	row_softmax	cost_features_500	multioutput_ridge	1.0	1	oracle_truth	0.8	0	4200b19feba48abb9b8694b402d585eaf1567c673ebcad0d1f3ab532703e76a4	341	273	86	1.0	0.0	0.023255813953488372	0.05813953488372093	0.0203229601104266	186.5	0.5930232558139535	0.7914969785668956
HER2ST_manual_controlled	HER2ST_E1_CONTROLLED__reverse	HER2ST_E1_CONTROLLED	HER2ST::E	reverse	row_softmax	cost_features_500	multioutput_ridge	1.0	1	random_gate	0.8	0	4200b19feba48abb9b8694b402d585eaf1567c673ebcad0d1f3ab532703e76a4	341	273	86	0.9963369963369964	0.0	0.023255813953488372	0.046511627906976744	0.01904793240320846	196.0	0.5930232558139535	0.7908721971430626
HER2ST_manual_controlled	HER2ST_E1_CONTROLLED__reverse	HER2ST_E1_CONTROLLED	HER2ST::E	reverse	row_softmax	cost_features_500	multioutput_ridge	1.0	1	random_gate	0.8	1	4200b19feba48abb9b8694b402d585eaf1567c673ebcad0d1f3ab532703e76a4	341	273	86	0.9963369963369964	0.0	0.023255813953488372	0.05813953488372093	0.02080098389911187	186.5	0.5813953488372093	0.7914789397255659
HER2ST_manual_controlled	HER2ST_E1_CONTROLLED__reverse	HER2ST_E1_CONTROLLED	HER2ST::E	reverse	row_softmax	cost_features_500	multioutput_ridge	1.0	1	random_gate	0.8	2	4200b19feba48abb9b8694b402d585eaf1567c673ebcad0d1f3ab532703e76a4	341	273	86	0.9963369963369964	0.0	0.023255813953488372	0.05813953488372093	0.02023078582697846	188.0	0.5813953488372093	0.7911753107140664
HER2ST_manual_controlled	HER2ST_E1_CONTROLLED__reverse	HER2ST_E1_CONTROLLED	HER2ST::E	reverse	row_softmax	cost_features_500	multioutput_ridge	1.0	1	random_gate	0.8	3	4200b19feba48abb9b8694b402d585eaf1567c673ebcad0d1f3ab532703e76a4	341	273	86	0.9963369963369964	0.0	0.023255813953488372	0.046511627906976744	0.02005289963668652	187.0	0.5930232558139535	0.790780396908445
HER2ST_manual_controlled	HER2ST_E1_CONTROLLED__reverse	HER2ST_E1_CONTROLLED	HER2ST::E	reverse	row_softmax	cost_features_500	multioutput_ridge	1.0	1	random_gate	0.8	4	4200b19feba48abb9b8694b402d585eaf1567c673ebcad0d1f3ab532703e76a4	341	273	86	0.9963369963369964	0.0	0.023255813953488372	0.046511627906976744	0.02012773148278271	190.0	0.5813953488372093	0.7914188878051254
HER2ST_manual_controlled	HER2ST_E1_CONTROLLED__reverse	HER2ST_E1_CONTROLLED	HER2ST::E	reverse	row_softmax	cost_features_500	multioutput_ridge	1.0	2	identity_no_training	0.0	0	4200b19feba48abb9b8694b402d585eaf1567c673ebcad0d1f3ab532703e76a4	332	0	95		1.0	1.0	1.0	1.0	1.0	1.0	0.38482477985699726
HER2ST_manual_controlled	HER2ST_E1_CONTROLLED__reverse	HER2ST_E1_CONTROLLED	HER2ST::E	reverse	row_softmax	cost_features_500	multioutput_ridge	1.0	2	all_top1	1.0	0	4200b19feba48abb9b8694b402d585eaf1567c673ebcad0d1f3ab532703e76a4	332	332	95	0.9668674698795181	0.0	0.0	0.0	0.002816050087264766	415.0	0.2736842105263158	0.6914411481572373
HER2ST_manual_controlled	HER2ST_E1_CONTROLLED__reverse	HER2ST_E1_CONTROLLED	HER2ST::E	reverse	row_softmax	cost_features_500	multioutput_ridge	1.0	2	max_probability_gate	0.8	0	4200b19feba48abb9b8694b402d585eaf1567c673ebcad0d1f3ab532703e76a4	332	266	95	0.9624060150375939	0.0	0.0	0.0	0.002747446281455271	419.0	0.28421052631578947	0.6888252881764794
HER2ST_manual_controlled	HER2ST_E1_CONTROLLED__reverse	HER2ST_E1_CONTROLLED	HER2ST::E	reverse	row_softmax	cost_features_500	multioutput_ridge	1.0	2	top2_margin_gate	0.8	0	4200b19feba48abb9b8694b402d585eaf1567c673ebcad0d1f3ab532703e76a4	332	266	95	1.0	0.0	0.0	0.0	0.0027913185470614843	419.0	0.2	0.6910796228266174
HER2ST_manual_controlled	HER2ST_E1_CONTROLLED__reverse	HER2ST_E1_CONTROLLED	HER2ST::E	reverse	row_softmax	cost_features_500	multioutput_ridge	1.0	2	oracle_truth	0.8	0	4200b19feba48abb9b8694b402d585eaf1567c673ebcad0d1f3ab532703e76a4	332	266	95	1.0	0.0	0.0	0.0	0.0027744268260125496	422.0	0.21052631578947367	0.6901873393677046
HER2ST_manual_controlled	HER2ST_E1_CONTROLLED__reverse	HER2ST_E1_CONTROLLED	HER2ST::E	reverse	row_softmax	cost_features_500	multioutput_ridge	1.0	2	random_gate	0.8	0	4200b19feba48abb9b8694b402d585eaf1567c673ebcad0d1f3ab532703e76a4	332	266	95	0.9661654135338346	0.0	0.0	0.0	0.0027641892696403806	420.0	0.25263157894736843	0.6894785820377799
HER2ST_manual_controlled	HER2ST_E1_CONTROLLED__reverse	HER2ST_E1_CONTROLLED	HER2ST::E	reverse	row_softmax	cost_features_500	multioutput_ridge	1.0	2	random_gate	0.8	1	4200b19feba48abb9b8694b402d585eaf1567c673ebcad0d1f3ab532703e76a4	332	266	95	0.9624060150375939	0.0	0.0	0.0	0.0027574910606302295	421.0	0.3473684210526316	0.6891558309024193
HER2ST_manual_controlled	HER2ST_E1_CONTROLLED__reverse	HER2ST_E1_CONTROLLED	HER2ST::E	reverse	row_softmax	cost_features_500	multioutput_ridge	1.0	2	random_gate	0.8	2	4200b19feba48abb9b8694b402d585eaf1567c673ebcad0d1f3ab532703e76a4	332	266	95	0.9699248120300752	0.0	0.0	0.0	0.002743385818871407	422.0	0.2631578947368421	0.6891005651815622
HER2ST_manual_controlled	HER2ST_E1_CONTROLLED__reverse	HER2ST_E1_CONTROLLED	HER2ST::E	reverse	row_softmax	cost_features_500	multioutput_ridge	1.0	2	random_gate	0.8	3	4200b19feba48abb9b8694b402d585eaf1567c673ebcad0d1f3ab532703e76a4	332	266	95	0.9661654135338346	0.0	0.0	0.0	0.0027525075794494007	419.0	0.21052631578947367	0.6892699595937702
HER2ST_manual_controlled	HER2ST_E1_CONTROLLED__reverse	HER2ST_E1_CONTROLLED	HER2ST::E	reverse	row_softmax	cost_features_500	multioutput_ridge	1.0	2	random_gate	0.8	4	4200b19feba48abb9b8694b402d585eaf1567c673ebcad0d1f3ab532703e76a4	332	266	95	0.9699248120300752	0.0	0.0	0.0	0.002771082684603094	418.0	0.3473684210526316	0.6894001723852767
HER2ST_manual_controlled	HER2ST_E1_CONTROLLED__reverse	HER2ST_E1_CONTROLLED	HER2ST::E	reverse	row_softmax	cost_features_500	multioutput_ridge	1.0	3	identity_no_training	0.0	0	4200b19feba48abb9b8694b402d585eaf1567c673ebcad0d1f3ab532703e76a4	334	0	93		1.0	1.0	1.0	1.0	1.0	1.0	0.3943156261019013
HER2ST_manual_controlled	HER2ST_E1_CONTROLLED__reverse	HER2ST_E1_CONTROLLED	HER2ST::E	reverse	row_softmax	cost_features_500	multioutput_ridge	1.0	3	all_top1	1.0	0	4200b19feba48abb9b8694b402d585eaf1567c673ebcad0d1f3ab532703e76a4	334	334	93	0.9670658682634731	0.0	0.0	0.0	0.004863040408280127	294.0	0.1935483870967742	0.7420176485160626
HER2ST_manual_controlled	HER2ST_E1_CONTROLLED__reverse	HER2ST_E1_CONTROLLED	HER2ST::E	reverse	row_softmax	cost_features_500	multioutput_ridge	1.0	3	max_probability_gate	0.8	0	4200b19feba48abb9b8694b402d585eaf1567c673ebcad0d1f3ab532703e76a4	334	268	93	0.9589552238805971	0.0	0.0	0.0	0.0048272343687826786	292.0	0.20430107526881722	0.7408153785364755
HER2ST_manual_controlled	HER2ST_E1_CONTROLLED__reverse	HER2ST_E1_CONTROLLED	HER2ST::E	reverse	row_softmax	cost_features_500	multioutput_ridge	1.0	3	top2_margin_gate	0.8	0	4200b19feba48abb9b8694b402d585eaf1567c673ebcad0d1f3ab532703e76a4	334	268	93	1.0	0.0	0.0	0.0	0.004424264683039715	299.0	0.053763440860215055	0.7396081555457937
HER2ST_manual_controlled	HER2ST_E1_CONTROLLED__reverse	HER2ST_E1_CONTROLLED	HER2ST::E	reverse	row_softmax	cost_features_500	multioutput_ridge	1.0	3	oracle_truth	0.8	0	4200b19feba48abb9b8694b402d585eaf1567c673ebcad0d1f3ab532703e76a4	334	268	93	1.0	0.0	0.0	0.0	0.004447033095121781	293.0	0.11827956989247312	0.7395980016754199
HER2ST_manual_controlled	HER2ST_E1_CONTROLLED__reverse	HER2ST_E1_CONTROLLED	HER2ST::E	reverse	row_softmax	cost_features_500	multioutput_ridge	1.0	3	random_gate	0.8	0	4200b19feba48abb9b8694b402d585eaf1567c673ebcad0d1f3ab532703e76a4	334	268	93	0.9738805970149254	0.0	0.0	0.0	0.0043574174820844155	296.0	0.20430107526881722	0.7396060825738191
HER2ST_manual_controlled	HER2ST_E1_CONTROLLED__reverse	HER2ST_E1_CONTROLLED	HER2ST::E	reverse	row_softmax	cost_features_500	multioutput_ridge	1.0	3	random_gate	0.8	1	4200b19feba48abb9b8694b402d585eaf1567c673ebcad0d1f3ab532703e76a4	334	268	93	0.9664179104477612	0.0	0.0	0.0	0.004479851298045163	299.0	0.1935483870967742	0.7397923350275283
HER2ST_manual_controlled	HER2ST_E1_CONTROLLED__reverse	HER2ST_E1_CONTROLLED	HER2ST::E	reverse	row_softmax	cost_features_500	multioutput_ridge	1.0	3	random_gate	0.8	2	4200b19feba48abb9b8694b402d585eaf1567c673ebcad0d1f3ab532703e76a4	334	268	93	0.9664179104477612	0.0	0.0	0.0	0.004592069239449833	304.0	0.13978494623655913	0.7397243858741315
HER2ST_manual_controlled	HER2ST_E1_CONTROLLED__reverse	HER2ST_E1_CONTROLLED	HER2ST::E	reverse	row_softmax	cost_features_500	multioutput_ridge	1.0	3	random_gate	0.8	3	4200b19feba48abb9b8694b402d585eaf1567c673ebcad0d1f3ab532703e76a4	334	268	93	0.9701492537313433	0.0	0.0	0.0	0.004555198723090881	308.0	0.13978494623655913	0.7406154265322957
HER2ST_manual_controlled	HER2ST_E1_CONTROLLED__reverse	HER2ST_E1_CONTROLLED	HER2ST::E	reverse	row_softmax	cost_features_500	multioutput_ridge	1.0	3	random_gate	0.8	4	4200b19feba48abb9b8694b402d585eaf1567c673ebcad0d1f3ab532703e76a4	334	268	93	0.9664179104477612	0.0	0.0	0.0	0.0046641424363575035	304.0	0.23655913978494625	0.7405901895270532
HER2ST_manual_controlled	HER2ST_E1_CONTROLLED__reverse	HER2ST_E1_CONTROLLED	HER2ST::E	reverse	row_softmax	cost_features_500	multioutput_ridge	1.0	4	identity_no_training	0.0	0	4200b19feba48abb9b8694b402d585eaf1567c673ebcad0d1f3ab532703e76a4	354	0	73		1.0	1.0	1.0	1.0	1.0	1.0	0.3905775880071249
HER2ST_manual_controlled	HER2ST_E1_CONTROLLED__reverse	HER2ST_E1_CONTROLLED	HER2ST::E	reverse	row_softmax	cost_features_500	multioutput_ridge	1.0	4	all_top1	1.0	0	4200b19feba48abb9b8694b402d585eaf1567c673ebcad0d1f3ab532703e76a4	354	354	73	0.9689265536723164	0.0	0.0	0.0	0.004538718218583021	290.0	0.684931506849315	0.7586948781132734
HER2ST_manual_controlled	HER2ST_E1_CONTROLLED__reverse	HER2ST_E1_CONTROLLED	HER2ST::E	reverse	row_softmax	cost_features_500	multioutput_ridge	1.0	4	max_probability_gate	0.8	0	4200b19feba48abb9b8694b402d585eaf1567c673ebcad0d1f3ab532703e76a4	354	284	73	0.9612676056338029	0.0	0.0	0.0	0.004257278177431407	308.0	0.6027397260273972	0.755270772759405
HER2ST_manual_controlled	HER2ST_E1_CONTROLLED__reverse	HER2ST_E1_CONTROLLED	HER2ST::E	reverse	row_softmax	cost_features_500	multioutput_ridge	1.0	4	top2_margin_gate	0.8	0	4200b19feba48abb9b8694b402d585eaf1567c673ebcad0d1f3ab532703e76a4	354	284	73	1.0	0.0	0.0	0.0	0.004397854594231765	297.0	0.8767123287671232	0.7571163539808218
HER2ST_manual_controlled	HER2ST_E1_CONTROLLED__reverse	HER2ST_E1_CONTROLLED	HER2ST::E	reverse	row_softmax	cost_features_500	multioutput_ridge	1.0	4	oracle_truth	0.8	0	4200b19feba48abb9b8694b402d585eaf1567c673ebcad0d1f3ab532703e76a4	354	284	73	1.0	0.0	0.0	0.0	0.004392507288548322	301.0	0.8356164383561644	0.757118143538501
HER2ST_manual_controlled	HER2ST_E1_CONTROLLED__reverse	HER2ST_E1_CONTROLLED	HER2ST::E	reverse	row_softmax	cost_features_500	multioutput_ridge	1.0	4	random_gate	0.8	0	4200b19feba48abb9b8694b402d585eaf1567c673ebcad0d1f3ab532703e76a4	354	284	73	0.9788732394366197	0.0	0.0	0.0	0.004395919806423003	307.0	0.7945205479452054	0.7569379282667406
HER2ST_manual_controlled	HER2ST_E1_CONTROLLED__reverse	HER2ST_E1_CONTROLLED	HER2ST::E	reverse	row_softmax	cost_features_500	multioutput_ridge	1.0	4	random_gate	0.8	1	4200b19feba48abb9b8694b402d585eaf1567c673ebcad0d1f3ab532703e76a4	354	284	73	0.9683098591549296	0.0	0.0	0.0	0.004335450851132571	304.0	0.7123287671232876	0.7564270828988192
HER2ST_manual_controlled	HER2ST_E1_CONTROLLED__reverse	HER2ST_E1_CONTROLLED	HER2ST::E	reverse	row_softmax	cost_features_500	multioutput_ridge	1.0	4	random_gate	0.8	2	4200b19feba48abb9b8694b402d585eaf1567c673ebcad0d1f3ab532703e76a4	354	284	73	0.9683098591549296	0.0	0.0	0.0	0.004416579478921998	306.0	0.821917808219178	0.7577235318514957
HER2ST_manual_controlled	HER2ST_E1_CONTROLLED__reverse	HER2ST_E1_CONTROLLED	HER2ST::E	reverse	row_softmax	cost_features_500	multioutput_ridge	1.0	4	random_gate	0.8	3	4200b19feba48abb9b8694b402d585eaf1567c673ebcad0d1f3ab532703e76a4	354	284	73	0.9788732394366197	0.0	0.0	0.0	0.004414965490416271	297.0	0.7945205479452054	0.757561593958506
HER2ST_manual_controlled	HER2ST_E1_CONTROLLED__reverse	HER2ST_E1_CONTROLLED	HER2ST::E	reverse	row_softmax	cost_features_500	multioutput_ridge	1.0	4	random_gate	0.8	4	4200b19feba48abb9b8694b402d585eaf1567c673ebcad0d1f3ab532703e76a4	354	284	73	0.9683098591549296	0.0	0.0	0.0	0.004386937635893185	296.0	0.726027397260274	0.7571450041627368
HER2ST_manual_controlled	HER2ST_F1_CONTROLLED	HER2ST_F1_CONTROLLED	HER2ST::F	forward	balanced_ot	cost_features_500	multioutput_ridge	1.0	0	identity_no_training	0.0	0	bff3dc28d25163ee1330fcddf91e072e6f6aded42f52d6945cf5b4a18ed1f88c	406	0	121		0.9586776859504132	0.9917355371900827	1.0	0.9750098386462022	1.0	0.9834710743801653	0.4223492818342905
HER2ST_manual_controlled	HER2ST_F1_CONTROLLED	HER2ST_F1_CONTROLLED	HER2ST::F	forward	balanced_ot	cost_features_500	multioutput_ridge	1.0	0	all_top1	1.0	0	bff3dc28d25163ee1330fcddf91e072e6f6aded42f52d6945cf5b4a18ed1f88c	406	406	121	0.7881773399014779	0.0	0.01652892561983471	0.01652892561983471	0.0173077275669218	234.0	0.9173553719008265	0.7970487889712242
HER2ST_manual_controlled	HER2ST_F1_CONTROLLED	HER2ST_F1_CONTROLLED	HER2ST::F	forward	balanced_ot	cost_features_500	multioutput_ridge	1.0	0	max_probability_gate	0.8	0	bff3dc28d25163ee1330fcddf91e072e6f6aded42f52d6945cf5b4a18ed1f88c	406	325	121	0.7630769230769231	0.0	0.01652892561983471	0.01652892561983471	0.015538612957913213	262.0	0.9421487603305785	0.7961836962851727
HER2ST_manual_controlled	HER2ST_F1_CONTROLLED	HER2ST_F1_CONTROLLED	HER2ST::F	forward	balanced_ot	cost_features_500	multioutput_ridge	1.0	0	top2_margin_gate	0.8	0	bff3dc28d25163ee1330fcddf91e072e6f6aded42f52d6945cf5b4a18ed1f88c	406	325	121	0.92	0.0	0.01652892561983471	0.01652892561983471	0.016320933473515643	243.0	0.9669421487603306	0.7975966722976816
HER2ST_manual_controlled	HER2ST_F1_CONTROLLED	HER2ST_F1_CONTROLLED	HER2ST::F	forward	balanced_ot	cost_features_500	multioutput_ridge	1.0	0	oracle_truth	0.8	0	bff3dc28d25163ee1330fcddf91e072e6f6aded42f52d6945cf5b4a18ed1f88c	406	325	121	1.0	0.0	0.01652892561983471	0.01652892561983471	0.014875983261297939	233.0	0.9504132231404959	0.7974934900444461
HER2ST_manual_controlled	HER2ST_F1_CONTROLLED	HER2ST_F1_CONTROLLED	HER2ST::F	forward	balanced_ot	cost_features_500	multioutput_ridge	1.0	0	random_gate	0.8	0	bff3dc28d25163ee1330fcddf91e072e6f6aded42f52d6945cf5b4a18ed1f88c	406	325	121	0.7723076923076924	0.0	0.01652892561983471	0.01652892561983471	0.01591669675227125	261.0	0.9090909090909091	0.7962639123204375
HER2ST_manual_controlled	HER2ST_F1_CONTROLLED	HER2ST_F1_CONTROLLED	HER2ST::F	forward	balanced_ot	cost_features_500	multioutput_ridge	1.0	0	random_gate	0.8	1	bff3dc28d25163ee1330fcddf91e072e6f6aded42f52d6945cf5b4a18ed1f88c	406	325	121	0.7723076923076924	0.0	0.01652892561983471	0.01652892561983471	0.01581081322853869	265.0	0.9752066115702479	0.7961874363873008
HER2ST_manual_controlled	HER2ST_F1_CONTROLLED	HER2ST_F1_CONTROLLED	HER2ST::F	forward	balanced_ot	cost_features_500	multioutput_ridge	1.0	0	random_gate	0.8	2	bff3dc28d25163ee1330fcddf91e072e6f6aded42f52d6945cf5b4a18ed1f88c	406	325	121	0.7938461538461539	0.0	0.01652892561983471	0.01652892561983471	0.015946118996688876	260.0	0.9256198347107438	0.7962932876425519
HER2ST_manual_controlled	HER2ST_F1_CONTROLLED	HER2ST_F1_CONTROLLED	HER2ST::F	forward	balanced_ot	cost_features_500	multioutput_ridge	1.0	0	random_gate	0.8	3	bff3dc28d25163ee1330fcddf91e072e6f6aded42f52d6945cf5b4a18ed1f88c	406	325	121	0.7753846153846153	0.0	0.01652892561983471	0.01652892561983471	0.016047873375678996	261.0	0.9421487603305785	0.7966245906120824
HER2ST_manual_controlled	HER2ST_F1_CONTROLLED	HER2ST_F1_CONTROLLED	HER2ST::F	forward	balanced_ot	cost_features_500	multioutput_ridge	1.0	0	random_gate	0.8	4	bff3dc28d25163ee1330fcddf91e072e6f6aded42f52d6945cf5b4a18ed1f88c	406	325	121	0.7907692307692308	0.0	0.01652892561983471	0.01652892561983471	0.015919445951322893	247.0	0.9752066115702479	0.7964708605153276
HER2ST_manual_controlled	HER2ST_F1_CONTROLLED	HER2ST_F1_CONTROLLED	HER2ST::F	forward	balanced_ot	cost_features_500	multioutput_ridge	1.0	1	identity_no_training	0.0	0	bff3dc28d25163ee1330fcddf91e072e6f6aded42f52d6945cf5b4a18ed1f88c	438	0	89		0.9213483146067416	0.9887640449438202	1.0	0.952915997859818	1.0	0.9775280898876404	0.41359695368411187
HER2ST_manual_controlled	HER2ST_F1_CONTROLLED	HER2ST_F1_CONTROLLED	HER2ST::F	forward	balanced_ot	cost_features_500	multioutput_ridge	1.0	1	all_top1	1.0	0	bff3dc28d25163ee1330fcddf91e072e6f6aded42f52d6945cf5b4a18ed1f88c	438	438	89	0.9018264840182648	0.0	0.033707865168539325	0.06741573033707865	0.027639676976314677	107.0	0.7640449438202247	0.8086283617674624
HER2ST_manual_controlled	HER2ST_F1_CONTROLLED	HER2ST_F1_CONTROLLED	HER2ST::F	forward	balanced_ot	cost_features_500	multioutput_ridge	1.0	1	max_probability_gate	0.8	0	bff3dc28d25163ee1330fcddf91e072e6f6aded42f52d6945cf5b4a18ed1f88c	438	351	89	0.886039886039886	0.0	0.02247191011235955	0.0449438202247191	0.021871732486569862	120.0	0.7865168539325843	0.8072764516975508
HER2ST_manual_controlled	HER2ST_F1_CONTROLLED	HER2ST_F1_CONTROLLED	HER2ST::F	forward	balanced_ot	cost_features_500	multioutput_ridge	1.0	1	top2_margin_gate	0.8	0	bff3dc28d25163ee1330fcddf91e072e6f6aded42f52d6945cf5b4a18ed1f88c	438	351	89	0.9829059829059829	0.0	0.02247191011235955	0.06741573033707865	0.028201193766106483	119.0	0.7640449438202247	0.8086183478558713
HER2ST_manual_controlled	HER2ST_F1_CONTROLLED	HER2ST_F1_CONTROLLED	HER2ST::F	forward	balanced_ot	cost_features_500	multioutput_ridge	1.0	1	oracle_truth	0.8	0	bff3dc28d25163ee1330fcddf91e072e6f6aded42f52d6945cf5b4a18ed1f88c	438	351	89	1.0	0.0	0.02247191011235955	0.06741573033707865	0.023182439302747566	118.0	0.8089887640449438	0.8089335333412829
HER2ST_manual_controlled	HER2ST_F1_CONTROLLED	HER2ST_F1_CONTROLLED	HER2ST::F	forward	balanced_ot	cost_features_500	multioutput_ridge	1.0	1	random_gate	0.8	0	bff3dc28d25163ee1330fcddf91e072e6f6aded42f52d6945cf5b4a18ed1f88c	438	351	89	0.9116809116809117	0.0	0.02247191011235955	0.0449438202247191	0.0218115334032926	129.0	0.797752808988764	0.8081743856044015
HER2ST_manual_controlled	HER2ST_F1_CONTROLLED	HER2ST_F1_CONTROLLED	HER2ST::F	forward	balanced_ot	cost_features_500	multioutput_ridge	1.0	1	random_gate	0.8	1	bff3dc28d25163ee1330fcddf91e072e6f6aded42f52d6945cf5b4a18ed1f88c	438	351	89	0.9088319088319088	0.0	0.011235955056179775	0.0449438202247191	0.023128305179009864	121.0	0.7865168539325843	0.8082209675102073
HER2ST_manual_controlled	HER2ST_F1_CONTROLLED	HER2ST_F1_CONTROLLED	HER2ST::F	forward	balanced_ot	cost_features_500	multioutput_ridge	1.0	1	random_gate	0.8	2	bff3dc28d25163ee1330fcddf91e072e6f6aded42f52d6945cf5b4a18ed1f88c	438	351	89	0.9145299145299145	0.0	0.02247191011235955	0.06741573033707865	0.02506367555899306	125.0	0.7865168539325843	0.8079420920676246
HER2ST_manual_controlled	HER2ST_F1_CONTROLLED	HER2ST_F1_CONTROLLED	HER2ST::F	forward	balanced_ot	cost_features_500	multioutput_ridge	1.0	1	random_gate	0.8	3	bff3dc28d25163ee1330fcddf91e072e6f6aded42f52d6945cf5b4a18ed1f88c	438	351	89	0.9116809116809117	0.0	0.011235955056179775	0.0449438202247191	0.021507385973889827	125.0	0.7752808988764045	0.8079736095697472
HER2ST_manual_controlled	HER2ST_F1_CONTROLLED	HER2ST_F1_CONTROLLED	HER2ST::F	forward	balanced_ot	cost_features_500	multioutput_ridge	1.0	1	random_gate	0.8	4	bff3dc28d25163ee1330fcddf91e072e6f6aded42f52d6945cf5b4a18ed1f88c	438	351	89	0.8974358974358975	0.0	0.011235955056179775	0.056179775280898875	0.022563728738668035	125.0	0.797752808988764	0.8082065382331258
HER2ST_manual_controlled	HER2ST_F1_CONTROLLED	HER2ST_F1_CONTROLLED	HER2ST::F	forward	balanced_ot	cost_features_500	multioutput_ridge	1.0	2	identity_no_training	0.0	0	bff3dc28d25163ee1330fcddf91e072e6f6aded42f52d6945cf5b4a18ed1f88c	423	0	104		0.9519230769230769	1.0	1.0	0.9677884615384615	1.0	1.0	0.4220589120429562
HER2ST_manual_controlled	HER2ST_F1_CONTROLLED	HER2ST_F1_CONTROLLED	HER2ST::F	forward	balanced_ot	cost_features_500	multioutput_ridge	1.0	2	all_top1	1.0	0	bff3dc28d25163ee1330fcddf91e072e6f6aded42f52d6945cf5b4a18ed1f88c	423	423	104	0.8605200945626478	0.009615384615384616	0.04807692307692308	0.11538461538461539	0.04414696347774236	98.0	0.9615384615384616	0.8112782782619663
HER2ST_manual_controlled	HER2ST_F1_CONTROLLED	HER2ST_F1_CONTROLLED	HER2ST::F	forward	balanced_ot	cost_features_500	multioutput_ridge	1.0	2	max_probability_gate	0.8	0	bff3dc28d25163ee1330fcddf91e072e6f6aded42f52d6945cf5b4a18ed1f88c	423	339	104	0.8495575221238938	0.009615384615384616	0.038461538461538464	0.08653846153846154	0.04027575085614373	116.5	0.9711538461538461	0.8102098674949326
HER2ST_manual_controlled	HER2ST_F1_CONTROLLED	HER2ST_F1_CONTROLLED	HER2ST::F	forward	balanced_ot	cost_features_500	multioutput_ridge	1.0	2	top2_margin_gate	0.8	0	bff3dc28d25163ee1330fcddf91e072e6f6aded42f52d6945cf5b4a18ed1f88c	423	339	104	0.9793510324483776	0.009615384615384616	0.04807692307692308	0.125	0.043276102292381165	100.0	0.9807692307692307	0.8115664867084066
HER2ST_manual_controlled	HER2ST_F1_CONTROLLED	HER2ST_F1_CONTROLLED	HER2ST::F	forward	balanced_ot	cost_features_500	multioutput_ridge	1.0	2	oracle_truth	0.8	0	bff3dc28d25163ee1330fcddf91e072e6f6aded42f52d6945cf5b4a18ed1f88c	423	339	104	1.0	0.0	0.019230769230769232	0.07692307692307693	0.028800417020559042	111.5	0.9903846153846154	0.8109971535983246
HER2ST_manual_controlled	HER2ST_F1_CONTROLLED	HER2ST_F1_CONTROLLED	HER2ST::F	forward	balanced_ot	cost_features_500	multioutput_ridge	1.0	2	random_gate	0.8	0	bff3dc28d25163ee1330fcddf91e072e6f6aded42f52d6945cf5b4a18ed1f88c	423	339	104	0.8702064896755162	0.0	0.028846153846153848	0.08653846153846154	0.030559729958912686	113.5	0.9519230769230769	0.8104556329469955
HER2ST_manual_controlled	HER2ST_F1_CONTROLLED	HER2ST_F1_CONTROLLED	HER2ST::F	forward	balanced_ot	cost_features_500	multioutput_ridge	1.0	2	random_gate	0.8	1	bff3dc28d25163ee1330fcddf91e072e6f6aded42f52d6945cf5b4a18ed1f88c	423	339	104	0.8731563421828908	0.009615384615384616	0.028846153846153848	0.09615384615384616	0.039895485157806845	116.5	0.9615384615384616	0.8110100099626071
HER2ST_manual_controlled	HER2ST_F1_CONTROLLED	HER2ST_F1_CONTROLLED	HER2ST::F	forward	balanced_ot	cost_features_500	multioutput_ridge	1.0	2	random_gate	0.8	2	bff3dc28d25163ee1330fcddf91e072e6f6aded42f52d6945cf5b4a18ed1f88c	423	339	104	0.8731563421828908	0.0	0.04807692307692308	0.09615384615384616	0.03239531275524495	124.0	0.9519230769230769	0.8101083473439318
HER2ST_manual_controlled	HER2ST_F1_CONTROLLED	HER2ST_F1_CONTROLLED	HER2ST::F	forward	balanced_ot	cost_features_500	multioutput_ridge	1.0	2	random_gate	0.8	3	bff3dc28d25163ee1330fcddf91e072e6f6aded42f52d6945cf5b4a18ed1f88c	423	339	104	0.8436578171091446	0.009615384615384616	0.019230769230769232	0.08653846153846154	0.03642871671258226	118.0	0.9615384615384616	0.8104598618231788
HER2ST_manual_controlled	HER2ST_F1_CONTROLLED	HER2ST_F1_CONTROLLED	HER2ST::F	forward	balanced_ot	cost_features_500	multioutput_ridge	1.0	2	random_gate	0.8	4	bff3dc28d25163ee1330fcddf91e072e6f6aded42f52d6945cf5b4a18ed1f88c	423	339	104	0.8495575221238938	0.009615384615384616	0.028846153846153848	0.0673076923076923	0.03581226375320007	119.0	0.9903846153846154	0.810265418850955
HER2ST_manual_controlled	HER2ST_F1_CONTROLLED	HER2ST_F1_CONTROLLED	HER2ST::F	forward	balanced_ot	cost_features_500	multioutput_ridge	1.0	3	identity_no_training	0.0	0	bff3dc28d25163ee1330fcddf91e072e6f6aded42f52d6945cf5b4a18ed1f88c	430	0	97		0.9072164948453608	0.9587628865979382	0.9587628865979382	0.9340987191502655	1.0	1.0	0.42092914240272955
HER2ST_manual_controlled	HER2ST_F1_CONTROLLED	HER2ST_F1_CONTROLLED	HER2ST::F	forward	balanced_ot	cost_features_500	multioutput_ridge	1.0	3	all_top1	1.0	0	bff3dc28d25163ee1330fcddf91e072e6f6aded42f52d6945cf5b4a18ed1f88c	430	430	97	0.8302325581395349	0.010309278350515464	0.061855670103092786	0.09278350515463918	0.05000982408940671	85.0	0.8762886597938144	0.812384937274305
HER2ST_manual_controlled	HER2ST_F1_CONTROLLED	HER2ST_F1_CONTROLLED	HER2ST::F	forward	balanced_ot	cost_features_500	multioutput_ridge	1.0	3	max_probability_gate	0.8	0	bff3dc28d25163ee1330fcddf91e072e6f6aded42f52d6945cf5b4a18ed1f88c	430	344	97	0.813953488372093	0.010309278350515464	0.041237113402061855	0.07216494845360824	0.04475287496066204	101.0	0.8865979381443299	0.8112922181990379
HER2ST_manual_controlled	HER2ST_F1_CONTROLLED	HER2ST_F1_CONTROLLED	HER2ST::F	forward	balanced_ot	cost_features_500	multioutput_ridge	1.0	3	top2_margin_gate	0.8	0	bff3dc28d25163ee1330fcddf91e072e6f6aded42f52d6945cf5b4a18ed1f88c	430	344	97	0.9593023255813954	0.010309278350515464	0.041237113402061855	0.10309278350515463	0.047474783305190234	82.0	0.8865979381443299	0.8132438189427329
HER2ST_manual_controlled	HER2ST_F1_CONTROLLED	HER2ST_F1_CONTROLLED	HER2ST::F	forward	balanced_ot	cost_features_500	multioutput_ridge	1.0	3	oracle_truth	0.8	0	bff3dc28d25163ee1330fcddf91e072e6f6aded42f52d6945cf5b4a18ed1f88c	430	344	97	1.0	0.010309278350515464	0.05154639175257732	0.09278350515463918	0.046980065437566464	89.0	0.8865979381443299	0.814083475902785
HER2ST_manual_controlled	HER2ST_F1_CONTROLLED	HER2ST_F1_CONTROLLED	HER2ST::F	forward	balanced_ot	cost_features_500	multioutput_ridge	1.0	3	random_gate	0.8	0	bff3dc28d25163ee1330fcddf91e072e6f6aded42f52d6945cf5b4a18ed1f88c	430	344	97	0.813953488372093	0.010309278350515464	0.061855670103092786	0.08247422680412371	0.04569464572320894	92.0	0.8762886597938144	0.8118982977132628
HER2ST_manual_controlled	HER2ST_F1_CONTROLLED	HER2ST_F1_CONTROLLED	HER2ST::F	forward	balanced_ot	cost_features_500	multioutput_ridge	1.0	3	random_gate	0.8	1	bff3dc28d25163ee1330fcddf91e072e6f6aded42f52d6945cf5b4a18ed1f88c	430	344	97	0.8430232558139535	0.010309278350515464	0.041237113402061855	0.1134020618556701	0.043587941946322435	96.0	0.8762886597938144	0.8120707621757487
HER2ST_manual_controlled	HER2ST_F1_CONTROLLED	HER2ST_F1_CONTROLLED	HER2ST::F	forward	balanced_ot	cost_features_500	multioutput_ridge	1.0	3	random_gate	0.8	2	bff3dc28d25163ee1330fcddf91e072e6f6aded42f52d6945cf5b4a18ed1f88c	430	344	97	0.8255813953488372	0.010309278350515464	0.05154639175257732	0.07216494845360824	0.042115960010052994	97.0	0.8865979381443299	0.8116285664747063
HER2ST_manual_controlled	HER2ST_F1_CONTROLLED	HER2ST_F1_CONTROLLED	HER2ST::F	forward	balanced_ot	cost_features_500	multioutput_ridge	1.0	3	random_gate	0.8	3	bff3dc28d25163ee1330fcddf91e072e6f6aded42f52d6945cf5b4a18ed1f88c	430	344	97	0.8401162790697675	0.010309278350515464	0.05154639175257732	0.08247422680412371	0.04414200799348022	93.0	0.8762886597938144	0.8122447592882871
HER2ST_manual_controlled	HER2ST_F1_CONTROLLED	HER2ST_F1_CONTROLLED	HER2ST::F	forward	balanced_ot	cost_features_500	multioutput_ridge	1.0	3	random_gate	0.8	4	bff3dc28d25163ee1330fcddf91e072e6f6aded42f52d6945cf5b4a18ed1f88c	430	344	97	0.8343023255813954	0.010309278350515464	0.05154639175257732	0.09278350515463918	0.0427363558182123	89.0	0.8762886597938144	0.8121853205453157
HER2ST_manual_controlled	HER2ST_F1_CONTROLLED	HER2ST_F1_CONTROLLED	HER2ST::F	forward	balanced_ot	cost_features_500	multioutput_ridge	1.0	4	identity_no_training	0.0	0	bff3dc28d25163ee1330fcddf91e072e6f6aded42f52d6945cf5b4a18ed1f88c	411	0	116		0.9741379310344828	0.9913793103448276	1.0	0.9814039408866995	1.0	1.0	0.41462241114906284
HER2ST_manual_controlled	HER2ST_F1_CONTROLLED	HER2ST_F1_CONTROLLED	HER2ST::F	forward	balanced_ot	cost_features_500	multioutput_ridge	1.0	4	all_top1	1.0	0	bff3dc28d25163ee1330fcddf91e072e6f6aded42f52d6945cf5b4a18ed1f88c	411	411	116	0.7883211678832117	0.0	0.008620689655172414	0.008620689655172414	0.011201588129510514	209.0	0.8793103448275862	0.7987279057066462
HER2ST_manual_controlled	HER2ST_F1_CONTROLLED	HER2ST_F1_CONTROLLED	HER2ST::F	forward	balanced_ot	cost_features_500	multioutput_ridge	1.0	4	max_probability_gate	0.8	0	bff3dc28d25163ee1330fcddf91e072e6f6aded42f52d6945cf5b4a18ed1f88c	411	329	116	0.7781155015197568	0.0	0.008620689655172414	0.008620689655172414	0.009845350868420345	236.5	0.9482758620689655	0.7973536392833267
HER2ST_manual_controlled	HER2ST_F1_CONTROLLED	HER2ST_F1_CONTROLLED	HER2ST::F	forward	balanced_ot	cost_features_500	multioutput_ridge	1.0	4	top2_margin_gate	0.8	0	bff3dc28d25163ee1330fcddf91e072e6f6aded42f52d6945cf5b4a18ed1f88c	411	329	116	0.9209726443768997	0.0	0.008620689655172414	0.008620689655172414	0.010104628109333493	210.0	0.9137931034482759	0.7995470727628173
HER2ST_manual_controlled	HER2ST_F1_CONTROLLED	HER2ST_F1_CONTROLLED	HER2ST::F	forward	balanced_ot	cost_features_500	multioutput_ridge	1.0	4	oracle_truth	0.8	0	bff3dc28d25163ee1330fcddf91e072e6f6aded42f52d6945cf5b4a18ed1f88c	411	329	116	1.0	0.0	0.0	0.008620689655172414	0.010360157713642208	198.5	0.8879310344827587	0.8006604138845642
HER2ST_manual_controlled	HER2ST_F1_CONTROLLED	HER2ST_F1_CONTROLLED	HER2ST::F	forward	balanced_ot	cost_features_500	multioutput_ridge	1.0	4	random_gate	0.8	0	bff3dc28d25163ee1330fcddf91e072e6f6aded42f52d6945cf5b4a18ed1f88c	411	329	116	0.8024316109422492	0.0	0.008620689655172414	0.008620689655172414	0.009561075145508982	246.0	0.8879310344827587	0.7980227356623728
HER2ST_manual_controlled	HER2ST_F1_CONTROLLED	HER2ST_F1_CONTROLLED	HER2ST::F	forward	balanced_ot	cost_features_500	multioutput_ridge	1.0	4	random_gate	0.8	1	bff3dc28d25163ee1330fcddf91e072e6f6aded42f52d6945cf5b4a18ed1f88c	411	329	116	0.8054711246200608	0.0	0.008620689655172414	0.008620689655172414	0.008975218124928734	239.0	0.9224137931034483	0.7985154583171747
HER2ST_manual_controlled	HER2ST_F1_CONTROLLED	HER2ST_F1_CONTROLLED	HER2ST::F	forward	balanced_ot	cost_features_500	multioutput_ridge	1.0	4	random_gate	0.8	2	bff3dc28d25163ee1330fcddf91e072e6f6aded42f52d6945cf5b4a18ed1f88c	411	329	116	0.790273556231003	0.0	0.0	0.008620689655172414	0.008609592840019734	242.5	0.9137931034482759	0.7978014245739667
HER2ST_manual_controlled	HER2ST_F1_CONTROLLED	HER2ST_F1_CONTROLLED	HER2ST::F	forward	balanced_ot	cost_features_500	multioutput_ridge	1.0	4	random_gate	0.8	3	bff3dc28d25163ee1330fcddf91e072e6f6aded42f52d6945cf5b4a18ed1f88c	411	329	116	0.790273556231003	0.0	0.008620689655172414	0.008620689655172414	0.010015930858750886	223.0	0.9137931034482759	0.7981454690357099
HER2ST_manual_controlled	HER2ST_F1_CONTROLLED	HER2ST_F1_CONTROLLED	HER2ST::F	forward	balanced_ot	cost_features_500	multioutput_ridge	1.0	4	random_gate	0.8	4	bff3dc28d25163ee1330fcddf91e072e6f6aded42f52d6945cf5b4a18ed1f88c	411	329	116	0.7781155015197568	0.0	0.0	0.0	0.007882210630245717	232.5	0.9051724137931034	0.7982917902319852
HER2ST_manual_controlled	HER2ST_F1_CONTROLLED	HER2ST_F1_CONTROLLED	HER2ST::F	forward	uot	cost_features_500	multioutput_ridge	1.0	0	identity_no_training	0.0	0	bff3dc28d25163ee1330fcddf91e072e6f6aded42f52d6945cf5b4a18ed1f88c	406	0	121		0.9586776859504132	0.9917355371900827	1.0	0.9750098386462022	1.0	0.9834710743801653	0.4223492818342905
HER2ST_manual_controlled	HER2ST_F1_CONTROLLED	HER2ST_F1_CONTROLLED	HER2ST::F	forward	uot	cost_features_500	multioutput_ridge	1.0	0	all_top1	1.0	0	bff3dc28d25163ee1330fcddf91e072e6f6aded42f52d6945cf5b4a18ed1f88c	406	406	121	0.9039408866995073	0.0	0.01652892561983471	0.01652892561983471	0.017679376852921973	219.0	0.9338842975206612	0.7979693117783061
HER2ST_manual_controlled	HER2ST_F1_CONTROLLED	HER2ST_F1_CONTROLLED	HER2ST::F	forward	uot	cost_features_500	multioutput_ridge	1.0	0	max_probability_gate	0.8	0	bff3dc28d25163ee1330fcddf91e072e6f6aded42f52d6945cf5b4a18ed1f88c	406	325	121	0.8953846153846153	0.0	0.01652892561983471	0.01652892561983471	0.015961268162483038	255.0	0.9421487603305785	0.7971813278405268
HER2ST_manual_controlled	HER2ST_F1_CONTROLLED	HER2ST_F1_CONTROLLED	HER2ST::F	forward	uot	cost_features_500	multioutput_ridge	1.0	0	top2_margin_gate	0.8	0	bff3dc28d25163ee1330fcddf91e072e6f6aded42f52d6945cf5b4a18ed1f88c	406	325	121	0.9815384615384616	0.0	0.01652892561983471	0.01652892561983471	0.016627248431477313	240.0	0.9338842975206612	0.7980846946431333
HER2ST_manual_controlled	HER2ST_F1_CONTROLLED	HER2ST_F1_CONTROLLED	HER2ST::F	forward	uot	cost_features_500	multioutput_ridge	1.0	0	oracle_truth	0.8	0	bff3dc28d25163ee1330fcddf91e072e6f6aded42f52d6945cf5b4a18ed1f88c	406	325	121	1.0	0.0	0.01652892561983471	0.01652892561983471	0.01636336927980151	241.0	0.9834710743801653	0.7976265891754571
HER2ST_manual_controlled	HER2ST_F1_CONTROLLED	HER2ST_F1_CONTROLLED	HER2ST::F	forward	uot	cost_features_500	multioutput_ridge	1.0	0	random_gate	0.8	0	bff3dc28d25163ee1330fcddf91e072e6f6aded42f52d6945cf5b4a18ed1f88c	406	325	121	0.9107692307692308	0.008264462809917356	0.01652892561983471	0.01652892561983471	0.020414157908866252	225.0	0.9586776859504132	0.7973055936009024
HER2ST_manual_controlled	HER2ST_F1_CONTROLLED	HER2ST_F1_CONTROLLED	HER2ST::F	forward	uot	cost_features_500	multioutput_ridge	1.0	0	random_gate	0.8	1	bff3dc28d25163ee1330fcddf91e072e6f6aded42f52d6945cf5b4a18ed1f88c	406	325	121	0.8984615384615384	0.0	0.01652892561983471	0.01652892561983471	0.016007315423842233	252.0	0.9090909090909091	0.797119727021349
HER2ST_manual_controlled	HER2ST_F1_CONTROLLED	HER2ST_F1_CONTROLLED	HER2ST::F	forward	uot	cost_features_500	multioutput_ridge	1.0	0	random_gate	0.8	2	bff3dc28d25163ee1330fcddf91e072e6f6aded42f52d6945cf5b4a18ed1f88c	406	325	121	0.9046153846153846	0.0	0.01652892561983471	0.01652892561983471	0.016236445737866485	230.0	0.9256198347107438	0.7972933871886377
HER2ST_manual_controlled	HER2ST_F1_CONTROLLED	HER2ST_F1_CONTROLLED	HER2ST::F	forward	uot	cost_features_500	multioutput_ridge	1.0	0	random_gate	0.8	3	bff3dc28d25163ee1330fcddf91e072e6f6aded42f52d6945cf5b4a18ed1f88c	406	325	121	0.8953846153846153	0.0	0.01652892561983471	0.01652892561983471	0.015975861312118686	246.0	0.9421487603305785	0.7971932709000907
HER2ST_manual_controlled	HER2ST_F1_CONTROLLED	HER2ST_F1_CONTROLLED	HER2ST::F	forward	uot	cost_features_500	multioutput_ridge	1.0	0	random_gate	0.8	4	bff3dc28d25163ee1330fcddf91e072e6f6aded42f52d6945cf5b4a18ed1f88c	406	325	121	0.9015384615384615	0.0	0.01652892561983471	0.01652892561983471	0.016136348603238086	228.0	0.9256198347107438	0.7968700015811048
HER2ST_manual_controlled	HER2ST_F1_CONTROLLED	HER2ST_F1_CONTROLLED	HER2ST::F	forward	uot	cost_features_500	multioutput_ridge	1.0	1	identity_no_training	0.0	0	bff3dc28d25163ee1330fcddf91e072e6f6aded42f52d6945cf5b4a18ed1f88c	438	0	89		0.9213483146067416	0.9887640449438202	1.0	0.952915997859818	1.0	0.9775280898876404	0.41359695368411187
HER2ST_manual_controlled	HER2ST_F1_CONTROLLED	HER2ST_F1_CONTROLLED	HER2ST::F	forward	uot	cost_features_500	multioutput_ridge	1.0	1	all_top1	1.0	0	bff3dc28d25163ee1330fcddf91e072e6f6aded42f52d6945cf5b4a18ed1f88c	438	438	89	0.95662100456621	0.0	0.033707865168539325	0.07865168539325842	0.027439442048453465	91.0	0.8089887640449438	0.8092041799199966
HER2ST_manual_controlled	HER2ST_F1_CONTROLLED	HER2ST_F1_CONTROLLED	HER2ST::F	forward	uot	cost_features_500	multioutput_ridge	1.0	1	max_probability_gate	0.8	0	bff3dc28d25163ee1330fcddf91e072e6f6aded42f52d6945cf5b4a18ed1f88c	438	351	89	0.9458689458689459	0.0	0.02247191011235955	0.033707865168539325	0.02317122942628905	108.0	0.7640449438202247	0.8081851000588361
HER2ST_manual_controlled	HER2ST_F1_CONTROLLED	HER2ST_F1_CONTROLLED	HER2ST::F	forward	uot	cost_features_500	multioutput_ridge	1.0	1	top2_margin_gate	0.8	0	bff3dc28d25163ee1330fcddf91e072e6f6aded42f52d6945cf5b4a18ed1f88c	438	351	89	1.0	0.0	0.02247191011235955	0.06741573033707865	0.028228309688602224	108.0	0.7640449438202247	0.8088722286673303
HER2ST_manual_controlled	HER2ST_F1_CONTROLLED	HER2ST_F1_CONTROLLED	HER2ST::F	forward	uot	cost_features_500	multioutput_ridge	1.0	1	oracle_truth	0.8	0	bff3dc28d25163ee1330fcddf91e072e6f6aded42f52d6945cf5b4a18ed1f88c	438	351	89	1.0	0.0	0.02247191011235955	0.0449438202247191	0.02338000979233692	114.0	0.7865168539325843	0.8088981831017102
HER2ST_manual_controlled	HER2ST_F1_CONTROLLED	HER2ST_F1_CONTROLLED	HER2ST::F	forward	uot	cost_features_500	multioutput_ridge	1.0	1	random_gate	0.8	0	bff3dc28d25163ee1330fcddf91e072e6f6aded42f52d6945cf5b4a18ed1f88c	438	351	89	0.9515669515669516	0.0	0.02247191011235955	0.0449438202247191	0.022552895169615686	124.0	0.7865168539325843	0.808607633897518
HER2ST_manual_controlled	HER2ST_F1_CONTROLLED	HER2ST_F1_CONTROLLED	HER2ST::F	forward	uot	cost_features_500	multioutput_ridge	1.0	1	random_gate	0.8	1	bff3dc28d25163ee1330fcddf91e072e6f6aded42f52d6945cf5b4a18ed1f88c	438	351	89	0.9544159544159544	0.0	0.02247191011235955	0.056179775280898875	0.022148645013202545	114.0	0.7528089887640449	0.8084743341281994
HER2ST_manual_controlled	HER2ST_F1_CONTROLLED	HER2ST_F1_CONTROLLED	HER2ST::F	forward	uot	cost_features_500	multioutput_ridge	1.0	1	random_gate	0.8	2	bff3dc28d25163ee1330fcddf91e072e6f6aded42f52d6945cf5b4a18ed1f88c	438	351	89	0.9629629629629629	0.0	0.033707865168539325	0.0449438202247191	0.02336187465399954	133.0	0.8202247191011236	0.8085459830272482
HER2ST_manual_controlled	HER2ST_F1_CONTROLLED	HER2ST_F1_CONTROLLED	HER2ST::F	forward	uot	cost_features_500	multioutput_ridge	1.0	1	random_gate	0.8	3	bff3dc28d25163ee1330fcddf91e072e6f6aded42f52d6945cf5b4a18ed1f88c	438	351	89	0.9458689458689459	0.0	0.011235955056179775	0.06741573033707865	0.022785947617526683	115.0	0.797752808988764	0.8085139729751205
HER2ST_manual_controlled	HER2ST_F1_CONTROLLED	HER2ST_F1_CONTROLLED	HER2ST::F	forward	uot	cost_features_500	multioutput_ridge	1.0	1	random_gate	0.8	4	bff3dc28d25163ee1330fcddf91e072e6f6aded42f52d6945cf5b4a18ed1f88c	438	351	89	0.9544159544159544	0.0	0.033707865168539325	0.0449438202247191	0.023210544028774524	120.0	0.8202247191011236	0.8086521647559333
HER2ST_manual_controlled	HER2ST_F1_CONTROLLED	HER2ST_F1_CONTROLLED	HER2ST::F	forward	uot	cost_features_500	multioutput_ridge	1.0	2	identity_no_training	0.0	0	bff3dc28d25163ee1330fcddf91e072e6f6aded42f52d6945cf5b4a18ed1f88c	423	0	104		0.9519230769230769	1.0	1.0	0.9677884615384615	1.0	1.0	0.4220589120429562
HER2ST_manual_controlled	HER2ST_F1_CONTROLLED	HER2ST_F1_CONTROLLED	HER2ST::F	forward	uot	cost_features_500	multioutput_ridge	1.0	2	all_top1	1.0	0	bff3dc28d25163ee1330fcddf91e072e6f6aded42f52d6945cf5b4a18ed1f88c	423	423	104	0.9385342789598109	0.0	0.028846153846153848	0.10576923076923077	0.034927295479334826	91.5	0.9519230769230769	0.8116703897824679
HER2ST_manual_controlled	HER2ST_F1_CONTROLLED	HER2ST_F1_CONTROLLED	HER2ST::F	forward	uot	cost_features_500	multioutput_ridge	1.0	2	max_probability_gate	0.8	0	bff3dc28d25163ee1330fcddf91e072e6f6aded42f52d6945cf5b4a18ed1f88c	423	339	104	0.9380530973451328	0.0	0.038461538461538464	0.0673076923076923	0.030266673893166136	107.5	0.9711538461538461	0.8107864855731086
HER2ST_manual_controlled	HER2ST_F1_CONTROLLED	HER2ST_F1_CONTROLLED	HER2ST::F	forward	uot	cost_features_500	multioutput_ridge	1.0	2	top2_margin_gate	0.8	0	bff3dc28d25163ee1330fcddf91e072e6f6aded42f52d6945cf5b4a18ed1f88c	423	339	104	1.0	0.0	0.038461538461538464	0.125	0.03453000786627142	100.0	0.9903846153846154	0.8113973935685408
HER2ST_manual_controlled	HER2ST_F1_CONTROLLED	HER2ST_F1_CONTROLLED	HER2ST::F	forward	uot	cost_features_500	multioutput_ridge	1.0	2	oracle_truth	0.8	0	bff3dc28d25163ee1330fcddf91e072e6f6aded42f52d6945cf5b4a18ed1f88c	423	339	104	1.0	0.0	0.038461538461538464	0.04807692307692308	0.03179734440852498	112.5	0.9519230769230769	0.8110145672396792
HER2ST_manual_controlled	HER2ST_F1_CONTROLLED	HER2ST_F1_CONTROLLED	HER2ST::F	forward	uot	cost_features_500	multioutput_ridge	1.0	2	random_gate	0.8	0	bff3dc28d25163ee1330fcddf91e072e6f6aded42f52d6945cf5b4a18ed1f88c	423	339	104	0.9233038348082596	0.0	0.038461538461538464	0.0673076923076923	0.028411656202245325	108.0	0.9423076923076923	0.8105563116804723
HER2ST_manual_controlled	HER2ST_F1_CONTROLLED	HER2ST_F1_CONTROLLED	HER2ST::F	forward	uot	cost_features_500	multioutput_ridge	1.0	2	random_gate	0.8	1	bff3dc28d25163ee1330fcddf91e072e6f6aded42f52d6945cf5b4a18ed1f88c	423	339	104	0.9321533923303835	0.0	0.038461538461538464	0.0673076923076923	0.026770163806050865	118.5	0.9807692307692307	0.8106365569923193
HER2ST_manual_controlled	HER2ST_F1_CONTROLLED	HER2ST_F1_CONTROLLED	HER2ST::F	forward	uot	cost_features_500	multioutput_ridge	1.0	2	random_gate	0.8	2	bff3dc28d25163ee1330fcddf91e072e6f6aded42f52d6945cf5b4a18ed1f88c	423	339	104	0.9351032448377581	0.0	0.019230769230769232	0.07692307692307693	0.0270004490618011	122.5	0.9519230769230769	0.8106705792605714
HER2ST_manual_controlled	HER2ST_F1_CONTROLLED	HER2ST_F1_CONTROLLED	HER2ST::F	forward	uot	cost_features_500	multioutput_ridge	1.0	2	random_gate	0.8	3	bff3dc28d25163ee1330fcddf91e072e6f6aded42f52d6945cf5b4a18ed1f88c	423	339	104	0.9351032448377581	0.0	0.019230769230769232	0.07692307692307693	0.027417003959749355	112.0	0.9423076923076923	0.8105837858393793
HER2ST_manual_controlled	HER2ST_F1_CONTROLLED	HER2ST_F1_CONTROLLED	HER2ST::F	forward	uot	cost_features_500	multioutput_ridge	1.0	2	random_gate	0.8	4	bff3dc28d25163ee1330fcddf91e072e6f6aded42f52d6945cf5b4a18ed1f88c	423	339	104	0.9292035398230089	0.0	0.019230769230769232	0.07692307692307693	0.026928397083200297	111.0	0.9711538461538461	0.8106543973501013
HER2ST_manual_controlled	HER2ST_F1_CONTROLLED	HER2ST_F1_CONTROLLED	HER2ST::F	forward	uot	cost_features_500	multioutput_ridge	1.0	3	identity_no_training	0.0	0	bff3dc28d25163ee1330fcddf91e072e6f6aded42f52d6945cf5b4a18ed1f88c	430	0	97		0.9072164948453608	0.9587628865979382	0.9587628865979382	0.9340987191502655	1.0	1.0	0.42092914240272955
HER2ST_manual_controlled	HER2ST_F1_CONTROLLED	HER2ST_F1_CONTROLLED	HER2ST::F	forward	uot	cost_features_500	multioutput_ridge	1.0	3	all_top1	1.0	0	bff3dc28d25163ee1330fcddf91e072e6f6aded42f52d6945cf5b4a18ed1f88c	430	430	97	0.9232558139534883	0.010309278350515464	0.061855670103092786	0.12371134020618557	0.058812498952355234	82.0	0.8762886597938144	0.8137403628577785
HER2ST_manual_controlled	HER2ST_F1_CONTROLLED	HER2ST_F1_CONTROLLED	HER2ST::F	forward	uot	cost_features_500	multioutput_ridge	1.0	3	max_probability_gate	0.8	0	bff3dc28d25163ee1330fcddf91e072e6f6aded42f52d6945cf5b4a18ed1f88c	430	344	97	0.9186046511627907	0.010309278350515464	0.061855670103092786	0.10309278350515463	0.04969586566120417	92.0	0.865979381443299	0.8128912773349041
HER2ST_manual_controlled	HER2ST_F1_CONTROLLED	HER2ST_F1_CONTROLLED	HER2ST::F	forward	uot	cost_features_500	multioutput_ridge	1.0	3	top2_margin_gate	0.8	0	bff3dc28d25163ee1330fcddf91e072e6f6aded42f52d6945cf5b4a18ed1f88c	430	344	97	0.997093023255814	0.010309278350515464	0.061855670103092786	0.1134020618556701	0.049750417963487704	89.0	0.8762886597938144	0.8143174310736225
HER2ST_manual_controlled	HER2ST_F1_CONTROLLED	HER2ST_F1_CONTROLLED	HER2ST::F	forward	uot	cost_features_500	multioutput_ridge	1.0	3	oracle_truth	0.8	0	bff3dc28d25163ee1330fcddf91e072e6f6aded42f52d6945cf5b4a18ed1f88c	430	344	97	1.0	0.010309278350515464	0.07216494845360824	0.12371134020618557	0.051387443273327456	103.0	0.8865979381443299	0.8139027986655982
HER2ST_manual_controlled	HER2ST_F1_CONTROLLED	HER2ST_F1_CONTROLLED	HER2ST::F	forward	uot	cost_features_500	multioutput_ridge	1.0	3	random_gate	0.8	0	bff3dc28d25163ee1330fcddf91e072e6f6aded42f52d6945cf5b4a18ed1f88c	430	344	97	0.9215116279069767	0.010309278350515464	0.061855670103092786	0.10309278350515463	0.04826093663063783	101.0	0.8865979381443299	0.8129853976943783
HER2ST_manual_controlled	HER2ST_F1_CONTROLLED	HER2ST_F1_CONTROLLED	HER2ST::F	forward	uot	cost_features_500	multioutput_ridge	1.0	3	random_gate	0.8	1	bff3dc28d25163ee1330fcddf91e072e6f6aded42f52d6945cf5b4a18ed1f88c	430	344	97	0.9331395348837209	0.010309278350515464	0.07216494845360824	0.10309278350515463	0.053397057803928394	103.0	0.865979381443299	0.8129852505868272
HER2ST_manual_controlled	HER2ST_F1_CONTROLLED	HER2ST_F1_CONTROLLED	HER2ST::F	forward	uot	cost_features_500	multioutput_ridge	1.0	3	random_gate	0.8	2	bff3dc28d25163ee1330fcddf91e072e6f6aded42f52d6945cf5b4a18ed1f88c	430	344	97	0.9302325581395349	0.010309278350515464	0.07216494845360824	0.10309278350515463	0.05677926373799962	101.0	0.8762886597938144	0.8135824811474153
HER2ST_manual_controlled	HER2ST_F1_CONTROLLED	HER2ST_F1_CONTROLLED	HER2ST::F	forward	uot	cost_features_500	multioutput_ridge	1.0	3	random_gate	0.8	3	bff3dc28d25163ee1330fcddf91e072e6f6aded42f52d6945cf5b4a18ed1f88c	430	344	97	0.9156976744186046	0.010309278350515464	0.061855670103092786	0.10309278350515463	0.05243857037032702	101.0	0.8865979381443299	0.8129547706678593
HER2ST_manual_controlled	HER2ST_F1_CONTROLLED	HER2ST_F1_CONTROLLED	HER2ST::F	forward	uot	cost_features_500	multioutput_ridge	1.0	3	random_gate	0.8	4	bff3dc28d25163ee1330fcddf91e072e6f6aded42f52d6945cf5b4a18ed1f88c	430	344	97	0.9273255813953488	0.010309278350515464	0.07216494845360824	0.09278350515463918	0.05438345373193285	95.0	0.8969072164948454	0.8133550643373972
HER2ST_manual_controlled	HER2ST_F1_CONTROLLED	HER2ST_F1_CONTROLLED	HER2ST::F	forward	uot	cost_features_500	multioutput_ridge	1.0	4	identity_no_training	0.0	0	bff3dc28d25163ee1330fcddf91e072e6f6aded42f52d6945cf5b4a18ed1f88c	411	0	116		0.9741379310344828	0.9913793103448276	1.0	0.9814039408866995	1.0	1.0	0.41462241114906284
HER2ST_manual_controlled	HER2ST_F1_CONTROLLED	HER2ST_F1_CONTROLLED	HER2ST::F	forward	uot	cost_features_500	multioutput_ridge	1.0	4	all_top1	1.0	0	bff3dc28d25163ee1330fcddf91e072e6f6aded42f52d6945cf5b4a18ed1f88c	411	411	116	0.9051094890510949	0.0	0.008620689655172414	0.008620689655172414	0.011514861827183491	196.0	0.8793103448275862	0.800293826361385
HER2ST_manual_controlled	HER2ST_F1_CONTROLLED	HER2ST_F1_CONTROLLED	HER2ST::F	forward	uot	cost_features_500	multioutput_ridge	1.0	4	max_probability_gate	0.8	0	bff3dc28d25163ee1330fcddf91e072e6f6aded42f52d6945cf5b4a18ed1f88c	411	329	116	0.8996960486322189	0.0	0.008620689655172414	0.008620689655172414	0.010697256950497395	221.0	0.9310344827586207	0.7992294972619697
HER2ST_manual_controlled	HER2ST_F1_CONTROLLED	HER2ST_F1_CONTROLLED	HER2ST::F	forward	uot	cost_features_500	multioutput_ridge	1.0	4	top2_margin_gate	0.8	0	bff3dc28d25163ee1330fcddf91e072e6f6aded42f52d6945cf5b4a18ed1f88c	411	329	116	0.9817629179331308	0.0	0.008620689655172414	0.008620689655172414	0.011428753674675808	217.0	0.9137931034482759	0.8003782495082661
HER2ST_manual_controlled	HER2ST_F1_CONTROLLED	HER2ST_F1_CONTROLLED	HER2ST::F	forward	uot	cost_features_500	multioutput_ridge	1.0	4	oracle_truth	0.8	0	bff3dc28d25163ee1330fcddf91e072e6f6aded42f52d6945cf5b4a18ed1f88c	411	329	116	1.0	0.0	0.008620689655172414	0.008620689655172414	0.011375256660438291	201.0	0.9396551724137931	0.8005361999437222
HER2ST_manual_controlled	HER2ST_F1_CONTROLLED	HER2ST_F1_CONTROLLED	HER2ST::F	forward	uot	cost_features_500	multioutput_ridge	1.0	4	random_gate	0.8	0	bff3dc28d25163ee1330fcddf91e072e6f6aded42f52d6945cf5b4a18ed1f88c	411	329	116	0.9027355623100304	0.0	0.008620689655172414	0.008620689655172414	0.009749696073395413	211.5	0.9396551724137931	0.7994100590032815
HER2ST_manual_controlled	HER2ST_F1_CONTROLLED	HER2ST_F1_CONTROLLED	HER2ST::F	forward	uot	cost_features_500	multioutput_ridge	1.0	4	random_gate	0.8	1	bff3dc28d25163ee1330fcddf91e072e6f6aded42f52d6945cf5b4a18ed1f88c	411	329	116	0.9088145896656535	0.0	0.0	0.008620689655172414	0.00920626912431234	229.0	0.8793103448275862	0.7995057207526594
HER2ST_manual_controlled	HER2ST_F1_CONTROLLED	HER2ST_F1_CONTROLLED	HER2ST::F	forward	uot	cost_features_500	multioutput_ridge	1.0	4	random_gate	0.8	2	bff3dc28d25163ee1330fcddf91e072e6f6aded42f52d6945cf5b4a18ed1f88c	411	329	116	0.9027355623100304	0.0	0.0	0.008620689655172414	0.008702500284339356	230.5	0.9137931034482759	0.7993184111445405
HER2ST_manual_controlled	HER2ST_F1_CONTROLLED	HER2ST_F1_CONTROLLED	HER2ST::F	forward	uot	cost_features_500	multioutput_ridge	1.0	4	random_gate	0.8	3	bff3dc28d25163ee1330fcddf91e072e6f6aded42f52d6945cf5b4a18ed1f88c	411	329	116	0.8905775075987842	0.0	0.008620689655172414	0.008620689655172414	0.010724858940960803	218.0	0.896551724137931	0.7992466900667923
HER2ST_manual_controlled	HER2ST_F1_CONTROLLED	HER2ST_F1_CONTROLLED	HER2ST::F	forward	uot	cost_features_500	multioutput_ridge	1.0	4	random_gate	0.8	4	bff3dc28d25163ee1330fcddf91e072e6f6aded42f52d6945cf5b4a18ed1f88c	411	329	116	0.9209726443768997	0.0	0.0	0.008620689655172414	0.009168448176095927	231.5	0.9051724137931034	0.7995304509905004
HER2ST_manual_controlled	HER2ST_F1_CONTROLLED	HER2ST_F1_CONTROLLED	HER2ST::F	forward	row_softmax	cost_features_500	multioutput_ridge	1.0	0	identity_no_training	0.0	0	bff3dc28d25163ee1330fcddf91e072e6f6aded42f52d6945cf5b4a18ed1f88c	406	0	121		0.9586776859504132	0.9917355371900827	1.0	0.9750098386462022	1.0	0.9834710743801653	0.4223492818342905
HER2ST_manual_controlled	HER2ST_F1_CONTROLLED	HER2ST_F1_CONTROLLED	HER2ST::F	forward	row_softmax	cost_features_500	multioutput_ridge	1.0	0	all_top1	1.0	0	bff3dc28d25163ee1330fcddf91e072e6f6aded42f52d6945cf5b4a18ed1f88c	406	406	121	0.9852216748768473	0.0	0.01652892561983471	0.01652892561983471	0.01797804601154069	213.0	0.9504132231404959	0.7985018897659284
HER2ST_manual_controlled	HER2ST_F1_CONTROLLED	HER2ST_F1_CONTROLLED	HER2ST::F	forward	row_softmax	cost_features_500	multioutput_ridge	1.0	0	max_probability_gate	0.8	0	bff3dc28d25163ee1330fcddf91e072e6f6aded42f52d6945cf5b4a18ed1f88c	406	325	121	0.9846153846153847	0.0	0.01652892561983471	0.01652892561983471	0.016257049068328845	248.0	0.9586776859504132	0.7976082481785647
HER2ST_manual_controlled	HER2ST_F1_CONTROLLED	HER2ST_F1_CONTROLLED	HER2ST::F	forward	row_softmax	cost_features_500	multioutput_ridge	1.0	0	top2_margin_gate	0.8	0	bff3dc28d25163ee1330fcddf91e072e6f6aded42f52d6945cf5b4a18ed1f88c	406	325	121	1.0	0.0	0.01652892561983471	0.01652892561983471	0.01694827626734768	223.0	0.9504132231404959	0.79795099149225
HER2ST_manual_controlled	HER2ST_F1_CONTROLLED	HER2ST_F1_CONTROLLED	HER2ST::F	forward	row_softmax	cost_features_500	multioutput_ridge	1.0	0	oracle_truth	0.8	0	bff3dc28d25163ee1330fcddf91e072e6f6aded42f52d6945cf5b4a18ed1f88c	406	325	121	1.0	0.0	0.01652892561983471	0.01652892561983471	0.01677143656366931	228.0	0.9504132231404959	0.7978720596837888
HER2ST_manual_controlled	HER2ST_F1_CONTROLLED	HER2ST_F1_CONTROLLED	HER2ST::F	forward	row_softmax	cost_features_500	multioutput_ridge	1.0	0	random_gate	0.8	0	bff3dc28d25163ee1330fcddf91e072e6f6aded42f52d6945cf5b4a18ed1f88c	406	325	121	0.9846153846153847	0.0	0.01652892561983471	0.01652892561983471	0.016123884496075283	251.0	0.9421487603305785	0.7973721149201508
HER2ST_manual_controlled	HER2ST_F1_CONTROLLED	HER2ST_F1_CONTROLLED	HER2ST::F	forward	row_softmax	cost_features_500	multioutput_ridge	1.0	0	random_gate	0.8	1	bff3dc28d25163ee1330fcddf91e072e6f6aded42f52d6945cf5b4a18ed1f88c	406	325	121	0.9876923076923076	0.0	0.01652892561983471	0.024793388429752067	0.016885686113392816	226.0	0.9421487603305785	0.7980002499205191
HER2ST_manual_controlled	HER2ST_F1_CONTROLLED	HER2ST_F1_CONTROLLED	HER2ST::F	forward	row_softmax	cost_features_500	multioutput_ridge	1.0	0	random_gate	0.8	2	bff3dc28d25163ee1330fcddf91e072e6f6aded42f52d6945cf5b4a18ed1f88c	406	325	121	0.9876923076923076	0.0	0.01652892561983471	0.01652892561983471	0.016223919640364834	237.0	0.9586776859504132	0.7978372383450472
HER2ST_manual_controlled	HER2ST_F1_CONTROLLED	HER2ST_F1_CONTROLLED	HER2ST::F	forward	row_softmax	cost_features_500	multioutput_ridge	1.0	0	random_gate	0.8	3	bff3dc28d25163ee1330fcddf91e072e6f6aded42f52d6945cf5b4a18ed1f88c	406	325	121	0.9815384615384616	0.0	0.01652892561983471	0.01652892561983471	0.015460379056310411	232.0	0.9504132231404959	0.7980516350462549
HER2ST_manual_controlled	HER2ST_F1_CONTROLLED	HER2ST_F1_CONTROLLED	HER2ST::F	forward	row_softmax	cost_features_500	multioutput_ridge	1.0	0	random_gate	0.8	4	bff3dc28d25163ee1330fcddf91e072e6f6aded42f52d6945cf5b4a18ed1f88c	406	325	121	0.9846153846153847	0.0	0.01652892561983471	0.01652892561983471	0.016375012945246906	226.0	0.9090909090909091	0.7977544858255151
HER2ST_manual_controlled	HER2ST_F1_CONTROLLED	HER2ST_F1_CONTROLLED	HER2ST::F	forward	row_softmax	cost_features_500	multioutput_ridge	1.0	1	identity_no_training	0.0	0	bff3dc28d25163ee1330fcddf91e072e6f6aded42f52d6945cf5b4a18ed1f88c	438	0	89		0.9213483146067416	0.9887640449438202	1.0	0.952915997859818	1.0	0.9775280898876404	0.41359695368411187
HER2ST_manual_controlled	HER2ST_F1_CONTROLLED	HER2ST_F1_CONTROLLED	HER2ST::F	forward	row_softmax	cost_features_500	multioutput_ridge	1.0	1	all_top1	1.0	0	bff3dc28d25163ee1330fcddf91e072e6f6aded42f52d6945cf5b4a18ed1f88c	438	438	89	0.9817351598173516	0.0	0.033707865168539325	0.056179775280898875	0.02927085318925035	92.0	0.7752808988764045	0.8094613559019811
HER2ST_manual_controlled	HER2ST_F1_CONTROLLED	HER2ST_F1_CONTROLLED	HER2ST::F	forward	row_softmax	cost_features_500	multioutput_ridge	1.0	1	max_probability_gate	0.8	0	bff3dc28d25163ee1330fcddf91e072e6f6aded42f52d6945cf5b4a18ed1f88c	438	351	89	0.98005698005698	0.0	0.02247191011235955	0.056179775280898875	0.023382883911358933	107.0	0.7752808988764045	0.8085650420849175
HER2ST_manual_controlled	HER2ST_F1_CONTROLLED	HER2ST_F1_CONTROLLED	HER2ST::F	forward	row_softmax	cost_features_500	multioutput_ridge	1.0	1	top2_margin_gate	0.8	0	bff3dc28d25163ee1330fcddf91e072e6f6aded42f52d6945cf5b4a18ed1f88c	438	351	89	1.0	0.0	0.02247191011235955	0.06741573033707865	0.024762445886293522	111.0	0.7865168539325843	0.8090228898972046
HER2ST_manual_controlled	HER2ST_F1_CONTROLLED	HER2ST_F1_CONTROLLED	HER2ST::F	forward	row_softmax	cost_features_500	multioutput_ridge	1.0	1	oracle_truth	0.8	0	bff3dc28d25163ee1330fcddf91e072e6f6aded42f52d6945cf5b4a18ed1f88c	438	351	89	1.0	0.0	0.011235955056179775	0.056179775280898875	0.022927284955139463	117.0	0.8314606741573034	0.8089540897620005
HER2ST_manual_controlled	HER2ST_F1_CONTROLLED	HER2ST_F1_CONTROLLED	HER2ST::F	forward	row_softmax	cost_features_500	multioutput_ridge	1.0	1	random_gate	0.8	0	bff3dc28d25163ee1330fcddf91e072e6f6aded42f52d6945cf5b4a18ed1f88c	438	351	89	0.9772079772079773	0.0	0.02247191011235955	0.056179775280898875	0.023373531183390556	118.0	0.7752808988764045	0.8087181647677478
HER2ST_manual_controlled	HER2ST_F1_CONTROLLED	HER2ST_F1_CONTROLLED	HER2ST::F	forward	row_softmax	cost_features_500	multioutput_ridge	1.0	1	random_gate	0.8	1	bff3dc28d25163ee1330fcddf91e072e6f6aded42f52d6945cf5b4a18ed1f88c	438	351	89	0.98005698005698	0.0	0.02247191011235955	0.0449438202247191	0.02208028158135662	105.0	0.797752808988764	0.8090461696304952
HER2ST_manual_controlled	HER2ST_F1_CONTROLLED	HER2ST_F1_CONTROLLED	HER2ST::F	forward	row_softmax	cost_features_500	multioutput_ridge	1.0	1	random_gate	0.8	2	bff3dc28d25163ee1330fcddf91e072e6f6aded42f52d6945cf5b4a18ed1f88c	438	351	89	0.9829059829059829	0.0	0.011235955056179775	0.056179775280898875	0.021444496241497676	111.0	0.797752808988764	0.8086522601277524
HER2ST_manual_controlled	HER2ST_F1_CONTROLLED	HER2ST_F1_CONTROLLED	HER2ST::F	forward	row_softmax	cost_features_500	multioutput_ridge	1.0	1	random_gate	0.8	3	bff3dc28d25163ee1330fcddf91e072e6f6aded42f52d6945cf5b4a18ed1f88c	438	351	89	0.9829059829059829	0.0	0.02247191011235955	0.0449438202247191	0.02318829715566138	114.0	0.797752808988764	0.8088421163946967
HER2ST_manual_controlled	HER2ST_F1_CONTROLLED	HER2ST_F1_CONTROLLED	HER2ST::F	forward	row_softmax	cost_features_500	multioutput_ridge	1.0	1	random_gate	0.8	4	bff3dc28d25163ee1330fcddf91e072e6f6aded42f52d6945cf5b4a18ed1f88c	438	351	89	0.9829059829059829	0.0	0.02247191011235955	0.0449438202247191	0.02265258445048561	115.0	0.8202247191011236	0.8086683962803752
HER2ST_manual_controlled	HER2ST_F1_CONTROLLED	HER2ST_F1_CONTROLLED	HER2ST::F	forward	row_softmax	cost_features_500	multioutput_ridge	1.0	2	identity_no_training	0.0	0	bff3dc28d25163ee1330fcddf91e072e6f6aded42f52d6945cf5b4a18ed1f88c	423	0	104		0.9519230769230769	1.0	1.0	0.9677884615384615	1.0	1.0	0.4220589120429562
HER2ST_manual_controlled	HER2ST_F1_CONTROLLED	HER2ST_F1_CONTROLLED	HER2ST::F	forward	row_softmax	cost_features_500	multioutput_ridge	1.0	2	all_top1	1.0	0	bff3dc28d25163ee1330fcddf91e072e6f6aded42f52d6945cf5b4a18ed1f88c	423	423	104	0.983451536643026	0.0	0.038461538461538464	0.10576923076923077	0.03573345380249594	98.0	0.9711538461538461	0.8119323831221728
HER2ST_manual_controlled	HER2ST_F1_CONTROLLED	HER2ST_F1_CONTROLLED	HER2ST::F	forward	row_softmax	cost_features_500	multioutput_ridge	1.0	2	max_probability_gate	0.8	0	bff3dc28d25163ee1330fcddf91e072e6f6aded42f52d6945cf5b4a18ed1f88c	423	339	104	0.9882005899705014	0.0	0.038461538461538464	0.09615384615384616	0.0301293579543814	110.0	0.9519230769230769	0.8112680543230267
HER2ST_manual_controlled	HER2ST_F1_CONTROLLED	HER2ST_F1_CONTROLLED	HER2ST::F	forward	row_softmax	cost_features_500	multioutput_ridge	1.0	2	top2_margin_gate	0.8	0	bff3dc28d25163ee1330fcddf91e072e6f6aded42f52d6945cf5b4a18ed1f88c	423	339	104	1.0	0.0	0.04807692307692308	0.07692307692307693	0.030470451109328237	106.5	0.9519230769230769	0.8112868940298128
HER2ST_manual_controlled	HER2ST_F1_CONTROLLED	HER2ST_F1_CONTROLLED	HER2ST::F	forward	row_softmax	cost_features_500	multioutput_ridge	1.0	2	oracle_truth	0.8	0	bff3dc28d25163ee1330fcddf91e072e6f6aded42f52d6945cf5b4a18ed1f88c	423	339	104	1.0	0.0	0.038461538461538464	0.07692307692307693	0.03197334500936781	107.5	0.9615384615384616	0.8112720326647511
HER2ST_manual_controlled	HER2ST_F1_CONTROLLED	HER2ST_F1_CONTROLLED	HER2ST::F	forward	row_softmax	cost_features_500	multioutput_ridge	1.0	2	random_gate	0.8	0	bff3dc28d25163ee1330fcddf91e072e6f6aded42f52d6945cf5b4a18ed1f88c	423	339	104	0.9852507374631269	0.0	0.028846153846153848	0.07692307692307693	0.028169732947733946	116.5	0.9615384615384616	0.8110124016202638
HER2ST_manual_controlled	HER2ST_F1_CONTROLLED	HER2ST_F1_CONTROLLED	HER2ST::F	forward	row_softmax	cost_features_500	multioutput_ridge	1.0	2	random_gate	0.8	1	bff3dc28d25163ee1330fcddf91e072e6f6aded42f52d6945cf5b4a18ed1f88c	423	339	104	0.9852507374631269	0.0	0.028846153846153848	0.0673076923076923	0.03008528866873052	110.0	0.9807692307692307	0.8111014915432896
HER2ST_manual_controlled	HER2ST_F1_CONTROLLED	HER2ST_F1_CONTROLLED	HER2ST::F	forward	row_softmax	cost_features_500	multioutput_ridge	1.0	2	random_gate	0.8	2	bff3dc28d25163ee1330fcddf91e072e6f6aded42f52d6945cf5b4a18ed1f88c	423	339	104	0.9882005899705014	0.0	0.028846153846153848	0.09615384615384616	0.03085334427478207	115.5	0.9423076923076923	0.811293953051336
HER2ST_manual_controlled	HER2ST_F1_CONTROLLED	HER2ST_F1_CONTROLLED	HER2ST::F	forward	row_softmax	cost_features_500	multioutput_ridge	1.0	2	random_gate	0.8	3	bff3dc28d25163ee1330fcddf91e072e6f6aded42f52d6945cf5b4a18ed1f88c	423	339	104	0.9823008849557522	0.0	0.04807692307692308	0.07692307692307693	0.032288999835793114	108.5	0.9615384615384616	0.8110972072188865
HER2ST_manual_controlled	HER2ST_F1_CONTROLLED	HER2ST_F1_CONTROLLED	HER2ST::F	forward	row_softmax	cost_features_500	multioutput_ridge	1.0	2	random_gate	0.8	4	bff3dc28d25163ee1330fcddf91e072e6f6aded42f52d6945cf5b4a18ed1f88c	423	339	104	0.9882005899705014	0.0	0.019230769230769232	0.08653846153846154	0.027051489730934193	125.5	0.9519230769230769	0.8109250257932203
HER2ST_manual_controlled	HER2ST_F1_CONTROLLED	HER2ST_F1_CONTROLLED	HER2ST::F	forward	row_softmax	cost_features_500	multioutput_ridge	1.0	3	identity_no_training	0.0	0	bff3dc28d25163ee1330fcddf91e072e6f6aded42f52d6945cf5b4a18ed1f88c	430	0	97		0.9072164948453608	0.9587628865979382	0.9587628865979382	0.9340987191502655	1.0	1.0	0.42092914240272955
HER2ST_manual_controlled	HER2ST_F1_CONTROLLED	HER2ST_F1_CONTROLLED	HER2ST::F	forward	row_softmax	cost_features_500	multioutput_ridge	1.0	3	all_top1	1.0	0	bff3dc28d25163ee1330fcddf91e072e6f6aded42f52d6945cf5b4a18ed1f88c	430	430	97	0.986046511627907	0.010309278350515464	0.07216494845360824	0.13402061855670103	0.05548742861321512	80.0	0.8762886597938144	0.8146749799619111
HER2ST_manual_controlled	HER2ST_F1_CONTROLLED	HER2ST_F1_CONTROLLED	HER2ST::F	forward	row_softmax	cost_features_500	multioutput_ridge	1.0	3	max_probability_gate	0.8	0	bff3dc28d25163ee1330fcddf91e072e6f6aded42f52d6945cf5b4a18ed1f88c	430	344	97	0.9883720930232558	0.010309278350515464	0.05154639175257732	0.10309278350515463	0.048713657391548676	97.0	0.8762886597938144	0.8142239214302516
HER2ST_manual_controlled	HER2ST_F1_CONTROLLED	HER2ST_F1_CONTROLLED	HER2ST::F	forward	row_softmax	cost_features_500	multioutput_ridge	1.0	3	top2_margin_gate	0.8	0	bff3dc28d25163ee1330fcddf91e072e6f6aded42f52d6945cf5b4a18ed1f88c	430	344	97	1.0	0.010309278350515464	0.061855670103092786	0.09278350515463918	0.04820744849914189	84.0	0.8865979381443299	0.8145619077032723
HER2ST_manual_controlled	HER2ST_F1_CONTROLLED	HER2ST_F1_CONTROLLED	HER2ST::F	forward	row_softmax	cost_features_500	multioutput_ridge	1.0	3	oracle_truth	0.8	0	bff3dc28d25163ee1330fcddf91e072e6f6aded42f52d6945cf5b4a18ed1f88c	430	344	97	1.0	0.010309278350515464	0.041237113402061855	0.10309278350515463	0.04432265616688447	104.0	0.8865979381443299	0.8140684478871109
HER2ST_manual_controlled	HER2ST_F1_CONTROLLED	HER2ST_F1_CONTROLLED	HER2ST::F	forward	row_softmax	cost_features_500	multioutput_ridge	1.0	3	random_gate	0.8	0	bff3dc28d25163ee1330fcddf91e072e6f6aded42f52d6945cf5b4a18ed1f88c	430	344	97	0.9825581395348837	0.010309278350515464	0.05154639175257732	0.1134020618556701	0.047863571296342854	100.0	0.8762886597938144	0.8136547923535516
HER2ST_manual_controlled	HER2ST_F1_CONTROLLED	HER2ST_F1_CONTROLLED	HER2ST::F	forward	row_softmax	cost_features_500	multioutput_ridge	1.0	3	random_gate	0.8	1	bff3dc28d25163ee1330fcddf91e072e6f6aded42f52d6945cf5b4a18ed1f88c	430	344	97	0.9825581395348837	0.010309278350515464	0.05154639175257732	0.10309278350515463	0.04550234831611814	94.0	0.8865979381443299	0.8138739042560118
HER2ST_manual_controlled	HER2ST_F1_CONTROLLED	HER2ST_F1_CONTROLLED	HER2ST::F	forward	row_softmax	cost_features_500	multioutput_ridge	1.0	3	random_gate	0.8	2	bff3dc28d25163ee1330fcddf91e072e6f6aded42f52d6945cf5b4a18ed1f88c	430	344	97	0.9825581395348837	0.010309278350515464	0.061855670103092786	0.09278350515463918	0.049524302858854403	98.0	0.8865979381443299	0.8138316302451243
HER2ST_manual_controlled	HER2ST_F1_CONTROLLED	HER2ST_F1_CONTROLLED	HER2ST::F	forward	row_softmax	cost_features_500	multioutput_ridge	1.0	3	random_gate	0.8	3	bff3dc28d25163ee1330fcddf91e072e6f6aded42f52d6945cf5b4a18ed1f88c	430	344	97	0.9854651162790697	0.010309278350515464	0.05154639175257732	0.09278350515463918	0.04788692587855238	92.0	0.8762886597938144	0.8138038986540113
HER2ST_manual_controlled	HER2ST_F1_CONTROLLED	HER2ST_F1_CONTROLLED	HER2ST::F	forward	row_softmax	cost_features_500	multioutput_ridge	1.0	3	random_gate	0.8	4	bff3dc28d25163ee1330fcddf91e072e6f6aded42f52d6945cf5b4a18ed1f88c	430	344	97	0.9854651162790697	0.010309278350515464	0.041237113402061855	0.10309278350515463	0.04761600887128601	96.0	0.8865979381443299	0.8141319227632522
HER2ST_manual_controlled	HER2ST_F1_CONTROLLED	HER2ST_F1_CONTROLLED	HER2ST::F	forward	row_softmax	cost_features_500	multioutput_ridge	1.0	4	identity_no_training	0.0	0	bff3dc28d25163ee1330fcddf91e072e6f6aded42f52d6945cf5b4a18ed1f88c	411	0	116		0.9741379310344828	0.9913793103448276	1.0	0.9814039408866995	1.0	1.0	0.41462241114906284
HER2ST_manual_controlled	HER2ST_F1_CONTROLLED	HER2ST_F1_CONTROLLED	HER2ST::F	forward	row_softmax	cost_features_500	multioutput_ridge	1.0	4	all_top1	1.0	0	bff3dc28d25163ee1330fcddf91e072e6f6aded42f52d6945cf5b4a18ed1f88c	411	411	116	0.9781021897810219	0.0	0.008620689655172414	0.008620689655172414	0.01228309633553239	186.5	0.896551724137931	0.8012599096233826
HER2ST_manual_controlled	HER2ST_F1_CONTROLLED	HER2ST_F1_CONTROLLED	HER2ST::F	forward	row_softmax	cost_features_500	multioutput_ridge	1.0	4	max_probability_gate	0.8	0	bff3dc28d25163ee1330fcddf91e072e6f6aded42f52d6945cf5b4a18ed1f88c	411	329	116	0.9787234042553191	0.0	0.008620689655172414	0.008620689655172414	0.010325792746387074	215.0	0.9310344827586207	0.8003992743104505
HER2ST_manual_controlled	HER2ST_F1_CONTROLLED	HER2ST_F1_CONTROLLED	HER2ST::F	forward	row_softmax	cost_features_500	multioutput_ridge	1.0	4	top2_margin_gate	0.8	0	bff3dc28d25163ee1330fcddf91e072e6f6aded42f52d6945cf5b4a18ed1f88c	411	329	116	1.0	0.0	0.0	0.008620689655172414	0.010095567812661157	216.0	0.8879310344827587	0.8007899804993441
HER2ST_manual_controlled	HER2ST_F1_CONTROLLED	HER2ST_F1_CONTROLLED	HER2ST::F	forward	row_softmax	cost_features_500	multioutput_ridge	1.0	4	oracle_truth	0.8	0	bff3dc28d25163ee1330fcddf91e072e6f6aded42f52d6945cf5b4a18ed1f88c	411	329	116	1.0	0.0	0.0	0.008620689655172414	0.009337295502258158	212.0	0.8879310344827587	0.8006067128080654
HER2ST_manual_controlled	HER2ST_F1_CONTROLLED	HER2ST_F1_CONTROLLED	HER2ST::F	forward	row_softmax	cost_features_500	multioutput_ridge	1.0	4	random_gate	0.8	0	bff3dc28d25163ee1330fcddf91e072e6f6aded42f52d6945cf5b4a18ed1f88c	411	329	116	0.9817629179331308	0.0	0.0	0.008620689655172414	0.009476293883207658	218.5	0.9137931034482759	0.8001882737586726
HER2ST_manual_controlled	HER2ST_F1_CONTROLLED	HER2ST_F1_CONTROLLED	HER2ST::F	forward	row_softmax	cost_features_500	multioutput_ridge	1.0	4	random_gate	0.8	1	bff3dc28d25163ee1330fcddf91e072e6f6aded42f52d6945cf5b4a18ed1f88c	411	329	116	0.9787234042553191	0.0	0.008620689655172414	0.008620689655172414	0.010375081259753288	213.0	0.896551724137931	0.8005366593182432
HER2ST_manual_controlled	HER2ST_F1_CONTROLLED	HER2ST_F1_CONTROLLED	HER2ST::F	forward	row_softmax	cost_features_500	multioutput_ridge	1.0	4	random_gate	0.8	2	bff3dc28d25163ee1330fcddf91e072e6f6aded42f52d6945cf5b4a18ed1f88c	411	329	116	0.9787234042553191	0.0	0.0	0.008620689655172414	0.009780201731240987	211.0	0.9482758620689655	0.8007249455116768
HER2ST_manual_controlled	HER2ST_F1_CONTROLLED	HER2ST_F1_CONTROLLED	HER2ST::F	forward	row_softmax	cost_features_500	multioutput_ridge	1.0	4	random_gate	0.8	3	bff3dc28d25163ee1330fcddf91e072e6f6aded42f52d6945cf5b4a18ed1f88c	411	329	116	0.9817629179331308	0.0	0.008620689655172414	0.008620689655172414	0.009937304291242895	220.0	0.8620689655172413	0.8001579737204394
HER2ST_manual_controlled	HER2ST_F1_CONTROLLED	HER2ST_F1_CONTROLLED	HER2ST::F	forward	row_softmax	cost_features_500	multioutput_ridge	1.0	4	random_gate	0.8	4	bff3dc28d25163ee1330fcddf91e072e6f6aded42f52d6945cf5b4a18ed1f88c	411	329	116	0.9787234042553191	0.0	0.008620689655172414	0.008620689655172414	0.01041101129891725	212.0	0.896551724137931	0.8003554154159358
HER2ST_manual_controlled	HER2ST_F1_CONTROLLED__reverse	HER2ST_F1_CONTROLLED	HER2ST::F	reverse	balanced_ot	cost_features_500	multioutput_ridge	1.0	0	identity_no_training	0.0	0	c6a2c4947037df7c5bfaf7645281f538ba21b3776f771ab747ce6f0e43a7dc7e	415	0	112		0.9910714285714286	1.0	1.0	0.9955357142857143	1.0	1.0	0.41340816434651256
HER2ST_manual_controlled	HER2ST_F1_CONTROLLED__reverse	HER2ST_F1_CONTROLLED	HER2ST::F	reverse	balanced_ot	cost_features_500	multioutput_ridge	1.0	0	all_top1	1.0	0	c6a2c4947037df7c5bfaf7645281f538ba21b3776f771ab747ce6f0e43a7dc7e	415	415	112	0.8072289156626506	0.0	0.0	0.008928571428571428	0.006059148797257785	324.5	0.9553571428571429	0.7945054278136582
HER2ST_manual_controlled	HER2ST_F1_CONTROLLED__reverse	HER2ST_F1_CONTROLLED	HER2ST::F	reverse	balanced_ot	cost_features_500	multioutput_ridge	1.0	0	max_probability_gate	0.8	0	c6a2c4947037df7c5bfaf7645281f538ba21b3776f771ab747ce6f0e43a7dc7e	415	332	112	0.7680722891566265	0.0	0.0	0.008928571428571428	0.00575296655361447	332.5	0.9553571428571429	0.7921727586090199
HER2ST_manual_controlled	HER2ST_F1_CONTROLLED__reverse	HER2ST_F1_CONTROLLED	HER2ST::F	reverse	balanced_ot	cost_features_500	multioutput_ridge	1.0	0	top2_margin_gate	0.8	0	c6a2c4947037df7c5bfaf7645281f538ba21b3776f771ab747ce6f0e43a7dc7e	415	332	112	0.9186746987951807	0.0	0.0	0.008928571428571428	0.006290254581667977	329.5	0.9553571428571429	0.7959587799266767
HER2ST_manual_controlled	HER2ST_F1_CONTROLLED__reverse	HER2ST_F1_CONTROLLED	HER2ST::F	reverse	balanced_ot	cost_features_500	multioutput_ridge	1.0	0	oracle_truth	0.8	0	c6a2c4947037df7c5bfaf7645281f538ba21b3776f771ab747ce6f0e43a7dc7e	415	332	112	1.0	0.0	0.0	0.017857142857142856	0.006727279946978075	326.0	0.9553571428571429	0.7970217953803258
HER2ST_manual_controlled	HER2ST_F1_CONTROLLED__reverse	HER2ST_F1_CONTROLLED	HER2ST::F	reverse	balanced_ot	cost_features_500	multioutput_ridge	1.0	0	random_gate	0.8	0	c6a2c4947037df7c5bfaf7645281f538ba21b3776f771ab747ce6f0e43a7dc7e	415	332	112	0.8102409638554217	0.0	0.0	0.008928571428571428	0.005907076328403681	334.5	0.9553571428571429	0.7940368620491791
HER2ST_manual_controlled	HER2ST_F1_CONTROLLED__reverse	HER2ST_F1_CONTROLLED	HER2ST::F	reverse	balanced_ot	cost_features_500	multioutput_ridge	1.0	0	random_gate	0.8	1	c6a2c4947037df7c5bfaf7645281f538ba21b3776f771ab747ce6f0e43a7dc7e	415	332	112	0.8012048192771084	0.0	0.0	0.0	0.005799174340416479	334.5	0.9553571428571429	0.7940580915763167
HER2ST_manual_controlled	HER2ST_F1_CONTROLLED__reverse	HER2ST_F1_CONTROLLED	HER2ST::F	reverse	balanced_ot	cost_features_500	multioutput_ridge	1.0	0	random_gate	0.8	2	c6a2c4947037df7c5bfaf7645281f538ba21b3776f771ab747ce6f0e43a7dc7e	415	332	112	0.8042168674698795	0.0	0.0	0.008928571428571428	0.005798490395674335	326.0	0.9553571428571429	0.793938953216874
HER2ST_manual_controlled	HER2ST_F1_CONTROLLED__reverse	HER2ST_F1_CONTROLLED	HER2ST::F	reverse	balanced_ot	cost_features_500	multioutput_ridge	1.0	0	random_gate	0.8	3	c6a2c4947037df7c5bfaf7645281f538ba21b3776f771ab747ce6f0e43a7dc7e	415	332	112	0.8162650602409639	0.0	0.0	0.008928571428571428	0.005979965587494329	334.5	0.9553571428571429	0.7941038555664276
HER2ST_manual_controlled	HER2ST_F1_CONTROLLED__reverse	HER2ST_F1_CONTROLLED	HER2ST::F	reverse	balanced_ot	cost_features_500	multioutput_ridge	1.0	0	random_gate	0.8	4	c6a2c4947037df7c5bfaf7645281f538ba21b3776f771ab747ce6f0e43a7dc7e	415	332	112	0.7981927710843374	0.0	0.0	0.008928571428571428	0.005881296516453813	322.5	0.9553571428571429	0.7937735396745238
HER2ST_manual_controlled	HER2ST_F1_CONTROLLED__reverse	HER2ST_F1_CONTROLLED	HER2ST::F	reverse	balanced_ot	cost_features_500	multioutput_ridge	1.0	1	identity_no_training	0.0	0	c6a2c4947037df7c5bfaf7645281f538ba21b3776f771ab747ce6f0e43a7dc7e	431	0	96		0.9791666666666666	0.9895833333333334	1.0	0.9861111111111112	1.0	1.0	0.42760412450968127
HER2ST_manual_controlled	HER2ST_F1_CONTROLLED__reverse	HER2ST_F1_CONTROLLED	HER2ST::F	reverse	balanced_ot	cost_features_500	multioutput_ridge	1.0	1	all_top1	1.0	0	c6a2c4947037df7c5bfaf7645281f538ba21b3776f771ab747ce6f0e43a7dc7e	431	431	96	0.7262180974477959	0.010416666666666666	0.020833333333333332	0.03125	0.019984052063541688	305.0	1.0	0.7956790385222483
HER2ST_manual_controlled	HER2ST_F1_CONTROLLED__reverse	HER2ST_F1_CONTROLLED	HER2ST::F	reverse	balanced_ot	cost_features_500	multioutput_ridge	1.0	1	max_probability_gate	0.8	0	c6a2c4947037df7c5bfaf7645281f538ba21b3776f771ab747ce6f0e43a7dc7e	431	345	96	0.672463768115942	0.010416666666666666	0.020833333333333332	0.03125	0.019151387542085407	317.5	1.0	0.7940879556384672
HER2ST_manual_controlled	HER2ST_F1_CONTROLLED__reverse	HER2ST_F1_CONTROLLED	HER2ST::F	reverse	balanced_ot	cost_features_500	multioutput_ridge	1.0	1	top2_margin_gate	0.8	0	c6a2c4947037df7c5bfaf7645281f538ba21b3776f771ab747ce6f0e43a7dc7e	431	345	96	0.8289855072463768	0.010416666666666666	0.020833333333333332	0.03125	0.019917142095504704	312.5	1.0	0.7963426575311239
HER2ST_manual_controlled	HER2ST_F1_CONTROLLED__reverse	HER2ST_F1_CONTROLLED	HER2ST::F	reverse	balanced_ot	cost_features_500	multioutput_ridge	1.0	1	oracle_truth	0.8	0	c6a2c4947037df7c5bfaf7645281f538ba21b3776f771ab747ce6f0e43a7dc7e	431	345	96	1.0	0.0	0.020833333333333332	0.03125	0.01519370256355878	318.5	1.0	0.7981257927064798
HER2ST_manual_controlled	HER2ST_F1_CONTROLLED__reverse	HER2ST_F1_CONTROLLED	HER2ST::F	reverse	balanced_ot	cost_features_500	multioutput_ridge	1.0	1	random_gate	0.8	0	c6a2c4947037df7c5bfaf7645281f538ba21b3776f771ab747ce6f0e43a7dc7e	431	345	96	0.7333333333333333	0.010416666666666666	0.010416666666666666	0.03125	0.018864790927707337	311.5	1.0	0.7953375631278186
HER2ST_manual_controlled	HER2ST_F1_CONTROLLED__reverse	HER2ST_F1_CONTROLLED	HER2ST::F	reverse	balanced_ot	cost_features_500	multioutput_ridge	1.0	1	random_gate	0.8	1	c6a2c4947037df7c5bfaf7645281f538ba21b3776f771ab747ce6f0e43a7dc7e	431	345	96	0.7159420289855073	0.010416666666666666	0.020833333333333332	0.03125	0.019790397842134457	314.0	1.0	0.7950264509559338
HER2ST_manual_controlled	HER2ST_F1_CONTROLLED__reverse	HER2ST_F1_CONTROLLED	HER2ST::F	reverse	balanced_ot	cost_features_500	multioutput_ridge	1.0	1	random_gate	0.8	2	c6a2c4947037df7c5bfaf7645281f538ba21b3776f771ab747ce6f0e43a7dc7e	431	345	96	0.7391304347826086	0.010416666666666666	0.020833333333333332	0.03125	0.019258524205633492	311.0	1.0	0.7950908316209931
HER2ST_manual_controlled	HER2ST_F1_CONTROLLED__reverse	HER2ST_F1_CONTROLLED	HER2ST::F	reverse	balanced_ot	cost_features_500	multioutput_ridge	1.0	1	random_gate	0.8	3	c6a2c4947037df7c5bfaf7645281f538ba21b3776f771ab747ce6f0e43a7dc7e	431	345	96	0.7188405797101449	0.010416666666666666	0.020833333333333332	0.03125	0.01961201185869818	315.0	1.0	0.7951871465027391
HER2ST_manual_controlled	HER2ST_F1_CONTROLLED__reverse	HER2ST_F1_CONTROLLED	HER2ST::F	reverse	balanced_ot	cost_features_500	multioutput_ridge	1.0	1	random_gate	0.8	4	c6a2c4947037df7c5bfaf7645281f538ba21b3776f771ab747ce6f0e43a7dc7e	431	345	96	0.7217391304347827	0.010416666666666666	0.020833333333333332	0.03125	0.01918379626921718	310.0	1.0	0.795475663825364
HER2ST_manual_controlled	HER2ST_F1_CONTROLLED__reverse	HER2ST_F1_CONTROLLED	HER2ST::F	reverse	balanced_ot	cost_features_500	multioutput_ridge	1.0	2	identity_no_training	0.0	0	c6a2c4947037df7c5bfaf7645281f538ba21b3776f771ab747ce6f0e43a7dc7e	426	0	101		0.9900990099009901	1.0	1.0	0.995049504950495	1.0	1.0	0.41515974336679784
HER2ST_manual_controlled	HER2ST_F1_CONTROLLED__reverse	HER2ST_F1_CONTROLLED	HER2ST::F	reverse	balanced_ot	cost_features_500	multioutput_ridge	1.0	2	all_top1	1.0	0	c6a2c4947037df7c5bfaf7645281f538ba21b3776f771ab747ce6f0e43a7dc7e	426	426	101	0.7934272300469484	0.0	0.0	0.0	0.0036417875913119842	405.0	0.9801980198019802	0.7683705709278571
HER2ST_manual_controlled	HER2ST_F1_CONTROLLED__reverse	HER2ST_F1_CONTROLLED	HER2ST::F	reverse	balanced_ot	cost_features_500	multioutput_ridge	1.0	2	max_probability_gate	0.8	0	c6a2c4947037df7c5bfaf7645281f538ba21b3776f771ab747ce6f0e43a7dc7e	426	341	101	0.7565982404692082	0.0	0.0	0.0	0.0035137173391703138	419.0	0.9801980198019802	0.7664835721193208
HER2ST_manual_controlled	HER2ST_F1_CONTROLLED__reverse	HER2ST_F1_CONTROLLED	HER2ST::F	reverse	balanced_ot	cost_features_500	multioutput_ridge	1.0	2	top2_margin_gate	0.8	0	c6a2c4947037df7c5bfaf7645281f538ba21b3776f771ab747ce6f0e43a7dc7e	426	341	101	0.9002932551319648	0.0	0.0	0.0	0.0036313737492422865	406.0	0.9801980198019802	0.7691744800624188
HER2ST_manual_controlled	HER2ST_F1_CONTROLLED__reverse	HER2ST_F1_CONTROLLED	HER2ST::F	reverse	balanced_ot	cost_features_500	multioutput_ridge	1.0	2	oracle_truth	0.8	0	c6a2c4947037df7c5bfaf7645281f538ba21b3776f771ab747ce6f0e43a7dc7e	426	341	101	1.0	0.0	0.0	0.0	0.003670014632685805	400.0	0.9801980198019802	0.7702253995983579
HER2ST_manual_controlled	HER2ST_F1_CONTROLLED__reverse	HER2ST_F1_CONTROLLED	HER2ST::F	reverse	balanced_ot	cost_features_500	multioutput_ridge	1.0	2	random_gate	0.8	0	c6a2c4947037df7c5bfaf7645281f538ba21b3776f771ab747ce6f0e43a7dc7e	426	341	101	0.7771260997067448	0.0	0.0	0.0	0.0035224546918079525	417.0	0.9801980198019802	0.7671417083581464
HER2ST_manual_controlled	HER2ST_F1_CONTROLLED__reverse	HER2ST_F1_CONTROLLED	HER2ST::F	reverse	balanced_ot	cost_features_500	multioutput_ridge	1.0	2	random_gate	0.8	1	c6a2c4947037df7c5bfaf7645281f538ba21b3776f771ab747ce6f0e43a7dc7e	426	341	101	0.782991202346041	0.0	0.0	0.0	0.003560976605216869	414.0	0.9801980198019802	0.7672562844229617
HER2ST_manual_controlled	HER2ST_F1_CONTROLLED__reverse	HER2ST_F1_CONTROLLED	HER2ST::F	reverse	balanced_ot	cost_features_500	multioutput_ridge	1.0	2	random_gate	0.8	2	c6a2c4947037df7c5bfaf7645281f538ba21b3776f771ab747ce6f0e43a7dc7e	426	341	101	0.7947214076246334	0.0	0.0	0.0	0.0035144577358808484	417.0	0.9801980198019802	0.7675676575439365
HER2ST_manual_controlled	HER2ST_F1_CONTROLLED__reverse	HER2ST_F1_CONTROLLED	HER2ST::F	reverse	balanced_ot	cost_features_500	multioutput_ridge	1.0	2	random_gate	0.8	3	c6a2c4947037df7c5bfaf7645281f538ba21b3776f771ab747ce6f0e43a7dc7e	426	341	101	0.7712609970674487	0.0	0.0	0.0	0.0035263173840123724	412.0	0.9801980198019802	0.7670498566205491
HER2ST_manual_controlled	HER2ST_F1_CONTROLLED__reverse	HER2ST_F1_CONTROLLED	HER2ST::F	reverse	balanced_ot	cost_features_500	multioutput_ridge	1.0	2	random_gate	0.8	4	c6a2c4947037df7c5bfaf7645281f538ba21b3776f771ab747ce6f0e43a7dc7e	426	341	101	0.7917888563049853	0.0	0.0	0.0	0.0035809008612109052	409.0	0.9801980198019802	0.7673495283095962
HER2ST_manual_controlled	HER2ST_F1_CONTROLLED__reverse	HER2ST_F1_CONTROLLED	HER2ST::F	reverse	balanced_ot	cost_features_500	multioutput_ridge	1.0	3	identity_no_training	0.0	0	c6a2c4947037df7c5bfaf7645281f538ba21b3776f771ab747ce6f0e43a7dc7e	423	0	104		0.9711538461538461	1.0	1.0	0.9810897435897435	1.0	0.9903846153846154	0.4181422924100734
HER2ST_manual_controlled	HER2ST_F1_CONTROLLED__reverse	HER2ST_F1_CONTROLLED	HER2ST::F	reverse	balanced_ot	cost_features_500	multioutput_ridge	1.0	3	all_top1	1.0	0	c6a2c4947037df7c5bfaf7645281f538ba21b3776f771ab747ce6f0e43a7dc7e	423	423	104	0.7257683215130024	0.0	0.0	0.009615384615384616	0.011195080431672538	154.0	0.8461538461538461	0.8293385004503919
HER2ST_manual_controlled	HER2ST_F1_CONTROLLED__reverse	HER2ST_F1_CONTROLLED	HER2ST::F	reverse	balanced_ot	cost_features_500	multioutput_ridge	1.0	3	max_probability_gate	0.8	0	c6a2c4947037df7c5bfaf7645281f538ba21b3776f771ab747ce6f0e43a7dc7e	423	339	104	0.6755162241887905	0.0	0.0	0.009615384615384616	0.010496887195446268	158.5	0.8461538461538461	0.8274498289380189
HER2ST_manual_controlled	HER2ST_F1_CONTROLLED__reverse	HER2ST_F1_CONTROLLED	HER2ST::F	reverse	balanced_ot	cost_features_500	multioutput_ridge	1.0	3	top2_margin_gate	0.8	0	c6a2c4947037df7c5bfaf7645281f538ba21b3776f771ab747ce6f0e43a7dc7e	423	339	104	0.831858407079646	0.0	0.009615384615384616	0.009615384615384616	0.011509958234277754	149.0	0.8461538461538461	0.8308306952471655
HER2ST_manual_controlled	HER2ST_F1_CONTROLLED__reverse	HER2ST_F1_CONTROLLED	HER2ST::F	reverse	balanced_ot	cost_features_500	multioutput_ridge	1.0	3	oracle_truth	0.8	0	c6a2c4947037df7c5bfaf7645281f538ba21b3776f771ab747ce6f0e43a7dc7e	423	339	104	1.0	0.0	0.0	0.009615384615384616	0.011613108444976235	142.0	0.8461538461538461	0.8329742934740361
HER2ST_manual_controlled	HER2ST_F1_CONTROLLED__reverse	HER2ST_F1_CONTROLLED	HER2ST::F	reverse	balanced_ot	cost_features_500	multioutput_ridge	1.0	3	random_gate	0.8	0	c6a2c4947037df7c5bfaf7645281f538ba21b3776f771ab747ce6f0e43a7dc7e	423	339	104	0.7020648967551623	0.0	0.0	0.009615384615384616	0.010745105787038571	158.0	0.8461538461538461	0.828767361581244
HER2ST_manual_controlled	HER2ST_F1_CONTROLLED__reverse	HER2ST_F1_CONTROLLED	HER2ST::F	reverse	balanced_ot	cost_features_500	multioutput_ridge	1.0	3	random_gate	0.8	1	c6a2c4947037df7c5bfaf7645281f538ba21b3776f771ab747ce6f0e43a7dc7e	423	339	104	0.7197640117994101	0.0	0.0	0.009615384615384616	0.010825510667526546	152.5	0.8461538461538461	0.8290996510848747
HER2ST_manual_controlled	HER2ST_F1_CONTROLLED__reverse	HER2ST_F1_CONTROLLED	HER2ST::F	reverse	balanced_ot	cost_features_500	multioutput_ridge	1.0	3	random_gate	0.8	2	c6a2c4947037df7c5bfaf7645281f538ba21b3776f771ab747ce6f0e43a7dc7e	423	339	104	0.7138643067846607	0.0	0.0	0.009615384615384616	0.01066506195120091	157.0	0.8461538461538461	0.82871966180927
HER2ST_manual_controlled	HER2ST_F1_CONTROLLED__reverse	HER2ST_F1_CONTROLLED	HER2ST::F	reverse	balanced_ot	cost_features_500	multioutput_ridge	1.0	3	random_gate	0.8	3	c6a2c4947037df7c5bfaf7645281f538ba21b3776f771ab747ce6f0e43a7dc7e	423	339	104	0.7168141592920354	0.0	0.0	0.009615384615384616	0.010670699604214592	160.5	0.8461538461538461	0.828942648019469
HER2ST_manual_controlled	HER2ST_F1_CONTROLLED__reverse	HER2ST_F1_CONTROLLED	HER2ST::F	reverse	balanced_ot	cost_features_500	multioutput_ridge	1.0	3	random_gate	0.8	4	c6a2c4947037df7c5bfaf7645281f538ba21b3776f771ab747ce6f0e43a7dc7e	423	339	104	0.7079646017699115	0.0	0.0	0.009615384615384616	0.01086526704883644	155.0	0.8461538461538461	0.8290429984452417
HER2ST_manual_controlled	HER2ST_F1_CONTROLLED__reverse	HER2ST_F1_CONTROLLED	HER2ST::F	reverse	balanced_ot	cost_features_500	multioutput_ridge	1.0	4	identity_no_training	0.0	0	c6a2c4947037df7c5bfaf7645281f538ba21b3776f771ab747ce6f0e43a7dc7e	413	0	114		0.9649122807017544	1.0	1.0	0.9824561403508771	1.0	0.9912280701754386	0.42074739024759283
HER2ST_manual_controlled	HER2ST_F1_CONTROLLED__reverse	HER2ST_F1_CONTROLLED	HER2ST::F	reverse	balanced_ot	cost_features_500	multioutput_ridge	1.0	4	all_top1	1.0	0	c6a2c4947037df7c5bfaf7645281f538ba21b3776f771ab747ce6f0e43a7dc7e	413	413	114	0.801452784503632	0.017543859649122806	0.03508771929824561	0.08771929824561403	0.04423818776320689	123.5	0.9035087719298246	0.8467540367580129
HER2ST_manual_controlled	HER2ST_F1_CONTROLLED__reverse	HER2ST_F1_CONTROLLED	HER2ST::F	reverse	balanced_ot	cost_features_500	multioutput_ridge	1.0	4	max_probability_gate	0.8	0	c6a2c4947037df7c5bfaf7645281f538ba21b3776f771ab747ce6f0e43a7dc7e	413	331	114	0.7673716012084593	0.008771929824561403	0.03508771929824561	0.07894736842105263	0.039025541685185884	132.0	0.9035087719298246	0.8461521896749377
HER2ST_manual_controlled	HER2ST_F1_CONTROLLED__reverse	HER2ST_F1_CONTROLLED	HER2ST::F	reverse	balanced_ot	cost_features_500	multioutput_ridge	1.0	4	top2_margin_gate	0.8	0	c6a2c4947037df7c5bfaf7645281f538ba21b3776f771ab747ce6f0e43a7dc7e	413	331	114	0.918429003021148	0.0	0.03508771929824561	0.07894736842105263	0.03417017633286357	129.0	0.9035087719298246	0.8477275058403222
HER2ST_manual_controlled	HER2ST_F1_CONTROLLED__reverse	HER2ST_F1_CONTROLLED	HER2ST::F	reverse	balanced_ot	cost_features_500	multioutput_ridge	1.0	4	oracle_truth	0.8	0	c6a2c4947037df7c5bfaf7645281f538ba21b3776f771ab747ce6f0e43a7dc7e	413	331	114	1.0	0.008771929824561403	0.03508771929824561	0.08771929824561403	0.0394119365975571	128.0	0.9035087719298246	0.8486981892845752
HER2ST_manual_controlled	HER2ST_F1_CONTROLLED__reverse	HER2ST_F1_CONTROLLED	HER2ST::F	reverse	balanced_ot	cost_features_500	multioutput_ridge	1.0	4	random_gate	0.8	0	c6a2c4947037df7c5bfaf7645281f538ba21b3776f771ab747ce6f0e43a7dc7e	413	331	114	0.7764350453172205	0.017543859649122806	0.03508771929824561	0.07894736842105263	0.042630079195048534	130.5	0.9035087719298246	0.8463383552278012
HER2ST_manual_controlled	HER2ST_F1_CONTROLLED__reverse	HER2ST_F1_CONTROLLED	HER2ST::F	reverse	balanced_ot	cost_features_500	multioutput_ridge	1.0	4	random_gate	0.8	1	c6a2c4947037df7c5bfaf7645281f538ba21b3776f771ab747ce6f0e43a7dc7e	413	331	114	0.7945619335347432	0.017543859649122806	0.03508771929824561	0.07894736842105263	0.04311389374008576	135.5	0.9035087719298246	0.846695440914714
HER2ST_manual_controlled	HER2ST_F1_CONTROLLED__reverse	HER2ST_F1_CONTROLLED	HER2ST::F	reverse	balanced_ot	cost_features_500	multioutput_ridge	1.0	4	random_gate	0.8	2	c6a2c4947037df7c5bfaf7645281f538ba21b3776f771ab747ce6f0e43a7dc7e	413	331	114	0.7945619335347432	0.017543859649122806	0.03508771929824561	0.08771929824561403	0.043512942393631175	124.5	0.9035087719298246	0.8465122236998164
HER2ST_manual_controlled	HER2ST_F1_CONTROLLED__reverse	HER2ST_F1_CONTROLLED	HER2ST::F	reverse	balanced_ot	cost_features_500	multioutput_ridge	1.0	4	random_gate	0.8	3	c6a2c4947037df7c5bfaf7645281f538ba21b3776f771ab747ce6f0e43a7dc7e	413	331	114	0.7945619335347432	0.017543859649122806	0.03508771929824561	0.07894736842105263	0.042775578337059625	132.0	0.9035087719298246	0.8463061802969861
HER2ST_manual_controlled	HER2ST_F1_CONTROLLED__reverse	HER2ST_F1_CONTROLLED	HER2ST::F	reverse	balanced_ot	cost_features_500	multioutput_ridge	1.0	4	random_gate	0.8	4	c6a2c4947037df7c5bfaf7645281f538ba21b3776f771ab747ce6f0e43a7dc7e	413	331	114	0.7915407854984894	0.017543859649122806	0.03508771929824561	0.07017543859649122	0.042578882619962406	134.0	0.9035087719298246	0.8464530932555039
HER2ST_manual_controlled	HER2ST_F1_CONTROLLED__reverse	HER2ST_F1_CONTROLLED	HER2ST::F	reverse	uot	cost_features_500	multioutput_ridge	1.0	0	identity_no_training	0.0	0	c6a2c4947037df7c5bfaf7645281f538ba21b3776f771ab747ce6f0e43a7dc7e	415	0	112		0.9910714285714286	1.0	1.0	0.9955357142857143	1.0	1.0	0.41340816434651256
HER2ST_manual_controlled	HER2ST_F1_CONTROLLED__reverse	HER2ST_F1_CONTROLLED	HER2ST::F	reverse	uot	cost_features_500	multioutput_ridge	1.0	0	all_top1	1.0	0	c6a2c4947037df7c5bfaf7645281f538ba21b3776f771ab747ce6f0e43a7dc7e	415	415	112	0.9301204819277108	0.0	0.0	0.008928571428571428	0.006361873965345877	312.5	0.9553571428571429	0.7968794388957497
HER2ST_manual_controlled	HER2ST_F1_CONTROLLED__reverse	HER2ST_F1_CONTROLLED	HER2ST::F	reverse	uot	cost_features_500	multioutput_ridge	1.0	0	max_probability_gate	0.8	0	c6a2c4947037df7c5bfaf7645281f538ba21b3776f771ab747ce6f0e43a7dc7e	415	332	112	0.9126506024096386	0.0	0.0	0.017857142857142856	0.006196757087863426	319.0	0.9553571428571429	0.7950441408737946
HER2ST_manual_controlled	HER2ST_F1_CONTROLLED__reverse	HER2ST_F1_CONTROLLED	HER2ST::F	reverse	uot	cost_features_500	multioutput_ridge	1.0	0	top2_margin_gate	0.8	0	c6a2c4947037df7c5bfaf7645281f538ba21b3776f771ab747ce6f0e43a7dc7e	415	332	112	0.9849397590361446	0.0	0.0	0.017857142857142856	0.006568133888464598	322.0	0.9553571428571429	0.79696810298091
HER2ST_manual_controlled	HER2ST_F1_CONTROLLED__reverse	HER2ST_F1_CONTROLLED	HER2ST::F	reverse	uot	cost_features_500	multioutput_ridge	1.0	0	oracle_truth	0.8	0	c6a2c4947037df7c5bfaf7645281f538ba21b3776f771ab747ce6f0e43a7dc7e	415	332	112	1.0	0.0	0.0	0.017857142857142856	0.006678776231910704	325.5	0.9553571428571429	0.7974521995640824
HER2ST_manual_controlled	HER2ST_F1_CONTROLLED__reverse	HER2ST_F1_CONTROLLED	HER2ST::F	reverse	uot	cost_features_500	multioutput_ridge	1.0	0	random_gate	0.8	0	c6a2c4947037df7c5bfaf7645281f538ba21b3776f771ab747ce6f0e43a7dc7e	415	332	112	0.9337349397590361	0.0	0.0	0.0	0.006096037988363181	325.0	0.9553571428571429	0.7958170129507921
HER2ST_manual_controlled	HER2ST_F1_CONTROLLED__reverse	HER2ST_F1_CONTROLLED	HER2ST::F	reverse	uot	cost_features_500	multioutput_ridge	1.0	0	random_gate	0.8	1	c6a2c4947037df7c5bfaf7645281f538ba21b3776f771ab747ce6f0e43a7dc7e	415	332	112	0.9337349397590361	0.0	0.0	0.008928571428571428	0.006543956919907346	324.0	0.9553571428571429	0.7962328123884136
HER2ST_manual_controlled	HER2ST_F1_CONTROLLED__reverse	HER2ST_F1_CONTROLLED	HER2ST::F	reverse	uot	cost_features_500	multioutput_ridge	1.0	0	random_gate	0.8	2	c6a2c4947037df7c5bfaf7645281f538ba21b3776f771ab747ce6f0e43a7dc7e	415	332	112	0.927710843373494	0.0	0.0	0.0	0.006268176526303613	323.0	0.9553571428571429	0.7957418532915636
HER2ST_manual_controlled	HER2ST_F1_CONTROLLED__reverse	HER2ST_F1_CONTROLLED	HER2ST::F	reverse	uot	cost_features_500	multioutput_ridge	1.0	0	random_gate	0.8	3	c6a2c4947037df7c5bfaf7645281f538ba21b3776f771ab747ce6f0e43a7dc7e	415	332	112	0.9337349397590361	0.0	0.0	0.008928571428571428	0.006210349290992118	320.5	0.9553571428571429	0.7960121511536096
HER2ST_manual_controlled	HER2ST_F1_CONTROLLED__reverse	HER2ST_F1_CONTROLLED	HER2ST::F	reverse	uot	cost_features_500	multioutput_ridge	1.0	0	random_gate	0.8	4	c6a2c4947037df7c5bfaf7645281f538ba21b3776f771ab747ce6f0e43a7dc7e	415	332	112	0.9367469879518072	0.0	0.0	0.0	0.005935638346455161	313.5	0.9553571428571429	0.7961586188653625
HER2ST_manual_controlled	HER2ST_F1_CONTROLLED__reverse	HER2ST_F1_CONTROLLED	HER2ST::F	reverse	uot	cost_features_500	multioutput_ridge	1.0	1	identity_no_training	0.0	0	c6a2c4947037df7c5bfaf7645281f538ba21b3776f771ab747ce6f0e43a7dc7e	431	0	96		0.9791666666666666	0.9895833333333334	1.0	0.9861111111111112	1.0	1.0	0.42760412450968127
HER2ST_manual_controlled	HER2ST_F1_CONTROLLED__reverse	HER2ST_F1_CONTROLLED	HER2ST::F	reverse	uot	cost_features_500	multioutput_ridge	1.0	1	all_top1	1.0	0	c6a2c4947037df7c5bfaf7645281f538ba21b3776f771ab747ce6f0e43a7dc7e	431	431	96	0.91415313225058	0.010416666666666666	0.020833333333333332	0.03125	0.019901425335459712	293.0	1.0	0.7982362549304383
HER2ST_manual_controlled	HER2ST_F1_CONTROLLED__reverse	HER2ST_F1_CONTROLLED	HER2ST::F	reverse	uot	cost_features_500	multioutput_ridge	1.0	1	max_probability_gate	0.8	0	c6a2c4947037df7c5bfaf7645281f538ba21b3776f771ab747ce6f0e43a7dc7e	431	345	96	0.9014492753623189	0.010416666666666666	0.020833333333333332	0.03125	0.01951105527983245	312.5	1.0	0.7974146188461387
HER2ST_manual_controlled	HER2ST_F1_CONTROLLED__reverse	HER2ST_F1_CONTROLLED	HER2ST::F	reverse	uot	cost_features_500	multioutput_ridge	1.0	1	top2_margin_gate	0.8	0	c6a2c4947037df7c5bfaf7645281f538ba21b3776f771ab747ce6f0e43a7dc7e	431	345	96	0.9797101449275363	0.010416666666666666	0.020833333333333332	0.041666666666666664	0.020453637075540192	305.0	1.0	0.7982061462792354
HER2ST_manual_controlled	HER2ST_F1_CONTROLLED__reverse	HER2ST_F1_CONTROLLED	HER2ST::F	reverse	uot	cost_features_500	multioutput_ridge	1.0	1	oracle_truth	0.8	0	c6a2c4947037df7c5bfaf7645281f538ba21b3776f771ab747ce6f0e43a7dc7e	431	345	96	1.0	0.010416666666666666	0.020833333333333332	0.041666666666666664	0.02007853379004465	308.0	1.0	0.7982596597181143
HER2ST_manual_controlled	HER2ST_F1_CONTROLLED__reverse	HER2ST_F1_CONTROLLED	HER2ST::F	reverse	uot	cost_features_500	multioutput_ridge	1.0	1	random_gate	0.8	0	c6a2c4947037df7c5bfaf7645281f538ba21b3776f771ab747ce6f0e43a7dc7e	431	345	96	0.8985507246376812	0.0	0.020833333333333332	0.041666666666666664	0.01438414701907733	314.5	1.0	0.7973160349543598
HER2ST_manual_controlled	HER2ST_F1_CONTROLLED__reverse	HER2ST_F1_CONTROLLED	HER2ST::F	reverse	uot	cost_features_500	multioutput_ridge	1.0	1	random_gate	0.8	1	c6a2c4947037df7c5bfaf7645281f538ba21b3776f771ab747ce6f0e43a7dc7e	431	345	96	0.9159420289855073	0.0	0.020833333333333332	0.03125	0.014361267954206206	310.0	1.0	0.7974982961236208
HER2ST_manual_controlled	HER2ST_F1_CONTROLLED__reverse	HER2ST_F1_CONTROLLED	HER2ST::F	reverse	uot	cost_features_500	multioutput_ridge	1.0	1	random_gate	0.8	2	c6a2c4947037df7c5bfaf7645281f538ba21b3776f771ab747ce6f0e43a7dc7e	431	345	96	0.9217391304347826	0.010416666666666666	0.020833333333333332	0.041666666666666664	0.019719415064568428	309.5	1.0	0.7974348312708578
HER2ST_manual_controlled	HER2ST_F1_CONTROLLED__reverse	HER2ST_F1_CONTROLLED	HER2ST::F	reverse	uot	cost_features_500	multioutput_ridge	1.0	1	random_gate	0.8	3	c6a2c4947037df7c5bfaf7645281f538ba21b3776f771ab747ce6f0e43a7dc7e	431	345	96	0.9130434782608695	0.0	0.020833333333333332	0.03125	0.01500484196125197	310.5	1.0	0.7976958867321783
HER2ST_manual_controlled	HER2ST_F1_CONTROLLED__reverse	HER2ST_F1_CONTROLLED	HER2ST::F	reverse	uot	cost_features_500	multioutput_ridge	1.0	1	random_gate	0.8	4	c6a2c4947037df7c5bfaf7645281f538ba21b3776f771ab747ce6f0e43a7dc7e	431	345	96	0.9159420289855073	0.010416666666666666	0.020833333333333332	0.03125	0.019806080266477625	313.5	1.0	0.7974625665254703
HER2ST_manual_controlled	HER2ST_F1_CONTROLLED__reverse	HER2ST_F1_CONTROLLED	HER2ST::F	reverse	uot	cost_features_500	multioutput_ridge	1.0	2	identity_no_training	0.0	0	c6a2c4947037df7c5bfaf7645281f538ba21b3776f771ab747ce6f0e43a7dc7e	426	0	101		0.9900990099009901	1.0	1.0	0.995049504950495	1.0	1.0	0.41515974336679784
HER2ST_manual_controlled	HER2ST_F1_CONTROLLED__reverse	HER2ST_F1_CONTROLLED	HER2ST::F	reverse	uot	cost_features_500	multioutput_ridge	1.0	2	all_top1	1.0	0	c6a2c4947037df7c5bfaf7645281f538ba21b3776f771ab747ce6f0e43a7dc7e	426	426	101	0.9366197183098591	0.0	0.0	0.0	0.003760895045635758	398.0	0.9801980198019802	0.7705054690536851
HER2ST_manual_controlled	HER2ST_F1_CONTROLLED__reverse	HER2ST_F1_CONTROLLED	HER2ST::F	reverse	uot	cost_features_500	multioutput_ridge	1.0	2	max_probability_gate	0.8	0	c6a2c4947037df7c5bfaf7645281f538ba21b3776f771ab747ce6f0e43a7dc7e	426	341	101	0.9296187683284457	0.0	0.0	0.0	0.0036162688736271586	405.0	0.9801980198019802	0.7689076430382191
HER2ST_manual_controlled	HER2ST_F1_CONTROLLED__reverse	HER2ST_F1_CONTROLLED	HER2ST::F	reverse	uot	cost_features_500	multioutput_ridge	1.0	2	top2_margin_gate	0.8	0	c6a2c4947037df7c5bfaf7645281f538ba21b3776f771ab747ce6f0e43a7dc7e	426	341	101	0.9912023460410557	0.0	0.0	0.0	0.0038392925847916715	409.0	0.9801980198019802	0.7700182248681939
HER2ST_manual_controlled	HER2ST_F1_CONTROLLED__reverse	HER2ST_F1_CONTROLLED	HER2ST::F	reverse	uot	cost_features_500	multioutput_ridge	1.0	2	oracle_truth	0.8	0	c6a2c4947037df7c5bfaf7645281f538ba21b3776f771ab747ce6f0e43a7dc7e	426	341	101	1.0	0.0	0.0	0.0	0.003713313026898007	403.0	0.9801980198019802	0.7699265749398649
HER2ST_manual_controlled	HER2ST_F1_CONTROLLED__reverse	HER2ST_F1_CONTROLLED	HER2ST::F	reverse	uot	cost_features_500	multioutput_ridge	1.0	2	random_gate	0.8	0	c6a2c4947037df7c5bfaf7645281f538ba21b3776f771ab747ce6f0e43a7dc7e	426	341	101	0.9501466275659824	0.0	0.0	0.0	0.00373179851902881	400.0	0.9801980198019802	0.7698126753399701
HER2ST_manual_controlled	HER2ST_F1_CONTROLLED__reverse	HER2ST_F1_CONTROLLED	HER2ST::F	reverse	uot	cost_features_500	multioutput_ridge	1.0	2	random_gate	0.8	1	c6a2c4947037df7c5bfaf7645281f538ba21b3776f771ab747ce6f0e43a7dc7e	426	341	101	0.9296187683284457	0.0	0.0	0.0	0.003631511400092708	399.0	0.9801980198019802	0.769431783249356
HER2ST_manual_controlled	HER2ST_F1_CONTROLLED__reverse	HER2ST_F1_CONTROLLED	HER2ST::F	reverse	uot	cost_features_500	multioutput_ridge	1.0	2	random_gate	0.8	2	c6a2c4947037df7c5bfaf7645281f538ba21b3776f771ab747ce6f0e43a7dc7e	426	341	101	0.9384164222873901	0.0	0.0	0.0	0.0035929198581278496	403.0	0.9801980198019802	0.769156116772538
HER2ST_manual_controlled	HER2ST_F1_CONTROLLED__reverse	HER2ST_F1_CONTROLLED	HER2ST::F	reverse	uot	cost_features_500	multioutput_ridge	1.0	2	random_gate	0.8	3	c6a2c4947037df7c5bfaf7645281f538ba21b3776f771ab747ce6f0e43a7dc7e	426	341	101	0.9413489736070382	0.0	0.0	0.0	0.003656068353430962	407.0	0.9801980198019802	0.7692189030914861
HER2ST_manual_controlled	HER2ST_F1_CONTROLLED__reverse	HER2ST_F1_CONTROLLED	HER2ST::F	reverse	uot	cost_features_500	multioutput_ridge	1.0	2	random_gate	0.8	4	c6a2c4947037df7c5bfaf7645281f538ba21b3776f771ab747ce6f0e43a7dc7e	426	341	101	0.9325513196480938	0.0	0.0	0.0	0.0036496263463421737	416.0	0.9801980198019802	0.7689802420447734
HER2ST_manual_controlled	HER2ST_F1_CONTROLLED__reverse	HER2ST_F1_CONTROLLED	HER2ST::F	reverse	uot	cost_features_500	multioutput_ridge	1.0	3	identity_no_training	0.0	0	c6a2c4947037df7c5bfaf7645281f538ba21b3776f771ab747ce6f0e43a7dc7e	423	0	104		0.9711538461538461	1.0	1.0	0.9810897435897435	1.0	0.9903846153846154	0.4181422924100734
HER2ST_manual_controlled	HER2ST_F1_CONTROLLED__reverse	HER2ST_F1_CONTROLLED	HER2ST::F	reverse	uot	cost_features_500	multioutput_ridge	1.0	3	all_top1	1.0	0	c6a2c4947037df7c5bfaf7645281f538ba21b3776f771ab747ce6f0e43a7dc7e	423	423	104	0.9148936170212766	0.0	0.009615384615384616	0.009615384615384616	0.012181071605246563	136.5	0.8461538461538461	0.8326143065039362
HER2ST_manual_controlled	HER2ST_F1_CONTROLLED__reverse	HER2ST_F1_CONTROLLED	HER2ST::F	reverse	uot	cost_features_500	multioutput_ridge	1.0	3	max_probability_gate	0.8	0	c6a2c4947037df7c5bfaf7645281f538ba21b3776f771ab747ce6f0e43a7dc7e	423	339	104	0.9026548672566371	0.0	0.0	0.009615384615384616	0.011037613575670159	148.5	0.8461538461538461	0.8313973536033004
HER2ST_manual_controlled	HER2ST_F1_CONTROLLED__reverse	HER2ST_F1_CONTROLLED	HER2ST::F	reverse	uot	cost_features_500	multioutput_ridge	1.0	3	top2_margin_gate	0.8	0	c6a2c4947037df7c5bfaf7645281f538ba21b3776f771ab747ce6f0e43a7dc7e	423	339	104	0.976401179941003	0.0	0.009615384615384616	0.009615384615384616	0.012013838120542972	141.0	0.8461538461538461	0.8328473464726966
HER2ST_manual_controlled	HER2ST_F1_CONTROLLED__reverse	HER2ST_F1_CONTROLLED	HER2ST::F	reverse	uot	cost_features_500	multioutput_ridge	1.0	3	oracle_truth	0.8	0	c6a2c4947037df7c5bfaf7645281f538ba21b3776f771ab747ce6f0e43a7dc7e	423	339	104	1.0	0.0	0.009615384615384616	0.009615384615384616	0.011817032897779809	129.5	0.8461538461538461	0.8330420474826218
HER2ST_manual_controlled	HER2ST_F1_CONTROLLED__reverse	HER2ST_F1_CONTROLLED	HER2ST::F	reverse	uot	cost_features_500	multioutput_ridge	1.0	3	random_gate	0.8	0	c6a2c4947037df7c5bfaf7645281f538ba21b3776f771ab747ce6f0e43a7dc7e	423	339	104	0.9174041297935103	0.0	0.0	0.009615384615384616	0.011321144438750737	139.5	0.8461538461538461	0.8319484674279666
HER2ST_manual_controlled	HER2ST_F1_CONTROLLED__reverse	HER2ST_F1_CONTROLLED	HER2ST::F	reverse	uot	cost_features_500	multioutput_ridge	1.0	3	random_gate	0.8	1	c6a2c4947037df7c5bfaf7645281f538ba21b3776f771ab747ce6f0e43a7dc7e	423	339	104	0.9174041297935103	0.0	0.0	0.009615384615384616	0.011163737986708815	146.5	0.8461538461538461	0.8318859489804035
HER2ST_manual_controlled	HER2ST_F1_CONTROLLED__reverse	HER2ST_F1_CONTROLLED	HER2ST::F	reverse	uot	cost_features_500	multioutput_ridge	1.0	3	random_gate	0.8	2	c6a2c4947037df7c5bfaf7645281f538ba21b3776f771ab747ce6f0e43a7dc7e	423	339	104	0.9085545722713865	0.0	0.0	0.009615384615384616	0.011198586465099096	149.0	0.8461538461538461	0.8319174372504854
HER2ST_manual_controlled	HER2ST_F1_CONTROLLED__reverse	HER2ST_F1_CONTROLLED	HER2ST::F	reverse	uot	cost_features_500	multioutput_ridge	1.0	3	random_gate	0.8	3	c6a2c4947037df7c5bfaf7645281f538ba21b3776f771ab747ce6f0e43a7dc7e	423	339	104	0.911504424778761	0.0	0.009615384615384616	0.009615384615384616	0.0118658588998468	141.5	0.8461538461538461	0.8320021766748482
HER2ST_manual_controlled	HER2ST_F1_CONTROLLED__reverse	HER2ST_F1_CONTROLLED	HER2ST::F	reverse	uot	cost_features_500	multioutput_ridge	1.0	3	random_gate	0.8	4	c6a2c4947037df7c5bfaf7645281f538ba21b3776f771ab747ce6f0e43a7dc7e	423	339	104	0.911504424778761	0.0	0.0	0.009615384615384616	0.01135487028820477	145.0	0.8461538461538461	0.8321710420411764
HER2ST_manual_controlled	HER2ST_F1_CONTROLLED__reverse	HER2ST_F1_CONTROLLED	HER2ST::F	reverse	uot	cost_features_500	multioutput_ridge	1.0	4	identity_no_training	0.0	0	c6a2c4947037df7c5bfaf7645281f538ba21b3776f771ab747ce6f0e43a7dc7e	413	0	114		0.9649122807017544	1.0	1.0	0.9824561403508771	1.0	0.9912280701754386	0.42074739024759283
HER2ST_manual_controlled	HER2ST_F1_CONTROLLED__reverse	HER2ST_F1_CONTROLLED	HER2ST::F	reverse	uot	cost_features_500	multioutput_ridge	1.0	4	all_top1	1.0	0	c6a2c4947037df7c5bfaf7645281f538ba21b3776f771ab747ce6f0e43a7dc7e	413	413	114	0.9346246973365617	0.017543859649122806	0.03508771929824561	0.07894736842105263	0.042822968181771955	119.0	0.9035087719298246	0.848441105853161
HER2ST_manual_controlled	HER2ST_F1_CONTROLLED__reverse	HER2ST_F1_CONTROLLED	HER2ST::F	reverse	uot	cost_features_500	multioutput_ridge	1.0	4	max_probability_gate	0.8	0	c6a2c4947037df7c5bfaf7645281f538ba21b3776f771ab747ce6f0e43a7dc7e	413	331	114	0.9244712990936556	0.008771929824561403	0.03508771929824561	0.07894736842105263	0.039051228868468485	123.0	0.9035087719298246	0.8481651348736762
HER2ST_manual_controlled	HER2ST_F1_CONTROLLED__reverse	HER2ST_F1_CONTROLLED	HER2ST::F	reverse	uot	cost_features_500	multioutput_ridge	1.0	4	top2_margin_gate	0.8	0	c6a2c4947037df7c5bfaf7645281f538ba21b3776f771ab747ce6f0e43a7dc7e	413	331	114	0.9879154078549849	0.008771929824561403	0.043859649122807015	0.07894736842105263	0.03798534259106956	126.0	0.9035087719298246	0.8482810757347637
HER2ST_manual_controlled	HER2ST_F1_CONTROLLED__reverse	HER2ST_F1_CONTROLLED	HER2ST::F	reverse	uot	cost_features_500	multioutput_ridge	1.0	4	oracle_truth	0.8	0	c6a2c4947037df7c5bfaf7645281f538ba21b3776f771ab747ce6f0e43a7dc7e	413	331	114	1.0	0.008771929824561403	0.03508771929824561	0.07894736842105263	0.03727379744096305	134.5	0.9035087719298246	0.8490768358403162
HER2ST_manual_controlled	HER2ST_F1_CONTROLLED__reverse	HER2ST_F1_CONTROLLED	HER2ST::F	reverse	uot	cost_features_500	multioutput_ridge	1.0	4	random_gate	0.8	0	c6a2c4947037df7c5bfaf7645281f538ba21b3776f771ab747ce6f0e43a7dc7e	413	331	114	0.9365558912386707	0.017543859649122806	0.03508771929824561	0.07894736842105263	0.04059927291289112	121.0	0.9035087719298246	0.8482794962107384
HER2ST_manual_controlled	HER2ST_F1_CONTROLLED__reverse	HER2ST_F1_CONTROLLED	HER2ST::F	reverse	uot	cost_features_500	multioutput_ridge	1.0	4	random_gate	0.8	1	c6a2c4947037df7c5bfaf7645281f538ba21b3776f771ab747ce6f0e43a7dc7e	413	331	114	0.9365558912386707	0.008771929824561403	0.03508771929824561	0.07017543859649122	0.03559993337379153	127.0	0.9035087719298246	0.8482628581360587
HER2ST_manual_controlled	HER2ST_F1_CONTROLLED__reverse	HER2ST_F1_CONTROLLED	HER2ST::F	reverse	uot	cost_features_500	multioutput_ridge	1.0	4	random_gate	0.8	2	c6a2c4947037df7c5bfaf7645281f538ba21b3776f771ab747ce6f0e43a7dc7e	413	331	114	0.9335347432024169	0.008771929824561403	0.03508771929824561	0.07894736842105263	0.036527859445018365	122.0	0.9035087719298246	0.8482205898180966
HER2ST_manual_controlled	HER2ST_F1_CONTROLLED__reverse	HER2ST_F1_CONTROLLED	HER2ST::F	reverse	uot	cost_features_500	multioutput_ridge	1.0	4	random_gate	0.8	3	c6a2c4947037df7c5bfaf7645281f538ba21b3776f771ab747ce6f0e43a7dc7e	413	331	114	0.9425981873111783	0.017543859649122806	0.03508771929824561	0.08771929824561403	0.04149399154532893	127.5	0.9035087719298246	0.8481988547832783
HER2ST_manual_controlled	HER2ST_F1_CONTROLLED__reverse	HER2ST_F1_CONTROLLED	HER2ST::F	reverse	uot	cost_features_500	multioutput_ridge	1.0	4	random_gate	0.8	4	c6a2c4947037df7c5bfaf7645281f538ba21b3776f771ab747ce6f0e43a7dc7e	413	331	114	0.9486404833836858	0.008771929824561403	0.03508771929824561	0.07894736842105263	0.0371778825900775	126.0	0.9035087719298246	0.848182942063866
HER2ST_manual_controlled	HER2ST_F1_CONTROLLED__reverse	HER2ST_F1_CONTROLLED	HER2ST::F	reverse	row_softmax	cost_features_500	multioutput_ridge	1.0	0	identity_no_training	0.0	0	c6a2c4947037df7c5bfaf7645281f538ba21b3776f771ab747ce6f0e43a7dc7e	415	0	112		0.9910714285714286	1.0	1.0	0.9955357142857143	1.0	1.0	0.41340816434651256
HER2ST_manual_controlled	HER2ST_F1_CONTROLLED__reverse	HER2ST_F1_CONTROLLED	HER2ST::F	reverse	row_softmax	cost_features_500	multioutput_ridge	1.0	0	all_top1	1.0	0	c6a2c4947037df7c5bfaf7645281f538ba21b3776f771ab747ce6f0e43a7dc7e	415	415	112	0.9759036144578314	0.0	0.0	0.017857142857142856	0.006599204930059151	316.0	0.9553571428571429	0.7977341179561106
HER2ST_manual_controlled	HER2ST_F1_CONTROLLED__reverse	HER2ST_F1_CONTROLLED	HER2ST::F	reverse	row_softmax	cost_features_500	multioutput_ridge	1.0	0	max_probability_gate	0.8	0	c6a2c4947037df7c5bfaf7645281f538ba21b3776f771ab747ce6f0e43a7dc7e	415	332	112	0.9789156626506024	0.0	0.0	0.0	0.006025286289777361	329.5	0.9553571428571429	0.7962177580882571
HER2ST_manual_controlled	HER2ST_F1_CONTROLLED__reverse	HER2ST_F1_CONTROLLED	HER2ST::F	reverse	row_softmax	cost_features_500	multioutput_ridge	1.0	0	top2_margin_gate	0.8	0	c6a2c4947037df7c5bfaf7645281f538ba21b3776f771ab747ce6f0e43a7dc7e	415	332	112	1.0	0.0	0.0	0.008928571428571428	0.006380033834198276	323.0	0.9553571428571429	0.7970836662564221
HER2ST_manual_controlled	HER2ST_F1_CONTROLLED__reverse	HER2ST_F1_CONTROLLED	HER2ST::F	reverse	row_softmax	cost_features_500	multioutput_ridge	1.0	0	oracle_truth	0.8	0	c6a2c4947037df7c5bfaf7645281f538ba21b3776f771ab747ce6f0e43a7dc7e	415	332	112	1.0	0.0	0.0	0.008928571428571428	0.006373850483647851	313.5	0.9553571428571429	0.7971618334007372
HER2ST_manual_controlled	HER2ST_F1_CONTROLLED__reverse	HER2ST_F1_CONTROLLED	HER2ST::F	reverse	row_softmax	cost_features_500	multioutput_ridge	1.0	0	random_gate	0.8	0	c6a2c4947037df7c5bfaf7645281f538ba21b3776f771ab747ce6f0e43a7dc7e	415	332	112	0.9759036144578314	0.0	0.0	0.0	0.006213240259282156	320.5	0.9553571428571429	0.7967736274723572
HER2ST_manual_controlled	HER2ST_F1_CONTROLLED__reverse	HER2ST_F1_CONTROLLED	HER2ST::F	reverse	row_softmax	cost_features_500	multioutput_ridge	1.0	0	random_gate	0.8	1	c6a2c4947037df7c5bfaf7645281f538ba21b3776f771ab747ce6f0e43a7dc7e	415	332	112	0.9698795180722891	0.0	0.0	0.017857142857142856	0.006762644477142013	319.0	0.9553571428571429	0.7967432373611089
HER2ST_manual_controlled	HER2ST_F1_CONTROLLED__reverse	HER2ST_F1_CONTROLLED	HER2ST::F	reverse	row_softmax	cost_features_500	multioutput_ridge	1.0	0	random_gate	0.8	2	c6a2c4947037df7c5bfaf7645281f538ba21b3776f771ab747ce6f0e43a7dc7e	415	332	112	0.9698795180722891	0.0	0.0	0.017857142857142856	0.006431780891355	319.5	0.9553571428571429	0.7965942474985584
HER2ST_manual_controlled	HER2ST_F1_CONTROLLED__reverse	HER2ST_F1_CONTROLLED	HER2ST::F	reverse	row_softmax	cost_features_500	multioutput_ridge	1.0	0	random_gate	0.8	3	c6a2c4947037df7c5bfaf7645281f538ba21b3776f771ab747ce6f0e43a7dc7e	415	332	112	0.9728915662650602	0.0	0.0	0.017857142857142856	0.006539331541719791	326.0	0.9553571428571429	0.7964929144813545
HER2ST_manual_controlled	HER2ST_F1_CONTROLLED__reverse	HER2ST_F1_CONTROLLED	HER2ST::F	reverse	row_softmax	cost_features_500	multioutput_ridge	1.0	0	random_gate	0.8	4	c6a2c4947037df7c5bfaf7645281f538ba21b3776f771ab747ce6f0e43a7dc7e	415	332	112	0.9728915662650602	0.0	0.0	0.0	0.006138949298340827	315.5	0.9553571428571429	0.7967334873640163
HER2ST_manual_controlled	HER2ST_F1_CONTROLLED__reverse	HER2ST_F1_CONTROLLED	HER2ST::F	reverse	row_softmax	cost_features_500	multioutput_ridge	1.0	1	identity_no_training	0.0	0	c6a2c4947037df7c5bfaf7645281f538ba21b3776f771ab747ce6f0e43a7dc7e	431	0	96		0.9791666666666666	0.9895833333333334	1.0	0.9861111111111112	1.0	1.0	0.42760412450968127
HER2ST_manual_controlled	HER2ST_F1_CONTROLLED__reverse	HER2ST_F1_CONTROLLED	HER2ST::F	reverse	row_softmax	cost_features_500	multioutput_ridge	1.0	1	all_top1	1.0	0	c6a2c4947037df7c5bfaf7645281f538ba21b3776f771ab747ce6f0e43a7dc7e	431	431	96	0.9860788863109049	0.010416666666666666	0.020833333333333332	0.041666666666666664	0.020728175256366933	289.5	1.0	0.799246283559986
HER2ST_manual_controlled	HER2ST_F1_CONTROLLED__reverse	HER2ST_F1_CONTROLLED	HER2ST::F	reverse	row_softmax	cost_features_500	multioutput_ridge	1.0	1	max_probability_gate	0.8	0	c6a2c4947037df7c5bfaf7645281f538ba21b3776f771ab747ce6f0e43a7dc7e	431	345	96	0.9884057971014493	0.010416666666666666	0.020833333333333332	0.03125	0.02001807026344135	300.5	1.0	0.7986010534520359
HER2ST_manual_controlled	HER2ST_F1_CONTROLLED__reverse	HER2ST_F1_CONTROLLED	HER2ST::F	reverse	row_softmax	cost_features_500	multioutput_ridge	1.0	1	top2_margin_gate	0.8	0	c6a2c4947037df7c5bfaf7645281f538ba21b3776f771ab747ce6f0e43a7dc7e	431	345	96	1.0	0.010416666666666666	0.020833333333333332	0.03125	0.020279671400248306	304.5	1.0	0.7983153973954908
HER2ST_manual_controlled	HER2ST_F1_CONTROLLED__reverse	HER2ST_F1_CONTROLLED	HER2ST::F	reverse	row_softmax	cost_features_500	multioutput_ridge	1.0	1	oracle_truth	0.8	0	c6a2c4947037df7c5bfaf7645281f538ba21b3776f771ab747ce6f0e43a7dc7e	431	345	96	1.0	0.010416666666666666	0.020833333333333332	0.041666666666666664	0.020447176436966235	309.5	1.0	0.7980019637529061
HER2ST_manual_controlled	HER2ST_F1_CONTROLLED__reverse	HER2ST_F1_CONTROLLED	HER2ST::F	reverse	row_softmax	cost_features_500	multioutput_ridge	1.0	1	random_gate	0.8	0	c6a2c4947037df7c5bfaf7645281f538ba21b3776f771ab747ce6f0e43a7dc7e	431	345	96	0.9884057971014493	0.010416666666666666	0.020833333333333332	0.041666666666666664	0.020188164544371032	303.5	1.0	0.7981706051312902
HER2ST_manual_controlled	HER2ST_F1_CONTROLLED__reverse	HER2ST_F1_CONTROLLED	HER2ST::F	reverse	row_softmax	cost_features_500	multioutput_ridge	1.0	1	random_gate	0.8	1	c6a2c4947037df7c5bfaf7645281f538ba21b3776f771ab747ce6f0e43a7dc7e	431	345	96	0.9855072463768116	0.010416666666666666	0.020833333333333332	0.041666666666666664	0.020248221889580514	321.0	1.0	0.7976793844656122
HER2ST_manual_controlled	HER2ST_F1_CONTROLLED__reverse	HER2ST_F1_CONTROLLED	HER2ST::F	reverse	row_softmax	cost_features_500	multioutput_ridge	1.0	1	random_gate	0.8	2	c6a2c4947037df7c5bfaf7645281f538ba21b3776f771ab747ce6f0e43a7dc7e	431	345	96	0.9884057971014493	0.0	0.020833333333333332	0.041666666666666664	0.01526635570205212	301.5	1.0	0.7983725898410355
HER2ST_manual_controlled	HER2ST_F1_CONTROLLED__reverse	HER2ST_F1_CONTROLLED	HER2ST::F	reverse	row_softmax	cost_features_500	multioutput_ridge	1.0	1	random_gate	0.8	3	c6a2c4947037df7c5bfaf7645281f538ba21b3776f771ab747ce6f0e43a7dc7e	431	345	96	0.9855072463768116	0.010416666666666666	0.020833333333333332	0.03125	0.020057291225610365	302.0	1.0	0.7983157283441954
HER2ST_manual_controlled	HER2ST_F1_CONTROLLED__reverse	HER2ST_F1_CONTROLLED	HER2ST::F	reverse	row_softmax	cost_features_500	multioutput_ridge	1.0	1	random_gate	0.8	4	c6a2c4947037df7c5bfaf7645281f538ba21b3776f771ab747ce6f0e43a7dc7e	431	345	96	0.9884057971014493	0.010416666666666666	0.020833333333333332	0.03125	0.020222205166064766	306.5	1.0	0.7981852413027962
HER2ST_manual_controlled	HER2ST_F1_CONTROLLED__reverse	HER2ST_F1_CONTROLLED	HER2ST::F	reverse	row_softmax	cost_features_500	multioutput_ridge	1.0	2	identity_no_training	0.0	0	c6a2c4947037df7c5bfaf7645281f538ba21b3776f771ab747ce6f0e43a7dc7e	426	0	101		0.9900990099009901	1.0	1.0	0.995049504950495	1.0	1.0	0.41515974336679784
HER2ST_manual_controlled	HER2ST_F1_CONTROLLED__reverse	HER2ST_F1_CONTROLLED	HER2ST::F	reverse	row_softmax	cost_features_500	multioutput_ridge	1.0	2	all_top1	1.0	0	c6a2c4947037df7c5bfaf7645281f538ba21b3776f771ab747ce6f0e43a7dc7e	426	426	101	0.9859154929577465	0.0	0.0	0.0	0.0038614346756137364	397.0	0.9801980198019802	0.7710966156300884
HER2ST_manual_controlled	HER2ST_F1_CONTROLLED__reverse	HER2ST_F1_CONTROLLED	HER2ST::F	reverse	row_softmax	cost_features_500	multioutput_ridge	1.0	2	max_probability_gate	0.8	0	c6a2c4947037df7c5bfaf7645281f538ba21b3776f771ab747ce6f0e43a7dc7e	426	341	101	0.9882697947214076	0.0	0.0	0.0	0.003635281902879436	409.0	0.9801980198019802	0.7693748009585997
HER2ST_manual_controlled	HER2ST_F1_CONTROLLED__reverse	HER2ST_F1_CONTROLLED	HER2ST::F	reverse	row_softmax	cost_features_500	multioutput_ridge	1.0	2	top2_margin_gate	0.8	0	c6a2c4947037df7c5bfaf7645281f538ba21b3776f771ab747ce6f0e43a7dc7e	426	341	101	1.0	0.0	0.0	0.0	0.003709170645525597	405.0	0.9801980198019802	0.7700039413248989
HER2ST_manual_controlled	HER2ST_F1_CONTROLLED__reverse	HER2ST_F1_CONTROLLED	HER2ST::F	reverse	row_softmax	cost_features_500	multioutput_ridge	1.0	2	oracle_truth	0.8	0	c6a2c4947037df7c5bfaf7645281f538ba21b3776f771ab747ce6f0e43a7dc7e	426	341	101	1.0	0.0	0.0	0.0	0.0037259898593647806	406.0	0.9801980198019802	0.7697430396648631
HER2ST_manual_controlled	HER2ST_F1_CONTROLLED__reverse	HER2ST_F1_CONTROLLED	HER2ST::F	reverse	row_softmax	cost_features_500	multioutput_ridge	1.0	2	random_gate	0.8	0	c6a2c4947037df7c5bfaf7645281f538ba21b3776f771ab747ce6f0e43a7dc7e	426	341	101	0.9853372434017595	0.0	0.0	0.0	0.003697570958673803	407.0	0.9801980198019802	0.7697095284829245
HER2ST_manual_controlled	HER2ST_F1_CONTROLLED__reverse	HER2ST_F1_CONTROLLED	HER2ST::F	reverse	row_softmax	cost_features_500	multioutput_ridge	1.0	2	random_gate	0.8	1	c6a2c4947037df7c5bfaf7645281f538ba21b3776f771ab747ce6f0e43a7dc7e	426	341	101	0.9853372434017595	0.0	0.0	0.0	0.003644555841019813	406.0	0.9801980198019802	0.7696405471387007
HER2ST_manual_controlled	HER2ST_F1_CONTROLLED__reverse	HER2ST_F1_CONTROLLED	HER2ST::F	reverse	row_softmax	cost_features_500	multioutput_ridge	1.0	2	random_gate	0.8	2	c6a2c4947037df7c5bfaf7645281f538ba21b3776f771ab747ce6f0e43a7dc7e	426	341	101	0.9882697947214076	0.0	0.0	0.0	0.003779895929004222	413.0	0.9801980198019802	0.7695008039957909
HER2ST_manual_controlled	HER2ST_F1_CONTROLLED__reverse	HER2ST_F1_CONTROLLED	HER2ST::F	reverse	row_softmax	cost_features_500	multioutput_ridge	1.0	2	random_gate	0.8	3	c6a2c4947037df7c5bfaf7645281f538ba21b3776f771ab747ce6f0e43a7dc7e	426	341	101	0.9853372434017595	0.0	0.0	0.0	0.0036767941056784314	407.0	0.9801980198019802	0.7695211682784857
HER2ST_manual_controlled	HER2ST_F1_CONTROLLED__reverse	HER2ST_F1_CONTROLLED	HER2ST::F	reverse	row_softmax	cost_features_500	multioutput_ridge	1.0	2	random_gate	0.8	4	c6a2c4947037df7c5bfaf7645281f538ba21b3776f771ab747ce6f0e43a7dc7e	426	341	101	0.9824046920821115	0.0	0.0	0.0	0.0036508062453874243	411.0	0.9801980198019802	0.7694454298199214
HER2ST_manual_controlled	HER2ST_F1_CONTROLLED__reverse	HER2ST_F1_CONTROLLED	HER2ST::F	reverse	row_softmax	cost_features_500	multioutput_ridge	1.0	3	identity_no_training	0.0	0	c6a2c4947037df7c5bfaf7645281f538ba21b3776f771ab747ce6f0e43a7dc7e	423	0	104		0.9711538461538461	1.0	1.0	0.9810897435897435	1.0	0.9903846153846154	0.4181422924100734
HER2ST_manual_controlled	HER2ST_F1_CONTROLLED__reverse	HER2ST_F1_CONTROLLED	HER2ST::F	reverse	row_softmax	cost_features_500	multioutput_ridge	1.0	3	all_top1	1.0	0	c6a2c4947037df7c5bfaf7645281f538ba21b3776f771ab747ce6f0e43a7dc7e	423	423	104	0.9739952718676123	0.0	0.009615384615384616	0.009615384615384616	0.012185416318820162	133.0	0.8461538461538461	0.8333966415049698
HER2ST_manual_controlled	HER2ST_F1_CONTROLLED__reverse	HER2ST_F1_CONTROLLED	HER2ST::F	reverse	row_softmax	cost_features_500	multioutput_ridge	1.0	3	max_probability_gate	0.8	0	c6a2c4947037df7c5bfaf7645281f538ba21b3776f771ab747ce6f0e43a7dc7e	423	339	104	0.976401179941003	0.0	0.0	0.009615384615384616	0.011187692822997477	136.5	0.8461538461538461	0.8326712489507364
HER2ST_manual_controlled	HER2ST_F1_CONTROLLED__reverse	HER2ST_F1_CONTROLLED	HER2ST::F	reverse	row_softmax	cost_features_500	multioutput_ridge	1.0	3	top2_margin_gate	0.8	0	c6a2c4947037df7c5bfaf7645281f538ba21b3776f771ab747ce6f0e43a7dc7e	423	339	104	1.0	0.0	0.0	0.009615384615384616	0.011494518973716155	139.5	0.8461538461538461	0.8330992604421137
HER2ST_manual_controlled	HER2ST_F1_CONTROLLED__reverse	HER2ST_F1_CONTROLLED	HER2ST::F	reverse	row_softmax	cost_features_500	multioutput_ridge	1.0	3	oracle_truth	0.8	0	c6a2c4947037df7c5bfaf7645281f538ba21b3776f771ab747ce6f0e43a7dc7e	423	339	104	1.0	0.0	0.0	0.009615384615384616	0.011474160493085993	143.0	0.8461538461538461	0.833213077704323
HER2ST_manual_controlled	HER2ST_F1_CONTROLLED__reverse	HER2ST_F1_CONTROLLED	HER2ST::F	reverse	row_softmax	cost_features_500	multioutput_ridge	1.0	3	random_gate	0.8	0	c6a2c4947037df7c5bfaf7645281f538ba21b3776f771ab747ce6f0e43a7dc7e	423	339	104	0.9734513274336283	0.0	0.009615384615384616	0.009615384615384616	0.011842586387169122	138.5	0.8461538461538461	0.8327081267796892
HER2ST_manual_controlled	HER2ST_F1_CONTROLLED__reverse	HER2ST_F1_CONTROLLED	HER2ST::F	reverse	row_softmax	cost_features_500	multioutput_ridge	1.0	3	random_gate	0.8	1	c6a2c4947037df7c5bfaf7645281f538ba21b3776f771ab747ce6f0e43a7dc7e	423	339	104	0.976401179941003	0.0	0.009615384615384616	0.009615384615384616	0.01162212093040757	142.5	0.8461538461538461	0.8325699034497676
HER2ST_manual_controlled	HER2ST_F1_CONTROLLED__reverse	HER2ST_F1_CONTROLLED	HER2ST::F	reverse	row_softmax	cost_features_500	multioutput_ridge	1.0	3	random_gate	0.8	2	c6a2c4947037df7c5bfaf7645281f538ba21b3776f771ab747ce6f0e43a7dc7e	423	339	104	0.976401179941003	0.0	0.009615384615384616	0.009615384615384616	0.011673777276081005	144.0	0.8461538461538461	0.8328907764963817
HER2ST_manual_controlled	HER2ST_F1_CONTROLLED__reverse	HER2ST_F1_CONTROLLED	HER2ST::F	reverse	row_softmax	cost_features_500	multioutput_ridge	1.0	3	random_gate	0.8	3	c6a2c4947037df7c5bfaf7645281f538ba21b3776f771ab747ce6f0e43a7dc7e	423	339	104	0.9823008849557522	0.0	0.009615384615384616	0.009615384615384616	0.011785665070545194	138.5	0.8461538461538461	0.832906966484616
HER2ST_manual_controlled	HER2ST_F1_CONTROLLED__reverse	HER2ST_F1_CONTROLLED	HER2ST::F	reverse	row_softmax	cost_features_500	multioutput_ridge	1.0	3	random_gate	0.8	4	c6a2c4947037df7c5bfaf7645281f538ba21b3776f771ab747ce6f0e43a7dc7e	423	339	104	0.976401179941003	0.0	0.009615384615384616	0.009615384615384616	0.011628814917759163	144.5	0.8461538461538461	0.8328841932328408
HER2ST_manual_controlled	HER2ST_F1_CONTROLLED__reverse	HER2ST_F1_CONTROLLED	HER2ST::F	reverse	row_softmax	cost_features_500	multioutput_ridge	1.0	4	identity_no_training	0.0	0	c6a2c4947037df7c5bfaf7645281f538ba21b3776f771ab747ce6f0e43a7dc7e	413	0	114		0.9649122807017544	1.0	1.0	0.9824561403508771	1.0	0.9912280701754386	0.42074739024759283
HER2ST_manual_controlled	HER2ST_F1_CONTROLLED__reverse	HER2ST_F1_CONTROLLED	HER2ST::F	reverse	row_softmax	cost_features_500	multioutput_ridge	1.0	4	all_top1	1.0	0	c6a2c4947037df7c5bfaf7645281f538ba21b3776f771ab747ce6f0e43a7dc7e	413	413	114	0.9733656174334141	0.017543859649122806	0.043859649122807015	0.08771929824561403	0.04360355846472226	123.5	0.9035087719298246	0.8489401482358712
HER2ST_manual_controlled	HER2ST_F1_CONTROLLED__reverse	HER2ST_F1_CONTROLLED	HER2ST::F	reverse	row_softmax	cost_features_500	multioutput_ridge	1.0	4	max_probability_gate	0.8	0	c6a2c4947037df7c5bfaf7645281f538ba21b3776f771ab747ce6f0e43a7dc7e	413	331	114	0.972809667673716	0.0	0.03508771929824561	0.08771929824561403	0.035317289357041357	133.5	0.9035087719298246	0.8484485602145886
HER2ST_manual_controlled	HER2ST_F1_CONTROLLED__reverse	HER2ST_F1_CONTROLLED	HER2ST::F	reverse	row_softmax	cost_features_500	multioutput_ridge	1.0	4	top2_margin_gate	0.8	0	c6a2c4947037df7c5bfaf7645281f538ba21b3776f771ab747ce6f0e43a7dc7e	413	331	114	1.0	0.008771929824561403	0.03508771929824561	0.07894736842105263	0.03752482276308071	125.5	0.9035087719298246	0.8487672978085541
HER2ST_manual_controlled	HER2ST_F1_CONTROLLED__reverse	HER2ST_F1_CONTROLLED	HER2ST::F	reverse	row_softmax	cost_features_500	multioutput_ridge	1.0	4	oracle_truth	0.8	0	c6a2c4947037df7c5bfaf7645281f538ba21b3776f771ab747ce6f0e43a7dc7e	413	331	114	1.0	0.0	0.03508771929824561	0.07017543859649122	0.03397204230127161	137.5	0.9035087719298246	0.8485763022514905
HER2ST_manual_controlled	HER2ST_F1_CONTROLLED__reverse	HER2ST_F1_CONTROLLED	HER2ST::F	reverse	row_softmax	cost_features_500	multioutput_ridge	1.0	4	random_gate	0.8	0	c6a2c4947037df7c5bfaf7645281f538ba21b3776f771ab747ce6f0e43a7dc7e	413	331	114	0.9758308157099698	0.008771929824561403	0.03508771929824561	0.08771929824561403	0.03774092861958702	127.5	0.9035087719298246	0.8486359731017847
HER2ST_manual_controlled	HER2ST_F1_CONTROLLED__reverse	HER2ST_F1_CONTROLLED	HER2ST::F	reverse	row_softmax	cost_features_500	multioutput_ridge	1.0	4	random_gate	0.8	1	c6a2c4947037df7c5bfaf7645281f538ba21b3776f771ab747ce6f0e43a7dc7e	413	331	114	0.972809667673716	0.008771929824561403	0.03508771929824561	0.08771929824561403	0.03733059944319119	128.0	0.9035087719298246	0.8487504636343832
HER2ST_manual_controlled	HER2ST_F1_CONTROLLED__reverse	HER2ST_F1_CONTROLLED	HER2ST::F	reverse	row_softmax	cost_features_500	multioutput_ridge	1.0	4	random_gate	0.8	2	c6a2c4947037df7c5bfaf7645281f538ba21b3776f771ab747ce6f0e43a7dc7e	413	331	114	0.972809667673716	0.017543859649122806	0.03508771929824561	0.07894736842105263	0.040819533812633424	122.0	0.9035087719298246	0.8483406898444226
HER2ST_manual_controlled	HER2ST_F1_CONTROLLED__reverse	HER2ST_F1_CONTROLLED	HER2ST::F	reverse	row_softmax	cost_features_500	multioutput_ridge	1.0	4	random_gate	0.8	3	c6a2c4947037df7c5bfaf7645281f538ba21b3776f771ab747ce6f0e43a7dc7e	413	331	114	0.972809667673716	0.0	0.043859649122807015	0.08771929824561403	0.03309295882616905	141.0	0.9035087719298246	0.8484513181479526
HER2ST_manual_controlled	HER2ST_F1_CONTROLLED__reverse	HER2ST_F1_CONTROLLED	HER2ST::F	reverse	row_softmax	cost_features_500	multioutput_ridge	1.0	4	random_gate	0.8	4	c6a2c4947037df7c5bfaf7645281f538ba21b3776f771ab747ce6f0e43a7dc7e	413	331	114	0.9758308157099698	0.0	0.03508771929824561	0.07894736842105263	0.033340013434604264	131.0	0.9035087719298246	0.8486611394451898
HER2ST_manual_controlled	HER2ST_G2_CONTROLLED	HER2ST_G2_CONTROLLED	HER2ST::G	forward	balanced_ot	cost_features_500	multioutput_ridge	1.0	0	identity_no_training	0.0	0	998266e9dd5a48d5b37d43d44552ce5d1d17addf0a38d386e656d0ac16cc7be1	265	0	57		0.9122807017543859	0.9649122807017544	0.9824561403508771	0.941812865497076	1.0	0.9298245614035088	0.4243612168590323
HER2ST_manual_controlled	HER2ST_G2_CONTROLLED	HER2ST_G2_CONTROLLED	HER2ST::G	forward	balanced_ot	cost_features_500	multioutput_ridge	1.0	0	all_top1	1.0	0	998266e9dd5a48d5b37d43d44552ce5d1d17addf0a38d386e656d0ac16cc7be1	265	265	57	0.7849056603773585	0.017543859649122806	0.05263157894736842	0.08771929824561403	0.0553331264997203	64.0	0.2631578947368421	0.8064329972363768
HER2ST_manual_controlled	HER2ST_G2_CONTROLLED	HER2ST_G2_CONTROLLED	HER2ST::G	forward	balanced_ot	cost_features_500	multioutput_ridge	1.0	0	max_probability_gate	0.8	0	998266e9dd5a48d5b37d43d44552ce5d1d17addf0a38d386e656d0ac16cc7be1	265	212	57	0.7783018867924528	0.0	0.03508771929824561	0.07017543859649122	0.03590098151283706	85.0	0.03508771929824561	0.8028706657505953
HER2ST_manual_controlled	HER2ST_G2_CONTROLLED	HER2ST_G2_CONTROLLED	HER2ST::G	forward	balanced_ot	cost_features_500	multioutput_ridge	1.0	0	top2_margin_gate	0.8	0	998266e9dd5a48d5b37d43d44552ce5d1d17addf0a38d386e656d0ac16cc7be1	265	212	57	0.9056603773584906	0.017543859649122806	0.03508771929824561	0.08771929824561403	0.04559043529154456	73.0	0.05263157894736842	0.8053810654763677
HER2ST_manual_controlled	HER2ST_G2_CONTROLLED	HER2ST_G2_CONTROLLED	HER2ST::G	forward	balanced_ot	cost_features_500	multioutput_ridge	1.0	0	oracle_truth	0.8	0	998266e9dd5a48d5b37d43d44552ce5d1d17addf0a38d386e656d0ac16cc7be1	265	212	57	1.0	0.03508771929824561	0.05263157894736842	0.12280701754385964	0.0668955244561239	71.0	0.3333333333333333	0.8079104935711968
HER2ST_manual_controlled	HER2ST_G2_CONTROLLED	HER2ST_G2_CONTROLLED	HER2ST::G	forward	balanced_ot	cost_features_500	multioutput_ridge	1.0	0	random_gate	0.8	0	998266e9dd5a48d5b37d43d44552ce5d1d17addf0a38d386e656d0ac16cc7be1	265	212	57	0.7735849056603774	0.017543859649122806	0.03508771929824561	0.08771929824561403	0.04978508434324992	78.0	0.2631578947368421	0.806014504153652
HER2ST_manual_controlled	HER2ST_G2_CONTROLLED	HER2ST_G2_CONTROLLED	HER2ST::G	forward	balanced_ot	cost_features_500	multioutput_ridge	1.0	0	random_gate	0.8	1	998266e9dd5a48d5b37d43d44552ce5d1d17addf0a38d386e656d0ac16cc7be1	265	212	57	0.7830188679245284	0.017543859649122806	0.03508771929824561	0.07017543859649122	0.04756906124595123	84.0	0.2631578947368421	0.8055070271574011
HER2ST_manual_controlled	HER2ST_G2_CONTROLLED	HER2ST_G2_CONTROLLED	HER2ST::G	forward	balanced_ot	cost_features_500	multioutput_ridge	1.0	0	random_gate	0.8	2	998266e9dd5a48d5b37d43d44552ce5d1d17addf0a38d386e656d0ac16cc7be1	265	212	57	0.7877358490566038	0.017543859649122806	0.03508771929824561	0.07017543859649122	0.0464828874859395	87.0	0.2807017543859649	0.8051738235294968
HER2ST_manual_controlled	HER2ST_G2_CONTROLLED	HER2ST_G2_CONTROLLED	HER2ST::G	forward	balanced_ot	cost_features_500	multioutput_ridge	1.0	0	random_gate	0.8	3	998266e9dd5a48d5b37d43d44552ce5d1d17addf0a38d386e656d0ac16cc7be1	265	212	57	0.7924528301886793	0.0	0.03508771929824561	0.12280701754385964	0.037695554839506366	80.0	0.03508771929824561	0.8053571620529133
HER2ST_manual_controlled	HER2ST_G2_CONTROLLED	HER2ST_G2_CONTROLLED	HER2ST::G	forward	balanced_ot	cost_features_500	multioutput_ridge	1.0	0	random_gate	0.8	4	998266e9dd5a48d5b37d43d44552ce5d1d17addf0a38d386e656d0ac16cc7be1	265	212	57	0.7971698113207547	0.017543859649122806	0.05263157894736842	0.07017543859649122	0.048641760421043324	85.0	0.2631578947368421	0.805870132491818
HER2ST_manual_controlled	HER2ST_G2_CONTROLLED	HER2ST_G2_CONTROLLED	HER2ST::G	forward	balanced_ot	cost_features_500	multioutput_ridge	1.0	1	identity_no_training	0.0	0	998266e9dd5a48d5b37d43d44552ce5d1d17addf0a38d386e656d0ac16cc7be1	248	0	74		0.9864864864864865	1.0	1.0	0.9891891891891892	1.0	1.0	0.42045312586442285
HER2ST_manual_controlled	HER2ST_G2_CONTROLLED	HER2ST_G2_CONTROLLED	HER2ST::G	forward	balanced_ot	cost_features_500	multioutput_ridge	1.0	1	all_top1	1.0	0	998266e9dd5a48d5b37d43d44552ce5d1d17addf0a38d386e656d0ac16cc7be1	248	248	74	0.6008064516129032	0.0	0.0	0.02702702702702703	0.014603979391403331	138.5	0.21621621621621623	0.7941252626628365
HER2ST_manual_controlled	HER2ST_G2_CONTROLLED	HER2ST_G2_CONTROLLED	HER2ST::G	forward	balanced_ot	cost_features_500	multioutput_ridge	1.0	1	max_probability_gate	0.8	0	998266e9dd5a48d5b37d43d44552ce5d1d17addf0a38d386e656d0ac16cc7be1	248	199	74	0.5678391959798995	0.0	0.0	0.02702702702702703	0.012545446851037406	154.0	0.13513513513513514	0.792600283231461
HER2ST_manual_controlled	HER2ST_G2_CONTROLLED	HER2ST_G2_CONTROLLED	HER2ST::G	forward	balanced_ot	cost_features_500	multioutput_ridge	1.0	1	top2_margin_gate	0.8	0	998266e9dd5a48d5b37d43d44552ce5d1d17addf0a38d386e656d0ac16cc7be1	248	199	74	0.6984924623115578	0.0	0.0	0.02702702702702703	0.014523087305872847	136.0	0.12162162162162163	0.7947088675235194
HER2ST_manual_controlled	HER2ST_G2_CONTROLLED	HER2ST_G2_CONTROLLED	HER2ST::G	forward	balanced_ot	cost_features_500	multioutput_ridge	1.0	1	oracle_truth	0.8	0	998266e9dd5a48d5b37d43d44552ce5d1d17addf0a38d386e656d0ac16cc7be1	248	199	74	1.0	0.0	0.0	0.02702702702702703	0.014825836520045049	131.5	0.1891891891891892	0.7964966273662838
HER2ST_manual_controlled	HER2ST_G2_CONTROLLED	HER2ST_G2_CONTROLLED	HER2ST::G	forward	balanced_ot	cost_features_500	multioutput_ridge	1.0	1	random_gate	0.8	0	998266e9dd5a48d5b37d43d44552ce5d1d17addf0a38d386e656d0ac16cc7be1	248	199	74	0.5527638190954773	0.0	0.0	0.013513513513513514	0.013017964857370123	144.0	0.17567567567567569	0.7938254731933038
HER2ST_manual_controlled	HER2ST_G2_CONTROLLED	HER2ST_G2_CONTROLLED	HER2ST::G	forward	balanced_ot	cost_features_500	multioutput_ridge	1.0	1	random_gate	0.8	1	998266e9dd5a48d5b37d43d44552ce5d1d17addf0a38d386e656d0ac16cc7be1	248	199	74	0.5879396984924623	0.0	0.0	0.013513513513513514	0.012620142802258334	148.5	0.14864864864864866	0.7935790682831911
HER2ST_manual_controlled	HER2ST_G2_CONTROLLED	HER2ST_G2_CONTROLLED	HER2ST::G	forward	balanced_ot	cost_features_500	multioutput_ridge	1.0	1	random_gate	0.8	2	998266e9dd5a48d5b37d43d44552ce5d1d17addf0a38d386e656d0ac16cc7be1	248	199	74	0.6080402010050251	0.0	0.0	0.0	0.011919169842628552	148.5	0.17567567567567569	0.7934292277980719
HER2ST_manual_controlled	HER2ST_G2_CONTROLLED	HER2ST_G2_CONTROLLED	HER2ST::G	forward	balanced_ot	cost_features_500	multioutput_ridge	1.0	1	random_gate	0.8	3	998266e9dd5a48d5b37d43d44552ce5d1d17addf0a38d386e656d0ac16cc7be1	248	199	74	0.592964824120603	0.0	0.0	0.013513513513513514	0.013176366088379672	147.0	0.12162162162162163	0.7940762267864312
HER2ST_manual_controlled	HER2ST_G2_CONTROLLED	HER2ST_G2_CONTROLLED	HER2ST::G	forward	balanced_ot	cost_features_500	multioutput_ridge	1.0	1	random_gate	0.8	4	998266e9dd5a48d5b37d43d44552ce5d1d17addf0a38d386e656d0ac16cc7be1	248	199	74	0.592964824120603	0.0	0.0	0.013513513513513514	0.013700151818375502	163.0	0.12162162162162163	0.7937060636125026
HER2ST_manual_controlled	HER2ST_G2_CONTROLLED	HER2ST_G2_CONTROLLED	HER2ST::G	forward	balanced_ot	cost_features_500	multioutput_ridge	1.0	2	identity_no_training	0.0	0	998266e9dd5a48d5b37d43d44552ce5d1d17addf0a38d386e656d0ac16cc7be1	268	0	54		0.9814814814814815	1.0	1.0	0.9876543209876543	1.0	0.9814814814814815	0.41931671252613534
HER2ST_manual_controlled	HER2ST_G2_CONTROLLED	HER2ST_G2_CONTROLLED	HER2ST::G	forward	balanced_ot	cost_features_500	multioutput_ridge	1.0	2	all_top1	1.0	0	998266e9dd5a48d5b37d43d44552ce5d1d17addf0a38d386e656d0ac16cc7be1	268	268	54	0.6492537313432836	0.0	0.0	0.037037037037037035	0.01646186201151299	173.5	0.2037037037037037	0.7874971676645179
HER2ST_manual_controlled	HER2ST_G2_CONTROLLED	HER2ST_G2_CONTROLLED	HER2ST::G	forward	balanced_ot	cost_features_500	multioutput_ridge	1.0	2	max_probability_gate	0.8	0	998266e9dd5a48d5b37d43d44552ce5d1d17addf0a38d386e656d0ac16cc7be1	268	215	54	0.6558139534883721	0.0	0.0	0.037037037037037035	0.016585303171948854	195.0	0.2777777777777778	0.786751585457038
HER2ST_manual_controlled	HER2ST_G2_CONTROLLED	HER2ST_G2_CONTROLLED	HER2ST::G	forward	balanced_ot	cost_features_500	multioutput_ridge	1.0	2	top2_margin_gate	0.8	0	998266e9dd5a48d5b37d43d44552ce5d1d17addf0a38d386e656d0ac16cc7be1	268	215	54	0.7627906976744186	0.0	0.0	0.037037037037037035	0.0167015851097826	187.0	0.2222222222222222	0.7877041418066723
HER2ST_manual_controlled	HER2ST_G2_CONTROLLED	HER2ST_G2_CONTROLLED	HER2ST::G	forward	balanced_ot	cost_features_500	multioutput_ridge	1.0	2	oracle_truth	0.8	0	998266e9dd5a48d5b37d43d44552ce5d1d17addf0a38d386e656d0ac16cc7be1	268	215	54	1.0	0.0	0.0	0.05555555555555555	0.022078451137422742	189.0	0.18518518518518517	0.792097059467162
HER2ST_manual_controlled	HER2ST_G2_CONTROLLED	HER2ST_G2_CONTROLLED	HER2ST::G	forward	balanced_ot	cost_features_500	multioutput_ridge	1.0	2	random_gate	0.8	0	998266e9dd5a48d5b37d43d44552ce5d1d17addf0a38d386e656d0ac16cc7be1	268	215	54	0.6232558139534884	0.0	0.0	0.037037037037037035	0.014997353071069789	196.5	0.16666666666666666	0.786521218728393
HER2ST_manual_controlled	HER2ST_G2_CONTROLLED	HER2ST_G2_CONTROLLED	HER2ST::G	forward	balanced_ot	cost_features_500	multioutput_ridge	1.0	2	random_gate	0.8	1	998266e9dd5a48d5b37d43d44552ce5d1d17addf0a38d386e656d0ac16cc7be1	268	215	54	0.6325581395348837	0.0	0.0	0.037037037037037035	0.014978124767812977	191.5	0.2222222222222222	0.7860577530756343
HER2ST_manual_controlled	HER2ST_G2_CONTROLLED	HER2ST_G2_CONTROLLED	HER2ST::G	forward	balanced_ot	cost_features_500	multioutput_ridge	1.0	2	random_gate	0.8	2	998266e9dd5a48d5b37d43d44552ce5d1d17addf0a38d386e656d0ac16cc7be1	268	215	54	0.6604651162790698	0.0	0.0	0.018518518518518517	0.016063554841896116	197.5	0.24074074074074073	0.7874858658531293
HER2ST_manual_controlled	HER2ST_G2_CONTROLLED	HER2ST_G2_CONTROLLED	HER2ST::G	forward	balanced_ot	cost_features_500	multioutput_ridge	1.0	2	random_gate	0.8	3	998266e9dd5a48d5b37d43d44552ce5d1d17addf0a38d386e656d0ac16cc7be1	268	215	54	0.6790697674418604	0.0	0.0	0.05555555555555555	0.01761593945924325	191.0	0.12962962962962962	0.7882254763737814
HER2ST_manual_controlled	HER2ST_G2_CONTROLLED	HER2ST_G2_CONTROLLED	HER2ST::G	forward	balanced_ot	cost_features_500	multioutput_ridge	1.0	2	random_gate	0.8	4	998266e9dd5a48d5b37d43d44552ce5d1d17addf0a38d386e656d0ac16cc7be1	268	215	54	0.641860465116279	0.0	0.0	0.037037037037037035	0.015705229452687427	186.5	0.25925925925925924	0.787369644950526
HER2ST_manual_controlled	HER2ST_G2_CONTROLLED	HER2ST_G2_CONTROLLED	HER2ST::G	forward	balanced_ot	cost_features_500	multioutput_ridge	1.0	3	identity_no_training	0.0	0	998266e9dd5a48d5b37d43d44552ce5d1d17addf0a38d386e656d0ac16cc7be1	257	0	65		0.8461538461538461	0.9846153846153847	0.9846153846153847	0.9067399267399268	1.0	0.9846153846153847	0.4107730864760213
HER2ST_manual_controlled	HER2ST_G2_CONTROLLED	HER2ST_G2_CONTROLLED	HER2ST::G	forward	balanced_ot	cost_features_500	multioutput_ridge	1.0	3	all_top1	1.0	0	998266e9dd5a48d5b37d43d44552ce5d1d17addf0a38d386e656d0ac16cc7be1	257	257	65	0.6809338521400778	0.0	0.03076923076923077	0.06153846153846154	0.03659605792819749	59.0	0.8153846153846154	0.811156930923183
HER2ST_manual_controlled	HER2ST_G2_CONTROLLED	HER2ST_G2_CONTROLLED	HER2ST::G	forward	balanced_ot	cost_features_500	multioutput_ridge	1.0	3	max_probability_gate	0.8	0	998266e9dd5a48d5b37d43d44552ce5d1d17addf0a38d386e656d0ac16cc7be1	257	206	65	0.6796116504854369	0.0	0.015384615384615385	0.07692307692307693	0.03118208199516317	58.0	0.9384615384615385	0.8078793702639082
HER2ST_manual_controlled	HER2ST_G2_CONTROLLED	HER2ST_G2_CONTROLLED	HER2ST::G	forward	balanced_ot	cost_features_500	multioutput_ridge	1.0	3	top2_margin_gate	0.8	0	998266e9dd5a48d5b37d43d44552ce5d1d17addf0a38d386e656d0ac16cc7be1	257	206	65	0.8058252427184466	0.0	0.03076923076923077	0.06153846153846154	0.030978256365755723	66.0	0.8307692307692308	0.8102022168961525
HER2ST_manual_controlled	HER2ST_G2_CONTROLLED	HER2ST_G2_CONTROLLED	HER2ST::G	forward	balanced_ot	cost_features_500	multioutput_ridge	1.0	3	oracle_truth	0.8	0	998266e9dd5a48d5b37d43d44552ce5d1d17addf0a38d386e656d0ac16cc7be1	257	206	65	1.0	0.0	0.015384615384615385	0.07692307692307693	0.03295521656898243	64.0	0.2923076923076923	0.8144533760501377
HER2ST_manual_controlled	HER2ST_G2_CONTROLLED	HER2ST_G2_CONTROLLED	HER2ST::G	forward	balanced_ot	cost_features_500	multioutput_ridge	1.0	3	random_gate	0.8	0	998266e9dd5a48d5b37d43d44552ce5d1d17addf0a38d386e656d0ac16cc7be1	257	206	65	0.6893203883495146	0.0	0.03076923076923077	0.09230769230769231	0.034980127897980495	64.0	0.8615384615384616	0.8110518930558887
HER2ST_manual_controlled	HER2ST_G2_CONTROLLED	HER2ST_G2_CONTROLLED	HER2ST::G	forward	balanced_ot	cost_features_500	multioutput_ridge	1.0	3	random_gate	0.8	1	998266e9dd5a48d5b37d43d44552ce5d1d17addf0a38d386e656d0ac16cc7be1	257	206	65	0.6747572815533981	0.0	0.03076923076923077	0.046153846153846156	0.03484843090706288	57.0	0.8923076923076924	0.8115275435425465
HER2ST_manual_controlled	HER2ST_G2_CONTROLLED	HER2ST_G2_CONTROLLED	HER2ST::G	forward	balanced_ot	cost_features_500	multioutput_ridge	1.0	3	random_gate	0.8	2	998266e9dd5a48d5b37d43d44552ce5d1d17addf0a38d386e656d0ac16cc7be1	257	206	65	0.6796116504854369	0.0	0.03076923076923077	0.09230769230769231	0.032310207208914435	60.0	0.8769230769230769	0.8106649858491153
HER2ST_manual_controlled	HER2ST_G2_CONTROLLED	HER2ST_G2_CONTROLLED	HER2ST::G	forward	balanced_ot	cost_features_500	multioutput_ridge	1.0	3	random_gate	0.8	3	998266e9dd5a48d5b37d43d44552ce5d1d17addf0a38d386e656d0ac16cc7be1	257	206	65	0.6747572815533981	0.0	0.03076923076923077	0.09230769230769231	0.03251985195608308	71.0	0.8461538461538461	0.8111976381437564
HER2ST_manual_controlled	HER2ST_G2_CONTROLLED	HER2ST_G2_CONTROLLED	HER2ST::G	forward	balanced_ot	cost_features_500	multioutput_ridge	1.0	3	random_gate	0.8	4	998266e9dd5a48d5b37d43d44552ce5d1d17addf0a38d386e656d0ac16cc7be1	257	206	65	0.6747572815533981	0.0	0.03076923076923077	0.07692307692307693	0.032083400597449116	63.0	0.8923076923076924	0.8105393849403624
HER2ST_manual_controlled	HER2ST_G2_CONTROLLED	HER2ST_G2_CONTROLLED	HER2ST::G	forward	balanced_ot	cost_features_500	multioutput_ridge	1.0	4	identity_no_training	0.0	0	998266e9dd5a48d5b37d43d44552ce5d1d17addf0a38d386e656d0ac16cc7be1	250	0	72		0.875	0.9583333333333334	0.9722222222222222	0.9184854497354498	1.0	0.9444444444444444	0.41957193627188166
HER2ST_manual_controlled	HER2ST_G2_CONTROLLED	HER2ST_G2_CONTROLLED	HER2ST::G	forward	balanced_ot	cost_features_500	multioutput_ridge	1.0	4	all_top1	1.0	0	998266e9dd5a48d5b37d43d44552ce5d1d17addf0a38d386e656d0ac16cc7be1	250	250	72	0.744	0.013888888888888888	0.027777777777777776	0.027777777777777776	0.029767253931780296	110.5	0.3611111111111111	0.8005813468974979
HER2ST_manual_controlled	HER2ST_G2_CONTROLLED	HER2ST_G2_CONTROLLED	HER2ST::G	forward	balanced_ot	cost_features_500	multioutput_ridge	1.0	4	max_probability_gate	0.8	0	998266e9dd5a48d5b37d43d44552ce5d1d17addf0a38d386e656d0ac16cc7be1	250	200	72	0.73	0.013888888888888888	0.013888888888888888	0.027777777777777776	0.02748909489189317	117.5	0.4166666666666667	0.798552156876419
HER2ST_manual_controlled	HER2ST_G2_CONTROLLED	HER2ST_G2_CONTROLLED	HER2ST::G	forward	balanced_ot	cost_features_500	multioutput_ridge	1.0	4	top2_margin_gate	0.8	0	998266e9dd5a48d5b37d43d44552ce5d1d17addf0a38d386e656d0ac16cc7be1	250	200	72	0.865	0.013888888888888888	0.013888888888888888	0.041666666666666664	0.02946692662339259	109.5	0.375	0.800274108145737
HER2ST_manual_controlled	HER2ST_G2_CONTROLLED	HER2ST_G2_CONTROLLED	HER2ST::G	forward	balanced_ot	cost_features_500	multioutput_ridge	1.0	4	oracle_truth	0.8	0	998266e9dd5a48d5b37d43d44552ce5d1d17addf0a38d386e656d0ac16cc7be1	250	200	72	1.0	0.0	0.013888888888888888	0.013888888888888888	0.01737563153242179	109.5	0.3055555555555556	0.8039407467019826
HER2ST_manual_controlled	HER2ST_G2_CONTROLLED	HER2ST_G2_CONTROLLED	HER2ST::G	forward	balanced_ot	cost_features_500	multioutput_ridge	1.0	4	random_gate	0.8	0	998266e9dd5a48d5b37d43d44552ce5d1d17addf0a38d386e656d0ac16cc7be1	250	200	72	0.74	0.013888888888888888	0.013888888888888888	0.027777777777777776	0.02733853691537584	119.5	0.375	0.8002421974544175
HER2ST_manual_controlled	HER2ST_G2_CONTROLLED	HER2ST_G2_CONTROLLED	HER2ST::G	forward	balanced_ot	cost_features_500	multioutput_ridge	1.0	4	random_gate	0.8	1	998266e9dd5a48d5b37d43d44552ce5d1d17addf0a38d386e656d0ac16cc7be1	250	200	72	0.73	0.013888888888888888	0.013888888888888888	0.027777777777777776	0.027070147290468725	120.5	0.3194444444444444	0.8000010813295846
HER2ST_manual_controlled	HER2ST_G2_CONTROLLED	HER2ST_G2_CONTROLLED	HER2ST::G	forward	balanced_ot	cost_features_500	multioutput_ridge	1.0	4	random_gate	0.8	2	998266e9dd5a48d5b37d43d44552ce5d1d17addf0a38d386e656d0ac16cc7be1	250	200	72	0.735	0.013888888888888888	0.013888888888888888	0.027777777777777776	0.027782924453736646	118.5	0.25	0.8001758077520401
HER2ST_manual_controlled	HER2ST_G2_CONTROLLED	HER2ST_G2_CONTROLLED	HER2ST::G	forward	balanced_ot	cost_features_500	multioutput_ridge	1.0	4	random_gate	0.8	3	998266e9dd5a48d5b37d43d44552ce5d1d17addf0a38d386e656d0ac16cc7be1	250	200	72	0.765	0.013888888888888888	0.027777777777777776	0.041666666666666664	0.029700231067886575	112.5	0.3333333333333333	0.8009977995189136
HER2ST_manual_controlled	HER2ST_G2_CONTROLLED	HER2ST_G2_CONTROLLED	HER2ST::G	forward	balanced_ot	cost_features_500	multioutput_ridge	1.0	4	random_gate	0.8	4	998266e9dd5a48d5b37d43d44552ce5d1d17addf0a38d386e656d0ac16cc7be1	250	200	72	0.765	0.013888888888888888	0.027777777777777776	0.027777777777777776	0.02924270408327205	116.0	0.3888888888888889	0.8006888593973063
HER2ST_manual_controlled	HER2ST_G2_CONTROLLED	HER2ST_G2_CONTROLLED	HER2ST::G	forward	uot	cost_features_500	multioutput_ridge	1.0	0	identity_no_training	0.0	0	998266e9dd5a48d5b37d43d44552ce5d1d17addf0a38d386e656d0ac16cc7be1	265	0	57		0.9122807017543859	0.9649122807017544	0.9824561403508771	0.941812865497076	1.0	0.9298245614035088	0.4243612168590323
HER2ST_manual_controlled	HER2ST_G2_CONTROLLED	HER2ST_G2_CONTROLLED	HER2ST::G	forward	uot	cost_features_500	multioutput_ridge	1.0	0	all_top1	1.0	0	998266e9dd5a48d5b37d43d44552ce5d1d17addf0a38d386e656d0ac16cc7be1	265	265	57	0.8037735849056604	0.03508771929824561	0.05263157894736842	0.10526315789473684	0.06452234214802852	76.0	0.2631578947368421	0.8066462174167578
HER2ST_manual_controlled	HER2ST_G2_CONTROLLED	HER2ST_G2_CONTROLLED	HER2ST::G	forward	uot	cost_features_500	multioutput_ridge	1.0	0	max_probability_gate	0.8	0	998266e9dd5a48d5b37d43d44552ce5d1d17addf0a38d386e656d0ac16cc7be1	265	212	57	0.7830188679245284	0.017543859649122806	0.03508771929824561	0.07017543859649122	0.04329811782999275	86.0	0.017543859649122806	0.8027819415259589
HER2ST_manual_controlled	HER2ST_G2_CONTROLLED	HER2ST_G2_CONTROLLED	HER2ST::G	forward	uot	cost_features_500	multioutput_ridge	1.0	0	top2_margin_gate	0.8	0	998266e9dd5a48d5b37d43d44552ce5d1d17addf0a38d386e656d0ac16cc7be1	265	212	57	0.9292452830188679	0.017543859649122806	0.03508771929824561	0.08771929824561403	0.05137072511932319	68.0	0.10526315789473684	0.8065086195738795
HER2ST_manual_controlled	HER2ST_G2_CONTROLLED	HER2ST_G2_CONTROLLED	HER2ST::G	forward	uot	cost_features_500	multioutput_ridge	1.0	0	oracle_truth	0.8	0	998266e9dd5a48d5b37d43d44552ce5d1d17addf0a38d386e656d0ac16cc7be1	265	212	57	1.0	0.03508771929824561	0.05263157894736842	0.10526315789473684	0.06586753042301241	65.0	0.3333333333333333	0.8076170493270458
HER2ST_manual_controlled	HER2ST_G2_CONTROLLED	HER2ST_G2_CONTROLLED	HER2ST::G	forward	uot	cost_features_500	multioutput_ridge	1.0	0	random_gate	0.8	0	998266e9dd5a48d5b37d43d44552ce5d1d17addf0a38d386e656d0ac16cc7be1	265	212	57	0.8018867924528302	0.017543859649122806	0.03508771929824561	0.12280701754385964	0.054397001650442436	68.0	0.24561403508771928	0.8069180069783111
HER2ST_manual_controlled	HER2ST_G2_CONTROLLED	HER2ST_G2_CONTROLLED	HER2ST::G	forward	uot	cost_features_500	multioutput_ridge	1.0	0	random_gate	0.8	1	998266e9dd5a48d5b37d43d44552ce5d1d17addf0a38d386e656d0ac16cc7be1	265	212	57	0.8207547169811321	0.017543859649122806	0.03508771929824561	0.07017543859649122	0.04960114294223172	85.0	0.2807017543859649	0.8054668853186524
HER2ST_manual_controlled	HER2ST_G2_CONTROLLED	HER2ST_G2_CONTROLLED	HER2ST::G	forward	uot	cost_features_500	multioutput_ridge	1.0	0	random_gate	0.8	2	998266e9dd5a48d5b37d43d44552ce5d1d17addf0a38d386e656d0ac16cc7be1	265	212	57	0.7830188679245284	0.017543859649122806	0.05263157894736842	0.08771929824561403	0.05279408472965587	79.0	0.2631578947368421	0.8058594080639082
HER2ST_manual_controlled	HER2ST_G2_CONTROLLED	HER2ST_G2_CONTROLLED	HER2ST::G	forward	uot	cost_features_500	multioutput_ridge	1.0	0	random_gate	0.8	3	998266e9dd5a48d5b37d43d44552ce5d1d17addf0a38d386e656d0ac16cc7be1	265	212	57	0.7924528301886793	0.017543859649122806	0.03508771929824561	0.10526315789473684	0.049558772334590655	68.0	0.24561403508771928	0.8060653514210856
HER2ST_manual_controlled	HER2ST_G2_CONTROLLED	HER2ST_G2_CONTROLLED	HER2ST::G	forward	uot	cost_features_500	multioutput_ridge	1.0	0	random_gate	0.8	4	998266e9dd5a48d5b37d43d44552ce5d1d17addf0a38d386e656d0ac16cc7be1	265	212	57	0.8160377358490566	0.017543859649122806	0.05263157894736842	0.08771929824561403	0.04900724087025918	75.0	0.24561403508771928	0.8064339394869317
HER2ST_manual_controlled	HER2ST_G2_CONTROLLED	HER2ST_G2_CONTROLLED	HER2ST::G	forward	uot	cost_features_500	multioutput_ridge	1.0	1	identity_no_training	0.0	0	998266e9dd5a48d5b37d43d44552ce5d1d17addf0a38d386e656d0ac16cc7be1	248	0	74		0.9864864864864865	1.0	1.0	0.9891891891891892	1.0	1.0	0.42045312586442285
HER2ST_manual_controlled	HER2ST_G2_CONTROLLED	HER2ST_G2_CONTROLLED	HER2ST::G	forward	uot	cost_features_500	multioutput_ridge	1.0	1	all_top1	1.0	0	998266e9dd5a48d5b37d43d44552ce5d1d17addf0a38d386e656d0ac16cc7be1	248	248	74	0.6733870967741935	0.0	0.0	0.02702702702702703	0.015287524116304263	126.0	0.20270270270270271	0.7954656398128584
HER2ST_manual_controlled	HER2ST_G2_CONTROLLED	HER2ST_G2_CONTROLLED	HER2ST::G	forward	uot	cost_features_500	multioutput_ridge	1.0	1	max_probability_gate	0.8	0	998266e9dd5a48d5b37d43d44552ce5d1d17addf0a38d386e656d0ac16cc7be1	248	199	74	0.6482412060301508	0.0	0.0	0.02702702702702703	0.014298203502495173	142.5	0.1891891891891892	0.7943295560457847
HER2ST_manual_controlled	HER2ST_G2_CONTROLLED	HER2ST_G2_CONTROLLED	HER2ST::G	forward	uot	cost_features_500	multioutput_ridge	1.0	1	top2_margin_gate	0.8	0	998266e9dd5a48d5b37d43d44552ce5d1d17addf0a38d386e656d0ac16cc7be1	248	199	74	0.7839195979899497	0.0	0.0	0.013513513513513514	0.014456914343137546	141.5	0.20270270270270271	0.7959764876964267
HER2ST_manual_controlled	HER2ST_G2_CONTROLLED	HER2ST_G2_CONTROLLED	HER2ST::G	forward	uot	cost_features_500	multioutput_ridge	1.0	1	oracle_truth	0.8	0	998266e9dd5a48d5b37d43d44552ce5d1d17addf0a38d386e656d0ac16cc7be1	248	199	74	1.0	0.0	0.0	0.02702702702702703	0.015698008595006016	135.0	0.22972972972972974	0.797129015356295
HER2ST_manual_controlled	HER2ST_G2_CONTROLLED	HER2ST_G2_CONTROLLED	HER2ST::G	forward	uot	cost_features_500	multioutput_ridge	1.0	1	random_gate	0.8	0	998266e9dd5a48d5b37d43d44552ce5d1d17addf0a38d386e656d0ac16cc7be1	248	199	74	0.6633165829145728	0.0	0.0	0.013513513513513514	0.012874343594917709	147.5	0.17567567567567569	0.7953772463379699
HER2ST_manual_controlled	HER2ST_G2_CONTROLLED	HER2ST_G2_CONTROLLED	HER2ST::G	forward	uot	cost_features_500	multioutput_ridge	1.0	1	random_gate	0.8	1	998266e9dd5a48d5b37d43d44552ce5d1d17addf0a38d386e656d0ac16cc7be1	248	199	74	0.6984924623115578	0.0	0.0	0.013513513513513514	0.013758659423521646	143.0	0.1891891891891892	0.7951693037010465
HER2ST_manual_controlled	HER2ST_G2_CONTROLLED	HER2ST_G2_CONTROLLED	HER2ST::G	forward	uot	cost_features_500	multioutput_ridge	1.0	1	random_gate	0.8	2	998266e9dd5a48d5b37d43d44552ce5d1d17addf0a38d386e656d0ac16cc7be1	248	199	74	0.6884422110552764	0.0	0.0	0.0	0.012892689435852069	134.5	0.1891891891891892	0.7951441886142223
HER2ST_manual_controlled	HER2ST_G2_CONTROLLED	HER2ST_G2_CONTROLLED	HER2ST::G	forward	uot	cost_features_500	multioutput_ridge	1.0	1	random_gate	0.8	3	998266e9dd5a48d5b37d43d44552ce5d1d17addf0a38d386e656d0ac16cc7be1	248	199	74	0.678391959798995	0.0	0.0	0.0	0.01241071874036771	143.5	0.17567567567567569	0.7945031034568107
HER2ST_manual_controlled	HER2ST_G2_CONTROLLED	HER2ST_G2_CONTROLLED	HER2ST::G	forward	uot	cost_features_500	multioutput_ridge	1.0	1	random_gate	0.8	4	998266e9dd5a48d5b37d43d44552ce5d1d17addf0a38d386e656d0ac16cc7be1	248	199	74	0.6633165829145728	0.0	0.0	0.02702702702702703	0.013756891261377802	143.5	0.13513513513513514	0.7946921664495398
HER2ST_manual_controlled	HER2ST_G2_CONTROLLED	HER2ST_G2_CONTROLLED	HER2ST::G	forward	uot	cost_features_500	multioutput_ridge	1.0	2	identity_no_training	0.0	0	998266e9dd5a48d5b37d43d44552ce5d1d17addf0a38d386e656d0ac16cc7be1	268	0	54		0.9814814814814815	1.0	1.0	0.9876543209876543	1.0	0.9814814814814815	0.41931671252613534
HER2ST_manual_controlled	HER2ST_G2_CONTROLLED	HER2ST_G2_CONTROLLED	HER2ST::G	forward	uot	cost_features_500	multioutput_ridge	1.0	2	all_top1	1.0	0	998266e9dd5a48d5b37d43d44552ce5d1d17addf0a38d386e656d0ac16cc7be1	268	268	54	0.7052238805970149	0.0	0.0	0.037037037037037035	0.018181126929103127	181.5	0.2222222222222222	0.7891401404385922
HER2ST_manual_controlled	HER2ST_G2_CONTROLLED	HER2ST_G2_CONTROLLED	HER2ST::G	forward	uot	cost_features_500	multioutput_ridge	1.0	2	max_probability_gate	0.8	0	998266e9dd5a48d5b37d43d44552ce5d1d17addf0a38d386e656d0ac16cc7be1	268	215	54	0.7069767441860465	0.0	0.0	0.018518518518518517	0.01607618643140886	196.0	0.24074074074074073	0.7884214554676292
HER2ST_manual_controlled	HER2ST_G2_CONTROLLED	HER2ST_G2_CONTROLLED	HER2ST::G	forward	uot	cost_features_500	multioutput_ridge	1.0	2	top2_margin_gate	0.8	0	998266e9dd5a48d5b37d43d44552ce5d1d17addf0a38d386e656d0ac16cc7be1	268	215	54	0.8232558139534883	0.0	0.0	0.037037037037037035	0.018239230357795757	192.0	0.16666666666666666	0.7904182132196664
HER2ST_manual_controlled	HER2ST_G2_CONTROLLED	HER2ST_G2_CONTROLLED	HER2ST::G	forward	uot	cost_features_500	multioutput_ridge	1.0	2	oracle_truth	0.8	0	998266e9dd5a48d5b37d43d44552ce5d1d17addf0a38d386e656d0ac16cc7be1	268	215	54	1.0	0.0	0.018518518518518517	0.05555555555555555	0.022145082047425158	177.0	0.05555555555555555	0.7918985439786189
HER2ST_manual_controlled	HER2ST_G2_CONTROLLED	HER2ST_G2_CONTROLLED	HER2ST::G	forward	uot	cost_features_500	multioutput_ridge	1.0	2	random_gate	0.8	0	998266e9dd5a48d5b37d43d44552ce5d1d17addf0a38d386e656d0ac16cc7be1	268	215	54	0.6883720930232559	0.0	0.0	0.037037037037037035	0.016901174318677256	194.5	0.18518518518518517	0.7886657030928587
HER2ST_manual_controlled	HER2ST_G2_CONTROLLED	HER2ST_G2_CONTROLLED	HER2ST::G	forward	uot	cost_features_500	multioutput_ridge	1.0	2	random_gate	0.8	1	998266e9dd5a48d5b37d43d44552ce5d1d17addf0a38d386e656d0ac16cc7be1	268	215	54	0.7023255813953488	0.0	0.0	0.037037037037037035	0.01612867132021966	192.5	0.18518518518518517	0.7885515889206419
HER2ST_manual_controlled	HER2ST_G2_CONTROLLED	HER2ST_G2_CONTROLLED	HER2ST::G	forward	uot	cost_features_500	multioutput_ridge	1.0	2	random_gate	0.8	2	998266e9dd5a48d5b37d43d44552ce5d1d17addf0a38d386e656d0ac16cc7be1	268	215	54	0.7255813953488373	0.0	0.0	0.037037037037037035	0.015954213485155692	193.5	0.1111111111111111	0.7887468296620173
HER2ST_manual_controlled	HER2ST_G2_CONTROLLED	HER2ST_G2_CONTROLLED	HER2ST::G	forward	uot	cost_features_500	multioutput_ridge	1.0	2	random_gate	0.8	3	998266e9dd5a48d5b37d43d44552ce5d1d17addf0a38d386e656d0ac16cc7be1	268	215	54	0.7023255813953488	0.0	0.0	0.037037037037037035	0.016527437284928996	192.5	0.14814814814814814	0.7883884714531222
HER2ST_manual_controlled	HER2ST_G2_CONTROLLED	HER2ST_G2_CONTROLLED	HER2ST::G	forward	uot	cost_features_500	multioutput_ridge	1.0	2	random_gate	0.8	4	998266e9dd5a48d5b37d43d44552ce5d1d17addf0a38d386e656d0ac16cc7be1	268	215	54	0.7023255813953488	0.0	0.0	0.05555555555555555	0.018305625914134926	190.5	0.2222222222222222	0.7892586746494902
HER2ST_manual_controlled	HER2ST_G2_CONTROLLED	HER2ST_G2_CONTROLLED	HER2ST::G	forward	uot	cost_features_500	multioutput_ridge	1.0	3	identity_no_training	0.0	0	998266e9dd5a48d5b37d43d44552ce5d1d17addf0a38d386e656d0ac16cc7be1	257	0	65		0.8461538461538461	0.9846153846153847	0.9846153846153847	0.9067399267399268	1.0	0.9846153846153847	0.4107730864760213
HER2ST_manual_controlled	HER2ST_G2_CONTROLLED	HER2ST_G2_CONTROLLED	HER2ST::G	forward	uot	cost_features_500	multioutput_ridge	1.0	3	all_top1	1.0	0	998266e9dd5a48d5b37d43d44552ce5d1d17addf0a38d386e656d0ac16cc7be1	257	257	65	0.7587548638132295	0.0	0.046153846153846156	0.07692307692307693	0.03867270701317591	59.0	0.47692307692307695	0.8129020987782181
HER2ST_manual_controlled	HER2ST_G2_CONTROLLED	HER2ST_G2_CONTROLLED	HER2ST::G	forward	uot	cost_features_500	multioutput_ridge	1.0	3	max_probability_gate	0.8	0	998266e9dd5a48d5b37d43d44552ce5d1d17addf0a38d386e656d0ac16cc7be1	257	206	65	0.7524271844660194	0.0	0.046153846153846156	0.1076923076923077	0.03595605585708258	59.0	0.7230769230769231	0.8104863638365472
HER2ST_manual_controlled	HER2ST_G2_CONTROLLED	HER2ST_G2_CONTROLLED	HER2ST::G	forward	uot	cost_features_500	multioutput_ridge	1.0	3	top2_margin_gate	0.8	0	998266e9dd5a48d5b37d43d44552ce5d1d17addf0a38d386e656d0ac16cc7be1	257	206	65	0.8883495145631068	0.0	0.046153846153846156	0.06153846153846154	0.04098264803550497	70.0	0.6615384615384615	0.8126733014087829
HER2ST_manual_controlled	HER2ST_G2_CONTROLLED	HER2ST_G2_CONTROLLED	HER2ST::G	forward	uot	cost_features_500	multioutput_ridge	1.0	3	oracle_truth	0.8	0	998266e9dd5a48d5b37d43d44552ce5d1d17addf0a38d386e656d0ac16cc7be1	257	206	65	1.0	0.0	0.015384615384615385	0.07692307692307693	0.03019889906290921	61.0	0.46153846153846156	0.814115201485534
HER2ST_manual_controlled	HER2ST_G2_CONTROLLED	HER2ST_G2_CONTROLLED	HER2ST::G	forward	uot	cost_features_500	multioutput_ridge	1.0	3	random_gate	0.8	0	998266e9dd5a48d5b37d43d44552ce5d1d17addf0a38d386e656d0ac16cc7be1	257	206	65	0.7378640776699029	0.0	0.03076923076923077	0.09230769230769231	0.03291471751748736	64.0	0.6307692307692307	0.8113554800758705
HER2ST_manual_controlled	HER2ST_G2_CONTROLLED	HER2ST_G2_CONTROLLED	HER2ST::G	forward	uot	cost_features_500	multioutput_ridge	1.0	3	random_gate	0.8	1	998266e9dd5a48d5b37d43d44552ce5d1d17addf0a38d386e656d0ac16cc7be1	257	206	65	0.7621359223300971	0.0	0.03076923076923077	0.1076923076923077	0.03559997932980254	60.0	0.5076923076923077	0.8124752138536803
HER2ST_manual_controlled	HER2ST_G2_CONTROLLED	HER2ST_G2_CONTROLLED	HER2ST::G	forward	uot	cost_features_500	multioutput_ridge	1.0	3	random_gate	0.8	2	998266e9dd5a48d5b37d43d44552ce5d1d17addf0a38d386e656d0ac16cc7be1	257	206	65	0.7330097087378641	0.0	0.03076923076923077	0.06153846153846154	0.03464693939693301	65.0	0.2153846153846154	0.8125015302273434
HER2ST_manual_controlled	HER2ST_G2_CONTROLLED	HER2ST_G2_CONTROLLED	HER2ST::G	forward	uot	cost_features_500	multioutput_ridge	1.0	3	random_gate	0.8	3	998266e9dd5a48d5b37d43d44552ce5d1d17addf0a38d386e656d0ac16cc7be1	257	206	65	0.7475728155339806	0.0	0.03076923076923077	0.06153846153846154	0.0350722885284057	69.0	0.7230769230769231	0.8119038705610578
HER2ST_manual_controlled	HER2ST_G2_CONTROLLED	HER2ST_G2_CONTROLLED	HER2ST::G	forward	uot	cost_features_500	multioutput_ridge	1.0	3	random_gate	0.8	4	998266e9dd5a48d5b37d43d44552ce5d1d17addf0a38d386e656d0ac16cc7be1	257	206	65	0.7572815533980582	0.0	0.03076923076923077	0.09230769230769231	0.03525910952961157	62.0	0.2153846153846154	0.8119368803581334
HER2ST_manual_controlled	HER2ST_G2_CONTROLLED	HER2ST_G2_CONTROLLED	HER2ST::G	forward	uot	cost_features_500	multioutput_ridge	1.0	4	identity_no_training	0.0	0	998266e9dd5a48d5b37d43d44552ce5d1d17addf0a38d386e656d0ac16cc7be1	250	0	72		0.875	0.9583333333333334	0.9722222222222222	0.9184854497354498	1.0	0.9444444444444444	0.41957193627188166
HER2ST_manual_controlled	HER2ST_G2_CONTROLLED	HER2ST_G2_CONTROLLED	HER2ST::G	forward	uot	cost_features_500	multioutput_ridge	1.0	4	all_top1	1.0	0	998266e9dd5a48d5b37d43d44552ce5d1d17addf0a38d386e656d0ac16cc7be1	250	250	72	0.8	0.0	0.027777777777777776	0.041666666666666664	0.023286361030142116	105.0	0.3194444444444444	0.8016104918229533
HER2ST_manual_controlled	HER2ST_G2_CONTROLLED	HER2ST_G2_CONTROLLED	HER2ST::G	forward	uot	cost_features_500	multioutput_ridge	1.0	4	max_probability_gate	0.8	0	998266e9dd5a48d5b37d43d44552ce5d1d17addf0a38d386e656d0ac16cc7be1	250	200	72	0.795	0.0	0.027777777777777776	0.027777777777777776	0.021995650664251812	112.0	0.4583333333333333	0.7997019993065815
HER2ST_manual_controlled	HER2ST_G2_CONTROLLED	HER2ST_G2_CONTROLLED	HER2ST::G	forward	uot	cost_features_500	multioutput_ridge	1.0	4	top2_margin_gate	0.8	0	998266e9dd5a48d5b37d43d44552ce5d1d17addf0a38d386e656d0ac16cc7be1	250	200	72	0.93	0.0	0.013888888888888888	0.041666666666666664	0.01850002508877241	105.5	0.2916666666666667	0.8028522723908453
HER2ST_manual_controlled	HER2ST_G2_CONTROLLED	HER2ST_G2_CONTROLLED	HER2ST::G	forward	uot	cost_features_500	multioutput_ridge	1.0	4	oracle_truth	0.8	0	998266e9dd5a48d5b37d43d44552ce5d1d17addf0a38d386e656d0ac16cc7be1	250	200	72	1.0	0.0	0.013888888888888888	0.013888888888888888	0.01587550843600563	107.5	0.25	0.8039021398639365
HER2ST_manual_controlled	HER2ST_G2_CONTROLLED	HER2ST_G2_CONTROLLED	HER2ST::G	forward	uot	cost_features_500	multioutput_ridge	1.0	4	random_gate	0.8	0	998266e9dd5a48d5b37d43d44552ce5d1d17addf0a38d386e656d0ac16cc7be1	250	200	72	0.795	0.0	0.013888888888888888	0.027777777777777776	0.01912984650514314	110.5	0.2222222222222222	0.8013175065610788
HER2ST_manual_controlled	HER2ST_G2_CONTROLLED	HER2ST_G2_CONTROLLED	HER2ST::G	forward	uot	cost_features_500	multioutput_ridge	1.0	4	random_gate	0.8	1	998266e9dd5a48d5b37d43d44552ce5d1d17addf0a38d386e656d0ac16cc7be1	250	200	72	0.81	0.0	0.013888888888888888	0.027777777777777776	0.02090393848700713	119.0	0.2361111111111111	0.8015140268041784
HER2ST_manual_controlled	HER2ST_G2_CONTROLLED	HER2ST_G2_CONTROLLED	HER2ST::G	forward	uot	cost_features_500	multioutput_ridge	1.0	4	random_gate	0.8	2	998266e9dd5a48d5b37d43d44552ce5d1d17addf0a38d386e656d0ac16cc7be1	250	200	72	0.81	0.0	0.027777777777777776	0.027777777777777776	0.022533912590156684	113.5	0.18055555555555555	0.8015701114805552
HER2ST_manual_controlled	HER2ST_G2_CONTROLLED	HER2ST_G2_CONTROLLED	HER2ST::G	forward	uot	cost_features_500	multioutput_ridge	1.0	4	random_gate	0.8	3	998266e9dd5a48d5b37d43d44552ce5d1d17addf0a38d386e656d0ac16cc7be1	250	200	72	0.81	0.013888888888888888	0.027777777777777776	0.027777777777777776	0.02856677003528792	113.5	0.25	0.8016125751619284
HER2ST_manual_controlled	HER2ST_G2_CONTROLLED	HER2ST_G2_CONTROLLED	HER2ST::G	forward	uot	cost_features_500	multioutput_ridge	1.0	4	random_gate	0.8	4	998266e9dd5a48d5b37d43d44552ce5d1d17addf0a38d386e656d0ac16cc7be1	250	200	72	0.805	0.0	0.027777777777777776	0.027777777777777776	0.019147603368200913	121.0	0.20833333333333334	0.8011226385067799
HER2ST_manual_controlled	HER2ST_G2_CONTROLLED	HER2ST_G2_CONTROLLED	HER2ST::G	forward	row_softmax	cost_features_500	multioutput_ridge	1.0	0	identity_no_training	0.0	0	998266e9dd5a48d5b37d43d44552ce5d1d17addf0a38d386e656d0ac16cc7be1	265	0	57		0.9122807017543859	0.9649122807017544	0.9824561403508771	0.941812865497076	1.0	0.9298245614035088	0.4243612168590323
HER2ST_manual_controlled	HER2ST_G2_CONTROLLED	HER2ST_G2_CONTROLLED	HER2ST::G	forward	row_softmax	cost_features_500	multioutput_ridge	1.0	0	all_top1	1.0	0	998266e9dd5a48d5b37d43d44552ce5d1d17addf0a38d386e656d0ac16cc7be1	265	265	57	0.7471698113207547	0.0	0.03508771929824561	0.07017543859649122	0.04200439938980699	73.0	0.05263157894736842	0.8059616840922661
HER2ST_manual_controlled	HER2ST_G2_CONTROLLED	HER2ST_G2_CONTROLLED	HER2ST::G	forward	row_softmax	cost_features_500	multioutput_ridge	1.0	0	max_probability_gate	0.8	0	998266e9dd5a48d5b37d43d44552ce5d1d17addf0a38d386e656d0ac16cc7be1	265	212	57	0.7216981132075472	0.0	0.03508771929824561	0.07017543859649122	0.03699162588289795	84.0	0.03508771929824561	0.8037793235334982
HER2ST_manual_controlled	HER2ST_G2_CONTROLLED	HER2ST_G2_CONTROLLED	HER2ST::G	forward	row_softmax	cost_features_500	multioutput_ridge	1.0	0	top2_margin_gate	0.8	0	998266e9dd5a48d5b37d43d44552ce5d1d17addf0a38d386e656d0ac16cc7be1	265	212	57	0.8537735849056604	0.0	0.05263157894736842	0.07017543859649122	0.04311421355216404	75.0	0.017543859649122806	0.806483016406731
HER2ST_manual_controlled	HER2ST_G2_CONTROLLED	HER2ST_G2_CONTROLLED	HER2ST::G	forward	row_softmax	cost_features_500	multioutput_ridge	1.0	0	oracle_truth	0.8	0	998266e9dd5a48d5b37d43d44552ce5d1d17addf0a38d386e656d0ac16cc7be1	265	212	57	1.0	0.017543859649122806	0.05263157894736842	0.10526315789473684	0.05692094611550425	64.0	0.24561403508771928	0.8077370228389588
HER2ST_manual_controlled	HER2ST_G2_CONTROLLED	HER2ST_G2_CONTROLLED	HER2ST::G	forward	row_softmax	cost_features_500	multioutput_ridge	1.0	0	random_gate	0.8	0	998266e9dd5a48d5b37d43d44552ce5d1d17addf0a38d386e656d0ac16cc7be1	265	212	57	0.7547169811320755	0.0	0.03508771929824561	0.07017543859649122	0.03489594080437272	76.0	0.03508771929824561	0.8055960263830437
HER2ST_manual_controlled	HER2ST_G2_CONTROLLED	HER2ST_G2_CONTROLLED	HER2ST::G	forward	row_softmax	cost_features_500	multioutput_ridge	1.0	0	random_gate	0.8	1	998266e9dd5a48d5b37d43d44552ce5d1d17addf0a38d386e656d0ac16cc7be1	265	212	57	0.7547169811320755	0.0	0.03508771929824561	0.07017543859649122	0.03394669851254684	79.0	0.0	0.8045734524504362
HER2ST_manual_controlled	HER2ST_G2_CONTROLLED	HER2ST_G2_CONTROLLED	HER2ST::G	forward	row_softmax	cost_features_500	multioutput_ridge	1.0	0	random_gate	0.8	2	998266e9dd5a48d5b37d43d44552ce5d1d17addf0a38d386e656d0ac16cc7be1	265	212	57	0.7358490566037735	0.0	0.03508771929824561	0.07017543859649122	0.03756517587032037	79.0	0.03508771929824561	0.8045301913528344
HER2ST_manual_controlled	HER2ST_G2_CONTROLLED	HER2ST_G2_CONTROLLED	HER2ST::G	forward	row_softmax	cost_features_500	multioutput_ridge	1.0	0	random_gate	0.8	3	998266e9dd5a48d5b37d43d44552ce5d1d17addf0a38d386e656d0ac16cc7be1	265	212	57	0.7358490566037735	0.0	0.03508771929824561	0.07017543859649122	0.03629143716326524	81.0	0.017543859649122806	0.8050520198871935
HER2ST_manual_controlled	HER2ST_G2_CONTROLLED	HER2ST_G2_CONTROLLED	HER2ST::G	forward	row_softmax	cost_features_500	multioutput_ridge	1.0	0	random_gate	0.8	4	998266e9dd5a48d5b37d43d44552ce5d1d17addf0a38d386e656d0ac16cc7be1	265	212	57	0.7358490566037735	0.0	0.05263157894736842	0.07017543859649122	0.035843395821362985	95.0	0.05263157894736842	0.8043393946023654
HER2ST_manual_controlled	HER2ST_G2_CONTROLLED	HER2ST_G2_CONTROLLED	HER2ST::G	forward	row_softmax	cost_features_500	multioutput_ridge	1.0	1	identity_no_training	0.0	0	998266e9dd5a48d5b37d43d44552ce5d1d17addf0a38d386e656d0ac16cc7be1	248	0	74		0.9864864864864865	1.0	1.0	0.9891891891891892	1.0	1.0	0.42045312586442285
HER2ST_manual_controlled	HER2ST_G2_CONTROLLED	HER2ST_G2_CONTROLLED	HER2ST::G	forward	row_softmax	cost_features_500	multioutput_ridge	1.0	1	all_top1	1.0	0	998266e9dd5a48d5b37d43d44552ce5d1d17addf0a38d386e656d0ac16cc7be1	248	248	74	0.657258064516129	0.0	0.0	0.013513513513513514	0.013287704363420694	146.5	0.22972972972972974	0.7947847214830182
HER2ST_manual_controlled	HER2ST_G2_CONTROLLED	HER2ST_G2_CONTROLLED	HER2ST::G	forward	row_softmax	cost_features_500	multioutput_ridge	1.0	1	max_probability_gate	0.8	0	998266e9dd5a48d5b37d43d44552ce5d1d17addf0a38d386e656d0ac16cc7be1	248	199	74	0.6130653266331658	0.0	0.0	0.0	0.011547462285271147	151.5	0.16216216216216217	0.7936001619039275
HER2ST_manual_controlled	HER2ST_G2_CONTROLLED	HER2ST_G2_CONTROLLED	HER2ST::G	forward	row_softmax	cost_features_500	multioutput_ridge	1.0	1	top2_margin_gate	0.8	0	998266e9dd5a48d5b37d43d44552ce5d1d17addf0a38d386e656d0ac16cc7be1	248	199	74	0.7386934673366834	0.0	0.0	0.0	0.01261620325501745	151.5	0.1891891891891892	0.7951652048589831
HER2ST_manual_controlled	HER2ST_G2_CONTROLLED	HER2ST_G2_CONTROLLED	HER2ST::G	forward	row_softmax	cost_features_500	multioutput_ridge	1.0	1	oracle_truth	0.8	0	998266e9dd5a48d5b37d43d44552ce5d1d17addf0a38d386e656d0ac16cc7be1	248	199	74	1.0	0.0	0.0	0.02702702702702703	0.014397418775369326	131.0	0.2702702702702703	0.7965866814292267
HER2ST_manual_controlled	HER2ST_G2_CONTROLLED	HER2ST_G2_CONTROLLED	HER2ST::G	forward	row_softmax	cost_features_500	multioutput_ridge	1.0	1	random_gate	0.8	0	998266e9dd5a48d5b37d43d44552ce5d1d17addf0a38d386e656d0ac16cc7be1	248	199	74	0.6231155778894473	0.0	0.0	0.013513513513513514	0.012240626463385956	163.5	0.16216216216216217	0.7937132996943606
HER2ST_manual_controlled	HER2ST_G2_CONTROLLED	HER2ST_G2_CONTROLLED	HER2ST::G	forward	row_softmax	cost_features_500	multioutput_ridge	1.0	1	random_gate	0.8	1	998266e9dd5a48d5b37d43d44552ce5d1d17addf0a38d386e656d0ac16cc7be1	248	199	74	0.6331658291457286	0.0	0.0	0.02702702702702703	0.01202314211743377	158.0	0.16216216216216217	0.7936062973403741
HER2ST_manual_controlled	HER2ST_G2_CONTROLLED	HER2ST_G2_CONTROLLED	HER2ST::G	forward	row_softmax	cost_features_500	multioutput_ridge	1.0	1	random_gate	0.8	2	998266e9dd5a48d5b37d43d44552ce5d1d17addf0a38d386e656d0ac16cc7be1	248	199	74	0.6582914572864321	0.0	0.0	0.0	0.012309707164649835	156.0	0.13513513513513514	0.7943180237017055
HER2ST_manual_controlled	HER2ST_G2_CONTROLLED	HER2ST_G2_CONTROLLED	HER2ST::G	forward	row_softmax	cost_features_500	multioutput_ridge	1.0	1	random_gate	0.8	3	998266e9dd5a48d5b37d43d44552ce5d1d17addf0a38d386e656d0ac16cc7be1	248	199	74	0.6482412060301508	0.0	0.0	0.013513513513513514	0.011584300756957882	160.5	0.3108108108108108	0.7939344958106427
HER2ST_manual_controlled	HER2ST_G2_CONTROLLED	HER2ST_G2_CONTROLLED	HER2ST::G	forward	row_softmax	cost_features_500	multioutput_ridge	1.0	1	random_gate	0.8	4	998266e9dd5a48d5b37d43d44552ce5d1d17addf0a38d386e656d0ac16cc7be1	248	199	74	0.6532663316582915	0.0	0.0	0.013513513513513514	0.012005123849029282	160.0	0.16216216216216217	0.7939342220210998
HER2ST_manual_controlled	HER2ST_G2_CONTROLLED	HER2ST_G2_CONTROLLED	HER2ST::G	forward	row_softmax	cost_features_500	multioutput_ridge	1.0	2	identity_no_training	0.0	0	998266e9dd5a48d5b37d43d44552ce5d1d17addf0a38d386e656d0ac16cc7be1	268	0	54		0.9814814814814815	1.0	1.0	0.9876543209876543	1.0	0.9814814814814815	0.41931671252613534
HER2ST_manual_controlled	HER2ST_G2_CONTROLLED	HER2ST_G2_CONTROLLED	HER2ST::G	forward	row_softmax	cost_features_500	multioutput_ridge	1.0	2	all_top1	1.0	0	998266e9dd5a48d5b37d43d44552ce5d1d17addf0a38d386e656d0ac16cc7be1	268	268	54	0.6828358208955224	0.0	0.018518518518518517	0.037037037037037035	0.019413982747717745	176.0	0.1111111111111111	0.7877554948639672
HER2ST_manual_controlled	HER2ST_G2_CONTROLLED	HER2ST_G2_CONTROLLED	HER2ST::G	forward	row_softmax	cost_features_500	multioutput_ridge	1.0	2	max_probability_gate	0.8	0	998266e9dd5a48d5b37d43d44552ce5d1d17addf0a38d386e656d0ac16cc7be1	268	215	54	0.6744186046511628	0.0	0.0	0.05555555555555555	0.017227545411850165	187.5	0.07407407407407407	0.7871507238619337
HER2ST_manual_controlled	HER2ST_G2_CONTROLLED	HER2ST_G2_CONTROLLED	HER2ST::G	forward	row_softmax	cost_features_500	multioutput_ridge	1.0	2	top2_margin_gate	0.8	0	998266e9dd5a48d5b37d43d44552ce5d1d17addf0a38d386e656d0ac16cc7be1	268	215	54	0.7674418604651163	0.0	0.018518518518518517	0.05555555555555555	0.02006674787464507	184.5	0.037037037037037035	0.7885527411728056
HER2ST_manual_controlled	HER2ST_G2_CONTROLLED	HER2ST_G2_CONTROLLED	HER2ST::G	forward	row_softmax	cost_features_500	multioutput_ridge	1.0	2	oracle_truth	0.8	0	998266e9dd5a48d5b37d43d44552ce5d1d17addf0a38d386e656d0ac16cc7be1	268	215	54	1.0	0.0	0.018518518518518517	0.05555555555555555	0.023531764362584768	177.5	0.18518518518518517	0.7918627556765462
HER2ST_manual_controlled	HER2ST_G2_CONTROLLED	HER2ST_G2_CONTROLLED	HER2ST::G	forward	row_softmax	cost_features_500	multioutput_ridge	1.0	2	random_gate	0.8	0	998266e9dd5a48d5b37d43d44552ce5d1d17addf0a38d386e656d0ac16cc7be1	268	215	54	0.6744186046511628	0.0	0.0	0.05555555555555555	0.017569241293420305	194.5	0.1111111111111111	0.7872268157671987
HER2ST_manual_controlled	HER2ST_G2_CONTROLLED	HER2ST_G2_CONTROLLED	HER2ST::G	forward	row_softmax	cost_features_500	multioutput_ridge	1.0	2	random_gate	0.8	1	998266e9dd5a48d5b37d43d44552ce5d1d17addf0a38d386e656d0ac16cc7be1	268	215	54	0.7069767441860465	0.0	0.0	0.05555555555555555	0.017543879103118977	189.0	0.09259259259259259	0.7869602901940354
HER2ST_manual_controlled	HER2ST_G2_CONTROLLED	HER2ST_G2_CONTROLLED	HER2ST::G	forward	row_softmax	cost_features_500	multioutput_ridge	1.0	2	random_gate	0.8	2	998266e9dd5a48d5b37d43d44552ce5d1d17addf0a38d386e656d0ac16cc7be1	268	215	54	0.6744186046511628	0.0	0.018518518518518517	0.05555555555555555	0.017750394615511204	176.5	0.07407407407407407	0.7871997875854384
HER2ST_manual_controlled	HER2ST_G2_CONTROLLED	HER2ST_G2_CONTROLLED	HER2ST::G	forward	row_softmax	cost_features_500	multioutput_ridge	1.0	2	random_gate	0.8	3	998266e9dd5a48d5b37d43d44552ce5d1d17addf0a38d386e656d0ac16cc7be1	268	215	54	0.6790697674418604	0.0	0.018518518518518517	0.037037037037037035	0.018836660352501082	190.5	0.05555555555555555	0.787356337665081
HER2ST_manual_controlled	HER2ST_G2_CONTROLLED	HER2ST_G2_CONTROLLED	HER2ST::G	forward	row_softmax	cost_features_500	multioutput_ridge	1.0	2	random_gate	0.8	4	998266e9dd5a48d5b37d43d44552ce5d1d17addf0a38d386e656d0ac16cc7be1	268	215	54	0.6930232558139535	0.0	0.018518518518518517	0.037037037037037035	0.01763956265229068	184.5	0.05555555555555555	0.787209193817539
HER2ST_manual_controlled	HER2ST_G2_CONTROLLED	HER2ST_G2_CONTROLLED	HER2ST::G	forward	row_softmax	cost_features_500	multioutput_ridge	1.0	3	identity_no_training	0.0	0	998266e9dd5a48d5b37d43d44552ce5d1d17addf0a38d386e656d0ac16cc7be1	257	0	65		0.8461538461538461	0.9846153846153847	0.9846153846153847	0.9067399267399268	1.0	0.9846153846153847	0.4107730864760213
HER2ST_manual_controlled	HER2ST_G2_CONTROLLED	HER2ST_G2_CONTROLLED	HER2ST::G	forward	row_softmax	cost_features_500	multioutput_ridge	1.0	3	all_top1	1.0	0	998266e9dd5a48d5b37d43d44552ce5d1d17addf0a38d386e656d0ac16cc7be1	257	257	65	0.7626459143968871	0.015384615384615385	0.06153846153846154	0.12307692307692308	0.053812811579588046	62.0	0.13846153846153847	0.8133281421945725
HER2ST_manual_controlled	HER2ST_G2_CONTROLLED	HER2ST_G2_CONTROLLED	HER2ST::G	forward	row_softmax	cost_features_500	multioutput_ridge	1.0	3	max_probability_gate	0.8	0	998266e9dd5a48d5b37d43d44552ce5d1d17addf0a38d386e656d0ac16cc7be1	257	206	65	0.7427184466019418	0.015384615384615385	0.06153846153846154	0.12307692307692308	0.05310319583846701	66.0	0.24615384615384617	0.8116515951001708
HER2ST_manual_controlled	HER2ST_G2_CONTROLLED	HER2ST_G2_CONTROLLED	HER2ST::G	forward	row_softmax	cost_features_500	multioutput_ridge	1.0	3	top2_margin_gate	0.8	0	998266e9dd5a48d5b37d43d44552ce5d1d17addf0a38d386e656d0ac16cc7be1	257	206	65	0.8737864077669902	0.0	0.015384615384615385	0.1076923076923077	0.03359767430440232	62.0	0.03076923076923077	0.812405721881936
HER2ST_manual_controlled	HER2ST_G2_CONTROLLED	HER2ST_G2_CONTROLLED	HER2ST::G	forward	row_softmax	cost_features_500	multioutput_ridge	1.0	3	oracle_truth	0.8	0	998266e9dd5a48d5b37d43d44552ce5d1d17addf0a38d386e656d0ac16cc7be1	257	206	65	1.0	0.0	0.015384615384615385	0.06153846153846154	0.02970916119789508	71.0	0.07692307692307693	0.8143344124645283
HER2ST_manual_controlled	HER2ST_G2_CONTROLLED	HER2ST_G2_CONTROLLED	HER2ST::G	forward	row_softmax	cost_features_500	multioutput_ridge	1.0	3	random_gate	0.8	0	998266e9dd5a48d5b37d43d44552ce5d1d17addf0a38d386e656d0ac16cc7be1	257	206	65	0.7815533980582524	0.0	0.06153846153846154	0.1076923076923077	0.04444260177359417	64.0	0.07692307692307693	0.8133076174732323
HER2ST_manual_controlled	HER2ST_G2_CONTROLLED	HER2ST_G2_CONTROLLED	HER2ST::G	forward	row_softmax	cost_features_500	multioutput_ridge	1.0	3	random_gate	0.8	1	998266e9dd5a48d5b37d43d44552ce5d1d17addf0a38d386e656d0ac16cc7be1	257	206	65	0.7475728155339806	0.0	0.046153846153846156	0.09230769230769231	0.03970798012427996	64.0	0.06153846153846154	0.812956241030614
HER2ST_manual_controlled	HER2ST_G2_CONTROLLED	HER2ST_G2_CONTROLLED	HER2ST::G	forward	row_softmax	cost_features_500	multioutput_ridge	1.0	3	random_gate	0.8	2	998266e9dd5a48d5b37d43d44552ce5d1d17addf0a38d386e656d0ac16cc7be1	257	206	65	0.7524271844660194	0.0	0.07692307692307693	0.1076923076923077	0.04528973463258839	66.0	0.13846153846153847	0.8135000733662484
HER2ST_manual_controlled	HER2ST_G2_CONTROLLED	HER2ST_G2_CONTROLLED	HER2ST::G	forward	row_softmax	cost_features_500	multioutput_ridge	1.0	3	random_gate	0.8	3	998266e9dd5a48d5b37d43d44552ce5d1d17addf0a38d386e656d0ac16cc7be1	257	206	65	0.7669902912621359	0.0	0.06153846153846154	0.09230769230769231	0.051970054589466845	66.0	0.2923076923076923	0.8131557741780968
HER2ST_manual_controlled	HER2ST_G2_CONTROLLED	HER2ST_G2_CONTROLLED	HER2ST::G	forward	row_softmax	cost_features_500	multioutput_ridge	1.0	3	random_gate	0.8	4	998266e9dd5a48d5b37d43d44552ce5d1d17addf0a38d386e656d0ac16cc7be1	257	206	65	0.7718446601941747	0.0	0.03076923076923077	0.09230769230769231	0.039982610710638467	63.0	0.06153846153846154	0.8123210879171175
HER2ST_manual_controlled	HER2ST_G2_CONTROLLED	HER2ST_G2_CONTROLLED	HER2ST::G	forward	row_softmax	cost_features_500	multioutput_ridge	1.0	4	identity_no_training	0.0	0	998266e9dd5a48d5b37d43d44552ce5d1d17addf0a38d386e656d0ac16cc7be1	250	0	72		0.875	0.9583333333333334	0.9722222222222222	0.9184854497354498	1.0	0.9444444444444444	0.41957193627188166
HER2ST_manual_controlled	HER2ST_G2_CONTROLLED	HER2ST_G2_CONTROLLED	HER2ST::G	forward	row_softmax	cost_features_500	multioutput_ridge	1.0	4	all_top1	1.0	0	998266e9dd5a48d5b37d43d44552ce5d1d17addf0a38d386e656d0ac16cc7be1	250	250	72	0.832	0.0	0.013888888888888888	0.013888888888888888	0.016664877984364862	102.5	0.4027777777777778	0.802089105420943
HER2ST_manual_controlled	HER2ST_G2_CONTROLLED	HER2ST_G2_CONTROLLED	HER2ST::G	forward	row_softmax	cost_features_500	multioutput_ridge	1.0	4	max_probability_gate	0.8	0	998266e9dd5a48d5b37d43d44552ce5d1d17addf0a38d386e656d0ac16cc7be1	250	200	72	0.825	0.0	0.0	0.013888888888888888	0.013969811776507595	111.0	0.3472222222222222	0.8006678127830867
HER2ST_manual_controlled	HER2ST_G2_CONTROLLED	HER2ST_G2_CONTROLLED	HER2ST::G	forward	row_softmax	cost_features_500	multioutput_ridge	1.0	4	top2_margin_gate	0.8	0	998266e9dd5a48d5b37d43d44552ce5d1d17addf0a38d386e656d0ac16cc7be1	250	200	72	0.915	0.0	0.013888888888888888	0.013888888888888888	0.01635762285755619	110.0	0.2361111111111111	0.8021077454812476
HER2ST_manual_controlled	HER2ST_G2_CONTROLLED	HER2ST_G2_CONTROLLED	HER2ST::G	forward	row_softmax	cost_features_500	multioutput_ridge	1.0	4	oracle_truth	0.8	0	998266e9dd5a48d5b37d43d44552ce5d1d17addf0a38d386e656d0ac16cc7be1	250	200	72	1.0	0.0	0.013888888888888888	0.013888888888888888	0.015412414018594278	109.5	0.2777777777777778	0.8035444518108159
HER2ST_manual_controlled	HER2ST_G2_CONTROLLED	HER2ST_G2_CONTROLLED	HER2ST::G	forward	row_softmax	cost_features_500	multioutput_ridge	1.0	4	random_gate	0.8	0	998266e9dd5a48d5b37d43d44552ce5d1d17addf0a38d386e656d0ac16cc7be1	250	200	72	0.83	0.0	0.013888888888888888	0.013888888888888888	0.015226758359358848	107.5	0.3611111111111111	0.8011778752529274
HER2ST_manual_controlled	HER2ST_G2_CONTROLLED	HER2ST_G2_CONTROLLED	HER2ST::G	forward	row_softmax	cost_features_500	multioutput_ridge	1.0	4	random_gate	0.8	1	998266e9dd5a48d5b37d43d44552ce5d1d17addf0a38d386e656d0ac16cc7be1	250	200	72	0.845	0.0	0.013888888888888888	0.013888888888888888	0.015166749132362538	108.5	0.3611111111111111	0.8016328998793579
HER2ST_manual_controlled	HER2ST_G2_CONTROLLED	HER2ST_G2_CONTROLLED	HER2ST::G	forward	row_softmax	cost_features_500	multioutput_ridge	1.0	4	random_gate	0.8	2	998266e9dd5a48d5b37d43d44552ce5d1d17addf0a38d386e656d0ac16cc7be1	250	200	72	0.82	0.0	0.013888888888888888	0.013888888888888888	0.015416540218562738	111.0	0.3194444444444444	0.8010262812403303
HER2ST_manual_controlled	HER2ST_G2_CONTROLLED	HER2ST_G2_CONTROLLED	HER2ST::G	forward	row_softmax	cost_features_500	multioutput_ridge	1.0	4	random_gate	0.8	3	998266e9dd5a48d5b37d43d44552ce5d1d17addf0a38d386e656d0ac16cc7be1	250	200	72	0.83	0.0	0.013888888888888888	0.013888888888888888	0.016823276547612134	116.0	0.3611111111111111	0.8016923751376245
HER2ST_manual_controlled	HER2ST_G2_CONTROLLED	HER2ST_G2_CONTROLLED	HER2ST::G	forward	row_softmax	cost_features_500	multioutput_ridge	1.0	4	random_gate	0.8	4	998266e9dd5a48d5b37d43d44552ce5d1d17addf0a38d386e656d0ac16cc7be1	250	200	72	0.845	0.0	0.013888888888888888	0.013888888888888888	0.015924407174869808	108.0	0.375	0.8022704602054022
HER2ST_manual_controlled	HER2ST_G2_CONTROLLED__reverse	HER2ST_G2_CONTROLLED	HER2ST::G	reverse	balanced_ot	cost_features_500	multioutput_ridge	1.0	0	identity_no_training	0.0	0	91cdb5f583eecdcc824efcd39f2c59e6090c5189cbb4957374338d7b39e1f83b	265	0	57		0.9824561403508771	1.0	1.0	0.9912280701754386	1.0	1.0	0.4193812298256334
HER2ST_manual_controlled	HER2ST_G2_CONTROLLED__reverse	HER2ST_G2_CONTROLLED	HER2ST::G	reverse	balanced_ot	cost_features_500	multioutput_ridge	1.0	0	all_top1	1.0	0	91cdb5f583eecdcc824efcd39f2c59e6090c5189cbb4957374338d7b39e1f83b	265	265	57	0.6641509433962264	0.0	0.017543859649122806	0.017543859649122806	0.01697799085377257	269.0	0.3333333333333333	0.7365899478975187
HER2ST_manual_controlled	HER2ST_G2_CONTROLLED__reverse	HER2ST_G2_CONTROLLED	HER2ST::G	reverse	balanced_ot	cost_features_500	multioutput_ridge	1.0	0	max_probability_gate	0.8	0	91cdb5f583eecdcc824efcd39f2c59e6090c5189cbb4957374338d7b39e1f83b	265	212	57	0.6179245283018868	0.0	0.017543859649122806	0.03508771929824561	0.017119011951591583	277.0	0.3333333333333333	0.734244039625741
HER2ST_manual_controlled	HER2ST_G2_CONTROLLED__reverse	HER2ST_G2_CONTROLLED	HER2ST::G	reverse	balanced_ot	cost_features_500	multioutput_ridge	1.0	0	top2_margin_gate	0.8	0	91cdb5f583eecdcc824efcd39f2c59e6090c5189cbb4957374338d7b39e1f83b	265	212	57	0.7783018867924528	0.0	0.017543859649122806	0.017543859649122806	0.01702001668328651	270.0	0.3333333333333333	0.736870086089613
HER2ST_manual_controlled	HER2ST_G2_CONTROLLED__reverse	HER2ST_G2_CONTROLLED	HER2ST::G	reverse	balanced_ot	cost_features_500	multioutput_ridge	1.0	0	oracle_truth	0.8	0	91cdb5f583eecdcc824efcd39f2c59e6090c5189cbb4957374338d7b39e1f83b	265	212	57	1.0	0.0	0.017543859649122806	0.017543859649122806	0.01700926622742972	267.0	0.3333333333333333	0.7403372901925462
HER2ST_manual_controlled	HER2ST_G2_CONTROLLED__reverse	HER2ST_G2_CONTROLLED	HER2ST::G	reverse	balanced_ot	cost_features_500	multioutput_ridge	1.0	0	random_gate	0.8	0	91cdb5f583eecdcc824efcd39f2c59e6090c5189cbb4957374338d7b39e1f83b	265	212	57	0.660377358490566	0.0	0.017543859649122806	0.017543859649122806	0.016824168073125128	275.0	0.3333333333333333	0.7356139192304565
HER2ST_manual_controlled	HER2ST_G2_CONTROLLED__reverse	HER2ST_G2_CONTROLLED	HER2ST::G	reverse	balanced_ot	cost_features_500	multioutput_ridge	1.0	0	random_gate	0.8	1	91cdb5f583eecdcc824efcd39f2c59e6090c5189cbb4957374338d7b39e1f83b	265	212	57	0.6556603773584906	0.0	0.017543859649122806	0.017543859649122806	0.016942897084152697	272.0	0.3333333333333333	0.7349698114486689
HER2ST_manual_controlled	HER2ST_G2_CONTROLLED__reverse	HER2ST_G2_CONTROLLED	HER2ST::G	reverse	balanced_ot	cost_features_500	multioutput_ridge	1.0	0	random_gate	0.8	2	91cdb5f583eecdcc824efcd39f2c59e6090c5189cbb4957374338d7b39e1f83b	265	212	57	0.6839622641509434	0.0	0.017543859649122806	0.017543859649122806	0.016859276712614932	274.0	0.3333333333333333	0.735507257720128
HER2ST_manual_controlled	HER2ST_G2_CONTROLLED__reverse	HER2ST_G2_CONTROLLED	HER2ST::G	reverse	balanced_ot	cost_features_500	multioutput_ridge	1.0	0	random_gate	0.8	3	91cdb5f583eecdcc824efcd39f2c59e6090c5189cbb4957374338d7b39e1f83b	265	212	57	0.6462264150943396	0.0	0.017543859649122806	0.017543859649122806	0.016922468053783276	272.0	0.3333333333333333	0.7346677764563098
HER2ST_manual_controlled	HER2ST_G2_CONTROLLED__reverse	HER2ST_G2_CONTROLLED	HER2ST::G	reverse	balanced_ot	cost_features_500	multioutput_ridge	1.0	0	random_gate	0.8	4	91cdb5f583eecdcc824efcd39f2c59e6090c5189cbb4957374338d7b39e1f83b	265	212	57	0.6462264150943396	0.0	0.017543859649122806	0.017543859649122806	0.01680945611167821	273.0	0.3333333333333333	0.7348935344064934
HER2ST_manual_controlled	HER2ST_G2_CONTROLLED__reverse	HER2ST_G2_CONTROLLED	HER2ST::G	reverse	balanced_ot	cost_features_500	multioutput_ridge	1.0	1	identity_no_training	0.0	0	91cdb5f583eecdcc824efcd39f2c59e6090c5189cbb4957374338d7b39e1f83b	258	0	64		0.984375	1.0	1.0	0.9921875	1.0	0.984375	0.420670384255033
HER2ST_manual_controlled	HER2ST_G2_CONTROLLED__reverse	HER2ST_G2_CONTROLLED	HER2ST::G	reverse	balanced_ot	cost_features_500	multioutput_ridge	1.0	1	all_top1	1.0	0	91cdb5f583eecdcc824efcd39f2c59e6090c5189cbb4957374338d7b39e1f83b	258	258	64	0.6744186046511628	0.0	0.0	0.0	0.005173810353106115	242.0	0.125	0.747121477430573
HER2ST_manual_controlled	HER2ST_G2_CONTROLLED__reverse	HER2ST_G2_CONTROLLED	HER2ST::G	reverse	balanced_ot	cost_features_500	multioutput_ridge	1.0	1	max_probability_gate	0.8	0	91cdb5f583eecdcc824efcd39f2c59e6090c5189cbb4957374338d7b39e1f83b	258	207	64	0.6086956521739131	0.0	0.0	0.0	0.005065958770493869	243.5	0.125	0.7449709199381345
HER2ST_manual_controlled	HER2ST_G2_CONTROLLED__reverse	HER2ST_G2_CONTROLLED	HER2ST::G	reverse	balanced_ot	cost_features_500	multioutput_ridge	1.0	1	top2_margin_gate	0.8	0	91cdb5f583eecdcc824efcd39f2c59e6090c5189cbb4957374338d7b39e1f83b	258	207	64	0.7777777777777778	0.0	0.0	0.0	0.005137724808799812	246.0	0.125	0.7468877687539928
HER2ST_manual_controlled	HER2ST_G2_CONTROLLED__reverse	HER2ST_G2_CONTROLLED	HER2ST::G	reverse	balanced_ot	cost_features_500	multioutput_ridge	1.0	1	oracle_truth	0.8	0	91cdb5f583eecdcc824efcd39f2c59e6090c5189cbb4957374338d7b39e1f83b	258	207	64	1.0	0.0	0.0	0.0	0.005109833781155476	244.0	0.125	0.7476318729678287
HER2ST_manual_controlled	HER2ST_G2_CONTROLLED__reverse	HER2ST_G2_CONTROLLED	HER2ST::G	reverse	balanced_ot	cost_features_500	multioutput_ridge	1.0	1	random_gate	0.8	0	91cdb5f583eecdcc824efcd39f2c59e6090c5189cbb4957374338d7b39e1f83b	258	207	64	0.6521739130434783	0.0	0.0	0.0	0.00507174584472282	245.5	0.125	0.7453601308337636
HER2ST_manual_controlled	HER2ST_G2_CONTROLLED__reverse	HER2ST_G2_CONTROLLED	HER2ST::G	reverse	balanced_ot	cost_features_500	multioutput_ridge	1.0	1	random_gate	0.8	1	91cdb5f583eecdcc824efcd39f2c59e6090c5189cbb4957374338d7b39e1f83b	258	207	64	0.6811594202898551	0.0	0.0	0.0	0.005066247589946874	241.0	0.125	0.7454345274135046
HER2ST_manual_controlled	HER2ST_G2_CONTROLLED__reverse	HER2ST_G2_CONTROLLED	HER2ST::G	reverse	balanced_ot	cost_features_500	multioutput_ridge	1.0	1	random_gate	0.8	2	91cdb5f583eecdcc824efcd39f2c59e6090c5189cbb4957374338d7b39e1f83b	258	207	64	0.6570048309178744	0.0	0.0	0.0	0.005055908779994688	244.5	0.125	0.7461399355114295
HER2ST_manual_controlled	HER2ST_G2_CONTROLLED__reverse	HER2ST_G2_CONTROLLED	HER2ST::G	reverse	balanced_ot	cost_features_500	multioutput_ridge	1.0	1	random_gate	0.8	3	91cdb5f583eecdcc824efcd39f2c59e6090c5189cbb4957374338d7b39e1f83b	258	207	64	0.7101449275362319	0.0	0.0	0.0	0.005115487781858799	244.5	0.125	0.7469429239028919
HER2ST_manual_controlled	HER2ST_G2_CONTROLLED__reverse	HER2ST_G2_CONTROLLED	HER2ST::G	reverse	balanced_ot	cost_features_500	multioutput_ridge	1.0	1	random_gate	0.8	4	91cdb5f583eecdcc824efcd39f2c59e6090c5189cbb4957374338d7b39e1f83b	258	207	64	0.6811594202898551	0.0	0.0	0.0	0.005055400020945956	245.0	0.125	0.7458601680198123
HER2ST_manual_controlled	HER2ST_G2_CONTROLLED__reverse	HER2ST_G2_CONTROLLED	HER2ST::G	reverse	balanced_ot	cost_features_500	multioutput_ridge	1.0	2	identity_no_training	0.0	0	91cdb5f583eecdcc824efcd39f2c59e6090c5189cbb4957374338d7b39e1f83b	261	0	61		1.0	1.0	1.0	1.0	1.0	1.0	0.4217217864144927
HER2ST_manual_controlled	HER2ST_G2_CONTROLLED__reverse	HER2ST_G2_CONTROLLED	HER2ST::G	reverse	balanced_ot	cost_features_500	multioutput_ridge	1.0	2	all_top1	1.0	0	91cdb5f583eecdcc824efcd39f2c59e6090c5189cbb4957374338d7b39e1f83b	261	261	61	0.8007662835249042	0.0	0.01639344262295082	0.01639344262295082	0.013210263494058237	162.0	0.0	0.7882363190074311
HER2ST_manual_controlled	HER2ST_G2_CONTROLLED__reverse	HER2ST_G2_CONTROLLED	HER2ST::G	reverse	balanced_ot	cost_features_500	multioutput_ridge	1.0	2	max_probability_gate	0.8	0	91cdb5f583eecdcc824efcd39f2c59e6090c5189cbb4957374338d7b39e1f83b	261	209	61	0.7655502392344498	0.0	0.01639344262295082	0.01639344262295082	0.015843446130772806	164.0	0.0	0.7865941238006393
HER2ST_manual_controlled	HER2ST_G2_CONTROLLED__reverse	HER2ST_G2_CONTROLLED	HER2ST::G	reverse	balanced_ot	cost_features_500	multioutput_ridge	1.0	2	top2_margin_gate	0.8	0	91cdb5f583eecdcc824efcd39f2c59e6090c5189cbb4957374338d7b39e1f83b	261	209	61	0.9090909090909091	0.0	0.01639344262295082	0.01639344262295082	0.013334169627197637	162.0	0.0	0.7885984020239133
HER2ST_manual_controlled	HER2ST_G2_CONTROLLED__reverse	HER2ST_G2_CONTROLLED	HER2ST::G	reverse	balanced_ot	cost_features_500	multioutput_ridge	1.0	2	oracle_truth	0.8	0	91cdb5f583eecdcc824efcd39f2c59e6090c5189cbb4957374338d7b39e1f83b	261	209	61	1.0	0.0	0.01639344262295082	0.01639344262295082	0.012955715084746931	160.0	0.0	0.7880825414132901
HER2ST_manual_controlled	HER2ST_G2_CONTROLLED__reverse	HER2ST_G2_CONTROLLED	HER2ST::G	reverse	balanced_ot	cost_features_500	multioutput_ridge	1.0	2	random_gate	0.8	0	91cdb5f583eecdcc824efcd39f2c59e6090c5189cbb4957374338d7b39e1f83b	261	209	61	0.8038277511961722	0.0	0.01639344262295082	0.01639344262295082	0.013028952337327137	172.0	0.0	0.7863714419048577
HER2ST_manual_controlled	HER2ST_G2_CONTROLLED__reverse	HER2ST_G2_CONTROLLED	HER2ST::G	reverse	balanced_ot	cost_features_500	multioutput_ridge	1.0	2	random_gate	0.8	1	91cdb5f583eecdcc824efcd39f2c59e6090c5189cbb4957374338d7b39e1f83b	261	209	61	0.8133971291866029	0.0	0.01639344262295082	0.01639344262295082	0.012796023935665413	167.0	0.0	0.7866541611041746
HER2ST_manual_controlled	HER2ST_G2_CONTROLLED__reverse	HER2ST_G2_CONTROLLED	HER2ST::G	reverse	balanced_ot	cost_features_500	multioutput_ridge	1.0	2	random_gate	0.8	2	91cdb5f583eecdcc824efcd39f2c59e6090c5189cbb4957374338d7b39e1f83b	261	209	61	0.7990430622009569	0.0	0.01639344262295082	0.01639344262295082	0.01274279581272621	169.0	0.0	0.785556766835995
HER2ST_manual_controlled	HER2ST_G2_CONTROLLED__reverse	HER2ST_G2_CONTROLLED	HER2ST::G	reverse	balanced_ot	cost_features_500	multioutput_ridge	1.0	2	random_gate	0.8	3	91cdb5f583eecdcc824efcd39f2c59e6090c5189cbb4957374338d7b39e1f83b	261	209	61	0.7990430622009569	0.0	0.01639344262295082	0.01639344262295082	0.013017496004711148	169.0	0.0	0.7874501461373
HER2ST_manual_controlled	HER2ST_G2_CONTROLLED__reverse	HER2ST_G2_CONTROLLED	HER2ST::G	reverse	balanced_ot	cost_features_500	multioutput_ridge	1.0	2	random_gate	0.8	4	91cdb5f583eecdcc824efcd39f2c59e6090c5189cbb4957374338d7b39e1f83b	261	209	61	0.8086124401913876	0.0	0.01639344262295082	0.01639344262295082	0.012983758629276728	168.0	0.0	0.7869340853833008
HER2ST_manual_controlled	HER2ST_G2_CONTROLLED__reverse	HER2ST_G2_CONTROLLED	HER2ST::G	reverse	balanced_ot	cost_features_500	multioutput_ridge	1.0	3	identity_no_training	0.0	0	91cdb5f583eecdcc824efcd39f2c59e6090c5189cbb4957374338d7b39e1f83b	253	0	69		0.9565217391304348	0.9855072463768116	0.9855072463768116	0.9678910544727637	1.0	0.9855072463768116	0.4117131793611286
HER2ST_manual_controlled	HER2ST_G2_CONTROLLED__reverse	HER2ST_G2_CONTROLLED	HER2ST::G	reverse	balanced_ot	cost_features_500	multioutput_ridge	1.0	3	all_top1	1.0	0	91cdb5f583eecdcc824efcd39f2c59e6090c5189cbb4957374338d7b39e1f83b	253	253	69	0.6956521739130435	0.014492753623188406	0.043478260869565216	0.10144927536231885	0.050408889119066304	67.0	0.9710144927536232	0.8705889248899195
HER2ST_manual_controlled	HER2ST_G2_CONTROLLED__reverse	HER2ST_G2_CONTROLLED	HER2ST::G	reverse	balanced_ot	cost_features_500	multioutput_ridge	1.0	3	max_probability_gate	0.8	0	91cdb5f583eecdcc824efcd39f2c59e6090c5189cbb4957374338d7b39e1f83b	253	203	69	0.6403940886699507	0.014492753623188406	0.043478260869565216	0.10144927536231885	0.04930850901447313	72.0	0.9710144927536232	0.8675510399126619
HER2ST_manual_controlled	HER2ST_G2_CONTROLLED__reverse	HER2ST_G2_CONTROLLED	HER2ST::G	reverse	balanced_ot	cost_features_500	multioutput_ridge	1.0	3	top2_margin_gate	0.8	0	91cdb5f583eecdcc824efcd39f2c59e6090c5189cbb4957374338d7b39e1f83b	253	203	69	0.812807881773399	0.014492753623188406	0.043478260869565216	0.10144927536231885	0.05429533253459507	67.0	0.9710144927536232	0.8700318958688944
HER2ST_manual_controlled	HER2ST_G2_CONTROLLED__reverse	HER2ST_G2_CONTROLLED	HER2ST::G	reverse	balanced_ot	cost_features_500	multioutput_ridge	1.0	3	oracle_truth	0.8	0	91cdb5f583eecdcc824efcd39f2c59e6090c5189cbb4957374338d7b39e1f83b	253	203	69	1.0	0.014492753623188406	0.057971014492753624	0.08695652173913043	0.04929054402264519	67.0	0.9710144927536232	0.8703966824960626
HER2ST_manual_controlled	HER2ST_G2_CONTROLLED__reverse	HER2ST_G2_CONTROLLED	HER2ST::G	reverse	balanced_ot	cost_features_500	multioutput_ridge	1.0	3	random_gate	0.8	0	91cdb5f583eecdcc824efcd39f2c59e6090c5189cbb4957374338d7b39e1f83b	253	203	69	0.6896551724137931	0.014492753623188406	0.057971014492753624	0.10144927536231885	0.04996983235593953	70.0	0.9710144927536232	0.869727576838871
HER2ST_manual_controlled	HER2ST_G2_CONTROLLED__reverse	HER2ST_G2_CONTROLLED	HER2ST::G	reverse	balanced_ot	cost_features_500	multioutput_ridge	1.0	3	random_gate	0.8	1	91cdb5f583eecdcc824efcd39f2c59e6090c5189cbb4957374338d7b39e1f83b	253	203	69	0.6896551724137931	0.014492753623188406	0.043478260869565216	0.10144927536231885	0.04938111434591943	70.0	0.9710144927536232	0.8690223702122698
HER2ST_manual_controlled	HER2ST_G2_CONTROLLED__reverse	HER2ST_G2_CONTROLLED	HER2ST::G	reverse	balanced_ot	cost_features_500	multioutput_ridge	1.0	3	random_gate	0.8	2	91cdb5f583eecdcc824efcd39f2c59e6090c5189cbb4957374338d7b39e1f83b	253	203	69	0.6945812807881774	0.014492753623188406	0.057971014492753624	0.10144927536231885	0.04999984259486521	71.0	0.9710144927536232	0.8693695191583397
HER2ST_manual_controlled	HER2ST_G2_CONTROLLED__reverse	HER2ST_G2_CONTROLLED	HER2ST::G	reverse	balanced_ot	cost_features_500	multioutput_ridge	1.0	3	random_gate	0.8	3	91cdb5f583eecdcc824efcd39f2c59e6090c5189cbb4957374338d7b39e1f83b	253	203	69	0.6945812807881774	0.014492753623188406	0.057971014492753624	0.10144927536231885	0.04933861010634442	69.0	0.9710144927536232	0.8689120494346178
HER2ST_manual_controlled	HER2ST_G2_CONTROLLED__reverse	HER2ST_G2_CONTROLLED	HER2ST::G	reverse	balanced_ot	cost_features_500	multioutput_ridge	1.0	3	random_gate	0.8	4	91cdb5f583eecdcc824efcd39f2c59e6090c5189cbb4957374338d7b39e1f83b	253	203	69	0.7044334975369458	0.014492753623188406	0.043478260869565216	0.10144927536231885	0.047307836224848424	71.0	0.9710144927536232	0.8678331685990339
HER2ST_manual_controlled	HER2ST_G2_CONTROLLED__reverse	HER2ST_G2_CONTROLLED	HER2ST::G	reverse	balanced_ot	cost_features_500	multioutput_ridge	1.0	4	identity_no_training	0.0	0	91cdb5f583eecdcc824efcd39f2c59e6090c5189cbb4957374338d7b39e1f83b	251	0	71		0.971830985915493	0.971830985915493	0.9859154929577465	0.9751173708920188	1.0	0.971830985915493	0.421039156961622
HER2ST_manual_controlled	HER2ST_G2_CONTROLLED__reverse	HER2ST_G2_CONTROLLED	HER2ST::G	reverse	balanced_ot	cost_features_500	multioutput_ridge	1.0	4	all_top1	1.0	0	91cdb5f583eecdcc824efcd39f2c59e6090c5189cbb4957374338d7b39e1f83b	251	251	71	0.6892430278884463	0.0	0.014084507042253521	0.028169014084507043	0.01725462851350447	164.0	0.352112676056338	0.8059539747972637
HER2ST_manual_controlled	HER2ST_G2_CONTROLLED__reverse	HER2ST_G2_CONTROLLED	HER2ST::G	reverse	balanced_ot	cost_features_500	multioutput_ridge	1.0	4	max_probability_gate	0.8	0	91cdb5f583eecdcc824efcd39f2c59e6090c5189cbb4957374338d7b39e1f83b	251	201	71	0.6268656716417911	0.0	0.014084507042253521	0.028169014084507043	0.017267621447857626	167.0	0.352112676056338	0.802572790538347
HER2ST_manual_controlled	HER2ST_G2_CONTROLLED__reverse	HER2ST_G2_CONTROLLED	HER2ST::G	reverse	balanced_ot	cost_features_500	multioutput_ridge	1.0	4	top2_margin_gate	0.8	0	91cdb5f583eecdcc824efcd39f2c59e6090c5189cbb4957374338d7b39e1f83b	251	201	71	0.8059701492537313	0.0	0.014084507042253521	0.028169014084507043	0.01704401973202586	164.0	0.352112676056338	0.8065196664265153
HER2ST_manual_controlled	HER2ST_G2_CONTROLLED__reverse	HER2ST_G2_CONTROLLED	HER2ST::G	reverse	balanced_ot	cost_features_500	multioutput_ridge	1.0	4	oracle_truth	0.8	0	91cdb5f583eecdcc824efcd39f2c59e6090c5189cbb4957374338d7b39e1f83b	251	201	71	1.0	0.0	0.014084507042253521	0.028169014084507043	0.016964828324195467	158.0	0.352112676056338	0.8112779238778278
HER2ST_manual_controlled	HER2ST_G2_CONTROLLED__reverse	HER2ST_G2_CONTROLLED	HER2ST::G	reverse	balanced_ot	cost_features_500	multioutput_ridge	1.0	4	random_gate	0.8	0	91cdb5f583eecdcc824efcd39f2c59e6090c5189cbb4957374338d7b39e1f83b	251	201	71	0.6716417910447762	0.0	0.014084507042253521	0.028169014084507043	0.016722497685172966	170.0	0.352112676056338	0.8053183524351584
HER2ST_manual_controlled	HER2ST_G2_CONTROLLED__reverse	HER2ST_G2_CONTROLLED	HER2ST::G	reverse	balanced_ot	cost_features_500	multioutput_ridge	1.0	4	random_gate	0.8	1	91cdb5f583eecdcc824efcd39f2c59e6090c5189cbb4957374338d7b39e1f83b	251	201	71	0.6915422885572139	0.0	0.014084507042253521	0.028169014084507043	0.016362029603429966	170.0	0.352112676056338	0.8042006775409359
HER2ST_manual_controlled	HER2ST_G2_CONTROLLED__reverse	HER2ST_G2_CONTROLLED	HER2ST::G	reverse	balanced_ot	cost_features_500	multioutput_ridge	1.0	4	random_gate	0.8	2	91cdb5f583eecdcc824efcd39f2c59e6090c5189cbb4957374338d7b39e1f83b	251	201	71	0.6915422885572139	0.0	0.014084507042253521	0.028169014084507043	0.017251423180168604	170.0	0.352112676056338	0.804648782287103
HER2ST_manual_controlled	HER2ST_G2_CONTROLLED__reverse	HER2ST_G2_CONTROLLED	HER2ST::G	reverse	balanced_ot	cost_features_500	multioutput_ridge	1.0	4	random_gate	0.8	3	91cdb5f583eecdcc824efcd39f2c59e6090c5189cbb4957374338d7b39e1f83b	251	201	71	0.7014925373134329	0.0	0.014084507042253521	0.028169014084507043	0.01668886617603921	175.0	0.352112676056338	0.8054740490826896
HER2ST_manual_controlled	HER2ST_G2_CONTROLLED__reverse	HER2ST_G2_CONTROLLED	HER2ST::G	reverse	balanced_ot	cost_features_500	multioutput_ridge	1.0	4	random_gate	0.8	4	91cdb5f583eecdcc824efcd39f2c59e6090c5189cbb4957374338d7b39e1f83b	251	201	71	0.7114427860696517	0.0	0.014084507042253521	0.028169014084507043	0.016918927872258353	166.0	0.352112676056338	0.8050056723711653
HER2ST_manual_controlled	HER2ST_G2_CONTROLLED__reverse	HER2ST_G2_CONTROLLED	HER2ST::G	reverse	uot	cost_features_500	multioutput_ridge	1.0	0	identity_no_training	0.0	0	91cdb5f583eecdcc824efcd39f2c59e6090c5189cbb4957374338d7b39e1f83b	265	0	57		0.9824561403508771	1.0	1.0	0.9912280701754386	1.0	1.0	0.4193812298256334
HER2ST_manual_controlled	HER2ST_G2_CONTROLLED__reverse	HER2ST_G2_CONTROLLED	HER2ST::G	reverse	uot	cost_features_500	multioutput_ridge	1.0	0	all_top1	1.0	0	91cdb5f583eecdcc824efcd39f2c59e6090c5189cbb4957374338d7b39e1f83b	265	265	57	0.6981132075471698	0.0	0.017543859649122806	0.017543859649122806	0.016900864980425073	267.0	0.3333333333333333	0.7374687904725499
HER2ST_manual_controlled	HER2ST_G2_CONTROLLED__reverse	HER2ST_G2_CONTROLLED	HER2ST::G	reverse	uot	cost_features_500	multioutput_ridge	1.0	0	max_probability_gate	0.8	0	91cdb5f583eecdcc824efcd39f2c59e6090c5189cbb4957374338d7b39e1f83b	265	212	57	0.6698113207547169	0.0	0.017543859649122806	0.017543859649122806	0.0165554825541116	274.0	0.3333333333333333	0.7353845143094717
HER2ST_manual_controlled	HER2ST_G2_CONTROLLED__reverse	HER2ST_G2_CONTROLLED	HER2ST::G	reverse	uot	cost_features_500	multioutput_ridge	1.0	0	top2_margin_gate	0.8	0	91cdb5f583eecdcc824efcd39f2c59e6090c5189cbb4957374338d7b39e1f83b	265	212	57	0.8349056603773585	0.0	0.017543859649122806	0.017543859649122806	0.016907982165464488	267.0	0.3333333333333333	0.7382017377893837
HER2ST_manual_controlled	HER2ST_G2_CONTROLLED__reverse	HER2ST_G2_CONTROLLED	HER2ST::G	reverse	uot	cost_features_500	multioutput_ridge	1.0	0	oracle_truth	0.8	0	91cdb5f583eecdcc824efcd39f2c59e6090c5189cbb4957374338d7b39e1f83b	265	212	57	1.0	0.0	0.017543859649122806	0.017543859649122806	0.017023053799303377	267.0	0.3333333333333333	0.7400132404935325
HER2ST_manual_controlled	HER2ST_G2_CONTROLLED__reverse	HER2ST_G2_CONTROLLED	HER2ST::G	reverse	uot	cost_features_500	multioutput_ridge	1.0	0	random_gate	0.8	0	91cdb5f583eecdcc824efcd39f2c59e6090c5189cbb4957374338d7b39e1f83b	265	212	57	0.7028301886792453	0.0	0.017543859649122806	0.017543859649122806	0.016670113233148622	274.0	0.3333333333333333	0.73636659371019
HER2ST_manual_controlled	HER2ST_G2_CONTROLLED__reverse	HER2ST_G2_CONTROLLED	HER2ST::G	reverse	uot	cost_features_500	multioutput_ridge	1.0	0	random_gate	0.8	1	91cdb5f583eecdcc824efcd39f2c59e6090c5189cbb4957374338d7b39e1f83b	265	212	57	0.6839622641509434	0.0	0.017543859649122806	0.017543859649122806	0.01683699883325376	268.0	0.3333333333333333	0.7368888692942781
HER2ST_manual_controlled	HER2ST_G2_CONTROLLED__reverse	HER2ST_G2_CONTROLLED	HER2ST::G	reverse	uot	cost_features_500	multioutput_ridge	1.0	0	random_gate	0.8	2	91cdb5f583eecdcc824efcd39f2c59e6090c5189cbb4957374338d7b39e1f83b	265	212	57	0.6886792452830188	0.0	0.017543859649122806	0.017543859649122806	0.016576914729774087	275.0	0.3333333333333333	0.7360342837798167
HER2ST_manual_controlled	HER2ST_G2_CONTROLLED__reverse	HER2ST_G2_CONTROLLED	HER2ST::G	reverse	uot	cost_features_500	multioutput_ridge	1.0	0	random_gate	0.8	3	91cdb5f583eecdcc824efcd39f2c59e6090c5189cbb4957374338d7b39e1f83b	265	212	57	0.7216981132075472	0.0	0.017543859649122806	0.017543859649122806	0.016709647841098935	270.0	0.3333333333333333	0.7362211182251192
HER2ST_manual_controlled	HER2ST_G2_CONTROLLED__reverse	HER2ST_G2_CONTROLLED	HER2ST::G	reverse	uot	cost_features_500	multioutput_ridge	1.0	0	random_gate	0.8	4	91cdb5f583eecdcc824efcd39f2c59e6090c5189cbb4957374338d7b39e1f83b	265	212	57	0.7028301886792453	0.0	0.017543859649122806	0.017543859649122806	0.01661396494341994	273.0	0.3333333333333333	0.736312212993341
HER2ST_manual_controlled	HER2ST_G2_CONTROLLED__reverse	HER2ST_G2_CONTROLLED	HER2ST::G	reverse	uot	cost_features_500	multioutput_ridge	1.0	1	identity_no_training	0.0	0	91cdb5f583eecdcc824efcd39f2c59e6090c5189cbb4957374338d7b39e1f83b	258	0	64		0.984375	1.0	1.0	0.9921875	1.0	0.984375	0.420670384255033
HER2ST_manual_controlled	HER2ST_G2_CONTROLLED__reverse	HER2ST_G2_CONTROLLED	HER2ST::G	reverse	uot	cost_features_500	multioutput_ridge	1.0	1	all_top1	1.0	0	91cdb5f583eecdcc824efcd39f2c59e6090c5189cbb4957374338d7b39e1f83b	258	258	64	0.7015503875968992	0.0	0.0	0.0	0.005126820034245805	241.5	0.125	0.74698516412204
HER2ST_manual_controlled	HER2ST_G2_CONTROLLED__reverse	HER2ST_G2_CONTROLLED	HER2ST::G	reverse	uot	cost_features_500	multioutput_ridge	1.0	1	max_probability_gate	0.8	0	91cdb5f583eecdcc824efcd39f2c59e6090c5189cbb4957374338d7b39e1f83b	258	207	64	0.642512077294686	0.0	0.0	0.0	0.0050142770275647935	245.5	0.125	0.7451392226664362
HER2ST_manual_controlled	HER2ST_G2_CONTROLLED__reverse	HER2ST_G2_CONTROLLED	HER2ST::G	reverse	uot	cost_features_500	multioutput_ridge	1.0	1	top2_margin_gate	0.8	0	91cdb5f583eecdcc824efcd39f2c59e6090c5189cbb4957374338d7b39e1f83b	258	207	64	0.8357487922705314	0.0	0.0	0.0	0.005112948579325023	245.5	0.125	0.747093670676541
HER2ST_manual_controlled	HER2ST_G2_CONTROLLED__reverse	HER2ST_G2_CONTROLLED	HER2ST::G	reverse	uot	cost_features_500	multioutput_ridge	1.0	1	oracle_truth	0.8	0	91cdb5f583eecdcc824efcd39f2c59e6090c5189cbb4957374338d7b39e1f83b	258	207	64	1.0	0.0	0.0	0.0	0.005137144234761118	243.5	0.125	0.7475096588228984
HER2ST_manual_controlled	HER2ST_G2_CONTROLLED__reverse	HER2ST_G2_CONTROLLED	HER2ST::G	reverse	uot	cost_features_500	multioutput_ridge	1.0	1	random_gate	0.8	0	91cdb5f583eecdcc824efcd39f2c59e6090c5189cbb4957374338d7b39e1f83b	258	207	64	0.7004830917874396	0.0	0.0	0.0	0.0050350478367084655	242.5	0.125	0.7461531429949906
HER2ST_manual_controlled	HER2ST_G2_CONTROLLED__reverse	HER2ST_G2_CONTROLLED	HER2ST::G	reverse	uot	cost_features_500	multioutput_ridge	1.0	1	random_gate	0.8	1	91cdb5f583eecdcc824efcd39f2c59e6090c5189cbb4957374338d7b39e1f83b	258	207	64	0.714975845410628	0.0	0.0	0.0	0.005043631841644489	247.0	0.125	0.746109684955131
HER2ST_manual_controlled	HER2ST_G2_CONTROLLED__reverse	HER2ST_G2_CONTROLLED	HER2ST::G	reverse	uot	cost_features_500	multioutput_ridge	1.0	1	random_gate	0.8	2	91cdb5f583eecdcc824efcd39f2c59e6090c5189cbb4957374338d7b39e1f83b	258	207	64	0.6956521739130435	0.0	0.0	0.0	0.005034478113642812	247.0	0.125	0.7451375794732082
HER2ST_manual_controlled	HER2ST_G2_CONTROLLED__reverse	HER2ST_G2_CONTROLLED	HER2ST::G	reverse	uot	cost_features_500	multioutput_ridge	1.0	1	random_gate	0.8	3	91cdb5f583eecdcc824efcd39f2c59e6090c5189cbb4957374338d7b39e1f83b	258	207	64	0.7101449275362319	0.0	0.0	0.0	0.0050958058845774375	244.5	0.125	0.7452882032347676
HER2ST_manual_controlled	HER2ST_G2_CONTROLLED__reverse	HER2ST_G2_CONTROLLED	HER2ST::G	reverse	uot	cost_features_500	multioutput_ridge	1.0	1	random_gate	0.8	4	91cdb5f583eecdcc824efcd39f2c59e6090c5189cbb4957374338d7b39e1f83b	258	207	64	0.6908212560386473	0.0	0.0	0.0	0.005026392064565172	245.0	0.125	0.7458027953940813
HER2ST_manual_controlled	HER2ST_G2_CONTROLLED__reverse	HER2ST_G2_CONTROLLED	HER2ST::G	reverse	uot	cost_features_500	multioutput_ridge	1.0	2	identity_no_training	0.0	0	91cdb5f583eecdcc824efcd39f2c59e6090c5189cbb4957374338d7b39e1f83b	261	0	61		1.0	1.0	1.0	1.0	1.0	1.0	0.4217217864144927
HER2ST_manual_controlled	HER2ST_G2_CONTROLLED__reverse	HER2ST_G2_CONTROLLED	HER2ST::G	reverse	uot	cost_features_500	multioutput_ridge	1.0	2	all_top1	1.0	0	91cdb5f583eecdcc824efcd39f2c59e6090c5189cbb4957374338d7b39e1f83b	261	261	61	0.8314176245210728	0.0	0.01639344262295082	0.01639344262295082	0.013273193365037876	158.0	0.0	0.788981541894856
HER2ST_manual_controlled	HER2ST_G2_CONTROLLED__reverse	HER2ST_G2_CONTROLLED	HER2ST::G	reverse	uot	cost_features_500	multioutput_ridge	1.0	2	max_probability_gate	0.8	0	91cdb5f583eecdcc824efcd39f2c59e6090c5189cbb4957374338d7b39e1f83b	261	209	61	0.8086124401913876	0.0	0.01639344262295082	0.01639344262295082	0.015872860519286852	157.0	0.0	0.7874770997564228
HER2ST_manual_controlled	HER2ST_G2_CONTROLLED__reverse	HER2ST_G2_CONTROLLED	HER2ST::G	reverse	uot	cost_features_500	multioutput_ridge	1.0	2	top2_margin_gate	0.8	0	91cdb5f583eecdcc824efcd39f2c59e6090c5189cbb4957374338d7b39e1f83b	261	209	61	0.9473684210526315	0.0	0.01639344262295082	0.01639344262295082	0.013369540702907625	157.0	0.0	0.7891673885801301
HER2ST_manual_controlled	HER2ST_G2_CONTROLLED__reverse	HER2ST_G2_CONTROLLED	HER2ST::G	reverse	uot	cost_features_500	multioutput_ridge	1.0	2	oracle_truth	0.8	0	91cdb5f583eecdcc824efcd39f2c59e6090c5189cbb4957374338d7b39e1f83b	261	209	61	1.0	0.0	0.01639344262295082	0.01639344262295082	0.012934582398289774	163.0	0.0	0.7878318594633097
HER2ST_manual_controlled	HER2ST_G2_CONTROLLED__reverse	HER2ST_G2_CONTROLLED	HER2ST::G	reverse	uot	cost_features_500	multioutput_ridge	1.0	2	random_gate	0.8	0	91cdb5f583eecdcc824efcd39f2c59e6090c5189cbb4957374338d7b39e1f83b	261	209	61	0.8325358851674641	0.0	0.01639344262295082	0.01639344262295082	0.01292976982969447	169.0	0.0	0.7868112565003748
HER2ST_manual_controlled	HER2ST_G2_CONTROLLED__reverse	HER2ST_G2_CONTROLLED	HER2ST::G	reverse	uot	cost_features_500	multioutput_ridge	1.0	2	random_gate	0.8	1	91cdb5f583eecdcc824efcd39f2c59e6090c5189cbb4957374338d7b39e1f83b	261	209	61	0.8373205741626795	0.0	0.01639344262295082	0.01639344262295082	0.01573589539921323	167.0	0.0	0.7874862990154466
HER2ST_manual_controlled	HER2ST_G2_CONTROLLED__reverse	HER2ST_G2_CONTROLLED	HER2ST::G	reverse	uot	cost_features_500	multioutput_ridge	1.0	2	random_gate	0.8	2	91cdb5f583eecdcc824efcd39f2c59e6090c5189cbb4957374338d7b39e1f83b	261	209	61	0.8229665071770335	0.0	0.01639344262295082	0.01639344262295082	0.01284005054529586	169.0	0.0	0.7866871538753428
HER2ST_manual_controlled	HER2ST_G2_CONTROLLED__reverse	HER2ST_G2_CONTROLLED	HER2ST::G	reverse	uot	cost_features_500	multioutput_ridge	1.0	2	random_gate	0.8	3	91cdb5f583eecdcc824efcd39f2c59e6090c5189cbb4957374338d7b39e1f83b	261	209	61	0.8325358851674641	0.0	0.01639344262295082	0.01639344262295082	0.012795969301787755	168.0	0.0	0.7862856547479596
HER2ST_manual_controlled	HER2ST_G2_CONTROLLED__reverse	HER2ST_G2_CONTROLLED	HER2ST::G	reverse	uot	cost_features_500	multioutput_ridge	1.0	2	random_gate	0.8	4	91cdb5f583eecdcc824efcd39f2c59e6090c5189cbb4957374338d7b39e1f83b	261	209	61	0.8373205741626795	0.0	0.01639344262295082	0.01639344262295082	0.012759277080547308	169.0	0.0	0.7861778811078874
HER2ST_manual_controlled	HER2ST_G2_CONTROLLED__reverse	HER2ST_G2_CONTROLLED	HER2ST::G	reverse	uot	cost_features_500	multioutput_ridge	1.0	3	identity_no_training	0.0	0	91cdb5f583eecdcc824efcd39f2c59e6090c5189cbb4957374338d7b39e1f83b	253	0	69		0.9565217391304348	0.9855072463768116	0.9855072463768116	0.9678910544727637	1.0	0.9855072463768116	0.4117131793611286
HER2ST_manual_controlled	HER2ST_G2_CONTROLLED__reverse	HER2ST_G2_CONTROLLED	HER2ST::G	reverse	uot	cost_features_500	multioutput_ridge	1.0	3	all_top1	1.0	0	91cdb5f583eecdcc824efcd39f2c59e6090c5189cbb4957374338d7b39e1f83b	253	253	69	0.7509881422924901	0.014492753623188406	0.043478260869565216	0.10144927536231885	0.05381339475551327	64.0	0.9710144927536232	0.8709963235128941
HER2ST_manual_controlled	HER2ST_G2_CONTROLLED__reverse	HER2ST_G2_CONTROLLED	HER2ST::G	reverse	uot	cost_features_500	multioutput_ridge	1.0	3	max_probability_gate	0.8	0	91cdb5f583eecdcc824efcd39f2c59e6090c5189cbb4957374338d7b39e1f83b	253	203	69	0.7142857142857143	0.014492753623188406	0.057971014492753624	0.10144927536231885	0.051057822073087164	73.0	0.9710144927536232	0.8677613049243909
HER2ST_manual_controlled	HER2ST_G2_CONTROLLED__reverse	HER2ST_G2_CONTROLLED	HER2ST::G	reverse	uot	cost_features_500	multioutput_ridge	1.0	3	top2_margin_gate	0.8	0	91cdb5f583eecdcc824efcd39f2c59e6090c5189cbb4957374338d7b39e1f83b	253	203	69	0.896551724137931	0.014492753623188406	0.043478260869565216	0.10144927536231885	0.050019389847812505	68.0	0.9710144927536232	0.8703386140822956
HER2ST_manual_controlled	HER2ST_G2_CONTROLLED__reverse	HER2ST_G2_CONTROLLED	HER2ST::G	reverse	uot	cost_features_500	multioutput_ridge	1.0	3	oracle_truth	0.8	0	91cdb5f583eecdcc824efcd39f2c59e6090c5189cbb4957374338d7b39e1f83b	253	203	69	1.0	0.014492753623188406	0.043478260869565216	0.10144927536231885	0.05092567298640063	68.0	0.9710144927536232	0.871959569438045
HER2ST_manual_controlled	HER2ST_G2_CONTROLLED__reverse	HER2ST_G2_CONTROLLED	HER2ST::G	reverse	uot	cost_features_500	multioutput_ridge	1.0	3	random_gate	0.8	0	91cdb5f583eecdcc824efcd39f2c59e6090c5189cbb4957374338d7b39e1f83b	253	203	69	0.729064039408867	0.014492753623188406	0.043478260869565216	0.10144927536231885	0.04911769944586895	70.0	0.9710144927536232	0.8702365753909763
HER2ST_manual_controlled	HER2ST_G2_CONTROLLED__reverse	HER2ST_G2_CONTROLLED	HER2ST::G	reverse	uot	cost_features_500	multioutput_ridge	1.0	3	random_gate	0.8	1	91cdb5f583eecdcc824efcd39f2c59e6090c5189cbb4957374338d7b39e1f83b	253	203	69	0.7635467980295566	0.014492753623188406	0.043478260869565216	0.10144927536231885	0.0524318827767848	73.0	0.9710144927536232	0.868859881553539
HER2ST_manual_controlled	HER2ST_G2_CONTROLLED__reverse	HER2ST_G2_CONTROLLED	HER2ST::G	reverse	uot	cost_features_500	multioutput_ridge	1.0	3	random_gate	0.8	2	91cdb5f583eecdcc824efcd39f2c59e6090c5189cbb4957374338d7b39e1f83b	253	203	69	0.7438423645320197	0.014492753623188406	0.043478260869565216	0.10144927536231885	0.052672519375972046	68.0	0.9710144927536232	0.8706097947052968
HER2ST_manual_controlled	HER2ST_G2_CONTROLLED__reverse	HER2ST_G2_CONTROLLED	HER2ST::G	reverse	uot	cost_features_500	multioutput_ridge	1.0	3	random_gate	0.8	3	91cdb5f583eecdcc824efcd39f2c59e6090c5189cbb4957374338d7b39e1f83b	253	203	69	0.7438423645320197	0.014492753623188406	0.043478260869565216	0.10144927536231885	0.049953071931170365	71.0	0.9710144927536232	0.8702663325368
HER2ST_manual_controlled	HER2ST_G2_CONTROLLED__reverse	HER2ST_G2_CONTROLLED	HER2ST::G	reverse	uot	cost_features_500	multioutput_ridge	1.0	3	random_gate	0.8	4	91cdb5f583eecdcc824efcd39f2c59e6090c5189cbb4957374338d7b39e1f83b	253	203	69	0.7487684729064039	0.014492753623188406	0.043478260869565216	0.10144927536231885	0.04903360496232241	68.0	0.9710144927536232	0.8700146342425468
HER2ST_manual_controlled	HER2ST_G2_CONTROLLED__reverse	HER2ST_G2_CONTROLLED	HER2ST::G	reverse	uot	cost_features_500	multioutput_ridge	1.0	4	identity_no_training	0.0	0	91cdb5f583eecdcc824efcd39f2c59e6090c5189cbb4957374338d7b39e1f83b	251	0	71		0.971830985915493	0.971830985915493	0.9859154929577465	0.9751173708920188	1.0	0.971830985915493	0.421039156961622
HER2ST_manual_controlled	HER2ST_G2_CONTROLLED__reverse	HER2ST_G2_CONTROLLED	HER2ST::G	reverse	uot	cost_features_500	multioutput_ridge	1.0	4	all_top1	1.0	0	91cdb5f583eecdcc824efcd39f2c59e6090c5189cbb4957374338d7b39e1f83b	251	251	71	0.7450199203187251	0.0	0.014084507042253521	0.028169014084507043	0.017670629632151172	163.0	0.352112676056338	0.8080543301500788
HER2ST_manual_controlled	HER2ST_G2_CONTROLLED__reverse	HER2ST_G2_CONTROLLED	HER2ST::G	reverse	uot	cost_features_500	multioutput_ridge	1.0	4	max_probability_gate	0.8	0	91cdb5f583eecdcc824efcd39f2c59e6090c5189cbb4957374338d7b39e1f83b	251	201	71	0.7014925373134329	0.0	0.0	0.04225352112676056	0.017553823938292485	161.0	0.352112676056338	0.8053382339809448
HER2ST_manual_controlled	HER2ST_G2_CONTROLLED__reverse	HER2ST_G2_CONTROLLED	HER2ST::G	reverse	uot	cost_features_500	multioutput_ridge	1.0	4	top2_margin_gate	0.8	0	91cdb5f583eecdcc824efcd39f2c59e6090c5189cbb4957374338d7b39e1f83b	251	201	71	0.8805970149253731	0.0	0.014084507042253521	0.028169014084507043	0.01725412955698843	164.0	0.352112676056338	0.8084802925212516
HER2ST_manual_controlled	HER2ST_G2_CONTROLLED__reverse	HER2ST_G2_CONTROLLED	HER2ST::G	reverse	uot	cost_features_500	multioutput_ridge	1.0	4	oracle_truth	0.8	0	91cdb5f583eecdcc824efcd39f2c59e6090c5189cbb4957374338d7b39e1f83b	251	201	71	1.0	0.0	0.0	0.028169014084507043	0.016971485109285527	159.0	0.352112676056338	0.8117567312709322
HER2ST_manual_controlled	HER2ST_G2_CONTROLLED__reverse	HER2ST_G2_CONTROLLED	HER2ST::G	reverse	uot	cost_features_500	multioutput_ridge	1.0	4	random_gate	0.8	0	91cdb5f583eecdcc824efcd39f2c59e6090c5189cbb4957374338d7b39e1f83b	251	201	71	0.7213930348258707	0.0	0.0	0.028169014084507043	0.01677887800299232	162.0	0.352112676056338	0.8072297248140423
HER2ST_manual_controlled	HER2ST_G2_CONTROLLED__reverse	HER2ST_G2_CONTROLLED	HER2ST::G	reverse	uot	cost_features_500	multioutput_ridge	1.0	4	random_gate	0.8	1	91cdb5f583eecdcc824efcd39f2c59e6090c5189cbb4957374338d7b39e1f83b	251	201	71	0.7412935323383084	0.0	0.014084507042253521	0.028169014084507043	0.017261195242711573	166.0	0.352112676056338	0.8071503783139552
HER2ST_manual_controlled	HER2ST_G2_CONTROLLED__reverse	HER2ST_G2_CONTROLLED	HER2ST::G	reverse	uot	cost_features_500	multioutput_ridge	1.0	4	random_gate	0.8	2	91cdb5f583eecdcc824efcd39f2c59e6090c5189cbb4957374338d7b39e1f83b	251	201	71	0.746268656716418	0.0	0.014084507042253521	0.028169014084507043	0.01729947768684744	165.0	0.352112676056338	0.8068400099478817
HER2ST_manual_controlled	HER2ST_G2_CONTROLLED__reverse	HER2ST_G2_CONTROLLED	HER2ST::G	reverse	uot	cost_features_500	multioutput_ridge	1.0	4	random_gate	0.8	3	91cdb5f583eecdcc824efcd39f2c59e6090c5189cbb4957374338d7b39e1f83b	251	201	71	0.7562189054726368	0.0	0.0	0.028169014084507043	0.01740764221213043	165.0	0.352112676056338	0.808000507759069
HER2ST_manual_controlled	HER2ST_G2_CONTROLLED__reverse	HER2ST_G2_CONTROLLED	HER2ST::G	reverse	uot	cost_features_500	multioutput_ridge	1.0	4	random_gate	0.8	4	91cdb5f583eecdcc824efcd39f2c59e6090c5189cbb4957374338d7b39e1f83b	251	201	71	0.7313432835820896	0.0	0.014084507042253521	0.028169014084507043	0.016810797782980547	167.0	0.352112676056338	0.806693467561302
HER2ST_manual_controlled	HER2ST_G2_CONTROLLED__reverse	HER2ST_G2_CONTROLLED	HER2ST::G	reverse	row_softmax	cost_features_500	multioutput_ridge	1.0	0	identity_no_training	0.0	0	91cdb5f583eecdcc824efcd39f2c59e6090c5189cbb4957374338d7b39e1f83b	265	0	57		0.9824561403508771	1.0	1.0	0.9912280701754386	1.0	1.0	0.4193812298256334
HER2ST_manual_controlled	HER2ST_G2_CONTROLLED__reverse	HER2ST_G2_CONTROLLED	HER2ST::G	reverse	row_softmax	cost_features_500	multioutput_ridge	1.0	0	all_top1	1.0	0	91cdb5f583eecdcc824efcd39f2c59e6090c5189cbb4957374338d7b39e1f83b	265	265	57	0.7584905660377359	0.0	0.017543859649122806	0.017543859649122806	0.01695468146427223	265.0	0.3333333333333333	0.7397939850375638
HER2ST_manual_controlled	HER2ST_G2_CONTROLLED__reverse	HER2ST_G2_CONTROLLED	HER2ST::G	reverse	row_softmax	cost_features_500	multioutput_ridge	1.0	0	max_probability_gate	0.8	0	91cdb5f583eecdcc824efcd39f2c59e6090c5189cbb4957374338d7b39e1f83b	265	212	57	0.7452830188679245	0.0	0.017543859649122806	0.017543859649122806	0.013545919475900073	273.0	0.3333333333333333	0.7376221875908452
HER2ST_manual_controlled	HER2ST_G2_CONTROLLED__reverse	HER2ST_G2_CONTROLLED	HER2ST::G	reverse	row_softmax	cost_features_500	multioutput_ridge	1.0	0	top2_margin_gate	0.8	0	91cdb5f583eecdcc824efcd39f2c59e6090c5189cbb4957374338d7b39e1f83b	265	212	57	0.8679245283018868	0.0	0.017543859649122806	0.017543859649122806	0.013914170429043209	269.0	0.3333333333333333	0.7392458294719776
HER2ST_manual_controlled	HER2ST_G2_CONTROLLED__reverse	HER2ST_G2_CONTROLLED	HER2ST::G	reverse	row_softmax	cost_features_500	multioutput_ridge	1.0	0	oracle_truth	0.8	0	91cdb5f583eecdcc824efcd39f2c59e6090c5189cbb4957374338d7b39e1f83b	265	212	57	1.0	0.0	0.017543859649122806	0.017543859649122806	0.016810132173472974	265.0	0.3333333333333333	0.739704554880893
HER2ST_manual_controlled	HER2ST_G2_CONTROLLED__reverse	HER2ST_G2_CONTROLLED	HER2ST::G	reverse	row_softmax	cost_features_500	multioutput_ridge	1.0	0	random_gate	0.8	0	91cdb5f583eecdcc824efcd39f2c59e6090c5189cbb4957374338d7b39e1f83b	265	212	57	0.7877358490566038	0.0	0.017543859649122806	0.017543859649122806	0.016915948445889013	265.0	0.3333333333333333	0.7386403541739995
HER2ST_manual_controlled	HER2ST_G2_CONTROLLED__reverse	HER2ST_G2_CONTROLLED	HER2ST::G	reverse	row_softmax	cost_features_500	multioutput_ridge	1.0	0	random_gate	0.8	1	91cdb5f583eecdcc824efcd39f2c59e6090c5189cbb4957374338d7b39e1f83b	265	212	57	0.7594339622641509	0.0	0.017543859649122806	0.017543859649122806	0.013748773475845941	269.0	0.3333333333333333	0.7379679875373271
HER2ST_manual_controlled	HER2ST_G2_CONTROLLED__reverse	HER2ST_G2_CONTROLLED	HER2ST::G	reverse	row_softmax	cost_features_500	multioutput_ridge	1.0	0	random_gate	0.8	2	91cdb5f583eecdcc824efcd39f2c59e6090c5189cbb4957374338d7b39e1f83b	265	212	57	0.7264150943396226	0.0	0.017543859649122806	0.017543859649122806	0.016618807199786746	265.0	0.3333333333333333	0.7381214271221402
HER2ST_manual_controlled	HER2ST_G2_CONTROLLED__reverse	HER2ST_G2_CONTROLLED	HER2ST::G	reverse	row_softmax	cost_features_500	multioutput_ridge	1.0	0	random_gate	0.8	3	91cdb5f583eecdcc824efcd39f2c59e6090c5189cbb4957374338d7b39e1f83b	265	212	57	0.7641509433962265	0.0	0.017543859649122806	0.017543859649122806	0.013976629915757394	266.0	0.3333333333333333	0.7383713194956049
HER2ST_manual_controlled	HER2ST_G2_CONTROLLED__reverse	HER2ST_G2_CONTROLLED	HER2ST::G	reverse	row_softmax	cost_features_500	multioutput_ridge	1.0	0	random_gate	0.8	4	91cdb5f583eecdcc824efcd39f2c59e6090c5189cbb4957374338d7b39e1f83b	265	212	57	0.7735849056603774	0.0	0.017543859649122806	0.017543859649122806	0.013646888809999662	270.0	0.3333333333333333	0.7376528816609396
HER2ST_manual_controlled	HER2ST_G2_CONTROLLED__reverse	HER2ST_G2_CONTROLLED	HER2ST::G	reverse	row_softmax	cost_features_500	multioutput_ridge	1.0	1	identity_no_training	0.0	0	91cdb5f583eecdcc824efcd39f2c59e6090c5189cbb4957374338d7b39e1f83b	258	0	64		0.984375	1.0	1.0	0.9921875	1.0	0.984375	0.420670384255033
HER2ST_manual_controlled	HER2ST_G2_CONTROLLED__reverse	HER2ST_G2_CONTROLLED	HER2ST::G	reverse	row_softmax	cost_features_500	multioutput_ridge	1.0	1	all_top1	1.0	0	91cdb5f583eecdcc824efcd39f2c59e6090c5189cbb4957374338d7b39e1f83b	258	258	64	0.7558139534883721	0.0	0.0	0.0	0.005111033382469403	242.5	0.125	0.7475228700681645
HER2ST_manual_controlled	HER2ST_G2_CONTROLLED__reverse	HER2ST_G2_CONTROLLED	HER2ST::G	reverse	row_softmax	cost_features_500	multioutput_ridge	1.0	1	max_probability_gate	0.8	0	91cdb5f583eecdcc824efcd39f2c59e6090c5189cbb4957374338d7b39e1f83b	258	207	64	0.7246376811594203	0.0	0.0	0.0	0.004978896009688016	247.0	0.125	0.7454965996316394
HER2ST_manual_controlled	HER2ST_G2_CONTROLLED__reverse	HER2ST_G2_CONTROLLED	HER2ST::G	reverse	row_softmax	cost_features_500	multioutput_ridge	1.0	1	top2_margin_gate	0.8	0	91cdb5f583eecdcc824efcd39f2c59e6090c5189cbb4957374338d7b39e1f83b	258	207	64	0.855072463768116	0.0	0.0	0.0	0.005072411313656352	245.0	0.125	0.747930944798454
HER2ST_manual_controlled	HER2ST_G2_CONTROLLED__reverse	HER2ST_G2_CONTROLLED	HER2ST::G	reverse	row_softmax	cost_features_500	multioutput_ridge	1.0	1	oracle_truth	0.8	0	91cdb5f583eecdcc824efcd39f2c59e6090c5189cbb4957374338d7b39e1f83b	258	207	64	1.0	0.0	0.0	0.0	0.005141701392762782	245.0	0.125	0.7471993729044277
HER2ST_manual_controlled	HER2ST_G2_CONTROLLED__reverse	HER2ST_G2_CONTROLLED	HER2ST::G	reverse	row_softmax	cost_features_500	multioutput_ridge	1.0	1	random_gate	0.8	0	91cdb5f583eecdcc824efcd39f2c59e6090c5189cbb4957374338d7b39e1f83b	258	207	64	0.7294685990338164	0.0	0.0	0.0	0.0050230081561772316	248.5	0.125	0.7456154904743714
HER2ST_manual_controlled	HER2ST_G2_CONTROLLED__reverse	HER2ST_G2_CONTROLLED	HER2ST::G	reverse	row_softmax	cost_features_500	multioutput_ridge	1.0	1	random_gate	0.8	1	91cdb5f583eecdcc824efcd39f2c59e6090c5189cbb4957374338d7b39e1f83b	258	207	64	0.7536231884057971	0.0	0.0	0.0	0.005011522086950349	247.5	0.125	0.7463355064108479
HER2ST_manual_controlled	HER2ST_G2_CONTROLLED__reverse	HER2ST_G2_CONTROLLED	HER2ST::G	reverse	row_softmax	cost_features_500	multioutput_ridge	1.0	1	random_gate	0.8	2	91cdb5f583eecdcc824efcd39f2c59e6090c5189cbb4957374338d7b39e1f83b	258	207	64	0.748792270531401	0.0	0.0	0.0	0.005016796990919718	245.0	0.125	0.7459023119283424
HER2ST_manual_controlled	HER2ST_G2_CONTROLLED__reverse	HER2ST_G2_CONTROLLED	HER2ST::G	reverse	row_softmax	cost_features_500	multioutput_ridge	1.0	1	random_gate	0.8	3	91cdb5f583eecdcc824efcd39f2c59e6090c5189cbb4957374338d7b39e1f83b	258	207	64	0.748792270531401	0.0	0.0	0.0	0.005027418695204108	245.0	0.125	0.7459723818220185
HER2ST_manual_controlled	HER2ST_G2_CONTROLLED__reverse	HER2ST_G2_CONTROLLED	HER2ST::G	reverse	row_softmax	cost_features_500	multioutput_ridge	1.0	1	random_gate	0.8	4	91cdb5f583eecdcc824efcd39f2c59e6090c5189cbb4957374338d7b39e1f83b	258	207	64	0.748792270531401	0.0	0.0	0.0	0.005101758774348672	243.0	0.125	0.7466428338517492
HER2ST_manual_controlled	HER2ST_G2_CONTROLLED__reverse	HER2ST_G2_CONTROLLED	HER2ST::G	reverse	row_softmax	cost_features_500	multioutput_ridge	1.0	2	identity_no_training	0.0	0	91cdb5f583eecdcc824efcd39f2c59e6090c5189cbb4957374338d7b39e1f83b	261	0	61		1.0	1.0	1.0	1.0	1.0	1.0	0.4217217864144927
HER2ST_manual_controlled	HER2ST_G2_CONTROLLED__reverse	HER2ST_G2_CONTROLLED	HER2ST::G	reverse	row_softmax	cost_features_500	multioutput_ridge	1.0	2	all_top1	1.0	0	91cdb5f583eecdcc824efcd39f2c59e6090c5189cbb4957374338d7b39e1f83b	261	261	61	0.7931034482758621	0.0	0.01639344262295082	0.01639344262295082	0.012846290122007832	159.0	0.0	0.7864798839193753
HER2ST_manual_controlled	HER2ST_G2_CONTROLLED__reverse	HER2ST_G2_CONTROLLED	HER2ST::G	reverse	row_softmax	cost_features_500	multioutput_ridge	1.0	2	max_probability_gate	0.8	0	91cdb5f583eecdcc824efcd39f2c59e6090c5189cbb4957374338d7b39e1f83b	261	209	61	0.7751196172248804	0.0	0.01639344262295082	0.01639344262295082	0.01557683169437264	156.0	0.0	0.7847742520222465
HER2ST_manual_controlled	HER2ST_G2_CONTROLLED__reverse	HER2ST_G2_CONTROLLED	HER2ST::G	reverse	row_softmax	cost_features_500	multioutput_ridge	1.0	2	top2_margin_gate	0.8	0	91cdb5f583eecdcc824efcd39f2c59e6090c5189cbb4957374338d7b39e1f83b	261	209	61	0.8995215311004785	0.0	0.01639344262295082	0.01639344262295082	0.01281665173271523	164.0	0.0	0.7860951093670999
HER2ST_manual_controlled	HER2ST_G2_CONTROLLED__reverse	HER2ST_G2_CONTROLLED	HER2ST::G	reverse	row_softmax	cost_features_500	multioutput_ridge	1.0	2	oracle_truth	0.8	0	91cdb5f583eecdcc824efcd39f2c59e6090c5189cbb4957374338d7b39e1f83b	261	209	61	1.0	0.0	0.01639344262295082	0.01639344262295082	0.012915064363652418	166.0	0.0	0.7874431998471235
HER2ST_manual_controlled	HER2ST_G2_CONTROLLED__reverse	HER2ST_G2_CONTROLLED	HER2ST::G	reverse	row_softmax	cost_features_500	multioutput_ridge	1.0	2	random_gate	0.8	0	91cdb5f583eecdcc824efcd39f2c59e6090c5189cbb4957374338d7b39e1f83b	261	209	61	0.7799043062200957	0.0	0.01639344262295082	0.01639344262295082	0.012605732763829048	166.0	0.0	0.7847162102773337
HER2ST_manual_controlled	HER2ST_G2_CONTROLLED__reverse	HER2ST_G2_CONTROLLED	HER2ST::G	reverse	row_softmax	cost_features_500	multioutput_ridge	1.0	2	random_gate	0.8	1	91cdb5f583eecdcc824efcd39f2c59e6090c5189cbb4957374338d7b39e1f83b	261	209	61	0.7703349282296651	0.0	0.01639344262295082	0.01639344262295082	0.012467571055976859	171.0	0.0	0.784331394228108
HER2ST_manual_controlled	HER2ST_G2_CONTROLLED__reverse	HER2ST_G2_CONTROLLED	HER2ST::G	reverse	row_softmax	cost_features_500	multioutput_ridge	1.0	2	random_gate	0.8	2	91cdb5f583eecdcc824efcd39f2c59e6090c5189cbb4957374338d7b39e1f83b	261	209	61	0.7894736842105263	0.0	0.01639344262295082	0.01639344262295082	0.015327039260785404	167.0	0.0	0.7842228676811747
HER2ST_manual_controlled	HER2ST_G2_CONTROLLED__reverse	HER2ST_G2_CONTROLLED	HER2ST::G	reverse	row_softmax	cost_features_500	multioutput_ridge	1.0	2	random_gate	0.8	3	91cdb5f583eecdcc824efcd39f2c59e6090c5189cbb4957374338d7b39e1f83b	261	209	61	0.7990430622009569	0.0	0.01639344262295082	0.01639344262295082	0.012471928891520817	168.0	0.0	0.784237241798425
HER2ST_manual_controlled	HER2ST_G2_CONTROLLED__reverse	HER2ST_G2_CONTROLLED	HER2ST::G	reverse	row_softmax	cost_features_500	multioutput_ridge	1.0	2	random_gate	0.8	4	91cdb5f583eecdcc824efcd39f2c59e6090c5189cbb4957374338d7b39e1f83b	261	209	61	0.7942583732057417	0.0	0.01639344262295082	0.01639344262295082	0.012569298818217275	170.0	0.0	0.7845169981641255
HER2ST_manual_controlled	HER2ST_G2_CONTROLLED__reverse	HER2ST_G2_CONTROLLED	HER2ST::G	reverse	row_softmax	cost_features_500	multioutput_ridge	1.0	3	identity_no_training	0.0	0	91cdb5f583eecdcc824efcd39f2c59e6090c5189cbb4957374338d7b39e1f83b	253	0	69		0.9565217391304348	0.9855072463768116	0.9855072463768116	0.9678910544727637	1.0	0.9855072463768116	0.4117131793611286
HER2ST_manual_controlled	HER2ST_G2_CONTROLLED__reverse	HER2ST_G2_CONTROLLED	HER2ST::G	reverse	row_softmax	cost_features_500	multioutput_ridge	1.0	3	all_top1	1.0	0	91cdb5f583eecdcc824efcd39f2c59e6090c5189cbb4957374338d7b39e1f83b	253	253	69	0.8260869565217391	0.014492753623188406	0.043478260869565216	0.10144927536231885	0.04861784125732151	67.0	0.9710144927536232	0.8698473433727608
HER2ST_manual_controlled	HER2ST_G2_CONTROLLED__reverse	HER2ST_G2_CONTROLLED	HER2ST::G	reverse	row_softmax	cost_features_500	multioutput_ridge	1.0	3	max_probability_gate	0.8	0	91cdb5f583eecdcc824efcd39f2c59e6090c5189cbb4957374338d7b39e1f83b	253	203	69	0.8029556650246306	0.014492753623188406	0.028985507246376812	0.10144927536231885	0.046034963878183136	75.0	0.9710144927536232	0.8643413509333531
HER2ST_manual_controlled	HER2ST_G2_CONTROLLED__reverse	HER2ST_G2_CONTROLLED	HER2ST::G	reverse	row_softmax	cost_features_500	multioutput_ridge	1.0	3	top2_margin_gate	0.8	0	91cdb5f583eecdcc824efcd39f2c59e6090c5189cbb4957374338d7b39e1f83b	253	203	69	0.9211822660098522	0.014492753623188406	0.043478260869565216	0.10144927536231885	0.04778916460665422	69.0	0.9710144927536232	0.8684387431775015
HER2ST_manual_controlled	HER2ST_G2_CONTROLLED__reverse	HER2ST_G2_CONTROLLED	HER2ST::G	reverse	row_softmax	cost_features_500	multioutput_ridge	1.0	3	oracle_truth	0.8	0	91cdb5f583eecdcc824efcd39f2c59e6090c5189cbb4957374338d7b39e1f83b	253	203	69	1.0	0.014492753623188406	0.057971014492753624	0.08695652173913043	0.05281811860733847	72.0	0.9710144927536232	0.8712401197975552
HER2ST_manual_controlled	HER2ST_G2_CONTROLLED__reverse	HER2ST_G2_CONTROLLED	HER2ST::G	reverse	row_softmax	cost_features_500	multioutput_ridge	1.0	3	random_gate	0.8	0	91cdb5f583eecdcc824efcd39f2c59e6090c5189cbb4957374338d7b39e1f83b	253	203	69	0.8374384236453202	0.014492753623188406	0.043478260869565216	0.10144927536231885	0.04702436508752863	69.0	0.9710144927536232	0.8694820574163636
HER2ST_manual_controlled	HER2ST_G2_CONTROLLED__reverse	HER2ST_G2_CONTROLLED	HER2ST::G	reverse	row_softmax	cost_features_500	multioutput_ridge	1.0	3	random_gate	0.8	1	91cdb5f583eecdcc824efcd39f2c59e6090c5189cbb4957374338d7b39e1f83b	253	203	69	0.8275862068965517	0.014492753623188406	0.043478260869565216	0.08695652173913043	0.0476146648771794	68.0	0.9710144927536232	0.8688903101763437
HER2ST_manual_controlled	HER2ST_G2_CONTROLLED__reverse	HER2ST_G2_CONTROLLED	HER2ST::G	reverse	row_softmax	cost_features_500	multioutput_ridge	1.0	3	random_gate	0.8	2	91cdb5f583eecdcc824efcd39f2c59e6090c5189cbb4957374338d7b39e1f83b	253	203	69	0.8275862068965517	0.014492753623188406	0.043478260869565216	0.10144927536231885	0.047698424881433096	67.0	0.9710144927536232	0.868188006398002
HER2ST_manual_controlled	HER2ST_G2_CONTROLLED__reverse	HER2ST_G2_CONTROLLED	HER2ST::G	reverse	row_softmax	cost_features_500	multioutput_ridge	1.0	3	random_gate	0.8	3	91cdb5f583eecdcc824efcd39f2c59e6090c5189cbb4957374338d7b39e1f83b	253	203	69	0.8226600985221675	0.014492753623188406	0.043478260869565216	0.10144927536231885	0.04830662435399868	70.0	0.9710144927536232	0.8685796633016406
HER2ST_manual_controlled	HER2ST_G2_CONTROLLED__reverse	HER2ST_G2_CONTROLLED	HER2ST::G	reverse	row_softmax	cost_features_500	multioutput_ridge	1.0	3	random_gate	0.8	4	91cdb5f583eecdcc824efcd39f2c59e6090c5189cbb4957374338d7b39e1f83b	253	203	69	0.812807881773399	0.014492753623188406	0.028985507246376812	0.10144927536231885	0.04669513834513186	71.0	0.9710144927536232	0.8681815624365775
HER2ST_manual_controlled	HER2ST_G2_CONTROLLED__reverse	HER2ST_G2_CONTROLLED	HER2ST::G	reverse	row_softmax	cost_features_500	multioutput_ridge	1.0	4	identity_no_training	0.0	0	91cdb5f583eecdcc824efcd39f2c59e6090c5189cbb4957374338d7b39e1f83b	251	0	71		0.971830985915493	0.971830985915493	0.9859154929577465	0.9751173708920188	1.0	0.971830985915493	0.421039156961622
HER2ST_manual_controlled	HER2ST_G2_CONTROLLED__reverse	HER2ST_G2_CONTROLLED	HER2ST::G	reverse	row_softmax	cost_features_500	multioutput_ridge	1.0	4	all_top1	1.0	0	91cdb5f583eecdcc824efcd39f2c59e6090c5189cbb4957374338d7b39e1f83b	251	251	71	0.8764940239043825	0.0	0.014084507042253521	0.04225352112676056	0.018848856747950345	163.0	0.352112676056338	0.812464382294144
HER2ST_manual_controlled	HER2ST_G2_CONTROLLED__reverse	HER2ST_G2_CONTROLLED	HER2ST::G	reverse	row_softmax	cost_features_500	multioutput_ridge	1.0	4	max_probability_gate	0.8	0	91cdb5f583eecdcc824efcd39f2c59e6090c5189cbb4957374338d7b39e1f83b	251	201	71	0.8756218905472637	0.0	0.014084507042253521	0.028169014084507043	0.01946913489571373	166.0	0.352112676056338	0.810163287971186
HER2ST_manual_controlled	HER2ST_G2_CONTROLLED__reverse	HER2ST_G2_CONTROLLED	HER2ST::G	reverse	row_softmax	cost_features_500	multioutput_ridge	1.0	4	top2_margin_gate	0.8	0	91cdb5f583eecdcc824efcd39f2c59e6090c5189cbb4957374338d7b39e1f83b	251	201	71	0.9850746268656716	0.0	0.014084507042253521	0.028169014084507043	0.01863967915396468	164.0	0.352112676056338	0.8105109640540545
HER2ST_manual_controlled	HER2ST_G2_CONTROLLED__reverse	HER2ST_G2_CONTROLLED	HER2ST::G	reverse	row_softmax	cost_features_500	multioutput_ridge	1.0	4	oracle_truth	0.8	0	91cdb5f583eecdcc824efcd39f2c59e6090c5189cbb4957374338d7b39e1f83b	251	201	71	1.0	0.0	0.014084507042253521	0.028169014084507043	0.0179893684137731	166.0	0.352112676056338	0.8113733367945752
HER2ST_manual_controlled	HER2ST_G2_CONTROLLED__reverse	HER2ST_G2_CONTROLLED	HER2ST::G	reverse	row_softmax	cost_features_500	multioutput_ridge	1.0	4	random_gate	0.8	0	91cdb5f583eecdcc824efcd39f2c59e6090c5189cbb4957374338d7b39e1f83b	251	201	71	0.8606965174129353	0.0	0.014084507042253521	0.028169014084507043	0.01818925526271553	168.0	0.352112676056338	0.8115655114179294
HER2ST_manual_controlled	HER2ST_G2_CONTROLLED__reverse	HER2ST_G2_CONTROLLED	HER2ST::G	reverse	row_softmax	cost_features_500	multioutput_ridge	1.0	4	random_gate	0.8	1	91cdb5f583eecdcc824efcd39f2c59e6090c5189cbb4957374338d7b39e1f83b	251	201	71	0.8905472636815921	0.0	0.014084507042253521	0.028169014084507043	0.017918709702771235	167.0	0.352112676056338	0.8110173651730769
HER2ST_manual_controlled	HER2ST_G2_CONTROLLED__reverse	HER2ST_G2_CONTROLLED	HER2ST::G	reverse	row_softmax	cost_features_500	multioutput_ridge	1.0	4	random_gate	0.8	2	91cdb5f583eecdcc824efcd39f2c59e6090c5189cbb4957374338d7b39e1f83b	251	201	71	0.8756218905472637	0.0	0.0	0.04225352112676056	0.016937096617870465	165.0	0.352112676056338	0.8110308852850368
HER2ST_manual_controlled	HER2ST_G2_CONTROLLED__reverse	HER2ST_G2_CONTROLLED	HER2ST::G	reverse	row_softmax	cost_features_500	multioutput_ridge	1.0	4	random_gate	0.8	3	91cdb5f583eecdcc824efcd39f2c59e6090c5189cbb4957374338d7b39e1f83b	251	201	71	0.8805970149253731	0.0	0.0	0.028169014084507043	0.0175793473957632	167.0	0.352112676056338	0.8110664732159556
HER2ST_manual_controlled	HER2ST_G2_CONTROLLED__reverse	HER2ST_G2_CONTROLLED	HER2ST::G	reverse	row_softmax	cost_features_500	multioutput_ridge	1.0	4	random_gate	0.8	4	91cdb5f583eecdcc824efcd39f2c59e6090c5189cbb4957374338d7b39e1f83b	251	201	71	0.8855721393034826	0.0	0.014084507042253521	0.028169014084507043	0.018203141845958042	166.0	0.352112676056338	0.8107426097935642
HER2ST_manual_controlled	HER2ST_H1_CONTROLLED	HER2ST_H1_CONTROLLED	HER2ST::H	forward	balanced_ot	cost_features_500	multioutput_ridge	1.0	0	identity_no_training	0.0	0	97ffc778dd98cbb08712dff5eaa9e9a14719d7c1dbd5a094bbfe365362d883c5	336	0	88		1.0	1.0	1.0	1.0	1.0	1.0	0.41843541547172014
HER2ST_manual_controlled	HER2ST_H1_CONTROLLED	HER2ST_H1_CONTROLLED	HER2ST::H	forward	balanced_ot	cost_features_500	multioutput_ridge	1.0	0	all_top1	1.0	0	97ffc778dd98cbb08712dff5eaa9e9a14719d7c1dbd5a094bbfe365362d883c5	336	336	88	0.8154761904761905	0.011363636363636364	0.056818181818181816	0.10227272727272728	0.040803416233315626	175.5	0.06818181818181818	0.8015709924758493
HER2ST_manual_controlled	HER2ST_H1_CONTROLLED	HER2ST_H1_CONTROLLED	HER2ST::H	forward	balanced_ot	cost_features_500	multioutput_ridge	1.0	0	max_probability_gate	0.8	0	97ffc778dd98cbb08712dff5eaa9e9a14719d7c1dbd5a094bbfe365362d883c5	336	269	88	0.8029739776951673	0.011363636363636364	0.03409090909090909	0.09090909090909091	0.03431421526933221	183.5	0.10227272727272728	0.8004985297203678
HER2ST_manual_controlled	HER2ST_H1_CONTROLLED	HER2ST_H1_CONTROLLED	HER2ST::H	forward	balanced_ot	cost_features_500	multioutput_ridge	1.0	0	top2_margin_gate	0.8	0	97ffc778dd98cbb08712dff5eaa9e9a14719d7c1dbd5a094bbfe365362d883c5	336	269	88	0.9182156133828996	0.011363636363636364	0.06818181818181818	0.09090909090909091	0.036501112572664245	180.5	0.11363636363636363	0.8018004945860323
HER2ST_manual_controlled	HER2ST_H1_CONTROLLED	HER2ST_H1_CONTROLLED	HER2ST::H	forward	balanced_ot	cost_features_500	multioutput_ridge	1.0	0	oracle_truth	0.8	0	97ffc778dd98cbb08712dff5eaa9e9a14719d7c1dbd5a094bbfe365362d883c5	336	269	88	1.0	0.022727272727272728	0.06818181818181818	0.09090909090909091	0.048992000497386806	178.0	0.09090909090909091	0.8024537365593982
HER2ST_manual_controlled	HER2ST_H1_CONTROLLED	HER2ST_H1_CONTROLLED	HER2ST::H	forward	balanced_ot	cost_features_500	multioutput_ridge	1.0	0	random_gate	0.8	0	97ffc778dd98cbb08712dff5eaa9e9a14719d7c1dbd5a094bbfe365362d883c5	336	269	88	0.8066914498141264	0.011363636363636364	0.011363636363636364	0.09090909090909091	0.030324795713886063	188.5	0.03409090909090909	0.8004206745473723
HER2ST_manual_controlled	HER2ST_H1_CONTROLLED	HER2ST_H1_CONTROLLED	HER2ST::H	forward	balanced_ot	cost_features_500	multioutput_ridge	1.0	0	random_gate	0.8	1	97ffc778dd98cbb08712dff5eaa9e9a14719d7c1dbd5a094bbfe365362d883c5	336	269	88	0.8178438661710037	0.011363636363636364	0.045454545454545456	0.10227272727272728	0.03357292545407191	192.5	0.06818181818181818	0.8006895839034972
HER2ST_manual_controlled	HER2ST_H1_CONTROLLED	HER2ST_H1_CONTROLLED	HER2ST::H	forward	balanced_ot	cost_features_500	multioutput_ridge	1.0	0	random_gate	0.8	2	97ffc778dd98cbb08712dff5eaa9e9a14719d7c1dbd5a094bbfe365362d883c5	336	269	88	0.828996282527881	0.011363636363636364	0.056818181818181816	0.06818181818181818	0.034170686245652	193.5	0.03409090909090909	0.8005908638162975
HER2ST_manual_controlled	HER2ST_H1_CONTROLLED	HER2ST_H1_CONTROLLED	HER2ST::H	forward	balanced_ot	cost_features_500	multioutput_ridge	1.0	0	random_gate	0.8	3	97ffc778dd98cbb08712dff5eaa9e9a14719d7c1dbd5a094bbfe365362d883c5	336	269	88	0.8066914498141264	0.011363636363636364	0.045454545454545456	0.09090909090909091	0.033576031155675555	193.5	0.022727272727272728	0.8002788004532408
HER2ST_manual_controlled	HER2ST_H1_CONTROLLED	HER2ST_H1_CONTROLLED	HER2ST::H	forward	balanced_ot	cost_features_500	multioutput_ridge	1.0	0	random_gate	0.8	4	97ffc778dd98cbb08712dff5eaa9e9a14719d7c1dbd5a094bbfe365362d883c5	336	269	88	0.8252788104089219	0.011363636363636364	0.045454545454545456	0.09090909090909091	0.035742489513510035	184.0	0.056818181818181816	0.8011673326104102
HER2ST_manual_controlled	HER2ST_H1_CONTROLLED	HER2ST_H1_CONTROLLED	HER2ST::H	forward	balanced_ot	cost_features_500	multioutput_ridge	1.0	1	identity_no_training	0.0	0	97ffc778dd98cbb08712dff5eaa9e9a14719d7c1dbd5a094bbfe365362d883c5	332	0	92		0.9782608695652174	1.0	1.0	0.9891304347826086	1.0	0.9782608695652174	0.41712251287813196
HER2ST_manual_controlled	HER2ST_H1_CONTROLLED	HER2ST_H1_CONTROLLED	HER2ST::H	forward	balanced_ot	cost_features_500	multioutput_ridge	1.0	1	all_top1	1.0	0	97ffc778dd98cbb08712dff5eaa9e9a14719d7c1dbd5a094bbfe365362d883c5	332	332	92	0.9337349397590361	0.021739130434782608	0.03260869565217391	0.07608695652173914	0.04986317213908303	58.5	0.33695652173913043	0.8146964310487583
HER2ST_manual_controlled	HER2ST_H1_CONTROLLED	HER2ST_H1_CONTROLLED	HER2ST::H	forward	balanced_ot	cost_features_500	multioutput_ridge	1.0	1	max_probability_gate	0.8	0	97ffc778dd98cbb08712dff5eaa9e9a14719d7c1dbd5a094bbfe365362d883c5	332	266	92	0.9360902255639098	0.0	0.03260869565217391	0.05434782608695652	0.032670957342439515	77.0	0.43478260869565216	0.8118318062395266
HER2ST_manual_controlled	HER2ST_H1_CONTROLLED	HER2ST_H1_CONTROLLED	HER2ST::H	forward	balanced_ot	cost_features_500	multioutput_ridge	1.0	1	top2_margin_gate	0.8	0	97ffc778dd98cbb08712dff5eaa9e9a14719d7c1dbd5a094bbfe365362d883c5	332	266	92	1.0	0.010869565217391304	0.05434782608695652	0.10869565217391304	0.04845538275531787	74.5	0.14130434782608695	0.8146359636617195
HER2ST_manual_controlled	HER2ST_H1_CONTROLLED	HER2ST_H1_CONTROLLED	HER2ST::H	forward	balanced_ot	cost_features_500	multioutput_ridge	1.0	1	oracle_truth	0.8	0	97ffc778dd98cbb08712dff5eaa9e9a14719d7c1dbd5a094bbfe365362d883c5	332	266	92	1.0	0.010869565217391304	0.03260869565217391	0.06521739130434782	0.03798857051391143	64.0	0.30434782608695654	0.815920189433329
HER2ST_manual_controlled	HER2ST_H1_CONTROLLED	HER2ST_H1_CONTROLLED	HER2ST::H	forward	balanced_ot	cost_features_500	multioutput_ridge	1.0	1	random_gate	0.8	0	97ffc778dd98cbb08712dff5eaa9e9a14719d7c1dbd5a094bbfe365362d883c5	332	266	92	0.924812030075188	0.010869565217391304	0.021739130434782608	0.043478260869565216	0.03638316129206939	79.0	0.3695652173913043	0.8140225780027863
HER2ST_manual_controlled	HER2ST_H1_CONTROLLED	HER2ST_H1_CONTROLLED	HER2ST::H	forward	balanced_ot	cost_features_500	multioutput_ridge	1.0	1	random_gate	0.8	1	97ffc778dd98cbb08712dff5eaa9e9a14719d7c1dbd5a094bbfe365362d883c5	332	266	92	0.924812030075188	0.010869565217391304	0.010869565217391304	0.043478260869565216	0.03373045382010068	72.0	0.25	0.8135009562176492
HER2ST_manual_controlled	HER2ST_H1_CONTROLLED	HER2ST_H1_CONTROLLED	HER2ST::H	forward	balanced_ot	cost_features_500	multioutput_ridge	1.0	1	random_gate	0.8	2	97ffc778dd98cbb08712dff5eaa9e9a14719d7c1dbd5a094bbfe365362d883c5	332	266	92	0.9360902255639098	0.010869565217391304	0.03260869565217391	0.043478260869565216	0.036019892878491125	76.0	0.358695652173913	0.8139001533821765
HER2ST_manual_controlled	HER2ST_H1_CONTROLLED	HER2ST_H1_CONTROLLED	HER2ST::H	forward	balanced_ot	cost_features_500	multioutput_ridge	1.0	1	random_gate	0.8	3	97ffc778dd98cbb08712dff5eaa9e9a14719d7c1dbd5a094bbfe365362d883c5	332	266	92	0.9323308270676691	0.010869565217391304	0.021739130434782608	0.043478260869565216	0.035567050096037445	68.0	0.42391304347826086	0.8139350907689891
HER2ST_manual_controlled	HER2ST_H1_CONTROLLED	HER2ST_H1_CONTROLLED	HER2ST::H	forward	balanced_ot	cost_features_500	multioutput_ridge	1.0	1	random_gate	0.8	4	97ffc778dd98cbb08712dff5eaa9e9a14719d7c1dbd5a094bbfe365362d883c5	332	266	92	0.9360902255639098	0.010869565217391304	0.03260869565217391	0.043478260869565216	0.036931359687935594	74.0	0.2717391304347826	0.8141354573486745
HER2ST_manual_controlled	HER2ST_H1_CONTROLLED	HER2ST_H1_CONTROLLED	HER2ST::H	forward	balanced_ot	cost_features_500	multioutput_ridge	1.0	2	identity_no_training	0.0	0	97ffc778dd98cbb08712dff5eaa9e9a14719d7c1dbd5a094bbfe365362d883c5	343	0	81		0.9629629629629629	1.0	1.0	0.9783950617283951	1.0	0.9876543209876543	0.41298634689058145
HER2ST_manual_controlled	HER2ST_H1_CONTROLLED	HER2ST_H1_CONTROLLED	HER2ST::H	forward	balanced_ot	cost_features_500	multioutput_ridge	1.0	2	all_top1	1.0	0	97ffc778dd98cbb08712dff5eaa9e9a14719d7c1dbd5a094bbfe365362d883c5	343	343	81	0.8250728862973761	0.0	0.024691358024691357	0.037037037037037035	0.030129052381345393	87.0	0.1728395061728395	0.808158018301386
HER2ST_manual_controlled	HER2ST_H1_CONTROLLED	HER2ST_H1_CONTROLLED	HER2ST::H	forward	balanced_ot	cost_features_500	multioutput_ridge	1.0	2	max_probability_gate	0.8	0	97ffc778dd98cbb08712dff5eaa9e9a14719d7c1dbd5a094bbfe365362d883c5	343	275	81	0.8290909090909091	0.0	0.024691358024691357	0.024691358024691357	0.02812975322917646	98.0	0.1111111111111111	0.8066643634712427
HER2ST_manual_controlled	HER2ST_H1_CONTROLLED	HER2ST_H1_CONTROLLED	HER2ST::H	forward	balanced_ot	cost_features_500	multioutput_ridge	1.0	2	top2_margin_gate	0.8	0	97ffc778dd98cbb08712dff5eaa9e9a14719d7c1dbd5a094bbfe365362d883c5	343	275	81	0.9418181818181818	0.0	0.024691358024691357	0.024691358024691357	0.028299194249756975	96.0	0.13580246913580246	0.808746311943318
HER2ST_manual_controlled	HER2ST_H1_CONTROLLED	HER2ST_H1_CONTROLLED	HER2ST::H	forward	balanced_ot	cost_features_500	multioutput_ridge	1.0	2	oracle_truth	0.8	0	97ffc778dd98cbb08712dff5eaa9e9a14719d7c1dbd5a094bbfe365362d883c5	343	275	81	1.0	0.012345679012345678	0.012345679012345678	0.037037037037037035	0.03406205186574686	119.0	0.18518518518518517	0.8092588273246103
HER2ST_manual_controlled	HER2ST_H1_CONTROLLED	HER2ST_H1_CONTROLLED	HER2ST::H	forward	balanced_ot	cost_features_500	multioutput_ridge	1.0	2	random_gate	0.8	0	97ffc778dd98cbb08712dff5eaa9e9a14719d7c1dbd5a094bbfe365362d883c5	343	275	81	0.84	0.0	0.024691358024691357	0.037037037037037035	0.024627323075695033	117.0	0.1728395061728395	0.8074481266131512
HER2ST_manual_controlled	HER2ST_H1_CONTROLLED	HER2ST_H1_CONTROLLED	HER2ST::H	forward	balanced_ot	cost_features_500	multioutput_ridge	1.0	2	random_gate	0.8	1	97ffc778dd98cbb08712dff5eaa9e9a14719d7c1dbd5a094bbfe365362d883c5	343	275	81	0.8181818181818182	0.0	0.024691358024691357	0.06172839506172839	0.027087375412429063	119.0	0.1728395061728395	0.8072000795076475
HER2ST_manual_controlled	HER2ST_H1_CONTROLLED	HER2ST_H1_CONTROLLED	HER2ST::H	forward	balanced_ot	cost_features_500	multioutput_ridge	1.0	2	random_gate	0.8	2	97ffc778dd98cbb08712dff5eaa9e9a14719d7c1dbd5a094bbfe365362d883c5	343	275	81	0.8327272727272728	0.0	0.024691358024691357	0.024691358024691357	0.024412230144135266	113.0	0.18518518518518517	0.8072935311764737
HER2ST_manual_controlled	HER2ST_H1_CONTROLLED	HER2ST_H1_CONTROLLED	HER2ST::H	forward	balanced_ot	cost_features_500	multioutput_ridge	1.0	2	random_gate	0.8	3	97ffc778dd98cbb08712dff5eaa9e9a14719d7c1dbd5a094bbfe365362d883c5	343	275	81	0.8254545454545454	0.0	0.024691358024691357	0.037037037037037035	0.026522317244603855	124.0	0.16049382716049382	0.8071091399346583
HER2ST_manual_controlled	HER2ST_H1_CONTROLLED	HER2ST_H1_CONTROLLED	HER2ST::H	forward	balanced_ot	cost_features_500	multioutput_ridge	1.0	2	random_gate	0.8	4	97ffc778dd98cbb08712dff5eaa9e9a14719d7c1dbd5a094bbfe365362d883c5	343	275	81	0.8145454545454546	0.0	0.012345679012345678	0.024691358024691357	0.02613218931595336	114.0	0.1728395061728395	0.8073064102477937
HER2ST_manual_controlled	HER2ST_H1_CONTROLLED	HER2ST_H1_CONTROLLED	HER2ST::H	forward	balanced_ot	cost_features_500	multioutput_ridge	1.0	3	identity_no_training	0.0	0	97ffc778dd98cbb08712dff5eaa9e9a14719d7c1dbd5a094bbfe365362d883c5	339	0	85		0.9647058823529412	1.0	1.0	0.9803921568627452	1.0	0.9764705882352941	0.41960119688693664
HER2ST_manual_controlled	HER2ST_H1_CONTROLLED	HER2ST_H1_CONTROLLED	HER2ST::H	forward	balanced_ot	cost_features_500	multioutput_ridge	1.0	3	all_top1	1.0	0	97ffc778dd98cbb08712dff5eaa9e9a14719d7c1dbd5a094bbfe365362d883c5	339	339	85	0.8672566371681416	0.023529411764705882	0.047058823529411764	0.10588235294117647	0.05674921762712825	64.0	0.3411764705882353	0.8137854949300963
HER2ST_manual_controlled	HER2ST_H1_CONTROLLED	HER2ST_H1_CONTROLLED	HER2ST::H	forward	balanced_ot	cost_features_500	multioutput_ridge	1.0	3	max_probability_gate	0.8	0	97ffc778dd98cbb08712dff5eaa9e9a14719d7c1dbd5a094bbfe365362d883c5	339	272	85	0.875	0.0	0.07058823529411765	0.08235294117647059	0.03813804677964523	73.0	0.3176470588235294	0.8106665909788623
HER2ST_manual_controlled	HER2ST_H1_CONTROLLED	HER2ST_H1_CONTROLLED	HER2ST::H	forward	balanced_ot	cost_features_500	multioutput_ridge	1.0	3	top2_margin_gate	0.8	0	97ffc778dd98cbb08712dff5eaa9e9a14719d7c1dbd5a094bbfe365362d883c5	339	272	85	0.9852941176470589	0.023529411764705882	0.047058823529411764	0.09411764705882353	0.05196259702509168	90.0	0.24705882352941178	0.812366359994305
HER2ST_manual_controlled	HER2ST_H1_CONTROLLED	HER2ST_H1_CONTROLLED	HER2ST::H	forward	balanced_ot	cost_features_500	multioutput_ridge	1.0	3	oracle_truth	0.8	0	97ffc778dd98cbb08712dff5eaa9e9a14719d7c1dbd5a094bbfe365362d883c5	339	272	85	1.0	0.011764705882352941	0.03529411764705882	0.07058823529411765	0.038358033640293825	87.0	0.25882352941176473	0.8133814569450422
HER2ST_manual_controlled	HER2ST_H1_CONTROLLED	HER2ST_H1_CONTROLLED	HER2ST::H	forward	balanced_ot	cost_features_500	multioutput_ridge	1.0	3	random_gate	0.8	0	97ffc778dd98cbb08712dff5eaa9e9a14719d7c1dbd5a094bbfe365362d883c5	339	272	85	0.8676470588235294	0.011764705882352941	0.023529411764705882	0.08235294117647059	0.04193862707211867	72.0	0.2823529411764706	0.812638334067913
HER2ST_manual_controlled	HER2ST_H1_CONTROLLED	HER2ST_H1_CONTROLLED	HER2ST::H	forward	balanced_ot	cost_features_500	multioutput_ridge	1.0	3	random_gate	0.8	1	97ffc778dd98cbb08712dff5eaa9e9a14719d7c1dbd5a094bbfe365362d883c5	339	272	85	0.8713235294117647	0.011764705882352941	0.047058823529411764	0.09411764705882353	0.04570829943746462	75.0	0.25882352941176473	0.8126392652843611
HER2ST_manual_controlled	HER2ST_H1_CONTROLLED	HER2ST_H1_CONTROLLED	HER2ST::H	forward	balanced_ot	cost_features_500	multioutput_ridge	1.0	3	random_gate	0.8	2	97ffc778dd98cbb08712dff5eaa9e9a14719d7c1dbd5a094bbfe365362d883c5	339	272	85	0.8566176470588235	0.023529411764705882	0.023529411764705882	0.10588235294117647	0.048699487530446846	77.0	0.32941176470588235	0.8125632544145941
HER2ST_manual_controlled	HER2ST_H1_CONTROLLED	HER2ST_H1_CONTROLLED	HER2ST::H	forward	balanced_ot	cost_features_500	multioutput_ridge	1.0	3	random_gate	0.8	3	97ffc778dd98cbb08712dff5eaa9e9a14719d7c1dbd5a094bbfe365362d883c5	339	272	85	0.8529411764705882	0.023529411764705882	0.03529411764705882	0.08235294117647059	0.048321630786196675	71.0	0.32941176470588235	0.8129004013906285
HER2ST_manual_controlled	HER2ST_H1_CONTROLLED	HER2ST_H1_CONTROLLED	HER2ST::H	forward	balanced_ot	cost_features_500	multioutput_ridge	1.0	3	random_gate	0.8	4	97ffc778dd98cbb08712dff5eaa9e9a14719d7c1dbd5a094bbfe365362d883c5	339	272	85	0.8676470588235294	0.011764705882352941	0.023529411764705882	0.09411764705882353	0.04277193009077698	74.0	0.27058823529411763	0.8128008013934505
HER2ST_manual_controlled	HER2ST_H1_CONTROLLED	HER2ST_H1_CONTROLLED	HER2ST::H	forward	balanced_ot	cost_features_500	multioutput_ridge	1.0	4	identity_no_training	0.0	0	97ffc778dd98cbb08712dff5eaa9e9a14719d7c1dbd5a094bbfe365362d883c5	346	0	78		0.9871794871794872	1.0	1.0	0.9935897435897436	1.0	1.0	0.4127810077849969
HER2ST_manual_controlled	HER2ST_H1_CONTROLLED	HER2ST_H1_CONTROLLED	HER2ST::H	forward	balanced_ot	cost_features_500	multioutput_ridge	1.0	4	all_top1	1.0	0	97ffc778dd98cbb08712dff5eaa9e9a14719d7c1dbd5a094bbfe365362d883c5	346	346	78	0.8179190751445087	0.0	0.01282051282051282	0.038461538461538464	0.018526680621589634	150.0	0.08974358974358974	0.7998941459627547
HER2ST_manual_controlled	HER2ST_H1_CONTROLLED	HER2ST_H1_CONTROLLED	HER2ST::H	forward	balanced_ot	cost_features_500	multioutput_ridge	1.0	4	max_probability_gate	0.8	0	97ffc778dd98cbb08712dff5eaa9e9a14719d7c1dbd5a094bbfe365362d883c5	346	277	78	0.8050541516245487	0.0	0.0	0.02564102564102564	0.015966566954727403	162.0	0.11538461538461539	0.7991364468279295
HER2ST_manual_controlled	HER2ST_H1_CONTROLLED	HER2ST_H1_CONTROLLED	HER2ST::H	forward	balanced_ot	cost_features_500	multioutput_ridge	1.0	4	top2_margin_gate	0.8	0	97ffc778dd98cbb08712dff5eaa9e9a14719d7c1dbd5a094bbfe365362d883c5	346	277	78	0.9205776173285198	0.0	0.0	0.0641025641025641	0.018624302039809575	156.0	0.0641025641025641	0.8003898119077282
HER2ST_manual_controlled	HER2ST_H1_CONTROLLED	HER2ST_H1_CONTROLLED	HER2ST::H	forward	balanced_ot	cost_features_500	multioutput_ridge	1.0	4	oracle_truth	0.8	0	97ffc778dd98cbb08712dff5eaa9e9a14719d7c1dbd5a094bbfe365362d883c5	346	277	78	1.0	0.0	0.0	0.02564102564102564	0.01622819695375819	152.5	0.0641025641025641	0.8006274995866418
HER2ST_manual_controlled	HER2ST_H1_CONTROLLED	HER2ST_H1_CONTROLLED	HER2ST::H	forward	balanced_ot	cost_features_500	multioutput_ridge	1.0	4	random_gate	0.8	0	97ffc778dd98cbb08712dff5eaa9e9a14719d7c1dbd5a094bbfe365362d883c5	346	277	78	0.8231046931407943	0.0	0.0	0.02564102564102564	0.015360827109095263	164.5	0.07692307692307693	0.7994106001199066
HER2ST_manual_controlled	HER2ST_H1_CONTROLLED	HER2ST_H1_CONTROLLED	HER2ST::H	forward	balanced_ot	cost_features_500	multioutput_ridge	1.0	4	random_gate	0.8	1	97ffc778dd98cbb08712dff5eaa9e9a14719d7c1dbd5a094bbfe365362d883c5	346	277	78	0.8194945848375451	0.0	0.01282051282051282	0.02564102564102564	0.01568990197539633	168.5	0.05128205128205128	0.7985873287872105
HER2ST_manual_controlled	HER2ST_H1_CONTROLLED	HER2ST_H1_CONTROLLED	HER2ST::H	forward	balanced_ot	cost_features_500	multioutput_ridge	1.0	4	random_gate	0.8	2	97ffc778dd98cbb08712dff5eaa9e9a14719d7c1dbd5a094bbfe365362d883c5	346	277	78	0.8231046931407943	0.0	0.0	0.01282051282051282	0.014990742538265893	173.0	0.08974358974358974	0.7987445138796312
HER2ST_manual_controlled	HER2ST_H1_CONTROLLED	HER2ST_H1_CONTROLLED	HER2ST::H	forward	balanced_ot	cost_features_500	multioutput_ridge	1.0	4	random_gate	0.8	3	97ffc778dd98cbb08712dff5eaa9e9a14719d7c1dbd5a094bbfe365362d883c5	346	277	78	0.8122743682310469	0.0	0.0	0.01282051282051282	0.014655950923059536	169.5	0.05128205128205128	0.7987675296923908
HER2ST_manual_controlled	HER2ST_H1_CONTROLLED	HER2ST_H1_CONTROLLED	HER2ST::H	forward	balanced_ot	cost_features_500	multioutput_ridge	1.0	4	random_gate	0.8	4	97ffc778dd98cbb08712dff5eaa9e9a14719d7c1dbd5a094bbfe365362d883c5	346	277	78	0.8267148014440433	0.0	0.0	0.02564102564102564	0.014641449034054664	172.5	0.11538461538461539	0.7988556410107801
HER2ST_manual_controlled	HER2ST_H1_CONTROLLED	HER2ST_H1_CONTROLLED	HER2ST::H	forward	uot	cost_features_500	multioutput_ridge	1.0	0	identity_no_training	0.0	0	97ffc778dd98cbb08712dff5eaa9e9a14719d7c1dbd5a094bbfe365362d883c5	336	0	88		1.0	1.0	1.0	1.0	1.0	1.0	0.41843541547172014
HER2ST_manual_controlled	HER2ST_H1_CONTROLLED	HER2ST_H1_CONTROLLED	HER2ST::H	forward	uot	cost_features_500	multioutput_ridge	1.0	0	all_top1	1.0	0	97ffc778dd98cbb08712dff5eaa9e9a14719d7c1dbd5a094bbfe365362d883c5	336	336	88	0.8630952380952381	0.011363636363636364	0.056818181818181816	0.11363636363636363	0.040307667765530235	173.5	0.06818181818181818	0.8018598607498927
HER2ST_manual_controlled	HER2ST_H1_CONTROLLED	HER2ST_H1_CONTROLLED	HER2ST::H	forward	uot	cost_features_500	multioutput_ridge	1.0	0	max_probability_gate	0.8	0	97ffc778dd98cbb08712dff5eaa9e9a14719d7c1dbd5a094bbfe365362d883c5	336	269	88	0.8475836431226765	0.011363636363636364	0.03409090909090909	0.09090909090909091	0.03464361949691213	180.0	0.07954545454545454	0.8006578474107635
HER2ST_manual_controlled	HER2ST_H1_CONTROLLED	HER2ST_H1_CONTROLLED	HER2ST::H	forward	uot	cost_features_500	multioutput_ridge	1.0	0	top2_margin_gate	0.8	0	97ffc778dd98cbb08712dff5eaa9e9a14719d7c1dbd5a094bbfe365362d883c5	336	269	88	0.9702602230483272	0.011363636363636364	0.056818181818181816	0.09090909090909091	0.037799877538359165	181.5	0.10227272727272728	0.8024561195268156
HER2ST_manual_controlled	HER2ST_H1_CONTROLLED	HER2ST_H1_CONTROLLED	HER2ST::H	forward	uot	cost_features_500	multioutput_ridge	1.0	0	oracle_truth	0.8	0	97ffc778dd98cbb08712dff5eaa9e9a14719d7c1dbd5a094bbfe365362d883c5	336	269	88	1.0	0.011363636363636364	0.045454545454545456	0.10227272727272728	0.03703629573364972	174.5	0.06818181818181818	0.8021535910662094
HER2ST_manual_controlled	HER2ST_H1_CONTROLLED	HER2ST_H1_CONTROLLED	HER2ST::H	forward	uot	cost_features_500	multioutput_ridge	1.0	0	random_gate	0.8	0	97ffc778dd98cbb08712dff5eaa9e9a14719d7c1dbd5a094bbfe365362d883c5	336	269	88	0.8661710037174721	0.011363636363636364	0.045454545454545456	0.07954545454545454	0.03329044892940155	186.5	0.07954545454545454	0.801205225502067
HER2ST_manual_controlled	HER2ST_H1_CONTROLLED	HER2ST_H1_CONTROLLED	HER2ST::H	forward	uot	cost_features_500	multioutput_ridge	1.0	0	random_gate	0.8	1	97ffc778dd98cbb08712dff5eaa9e9a14719d7c1dbd5a094bbfe365362d883c5	336	269	88	0.8773234200743495	0.011363636363636364	0.056818181818181816	0.07954545454545454	0.03651315766464794	184.0	0.11363636363636363	0.801176572233286
HER2ST_manual_controlled	HER2ST_H1_CONTROLLED	HER2ST_H1_CONTROLLED	HER2ST::H	forward	uot	cost_features_500	multioutput_ridge	1.0	0	random_gate	0.8	2	97ffc778dd98cbb08712dff5eaa9e9a14719d7c1dbd5a094bbfe365362d883c5	336	269	88	0.8698884758364313	0.011363636363636364	0.045454545454545456	0.10227272727272728	0.03253047055895017	190.5	0.06818181818181818	0.8010209996768527
HER2ST_manual_controlled	HER2ST_H1_CONTROLLED	HER2ST_H1_CONTROLLED	HER2ST::H	forward	uot	cost_features_500	multioutput_ridge	1.0	0	random_gate	0.8	3	97ffc778dd98cbb08712dff5eaa9e9a14719d7c1dbd5a094bbfe365362d883c5	336	269	88	0.8587360594795539	0.011363636363636364	0.022727272727272728	0.07954545454545454	0.03129772981544103	189.0	0.06818181818181818	0.8003614484363893
HER2ST_manual_controlled	HER2ST_H1_CONTROLLED	HER2ST_H1_CONTROLLED	HER2ST::H	forward	uot	cost_features_500	multioutput_ridge	1.0	0	random_gate	0.8	4	97ffc778dd98cbb08712dff5eaa9e9a14719d7c1dbd5a094bbfe365362d883c5	336	269	88	0.8661710037174721	0.011363636363636364	0.06818181818181818	0.09090909090909091	0.0360698404576905	180.0	0.045454545454545456	0.801430063385877
HER2ST_manual_controlled	HER2ST_H1_CONTROLLED	HER2ST_H1_CONTROLLED	HER2ST::H	forward	uot	cost_features_500	multioutput_ridge	1.0	1	identity_no_training	0.0	0	97ffc778dd98cbb08712dff5eaa9e9a14719d7c1dbd5a094bbfe365362d883c5	332	0	92		0.9782608695652174	1.0	1.0	0.9891304347826086	1.0	0.9782608695652174	0.41712251287813196
HER2ST_manual_controlled	HER2ST_H1_CONTROLLED	HER2ST_H1_CONTROLLED	HER2ST::H	forward	uot	cost_features_500	multioutput_ridge	1.0	1	all_top1	1.0	0	97ffc778dd98cbb08712dff5eaa9e9a14719d7c1dbd5a094bbfe365362d883c5	332	332	92	0.9789156626506024	0.021739130434782608	0.043478260869565216	0.10869565217391304	0.051719146450290784	57.0	0.22826086956521738	0.8161613849561542
HER2ST_manual_controlled	HER2ST_H1_CONTROLLED	HER2ST_H1_CONTROLLED	HER2ST::H	forward	uot	cost_features_500	multioutput_ridge	1.0	1	max_probability_gate	0.8	0	97ffc778dd98cbb08712dff5eaa9e9a14719d7c1dbd5a094bbfe365362d883c5	332	266	92	0.9849624060150376	0.021739130434782608	0.043478260869565216	0.06521739130434782	0.048427930022284835	74.0	0.2391304347826087	0.8141866447822813
HER2ST_manual_controlled	HER2ST_H1_CONTROLLED	HER2ST_H1_CONTROLLED	HER2ST::H	forward	uot	cost_features_500	multioutput_ridge	1.0	1	top2_margin_gate	0.8	0	97ffc778dd98cbb08712dff5eaa9e9a14719d7c1dbd5a094bbfe365362d883c5	332	266	92	1.0	0.010869565217391304	0.05434782608695652	0.08695652173913043	0.04741317160224765	70.0	0.17391304347826086	0.8146826582907458
HER2ST_manual_controlled	HER2ST_H1_CONTROLLED	HER2ST_H1_CONTROLLED	HER2ST::H	forward	uot	cost_features_500	multioutput_ridge	1.0	1	oracle_truth	0.8	0	97ffc778dd98cbb08712dff5eaa9e9a14719d7c1dbd5a094bbfe365362d883c5	332	266	92	1.0	0.021739130434782608	0.043478260869565216	0.07608695652173914	0.04894346082855368	63.5	0.2608695652173913	0.8160533687855053
HER2ST_manual_controlled	HER2ST_H1_CONTROLLED	HER2ST_H1_CONTROLLED	HER2ST::H	forward	uot	cost_features_500	multioutput_ridge	1.0	1	random_gate	0.8	0	97ffc778dd98cbb08712dff5eaa9e9a14719d7c1dbd5a094bbfe365362d883c5	332	266	92	0.9736842105263158	0.010869565217391304	0.021739130434782608	0.06521739130434782	0.03700606234204716	73.0	0.22826086956521738	0.8152792914286916
HER2ST_manual_controlled	HER2ST_H1_CONTROLLED	HER2ST_H1_CONTROLLED	HER2ST::H	forward	uot	cost_features_500	multioutput_ridge	1.0	1	random_gate	0.8	1	97ffc778dd98cbb08712dff5eaa9e9a14719d7c1dbd5a094bbfe365362d883c5	332	266	92	0.981203007518797	0.010869565217391304	0.03260869565217391	0.05434782608695652	0.03772890166070846	72.0	0.21739130434782608	0.8153587098342683
HER2ST_manual_controlled	HER2ST_H1_CONTROLLED	HER2ST_H1_CONTROLLED	HER2ST::H	forward	uot	cost_features_500	multioutput_ridge	1.0	1	random_gate	0.8	2	97ffc778dd98cbb08712dff5eaa9e9a14719d7c1dbd5a094bbfe365362d883c5	332	266	92	0.9736842105263158	0.010869565217391304	0.03260869565217391	0.06521739130434782	0.03839432915765837	77.5	0.2391304347826087	0.8152307704503695
HER2ST_manual_controlled	HER2ST_H1_CONTROLLED	HER2ST_H1_CONTROLLED	HER2ST::H	forward	uot	cost_features_500	multioutput_ridge	1.0	1	random_gate	0.8	3	97ffc778dd98cbb08712dff5eaa9e9a14719d7c1dbd5a094bbfe365362d883c5	332	266	92	0.9774436090225563	0.010869565217391304	0.021739130434782608	0.043478260869565216	0.036693467294922046	67.5	0.21739130434782608	0.8154325350821017
HER2ST_manual_controlled	HER2ST_H1_CONTROLLED	HER2ST_H1_CONTROLLED	HER2ST::H	forward	uot	cost_features_500	multioutput_ridge	1.0	1	random_gate	0.8	4	97ffc778dd98cbb08712dff5eaa9e9a14719d7c1dbd5a094bbfe365362d883c5	332	266	92	0.981203007518797	0.010869565217391304	0.03260869565217391	0.06521739130434782	0.03824214315357353	70.5	0.17391304347826086	0.8153794633379983
HER2ST_manual_controlled	HER2ST_H1_CONTROLLED	HER2ST_H1_CONTROLLED	HER2ST::H	forward	uot	cost_features_500	multioutput_ridge	1.0	2	identity_no_training	0.0	0	97ffc778dd98cbb08712dff5eaa9e9a14719d7c1dbd5a094bbfe365362d883c5	343	0	81		0.9629629629629629	1.0	1.0	0.9783950617283951	1.0	0.9876543209876543	0.41298634689058145
HER2ST_manual_controlled	HER2ST_H1_CONTROLLED	HER2ST_H1_CONTROLLED	HER2ST::H	forward	uot	cost_features_500	multioutput_ridge	1.0	2	all_top1	1.0	0	97ffc778dd98cbb08712dff5eaa9e9a14719d7c1dbd5a094bbfe365362d883c5	343	343	81	0.8658892128279884	0.0	0.024691358024691357	0.12345679012345678	0.03608081428333606	95.0	0.1728395061728395	0.8088230886084892
HER2ST_manual_controlled	HER2ST_H1_CONTROLLED	HER2ST_H1_CONTROLLED	HER2ST::H	forward	uot	cost_features_500	multioutput_ridge	1.0	2	max_probability_gate	0.8	0	97ffc778dd98cbb08712dff5eaa9e9a14719d7c1dbd5a094bbfe365362d883c5	343	275	81	0.8654545454545455	0.0	0.024691358024691357	0.04938271604938271	0.02880274133661392	104.0	0.13580246913580246	0.8075068643299226
HER2ST_manual_controlled	HER2ST_H1_CONTROLLED	HER2ST_H1_CONTROLLED	HER2ST::H	forward	uot	cost_features_500	multioutput_ridge	1.0	2	top2_margin_gate	0.8	0	97ffc778dd98cbb08712dff5eaa9e9a14719d7c1dbd5a094bbfe365362d883c5	343	275	81	0.9781818181818182	0.012345679012345678	0.024691358024691357	0.07407407407407407	0.03624498010263493	96.0	0.1728395061728395	0.8092666307829961
HER2ST_manual_controlled	HER2ST_H1_CONTROLLED	HER2ST_H1_CONTROLLED	HER2ST::H	forward	uot	cost_features_500	multioutput_ridge	1.0	2	oracle_truth	0.8	0	97ffc778dd98cbb08712dff5eaa9e9a14719d7c1dbd5a094bbfe365362d883c5	343	275	81	1.0	0.012345679012345678	0.012345679012345678	0.07407407407407407	0.03612599088390903	116.0	0.19753086419753085	0.8093800160167879
HER2ST_manual_controlled	HER2ST_H1_CONTROLLED	HER2ST_H1_CONTROLLED	HER2ST::H	forward	uot	cost_features_500	multioutput_ridge	1.0	2	random_gate	0.8	0	97ffc778dd98cbb08712dff5eaa9e9a14719d7c1dbd5a094bbfe365362d883c5	343	275	81	0.8690909090909091	0.0	0.024691358024691357	0.07407407407407407	0.03157341932275841	105.0	0.16049382716049382	0.808196964932103
HER2ST_manual_controlled	HER2ST_H1_CONTROLLED	HER2ST_H1_CONTROLLED	HER2ST::H	forward	uot	cost_features_500	multioutput_ridge	1.0	2	random_gate	0.8	1	97ffc778dd98cbb08712dff5eaa9e9a14719d7c1dbd5a094bbfe365362d883c5	343	275	81	0.8727272727272727	0.0	0.024691358024691357	0.06172839506172839	0.028448485238174746	106.0	0.14814814814814814	0.8078828555007544
HER2ST_manual_controlled	HER2ST_H1_CONTROLLED	HER2ST_H1_CONTROLLED	HER2ST::H	forward	uot	cost_features_500	multioutput_ridge	1.0	2	random_gate	0.8	2	97ffc778dd98cbb08712dff5eaa9e9a14719d7c1dbd5a094bbfe365362d883c5	343	275	81	0.8690909090909091	0.0	0.012345679012345678	0.08641975308641975	0.02914091841689057	101.0	0.19753086419753085	0.8075812152618138
HER2ST_manual_controlled	HER2ST_H1_CONTROLLED	HER2ST_H1_CONTROLLED	HER2ST::H	forward	uot	cost_features_500	multioutput_ridge	1.0	2	random_gate	0.8	3	97ffc778dd98cbb08712dff5eaa9e9a14719d7c1dbd5a094bbfe365362d883c5	343	275	81	0.8545454545454545	0.0	0.012345679012345678	0.06172839506172839	0.02816058367571074	116.0	0.18518518518518517	0.8075377203371251
HER2ST_manual_controlled	HER2ST_H1_CONTROLLED	HER2ST_H1_CONTROLLED	HER2ST::H	forward	uot	cost_features_500	multioutput_ridge	1.0	2	random_gate	0.8	4	97ffc778dd98cbb08712dff5eaa9e9a14719d7c1dbd5a094bbfe365362d883c5	343	275	81	0.8581818181818182	0.0	0.012345679012345678	0.07407407407407407	0.029337712174161295	116.0	0.19753086419753085	0.8076213280781686
HER2ST_manual_controlled	HER2ST_H1_CONTROLLED	HER2ST_H1_CONTROLLED	HER2ST::H	forward	uot	cost_features_500	multioutput_ridge	1.0	3	identity_no_training	0.0	0	97ffc778dd98cbb08712dff5eaa9e9a14719d7c1dbd5a094bbfe365362d883c5	339	0	85		0.9647058823529412	1.0	1.0	0.9803921568627452	1.0	0.9764705882352941	0.41960119688693664
HER2ST_manual_controlled	HER2ST_H1_CONTROLLED	HER2ST_H1_CONTROLLED	HER2ST::H	forward	uot	cost_features_500	multioutput_ridge	1.0	3	all_top1	1.0	0	97ffc778dd98cbb08712dff5eaa9e9a14719d7c1dbd5a094bbfe365362d883c5	339	339	85	0.8849557522123894	0.023529411764705882	0.047058823529411764	0.11764705882352941	0.05195742868997505	65.0	0.3176470588235294	0.8129449328703287
HER2ST_manual_controlled	HER2ST_H1_CONTROLLED	HER2ST_H1_CONTROLLED	HER2ST::H	forward	uot	cost_features_500	multioutput_ridge	1.0	3	max_probability_gate	0.8	0	97ffc778dd98cbb08712dff5eaa9e9a14719d7c1dbd5a094bbfe365362d883c5	339	272	85	0.8786764705882353	0.011764705882352941	0.03529411764705882	0.058823529411764705	0.04076894943615998	75.0	0.2823529411764706	0.8101978235329593
HER2ST_manual_controlled	HER2ST_H1_CONTROLLED	HER2ST_H1_CONTROLLED	HER2ST::H	forward	uot	cost_features_500	multioutput_ridge	1.0	3	top2_margin_gate	0.8	0	97ffc778dd98cbb08712dff5eaa9e9a14719d7c1dbd5a094bbfe365362d883c5	339	272	85	0.9816176470588235	0.023529411764705882	0.023529411764705882	0.09411764705882353	0.0485645537826281	77.0	0.24705882352941178	0.8124297536856585
HER2ST_manual_controlled	HER2ST_H1_CONTROLLED	HER2ST_H1_CONTROLLED	HER2ST::H	forward	uot	cost_features_500	multioutput_ridge	1.0	3	oracle_truth	0.8	0	97ffc778dd98cbb08712dff5eaa9e9a14719d7c1dbd5a094bbfe365362d883c5	339	272	85	1.0	0.011764705882352941	0.023529411764705882	0.08235294117647059	0.04035980476789435	80.0	0.2823529411764706	0.8137959454609479
HER2ST_manual_controlled	HER2ST_H1_CONTROLLED	HER2ST_H1_CONTROLLED	HER2ST::H	forward	uot	cost_features_500	multioutput_ridge	1.0	3	random_gate	0.8	0	97ffc778dd98cbb08712dff5eaa9e9a14719d7c1dbd5a094bbfe365362d883c5	339	272	85	0.8860294117647058	0.011764705882352941	0.03529411764705882	0.058823529411764705	0.03749908325386486	89.0	0.3176470588235294	0.8114902516636294
HER2ST_manual_controlled	HER2ST_H1_CONTROLLED	HER2ST_H1_CONTROLLED	HER2ST::H	forward	uot	cost_features_500	multioutput_ridge	1.0	3	random_gate	0.8	1	97ffc778dd98cbb08712dff5eaa9e9a14719d7c1dbd5a094bbfe365362d883c5	339	272	85	0.8786764705882353	0.011764705882352941	0.03529411764705882	0.058823529411764705	0.03738384850776687	85.0	0.32941176470588235	0.8114846083699724
HER2ST_manual_controlled	HER2ST_H1_CONTROLLED	HER2ST_H1_CONTROLLED	HER2ST::H	forward	uot	cost_features_500	multioutput_ridge	1.0	3	random_gate	0.8	2	97ffc778dd98cbb08712dff5eaa9e9a14719d7c1dbd5a094bbfe365362d883c5	339	272	85	0.8786764705882353	0.011764705882352941	0.047058823529411764	0.07058823529411765	0.037384602841508706	91.0	0.3058823529411765	0.811897855769949
HER2ST_manual_controlled	HER2ST_H1_CONTROLLED	HER2ST_H1_CONTROLLED	HER2ST::H	forward	uot	cost_features_500	multioutput_ridge	1.0	3	random_gate	0.8	3	97ffc778dd98cbb08712dff5eaa9e9a14719d7c1dbd5a094bbfe365362d883c5	339	272	85	0.8823529411764706	0.0	0.03529411764705882	0.07058823529411765	0.030248612183489048	85.0	0.3058823529411765	0.8116153211665599
HER2ST_manual_controlled	HER2ST_H1_CONTROLLED	HER2ST_H1_CONTROLLED	HER2ST::H	forward	uot	cost_features_500	multioutput_ridge	1.0	3	random_gate	0.8	4	97ffc778dd98cbb08712dff5eaa9e9a14719d7c1dbd5a094bbfe365362d883c5	339	272	85	0.8823529411764706	0.011764705882352941	0.047058823529411764	0.08235294117647059	0.03822712041026236	77.0	0.24705882352941178	0.8120723174237907
HER2ST_manual_controlled	HER2ST_H1_CONTROLLED	HER2ST_H1_CONTROLLED	HER2ST::H	forward	uot	cost_features_500	multioutput_ridge	1.0	4	identity_no_training	0.0	0	97ffc778dd98cbb08712dff5eaa9e9a14719d7c1dbd5a094bbfe365362d883c5	346	0	78		0.9871794871794872	1.0	1.0	0.9935897435897436	1.0	1.0	0.4127810077849969
HER2ST_manual_controlled	HER2ST_H1_CONTROLLED	HER2ST_H1_CONTROLLED	HER2ST::H	forward	uot	cost_features_500	multioutput_ridge	1.0	4	all_top1	1.0	0	97ffc778dd98cbb08712dff5eaa9e9a14719d7c1dbd5a094bbfe365362d883c5	346	346	78	0.8670520231213873	0.0	0.02564102564102564	0.038461538461538464	0.021801528749552584	152.0	0.0641025641025641	0.8001457009682228
HER2ST_manual_controlled	HER2ST_H1_CONTROLLED	HER2ST_H1_CONTROLLED	HER2ST::H	forward	uot	cost_features_500	multioutput_ridge	1.0	4	max_probability_gate	0.8	0	97ffc778dd98cbb08712dff5eaa9e9a14719d7c1dbd5a094bbfe365362d883c5	346	277	78	0.851985559566787	0.0	0.02564102564102564	0.038461538461538464	0.020666572390140574	158.5	0.10256410256410256	0.799358756967109
HER2ST_manual_controlled	HER2ST_H1_CONTROLLED	HER2ST_H1_CONTROLLED	HER2ST::H	forward	uot	cost_features_500	multioutput_ridge	1.0	4	top2_margin_gate	0.8	0	97ffc778dd98cbb08712dff5eaa9e9a14719d7c1dbd5a094bbfe365362d883c5	346	277	78	0.9711191335740073	0.0	0.01282051282051282	0.05128205128205128	0.021406337414313026	154.0	0.0641025641025641	0.8008561346139693
HER2ST_manual_controlled	HER2ST_H1_CONTROLLED	HER2ST_H1_CONTROLLED	HER2ST::H	forward	uot	cost_features_500	multioutput_ridge	1.0	4	oracle_truth	0.8	0	97ffc778dd98cbb08712dff5eaa9e9a14719d7c1dbd5a094bbfe365362d883c5	346	277	78	1.0	0.0	0.01282051282051282	0.038461538461538464	0.019159012867669287	150.0	0.07692307692307693	0.8008089061679966
HER2ST_manual_controlled	HER2ST_H1_CONTROLLED	HER2ST_H1_CONTROLLED	HER2ST::H	forward	uot	cost_features_500	multioutput_ridge	1.0	4	random_gate	0.8	0	97ffc778dd98cbb08712dff5eaa9e9a14719d7c1dbd5a094bbfe365362d883c5	346	277	78	0.8628158844765343	0.0	0.0	0.02564102564102564	0.01503156656767087	166.0	0.038461538461538464	0.7990528653824661
HER2ST_manual_controlled	HER2ST_H1_CONTROLLED	HER2ST_H1_CONTROLLED	HER2ST::H	forward	uot	cost_features_500	multioutput_ridge	1.0	4	random_gate	0.8	1	97ffc778dd98cbb08712dff5eaa9e9a14719d7c1dbd5a094bbfe365362d883c5	346	277	78	0.8628158844765343	0.0	0.0	0.038461538461538464	0.01583437755195772	176.0	0.05128205128205128	0.798788770702162
HER2ST_manual_controlled	HER2ST_H1_CONTROLLED	HER2ST_H1_CONTROLLED	HER2ST::H	forward	uot	cost_features_500	multioutput_ridge	1.0	4	random_gate	0.8	2	97ffc778dd98cbb08712dff5eaa9e9a14719d7c1dbd5a094bbfe365362d883c5	346	277	78	0.8628158844765343	0.0	0.01282051282051282	0.038461538461538464	0.017669746995065704	181.0	0.0641025641025641	0.7989782008776015
HER2ST_manual_controlled	HER2ST_H1_CONTROLLED	HER2ST_H1_CONTROLLED	HER2ST::H	forward	uot	cost_features_500	multioutput_ridge	1.0	4	random_gate	0.8	3	97ffc778dd98cbb08712dff5eaa9e9a14719d7c1dbd5a094bbfe365362d883c5	346	277	78	0.8664259927797834	0.0	0.01282051282051282	0.038461538461538464	0.0163561379492753	167.0	0.05128205128205128	0.7987181951056035
HER2ST_manual_controlled	HER2ST_H1_CONTROLLED	HER2ST_H1_CONTROLLED	HER2ST::H	forward	uot	cost_features_500	multioutput_ridge	1.0	4	random_gate	0.8	4	97ffc778dd98cbb08712dff5eaa9e9a14719d7c1dbd5a094bbfe365362d883c5	346	277	78	0.8592057761732852	0.0	0.01282051282051282	0.038461538461538464	0.01798877498404126	170.5	0.07692307692307693	0.7990811576079648
HER2ST_manual_controlled	HER2ST_H1_CONTROLLED	HER2ST_H1_CONTROLLED	HER2ST::H	forward	row_softmax	cost_features_500	multioutput_ridge	1.0	0	identity_no_training	0.0	0	97ffc778dd98cbb08712dff5eaa9e9a14719d7c1dbd5a094bbfe365362d883c5	336	0	88		1.0	1.0	1.0	1.0	1.0	1.0	0.41843541547172014
HER2ST_manual_controlled	HER2ST_H1_CONTROLLED	HER2ST_H1_CONTROLLED	HER2ST::H	forward	row_softmax	cost_features_500	multioutput_ridge	1.0	0	all_top1	1.0	0	97ffc778dd98cbb08712dff5eaa9e9a14719d7c1dbd5a094bbfe365362d883c5	336	336	88	0.9077380952380952	0.022727272727272728	0.06818181818181818	0.10227272727272728	0.05088261867006782	171.0	0.045454545454545456	0.8024298019667391
HER2ST_manual_controlled	HER2ST_H1_CONTROLLED	HER2ST_H1_CONTROLLED	HER2ST::H	forward	row_softmax	cost_features_500	multioutput_ridge	1.0	0	max_probability_gate	0.8	0	97ffc778dd98cbb08712dff5eaa9e9a14719d7c1dbd5a094bbfe365362d883c5	336	269	88	0.9219330855018587	0.0	0.056818181818181816	0.10227272727272728	0.031386152342652435	181.0	0.011363636363636364	0.8017393279620386
HER2ST_manual_controlled	HER2ST_H1_CONTROLLED	HER2ST_H1_CONTROLLED	HER2ST::H	forward	row_softmax	cost_features_500	multioutput_ridge	1.0	0	top2_margin_gate	0.8	0	97ffc778dd98cbb08712dff5eaa9e9a14719d7c1dbd5a094bbfe365362d883c5	336	269	88	0.9962825278810409	0.011363636363636364	0.056818181818181816	0.10227272727272728	0.03635285734125158	177.0	0.06818181818181818	0.8026190266088894
HER2ST_manual_controlled	HER2ST_H1_CONTROLLED	HER2ST_H1_CONTROLLED	HER2ST::H	forward	row_softmax	cost_features_500	multioutput_ridge	1.0	0	oracle_truth	0.8	0	97ffc778dd98cbb08712dff5eaa9e9a14719d7c1dbd5a094bbfe365362d883c5	336	269	88	1.0	0.011363636363636364	0.06818181818181818	0.10227272727272728	0.04087053137215899	177.0	0.07954545454545454	0.80238107783714
HER2ST_manual_controlled	HER2ST_H1_CONTROLLED	HER2ST_H1_CONTROLLED	HER2ST::H	forward	row_softmax	cost_features_500	multioutput_ridge	1.0	0	random_gate	0.8	0	97ffc778dd98cbb08712dff5eaa9e9a14719d7c1dbd5a094bbfe365362d883c5	336	269	88	0.895910780669145	0.022727272727272728	0.045454545454545456	0.10227272727272728	0.04649028869665457	187.5	0.06818181818181818	0.8017954169453977
HER2ST_manual_controlled	HER2ST_H1_CONTROLLED	HER2ST_H1_CONTROLLED	HER2ST::H	forward	row_softmax	cost_features_500	multioutput_ridge	1.0	0	random_gate	0.8	1	97ffc778dd98cbb08712dff5eaa9e9a14719d7c1dbd5a094bbfe365362d883c5	336	269	88	0.9033457249070632	0.0	0.045454545454545456	0.10227272727272728	0.029606497848462962	178.5	0.011363636363636364	0.8011946902391841
HER2ST_manual_controlled	HER2ST_H1_CONTROLLED	HER2ST_H1_CONTROLLED	HER2ST::H	forward	row_softmax	cost_features_500	multioutput_ridge	1.0	0	random_gate	0.8	2	97ffc778dd98cbb08712dff5eaa9e9a14719d7c1dbd5a094bbfe365362d883c5	336	269	88	0.9033457249070632	0.011363636363636364	0.056818181818181816	0.09090909090909091	0.03573675914307564	181.0	0.03409090909090909	0.8014189293127907
HER2ST_manual_controlled	HER2ST_H1_CONTROLLED	HER2ST_H1_CONTROLLED	HER2ST::H	forward	row_softmax	cost_features_500	multioutput_ridge	1.0	0	random_gate	0.8	3	97ffc778dd98cbb08712dff5eaa9e9a14719d7c1dbd5a094bbfe365362d883c5	336	269	88	0.9070631970260223	0.011363636363636364	0.056818181818181816	0.09090909090909091	0.033381681932649614	183.0	0.045454545454545456	0.8015028325662917
HER2ST_manual_controlled	HER2ST_H1_CONTROLLED	HER2ST_H1_CONTROLLED	HER2ST::H	forward	row_softmax	cost_features_500	multioutput_ridge	1.0	0	random_gate	0.8	4	97ffc778dd98cbb08712dff5eaa9e9a14719d7c1dbd5a094bbfe365362d883c5	336	269	88	0.9107806691449815	0.011363636363636364	0.056818181818181816	0.10227272727272728	0.03612696703870431	181.0	0.03409090909090909	0.8014781730162661
HER2ST_manual_controlled	HER2ST_H1_CONTROLLED	HER2ST_H1_CONTROLLED	HER2ST::H	forward	row_softmax	cost_features_500	multioutput_ridge	1.0	1	identity_no_training	0.0	0	97ffc778dd98cbb08712dff5eaa9e9a14719d7c1dbd5a094bbfe365362d883c5	332	0	92		0.9782608695652174	1.0	1.0	0.9891304347826086	1.0	0.9782608695652174	0.41712251287813196
HER2ST_manual_controlled	HER2ST_H1_CONTROLLED	HER2ST_H1_CONTROLLED	HER2ST::H	forward	row_softmax	cost_features_500	multioutput_ridge	1.0	1	all_top1	1.0	0	97ffc778dd98cbb08712dff5eaa9e9a14719d7c1dbd5a094bbfe365362d883c5	332	332	92	0.9789156626506024	0.021739130434782608	0.06521739130434782	0.10869565217391304	0.054750876428939395	58.0	0.29347826086956524	0.8164920410550429
HER2ST_manual_controlled	HER2ST_H1_CONTROLLED	HER2ST_H1_CONTROLLED	HER2ST::H	forward	row_softmax	cost_features_500	multioutput_ridge	1.0	1	max_probability_gate	0.8	0	97ffc778dd98cbb08712dff5eaa9e9a14719d7c1dbd5a094bbfe365362d883c5	332	266	92	0.9887218045112782	0.021739130434782608	0.043478260869565216	0.09782608695652174	0.051922153341368536	65.0	0.32608695652173914	0.8158128946905139
HER2ST_manual_controlled	HER2ST_H1_CONTROLLED	HER2ST_H1_CONTROLLED	HER2ST::H	forward	row_softmax	cost_features_500	multioutput_ridge	1.0	1	top2_margin_gate	0.8	0	97ffc778dd98cbb08712dff5eaa9e9a14719d7c1dbd5a094bbfe365362d883c5	332	266	92	1.0	0.010869565217391304	0.043478260869565216	0.07608695652173914	0.04307832928370059	68.5	0.20652173913043478	0.8149970494484807
HER2ST_manual_controlled	HER2ST_H1_CONTROLLED	HER2ST_H1_CONTROLLED	HER2ST::H	forward	row_softmax	cost_features_500	multioutput_ridge	1.0	1	oracle_truth	0.8	0	97ffc778dd98cbb08712dff5eaa9e9a14719d7c1dbd5a094bbfe365362d883c5	332	266	92	1.0	0.010869565217391304	0.021739130434782608	0.05434782608695652	0.03676862280349298	65.5	0.2608695652173913	0.8158499352938824
HER2ST_manual_controlled	HER2ST_H1_CONTROLLED	HER2ST_H1_CONTROLLED	HER2ST::H	forward	row_softmax	cost_features_500	multioutput_ridge	1.0	1	random_gate	0.8	0	97ffc778dd98cbb08712dff5eaa9e9a14719d7c1dbd5a094bbfe365362d883c5	332	266	92	0.981203007518797	0.010869565217391304	0.043478260869565216	0.06521739130434782	0.03966302178603085	73.0	0.2826086956521739	0.8156728032611439
HER2ST_manual_controlled	HER2ST_H1_CONTROLLED	HER2ST_H1_CONTROLLED	HER2ST::H	forward	row_softmax	cost_features_500	multioutput_ridge	1.0	1	random_gate	0.8	1	97ffc778dd98cbb08712dff5eaa9e9a14719d7c1dbd5a094bbfe365362d883c5	332	266	92	0.981203007518797	0.010869565217391304	0.03260869565217391	0.06521739130434782	0.039691272722741734	71.0	0.34782608695652173	0.815571444810795
HER2ST_manual_controlled	HER2ST_H1_CONTROLLED	HER2ST_H1_CONTROLLED	HER2ST::H	forward	row_softmax	cost_features_500	multioutput_ridge	1.0	1	random_gate	0.8	2	97ffc778dd98cbb08712dff5eaa9e9a14719d7c1dbd5a094bbfe365362d883c5	332	266	92	0.9887218045112782	0.0	0.03260869565217391	0.05434782608695652	0.03556668772236355	72.5	0.21739130434782608	0.815747733450168
HER2ST_manual_controlled	HER2ST_H1_CONTROLLED	HER2ST_H1_CONTROLLED	HER2ST::H	forward	row_softmax	cost_features_500	multioutput_ridge	1.0	1	random_gate	0.8	3	97ffc778dd98cbb08712dff5eaa9e9a14719d7c1dbd5a094bbfe365362d883c5	332	266	92	0.981203007518797	0.010869565217391304	0.05434782608695652	0.08695652173913043	0.04094534989621518	72.5	0.33695652173913043	0.8154650356626824
HER2ST_manual_controlled	HER2ST_H1_CONTROLLED	HER2ST_H1_CONTROLLED	HER2ST::H	forward	row_softmax	cost_features_500	multioutput_ridge	1.0	1	random_gate	0.8	4	97ffc778dd98cbb08712dff5eaa9e9a14719d7c1dbd5a094bbfe365362d883c5	332	266	92	0.9774436090225563	0.010869565217391304	0.043478260869565216	0.06521739130434782	0.03776308632883053	72.5	0.32608695652173914	0.8154720777146549
HER2ST_manual_controlled	HER2ST_H1_CONTROLLED	HER2ST_H1_CONTROLLED	HER2ST::H	forward	row_softmax	cost_features_500	multioutput_ridge	1.0	2	identity_no_training	0.0	0	97ffc778dd98cbb08712dff5eaa9e9a14719d7c1dbd5a094bbfe365362d883c5	343	0	81		0.9629629629629629	1.0	1.0	0.9783950617283951	1.0	0.9876543209876543	0.41298634689058145
HER2ST_manual_controlled	HER2ST_H1_CONTROLLED	HER2ST_H1_CONTROLLED	HER2ST::H	forward	row_softmax	cost_features_500	multioutput_ridge	1.0	2	all_top1	1.0	0	97ffc778dd98cbb08712dff5eaa9e9a14719d7c1dbd5a094bbfe365362d883c5	343	343	81	0.9154518950437318	0.0	0.012345679012345678	0.08641975308641975	0.03229428291392347	99.0	0.19753086419753085	0.8091281794320816
HER2ST_manual_controlled	HER2ST_H1_CONTROLLED	HER2ST_H1_CONTROLLED	HER2ST::H	forward	row_softmax	cost_features_500	multioutput_ridge	1.0	2	max_probability_gate	0.8	0	97ffc778dd98cbb08712dff5eaa9e9a14719d7c1dbd5a094bbfe365362d883c5	343	275	81	0.9272727272727272	0.0	0.037037037037037035	0.06172839506172839	0.033843376281468156	124.0	0.13580246913580246	0.8082595434032173
HER2ST_manual_controlled	HER2ST_H1_CONTROLLED	HER2ST_H1_CONTROLLED	HER2ST::H	forward	row_softmax	cost_features_500	multioutput_ridge	1.0	2	top2_margin_gate	0.8	0	97ffc778dd98cbb08712dff5eaa9e9a14719d7c1dbd5a094bbfe365362d883c5	343	275	81	1.0	0.0	0.024691358024691357	0.07407407407407407	0.03012578221779523	103.0	0.1728395061728395	0.8093816508991046
HER2ST_manual_controlled	HER2ST_H1_CONTROLLED	HER2ST_H1_CONTROLLED	HER2ST::H	forward	row_softmax	cost_features_500	multioutput_ridge	1.0	2	oracle_truth	0.8	0	97ffc778dd98cbb08712dff5eaa9e9a14719d7c1dbd5a094bbfe365362d883c5	343	275	81	1.0	0.0	0.012345679012345678	0.08641975308641975	0.029297153560941508	116.0	0.18518518518518517	0.8093392868930043
HER2ST_manual_controlled	HER2ST_H1_CONTROLLED	HER2ST_H1_CONTROLLED	HER2ST::H	forward	row_softmax	cost_features_500	multioutput_ridge	1.0	2	random_gate	0.8	0	97ffc778dd98cbb08712dff5eaa9e9a14719d7c1dbd5a094bbfe365362d883c5	343	275	81	0.9236363636363636	0.0	0.012345679012345678	0.037037037037037035	0.023386394798809426	101.0	0.1728395061728395	0.8084870392870277
HER2ST_manual_controlled	HER2ST_H1_CONTROLLED	HER2ST_H1_CONTROLLED	HER2ST::H	forward	row_softmax	cost_features_500	multioutput_ridge	1.0	2	random_gate	0.8	1	97ffc778dd98cbb08712dff5eaa9e9a14719d7c1dbd5a094bbfe365362d883c5	343	275	81	0.9054545454545454	0.012345679012345678	0.024691358024691357	0.04938271604938271	0.035169252407881726	119.0	0.1728395061728395	0.8082769162375696
HER2ST_manual_controlled	HER2ST_H1_CONTROLLED	HER2ST_H1_CONTROLLED	HER2ST::H	forward	row_softmax	cost_features_500	multioutput_ridge	1.0	2	random_gate	0.8	2	97ffc778dd98cbb08712dff5eaa9e9a14719d7c1dbd5a094bbfe365362d883c5	343	275	81	0.9163636363636364	0.0	0.012345679012345678	0.024691358024691357	0.025930608534923714	114.0	0.08641975308641975	0.8078441782994009
HER2ST_manual_controlled	HER2ST_H1_CONTROLLED	HER2ST_H1_CONTROLLED	HER2ST::H	forward	row_softmax	cost_features_500	multioutput_ridge	1.0	2	random_gate	0.8	3	97ffc778dd98cbb08712dff5eaa9e9a14719d7c1dbd5a094bbfe365362d883c5	343	275	81	0.9127272727272727	0.012345679012345678	0.012345679012345678	0.024691358024691357	0.03269415670939672	115.0	0.19753086419753085	0.8082552047965167
HER2ST_manual_controlled	HER2ST_H1_CONTROLLED	HER2ST_H1_CONTROLLED	HER2ST::H	forward	row_softmax	cost_features_500	multioutput_ridge	1.0	2	random_gate	0.8	4	97ffc778dd98cbb08712dff5eaa9e9a14719d7c1dbd5a094bbfe365362d883c5	343	275	81	0.92	0.012345679012345678	0.012345679012345678	0.037037037037037035	0.033308954881954844	122.0	0.18518518518518517	0.8083431595543525
HER2ST_manual_controlled	HER2ST_H1_CONTROLLED	HER2ST_H1_CONTROLLED	HER2ST::H	forward	row_softmax	cost_features_500	multioutput_ridge	1.0	3	identity_no_training	0.0	0	97ffc778dd98cbb08712dff5eaa9e9a14719d7c1dbd5a094bbfe365362d883c5	339	0	85		0.9647058823529412	1.0	1.0	0.9803921568627452	1.0	0.9764705882352941	0.41960119688693664
HER2ST_manual_controlled	HER2ST_H1_CONTROLLED	HER2ST_H1_CONTROLLED	HER2ST::H	forward	row_softmax	cost_features_500	multioutput_ridge	1.0	3	all_top1	1.0	0	97ffc778dd98cbb08712dff5eaa9e9a14719d7c1dbd5a094bbfe365362d883c5	339	339	85	0.9203539823008849	0.023529411764705882	0.07058823529411765	0.11764705882352941	0.056848645660123855	74.0	0.2823529411764706	0.8137280210815586
HER2ST_manual_controlled	HER2ST_H1_CONTROLLED	HER2ST_H1_CONTROLLED	HER2ST::H	forward	row_softmax	cost_features_500	multioutput_ridge	1.0	3	max_probability_gate	0.8	0	97ffc778dd98cbb08712dff5eaa9e9a14719d7c1dbd5a094bbfe365362d883c5	339	272	85	0.9227941176470589	0.011764705882352941	0.03529411764705882	0.09411764705882353	0.041986331282386734	75.0	0.2823529411764706	0.812891923569312
HER2ST_manual_controlled	HER2ST_H1_CONTROLLED	HER2ST_H1_CONTROLLED	HER2ST::H	forward	row_softmax	cost_features_500	multioutput_ridge	1.0	3	top2_margin_gate	0.8	0	97ffc778dd98cbb08712dff5eaa9e9a14719d7c1dbd5a094bbfe365362d883c5	339	272	85	1.0	0.023529411764705882	0.03529411764705882	0.08235294117647059	0.05004290789101952	93.0	0.29411764705882354	0.8133234552211155
HER2ST_manual_controlled	HER2ST_H1_CONTROLLED	HER2ST_H1_CONTROLLED	HER2ST::H	forward	row_softmax	cost_features_500	multioutput_ridge	1.0	3	oracle_truth	0.8	0	97ffc778dd98cbb08712dff5eaa9e9a14719d7c1dbd5a094bbfe365362d883c5	339	272	85	1.0	0.011764705882352941	0.023529411764705882	0.08235294117647059	0.03871989623682501	93.0	0.25882352941176473	0.813440041286385
HER2ST_manual_controlled	HER2ST_H1_CONTROLLED	HER2ST_H1_CONTROLLED	HER2ST::H	forward	row_softmax	cost_features_500	multioutput_ridge	1.0	3	random_gate	0.8	0	97ffc778dd98cbb08712dff5eaa9e9a14719d7c1dbd5a094bbfe365362d883c5	339	272	85	0.9191176470588235	0.011764705882352941	0.03529411764705882	0.08235294117647059	0.0395352903941612	86.0	0.3058823529411765	0.8125558039509609
HER2ST_manual_controlled	HER2ST_H1_CONTROLLED	HER2ST_H1_CONTROLLED	HER2ST::H	forward	row_softmax	cost_features_500	multioutput_ridge	1.0	3	random_gate	0.8	1	97ffc778dd98cbb08712dff5eaa9e9a14719d7c1dbd5a094bbfe365362d883c5	339	272	85	0.9301470588235294	0.011764705882352941	0.047058823529411764	0.08235294117647059	0.04410914240363673	80.0	0.27058823529411763	0.8127223092657702
HER2ST_manual_controlled	HER2ST_H1_CONTROLLED	HER2ST_H1_CONTROLLED	HER2ST::H	forward	row_softmax	cost_features_500	multioutput_ridge	1.0	3	random_gate	0.8	2	97ffc778dd98cbb08712dff5eaa9e9a14719d7c1dbd5a094bbfe365362d883c5	339	272	85	0.9227941176470589	0.011764705882352941	0.07058823529411765	0.10588235294117647	0.045223392195817856	80.0	0.25882352941176473	0.8125634740864592
HER2ST_manual_controlled	HER2ST_H1_CONTROLLED	HER2ST_H1_CONTROLLED	HER2ST::H	forward	row_softmax	cost_features_500	multioutput_ridge	1.0	3	random_gate	0.8	3	97ffc778dd98cbb08712dff5eaa9e9a14719d7c1dbd5a094bbfe365362d883c5	339	272	85	0.9154411764705882	0.011764705882352941	0.023529411764705882	0.08235294117647059	0.042492538856387624	91.0	0.27058823529411763	0.8129780038320114
HER2ST_manual_controlled	HER2ST_H1_CONTROLLED	HER2ST_H1_CONTROLLED	HER2ST::H	forward	row_softmax	cost_features_500	multioutput_ridge	1.0	3	random_gate	0.8	4	97ffc778dd98cbb08712dff5eaa9e9a14719d7c1dbd5a094bbfe365362d883c5	339	272	85	0.9080882352941176	0.011764705882352941	0.023529411764705882	0.07058823529411765	0.04043193033013525	93.0	0.27058823529411763	0.8124081430641388
HER2ST_manual_controlled	HER2ST_H1_CONTROLLED	HER2ST_H1_CONTROLLED	HER2ST::H	forward	row_softmax	cost_features_500	multioutput_ridge	1.0	4	identity_no_training	0.0	0	97ffc778dd98cbb08712dff5eaa9e9a14719d7c1dbd5a094bbfe365362d883c5	346	0	78		0.9871794871794872	1.0	1.0	0.9935897435897436	1.0	1.0	0.4127810077849969
HER2ST_manual_controlled	HER2ST_H1_CONTROLLED	HER2ST_H1_CONTROLLED	HER2ST::H	forward	row_softmax	cost_features_500	multioutput_ridge	1.0	4	all_top1	1.0	0	97ffc778dd98cbb08712dff5eaa9e9a14719d7c1dbd5a094bbfe365362d883c5	346	346	78	0.9132947976878613	0.0	0.05128205128205128	0.05128205128205128	0.025750765569149837	146.0	0.05128205128205128	0.8008467510361289
HER2ST_manual_controlled	HER2ST_H1_CONTROLLED	HER2ST_H1_CONTROLLED	HER2ST::H	forward	row_softmax	cost_features_500	multioutput_ridge	1.0	4	max_probability_gate	0.8	0	97ffc778dd98cbb08712dff5eaa9e9a14719d7c1dbd5a094bbfe365362d883c5	346	277	78	0.9169675090252708	0.0	0.02564102564102564	0.038461538461538464	0.01912912954011817	160.0	0.10256410256410256	0.7997099776200858
HER2ST_manual_controlled	HER2ST_H1_CONTROLLED	HER2ST_H1_CONTROLLED	HER2ST::H	forward	row_softmax	cost_features_500	multioutput_ridge	1.0	4	top2_margin_gate	0.8	0	97ffc778dd98cbb08712dff5eaa9e9a14719d7c1dbd5a094bbfe365362d883c5	346	277	78	0.9963898916967509	0.0	0.01282051282051282	0.05128205128205128	0.02115302752446286	155.0	0.05128205128205128	0.8009023305935442
HER2ST_manual_controlled	HER2ST_H1_CONTROLLED	HER2ST_H1_CONTROLLED	HER2ST::H	forward	row_softmax	cost_features_500	multioutput_ridge	1.0	4	oracle_truth	0.8	0	97ffc778dd98cbb08712dff5eaa9e9a14719d7c1dbd5a094bbfe365362d883c5	346	277	78	1.0	0.0	0.01282051282051282	0.038461538461538464	0.017649013027555126	165.5	0.10256410256410256	0.800188301316688
HER2ST_manual_controlled	HER2ST_H1_CONTROLLED	HER2ST_H1_CONTROLLED	HER2ST::H	forward	row_softmax	cost_features_500	multioutput_ridge	1.0	4	random_gate	0.8	0	97ffc778dd98cbb08712dff5eaa9e9a14719d7c1dbd5a094bbfe365362d883c5	346	277	78	0.927797833935018	0.0	0.02564102564102564	0.05128205128205128	0.019174237573564804	160.0	0.0641025641025641	0.799493608050906
HER2ST_manual_controlled	HER2ST_H1_CONTROLLED	HER2ST_H1_CONTROLLED	HER2ST::H	forward	row_softmax	cost_features_500	multioutput_ridge	1.0	4	random_gate	0.8	1	97ffc778dd98cbb08712dff5eaa9e9a14719d7c1dbd5a094bbfe365362d883c5	346	277	78	0.924187725631769	0.0	0.01282051282051282	0.05128205128205128	0.019925403138228322	163.0	0.11538461538461539	0.7995418098231359
HER2ST_manual_controlled	HER2ST_H1_CONTROLLED	HER2ST_H1_CONTROLLED	HER2ST::H	forward	row_softmax	cost_features_500	multioutput_ridge	1.0	4	random_gate	0.8	2	97ffc778dd98cbb08712dff5eaa9e9a14719d7c1dbd5a094bbfe365362d883c5	346	277	78	0.9133574007220217	0.0	0.02564102564102564	0.038461538461538464	0.020247579470478855	170.5	0.0641025641025641	0.7999831891930148
HER2ST_manual_controlled	HER2ST_H1_CONTROLLED	HER2ST_H1_CONTROLLED	HER2ST::H	forward	row_softmax	cost_features_500	multioutput_ridge	1.0	4	random_gate	0.8	3	97ffc778dd98cbb08712dff5eaa9e9a14719d7c1dbd5a094bbfe365362d883c5	346	277	78	0.9061371841155235	0.0	0.01282051282051282	0.038461538461538464	0.01723965584521902	160.5	0.05128205128205128	0.7993901044446551
HER2ST_manual_controlled	HER2ST_H1_CONTROLLED	HER2ST_H1_CONTROLLED	HER2ST::H	forward	row_softmax	cost_features_500	multioutput_ridge	1.0	4	random_gate	0.8	4	97ffc778dd98cbb08712dff5eaa9e9a14719d7c1dbd5a094bbfe365362d883c5	346	277	78	0.9097472924187726	0.0	0.01282051282051282	0.038461538461538464	0.017671738048432695	162.5	0.1282051282051282	0.7996448095246108
HER2ST_manual_controlled	HER2ST_H1_CONTROLLED__reverse	HER2ST_H1_CONTROLLED	HER2ST::H	reverse	balanced_ot	cost_features_500	multioutput_ridge	1.0	0	identity_no_training	0.0	0	cd910db94e4d888d58620eabd1dd5dc7f8be81dab092f45b8025ecce4800e304	323	0	101		0.9900990099009901	1.0	1.0	0.995049504950495	1.0	0.9900990099009901	0.411743523203263
HER2ST_manual_controlled	HER2ST_H1_CONTROLLED__reverse	HER2ST_H1_CONTROLLED	HER2ST::H	reverse	balanced_ot	cost_features_500	multioutput_ridge	1.0	0	all_top1	1.0	0	cd910db94e4d888d58620eabd1dd5dc7f8be81dab092f45b8025ecce4800e304	323	323	101	0.7647058823529411	0.0	0.0	0.0	0.003959601902310307	370.0	0.0	0.6878869532011505
HER2ST_manual_controlled	HER2ST_H1_CONTROLLED__reverse	HER2ST_H1_CONTROLLED	HER2ST::H	reverse	balanced_ot	cost_features_500	multioutput_ridge	1.0	0	max_probability_gate	0.8	0	cd910db94e4d888d58620eabd1dd5dc7f8be81dab092f45b8025ecce4800e304	323	259	101	0.7722007722007722	0.0	0.0	0.0	0.0039355768937501924	367.0	0.0	0.6864849416538263
HER2ST_manual_controlled	HER2ST_H1_CONTROLLED__reverse	HER2ST_H1_CONTROLLED	HER2ST::H	reverse	balanced_ot	cost_features_500	multioutput_ridge	1.0	0	top2_margin_gate	0.8	0	cd910db94e4d888d58620eabd1dd5dc7f8be81dab092f45b8025ecce4800e304	323	259	101	0.9034749034749034	0.0	0.0	0.0	0.004005268204202191	362.0	0.009900990099009901	0.6884978381552803
HER2ST_manual_controlled	HER2ST_H1_CONTROLLED__reverse	HER2ST_H1_CONTROLLED	HER2ST::H	reverse	balanced_ot	cost_features_500	multioutput_ridge	1.0	0	oracle_truth	0.8	0	cd910db94e4d888d58620eabd1dd5dc7f8be81dab092f45b8025ecce4800e304	323	259	101	1.0	0.0	0.0	0.0	0.0037318036002146784	369.0	0.0	0.6864604143982369
HER2ST_manual_controlled	HER2ST_H1_CONTROLLED__reverse	HER2ST_H1_CONTROLLED	HER2ST::H	reverse	balanced_ot	cost_features_500	multioutput_ridge	1.0	0	random_gate	0.8	0	cd910db94e4d888d58620eabd1dd5dc7f8be81dab092f45b8025ecce4800e304	323	259	101	0.7683397683397684	0.0	0.0	0.0	0.0037742440929899855	366.0	0.0	0.6855225313611985
HER2ST_manual_controlled	HER2ST_H1_CONTROLLED__reverse	HER2ST_H1_CONTROLLED	HER2ST::H	reverse	balanced_ot	cost_features_500	multioutput_ridge	1.0	0	random_gate	0.8	1	cd910db94e4d888d58620eabd1dd5dc7f8be81dab092f45b8025ecce4800e304	323	259	101	0.7567567567567568	0.0	0.0	0.0	0.003836900854311925	370.0	0.0	0.6855064250320599
HER2ST_manual_controlled	HER2ST_H1_CONTROLLED__reverse	HER2ST_H1_CONTROLLED	HER2ST::H	reverse	balanced_ot	cost_features_500	multioutput_ridge	1.0	0	random_gate	0.8	2	cd910db94e4d888d58620eabd1dd5dc7f8be81dab092f45b8025ecce4800e304	323	259	101	0.7567567567567568	0.0	0.0	0.0	0.003838807175485303	368.0	0.009900990099009901	0.685719424476609
HER2ST_manual_controlled	HER2ST_H1_CONTROLLED__reverse	HER2ST_H1_CONTROLLED	HER2ST::H	reverse	balanced_ot	cost_features_500	multioutput_ridge	1.0	0	random_gate	0.8	3	cd910db94e4d888d58620eabd1dd5dc7f8be81dab092f45b8025ecce4800e304	323	259	101	0.7567567567567568	0.0	0.0	0.0	0.003789352465440476	373.0	0.0	0.685535398673985
HER2ST_manual_controlled	HER2ST_H1_CONTROLLED__reverse	HER2ST_H1_CONTROLLED	HER2ST::H	reverse	balanced_ot	cost_features_500	multioutput_ridge	1.0	0	random_gate	0.8	4	cd910db94e4d888d58620eabd1dd5dc7f8be81dab092f45b8025ecce4800e304	323	259	101	0.7606177606177607	0.0	0.0	0.0	0.0037974752598383846	370.0	0.0	0.6862035100616937
HER2ST_manual_controlled	HER2ST_H1_CONTROLLED__reverse	HER2ST_H1_CONTROLLED	HER2ST::H	reverse	balanced_ot	cost_features_500	multioutput_ridge	1.0	1	identity_no_training	0.0	0	cd910db94e4d888d58620eabd1dd5dc7f8be81dab092f45b8025ecce4800e304	347	0	77		0.974025974025974	1.0	1.0	0.9848484848484848	1.0	0.987012987012987	0.41472172039583544
HER2ST_manual_controlled	HER2ST_H1_CONTROLLED__reverse	HER2ST_H1_CONTROLLED	HER2ST::H	reverse	balanced_ot	cost_features_500	multioutput_ridge	1.0	1	all_top1	1.0	0	cd910db94e4d888d58620eabd1dd5dc7f8be81dab092f45b8025ecce4800e304	347	347	77	0.8731988472622478	0.0	0.03896103896103896	0.07792207792207792	0.02730957207421881	178.0	0.38961038961038963	0.7782245949634726
HER2ST_manual_controlled	HER2ST_H1_CONTROLLED__reverse	HER2ST_H1_CONTROLLED	HER2ST::H	reverse	balanced_ot	cost_features_500	multioutput_ridge	1.0	1	max_probability_gate	0.8	0	cd910db94e4d888d58620eabd1dd5dc7f8be81dab092f45b8025ecce4800e304	347	278	77	0.8812949640287769	0.0	0.012987012987012988	0.06493506493506493	0.022169579285023795	183.0	0.37662337662337664	0.7747981177863079
HER2ST_manual_controlled	HER2ST_H1_CONTROLLED__reverse	HER2ST_H1_CONTROLLED	HER2ST::H	reverse	balanced_ot	cost_features_500	multioutput_ridge	1.0	1	top2_margin_gate	0.8	0	cd910db94e4d888d58620eabd1dd5dc7f8be81dab092f45b8025ecce4800e304	347	278	77	0.9892086330935251	0.0	0.012987012987012988	0.07792207792207792	0.025174219681746452	175.0	0.38961038961038963	0.7775144269260339
HER2ST_manual_controlled	HER2ST_H1_CONTROLLED__reverse	HER2ST_H1_CONTROLLED	HER2ST::H	reverse	balanced_ot	cost_features_500	multioutput_ridge	1.0	1	oracle_truth	0.8	0	cd910db94e4d888d58620eabd1dd5dc7f8be81dab092f45b8025ecce4800e304	347	278	77	1.0	0.0	0.025974025974025976	0.06493506493506493	0.027978103528580423	182.0	0.37662337662337664	0.7783221047982529
HER2ST_manual_controlled	HER2ST_H1_CONTROLLED__reverse	HER2ST_H1_CONTROLLED	HER2ST::H	reverse	balanced_ot	cost_features_500	multioutput_ridge	1.0	1	random_gate	0.8	0	cd910db94e4d888d58620eabd1dd5dc7f8be81dab092f45b8025ecce4800e304	347	278	77	0.8669064748201439	0.0	0.025974025974025976	0.06493506493506493	0.025159769188023172	184.0	0.38961038961038963	0.7761290465543774
HER2ST_manual_controlled	HER2ST_H1_CONTROLLED__reverse	HER2ST_H1_CONTROLLED	HER2ST::H	reverse	balanced_ot	cost_features_500	multioutput_ridge	1.0	1	random_gate	0.8	1	cd910db94e4d888d58620eabd1dd5dc7f8be81dab092f45b8025ecce4800e304	347	278	77	0.8669064748201439	0.0	0.025974025974025976	0.06493506493506493	0.02529988037742747	183.0	0.37662337662337664	0.776383992932608
HER2ST_manual_controlled	HER2ST_H1_CONTROLLED__reverse	HER2ST_H1_CONTROLLED	HER2ST::H	reverse	balanced_ot	cost_features_500	multioutput_ridge	1.0	1	random_gate	0.8	2	cd910db94e4d888d58620eabd1dd5dc7f8be81dab092f45b8025ecce4800e304	347	278	77	0.8812949640287769	0.0	0.025974025974025976	0.05194805194805195	0.024138070816677695	183.0	0.37662337662337664	0.7764923837025696
HER2ST_manual_controlled	HER2ST_H1_CONTROLLED__reverse	HER2ST_H1_CONTROLLED	HER2ST::H	reverse	balanced_ot	cost_features_500	multioutput_ridge	1.0	1	random_gate	0.8	3	cd910db94e4d888d58620eabd1dd5dc7f8be81dab092f45b8025ecce4800e304	347	278	77	0.8669064748201439	0.0	0.025974025974025976	0.06493506493506493	0.023415603077070968	182.0	0.38961038961038963	0.7759081407607655
HER2ST_manual_controlled	HER2ST_H1_CONTROLLED__reverse	HER2ST_H1_CONTROLLED	HER2ST::H	reverse	balanced_ot	cost_features_500	multioutput_ridge	1.0	1	random_gate	0.8	4	cd910db94e4d888d58620eabd1dd5dc7f8be81dab092f45b8025ecce4800e304	347	278	77	0.8741007194244604	0.0	0.03896103896103896	0.05194805194805195	0.024649013710133318	193.0	0.37662337662337664	0.7766307160730392
HER2ST_manual_controlled	HER2ST_H1_CONTROLLED__reverse	HER2ST_H1_CONTROLLED	HER2ST::H	reverse	balanced_ot	cost_features_500	multioutput_ridge	1.0	2	identity_no_training	0.0	0	cd910db94e4d888d58620eabd1dd5dc7f8be81dab092f45b8025ecce4800e304	333	0	91		0.9560439560439561	0.989010989010989	1.0	0.967948717948718	1.0	0.967032967032967	0.41565405892053814
HER2ST_manual_controlled	HER2ST_H1_CONTROLLED__reverse	HER2ST_H1_CONTROLLED	HER2ST::H	reverse	balanced_ot	cost_features_500	multioutput_ridge	1.0	2	all_top1	1.0	0	cd910db94e4d888d58620eabd1dd5dc7f8be81dab092f45b8025ecce4800e304	333	333	91	0.8888888888888888	0.0	0.01098901098901099	0.02197802197802198	0.015081019485045265	138.0	0.3626373626373626	0.7953364065266373
HER2ST_manual_controlled	HER2ST_H1_CONTROLLED__reverse	HER2ST_H1_CONTROLLED	HER2ST::H	reverse	balanced_ot	cost_features_500	multioutput_ridge	1.0	2	max_probability_gate	0.8	0	cd910db94e4d888d58620eabd1dd5dc7f8be81dab092f45b8025ecce4800e304	333	267	91	0.9101123595505618	0.0	0.0	0.02197802197802198	0.014286546569077522	142.0	0.32967032967032966	0.7918337816882975
HER2ST_manual_controlled	HER2ST_H1_CONTROLLED__reverse	HER2ST_H1_CONTROLLED	HER2ST::H	reverse	balanced_ot	cost_features_500	multioutput_ridge	1.0	2	top2_margin_gate	0.8	0	cd910db94e4d888d58620eabd1dd5dc7f8be81dab092f45b8025ecce4800e304	333	267	91	0.9850187265917603	0.0	0.01098901098901099	0.02197802197802198	0.015367432653171444	140.0	0.3626373626373626	0.7926368055403324
HER2ST_manual_controlled	HER2ST_H1_CONTROLLED__reverse	HER2ST_H1_CONTROLLED	HER2ST::H	reverse	balanced_ot	cost_features_500	multioutput_ridge	1.0	2	oracle_truth	0.8	0	cd910db94e4d888d58620eabd1dd5dc7f8be81dab092f45b8025ecce4800e304	333	267	91	1.0	0.0	0.01098901098901099	0.02197802197802198	0.01469264159066094	136.0	0.3626373626373626	0.7989710125889878
HER2ST_manual_controlled	HER2ST_H1_CONTROLLED__reverse	HER2ST_H1_CONTROLLED	HER2ST::H	reverse	balanced_ot	cost_features_500	multioutput_ridge	1.0	2	random_gate	0.8	0	cd910db94e4d888d58620eabd1dd5dc7f8be81dab092f45b8025ecce4800e304	333	267	91	0.8876404494382022	0.0	0.0	0.01098901098901099	0.014008846527532958	145.0	0.3516483516483517	0.7952388678850904
HER2ST_manual_controlled	HER2ST_H1_CONTROLLED__reverse	HER2ST_H1_CONTROLLED	HER2ST::H	reverse	balanced_ot	cost_features_500	multioutput_ridge	1.0	2	random_gate	0.8	1	cd910db94e4d888d58620eabd1dd5dc7f8be81dab092f45b8025ecce4800e304	333	267	91	0.8951310861423221	0.0	0.0	0.02197802197802198	0.014447783419832761	147.0	0.3626373626373626	0.7939567345595231
HER2ST_manual_controlled	HER2ST_H1_CONTROLLED__reverse	HER2ST_H1_CONTROLLED	HER2ST::H	reverse	balanced_ot	cost_features_500	multioutput_ridge	1.0	2	random_gate	0.8	2	cd910db94e4d888d58620eabd1dd5dc7f8be81dab092f45b8025ecce4800e304	333	267	91	0.898876404494382	0.0	0.01098901098901099	0.02197802197802198	0.01448611907181002	145.0	0.3626373626373626	0.7943469751014622
HER2ST_manual_controlled	HER2ST_H1_CONTROLLED__reverse	HER2ST_H1_CONTROLLED	HER2ST::H	reverse	balanced_ot	cost_features_500	multioutput_ridge	1.0	2	random_gate	0.8	3	cd910db94e4d888d58620eabd1dd5dc7f8be81dab092f45b8025ecce4800e304	333	267	91	0.8913857677902621	0.0	0.01098901098901099	0.02197802197802198	0.014733675146487851	144.0	0.3626373626373626	0.7943385874091388
HER2ST_manual_controlled	HER2ST_H1_CONTROLLED__reverse	HER2ST_H1_CONTROLLED	HER2ST::H	reverse	balanced_ot	cost_features_500	multioutput_ridge	1.0	2	random_gate	0.8	4	cd910db94e4d888d58620eabd1dd5dc7f8be81dab092f45b8025ecce4800e304	333	267	91	0.9026217228464419	0.0	0.01098901098901099	0.02197802197802198	0.014759203353918277	145.0	0.34065934065934067	0.7944126725014278
HER2ST_manual_controlled	HER2ST_H1_CONTROLLED__reverse	HER2ST_H1_CONTROLLED	HER2ST::H	reverse	balanced_ot	cost_features_500	multioutput_ridge	1.0	3	identity_no_training	0.0	0	cd910db94e4d888d58620eabd1dd5dc7f8be81dab092f45b8025ecce4800e304	345	0	79		1.0	1.0	1.0	1.0	1.0	1.0	0.42215777311205616
HER2ST_manual_controlled	HER2ST_H1_CONTROLLED__reverse	HER2ST_H1_CONTROLLED	HER2ST::H	reverse	balanced_ot	cost_features_500	multioutput_ridge	1.0	3	all_top1	1.0	0	cd910db94e4d888d58620eabd1dd5dc7f8be81dab092f45b8025ecce4800e304	345	345	79	0.7768115942028986	0.0	0.0	0.0	0.006057969376791529	298.0	0.0	0.7273982316835266
HER2ST_manual_controlled	HER2ST_H1_CONTROLLED__reverse	HER2ST_H1_CONTROLLED	HER2ST::H	reverse	balanced_ot	cost_features_500	multioutput_ridge	1.0	3	max_probability_gate	0.8	0	cd910db94e4d888d58620eabd1dd5dc7f8be81dab092f45b8025ecce4800e304	345	276	79	0.7898550724637681	0.0	0.0	0.0	0.00614969683172166	302.0	0.0	0.7259409623840709
HER2ST_manual_controlled	HER2ST_H1_CONTROLLED__reverse	HER2ST_H1_CONTROLLED	HER2ST::H	reverse	balanced_ot	cost_features_500	multioutput_ridge	1.0	3	top2_margin_gate	0.8	0	cd910db94e4d888d58620eabd1dd5dc7f8be81dab092f45b8025ecce4800e304	345	276	79	0.9202898550724637	0.0	0.0	0.0	0.006192759612565237	301.0	0.0	0.7286293089483425
HER2ST_manual_controlled	HER2ST_H1_CONTROLLED__reverse	HER2ST_H1_CONTROLLED	HER2ST::H	reverse	balanced_ot	cost_features_500	multioutput_ridge	1.0	3	oracle_truth	0.8	0	cd910db94e4d888d58620eabd1dd5dc7f8be81dab092f45b8025ecce4800e304	345	276	79	1.0	0.0	0.0	0.0	0.005388434504254687	299.0	0.0	0.7269251651220806
HER2ST_manual_controlled	HER2ST_H1_CONTROLLED__reverse	HER2ST_H1_CONTROLLED	HER2ST::H	reverse	balanced_ot	cost_features_500	multioutput_ridge	1.0	3	random_gate	0.8	0	cd910db94e4d888d58620eabd1dd5dc7f8be81dab092f45b8025ecce4800e304	345	276	79	0.7934782608695652	0.0	0.0	0.0	0.005675446790991177	304.0	0.0	0.726533990980365
HER2ST_manual_controlled	HER2ST_H1_CONTROLLED__reverse	HER2ST_H1_CONTROLLED	HER2ST::H	reverse	balanced_ot	cost_features_500	multioutput_ridge	1.0	3	random_gate	0.8	1	cd910db94e4d888d58620eabd1dd5dc7f8be81dab092f45b8025ecce4800e304	345	276	79	0.7644927536231884	0.0	0.0	0.0	0.005797774717315546	301.0	0.0	0.7259490778558545
HER2ST_manual_controlled	HER2ST_H1_CONTROLLED__reverse	HER2ST_H1_CONTROLLED	HER2ST::H	reverse	balanced_ot	cost_features_500	multioutput_ridge	1.0	3	random_gate	0.8	2	cd910db94e4d888d58620eabd1dd5dc7f8be81dab092f45b8025ecce4800e304	345	276	79	0.7753623188405797	0.0	0.0	0.0	0.0055626324819339455	304.0	0.0	0.7254509099778914
HER2ST_manual_controlled	HER2ST_H1_CONTROLLED__reverse	HER2ST_H1_CONTROLLED	HER2ST::H	reverse	balanced_ot	cost_features_500	multioutput_ridge	1.0	3	random_gate	0.8	3	cd910db94e4d888d58620eabd1dd5dc7f8be81dab092f45b8025ecce4800e304	345	276	79	0.7717391304347826	0.0	0.0	0.0	0.005585373204607529	307.0	0.0	0.7253830799438896
HER2ST_manual_controlled	HER2ST_H1_CONTROLLED__reverse	HER2ST_H1_CONTROLLED	HER2ST::H	reverse	balanced_ot	cost_features_500	multioutput_ridge	1.0	3	random_gate	0.8	4	cd910db94e4d888d58620eabd1dd5dc7f8be81dab092f45b8025ecce4800e304	345	276	79	0.7753623188405797	0.0	0.0	0.0	0.00567522109650041	304.0	0.0	0.72482540243822
HER2ST_manual_controlled	HER2ST_H1_CONTROLLED__reverse	HER2ST_H1_CONTROLLED	HER2ST::H	reverse	balanced_ot	cost_features_500	multioutput_ridge	1.0	4	identity_no_training	0.0	0	cd910db94e4d888d58620eabd1dd5dc7f8be81dab092f45b8025ecce4800e304	348	0	76		1.0	1.0	1.0	1.0	1.0	1.0	0.41865592678191704
HER2ST_manual_controlled	HER2ST_H1_CONTROLLED__reverse	HER2ST_H1_CONTROLLED	HER2ST::H	reverse	balanced_ot	cost_features_500	multioutput_ridge	1.0	4	all_top1	1.0	0	cd910db94e4d888d58620eabd1dd5dc7f8be81dab092f45b8025ecce4800e304	348	348	76	0.7873563218390804	0.0	0.0	0.0	0.006630685173699204	213.0	0.11842105263157894	0.7544896723561534
HER2ST_manual_controlled	HER2ST_H1_CONTROLLED__reverse	HER2ST_H1_CONTROLLED	HER2ST::H	reverse	balanced_ot	cost_features_500	multioutput_ridge	1.0	4	max_probability_gate	0.8	0	cd910db94e4d888d58620eabd1dd5dc7f8be81dab092f45b8025ecce4800e304	348	279	76	0.8028673835125448	0.0	0.0	0.0	0.006463836249668257	225.0	0.11842105263157894	0.751567536009342
HER2ST_manual_controlled	HER2ST_H1_CONTROLLED__reverse	HER2ST_H1_CONTROLLED	HER2ST::H	reverse	balanced_ot	cost_features_500	multioutput_ridge	1.0	4	top2_margin_gate	0.8	0	cd910db94e4d888d58620eabd1dd5dc7f8be81dab092f45b8025ecce4800e304	348	279	76	0.9283154121863799	0.0	0.0	0.0	0.006715503654009591	219.5	0.11842105263157894	0.7538951535933368
HER2ST_manual_controlled	HER2ST_H1_CONTROLLED__reverse	HER2ST_H1_CONTROLLED	HER2ST::H	reverse	balanced_ot	cost_features_500	multioutput_ridge	1.0	4	oracle_truth	0.8	0	cd910db94e4d888d58620eabd1dd5dc7f8be81dab092f45b8025ecce4800e304	348	279	76	1.0	0.0	0.0	0.0	0.006708419073593608	208.5	0.11842105263157894	0.758426106522389
HER2ST_manual_controlled	HER2ST_H1_CONTROLLED__reverse	HER2ST_H1_CONTROLLED	HER2ST::H	reverse	balanced_ot	cost_features_500	multioutput_ridge	1.0	4	random_gate	0.8	0	cd910db94e4d888d58620eabd1dd5dc7f8be81dab092f45b8025ecce4800e304	348	279	76	0.8172043010752689	0.0	0.0	0.0	0.0064298369677625675	229.5	0.11842105263157894	0.7524209206891539
HER2ST_manual_controlled	HER2ST_H1_CONTROLLED__reverse	HER2ST_H1_CONTROLLED	HER2ST::H	reverse	balanced_ot	cost_features_500	multioutput_ridge	1.0	4	random_gate	0.8	1	cd910db94e4d888d58620eabd1dd5dc7f8be81dab092f45b8025ecce4800e304	348	279	76	0.7670250896057348	0.0	0.0	0.0	0.006432151601795199	221.0	0.11842105263157894	0.7529887744550813
HER2ST_manual_controlled	HER2ST_H1_CONTROLLED__reverse	HER2ST_H1_CONTROLLED	HER2ST::H	reverse	balanced_ot	cost_features_500	multioutput_ridge	1.0	4	random_gate	0.8	2	cd910db94e4d888d58620eabd1dd5dc7f8be81dab092f45b8025ecce4800e304	348	279	76	0.7849462365591398	0.0	0.0	0.0	0.006549314790719759	223.5	0.11842105263157894	0.7528469730416699
HER2ST_manual_controlled	HER2ST_H1_CONTROLLED__reverse	HER2ST_H1_CONTROLLED	HER2ST::H	reverse	balanced_ot	cost_features_500	multioutput_ridge	1.0	4	random_gate	0.8	3	cd910db94e4d888d58620eabd1dd5dc7f8be81dab092f45b8025ecce4800e304	348	279	76	0.7992831541218638	0.0	0.0	0.0	0.006466745305140953	224.0	0.11842105263157894	0.7524287285037992
HER2ST_manual_controlled	HER2ST_H1_CONTROLLED__reverse	HER2ST_H1_CONTROLLED	HER2ST::H	reverse	balanced_ot	cost_features_500	multioutput_ridge	1.0	4	random_gate	0.8	4	cd910db94e4d888d58620eabd1dd5dc7f8be81dab092f45b8025ecce4800e304	348	279	76	0.7813620071684588	0.0	0.0	0.0	0.00638245859599676	224.0	0.11842105263157894	0.7520605269813846
HER2ST_manual_controlled	HER2ST_H1_CONTROLLED__reverse	HER2ST_H1_CONTROLLED	HER2ST::H	reverse	uot	cost_features_500	multioutput_ridge	1.0	0	identity_no_training	0.0	0	cd910db94e4d888d58620eabd1dd5dc7f8be81dab092f45b8025ecce4800e304	323	0	101		0.9900990099009901	1.0	1.0	0.995049504950495	1.0	0.9900990099009901	0.411743523203263
HER2ST_manual_controlled	HER2ST_H1_CONTROLLED__reverse	HER2ST_H1_CONTROLLED	HER2ST::H	reverse	uot	cost_features_500	multioutput_ridge	1.0	0	all_top1	1.0	0	cd910db94e4d888d58620eabd1dd5dc7f8be81dab092f45b8025ecce4800e304	323	323	101	0.8606811145510835	0.0	0.0	0.0	0.003920634269523677	361.0	0.009900990099009901	0.6890968220963254
HER2ST_manual_controlled	HER2ST_H1_CONTROLLED__reverse	HER2ST_H1_CONTROLLED	HER2ST::H	reverse	uot	cost_features_500	multioutput_ridge	1.0	0	max_probability_gate	0.8	0	cd910db94e4d888d58620eabd1dd5dc7f8be81dab092f45b8025ecce4800e304	323	259	101	0.8918918918918919	0.0	0.0	0.0	0.0039671627003696475	365.0	0.0	0.6882452497274342
HER2ST_manual_controlled	HER2ST_H1_CONTROLLED__reverse	HER2ST_H1_CONTROLLED	HER2ST::H	reverse	uot	cost_features_500	multioutput_ridge	1.0	0	top2_margin_gate	0.8	0	cd910db94e4d888d58620eabd1dd5dc7f8be81dab092f45b8025ecce4800e304	323	259	101	0.9806949806949807	0.0	0.0	0.0	0.003932657446391835	366.0	0.009900990099009901	0.6890990440809566
HER2ST_manual_controlled	HER2ST_H1_CONTROLLED__reverse	HER2ST_H1_CONTROLLED	HER2ST::H	reverse	uot	cost_features_500	multioutput_ridge	1.0	0	oracle_truth	0.8	0	cd910db94e4d888d58620eabd1dd5dc7f8be81dab092f45b8025ecce4800e304	323	259	101	1.0	0.0	0.0	0.0	0.0037209295479170325	371.0	0.0	0.6868890471781717
HER2ST_manual_controlled	HER2ST_H1_CONTROLLED__reverse	HER2ST_H1_CONTROLLED	HER2ST::H	reverse	uot	cost_features_500	multioutput_ridge	1.0	0	random_gate	0.8	0	cd910db94e4d888d58620eabd1dd5dc7f8be81dab092f45b8025ecce4800e304	323	259	101	0.8725868725868726	0.0	0.0	0.0	0.0038159753080242785	366.0	0.0	0.6870004691934002
HER2ST_manual_controlled	HER2ST_H1_CONTROLLED__reverse	HER2ST_H1_CONTROLLED	HER2ST::H	reverse	uot	cost_features_500	multioutput_ridge	1.0	0	random_gate	0.8	1	cd910db94e4d888d58620eabd1dd5dc7f8be81dab092f45b8025ecce4800e304	323	259	101	0.8648648648648649	0.0	0.0	0.0	0.0037633706101920456	369.0	0.0	0.6868542686166863
HER2ST_manual_controlled	HER2ST_H1_CONTROLLED__reverse	HER2ST_H1_CONTROLLED	HER2ST::H	reverse	uot	cost_features_500	multioutput_ridge	1.0	0	random_gate	0.8	2	cd910db94e4d888d58620eabd1dd5dc7f8be81dab092f45b8025ecce4800e304	323	259	101	0.8571428571428571	0.0	0.0	0.0	0.003839122458148346	364.0	0.009900990099009901	0.6865421545691505
HER2ST_manual_controlled	HER2ST_H1_CONTROLLED__reverse	HER2ST_H1_CONTROLLED	HER2ST::H	reverse	uot	cost_features_500	multioutput_ridge	1.0	0	random_gate	0.8	3	cd910db94e4d888d58620eabd1dd5dc7f8be81dab092f45b8025ecce4800e304	323	259	101	0.8648648648648649	0.0	0.0	0.0	0.0038064638635806826	371.0	0.0	0.6869997657224284
HER2ST_manual_controlled	HER2ST_H1_CONTROLLED__reverse	HER2ST_H1_CONTROLLED	HER2ST::H	reverse	uot	cost_features_500	multioutput_ridge	1.0	0	random_gate	0.8	4	cd910db94e4d888d58620eabd1dd5dc7f8be81dab092f45b8025ecce4800e304	323	259	101	0.861003861003861	0.0	0.0	0.0	0.0037833750288741915	365.0	0.0	0.686875381025381
HER2ST_manual_controlled	HER2ST_H1_CONTROLLED__reverse	HER2ST_H1_CONTROLLED	HER2ST::H	reverse	uot	cost_features_500	multioutput_ridge	1.0	1	identity_no_training	0.0	0	cd910db94e4d888d58620eabd1dd5dc7f8be81dab092f45b8025ecce4800e304	347	0	77		0.974025974025974	1.0	1.0	0.9848484848484848	1.0	0.987012987012987	0.41472172039583544
HER2ST_manual_controlled	HER2ST_H1_CONTROLLED__reverse	HER2ST_H1_CONTROLLED	HER2ST::H	reverse	uot	cost_features_500	multioutput_ridge	1.0	1	all_top1	1.0	0	cd910db94e4d888d58620eabd1dd5dc7f8be81dab092f45b8025ecce4800e304	347	347	77	0.9394812680115274	0.0	0.03896103896103896	0.07792207792207792	0.028518296114660398	180.0	0.37662337662337664	0.7799094103652494
HER2ST_manual_controlled	HER2ST_H1_CONTROLLED__reverse	HER2ST_H1_CONTROLLED	HER2ST::H	reverse	uot	cost_features_500	multioutput_ridge	1.0	1	max_probability_gate	0.8	0	cd910db94e4d888d58620eabd1dd5dc7f8be81dab092f45b8025ecce4800e304	347	278	77	0.9496402877697842	0.0	0.025974025974025976	0.06493506493506493	0.024141629170459533	176.0	0.38961038961038963	0.7766467661018998
HER2ST_manual_controlled	HER2ST_H1_CONTROLLED__reverse	HER2ST_H1_CONTROLLED	HER2ST::H	reverse	uot	cost_features_500	multioutput_ridge	1.0	1	top2_margin_gate	0.8	0	cd910db94e4d888d58620eabd1dd5dc7f8be81dab092f45b8025ecce4800e304	347	278	77	1.0	0.0	0.025974025974025976	0.07792207792207792	0.025406854437514493	174.0	0.38961038961038963	0.7772655860342829
HER2ST_manual_controlled	HER2ST_H1_CONTROLLED__reverse	HER2ST_H1_CONTROLLED	HER2ST::H	reverse	uot	cost_features_500	multioutput_ridge	1.0	1	oracle_truth	0.8	0	cd910db94e4d888d58620eabd1dd5dc7f8be81dab092f45b8025ecce4800e304	347	278	77	1.0	0.0	0.03896103896103896	0.07792207792207792	0.03011365605807263	184.0	0.38961038961038963	0.7792745667185159
HER2ST_manual_controlled	HER2ST_H1_CONTROLLED__reverse	HER2ST_H1_CONTROLLED	HER2ST::H	reverse	uot	cost_features_500	multioutput_ridge	1.0	1	random_gate	0.8	0	cd910db94e4d888d58620eabd1dd5dc7f8be81dab092f45b8025ecce4800e304	347	278	77	0.9388489208633094	0.0	0.025974025974025976	0.06493506493506493	0.02792317965212635	179.0	0.37662337662337664	0.7778390949958585
HER2ST_manual_controlled	HER2ST_H1_CONTROLLED__reverse	HER2ST_H1_CONTROLLED	HER2ST::H	reverse	uot	cost_features_500	multioutput_ridge	1.0	1	random_gate	0.8	1	cd910db94e4d888d58620eabd1dd5dc7f8be81dab092f45b8025ecce4800e304	347	278	77	0.9424460431654677	0.0	0.025974025974025976	0.05194805194805195	0.023622108533595955	184.0	0.37662337662337664	0.7779113304195565
HER2ST_manual_controlled	HER2ST_H1_CONTROLLED__reverse	HER2ST_H1_CONTROLLED	HER2ST::H	reverse	uot	cost_features_500	multioutput_ridge	1.0	1	random_gate	0.8	2	cd910db94e4d888d58620eabd1dd5dc7f8be81dab092f45b8025ecce4800e304	347	278	77	0.9316546762589928	0.0	0.025974025974025976	0.06493506493506493	0.02456333600956711	187.0	0.37662337662337664	0.7776451643103238
HER2ST_manual_controlled	HER2ST_H1_CONTROLLED__reverse	HER2ST_H1_CONTROLLED	HER2ST::H	reverse	uot	cost_features_500	multioutput_ridge	1.0	1	random_gate	0.8	3	cd910db94e4d888d58620eabd1dd5dc7f8be81dab092f45b8025ecce4800e304	347	278	77	0.9424460431654677	0.0	0.03896103896103896	0.06493506493506493	0.029965202433193377	178.0	0.37662337662337664	0.7780866051762145
HER2ST_manual_controlled	HER2ST_H1_CONTROLLED__reverse	HER2ST_H1_CONTROLLED	HER2ST::H	reverse	uot	cost_features_500	multioutput_ridge	1.0	1	random_gate	0.8	4	cd910db94e4d888d58620eabd1dd5dc7f8be81dab092f45b8025ecce4800e304	347	278	77	0.9532374100719424	0.0	0.03896103896103896	0.05194805194805195	0.02675696937890402	183.0	0.37662337662337664	0.7778306876938258
HER2ST_manual_controlled	HER2ST_H1_CONTROLLED__reverse	HER2ST_H1_CONTROLLED	HER2ST::H	reverse	uot	cost_features_500	multioutput_ridge	1.0	2	identity_no_training	0.0	0	cd910db94e4d888d58620eabd1dd5dc7f8be81dab092f45b8025ecce4800e304	333	0	91		0.9560439560439561	0.989010989010989	1.0	0.967948717948718	1.0	0.967032967032967	0.41565405892053814
HER2ST_manual_controlled	HER2ST_H1_CONTROLLED__reverse	HER2ST_H1_CONTROLLED	HER2ST::H	reverse	uot	cost_features_500	multioutput_ridge	1.0	2	all_top1	1.0	0	cd910db94e4d888d58620eabd1dd5dc7f8be81dab092f45b8025ecce4800e304	333	333	91	0.9279279279279279	0.0	0.01098901098901099	0.02197802197802198	0.015418139163251037	137.0	0.3626373626373626	0.797665308262291
HER2ST_manual_controlled	HER2ST_H1_CONTROLLED__reverse	HER2ST_H1_CONTROLLED	HER2ST::H	reverse	uot	cost_features_500	multioutput_ridge	1.0	2	max_probability_gate	0.8	0	cd910db94e4d888d58620eabd1dd5dc7f8be81dab092f45b8025ecce4800e304	333	267	91	0.9625468164794008	0.0	0.01098901098901099	0.02197802197802198	0.01572306790140089	137.0	0.37362637362637363	0.7937226965769958
HER2ST_manual_controlled	HER2ST_H1_CONTROLLED__reverse	HER2ST_H1_CONTROLLED	HER2ST::H	reverse	uot	cost_features_500	multioutput_ridge	1.0	2	top2_margin_gate	0.8	0	cd910db94e4d888d58620eabd1dd5dc7f8be81dab092f45b8025ecce4800e304	333	267	91	1.0	0.0	0.02197802197802198	0.02197802197802198	0.01665933924043493	135.0	0.3626373626373626	0.7933859276318996
HER2ST_manual_controlled	HER2ST_H1_CONTROLLED__reverse	HER2ST_H1_CONTROLLED	HER2ST::H	reverse	uot	cost_features_500	multioutput_ridge	1.0	2	oracle_truth	0.8	0	cd910db94e4d888d58620eabd1dd5dc7f8be81dab092f45b8025ecce4800e304	333	267	91	1.0	0.0	0.01098901098901099	0.01098901098901099	0.015370066704669484	142.0	0.3626373626373626	0.7991037207602417
HER2ST_manual_controlled	HER2ST_H1_CONTROLLED__reverse	HER2ST_H1_CONTROLLED	HER2ST::H	reverse	uot	cost_features_500	multioutput_ridge	1.0	2	random_gate	0.8	0	cd910db94e4d888d58620eabd1dd5dc7f8be81dab092f45b8025ecce4800e304	333	267	91	0.9325842696629213	0.0	0.0	0.02197802197802198	0.01437464297020662	142.0	0.37362637362637363	0.796929986811055
HER2ST_manual_controlled	HER2ST_H1_CONTROLLED__reverse	HER2ST_H1_CONTROLLED	HER2ST::H	reverse	uot	cost_features_500	multioutput_ridge	1.0	2	random_gate	0.8	1	cd910db94e4d888d58620eabd1dd5dc7f8be81dab092f45b8025ecce4800e304	333	267	91	0.9250936329588015	0.0	0.0	0.02197802197802198	0.014663279330327886	143.0	0.37362637362637363	0.7958515707284773
HER2ST_manual_controlled	HER2ST_H1_CONTROLLED__reverse	HER2ST_H1_CONTROLLED	HER2ST::H	reverse	uot	cost_features_500	multioutput_ridge	1.0	2	random_gate	0.8	2	cd910db94e4d888d58620eabd1dd5dc7f8be81dab092f45b8025ecce4800e304	333	267	91	0.951310861423221	0.0	0.01098901098901099	0.02197802197802198	0.015035918518456362	141.0	0.37362637362637363	0.7963169739425815
HER2ST_manual_controlled	HER2ST_H1_CONTROLLED__reverse	HER2ST_H1_CONTROLLED	HER2ST::H	reverse	uot	cost_features_500	multioutput_ridge	1.0	2	random_gate	0.8	3	cd910db94e4d888d58620eabd1dd5dc7f8be81dab092f45b8025ecce4800e304	333	267	91	0.9213483146067416	0.0	0.01098901098901099	0.01098901098901099	0.014567108888082608	139.0	0.37362637362637363	0.7969250240213824
HER2ST_manual_controlled	HER2ST_H1_CONTROLLED__reverse	HER2ST_H1_CONTROLLED	HER2ST::H	reverse	uot	cost_features_500	multioutput_ridge	1.0	2	random_gate	0.8	4	cd910db94e4d888d58620eabd1dd5dc7f8be81dab092f45b8025ecce4800e304	333	267	91	0.9250936329588015	0.0	0.01098901098901099	0.01098901098901099	0.01455771346840899	143.0	0.3626373626373626	0.7960417111642933
HER2ST_manual_controlled	HER2ST_H1_CONTROLLED__reverse	HER2ST_H1_CONTROLLED	HER2ST::H	reverse	uot	cost_features_500	multioutput_ridge	1.0	3	identity_no_training	0.0	0	cd910db94e4d888d58620eabd1dd5dc7f8be81dab092f45b8025ecce4800e304	345	0	79		1.0	1.0	1.0	1.0	1.0	1.0	0.42215777311205616
HER2ST_manual_controlled	HER2ST_H1_CONTROLLED__reverse	HER2ST_H1_CONTROLLED	HER2ST::H	reverse	uot	cost_features_500	multioutput_ridge	1.0	3	all_top1	1.0	0	cd910db94e4d888d58620eabd1dd5dc7f8be81dab092f45b8025ecce4800e304	345	345	79	0.8695652173913043	0.0	0.0	0.0	0.00585750280872012	298.0	0.0	0.7285134415587547
HER2ST_manual_controlled	HER2ST_H1_CONTROLLED__reverse	HER2ST_H1_CONTROLLED	HER2ST::H	reverse	uot	cost_features_500	multioutput_ridge	1.0	3	max_probability_gate	0.8	0	cd910db94e4d888d58620eabd1dd5dc7f8be81dab092f45b8025ecce4800e304	345	276	79	0.8985507246376812	0.0	0.0	0.0	0.005956880407940827	301.0	0.0	0.7273305549537676
HER2ST_manual_controlled	HER2ST_H1_CONTROLLED__reverse	HER2ST_H1_CONTROLLED	HER2ST::H	reverse	uot	cost_features_500	multioutput_ridge	1.0	3	top2_margin_gate	0.8	0	cd910db94e4d888d58620eabd1dd5dc7f8be81dab092f45b8025ecce4800e304	345	276	79	0.9818840579710145	0.0	0.0	0.0	0.005830857384700928	298.0	0.0	0.7287977758262254
HER2ST_manual_controlled	HER2ST_H1_CONTROLLED__reverse	HER2ST_H1_CONTROLLED	HER2ST::H	reverse	uot	cost_features_500	multioutput_ridge	1.0	3	oracle_truth	0.8	0	cd910db94e4d888d58620eabd1dd5dc7f8be81dab092f45b8025ecce4800e304	345	276	79	1.0	0.0	0.0	0.0	0.005421676824296645	301.0	0.0	0.7270821259887316
HER2ST_manual_controlled	HER2ST_H1_CONTROLLED__reverse	HER2ST_H1_CONTROLLED	HER2ST::H	reverse	uot	cost_features_500	multioutput_ridge	1.0	3	random_gate	0.8	0	cd910db94e4d888d58620eabd1dd5dc7f8be81dab092f45b8025ecce4800e304	345	276	79	0.8731884057971014	0.0	0.0	0.0	0.005513362624098326	307.0	0.0	0.7267392513466142
HER2ST_manual_controlled	HER2ST_H1_CONTROLLED__reverse	HER2ST_H1_CONTROLLED	HER2ST::H	reverse	uot	cost_features_500	multioutput_ridge	1.0	3	random_gate	0.8	1	cd910db94e4d888d58620eabd1dd5dc7f8be81dab092f45b8025ecce4800e304	345	276	79	0.8768115942028986	0.0	0.0	0.0	0.0054360783074682084	301.0	0.0	0.7260076157369952
HER2ST_manual_controlled	HER2ST_H1_CONTROLLED__reverse	HER2ST_H1_CONTROLLED	HER2ST::H	reverse	uot	cost_features_500	multioutput_ridge	1.0	3	random_gate	0.8	2	cd910db94e4d888d58620eabd1dd5dc7f8be81dab092f45b8025ecce4800e304	345	276	79	0.8695652173913043	0.0	0.0	0.0	0.005684189881205011	305.0	0.0	0.7261922368674526
HER2ST_manual_controlled	HER2ST_H1_CONTROLLED__reverse	HER2ST_H1_CONTROLLED	HER2ST::H	reverse	uot	cost_features_500	multioutput_ridge	1.0	3	random_gate	0.8	3	cd910db94e4d888d58620eabd1dd5dc7f8be81dab092f45b8025ecce4800e304	345	276	79	0.8659420289855072	0.0	0.0	0.0	0.0056854619614313305	303.0	0.0	0.7266658290039106
HER2ST_manual_controlled	HER2ST_H1_CONTROLLED__reverse	HER2ST_H1_CONTROLLED	HER2ST::H	reverse	uot	cost_features_500	multioutput_ridge	1.0	3	random_gate	0.8	4	cd910db94e4d888d58620eabd1dd5dc7f8be81dab092f45b8025ecce4800e304	345	276	79	0.8731884057971014	0.0	0.0	0.0	0.005565594016599801	303.0	0.0	0.7264702158928215
HER2ST_manual_controlled	HER2ST_H1_CONTROLLED__reverse	HER2ST_H1_CONTROLLED	HER2ST::H	reverse	uot	cost_features_500	multioutput_ridge	1.0	4	identity_no_training	0.0	0	cd910db94e4d888d58620eabd1dd5dc7f8be81dab092f45b8025ecce4800e304	348	0	76		1.0	1.0	1.0	1.0	1.0	1.0	0.41865592678191704
HER2ST_manual_controlled	HER2ST_H1_CONTROLLED__reverse	HER2ST_H1_CONTROLLED	HER2ST::H	reverse	uot	cost_features_500	multioutput_ridge	1.0	4	all_top1	1.0	0	cd910db94e4d888d58620eabd1dd5dc7f8be81dab092f45b8025ecce4800e304	348	348	76	0.8706896551724138	0.0	0.0	0.0	0.006925326879209584	213.5	0.11842105263157894	0.7570772994430491
HER2ST_manual_controlled	HER2ST_H1_CONTROLLED__reverse	HER2ST_H1_CONTROLLED	HER2ST::H	reverse	uot	cost_features_500	multioutput_ridge	1.0	4	max_probability_gate	0.8	0	cd910db94e4d888d58620eabd1dd5dc7f8be81dab092f45b8025ecce4800e304	348	279	76	0.9068100358422939	0.0	0.0	0.0	0.006543105816139263	223.5	0.11842105263157894	0.7533731361999402
HER2ST_manual_controlled	HER2ST_H1_CONTROLLED__reverse	HER2ST_H1_CONTROLLED	HER2ST::H	reverse	uot	cost_features_500	multioutput_ridge	1.0	4	top2_margin_gate	0.8	0	cd910db94e4d888d58620eabd1dd5dc7f8be81dab092f45b8025ecce4800e304	348	279	76	0.982078853046595	0.0	0.0	0.0	0.006724030136554702	213.0	0.11842105263157894	0.7551292984927641
HER2ST_manual_controlled	HER2ST_H1_CONTROLLED__reverse	HER2ST_H1_CONTROLLED	HER2ST::H	reverse	uot	cost_features_500	multioutput_ridge	1.0	4	oracle_truth	0.8	0	cd910db94e4d888d58620eabd1dd5dc7f8be81dab092f45b8025ecce4800e304	348	279	76	1.0	0.0	0.0	0.0	0.006740281609967436	210.5	0.11842105263157894	0.7587809922850993
HER2ST_manual_controlled	HER2ST_H1_CONTROLLED__reverse	HER2ST_H1_CONTROLLED	HER2ST::H	reverse	uot	cost_features_500	multioutput_ridge	1.0	4	random_gate	0.8	0	cd910db94e4d888d58620eabd1dd5dc7f8be81dab092f45b8025ecce4800e304	348	279	76	0.8602150537634409	0.0	0.0	0.0	0.006695397600713392	219.5	0.11842105263157894	0.7549748187927304
HER2ST_manual_controlled	HER2ST_H1_CONTROLLED__reverse	HER2ST_H1_CONTROLLED	HER2ST::H	reverse	uot	cost_features_500	multioutput_ridge	1.0	4	random_gate	0.8	1	cd910db94e4d888d58620eabd1dd5dc7f8be81dab092f45b8025ecce4800e304	348	279	76	0.8673835125448028	0.0	0.0	0.0	0.006622162661874369	223.0	0.11842105263157894	0.7544372388168605
HER2ST_manual_controlled	HER2ST_H1_CONTROLLED__reverse	HER2ST_H1_CONTROLLED	HER2ST::H	reverse	uot	cost_features_500	multioutput_ridge	1.0	4	random_gate	0.8	2	cd910db94e4d888d58620eabd1dd5dc7f8be81dab092f45b8025ecce4800e304	348	279	76	0.8781362007168458	0.0	0.0	0.0	0.006660777618003849	223.5	0.11842105263157894	0.7546022083384009
HER2ST_manual_controlled	HER2ST_H1_CONTROLLED__reverse	HER2ST_H1_CONTROLLED	HER2ST::H	reverse	uot	cost_features_500	multioutput_ridge	1.0	4	random_gate	0.8	3	cd910db94e4d888d58620eabd1dd5dc7f8be81dab092f45b8025ecce4800e304	348	279	76	0.8637992831541219	0.0	0.0	0.0	0.006683210369067829	214.0	0.11842105263157894	0.7555577939307093
HER2ST_manual_controlled	HER2ST_H1_CONTROLLED__reverse	HER2ST_H1_CONTROLLED	HER2ST::H	reverse	uot	cost_features_500	multioutput_ridge	1.0	4	random_gate	0.8	4	cd910db94e4d888d58620eabd1dd5dc7f8be81dab092f45b8025ecce4800e304	348	279	76	0.8817204301075269	0.0	0.0	0.0	0.006506560959645917	216.5	0.11842105263157894	0.7549037059229896
HER2ST_manual_controlled	HER2ST_H1_CONTROLLED__reverse	HER2ST_H1_CONTROLLED	HER2ST::H	reverse	row_softmax	cost_features_500	multioutput_ridge	1.0	0	identity_no_training	0.0	0	cd910db94e4d888d58620eabd1dd5dc7f8be81dab092f45b8025ecce4800e304	323	0	101		0.9900990099009901	1.0	1.0	0.995049504950495	1.0	0.9900990099009901	0.411743523203263
HER2ST_manual_controlled	HER2ST_H1_CONTROLLED__reverse	HER2ST_H1_CONTROLLED	HER2ST::H	reverse	row_softmax	cost_features_500	multioutput_ridge	1.0	0	all_top1	1.0	0	cd910db94e4d888d58620eabd1dd5dc7f8be81dab092f45b8025ecce4800e304	323	323	101	0.8637770897832817	0.0	0.0	0.0	0.0038080635516352136	365.0	0.0	0.6874038219781459
HER2ST_manual_controlled	HER2ST_H1_CONTROLLED__reverse	HER2ST_H1_CONTROLLED	HER2ST::H	reverse	row_softmax	cost_features_500	multioutput_ridge	1.0	0	max_probability_gate	0.8	0	cd910db94e4d888d58620eabd1dd5dc7f8be81dab092f45b8025ecce4800e304	323	259	101	0.9111969111969112	0.0	0.0	0.0	0.003875706533825129	365.0	0.0	0.6874895402646055
HER2ST_manual_controlled	HER2ST_H1_CONTROLLED__reverse	HER2ST_H1_CONTROLLED	HER2ST::H	reverse	row_softmax	cost_features_500	multioutput_ridge	1.0	0	top2_margin_gate	0.8	0	cd910db94e4d888d58620eabd1dd5dc7f8be81dab092f45b8025ecce4800e304	323	259	101	0.9575289575289575	0.0	0.0	0.0	0.0038526378684646404	368.0	0.0	0.6881851955512562
HER2ST_manual_controlled	HER2ST_H1_CONTROLLED__reverse	HER2ST_H1_CONTROLLED	HER2ST::H	reverse	row_softmax	cost_features_500	multioutput_ridge	1.0	0	oracle_truth	0.8	0	cd910db94e4d888d58620eabd1dd5dc7f8be81dab092f45b8025ecce4800e304	323	259	101	1.0	0.0	0.0	0.0	0.0037002319473444165	367.0	0.0	0.6863286421308606
HER2ST_manual_controlled	HER2ST_H1_CONTROLLED__reverse	HER2ST_H1_CONTROLLED	HER2ST::H	reverse	row_softmax	cost_features_500	multioutput_ridge	1.0	0	random_gate	0.8	0	cd910db94e4d888d58620eabd1dd5dc7f8be81dab092f45b8025ecce4800e304	323	259	101	0.8648648648648649	0.0	0.0	0.0	0.003691305746428884	372.0	0.0	0.6850463148066125
HER2ST_manual_controlled	HER2ST_H1_CONTROLLED__reverse	HER2ST_H1_CONTROLLED	HER2ST::H	reverse	row_softmax	cost_features_500	multioutput_ridge	1.0	0	random_gate	0.8	1	cd910db94e4d888d58620eabd1dd5dc7f8be81dab092f45b8025ecce4800e304	323	259	101	0.8532818532818532	0.0	0.0	0.0	0.0037819263672278685	371.0	0.0	0.6849117631831293
HER2ST_manual_controlled	HER2ST_H1_CONTROLLED__reverse	HER2ST_H1_CONTROLLED	HER2ST::H	reverse	row_softmax	cost_features_500	multioutput_ridge	1.0	0	random_gate	0.8	2	cd910db94e4d888d58620eabd1dd5dc7f8be81dab092f45b8025ecce4800e304	323	259	101	0.861003861003861	0.0	0.0	0.0	0.0037096164345871555	375.0	0.0	0.6851045042936956
HER2ST_manual_controlled	HER2ST_H1_CONTROLLED__reverse	HER2ST_H1_CONTROLLED	HER2ST::H	reverse	row_softmax	cost_features_500	multioutput_ridge	1.0	0	random_gate	0.8	3	cd910db94e4d888d58620eabd1dd5dc7f8be81dab092f45b8025ecce4800e304	323	259	101	0.8532818532818532	0.0	0.0	0.0	0.0036785422256779927	373.0	0.0	0.6846991316048234
HER2ST_manual_controlled	HER2ST_H1_CONTROLLED__reverse	HER2ST_H1_CONTROLLED	HER2ST::H	reverse	row_softmax	cost_features_500	multioutput_ridge	1.0	0	random_gate	0.8	4	cd910db94e4d888d58620eabd1dd5dc7f8be81dab092f45b8025ecce4800e304	323	259	101	0.8532818532818532	0.0	0.0	0.0	0.0036736135439375053	376.0	0.0	0.6848123667569743
HER2ST_manual_controlled	HER2ST_H1_CONTROLLED__reverse	HER2ST_H1_CONTROLLED	HER2ST::H	reverse	row_softmax	cost_features_500	multioutput_ridge	1.0	1	identity_no_training	0.0	0	cd910db94e4d888d58620eabd1dd5dc7f8be81dab092f45b8025ecce4800e304	347	0	77		0.974025974025974	1.0	1.0	0.9848484848484848	1.0	0.987012987012987	0.41472172039583544
HER2ST_manual_controlled	HER2ST_H1_CONTROLLED__reverse	HER2ST_H1_CONTROLLED	HER2ST::H	reverse	row_softmax	cost_features_500	multioutput_ridge	1.0	1	all_top1	1.0	0	cd910db94e4d888d58620eabd1dd5dc7f8be81dab092f45b8025ecce4800e304	347	347	77	0.8703170028818443	0.0	0.03896103896103896	0.09090909090909091	0.03065623078338845	178.0	0.37662337662337664	0.7804407574759802
HER2ST_manual_controlled	HER2ST_H1_CONTROLLED__reverse	HER2ST_H1_CONTROLLED	HER2ST::H	reverse	row_softmax	cost_features_500	multioutput_ridge	1.0	1	max_probability_gate	0.8	0	cd910db94e4d888d58620eabd1dd5dc7f8be81dab092f45b8025ecce4800e304	347	278	77	0.9424460431654677	0.0	0.025974025974025976	0.06493506493506493	0.02453527883821847	178.0	0.38961038961038963	0.7772540518955495
HER2ST_manual_controlled	HER2ST_H1_CONTROLLED__reverse	HER2ST_H1_CONTROLLED	HER2ST::H	reverse	row_softmax	cost_features_500	multioutput_ridge	1.0	1	top2_margin_gate	0.8	0	cd910db94e4d888d58620eabd1dd5dc7f8be81dab092f45b8025ecce4800e304	347	278	77	0.9784172661870504	0.0	0.03896103896103896	0.07792207792207792	0.02614506247559342	176.0	0.38961038961038963	0.778291337074926
HER2ST_manual_controlled	HER2ST_H1_CONTROLLED__reverse	HER2ST_H1_CONTROLLED	HER2ST::H	reverse	row_softmax	cost_features_500	multioutput_ridge	1.0	1	oracle_truth	0.8	0	cd910db94e4d888d58620eabd1dd5dc7f8be81dab092f45b8025ecce4800e304	347	278	77	1.0	0.0	0.03896103896103896	0.06493506493506493	0.029234382711307422	180.0	0.37662337662337664	0.7790098088381335
HER2ST_manual_controlled	HER2ST_H1_CONTROLLED__reverse	HER2ST_H1_CONTROLLED	HER2ST::H	reverse	row_softmax	cost_features_500	multioutput_ridge	1.0	1	random_gate	0.8	0	cd910db94e4d888d58620eabd1dd5dc7f8be81dab092f45b8025ecce4800e304	347	278	77	0.8741007194244604	0.0	0.03896103896103896	0.06493506493506493	0.024704629614843092	181.0	0.38961038961038963	0.7781750147988803
HER2ST_manual_controlled	HER2ST_H1_CONTROLLED__reverse	HER2ST_H1_CONTROLLED	HER2ST::H	reverse	row_softmax	cost_features_500	multioutput_ridge	1.0	1	random_gate	0.8	1	cd910db94e4d888d58620eabd1dd5dc7f8be81dab092f45b8025ecce4800e304	347	278	77	0.8776978417266187	0.0	0.03896103896103896	0.09090909090909091	0.02583699460005372	184.0	0.38961038961038963	0.7786281057429315
HER2ST_manual_controlled	HER2ST_H1_CONTROLLED__reverse	HER2ST_H1_CONTROLLED	HER2ST::H	reverse	row_softmax	cost_features_500	multioutput_ridge	1.0	1	random_gate	0.8	2	cd910db94e4d888d58620eabd1dd5dc7f8be81dab092f45b8025ecce4800e304	347	278	77	0.8812949640287769	0.0	0.03896103896103896	0.09090909090909091	0.026525975568320235	179.0	0.37662337662337664	0.7788607124384914
HER2ST_manual_controlled	HER2ST_H1_CONTROLLED__reverse	HER2ST_H1_CONTROLLED	HER2ST::H	reverse	row_softmax	cost_features_500	multioutput_ridge	1.0	1	random_gate	0.8	3	cd910db94e4d888d58620eabd1dd5dc7f8be81dab092f45b8025ecce4800e304	347	278	77	0.8848920863309353	0.0	0.03896103896103896	0.07792207792207792	0.025946215864897364	181.0	0.37662337662337664	0.7783631454460054
HER2ST_manual_controlled	HER2ST_H1_CONTROLLED__reverse	HER2ST_H1_CONTROLLED	HER2ST::H	reverse	row_softmax	cost_features_500	multioutput_ridge	1.0	1	random_gate	0.8	4	cd910db94e4d888d58620eabd1dd5dc7f8be81dab092f45b8025ecce4800e304	347	278	77	0.8489208633093526	0.0	0.03896103896103896	0.07792207792207792	0.026656476087095763	181.0	0.37662337662337664	0.7788941880521265
HER2ST_manual_controlled	HER2ST_H1_CONTROLLED__reverse	HER2ST_H1_CONTROLLED	HER2ST::H	reverse	row_softmax	cost_features_500	multioutput_ridge	1.0	2	identity_no_training	0.0	0	cd910db94e4d888d58620eabd1dd5dc7f8be81dab092f45b8025ecce4800e304	333	0	91		0.9560439560439561	0.989010989010989	1.0	0.967948717948718	1.0	0.967032967032967	0.41565405892053814
HER2ST_manual_controlled	HER2ST_H1_CONTROLLED__reverse	HER2ST_H1_CONTROLLED	HER2ST::H	reverse	row_softmax	cost_features_500	multioutput_ridge	1.0	2	all_top1	1.0	0	cd910db94e4d888d58620eabd1dd5dc7f8be81dab092f45b8025ecce4800e304	333	333	91	0.9819819819819819	0.0	0.01098901098901099	0.01098901098901099	0.015046255168633841	137.0	0.3516483516483517	0.8004807807548354
HER2ST_manual_controlled	HER2ST_H1_CONTROLLED__reverse	HER2ST_H1_CONTROLLED	HER2ST::H	reverse	row_softmax	cost_features_500	multioutput_ridge	1.0	2	max_probability_gate	0.8	0	cd910db94e4d888d58620eabd1dd5dc7f8be81dab092f45b8025ecce4800e304	333	267	91	0.9925093632958801	0.0	0.01098901098901099	0.02197802197802198	0.01593836506781961	138.0	0.3626373626373626	0.793057722498155
HER2ST_manual_controlled	HER2ST_H1_CONTROLLED__reverse	HER2ST_H1_CONTROLLED	HER2ST::H	reverse	row_softmax	cost_features_500	multioutput_ridge	1.0	2	top2_margin_gate	0.8	0	cd910db94e4d888d58620eabd1dd5dc7f8be81dab092f45b8025ecce4800e304	333	267	91	1.0	0.0	0.0	0.02197802197802198	0.015272291775606033	137.0	0.3626373626373626	0.7940712818734899
HER2ST_manual_controlled	HER2ST_H1_CONTROLLED__reverse	HER2ST_H1_CONTROLLED	HER2ST::H	reverse	row_softmax	cost_features_500	multioutput_ridge	1.0	2	oracle_truth	0.8	0	cd910db94e4d888d58620eabd1dd5dc7f8be81dab092f45b8025ecce4800e304	333	267	91	1.0	0.0	0.01098901098901099	0.01098901098901099	0.0152892027901416	141.0	0.37362637362637363	0.7995852935507097
HER2ST_manual_controlled	HER2ST_H1_CONTROLLED__reverse	HER2ST_H1_CONTROLLED	HER2ST::H	reverse	row_softmax	cost_features_500	multioutput_ridge	1.0	2	random_gate	0.8	0	cd910db94e4d888d58620eabd1dd5dc7f8be81dab092f45b8025ecce4800e304	333	267	91	0.9775280898876404	0.0	0.01098901098901099	0.01098901098901099	0.014672057667268841	141.0	0.37362637362637363	0.7988641423823936
HER2ST_manual_controlled	HER2ST_H1_CONTROLLED__reverse	HER2ST_H1_CONTROLLED	HER2ST::H	reverse	row_softmax	cost_features_500	multioutput_ridge	1.0	2	random_gate	0.8	1	cd910db94e4d888d58620eabd1dd5dc7f8be81dab092f45b8025ecce4800e304	333	267	91	0.9775280898876404	0.0	0.01098901098901099	0.01098901098901099	0.01432124896641535	144.0	0.37362637362637363	0.7984442132319723
HER2ST_manual_controlled	HER2ST_H1_CONTROLLED__reverse	HER2ST_H1_CONTROLLED	HER2ST::H	reverse	row_softmax	cost_features_500	multioutput_ridge	1.0	2	random_gate	0.8	2	cd910db94e4d888d58620eabd1dd5dc7f8be81dab092f45b8025ecce4800e304	333	267	91	0.9812734082397003	0.0	0.01098901098901099	0.02197802197802198	0.01457848385829059	139.0	0.3626373626373626	0.7988607728766371
HER2ST_manual_controlled	HER2ST_H1_CONTROLLED__reverse	HER2ST_H1_CONTROLLED	HER2ST::H	reverse	row_softmax	cost_features_500	multioutput_ridge	1.0	2	random_gate	0.8	3	cd910db94e4d888d58620eabd1dd5dc7f8be81dab092f45b8025ecce4800e304	333	267	91	0.9850187265917603	0.0	0.01098901098901099	0.01098901098901099	0.014791126456222494	139.0	0.37362637362637363	0.799460556474012
HER2ST_manual_controlled	HER2ST_H1_CONTROLLED__reverse	HER2ST_H1_CONTROLLED	HER2ST::H	reverse	row_softmax	cost_features_500	multioutput_ridge	1.0	2	random_gate	0.8	4	cd910db94e4d888d58620eabd1dd5dc7f8be81dab092f45b8025ecce4800e304	333	267	91	0.9812734082397003	0.0	0.0	0.02197802197802198	0.01425664302030641	141.0	0.3516483516483517	0.7991738883512924
HER2ST_manual_controlled	HER2ST_H1_CONTROLLED__reverse	HER2ST_H1_CONTROLLED	HER2ST::H	reverse	row_softmax	cost_features_500	multioutput_ridge	1.0	3	identity_no_training	0.0	0	cd910db94e4d888d58620eabd1dd5dc7f8be81dab092f45b8025ecce4800e304	345	0	79		1.0	1.0	1.0	1.0	1.0	1.0	0.42215777311205616
HER2ST_manual_controlled	HER2ST_H1_CONTROLLED__reverse	HER2ST_H1_CONTROLLED	HER2ST::H	reverse	row_softmax	cost_features_500	multioutput_ridge	1.0	3	all_top1	1.0	0	cd910db94e4d888d58620eabd1dd5dc7f8be81dab092f45b8025ecce4800e304	345	345	79	0.863768115942029	0.0	0.0	0.0	0.0055543492033529466	301.0	0.0	0.7276464305487775
HER2ST_manual_controlled	HER2ST_H1_CONTROLLED__reverse	HER2ST_H1_CONTROLLED	HER2ST::H	reverse	row_softmax	cost_features_500	multioutput_ridge	1.0	3	max_probability_gate	0.8	0	cd910db94e4d888d58620eabd1dd5dc7f8be81dab092f45b8025ecce4800e304	345	276	79	0.9057971014492754	0.0	0.0	0.0	0.005724566789142465	299.0	0.0	0.7271834184043222
HER2ST_manual_controlled	HER2ST_H1_CONTROLLED__reverse	HER2ST_H1_CONTROLLED	HER2ST::H	reverse	row_softmax	cost_features_500	multioutput_ridge	1.0	3	top2_margin_gate	0.8	0	cd910db94e4d888d58620eabd1dd5dc7f8be81dab092f45b8025ecce4800e304	345	276	79	0.9565217391304348	0.0	0.0	0.0	0.005710285145056624	297.0	0.0	0.7279165536476225
HER2ST_manual_controlled	HER2ST_H1_CONTROLLED__reverse	HER2ST_H1_CONTROLLED	HER2ST::H	reverse	row_softmax	cost_features_500	multioutput_ridge	1.0	3	oracle_truth	0.8	0	cd910db94e4d888d58620eabd1dd5dc7f8be81dab092f45b8025ecce4800e304	345	276	79	1.0	0.0	0.0	0.0	0.005203753467343833	302.0	0.0	0.7264886120960966
HER2ST_manual_controlled	HER2ST_H1_CONTROLLED__reverse	HER2ST_H1_CONTROLLED	HER2ST::H	reverse	row_softmax	cost_features_500	multioutput_ridge	1.0	3	random_gate	0.8	0	cd910db94e4d888d58620eabd1dd5dc7f8be81dab092f45b8025ecce4800e304	345	276	79	0.8586956521739131	0.0	0.0	0.0	0.005248564802866433	304.0	0.0	0.7251032091014992
HER2ST_manual_controlled	HER2ST_H1_CONTROLLED__reverse	HER2ST_H1_CONTROLLED	HER2ST::H	reverse	row_softmax	cost_features_500	multioutput_ridge	1.0	3	random_gate	0.8	1	cd910db94e4d888d58620eabd1dd5dc7f8be81dab092f45b8025ecce4800e304	345	276	79	0.855072463768116	0.0	0.0	0.0	0.005310972869434151	306.0	0.0	0.725215650592921
HER2ST_manual_controlled	HER2ST_H1_CONTROLLED__reverse	HER2ST_H1_CONTROLLED	HER2ST::H	reverse	row_softmax	cost_features_500	multioutput_ridge	1.0	3	random_gate	0.8	2	cd910db94e4d888d58620eabd1dd5dc7f8be81dab092f45b8025ecce4800e304	345	276	79	0.8442028985507246	0.0	0.0	0.0	0.00529479190325503	311.0	0.0	0.7254146292554271
HER2ST_manual_controlled	HER2ST_H1_CONTROLLED__reverse	HER2ST_H1_CONTROLLED	HER2ST::H	reverse	row_softmax	cost_features_500	multioutput_ridge	1.0	3	random_gate	0.8	3	cd910db94e4d888d58620eabd1dd5dc7f8be81dab092f45b8025ecce4800e304	345	276	79	0.8478260869565217	0.0	0.0	0.0	0.005219637836459775	306.0	0.0	0.7251266946145283
HER2ST_manual_controlled	HER2ST_H1_CONTROLLED__reverse	HER2ST_H1_CONTROLLED	HER2ST::H	reverse	row_softmax	cost_features_500	multioutput_ridge	1.0	3	random_gate	0.8	4	cd910db94e4d888d58620eabd1dd5dc7f8be81dab092f45b8025ecce4800e304	345	276	79	0.8623188405797102	0.0	0.0	0.0	0.005415169751586148	304.0	0.0	0.7260063686629608
HER2ST_manual_controlled	HER2ST_H1_CONTROLLED__reverse	HER2ST_H1_CONTROLLED	HER2ST::H	reverse	row_softmax	cost_features_500	multioutput_ridge	1.0	4	identity_no_training	0.0	0	cd910db94e4d888d58620eabd1dd5dc7f8be81dab092f45b8025ecce4800e304	348	0	76		1.0	1.0	1.0	1.0	1.0	1.0	0.41865592678191704
HER2ST_manual_controlled	HER2ST_H1_CONTROLLED__reverse	HER2ST_H1_CONTROLLED	HER2ST::H	reverse	row_softmax	cost_features_500	multioutput_ridge	1.0	4	all_top1	1.0	0	cd910db94e4d888d58620eabd1dd5dc7f8be81dab092f45b8025ecce4800e304	348	348	76	0.867816091954023	0.0	0.0	0.0	0.006916607447374607	203.5	0.11842105263157894	0.7589660913167497
HER2ST_manual_controlled	HER2ST_H1_CONTROLLED__reverse	HER2ST_H1_CONTROLLED	HER2ST::H	reverse	row_softmax	cost_features_500	multioutput_ridge	1.0	4	max_probability_gate	0.8	0	cd910db94e4d888d58620eabd1dd5dc7f8be81dab092f45b8025ecce4800e304	348	279	76	0.9175627240143369	0.0	0.0	0.0	0.0066370974197921566	219.5	0.11842105263157894	0.7553130133446408
HER2ST_manual_controlled	HER2ST_H1_CONTROLLED__reverse	HER2ST_H1_CONTROLLED	HER2ST::H	reverse	row_softmax	cost_features_500	multioutput_ridge	1.0	4	top2_margin_gate	0.8	0	cd910db94e4d888d58620eabd1dd5dc7f8be81dab092f45b8025ecce4800e304	348	279	76	0.96415770609319	0.0	0.0	0.0	0.006751265357610431	218.0	0.11842105263157894	0.756205995273838
HER2ST_manual_controlled	HER2ST_H1_CONTROLLED__reverse	HER2ST_H1_CONTROLLED	HER2ST::H	reverse	row_softmax	cost_features_500	multioutput_ridge	1.0	4	oracle_truth	0.8	0	cd910db94e4d888d58620eabd1dd5dc7f8be81dab092f45b8025ecce4800e304	348	279	76	1.0	0.0	0.0	0.0	0.0068663912254660914	209.5	0.11842105263157894	0.7585432644044907
HER2ST_manual_controlled	HER2ST_H1_CONTROLLED__reverse	HER2ST_H1_CONTROLLED	HER2ST::H	reverse	row_softmax	cost_features_500	multioutput_ridge	1.0	4	random_gate	0.8	0	cd910db94e4d888d58620eabd1dd5dc7f8be81dab092f45b8025ecce4800e304	348	279	76	0.8637992831541219	0.0	0.0	0.0	0.006764567972134718	209.5	0.11842105263157894	0.756828569543567
HER2ST_manual_controlled	HER2ST_H1_CONTROLLED__reverse	HER2ST_H1_CONTROLLED	HER2ST::H	reverse	row_softmax	cost_features_500	multioutput_ridge	1.0	4	random_gate	0.8	1	cd910db94e4d888d58620eabd1dd5dc7f8be81dab092f45b8025ecce4800e304	348	279	76	0.8709677419354839	0.0	0.0	0.0	0.006836711230073513	212.5	0.11842105263157894	0.756899149725654
HER2ST_manual_controlled	HER2ST_H1_CONTROLLED__reverse	HER2ST_H1_CONTROLLED	HER2ST::H	reverse	row_softmax	cost_features_500	multioutput_ridge	1.0	4	random_gate	0.8	2	cd910db94e4d888d58620eabd1dd5dc7f8be81dab092f45b8025ecce4800e304	348	279	76	0.8602150537634409	0.0	0.0	0.0	0.0068288150122593275	215.5	0.11842105263157894	0.7566715948845887
HER2ST_manual_controlled	HER2ST_H1_CONTROLLED__reverse	HER2ST_H1_CONTROLLED	HER2ST::H	reverse	row_softmax	cost_features_500	multioutput_ridge	1.0	4	random_gate	0.8	3	cd910db94e4d888d58620eabd1dd5dc7f8be81dab092f45b8025ecce4800e304	348	279	76	0.8745519713261649	0.0	0.0	0.0	0.0067446936824946185	208.0	0.11842105263157894	0.7575596140959001
HER2ST_manual_controlled	HER2ST_H1_CONTROLLED__reverse	HER2ST_H1_CONTROLLED	HER2ST::H	reverse	row_softmax	cost_features_500	multioutput_ridge	1.0	4	random_gate	0.8	4	cd910db94e4d888d58620eabd1dd5dc7f8be81dab092f45b8025ecce4800e304	348	279	76	0.8673835125448028	0.0	0.0	0.0	0.006641508711874616	213.0	0.11842105263157894	0.7564289449545776
