dataset,pair_type,biological_pair_id,independent_unit_id,method,epsilon,tau,grid_role,arm,intervention,score,claim_status,spearman,top_decile_overlap,raw_mae,reference_mad,nmae,reference_response_median,reference_response_iqr,directions,estimable,spearman_gate_pass,overlap_gate_pass,nmae_gate_pass,gate_pass
spatialLIBD_manual_layers,within_donor_adjacent_replicates,DLPFCML_151507_151508,spatialLIBD_manual::Br5292,balanced_ot,0.1,,epsilon_scan,N,I_EXPR,matched_finite_difference,post-review sensitivity analysis; manual cortical-layer extension,0.8364489193106308,0.5900000000000001,0.07680705628996393,0.015385170495559312,4.993588225188741,0.22615443833741958,0.03085085273243908,2,True,True,False,False,False
spatialLIBD_manual_layers,within_donor_adjacent_replicates,DLPFCML_151507_151508,spatialLIBD_manual::Br5292,balanced_ot,0.1,,epsilon_scan,N,I_EXPR,registered_finite_difference_fixed_score,post-review sensitivity analysis; manual cortical-layer extension,0.06871452653978957,0.3733333333333333,0.10908694263740956,0.015385170495559312,7.092224474385961,0.22615443833741958,0.03085085273243908,2,True,False,False,False,False
spatialLIBD_manual_layers,within_donor_adjacent_replicates,DLPFCML_151507_151508,spatialLIBD_manual::Br5292,balanced_ot,0.1,,epsilon_scan,N,I_SPATIAL,matched_finite_difference,post-review sensitivity analysis; manual cortical-layer extension,-0.29191543996241776,0.1,0.3200568926006794,0.06828548624381689,4.687121819432582,0.6223856164734716,0.13677389193013145,2,True,False,False,False,False
spatialLIBD_manual_layers,within_donor_adjacent_replicates,DLPFCML_151507_151508,spatialLIBD_manual::Br5292,balanced_ot,0.1,,epsilon_scan,N,I_SPATIAL,registered_finite_difference_fixed_score,post-review sensitivity analysis; manual cortical-layer extension,-0.38714382006392,0.01,0.3209284137023639,0.06828548624381689,4.699884942696727,0.6223856164734716,0.13677389193013145,2,True,False,False,False,False
spatialLIBD_manual_layers,within_donor_adjacent_replicates,DLPFCML_151507_151508,spatialLIBD_manual::Br5292,balanced_ot,0.1,,epsilon_scan,R,I_EXPR,matched_finite_difference,post-review sensitivity analysis; manual cortical-layer extension,0.9836204033868461,0.9199999999999999,0.006569844596354199,0.022436909489859217,0.2928954319975645,0.1054753813366896,0.0555450450874003,2,True,True,True,True,True
spatialLIBD_manual_layers,within_donor_adjacent_replicates,DLPFCML_151507_151508,spatialLIBD_manual::Br5292,balanced_ot,0.1,,epsilon_scan,R,I_EXPR,registered_finite_difference_fixed_score,post-review sensitivity analysis; manual cortical-layer extension,0.9836204033868461,0.9199999999999999,0.006569844596354199,0.022436909489859217,0.2928954319975645,0.1054753813366896,0.0555450450874003,2,True,True,True,True,True
spatialLIBD_manual_layers,within_donor_adjacent_replicates,DLPFCML_151507_151508,spatialLIBD_manual::Br5292,balanced_ot,0.1,,epsilon_scan,R,I_SPATIAL,matched_finite_difference,post-review sensitivity analysis; manual cortical-layer extension,-0.5115720424764634,0.006666666666666667,0.3414288395572117,0.06538236498363612,5.225355348999294,0.6493033016076046,0.13311004976284174,2,True,False,False,False,False
spatialLIBD_manual_layers,within_donor_adjacent_replicates,DLPFCML_151507_151508,spatialLIBD_manual::Br5292,balanced_ot,0.1,,epsilon_scan,R,I_SPATIAL,registered_finite_difference_fixed_score,post-review sensitivity analysis; manual cortical-layer extension,-0.5115720424764634,0.006666666666666667,0.3414288395572117,0.06538236498363612,5.225355348999294,0.6493033016076046,0.13311004976284174,2,True,False,False,False,False
spatialLIBD_manual_layers,within_donor_adjacent_replicates,DLPFCML_151507_151508,spatialLIBD_manual::Br5292,balanced_ot,0.25,,baseline,N,I_EXPR,matched_finite_difference,post-review sensitivity analysis; manual cortical-layer extension,0.7424991335551705,0.6133333333333333,0.07462124201937761,0.013885161558984421,5.376789614327869,0.1969050051531066,0.02785412930392589,2,True,True,True,False,False
spatialLIBD_manual_layers,within_donor_adjacent_replicates,DLPFCML_151507_151508,spatialLIBD_manual::Br5292,balanced_ot,0.25,,baseline,N,I_EXPR,registered_finite_difference_fixed_score,post-review sensitivity analysis; manual cortical-layer extension,-0.16874062077360924,0.06,0.142957351343236,0.013885161558984421,10.300707696536705,0.1969050051531066,0.02785412930392589,2,True,False,False,False,False
spatialLIBD_manual_layers,within_donor_adjacent_replicates,DLPFCML_151507_151508,spatialLIBD_manual::Br5292,balanced_ot,0.25,,baseline,N,I_SPATIAL,matched_finite_difference,post-review sensitivity analysis; manual cortical-layer extension,0.34442708107870273,0.22,0.18412797067960762,0.07834250323329424,2.350344111654011,0.46599263659861984,0.15931740192694727,2,True,False,False,False,False
spatialLIBD_manual_layers,within_donor_adjacent_replicates,DLPFCML_151507_151508,spatialLIBD_manual::Br5292,balanced_ot,0.25,,baseline,N,I_SPATIAL,registered_finite_difference_fixed_score,post-review sensitivity analysis; manual cortical-layer extension,0.34504867957719093,0.20666666666666667,0.17866446403643915,0.07834250323329424,2.2806048238438956,0.46599263659861984,0.15931740192694727,2,True,False,False,False,False
spatialLIBD_manual_layers,within_donor_adjacent_replicates,DLPFCML_151507_151508,spatialLIBD_manual::Br5292,balanced_ot,0.25,,baseline,R,I_EXPR,matched_finite_difference,post-review sensitivity analysis; manual cortical-layer extension,0.998280761902561,0.9833333333333334,0.0007725558993246077,0.009100852249961648,0.0848684231468466,0.045854533357939015,0.022004320868362143,2,True,True,True,True,True
spatialLIBD_manual_layers,within_donor_adjacent_replicates,DLPFCML_151507_151508,spatialLIBD_manual::Br5292,balanced_ot,0.25,,baseline,R,I_EXPR,registered_finite_difference_fixed_score,post-review sensitivity analysis; manual cortical-layer extension,0.998280761902561,0.9833333333333334,0.0007725558993246077,0.009100852249961648,0.0848684231468466,0.045854533357939015,0.022004320868362143,2,True,True,True,True,True
spatialLIBD_manual_layers,within_donor_adjacent_replicates,DLPFCML_151507_151508,spatialLIBD_manual::Br5292,balanced_ot,0.25,,baseline,R,I_SPATIAL,matched_finite_difference,post-review sensitivity analysis; manual cortical-layer extension,0.32381736525216237,0.21000000000000002,0.1862284192766073,0.07950964151541062,2.3427244371843,0.47542952914327286,0.16027894589491254,2,True,False,False,False,False
spatialLIBD_manual_layers,within_donor_adjacent_replicates,DLPFCML_151507_151508,spatialLIBD_manual::Br5292,balanced_ot,0.25,,baseline,R,I_SPATIAL,registered_finite_difference_fixed_score,post-review sensitivity analysis; manual cortical-layer extension,0.32381736525216237,0.21000000000000002,0.1862284192766073,0.07950964151541062,2.3427244371843,0.47542952914327286,0.16027894589491254,2,True,False,False,False,False
spatialLIBD_manual_layers,within_donor_adjacent_replicates,DLPFCML_151507_151508,spatialLIBD_manual::Br5292,balanced_ot,0.5,,epsilon_scan,N,I_EXPR,matched_finite_difference,post-review sensitivity analysis; manual cortical-layer extension,0.9328885710615873,0.7133333333333334,0.05569641849249193,0.01659247964742039,3.356727479306384,0.17666355739473433,0.033062103577885374,2,True,True,True,False,False
spatialLIBD_manual_layers,within_donor_adjacent_replicates,DLPFCML_151507_151508,spatialLIBD_manual::Br5292,balanced_ot,0.5,,epsilon_scan,N,I_EXPR,registered_finite_difference_fixed_score,post-review sensitivity analysis; manual cortical-layer extension,0.004590640262506783,0.09333333333333334,0.1496208364731345,0.01659247964742039,9.017393733649655,0.17666355739473433,0.033062103577885374,2,True,False,False,False,False
spatialLIBD_manual_layers,within_donor_adjacent_replicates,DLPFCML_151507_151508,spatialLIBD_manual::Br5292,balanced_ot,0.5,,epsilon_scan,N,I_SPATIAL,matched_finite_difference,post-review sensitivity analysis; manual cortical-layer extension,0.9615771207009426,0.7466666666666666,0.07170519100059736,0.06986896128869109,1.0264197122825625,0.3093681154524829,0.1408253012361002,2,True,True,True,False,False
spatialLIBD_manual_layers,within_donor_adjacent_replicates,DLPFCML_151507_151508,spatialLIBD_manual::Br5292,balanced_ot,0.5,,epsilon_scan,N,I_SPATIAL,registered_finite_difference_fixed_score,post-review sensitivity analysis; manual cortical-layer extension,0.9672263054339136,0.71,0.06835086335341653,0.06986896128869109,0.9784072755794058,0.3093681154524829,0.1408253012361002,2,True,True,True,False,False
spatialLIBD_manual_layers,within_donor_adjacent_replicates,DLPFCML_151507_151508,spatialLIBD_manual::Br5292,balanced_ot,0.5,,epsilon_scan,R,I_EXPR,matched_finite_difference,post-review sensitivity analysis; manual cortical-layer extension,0.9998615697162533,0.9933333333333333,0.0001904517001546181,0.004924326957756301,0.03866797935083655,0.023437140000750267,0.011545567401756256,2,True,True,True,True,True
spatialLIBD_manual_layers,within_donor_adjacent_replicates,DLPFCML_151507_151508,spatialLIBD_manual::Br5292,balanced_ot,0.5,,epsilon_scan,R,I_EXPR,registered_finite_difference_fixed_score,post-review sensitivity analysis; manual cortical-layer extension,0.9998615697162533,0.9933333333333333,0.0001904517001546181,0.004924326957756301,0.03866797935083655,0.023437140000750267,0.011545567401756256,2,True,True,True,True,True
spatialLIBD_manual_layers,within_donor_adjacent_replicates,DLPFCML_151507_151508,spatialLIBD_manual::Br5292,balanced_ot,0.5,,epsilon_scan,R,I_SPATIAL,matched_finite_difference,post-review sensitivity analysis; manual cortical-layer extension,0.9641011787116351,0.6966666666666667,0.07157626160385652,0.06964138530100113,1.0280588876609145,0.31455063988594545,0.14105007685565982,2,True,True,True,False,False
spatialLIBD_manual_layers,within_donor_adjacent_replicates,DLPFCML_151507_151508,spatialLIBD_manual::Br5292,balanced_ot,0.5,,epsilon_scan,R,I_SPATIAL,registered_finite_difference_fixed_score,post-review sensitivity analysis; manual cortical-layer extension,0.9641011787116351,0.6966666666666667,0.07157626160385652,0.06964138530100113,1.0280588876609145,0.31455063988594545,0.14105007685565982,2,True,True,True,False,False
spatialLIBD_manual_layers,within_donor_adjacent_replicates,DLPFCML_151507_151508,spatialLIBD_manual::Br5292,row_softmax,0.1,,epsilon_scan,N,I_EXPR,matched_finite_difference,post-review sensitivity analysis; manual cortical-layer extension,0.8969457728647879,0.6533333333333333,0.04570502319670994,0.04962777377653861,0.9530065720691805,0.34592461657786416,0.09991957588182787,2,True,True,True,False,False
spatialLIBD_manual_layers,within_donor_adjacent_replicates,DLPFCML_151507_151508,spatialLIBD_manual::Br5292,row_softmax,0.1,,epsilon_scan,N,I_EXPR,registered_finite_difference_fixed_score,post-review sensitivity analysis; manual cortical-layer extension,0.7556441153973846,0.56,0.11858692741470644,0.04962777377653861,2.42817824580597,0.34592461657786416,0.09991957588182787,2,True,True,False,False,False
spatialLIBD_manual_layers,within_donor_adjacent_replicates,DLPFCML_151507_151508,spatialLIBD_manual::Br5292,row_softmax,0.1,,epsilon_scan,N,I_SPATIAL,matched_finite_difference,post-review sensitivity analysis; manual cortical-layer extension,0.5218185590304707,0.05666666666666667,0.24999497490296574,0.06960317812012953,3.5858729263886526,0.6435411333806386,0.1389327122598899,2,True,False,False,False,False
spatialLIBD_manual_layers,within_donor_adjacent_replicates,DLPFCML_151507_151508,spatialLIBD_manual::Br5292,row_softmax,0.1,,epsilon_scan,N,I_SPATIAL,registered_finite_difference_fixed_score,post-review sensitivity analysis; manual cortical-layer extension,0.4317801847911933,0.18666666666666668,0.32670126554687634,0.06960317812012953,4.6951067338789585,0.6435411333806386,0.1389327122598899,2,True,False,False,False,False
spatialLIBD_manual_layers,within_donor_adjacent_replicates,DLPFCML_151507_151508,spatialLIBD_manual::Br5292,row_softmax,0.1,,epsilon_scan,R,I_EXPR,matched_finite_difference,post-review sensitivity analysis; manual cortical-layer extension,0.923916776851901,0.63,0.05157807525540997,0.034798154015086416,1.4817758302484816,0.27716289797204935,0.070098313378461,2,True,True,True,False,False
spatialLIBD_manual_layers,within_donor_adjacent_replicates,DLPFCML_151507_151508,spatialLIBD_manual::Br5292,row_softmax,0.1,,epsilon_scan,R,I_EXPR,registered_finite_difference_fixed_score,post-review sensitivity analysis; manual cortical-layer extension,0.923916776851901,0.63,0.05157807525540997,0.034798154015086416,1.4817758302484816,0.27716289797204935,0.070098313378461,2,True,True,True,False,False
spatialLIBD_manual_layers,within_donor_adjacent_replicates,DLPFCML_151507_151508,spatialLIBD_manual::Br5292,row_softmax,0.1,,epsilon_scan,R,I_SPATIAL,matched_finite_difference,post-review sensitivity analysis; manual cortical-layer extension,0.3528595968264875,0.17333333333333334,0.321763909561644,0.06696443669981925,4.82156946353306,0.6399421100226599,0.1345732168933062,2,True,False,False,False,False
spatialLIBD_manual_layers,within_donor_adjacent_replicates,DLPFCML_151507_151508,spatialLIBD_manual::Br5292,row_softmax,0.1,,epsilon_scan,R,I_SPATIAL,registered_finite_difference_fixed_score,post-review sensitivity analysis; manual cortical-layer extension,0.3528595968264875,0.17333333333333334,0.321763909561644,0.06696443669981925,4.82156946353306,0.6399421100226599,0.1345732168933062,2,True,False,False,False,False
spatialLIBD_manual_layers,within_donor_adjacent_replicates,DLPFCML_151507_151508,spatialLIBD_manual::Br5292,row_softmax,0.25,,baseline,N,I_EXPR,matched_finite_difference,post-review sensitivity analysis; manual cortical-layer extension,0.9041775805233692,0.52,0.06284149612870807,0.02656378767166854,2.3755322601059836,0.24256963273988452,0.054055501526209235,2,True,True,False,False,False
spatialLIBD_manual_layers,within_donor_adjacent_replicates,DLPFCML_151507_151508,spatialLIBD_manual::Br5292,row_softmax,0.25,,baseline,N,I_EXPR,registered_finite_difference_fixed_score,post-review sensitivity analysis; manual cortical-layer extension,0.3233395125953389,0.4066666666666666,0.11411719236667422,0.02656378767166854,4.308230973804944,0.24256963273988452,0.054055501526209235,2,True,False,False,False,False
spatialLIBD_manual_layers,within_donor_adjacent_replicates,DLPFCML_151507_151508,spatialLIBD_manual::Br5292,row_softmax,0.25,,baseline,N,I_SPATIAL,matched_finite_difference,post-review sensitivity analysis; manual cortical-layer extension,0.8184212384094394,0.6233333333333333,0.14720864516054843,0.07072205416750804,2.0883434051626484,0.45386957152827057,0.14453022222189624,2,True,True,True,False,False
spatialLIBD_manual_layers,within_donor_adjacent_replicates,DLPFCML_151507_151508,spatialLIBD_manual::Br5292,row_softmax,0.25,,baseline,N,I_SPATIAL,registered_finite_difference_fixed_score,post-review sensitivity analysis; manual cortical-layer extension,0.9069429239746329,0.6833333333333333,0.1678018920595532,0.07072205416750804,2.3777085721430335,0.45386957152827057,0.14453022222189624,2,True,True,True,False,False
spatialLIBD_manual_layers,within_donor_adjacent_replicates,DLPFCML_151507_151508,spatialLIBD_manual::Br5292,row_softmax,0.25,,baseline,R,I_EXPR,matched_finite_difference,post-review sensitivity analysis; manual cortical-layer extension,0.9855237002327557,0.9099999999999999,0.01619095912875919,0.016166937325236566,1.0053874042518605,0.1398000696869687,0.032408674484221425,2,True,True,True,False,False
spatialLIBD_manual_layers,within_donor_adjacent_replicates,DLPFCML_151507_151508,spatialLIBD_manual::Br5292,row_softmax,0.25,,baseline,R,I_EXPR,registered_finite_difference_fixed_score,post-review sensitivity analysis; manual cortical-layer extension,0.9855237002327557,0.9099999999999999,0.01619095912875919,0.016166937325236566,1.0053874042518605,0.1398000696869687,0.032408674484221425,2,True,True,True,False,False
spatialLIBD_manual_layers,within_donor_adjacent_replicates,DLPFCML_151507_151508,spatialLIBD_manual::Br5292,row_softmax,0.25,,baseline,R,I_SPATIAL,matched_finite_difference,post-review sensitivity analysis; manual cortical-layer extension,0.8718667679407859,0.6033333333333333,0.16945670328430662,0.07010864907971173,2.420271402621781,0.4558705614216018,0.14103273372665315,2,True,True,True,False,False
spatialLIBD_manual_layers,within_donor_adjacent_replicates,DLPFCML_151507_151508,spatialLIBD_manual::Br5292,row_softmax,0.25,,baseline,R,I_SPATIAL,registered_finite_difference_fixed_score,post-review sensitivity analysis; manual cortical-layer extension,0.8718667679407859,0.6033333333333333,0.16945670328430662,0.07010864907971173,2.420271402621781,0.4558705614216018,0.14103273372665315,2,True,True,True,False,False
spatialLIBD_manual_layers,within_donor_adjacent_replicates,DLPFCML_151507_151508,spatialLIBD_manual::Br5292,row_softmax,0.5,,epsilon_scan,N,I_EXPR,matched_finite_difference,post-review sensitivity analysis; manual cortical-layer extension,0.9639921368853942,0.85,0.04532127242022481,0.022647261717702927,2.010549238262339,0.18930409572417914,0.04600837306799696,2,True,True,True,False,False
spatialLIBD_manual_layers,within_donor_adjacent_replicates,DLPFCML_151507_151508,spatialLIBD_manual::Br5292,row_softmax,0.5,,epsilon_scan,N,I_EXPR,registered_finite_difference_fixed_score,post-review sensitivity analysis; manual cortical-layer extension,-0.1491898583066037,0.44333333333333336,0.11544097905700906,0.022647261717702927,5.120524211850707,0.18930409572417914,0.04600837306799696,2,True,False,False,False,False
spatialLIBD_manual_layers,within_donor_adjacent_replicates,DLPFCML_151507_151508,spatialLIBD_manual::Br5292,row_softmax,0.5,,epsilon_scan,N,I_SPATIAL,matched_finite_difference,post-review sensitivity analysis; manual cortical-layer extension,0.9681761529671792,0.7366666666666666,0.06382776458582576,0.05901326861399574,1.081531392556918,0.301054268574819,0.11831607592127708,2,True,True,True,False,False
spatialLIBD_manual_layers,within_donor_adjacent_replicates,DLPFCML_151507_151508,spatialLIBD_manual::Br5292,row_softmax,0.5,,epsilon_scan,N,I_SPATIAL,registered_finite_difference_fixed_score,post-review sensitivity analysis; manual cortical-layer extension,0.9878805528358015,0.8733333333333333,0.06911024542883527,0.05901326861399574,1.1710616777144223,0.301054268574819,0.11831607592127708,2,True,True,True,False,False
spatialLIBD_manual_layers,within_donor_adjacent_replicates,DLPFCML_151507_151508,spatialLIBD_manual::Br5292,row_softmax,0.5,,epsilon_scan,R,I_EXPR,matched_finite_difference,post-review sensitivity analysis; manual cortical-layer extension,0.9980471724654101,0.95,0.005310065732440795,0.010151672523476922,0.5277630432672205,0.07979124814400337,0.02216297209263528,2,True,True,True,True,True
spatialLIBD_manual_layers,within_donor_adjacent_replicates,DLPFCML_151507_151508,spatialLIBD_manual::Br5292,row_softmax,0.5,,epsilon_scan,R,I_EXPR,registered_finite_difference_fixed_score,post-review sensitivity analysis; manual cortical-layer extension,0.9980471724654101,0.95,0.005310065732440795,0.010151672523476922,0.5277630432672205,0.07979124814400337,0.02216297209263528,2,True,True,True,True,True
spatialLIBD_manual_layers,within_donor_adjacent_replicates,DLPFCML_151507_151508,spatialLIBD_manual::Br5292,row_softmax,0.5,,epsilon_scan,R,I_SPATIAL,matched_finite_difference,post-review sensitivity analysis; manual cortical-layer extension,0.9858430621524722,0.7833333333333333,0.07212537326291708,0.057505604837818934,1.2541266039633534,0.30387440677213473,0.1155853326130557,2,True,True,True,False,False
spatialLIBD_manual_layers,within_donor_adjacent_replicates,DLPFCML_151507_151508,spatialLIBD_manual::Br5292,row_softmax,0.5,,epsilon_scan,R,I_SPATIAL,registered_finite_difference_fixed_score,post-review sensitivity analysis; manual cortical-layer extension,0.9858430621524722,0.7833333333333333,0.07212537326291708,0.057505604837818934,1.2541266039633534,0.30387440677213473,0.1155853326130557,2,True,True,True,False,False
spatialLIBD_manual_layers,within_donor_adjacent_replicates,DLPFCML_151507_151508,spatialLIBD_manual::Br5292,uot,0.1,1.0,interaction_corner,N,I_EXPR,matched_finite_difference,post-review sensitivity analysis; manual cortical-layer extension,0.8579241181884971,0.6333333333333333,0.07665847529818084,0.016593257798164222,4.622852706299639,0.2600386404900888,0.03340810284485034,2,True,True,True,False,False
spatialLIBD_manual_layers,within_donor_adjacent_replicates,DLPFCML_151507_151508,spatialLIBD_manual::Br5292,uot,0.1,1.0,interaction_corner,N,I_EXPR,registered_finite_difference_fixed_score,post-review sensitivity analysis; manual cortical-layer extension,0.5736154336068594,0.6266666666666667,0.10961214132350067,0.016593257798164222,6.611086904560619,0.2600386404900888,0.03340810284485034,2,True,False,True,False,False
spatialLIBD_manual_layers,within_donor_adjacent_replicates,DLPFCML_151507_151508,spatialLIBD_manual::Br5292,uot,0.1,1.0,interaction_corner,N,I_SPATIAL,matched_finite_difference,post-review sensitivity analysis; manual cortical-layer extension,-0.06120032764459007,0.2,0.30028227214975933,0.06600486243450268,4.549499339281656,0.6402842815813653,0.13229063639054994,2,True,False,False,False,False
spatialLIBD_manual_layers,within_donor_adjacent_replicates,DLPFCML_151507_151508,spatialLIBD_manual::Br5292,uot,0.1,1.0,interaction_corner,N,I_SPATIAL,registered_finite_difference_fixed_score,post-review sensitivity analysis; manual cortical-layer extension,-0.4259386195282754,0.013333333333333334,0.3396448608196645,0.06600486243450268,5.145883988035858,0.6402842815813653,0.13229063639054994,2,True,False,False,False,False
spatialLIBD_manual_layers,within_donor_adjacent_replicates,DLPFCML_151507_151508,spatialLIBD_manual::Br5292,uot,0.1,1.0,interaction_corner,R,I_EXPR,matched_finite_difference,post-review sensitivity analysis; manual cortical-layer extension,0.9772072680921191,0.9366666666666666,0.006683850581817255,0.026880742975449602,0.24963574087900925,0.14178364404988417,0.05881036755834322,2,True,True,True,True,True
spatialLIBD_manual_layers,within_donor_adjacent_replicates,DLPFCML_151507_151508,spatialLIBD_manual::Br5292,uot,0.1,1.0,interaction_corner,R,I_EXPR,registered_finite_difference_fixed_score,post-review sensitivity analysis; manual cortical-layer extension,0.9772072680921191,0.9366666666666666,0.006683850581817255,0.026880742975449602,0.24963574087900925,0.14178364404988417,0.05881036755834322,2,True,True,True,True,True
spatialLIBD_manual_layers,within_donor_adjacent_replicates,DLPFCML_151507_151508,spatialLIBD_manual::Br5292,uot,0.1,1.0,interaction_corner,R,I_SPATIAL,matched_finite_difference,post-review sensitivity analysis; manual cortical-layer extension,-0.48874221010764896,0.01,0.3381997140516464,0.06579530076629006,5.142518747617483,0.6420856350198284,0.13354128069519855,2,True,False,False,False,False
spatialLIBD_manual_layers,within_donor_adjacent_replicates,DLPFCML_151507_151508,spatialLIBD_manual::Br5292,uot,0.1,1.0,interaction_corner,R,I_SPATIAL,registered_finite_difference_fixed_score,post-review sensitivity analysis; manual cortical-layer extension,-0.48874221010764896,0.01,0.3381997140516464,0.06579530076629006,5.142518747617483,0.6420856350198284,0.13354128069519855,2,True,False,False,False,False
spatialLIBD_manual_layers,within_donor_adjacent_replicates,DLPFCML_151507_151508,spatialLIBD_manual::Br5292,uot,0.1,2.0,epsilon_scan,N,I_EXPR,matched_finite_difference,post-review sensitivity analysis; manual cortical-layer extension,0.8461176578300702,0.6033333333333333,0.07757418159968232,0.014529720125393497,5.348973783104173,0.24058945261705056,0.02926858417794964,2,True,True,True,False,False
spatialLIBD_manual_layers,within_donor_adjacent_replicates,DLPFCML_151507_151508,spatialLIBD_manual::Br5292,uot,0.1,2.0,epsilon_scan,N,I_EXPR,registered_finite_difference_fixed_score,post-review sensitivity analysis; manual cortical-layer extension,0.2279879324390811,0.42333333333333334,0.11505949766859055,0.014529720125393497,7.934051344901512,0.24058945261705056,0.02926858417794964,2,True,False,False,False,False
spatialLIBD_manual_layers,within_donor_adjacent_replicates,DLPFCML_151507_151508,spatialLIBD_manual::Br5292,uot,0.1,2.0,epsilon_scan,N,I_SPATIAL,matched_finite_difference,post-review sensitivity analysis; manual cortical-layer extension,-0.20805204802313246,0.1433333333333333,0.31232911936550933,0.06760901640557396,4.619696997000563,0.631015919529325,0.1342127794710286,2,True,False,False,False,False
spatialLIBD_manual_layers,within_donor_adjacent_replicates,DLPFCML_151507_151508,spatialLIBD_manual::Br5292,uot,0.1,2.0,epsilon_scan,N,I_SPATIAL,registered_finite_difference_fixed_score,post-review sensitivity analysis; manual cortical-layer extension,-0.40999229777435464,0.013333333333333334,0.3301958582445194,0.06760901640557396,4.883962738063584,0.631015919529325,0.1342127794710286,2,True,False,False,False,False
spatialLIBD_manual_layers,within_donor_adjacent_replicates,DLPFCML_151507_151508,spatialLIBD_manual::Br5292,uot,0.1,2.0,epsilon_scan,R,I_EXPR,matched_finite_difference,post-review sensitivity analysis; manual cortical-layer extension,0.9800208195648088,0.9233333333333333,0.006926010713363691,0.022945154935075037,0.30193446443170596,0.11557683785967407,0.05408754162529942,2,True,True,True,True,True
spatialLIBD_manual_layers,within_donor_adjacent_replicates,DLPFCML_151507_151508,spatialLIBD_manual::Br5292,uot,0.1,2.0,epsilon_scan,R,I_EXPR,registered_finite_difference_fixed_score,post-review sensitivity analysis; manual cortical-layer extension,0.9800208195648088,0.9233333333333333,0.006926010713363691,0.022945154935075037,0.30193446443170596,0.11557683785967407,0.05408754162529942,2,True,True,True,True,True
spatialLIBD_manual_layers,within_donor_adjacent_replicates,DLPFCML_151507_151508,spatialLIBD_manual::Br5292,uot,0.1,2.0,epsilon_scan,R,I_SPATIAL,matched_finite_difference,post-review sensitivity analysis; manual cortical-layer extension,-0.5018813910583961,0.01,0.3397375448541159,0.06537048503337498,5.201975592607347,0.6454331235941013,0.13336555611918932,2,True,False,False,False,False
spatialLIBD_manual_layers,within_donor_adjacent_replicates,DLPFCML_151507_151508,spatialLIBD_manual::Br5292,uot,0.1,2.0,epsilon_scan,R,I_SPATIAL,registered_finite_difference_fixed_score,post-review sensitivity analysis; manual cortical-layer extension,-0.5018813910583961,0.01,0.3397375448541159,0.06537048503337498,5.201975592607347,0.6454331235941013,0.13336555611918932,2,True,False,False,False,False
spatialLIBD_manual_layers,within_donor_adjacent_replicates,DLPFCML_151507_151508,spatialLIBD_manual::Br5292,uot,0.1,5.0,interaction_corner,N,I_EXPR,matched_finite_difference,post-review sensitivity analysis; manual cortical-layer extension,0.8428719088319596,0.5700000000000001,0.07738121433763562,0.015027847151025037,5.152622616527941,0.23109098137185463,0.03025454683999579,2,True,True,False,False,False
spatialLIBD_manual_layers,within_donor_adjacent_replicates,DLPFCML_151507_151508,spatialLIBD_manual::Br5292,uot,0.1,5.0,interaction_corner,N,I_EXPR,registered_finite_difference_fixed_score,post-review sensitivity analysis; manual cortical-layer extension,0.09653154690290974,0.38,0.11299909840741268,0.015027847151025037,7.524315522035856,0.23109098137185463,0.03025454683999579,2,True,False,False,False,False
spatialLIBD_manual_layers,within_donor_adjacent_replicates,DLPFCML_151507_151508,spatialLIBD_manual::Br5292,uot,0.1,5.0,interaction_corner,N,I_SPATIAL,matched_finite_difference,post-review sensitivity analysis; manual cortical-layer extension,-0.26422108987604,0.10333333333333333,0.31762266125769434,0.06803574810142105,4.668474353961282,0.625037725623175,0.13566020787034783,2,True,False,False,False,False
spatialLIBD_manual_layers,within_donor_adjacent_replicates,DLPFCML_151507_151508,spatialLIBD_manual::Br5292,uot,0.1,5.0,interaction_corner,N,I_SPATIAL,registered_finite_difference_fixed_score,post-review sensitivity analysis; manual cortical-layer extension,-0.39702204312090805,0.01,0.3245971482918124,0.06803574810142105,4.770986306701422,0.625037725623175,0.13566020787034783,2,True,False,False,False,False
spatialLIBD_manual_layers,within_donor_adjacent_replicates,DLPFCML_151507_151508,spatialLIBD_manual::Br5292,uot,0.1,5.0,interaction_corner,R,I_EXPR,matched_finite_difference,post-review sensitivity analysis; manual cortical-layer extension,0.9820703831423927,0.9166666666666666,0.0068014333490891005,0.022087836706899646,0.3079636883594956,0.10696072636591444,0.05462657018824575,2,True,True,True,True,True
spatialLIBD_manual_layers,within_donor_adjacent_replicates,DLPFCML_151507_151508,spatialLIBD_manual::Br5292,uot,0.1,5.0,interaction_corner,R,I_EXPR,registered_finite_difference_fixed_score,post-review sensitivity analysis; manual cortical-layer extension,0.9820703831423927,0.9166666666666666,0.0068014333490891005,0.022087836706899646,0.3079636883594956,0.10696072636591444,0.05462657018824575,2,True,True,True,True,True
spatialLIBD_manual_layers,within_donor_adjacent_replicates,DLPFCML_151507_151508,spatialLIBD_manual::Br5292,uot,0.1,5.0,interaction_corner,R,I_SPATIAL,matched_finite_difference,post-review sensitivity analysis; manual cortical-layer extension,-0.5081944729753214,0.006666666666666667,0.3407332786375743,0.06525207426257681,5.226099362099812,0.6476559397127222,0.13281992216234384,2,True,False,False,False,False
spatialLIBD_manual_layers,within_donor_adjacent_replicates,DLPFCML_151507_151508,spatialLIBD_manual::Br5292,uot,0.1,5.0,interaction_corner,R,I_SPATIAL,registered_finite_difference_fixed_score,post-review sensitivity analysis; manual cortical-layer extension,-0.5081944729753214,0.006666666666666667,0.3407332786375743,0.06525207426257681,5.226099362099812,0.6476559397127222,0.13281992216234384,2,True,False,False,False,False
spatialLIBD_manual_layers,within_donor_adjacent_replicates,DLPFCML_151507_151508,spatialLIBD_manual::Br5292,uot,0.25,1.0,tau_scan,N,I_EXPR,matched_finite_difference,post-review sensitivity analysis; manual cortical-layer extension,0.8409470973098212,0.7333333333333333,0.07011731899178653,0.014920448911334427,4.707819525279709,0.22908796584646912,0.02998116101587811,2,True,True,True,False,False
spatialLIBD_manual_layers,within_donor_adjacent_replicates,DLPFCML_151507_151508,spatialLIBD_manual::Br5292,uot,0.25,1.0,tau_scan,N,I_EXPR,registered_finite_difference_fixed_score,post-review sensitivity analysis; manual cortical-layer extension,0.6917457154425403,0.6533333333333333,0.11377325197965596,0.014920448911334427,7.641335303114454,0.22908796584646912,0.02998116101587811,2,True,False,True,False,False
spatialLIBD_manual_layers,within_donor_adjacent_replicates,DLPFCML_151507_151508,spatialLIBD_manual::Br5292,uot,0.25,1.0,tau_scan,N,I_SPATIAL,matched_finite_difference,post-review sensitivity analysis; manual cortical-layer extension,0.706104336935261,0.27,0.1609960377608091,0.07609929084718633,2.1159764486995307,0.47376206799146403,0.15808920917782887,2,True,True,False,False,False
spatialLIBD_manual_layers,within_donor_adjacent_replicates,DLPFCML_151507_151508,spatialLIBD_manual::Br5292,uot,0.25,1.0,tau_scan,N,I_SPATIAL,registered_finite_difference_fixed_score,post-review sensitivity analysis; manual cortical-layer extension,0.4815642691396752,0.29666666666666663,0.1917351980293348,0.07609929084718633,2.5199606711604376,0.47376206799146403,0.15808920917782887,2,True,False,False,False,False
spatialLIBD_manual_layers,within_donor_adjacent_replicates,DLPFCML_151507_151508,spatialLIBD_manual::Br5292,uot,0.25,1.0,tau_scan,R,I_EXPR,matched_finite_difference,post-review sensitivity analysis; manual cortical-layer extension,0.9971495933998195,0.9933333333333333,0.001656383658965964,0.01997144357749544,0.08474737596232998,0.10314974343149474,0.05017405470547618,2,True,True,True,True,True
spatialLIBD_manual_layers,within_donor_adjacent_replicates,DLPFCML_151507_151508,spatialLIBD_manual::Br5292,uot,0.25,1.0,tau_scan,R,I_EXPR,registered_finite_difference_fixed_score,post-review sensitivity analysis; manual cortical-layer extension,0.9971495933998195,0.9933333333333333,0.001656383658965964,0.01997144357749544,0.08474737596232998,0.10314974343149474,0.05017405470547618,2,True,True,True,True,True
spatialLIBD_manual_layers,within_donor_adjacent_replicates,DLPFCML_151507_151508,spatialLIBD_manual::Br5292,uot,0.25,1.0,tau_scan,R,I_SPATIAL,matched_finite_difference,post-review sensitivity analysis; manual cortical-layer extension,0.48516117918274637,0.28,0.18011830959712138,0.07730219374581512,2.3309176384608548,0.4596901191659379,0.15666285481687917,2,True,False,False,False,False
spatialLIBD_manual_layers,within_donor_adjacent_replicates,DLPFCML_151507_151508,spatialLIBD_manual::Br5292,uot,0.25,1.0,tau_scan,R,I_SPATIAL,registered_finite_difference_fixed_score,post-review sensitivity analysis; manual cortical-layer extension,0.48516117918274637,0.28,0.18011830959712138,0.07730219374581512,2.3309176384608548,0.4596901191659379,0.15666285481687917,2,True,False,False,False,False
spatialLIBD_manual_layers,within_donor_adjacent_replicates,DLPFCML_151507_151508,spatialLIBD_manual::Br5292,uot,0.25,2.0,baseline,N,I_EXPR,matched_finite_difference,post-review sensitivity analysis; manual cortical-layer extension,0.756604389601951,0.7,0.07310076883556388,0.012454411916490327,5.873709077799372,0.2122169676590515,0.02533500605524952,2,True,True,True,False,False
spatialLIBD_manual_layers,within_donor_adjacent_replicates,DLPFCML_151507_151508,spatialLIBD_manual::Br5292,uot,0.25,2.0,baseline,N,I_EXPR,registered_finite_difference_fixed_score,post-review sensitivity analysis; manual cortical-layer extension,0.2662998463554873,0.31666666666666665,0.13784155766098338,0.012454411916490327,11.076251825961242,0.2122169676590515,0.02533500605524952,2,True,False,False,False,False
spatialLIBD_manual_layers,within_donor_adjacent_replicates,DLPFCML_151507_151508,spatialLIBD_manual::Br5292,uot,0.25,2.0,baseline,N,I_SPATIAL,matched_finite_difference,post-review sensitivity analysis; manual cortical-layer extension,0.5832751836778594,0.2733333333333333,0.17286361192928296,0.07660343718908044,2.2568508948086627,0.4697518679189637,0.15819698859497286,2,True,False,False,False,False
spatialLIBD_manual_layers,within_donor_adjacent_replicates,DLPFCML_151507_151508,spatialLIBD_manual::Br5292,uot,0.25,2.0,baseline,N,I_SPATIAL,registered_finite_difference_fixed_score,post-review sensitivity analysis; manual cortical-layer extension,0.42622953343534825,0.26,0.18538893732293327,0.07660343718908044,2.4203561832617706,0.4697518679189637,0.15819698859497286,2,True,False,False,False,False
spatialLIBD_manual_layers,within_donor_adjacent_replicates,DLPFCML_151507_151508,spatialLIBD_manual::Br5292,uot,0.25,2.0,baseline,R,I_EXPR,matched_finite_difference,post-review sensitivity analysis; manual cortical-layer extension,0.9928289390350842,0.9833333333333334,0.001348348256027419,0.009521864904909237,0.14343717487148383,0.06601363259606252,0.023937024270094302,2,True,True,True,True,True
spatialLIBD_manual_layers,within_donor_adjacent_replicates,DLPFCML_151507_151508,spatialLIBD_manual::Br5292,uot,0.25,2.0,baseline,R,I_EXPR,registered_finite_difference_fixed_score,post-review sensitivity analysis; manual cortical-layer extension,0.9928289390350842,0.9833333333333334,0.001348348256027419,0.009521864904909237,0.14343717487148383,0.06601363259606252,0.023937024270094302,2,True,True,True,True,True
spatialLIBD_manual_layers,within_donor_adjacent_replicates,DLPFCML_151507_151508,spatialLIBD_manual::Br5292,uot,0.25,2.0,baseline,R,I_SPATIAL,matched_finite_difference,post-review sensitivity analysis; manual cortical-layer extension,0.41811448093976933,0.24666666666666667,0.1826509067540945,0.07804278192103656,2.3410126125664945,0.46661062526650854,0.15844397022384885,2,True,False,False,False,False
spatialLIBD_manual_layers,within_donor_adjacent_replicates,DLPFCML_151507_151508,spatialLIBD_manual::Br5292,uot,0.25,2.0,baseline,R,I_SPATIAL,registered_finite_difference_fixed_score,post-review sensitivity analysis; manual cortical-layer extension,0.41811448093976933,0.24666666666666667,0.1826509067540945,0.07804278192103656,2.3410126125664945,0.46661062526650854,0.15844397022384885,2,True,False,False,False,False
spatialLIBD_manual_layers,within_donor_adjacent_replicates,DLPFCML_151507_151508,spatialLIBD_manual::Br5292,uot,0.25,5.0,tau_scan,N,I_EXPR,matched_finite_difference,post-review sensitivity analysis; manual cortical-layer extension,0.7352263054339137,0.6766666666666667,0.0743216725543001,0.012807058164802453,5.806993336994129,0.20272132399332538,0.025867232167512647,2,True,True,True,False,False
spatialLIBD_manual_layers,within_donor_adjacent_replicates,DLPFCML_151507_151508,spatialLIBD_manual::Br5292,uot,0.25,5.0,tau_scan,N,I_EXPR,registered_finite_difference_fixed_score,post-review sensitivity analysis; manual cortical-layer extension,-0.06280054524468678,0.10666666666666667,0.14498988850656785,0.012807058164802453,11.328630638711747,0.20272132399332538,0.025867232167512647,2,True,False,False,False,False
spatialLIBD_manual_layers,within_donor_adjacent_replicates,DLPFCML_151507_151508,spatialLIBD_manual::Br5292,uot,0.25,5.0,tau_scan,N,I_SPATIAL,matched_finite_difference,post-review sensitivity analysis; manual cortical-layer extension,0.447702890534618,0.25333333333333335,0.17980383097908909,0.07776591972567717,2.312164547108719,0.46724141667233804,0.1583086996576243,2,True,False,False,False,False
spatialLIBD_manual_layers,within_donor_adjacent_replicates,DLPFCML_151507_151508,spatialLIBD_manual::Br5292,uot,0.25,5.0,tau_scan,N,I_SPATIAL,registered_finite_difference_fixed_score,post-review sensitivity analysis; manual cortical-layer extension,0.3812660041182241,0.24,0.1813870955515155,0.07776591972567717,2.3325187168294033,0.46724141667233804,0.1583086996576243,2,True,False,False,False,False
spatialLIBD_manual_layers,within_donor_adjacent_replicates,DLPFCML_151507_151508,spatialLIBD_manual::Br5292,uot,0.25,5.0,tau_scan,R,I_EXPR,matched_finite_difference,post-review sensitivity analysis; manual cortical-layer extension,0.9964196766309674,0.9833333333333334,0.0010445515078974755,0.008656549529540272,0.12066942066247101,0.049870416677797014,0.021309961498037377,2,True,True,True,True,True
spatialLIBD_manual_layers,within_donor_adjacent_replicates,DLPFCML_151507_151508,spatialLIBD_manual::Br5292,uot,0.25,5.0,tau_scan,R,I_EXPR,registered_finite_difference_fixed_score,post-review sensitivity analysis; manual cortical-layer extension,0.9964196766309674,0.9833333333333334,0.0010445515078974755,0.008656549529540272,0.12066942066247101,0.049870416677797014,0.021309961498037377,2,True,True,True,True,True
spatialLIBD_manual_layers,within_donor_adjacent_replicates,DLPFCML_151507_151508,spatialLIBD_manual::Br5292,uot,0.25,5.0,tau_scan,R,I_SPATIAL,matched_finite_difference,post-review sensitivity analysis; manual cortical-layer extension,0.36556100513822454,0.2366666666666667,0.1846482577373477,0.0786828654795122,2.3470539227699927,0.4719695716687241,0.15966053678727282,2,True,False,False,False,False
spatialLIBD_manual_layers,within_donor_adjacent_replicates,DLPFCML_151507_151508,spatialLIBD_manual::Br5292,uot,0.25,5.0,tau_scan,R,I_SPATIAL,registered_finite_difference_fixed_score,post-review sensitivity analysis; manual cortical-layer extension,0.36556100513822454,0.2366666666666667,0.1846482577373477,0.0786828654795122,2.3470539227699927,0.4719695716687241,0.15966053678727282,2,True,False,False,False,False
spatialLIBD_manual_layers,within_donor_adjacent_replicates,DLPFCML_151507_151508,spatialLIBD_manual::Br5292,uot,0.5,1.0,interaction_corner,N,I_EXPR,matched_finite_difference,post-review sensitivity analysis; manual cortical-layer extension,0.9593935517304675,0.6133333333333333,0.04703657230219194,0.02302714429227779,2.0440623794111086,0.2012633296902504,0.04767928611154966,2,True,True,True,False,False
spatialLIBD_manual_layers,within_donor_adjacent_replicates,DLPFCML_151507_151508,spatialLIBD_manual::Br5292,uot,0.5,1.0,interaction_corner,N,I_EXPR,registered_finite_difference_fixed_score,post-review sensitivity analysis; manual cortical-layer extension,0.6191843765263896,0.5533333333333333,0.09599254366653817,0.02302714429227779,4.17278156346228,0.2012633296902504,0.04767928611154966,2,True,False,False,False,False
spatialLIBD_manual_layers,within_donor_adjacent_replicates,DLPFCML_151507_151508,spatialLIBD_manual::Br5292,uot,0.5,1.0,interaction_corner,N,I_SPATIAL,matched_finite_difference,post-review sensitivity analysis; manual cortical-layer extension,0.9705221895654177,0.7433333333333334,0.05817391379729978,0.06444668037980106,0.9027350448358497,0.3106580919530369,0.13085439578494618,2,True,True,True,False,False
spatialLIBD_manual_layers,within_donor_adjacent_replicates,DLPFCML_151507_151508,spatialLIBD_manual::Br5292,uot,0.5,1.0,interaction_corner,N,I_SPATIAL,registered_finite_difference_fixed_score,post-review sensitivity analysis; manual cortical-layer extension,0.963450298422355,0.7533333333333334,0.07920958434255723,0.06444668037980106,1.2291422659991005,0.3106580919530369,0.13085439578494618,2,True,True,True,False,False
spatialLIBD_manual_layers,within_donor_adjacent_replicates,DLPFCML_151507_151508,spatialLIBD_manual::Br5292,uot,0.5,1.0,interaction_corner,R,I_EXPR,matched_finite_difference,post-review sensitivity analysis; manual cortical-layer extension,0.9998119910275517,1.0,0.0007941585215562352,0.020677549171079227,0.03920124611726349,0.09165602987386204,0.04803893932124323,2,True,True,True,True,True
spatialLIBD_manual_layers,within_donor_adjacent_replicates,DLPFCML_151507_151508,spatialLIBD_manual::Br5292,uot,0.5,1.0,interaction_corner,R,I_EXPR,registered_finite_difference_fixed_score,post-review sensitivity analysis; manual cortical-layer extension,0.9998119910275517,1.0,0.0007941585215562352,0.020677549171079227,0.03920124611726349,0.09165602987386204,0.04803893932124323,2,True,True,True,True,True
spatialLIBD_manual_layers,within_donor_adjacent_replicates,DLPFCML_151507_151508,spatialLIBD_manual::Br5292,uot,0.5,1.0,interaction_corner,R,I_SPATIAL,matched_finite_difference,post-review sensitivity analysis; manual cortical-layer extension,0.9741684791859908,0.76,0.07225808934882369,0.06582678942328377,1.0979686882917514,0.30074068448371744,0.13274858124661393,2,True,True,True,False,False
spatialLIBD_manual_layers,within_donor_adjacent_replicates,DLPFCML_151507_151508,spatialLIBD_manual::Br5292,uot,0.5,1.0,interaction_corner,R,I_SPATIAL,registered_finite_difference_fixed_score,post-review sensitivity analysis; manual cortical-layer extension,0.9741684791859908,0.76,0.07225808934882369,0.06582678942328377,1.0979686882917514,0.30074068448371744,0.13274858124661393,2,True,True,True,False,False
spatialLIBD_manual_layers,within_donor_adjacent_replicates,DLPFCML_151507_151508,spatialLIBD_manual::Br5292,uot,0.5,2.0,epsilon_scan,N,I_EXPR,matched_finite_difference,post-review sensitivity analysis; manual cortical-layer extension,0.9594891802174135,0.7166666666666667,0.05126843797435847,0.018556582657097316,2.7629381873909065,0.19043436131298558,0.037798933281589814,2,True,True,True,False,False
spatialLIBD_manual_layers,within_donor_adjacent_replicates,DLPFCML_151507_151508,spatialLIBD_manual::Br5292,uot,0.5,2.0,epsilon_scan,N,I_EXPR,registered_finite_difference_fixed_score,post-review sensitivity analysis; manual cortical-layer extension,0.478965062651139,0.31,0.12802846321346206,0.018556582657097316,6.899870833734353,0.19043436131298558,0.037798933281589814,2,True,False,False,False,False
spatialLIBD_manual_layers,within_donor_adjacent_replicates,DLPFCML_151507_151508,spatialLIBD_manual::Br5292,uot,0.5,2.0,epsilon_scan,N,I_SPATIAL,matched_finite_difference,post-review sensitivity analysis; manual cortical-layer extension,0.9747697434532194,0.77,0.06404651858710969,0.06668147302637878,0.9607318579365501,0.3099655012821241,0.13459537328350157,2,True,True,True,False,False
spatialLIBD_manual_layers,within_donor_adjacent_replicates,DLPFCML_151507_151508,spatialLIBD_manual::Br5292,uot,0.5,2.0,epsilon_scan,N,I_SPATIAL,registered_finite_difference_fixed_score,post-review sensitivity analysis; manual cortical-layer extension,0.9673632406058847,0.7533333333333333,0.07468713552786249,0.06668147302637878,1.1203050323719137,0.3099655012821241,0.13459537328350157,2,True,True,True,False,False
spatialLIBD_manual_layers,within_donor_adjacent_replicates,DLPFCML_151507_151508,spatialLIBD_manual::Br5292,uot,0.5,2.0,epsilon_scan,R,I_EXPR,matched_finite_difference,post-review sensitivity analysis; manual cortical-layer extension,0.9985842144818733,0.9966666666666666,0.0004452536658543877,0.008477988387890685,0.05439994742152729,0.05169961731473119,0.0241406133907208,2,True,True,True,True,True
spatialLIBD_manual_layers,within_donor_adjacent_replicates,DLPFCML_151507_151508,spatialLIBD_manual::Br5292,uot,0.5,2.0,epsilon_scan,R,I_EXPR,registered_finite_difference_fixed_score,post-review sensitivity analysis; manual cortical-layer extension,0.9985842144818733,0.9966666666666666,0.0004452536658543877,0.008477988387890685,0.05439994742152729,0.05169961731473119,0.0241406133907208,2,True,True,True,True,True
spatialLIBD_manual_layers,within_donor_adjacent_replicates,DLPFCML_151507_151508,spatialLIBD_manual::Br5292,uot,0.5,2.0,epsilon_scan,R,I_SPATIAL,matched_finite_difference,post-review sensitivity analysis; manual cortical-layer extension,0.970551531800681,0.7433333333333334,0.0714326659413144,0.06700404382865029,1.066383530558321,0.3053745440622607,0.13549283757017516,2,True,True,True,False,False
spatialLIBD_manual_layers,within_donor_adjacent_replicates,DLPFCML_151507_151508,spatialLIBD_manual::Br5292,uot,0.5,2.0,epsilon_scan,R,I_SPATIAL,registered_finite_difference_fixed_score,post-review sensitivity analysis; manual cortical-layer extension,0.970551531800681,0.7433333333333334,0.0714326659413144,0.06700404382865029,1.066383530558321,0.3053745440622607,0.13549283757017516,2,True,True,True,False,False
spatialLIBD_manual_layers,within_donor_adjacent_replicates,DLPFCML_151507_151508,spatialLIBD_manual::Br5292,uot,0.5,5.0,interaction_corner,N,I_EXPR,matched_finite_difference,post-review sensitivity analysis; manual cortical-layer extension,0.9489367595274487,0.7366666666666667,0.05396871950037005,0.017308242480792248,3.1183362717806222,0.18232372167213706,0.034383504803377235,2,True,True,True,False,False
spatialLIBD_manual_layers,within_donor_adjacent_replicates,DLPFCML_151507_151508,spatialLIBD_manual::Br5292,uot,0.5,5.0,interaction_corner,N,I_EXPR,registered_finite_difference_fixed_score,post-review sensitivity analysis; manual cortical-layer extension,0.22108659248293,0.18,0.14618270802415145,0.017308242480792248,8.446430841795085,0.18232372167213706,0.034383504803377235,2,True,False,False,False,False
spatialLIBD_manual_layers,within_donor_adjacent_replicates,DLPFCML_151507_151508,spatialLIBD_manual::Br5292,uot,0.5,5.0,interaction_corner,N,I_SPATIAL,matched_finite_difference,post-review sensitivity analysis; manual cortical-layer extension,0.9699297697465644,0.75,0.06838838878404696,0.0687433707014247,0.9951727729341087,0.3090376389223103,0.13832897375462705,2,True,True,True,False,False
spatialLIBD_manual_layers,within_donor_adjacent_replicates,DLPFCML_151507_151508,spatialLIBD_manual::Br5292,uot,0.5,5.0,interaction_corner,N,I_SPATIAL,registered_finite_difference_fixed_score,post-review sensitivity analysis; manual cortical-layer extension,0.9679873511054895,0.72,0.07108506800998637,0.0687433707014247,1.034391576133696,0.3090376389223103,0.13832897375462705,2,True,True,True,False,False
spatialLIBD_manual_layers,within_donor_adjacent_replicates,DLPFCML_151507_151508,spatialLIBD_manual::Br5292,uot,0.5,5.0,interaction_corner,R,I_EXPR,matched_finite_difference,post-review sensitivity analysis; manual cortical-layer extension,0.9987449452199757,1.0,0.00030533141305476524,0.004278371991033655,0.07147909290295983,0.030787829829199857,0.010765732613039335,2,True,True,True,True,True
spatialLIBD_manual_layers,within_donor_adjacent_replicates,DLPFCML_151507_151508,spatialLIBD_manual::Br5292,uot,0.5,5.0,interaction_corner,R,I_EXPR,registered_finite_difference_fixed_score,post-review sensitivity analysis; manual cortical-layer extension,0.9987449452199757,1.0,0.00030533141305476524,0.004278371991033655,0.07147909290295983,0.030787829829199857,0.010765732613039335,2,True,True,True,True,True
spatialLIBD_manual_layers,within_donor_adjacent_replicates,DLPFCML_151507_151508,spatialLIBD_manual::Br5292,uot,0.5,5.0,interaction_corner,R,I_SPATIAL,matched_finite_difference,post-review sensitivity analysis; manual cortical-layer extension,0.9671312689472308,0.72,0.07133936546005229,0.06811815540589247,1.0475332880527737,0.31058388634978706,0.13860722650176444,2,True,True,True,False,False
spatialLIBD_manual_layers,within_donor_adjacent_replicates,DLPFCML_151507_151508,spatialLIBD_manual::Br5292,uot,0.5,5.0,interaction_corner,R,I_SPATIAL,registered_finite_difference_fixed_score,post-review sensitivity analysis; manual cortical-layer extension,0.9671312689472308,0.72,0.07133936546005229,0.06811815540589247,1.0475332880527737,0.31058388634978706,0.13860722650176444,2,True,True,True,False,False
spatialLIBD_manual_layers,within_donor_adjacent_replicates,DLPFCML_151509_151510,spatialLIBD_manual::Br5292,balanced_ot,0.1,,epsilon_scan,N,I_EXPR,matched_finite_difference,post-review sensitivity analysis; manual cortical-layer extension,0.8907746838998596,0.6733333333333333,0.07547297784694673,0.01922492379415599,3.9293918840091813,0.22087435394308558,0.03812757780305985,2,True,True,True,False,False
spatialLIBD_manual_layers,within_donor_adjacent_replicates,DLPFCML_151509_151510,spatialLIBD_manual::Br5292,balanced_ot,0.1,,epsilon_scan,N,I_EXPR,registered_finite_difference_fixed_score,post-review sensitivity analysis; manual cortical-layer extension,0.2695591526929568,0.18,0.10365557873707182,0.01922492379415599,5.3958687644779735,0.22087435394308558,0.03812757780305985,2,True,False,False,False,False
spatialLIBD_manual_layers,within_donor_adjacent_replicates,DLPFCML_151509_151510,spatialLIBD_manual::Br5292,balanced_ot,0.1,,epsilon_scan,N,I_SPATIAL,matched_finite_difference,post-review sensitivity analysis; manual cortical-layer extension,-0.3428397132620948,0.08666666666666667,0.3376143618695644,0.06472237717404505,5.225914637813195,0.6372679015367169,0.1309641456998083,2,True,False,False,False,False
spatialLIBD_manual_layers,within_donor_adjacent_replicates,DLPFCML_151509_151510,spatialLIBD_manual::Br5292,balanced_ot,0.1,,epsilon_scan,N,I_SPATIAL,registered_finite_difference_fixed_score,post-review sensitivity analysis; manual cortical-layer extension,-0.3803054845802154,0.02,0.3370507418601512,0.06472237717404505,5.217190393853173,0.6372679015367169,0.1309641456998083,2,True,False,False,False,False
spatialLIBD_manual_layers,within_donor_adjacent_replicates,DLPFCML_151509_151510,spatialLIBD_manual::Br5292,balanced_ot,0.1,,epsilon_scan,R,I_EXPR,matched_finite_difference,post-review sensitivity analysis; manual cortical-layer extension,0.9799774613233163,0.9366666666666666,0.006014513713489695,0.02109257513103351,0.28520221463654105,0.10879044573976351,0.04954729475412176,2,True,True,True,True,True
spatialLIBD_manual_layers,within_donor_adjacent_replicates,DLPFCML_151509_151510,spatialLIBD_manual::Br5292,balanced_ot,0.1,,epsilon_scan,R,I_EXPR,registered_finite_difference_fixed_score,post-review sensitivity analysis; manual cortical-layer extension,0.9799774613233163,0.9366666666666666,0.006014513713489695,0.02109257513103351,0.28520221463654105,0.10879044573976351,0.04954729475412176,2,True,True,True,True,True
spatialLIBD_manual_layers,within_donor_adjacent_replicates,DLPFCML_151509_151510,spatialLIBD_manual::Br5292,balanced_ot,0.1,,epsilon_scan,R,I_SPATIAL,matched_finite_difference,post-review sensitivity analysis; manual cortical-layer extension,-0.5467988830217259,0.006666666666666667,0.3537699339017409,0.059440604307861855,5.953543916277853,0.6601993577039914,0.12531962927054208,2,True,False,False,False,False
spatialLIBD_manual_layers,within_donor_adjacent_replicates,DLPFCML_151509_151510,spatialLIBD_manual::Br5292,balanced_ot,0.1,,epsilon_scan,R,I_SPATIAL,registered_finite_difference_fixed_score,post-review sensitivity analysis; manual cortical-layer extension,-0.5467988830217259,0.006666666666666667,0.3537699339017409,0.059440604307861855,5.953543916277853,0.6601993577039914,0.12531962927054208,2,True,False,False,False,False
spatialLIBD_manual_layers,within_donor_adjacent_replicates,DLPFCML_151509_151510,spatialLIBD_manual::Br5292,balanced_ot,0.25,,baseline,N,I_EXPR,matched_finite_difference,post-review sensitivity analysis; manual cortical-layer extension,0.6537390069951143,0.30000000000000004,0.07773781878454736,0.011368594772772148,6.839423917495856,0.19310246822713587,0.02295879793918794,2,True,False,False,False,False
spatialLIBD_manual_layers,within_donor_adjacent_replicates,DLPFCML_151509_151510,spatialLIBD_manual::Br5292,balanced_ot,0.25,,baseline,N,I_EXPR,registered_finite_difference_fixed_score,post-review sensitivity analysis; manual cortical-layer extension,-0.18100081288925018,0.023333333333333334,0.1405866382150867,0.011368594772772148,12.36892440860721,0.19310246822713587,0.02295879793918794,2,True,False,False,False,False
spatialLIBD_manual_layers,within_donor_adjacent_replicates,DLPFCML_151509_151510,spatialLIBD_manual::Br5292,balanced_ot,0.25,,baseline,N,I_SPATIAL,matched_finite_difference,post-review sensitivity analysis; manual cortical-layer extension,0.3603578312701473,0.29333333333333333,0.1912161371629284,0.07324701091610143,2.6112846465377366,0.47801626935374725,0.1506715930862992,2,True,False,False,False,False
spatialLIBD_manual_layers,within_donor_adjacent_replicates,DLPFCML_151509_151510,spatialLIBD_manual::Br5292,balanced_ot,0.25,,baseline,N,I_SPATIAL,registered_finite_difference_fixed_score,post-review sensitivity analysis; manual cortical-layer extension,0.5582310498804667,0.4066666666666667,0.1833212769992814,0.07324701091610143,2.503487586292804,0.47801626935374725,0.1506715930862992,2,True,False,False,False,False
spatialLIBD_manual_layers,within_donor_adjacent_replicates,DLPFCML_151509_151510,spatialLIBD_manual::Br5292,balanced_ot,0.25,,baseline,R,I_EXPR,matched_finite_difference,post-review sensitivity analysis; manual cortical-layer extension,0.9986826838589707,0.98,0.0007296397176179331,0.009025805606143399,0.08082398971177421,0.04660222938754076,0.021684438477335678,2,True,True,True,True,True
spatialLIBD_manual_layers,within_donor_adjacent_replicates,DLPFCML_151509_151510,spatialLIBD_manual::Br5292,balanced_ot,0.25,,baseline,R,I_EXPR,registered_finite_difference_fixed_score,post-review sensitivity analysis; manual cortical-layer extension,0.9986826838589707,0.98,0.0007296397176179331,0.009025805606143399,0.08082398971177421,0.04660222938754076,0.021684438477335678,2,True,True,True,True,True
spatialLIBD_manual_layers,within_donor_adjacent_replicates,DLPFCML_151509_151510,spatialLIBD_manual::Br5292,balanced_ot,0.25,,baseline,R,I_SPATIAL,matched_finite_difference,post-review sensitivity analysis; manual cortical-layer extension,0.5210925533744682,0.36,0.1875921027187749,0.07245420468109942,2.5891359363291473,0.4818071633827216,0.1477210064846066,2,True,False,False,False,False
spatialLIBD_manual_layers,within_donor_adjacent_replicates,DLPFCML_151509_151510,spatialLIBD_manual::Br5292,balanced_ot,0.25,,baseline,R,I_SPATIAL,registered_finite_difference_fixed_score,post-review sensitivity analysis; manual cortical-layer extension,0.5210925533744682,0.36,0.1875921027187749,0.07245420468109942,2.5891359363291473,0.4818071633827216,0.1477210064846066,2,True,False,False,False,False
spatialLIBD_manual_layers,within_donor_adjacent_replicates,DLPFCML_151509_151510,spatialLIBD_manual::Br5292,balanced_ot,0.5,,epsilon_scan,N,I_EXPR,matched_finite_difference,post-review sensitivity analysis; manual cortical-layer extension,0.9775647704732313,0.7433333333333334,0.057733013089386206,0.015359220028201163,3.7603492667897696,0.1808272002895363,0.031171100345536745,2,True,True,True,False,False
spatialLIBD_manual_layers,within_donor_adjacent_replicates,DLPFCML_151509_151510,spatialLIBD_manual::Br5292,balanced_ot,0.5,,epsilon_scan,N,I_EXPR,registered_finite_difference_fixed_score,post-review sensitivity analysis; manual cortical-layer extension,-0.06501876134167171,0.08333333333333334,0.15191166776652526,0.015359220028201163,9.894582461660203,0.1808272002895363,0.031171100345536745,2,True,False,False,False,False
spatialLIBD_manual_layers,within_donor_adjacent_replicates,DLPFCML_151509_151510,spatialLIBD_manual::Br5292,balanced_ot,0.5,,epsilon_scan,N,I_SPATIAL,matched_finite_difference,post-review sensitivity analysis; manual cortical-layer extension,0.9822395903287069,0.7966666666666666,0.06807396559587264,0.06374175615706183,1.0680665511343848,0.3145761071254694,0.13052623104149078,2,True,True,True,False,False
spatialLIBD_manual_layers,within_donor_adjacent_replicates,DLPFCML_151509_151510,spatialLIBD_manual::Br5292,balanced_ot,0.5,,epsilon_scan,N,I_SPATIAL,registered_finite_difference_fixed_score,post-review sensitivity analysis; manual cortical-layer extension,0.9829337524150011,0.8833333333333333,0.06508686735176546,0.06374175615706183,1.0212028843573293,0.3145761071254694,0.13052623104149078,2,True,True,True,False,False
spatialLIBD_manual_layers,within_donor_adjacent_replicates,DLPFCML_151509_151510,spatialLIBD_manual::Br5292,balanced_ot,0.5,,epsilon_scan,R,I_EXPR,matched_finite_difference,post-review sensitivity analysis; manual cortical-layer extension,0.9998276372567277,0.9933333333333333,0.00017943210978974428,0.004608609788517901,0.03891946427225738,0.023544064619099962,0.010555050588648177,2,True,True,True,True,True
spatialLIBD_manual_layers,within_donor_adjacent_replicates,DLPFCML_151509_151510,spatialLIBD_manual::Br5292,balanced_ot,0.5,,epsilon_scan,R,I_EXPR,registered_finite_difference_fixed_score,post-review sensitivity analysis; manual cortical-layer extension,0.9998276372567277,0.9933333333333333,0.00017943210978974428,0.004608609788517901,0.03891946427225738,0.023544064619099962,0.010555050588648177,2,True,True,True,True,True
spatialLIBD_manual_layers,within_donor_adjacent_replicates,DLPFCML_151509_151510,spatialLIBD_manual::Br5292,balanced_ot,0.5,,epsilon_scan,R,I_SPATIAL,matched_finite_difference,post-review sensitivity analysis; manual cortical-layer extension,0.9836948478643769,0.8866666666666667,0.06627286825126626,0.06292018235599782,1.053337298328155,0.3158149078076298,0.1289636421506017,2,True,True,True,False,False
spatialLIBD_manual_layers,within_donor_adjacent_replicates,DLPFCML_151509_151510,spatialLIBD_manual::Br5292,balanced_ot,0.5,,epsilon_scan,R,I_SPATIAL,registered_finite_difference_fixed_score,post-review sensitivity analysis; manual cortical-layer extension,0.9836948478643769,0.8866666666666667,0.06627286825126626,0.06292018235599782,1.053337298328155,0.3158149078076298,0.1289636421506017,2,True,True,True,False,False
spatialLIBD_manual_layers,within_donor_adjacent_replicates,DLPFCML_151509_151510,spatialLIBD_manual::Br5292,row_softmax,0.1,,epsilon_scan,N,I_EXPR,matched_finite_difference,post-review sensitivity analysis; manual cortical-layer extension,0.9214316824140811,0.5966666666666667,0.03909527635625028,0.056495802322215474,0.6927468990534407,0.3524269647620487,0.11523823206607256,2,True,True,False,True,False
spatialLIBD_manual_layers,within_donor_adjacent_replicates,DLPFCML_151509_151510,spatialLIBD_manual::Br5292,row_softmax,0.1,,epsilon_scan,N,I_EXPR,registered_finite_difference_fixed_score,post-review sensitivity analysis; manual cortical-layer extension,0.7513010752449224,0.44666666666666666,0.11229551617281511,0.056495802322215474,1.9869929397942698,0.3524269647620487,0.11523823206607256,2,True,True,False,False,False
spatialLIBD_manual_layers,within_donor_adjacent_replicates,DLPFCML_151509_151510,spatialLIBD_manual::Br5292,row_softmax,0.1,,epsilon_scan,N,I_SPATIAL,matched_finite_difference,post-review sensitivity analysis; manual cortical-layer extension,0.13804655913180408,0.38,0.26841416941232565,0.06466161244589619,4.156498604448431,0.6514060674825266,0.13043328247666447,2,True,False,False,False,False
spatialLIBD_manual_layers,within_donor_adjacent_replicates,DLPFCML_151509_151510,spatialLIBD_manual::Br5292,row_softmax,0.1,,epsilon_scan,N,I_SPATIAL,registered_finite_difference_fixed_score,post-review sensitivity analysis; manual cortical-layer extension,0.0832342663263406,0.3833333333333333,0.3470806498535972,0.06466161244589619,5.373018273286112,0.6514060674825266,0.13043328247666447,2,True,False,False,False,False
spatialLIBD_manual_layers,within_donor_adjacent_replicates,DLPFCML_151509_151510,spatialLIBD_manual::Br5292,row_softmax,0.1,,epsilon_scan,R,I_EXPR,matched_finite_difference,post-review sensitivity analysis; manual cortical-layer extension,0.8612524343344153,0.6366666666666667,0.05909843303252443,0.031892814620373564,1.8524829730522394,0.2941944682632988,0.06583968836562878,2,True,True,True,False,False
spatialLIBD_manual_layers,within_donor_adjacent_replicates,DLPFCML_151509_151510,spatialLIBD_manual::Br5292,row_softmax,0.1,,epsilon_scan,R,I_EXPR,registered_finite_difference_fixed_score,post-review sensitivity analysis; manual cortical-layer extension,0.8612524343344153,0.6366666666666667,0.05909843303252443,0.031892814620373564,1.8524829730522394,0.2941944682632988,0.06583968836562878,2,True,True,True,False,False
spatialLIBD_manual_layers,within_donor_adjacent_replicates,DLPFCML_151509_151510,spatialLIBD_manual::Br5292,row_softmax,0.1,,epsilon_scan,R,I_SPATIAL,matched_finite_difference,post-review sensitivity analysis; manual cortical-layer extension,-0.10936923260854783,0.2966666666666667,0.34142108938478266,0.06384990491840345,5.357080605218375,0.6521833785589506,0.12802559157628546,2,True,False,False,False,False
spatialLIBD_manual_layers,within_donor_adjacent_replicates,DLPFCML_151509_151510,spatialLIBD_manual::Br5292,row_softmax,0.1,,epsilon_scan,R,I_SPATIAL,registered_finite_difference_fixed_score,post-review sensitivity analysis; manual cortical-layer extension,-0.10936923260854783,0.2966666666666667,0.34142108938478266,0.06384990491840345,5.357080605218375,0.6521833785589506,0.12802559157628546,2,True,False,False,False,False
spatialLIBD_manual_layers,within_donor_adjacent_replicates,DLPFCML_151509_151510,spatialLIBD_manual::Br5292,row_softmax,0.25,,baseline,N,I_EXPR,matched_finite_difference,post-review sensitivity analysis; manual cortical-layer extension,0.8185566553585135,0.73,0.06499584557797602,0.026993680586691757,2.407995182979016,0.23733717414244584,0.05387681417857963,2,True,True,True,False,False
spatialLIBD_manual_layers,within_donor_adjacent_replicates,DLPFCML_151509_151510,spatialLIBD_manual::Br5292,row_softmax,0.25,,baseline,N,I_EXPR,registered_finite_difference_fixed_score,post-review sensitivity analysis; manual cortical-layer extension,0.15615261162338295,0.45666666666666667,0.10416802114310345,0.026993680586691757,3.862230630099056,0.23733717414244584,0.05387681417857963,2,True,False,False,False,False
spatialLIBD_manual_layers,within_donor_adjacent_replicates,DLPFCML_151509_151510,spatialLIBD_manual::Br5292,row_softmax,0.25,,baseline,N,I_SPATIAL,matched_finite_difference,post-review sensitivity analysis; manual cortical-layer extension,0.497811691471863,0.31333333333333335,0.16466713983948963,0.06843707656256523,2.406247563155472,0.4709615599126138,0.13709307166630327,2,True,False,False,False,False
spatialLIBD_manual_layers,within_donor_adjacent_replicates,DLPFCML_151509_151510,spatialLIBD_manual::Br5292,row_softmax,0.25,,baseline,N,I_SPATIAL,registered_finite_difference_fixed_score,post-review sensitivity analysis; manual cortical-layer extension,0.9246171416076185,0.49333333333333335,0.18483308339967136,0.06843707656256523,2.7008919024074087,0.4709615599126138,0.13709307166630327,2,True,True,False,False,False
spatialLIBD_manual_layers,within_donor_adjacent_replicates,DLPFCML_151509_151510,spatialLIBD_manual::Br5292,row_softmax,0.25,,baseline,R,I_EXPR,matched_finite_difference,post-review sensitivity analysis; manual cortical-layer extension,0.9807006598669599,0.7333333333333334,0.01715737405418074,0.020074906128776798,0.8746603920570546,0.15213268734266294,0.04050092646979706,2,True,True,True,False,False
spatialLIBD_manual_layers,within_donor_adjacent_replicates,DLPFCML_151509_151510,spatialLIBD_manual::Br5292,row_softmax,0.25,,baseline,R,I_EXPR,registered_finite_difference_fixed_score,post-review sensitivity analysis; manual cortical-layer extension,0.9807006598669599,0.7333333333333334,0.01715737405418074,0.020074906128776798,0.8746603920570546,0.15213268734266294,0.04050092646979706,2,True,True,True,False,False
spatialLIBD_manual_layers,within_donor_adjacent_replicates,DLPFCML_151509_151510,spatialLIBD_manual::Br5292,row_softmax,0.25,,baseline,R,I_SPATIAL,matched_finite_difference,post-review sensitivity analysis; manual cortical-layer extension,0.8954187766305675,0.42666666666666664,0.17814519872493967,0.06644598707358856,2.6809686570770763,0.47078007238073327,0.13519175017120286,2,True,True,False,False,False
spatialLIBD_manual_layers,within_donor_adjacent_replicates,DLPFCML_151509_151510,spatialLIBD_manual::Br5292,row_softmax,0.25,,baseline,R,I_SPATIAL,registered_finite_difference_fixed_score,post-review sensitivity analysis; manual cortical-layer extension,0.8954187766305675,0.42666666666666664,0.17814519872493967,0.06644598707358856,2.6809686570770763,0.47078007238073327,0.13519175017120286,2,True,True,False,False,False
spatialLIBD_manual_layers,within_donor_adjacent_replicates,DLPFCML_151509_151510,spatialLIBD_manual::Br5292,row_softmax,0.5,,epsilon_scan,N,I_EXPR,matched_finite_difference,post-review sensitivity analysis; manual cortical-layer extension,0.9231511214004985,0.5666666666666667,0.04923190170575375,0.019318874882888734,2.5744378844723457,0.19115475072382676,0.03846961188091763,2,True,True,False,False,False
spatialLIBD_manual_layers,within_donor_adjacent_replicates,DLPFCML_151509_151510,spatialLIBD_manual::Br5292,row_softmax,0.5,,epsilon_scan,N,I_EXPR,registered_finite_difference_fixed_score,post-review sensitivity analysis; manual cortical-layer extension,0.024790323906810626,0.21000000000000002,0.11347745516438615,0.019318874882888734,5.9275763637198455,0.19115475072382676,0.03846961188091763,2,True,False,False,False,False
spatialLIBD_manual_layers,within_donor_adjacent_replicates,DLPFCML_151509_151510,spatialLIBD_manual::Br5292,row_softmax,0.5,,epsilon_scan,N,I_SPATIAL,matched_finite_difference,post-review sensitivity analysis; manual cortical-layer extension,0.9674215766318119,0.7266666666666667,0.06746476779313829,0.05549273825427041,1.2155398238726587,0.3135360248359748,0.11097296678636032,2,True,True,True,False,False
spatialLIBD_manual_layers,within_donor_adjacent_replicates,DLPFCML_151509_151510,spatialLIBD_manual::Br5292,row_softmax,0.5,,epsilon_scan,N,I_SPATIAL,registered_finite_difference_fixed_score,post-review sensitivity analysis; manual cortical-layer extension,0.9868092368041053,0.8200000000000001,0.07511006503809867,0.05549273825427041,1.3533036781928178,0.3135360248359748,0.11097296678636032,2,True,True,True,False,False
spatialLIBD_manual_layers,within_donor_adjacent_replicates,DLPFCML_151509_151510,spatialLIBD_manual::Br5292,row_softmax,0.5,,epsilon_scan,R,I_EXPR,matched_finite_difference,post-review sensitivity analysis; manual cortical-layer extension,0.9978340239262331,0.8966666666666667,0.005084416730969369,0.0118451294309091,0.43476944189976596,0.08522494781054672,0.025955370963511325,2,True,True,True,True,True
spatialLIBD_manual_layers,within_donor_adjacent_replicates,DLPFCML_151509_151510,spatialLIBD_manual::Br5292,row_softmax,0.5,,epsilon_scan,R,I_EXPR,registered_finite_difference_fixed_score,post-review sensitivity analysis; manual cortical-layer extension,0.9978340239262331,0.8966666666666667,0.005084416730969369,0.0118451294309091,0.43476944189976596,0.08522494781054672,0.025955370963511325,2,True,True,True,True,True
spatialLIBD_manual_layers,within_donor_adjacent_replicates,DLPFCML_151509_151510,spatialLIBD_manual::Br5292,row_softmax,0.5,,epsilon_scan,R,I_SPATIAL,matched_finite_difference,post-review sensitivity analysis; manual cortical-layer extension,0.9933502068223142,0.9099999999999999,0.07041856847667954,0.05427213156184696,1.298185388438831,0.3108756383611655,0.10921391630716164,2,True,True,True,False,False
spatialLIBD_manual_layers,within_donor_adjacent_replicates,DLPFCML_151509_151510,spatialLIBD_manual::Br5292,row_softmax,0.5,,epsilon_scan,R,I_SPATIAL,registered_finite_difference_fixed_score,post-review sensitivity analysis; manual cortical-layer extension,0.9933502068223142,0.9099999999999999,0.07041856847667954,0.05427213156184696,1.298185388438831,0.3108756383611655,0.10921391630716164,2,True,True,True,False,False
spatialLIBD_manual_layers,within_donor_adjacent_replicates,DLPFCML_151509_151510,spatialLIBD_manual::Br5292,uot,0.1,1.0,interaction_corner,N,I_EXPR,matched_finite_difference,post-review sensitivity analysis; manual cortical-layer extension,0.9134662086516484,0.6033333333333333,0.07504957612267771,0.023793446931280347,3.1549147933100894,0.25638228013403264,0.047532849863592797,2,True,True,True,False,False
spatialLIBD_manual_layers,within_donor_adjacent_replicates,DLPFCML_151509_151510,spatialLIBD_manual::Br5292,uot,0.1,1.0,interaction_corner,N,I_EXPR,registered_finite_difference_fixed_score,post-review sensitivity analysis; manual cortical-layer extension,0.6545120402275735,0.39666666666666667,0.10475706781336996,0.023793446931280347,4.403988942772054,0.25638228013403264,0.047532849863592797,2,True,False,False,False,False
spatialLIBD_manual_layers,within_donor_adjacent_replicates,DLPFCML_151509_151510,spatialLIBD_manual::Br5292,uot,0.1,1.0,interaction_corner,N,I_SPATIAL,matched_finite_difference,post-review sensitivity analysis; manual cortical-layer extension,-0.2564108499603778,0.15,0.3187805889129808,0.060775250141628656,5.259010026866601,0.6516735253483947,0.12132488764910676,2,True,False,False,False,False
spatialLIBD_manual_layers,within_donor_adjacent_replicates,DLPFCML_151509_151510,spatialLIBD_manual::Br5292,uot,0.1,1.0,interaction_corner,N,I_SPATIAL,registered_finite_difference_fixed_score,post-review sensitivity analysis; manual cortical-layer extension,-0.4241913298628133,0.023333333333333334,0.35656118563136996,0.060775250141628656,5.8822322539225365,0.6516735253483947,0.12132488764910676,2,True,False,False,False,False
spatialLIBD_manual_layers,within_donor_adjacent_replicates,DLPFCML_151509_151510,spatialLIBD_manual::Br5292,uot,0.1,1.0,interaction_corner,R,I_EXPR,matched_finite_difference,post-review sensitivity analysis; manual cortical-layer extension,0.9795808104803603,0.8966666666666667,0.006621325991215413,0.02631265701877321,0.25175336062799814,0.14055103172436162,0.06224396198515303,2,True,True,True,True,True
spatialLIBD_manual_layers,within_donor_adjacent_replicates,DLPFCML_151509_151510,spatialLIBD_manual::Br5292,uot,0.1,1.0,interaction_corner,R,I_EXPR,registered_finite_difference_fixed_score,post-review sensitivity analysis; manual cortical-layer extension,0.9795808104803603,0.8966666666666667,0.006621325991215413,0.02631265701877321,0.25175336062799814,0.14055103172436162,0.06224396198515303,2,True,True,True,True,True
spatialLIBD_manual_layers,within_donor_adjacent_replicates,DLPFCML_151509_151510,spatialLIBD_manual::Br5292,uot,0.1,1.0,interaction_corner,R,I_SPATIAL,matched_finite_difference,post-review sensitivity analysis; manual cortical-layer extension,-0.5476002789334573,0.016666666666666666,0.3509432990987805,0.060064325256455026,5.8428187502751925,0.6522039043965858,0.12583525149829483,2,True,False,False,False,False
spatialLIBD_manual_layers,within_donor_adjacent_replicates,DLPFCML_151509_151510,spatialLIBD_manual::Br5292,uot,0.1,1.0,interaction_corner,R,I_SPATIAL,registered_finite_difference_fixed_score,post-review sensitivity analysis; manual cortical-layer extension,-0.5476002789334573,0.016666666666666666,0.3509432990987805,0.060064325256455026,5.8428187502751925,0.6522039043965858,0.12583525149829483,2,True,False,False,False,False
spatialLIBD_manual_layers,within_donor_adjacent_replicates,DLPFCML_151509_151510,spatialLIBD_manual::Br5292,uot,0.1,2.0,epsilon_scan,N,I_EXPR,matched_finite_difference,post-review sensitivity analysis; manual cortical-layer extension,0.9069061701805201,0.6466666666666667,0.07604273386493623,0.02020551346719697,3.7637924361729898,0.2351488262921936,0.04063176508452217,2,True,True,True,False,False
spatialLIBD_manual_layers,within_donor_adjacent_replicates,DLPFCML_151509_151510,spatialLIBD_manual::Br5292,uot,0.1,2.0,epsilon_scan,N,I_EXPR,registered_finite_difference_fixed_score,post-review sensitivity analysis; manual cortical-layer extension,0.41296649820733256,0.21000000000000002,0.10968697253279178,0.02020551346719697,5.428899377990399,0.2351488262921936,0.04063176508452217,2,True,False,False,False,False
spatialLIBD_manual_layers,within_donor_adjacent_replicates,DLPFCML_151509_151510,spatialLIBD_manual::Br5292,uot,0.1,2.0,epsilon_scan,N,I_SPATIAL,matched_finite_difference,post-review sensitivity analysis; manual cortical-layer extension,-0.3282677405634403,0.1,0.3305527454766142,0.06332308584912436,5.23236201602877,0.6439756160411619,0.12680237350504014,2,True,False,False,False,False
spatialLIBD_manual_layers,within_donor_adjacent_replicates,DLPFCML_151509_151510,spatialLIBD_manual::Br5292,uot,0.1,2.0,epsilon_scan,N,I_SPATIAL,registered_finite_difference_fixed_score,post-review sensitivity analysis; manual cortical-layer extension,-0.40780863635939396,0.02,0.3467856633976295,0.06332308584912436,5.489300139778836,0.6439756160411619,0.12680237350504014,2,True,False,False,False,False
spatialLIBD_manual_layers,within_donor_adjacent_replicates,DLPFCML_151509_151510,spatialLIBD_manual::Br5292,uot,0.1,2.0,epsilon_scan,R,I_EXPR,matched_finite_difference,post-review sensitivity analysis; manual cortical-layer extension,0.9767957016869787,0.9199999999999999,0.006572509332804418,0.021594411504317162,0.30494253650339387,0.1177238230909172,0.05034667245610852,2,True,True,True,True,True
spatialLIBD_manual_layers,within_donor_adjacent_replicates,DLPFCML_151509_151510,spatialLIBD_manual::Br5292,uot,0.1,2.0,epsilon_scan,R,I_EXPR,registered_finite_difference_fixed_score,post-review sensitivity analysis; manual cortical-layer extension,0.9767957016869787,0.9199999999999999,0.006572509332804418,0.021594411504317162,0.30494253650339387,0.1177238230909172,0.05034667245610852,2,True,True,True,True,True
spatialLIBD_manual_layers,within_donor_adjacent_replicates,DLPFCML_151509_151510,spatialLIBD_manual::Br5292,uot,0.1,2.0,epsilon_scan,R,I_SPATIAL,matched_finite_difference,post-review sensitivity analysis; manual cortical-layer extension,-0.5486593318485921,0.013333333333333334,0.3523073886322987,0.05970200932601971,5.902045204351792,0.6556917217215869,0.12509304327877735,2,True,False,False,False,False
spatialLIBD_manual_layers,within_donor_adjacent_replicates,DLPFCML_151509_151510,spatialLIBD_manual::Br5292,uot,0.1,2.0,epsilon_scan,R,I_SPATIAL,registered_finite_difference_fixed_score,post-review sensitivity analysis; manual cortical-layer extension,-0.5486593318485921,0.013333333333333334,0.3523073886322987,0.05970200932601971,5.902045204351792,0.6556917217215869,0.12509304327877735,2,True,False,False,False,False
spatialLIBD_manual_layers,within_donor_adjacent_replicates,DLPFCML_151509_151510,spatialLIBD_manual::Br5292,uot,0.1,5.0,interaction_corner,N,I_EXPR,matched_finite_difference,post-review sensitivity analysis; manual cortical-layer extension,0.9004877939945752,0.6699999999999999,0.07596436665166545,0.01932504947302726,3.9322493340173033,0.22573861586390292,0.03898443452417208,2,True,True,True,False,False
spatialLIBD_manual_layers,within_donor_adjacent_replicates,DLPFCML_151509_151510,spatialLIBD_manual::Br5292,uot,0.1,5.0,interaction_corner,N,I_EXPR,registered_finite_difference_fixed_score,post-review sensitivity analysis; manual cortical-layer extension,0.29941045129353394,0.16999999999999998,0.10749381477105296,0.01932504947302726,5.563982059947789,0.22573861586390292,0.03898443452417208,2,True,False,False,False,False
spatialLIBD_manual_layers,within_donor_adjacent_replicates,DLPFCML_151509_151510,spatialLIBD_manual::Br5292,uot,0.1,5.0,interaction_corner,N,I_SPATIAL,matched_finite_difference,post-review sensitivity analysis; manual cortical-layer extension,-0.3408949177310746,0.09,0.33549877604007156,0.06388499534381231,5.263447447756111,0.6396191373495155,0.12933584381658159,2,True,False,False,False,False
spatialLIBD_manual_layers,within_donor_adjacent_replicates,DLPFCML_151509_151510,spatialLIBD_manual::Br5292,uot,0.1,5.0,interaction_corner,N,I_SPATIAL,registered_finite_difference_fixed_score,post-review sensitivity analysis; manual cortical-layer extension,-0.3925918011519117,0.02,0.34092432238934844,0.06388499534381231,5.348561564754007,0.6396191373495155,0.12933584381658159,2,True,False,False,False,False
spatialLIBD_manual_layers,within_donor_adjacent_replicates,DLPFCML_151509_151510,spatialLIBD_manual::Br5292,uot,0.1,5.0,interaction_corner,R,I_EXPR,matched_finite_difference,post-review sensitivity analysis; manual cortical-layer extension,0.9781339387261951,0.9299999999999999,0.006310787125989678,0.02120586776435098,0.29761571308455054,0.11021057803158771,0.048580070445391324,2,True,True,True,True,True
spatialLIBD_manual_layers,within_donor_adjacent_replicates,DLPFCML_151509_151510,spatialLIBD_manual::Br5292,uot,0.1,5.0,interaction_corner,R,I_EXPR,registered_finite_difference_fixed_score,post-review sensitivity analysis; manual cortical-layer extension,0.9781339387261951,0.9299999999999999,0.006310787125989678,0.02120586776435098,0.29761571308455054,0.11021057803158771,0.048580070445391324,2,True,True,True,True,True
spatialLIBD_manual_layers,within_donor_adjacent_replicates,DLPFCML_151509_151510,spatialLIBD_manual::Br5292,uot,0.1,5.0,interaction_corner,R,I_SPATIAL,matched_finite_difference,post-review sensitivity analysis; manual cortical-layer extension,-0.5479706613202939,0.006666666666666667,0.35317251882303213,0.05954335519008114,5.932864896986297,0.6585457746726241,0.12508097812401386,2,True,False,False,False,False
spatialLIBD_manual_layers,within_donor_adjacent_replicates,DLPFCML_151509_151510,spatialLIBD_manual::Br5292,uot,0.1,5.0,interaction_corner,R,I_SPATIAL,registered_finite_difference_fixed_score,post-review sensitivity analysis; manual cortical-layer extension,-0.5479706613202939,0.006666666666666667,0.35317251882303213,0.05954335519008114,5.932864896986297,0.6585457746726241,0.12508097812401386,2,True,False,False,False,False
spatialLIBD_manual_layers,within_donor_adjacent_replicates,DLPFCML_151509_151510,spatialLIBD_manual::Br5292,uot,0.25,1.0,tau_scan,N,I_EXPR,matched_finite_difference,post-review sensitivity analysis; manual cortical-layer extension,0.7917842487929995,0.7066666666666667,0.07314974572703711,0.01823122449152579,4.018428626675947,0.22795080294042674,0.03722374022419554,2,True,True,True,False,False
spatialLIBD_manual_layers,within_donor_adjacent_replicates,DLPFCML_151509_151510,spatialLIBD_manual::Br5292,uot,0.25,1.0,tau_scan,N,I_EXPR,registered_finite_difference_fixed_score,post-review sensitivity analysis; manual cortical-layer extension,0.7450654298068577,0.6533333333333333,0.11249277809951247,0.01823122449152579,6.180378294179581,0.22795080294042674,0.03722374022419554,2,True,True,True,False,False
spatialLIBD_manual_layers,within_donor_adjacent_replicates,DLPFCML_151509_151510,spatialLIBD_manual::Br5292,uot,0.25,1.0,tau_scan,N,I_SPATIAL,matched_finite_difference,post-review sensitivity analysis; manual cortical-layer extension,0.5044797584354482,0.37,0.16927834316160595,0.06862510792916868,2.4683003294325188,0.4826205287776826,0.14078260624246336,2,True,False,False,False,False
spatialLIBD_manual_layers,within_donor_adjacent_replicates,DLPFCML_151509_151510,spatialLIBD_manual::Br5292,uot,0.25,1.0,tau_scan,N,I_SPATIAL,registered_finite_difference_fixed_score,post-review sensitivity analysis; manual cortical-layer extension,0.6748822786143462,0.45333333333333337,0.198735233976068,0.06862510792916868,2.8979070818593113,0.4826205287776826,0.14078260624246336,2,True,False,False,False,False
spatialLIBD_manual_layers,within_donor_adjacent_replicates,DLPFCML_151509_151510,spatialLIBD_manual::Br5292,uot,0.25,1.0,tau_scan,R,I_EXPR,matched_finite_difference,post-review sensitivity analysis; manual cortical-layer extension,0.9964992766663452,0.9866666666666667,0.001805484621565336,0.02042658765635197,0.08843046116375612,0.10244985662981648,0.05366721793836368,2,True,True,True,True,True
spatialLIBD_manual_layers,within_donor_adjacent_replicates,DLPFCML_151509_151510,spatialLIBD_manual::Br5292,uot,0.25,1.0,tau_scan,R,I_EXPR,registered_finite_difference_fixed_score,post-review sensitivity analysis; manual cortical-layer extension,0.9964992766663452,0.9866666666666667,0.001805484621565336,0.02042658765635197,0.08843046116375612,0.10244985662981648,0.05366721793836368,2,True,True,True,True,True
spatialLIBD_manual_layers,within_donor_adjacent_replicates,DLPFCML_151509_151510,spatialLIBD_manual::Br5292,uot,0.25,1.0,tau_scan,R,I_SPATIAL,matched_finite_difference,post-review sensitivity analysis; manual cortical-layer extension,0.6602995130220058,0.4166666666666667,0.18343931985052678,0.07098350210093951,2.5842650863758756,0.46726760509149046,0.14480573812675615,2,True,False,False,False,False
spatialLIBD_manual_layers,within_donor_adjacent_replicates,DLPFCML_151509_151510,spatialLIBD_manual::Br5292,uot,0.25,1.0,tau_scan,R,I_SPATIAL,registered_finite_difference_fixed_score,post-review sensitivity analysis; manual cortical-layer extension,0.6602995130220058,0.4166666666666667,0.18343931985052678,0.07098350210093951,2.5842650863758756,0.46726760509149046,0.14480573812675615,2,True,False,False,False,False
spatialLIBD_manual_layers,within_donor_adjacent_replicates,DLPFCML_151509_151510,spatialLIBD_manual::Br5292,uot,0.25,2.0,baseline,N,I_EXPR,matched_finite_difference,post-review sensitivity analysis; manual cortical-layer extension,0.6272610681160303,0.44,0.07623263643396597,0.011507269620169527,6.638105641584387,0.20977950754050856,0.02326057145819478,2,True,False,False,False,False
spatialLIBD_manual_layers,within_donor_adjacent_replicates,DLPFCML_151509_151510,spatialLIBD_manual::Br5292,uot,0.25,2.0,baseline,N,I_EXPR,registered_finite_difference_fixed_score,post-review sensitivity analysis; manual cortical-layer extension,0.3752386592171819,0.16333333333333333,0.1358231109501211,0.011507269620169527,11.827442042126368,0.20977950754050856,0.02326057145819478,2,True,False,False,False,False
spatialLIBD_manual_layers,within_donor_adjacent_replicates,DLPFCML_151509_151510,spatialLIBD_manual::Br5292,uot,0.25,2.0,baseline,N,I_SPATIAL,matched_finite_difference,post-review sensitivity analysis; manual cortical-layer extension,0.5130616342496153,0.30666666666666664,0.18048511419885802,0.07109337464552216,2.5396712524833243,0.4803976082731183,0.14549926569928884,2,True,False,False,False,False
spatialLIBD_manual_layers,within_donor_adjacent_replicates,DLPFCML_151509_151510,spatialLIBD_manual::Br5292,uot,0.25,2.0,baseline,N,I_SPATIAL,registered_finite_difference_fixed_score,post-review sensitivity analysis; manual cortical-layer extension,0.6399666310962806,0.44333333333333336,0.19120083138290384,0.07109337464552216,2.6905191774862773,0.4803976082731183,0.14549926569928884,2,True,False,False,False,False
spatialLIBD_manual_layers,within_donor_adjacent_replicates,DLPFCML_151509_151510,spatialLIBD_manual::Br5292,uot,0.25,2.0,baseline,R,I_EXPR,matched_finite_difference,post-review sensitivity analysis; manual cortical-layer extension,0.9940339049039579,0.99,0.0013797879794154332,0.009874749425330663,0.14007889690787576,0.06673062565601799,0.02508309252388436,2,True,True,True,True,True
spatialLIBD_manual_layers,within_donor_adjacent_replicates,DLPFCML_151509_151510,spatialLIBD_manual::Br5292,uot,0.25,2.0,baseline,R,I_EXPR,registered_finite_difference_fixed_score,post-review sensitivity analysis; manual cortical-layer extension,0.9940339049039579,0.99,0.0013797879794154332,0.009874749425330663,0.14007889690787576,0.06673062565601799,0.02508309252388436,2,True,True,True,True,True
spatialLIBD_manual_layers,within_donor_adjacent_replicates,DLPFCML_151509_151510,spatialLIBD_manual::Br5292,uot,0.25,2.0,baseline,R,I_SPATIAL,matched_finite_difference,post-review sensitivity analysis; manual cortical-layer extension,0.6159170364075719,0.41000000000000003,0.18513283172752937,0.0713559256499753,2.5945116149407976,0.4737194373195421,0.145899302996482,2,True,False,False,False,False
spatialLIBD_manual_layers,within_donor_adjacent_replicates,DLPFCML_151509_151510,spatialLIBD_manual::Br5292,uot,0.25,2.0,baseline,R,I_SPATIAL,registered_finite_difference_fixed_score,post-review sensitivity analysis; manual cortical-layer extension,0.6159170364075719,0.41000000000000003,0.18513283172752937,0.0713559256499753,2.5945116149407976,0.4737194373195421,0.145899302996482,2,True,False,False,False,False
spatialLIBD_manual_layers,within_donor_adjacent_replicates,DLPFCML_151509_151510,spatialLIBD_manual::Br5292,uot,0.25,5.0,tau_scan,N,I_EXPR,matched_finite_difference,post-review sensitivity analysis; manual cortical-layer extension,0.5992551321133921,0.3433333333333334,0.07748140746039775,0.011065313834017904,7.028503266685281,0.19858301724516586,0.0221667846225847,2,True,False,False,False,False
spatialLIBD_manual_layers,within_donor_adjacent_replicates,DLPFCML_151509_151510,spatialLIBD_manual::Br5292,uot,0.25,5.0,tau_scan,N,I_EXPR,registered_finite_difference_fixed_score,post-review sensitivity analysis; manual cortical-layer extension,-0.04018526763789673,0.03,0.1426576723999767,0.011065313834017904,12.940879341652344,0.19858301724516586,0.0221667846225847,2,True,False,False,False,False
spatialLIBD_manual_layers,within_donor_adjacent_replicates,DLPFCML_151509_151510,spatialLIBD_manual::Br5292,uot,0.25,5.0,tau_scan,N,I_SPATIAL,matched_finite_difference,post-review sensitivity analysis; manual cortical-layer extension,0.4478238541439352,0.27,0.18708708954987602,0.07286064080357839,2.5680472865641417,0.47859328923840383,0.14855855370016618,2,True,False,False,False,False
spatialLIBD_manual_layers,within_donor_adjacent_replicates,DLPFCML_151509_151510,spatialLIBD_manual::Br5292,uot,0.25,5.0,tau_scan,N,I_SPATIAL,registered_finite_difference_fixed_score,post-review sensitivity analysis; manual cortical-layer extension,0.5968457799314578,0.43666666666666665,0.18649108605832718,0.07286064080357839,2.5598900195387926,0.47859328923840383,0.14855855370016618,2,True,False,False,False,False
spatialLIBD_manual_layers,within_donor_adjacent_replicates,DLPFCML_151509_151510,spatialLIBD_manual::Br5292,uot,0.25,5.0,tau_scan,R,I_EXPR,matched_finite_difference,post-review sensitivity analysis; manual cortical-layer extension,0.9971278351679268,0.9766666666666667,0.0010316198010838047,0.008775685444329563,0.11755405266471125,0.05092395879631371,0.020628055876672595,2,True,True,True,True,True
spatialLIBD_manual_layers,within_donor_adjacent_replicates,DLPFCML_151509_151510,spatialLIBD_manual::Br5292,uot,0.25,5.0,tau_scan,R,I_EXPR,registered_finite_difference_fixed_score,post-review sensitivity analysis; manual cortical-layer extension,0.9971278351679268,0.9766666666666667,0.0010316198010838047,0.008775685444329563,0.11755405266471125,0.05092395879631371,0.020628055876672595,2,True,True,True,True,True
spatialLIBD_manual_layers,within_donor_adjacent_replicates,DLPFCML_151509_151510,spatialLIBD_manual::Br5292,uot,0.25,5.0,tau_scan,R,I_SPATIAL,matched_finite_difference,post-review sensitivity analysis; manual cortical-layer extension,0.5655785127015612,0.39,0.18650286327056187,0.07166965614407535,2.6023048290061883,0.47855390126374436,0.14672719509731907,2,True,False,False,False,False
spatialLIBD_manual_layers,within_donor_adjacent_replicates,DLPFCML_151509_151510,spatialLIBD_manual::Br5292,uot,0.25,5.0,tau_scan,R,I_SPATIAL,registered_finite_difference_fixed_score,post-review sensitivity analysis; manual cortical-layer extension,0.5655785127015612,0.39,0.18650286327056187,0.07166965614407535,2.6023048290061883,0.47855390126374436,0.14672719509731907,2,True,False,False,False,False
spatialLIBD_manual_layers,within_donor_adjacent_replicates,DLPFCML_151509_151510,spatialLIBD_manual::Br5292,uot,0.5,1.0,interaction_corner,N,I_EXPR,matched_finite_difference,post-review sensitivity analysis; manual cortical-layer extension,0.9293199365866386,0.6633333333333333,0.048941623233249326,0.016053342953650004,3.057882993980819,0.20001203665636136,0.03234791083931629,2,True,True,True,False,False
spatialLIBD_manual_layers,within_donor_adjacent_replicates,DLPFCML_151509_151510,spatialLIBD_manual::Br5292,uot,0.5,1.0,interaction_corner,N,I_EXPR,registered_finite_difference_fixed_score,post-review sensitivity analysis; manual cortical-layer extension,0.48872098165376965,0.6233333333333333,0.09852556446354807,0.016053342953650004,6.15761876791964,0.20001203665636136,0.03234791083931629,2,True,False,True,False,False
spatialLIBD_manual_layers,within_donor_adjacent_replicates,DLPFCML_151509_151510,spatialLIBD_manual::Br5292,uot,0.5,1.0,interaction_corner,N,I_SPATIAL,matched_finite_difference,post-review sensitivity analysis; manual cortical-layer extension,0.9682076818700809,0.6599999999999999,0.057857812164155406,0.057111608169546066,1.0132336140774614,0.3148080609246342,0.11436440996379307,2,True,True,True,False,False
spatialLIBD_manual_layers,within_donor_adjacent_replicates,DLPFCML_151509_151510,spatialLIBD_manual::Br5292,uot,0.5,1.0,interaction_corner,N,I_SPATIAL,registered_finite_difference_fixed_score,post-review sensitivity analysis; manual cortical-layer extension,0.9817498816666141,0.8633333333333333,0.079180625223854,0.057111608169546066,1.3867299904221808,0.3148080609246342,0.11436440996379307,2,True,True,True,False,False
spatialLIBD_manual_layers,within_donor_adjacent_replicates,DLPFCML_151509_151510,spatialLIBD_manual::Br5292,uot,0.5,1.0,interaction_corner,R,I_EXPR,matched_finite_difference,post-review sensitivity analysis; manual cortical-layer extension,0.9997938256861448,1.0,0.0008135406634718642,0.022024686018808047,0.036988599931593896,0.09165058608009787,0.049656503473169585,2,True,True,True,True,True
spatialLIBD_manual_layers,within_donor_adjacent_replicates,DLPFCML_151509_151510,spatialLIBD_manual::Br5292,uot,0.5,1.0,interaction_corner,R,I_EXPR,registered_finite_difference_fixed_score,post-review sensitivity analysis; manual cortical-layer extension,0.9997938256861448,1.0,0.0008135406634718642,0.022024686018808047,0.036988599931593896,0.09165058608009787,0.049656503473169585,2,True,True,True,True,True
spatialLIBD_manual_layers,within_donor_adjacent_replicates,DLPFCML_151509_151510,spatialLIBD_manual::Br5292,uot,0.5,1.0,interaction_corner,R,I_SPATIAL,matched_finite_difference,post-review sensitivity analysis; manual cortical-layer extension,0.9920078311145917,0.9133333333333333,0.0693982735958865,0.060083513496968596,1.15516787050311,0.30478455934854676,0.1220200664735311,2,True,True,True,False,False
spatialLIBD_manual_layers,within_donor_adjacent_replicates,DLPFCML_151509_151510,spatialLIBD_manual::Br5292,uot,0.5,1.0,interaction_corner,R,I_SPATIAL,registered_finite_difference_fixed_score,post-review sensitivity analysis; manual cortical-layer extension,0.9920078311145917,0.9133333333333333,0.0693982735958865,0.060083513496968596,1.15516787050311,0.30478455934854676,0.1220200664735311,2,True,True,True,False,False
spatialLIBD_manual_layers,within_donor_adjacent_replicates,DLPFCML_151509_151510,spatialLIBD_manual::Br5292,uot,0.5,2.0,epsilon_scan,N,I_EXPR,matched_finite_difference,post-review sensitivity analysis; manual cortical-layer extension,0.9647642047840912,0.6499999999999999,0.05313723472337143,0.016210575494187036,3.280422458127105,0.1901905949347551,0.03237079137415899,2,True,True,True,False,False
spatialLIBD_manual_layers,within_donor_adjacent_replicates,DLPFCML_151509_151510,spatialLIBD_manual::Br5292,uot,0.5,2.0,epsilon_scan,N,I_EXPR,registered_finite_difference_fixed_score,post-review sensitivity analysis; manual cortical-layer extension,0.2717129065390696,0.43333333333333335,0.1301038758971136,0.016210575494187036,8.0325234658945,0.1901905949347551,0.03237079137415899,2,True,False,False,False,False
spatialLIBD_manual_layers,within_donor_adjacent_replicates,DLPFCML_151509_151510,spatialLIBD_manual::Br5292,uot,0.5,2.0,epsilon_scan,N,I_SPATIAL,matched_finite_difference,post-review sensitivity analysis; manual cortical-layer extension,0.9811824538588685,0.7766666666666666,0.06227235266439518,0.05992768545098952,1.0392575989591206,0.31479331139235645,0.12223448975159805,2,True,True,True,False,False
spatialLIBD_manual_layers,within_donor_adjacent_replicates,DLPFCML_151509_151510,spatialLIBD_manual::Br5292,uot,0.5,2.0,epsilon_scan,N,I_SPATIAL,registered_finite_difference_fixed_score,post-review sensitivity analysis; manual cortical-layer extension,0.9834909277737458,0.87,0.07290225802511258,0.05992768545098952,1.216711963999005,0.31479331139235645,0.12223448975159805,2,True,True,True,False,False
spatialLIBD_manual_layers,within_donor_adjacent_replicates,DLPFCML_151509_151510,spatialLIBD_manual::Br5292,uot,0.5,2.0,epsilon_scan,R,I_EXPR,matched_finite_difference,post-review sensitivity analysis; manual cortical-layer extension,0.9987623834499482,0.9966666666666666,0.0004723168215069155,0.009263534691888984,0.05103816546947593,0.05195282520198706,0.025676502815596684,2,True,True,True,True,True
spatialLIBD_manual_layers,within_donor_adjacent_replicates,DLPFCML_151509_151510,spatialLIBD_manual::Br5292,uot,0.5,2.0,epsilon_scan,R,I_EXPR,registered_finite_difference_fixed_score,post-review sensitivity analysis; manual cortical-layer extension,0.9987623834499482,0.9966666666666666,0.0004723168215069155,0.009263534691888984,0.05103816546947593,0.05195282520198706,0.025676502815596684,2,True,True,True,True,True
spatialLIBD_manual_layers,within_donor_adjacent_replicates,DLPFCML_151509_151510,spatialLIBD_manual::Br5292,uot,0.5,2.0,epsilon_scan,R,I_SPATIAL,matched_finite_difference,post-review sensitivity analysis; manual cortical-layer extension,0.988641838507484,0.8966666666666667,0.0675887505277363,0.06069803092033296,1.1136291641834504,0.3082802611094895,0.12386234922403562,2,True,True,True,False,False
spatialLIBD_manual_layers,within_donor_adjacent_replicates,DLPFCML_151509_151510,spatialLIBD_manual::Br5292,uot,0.5,2.0,epsilon_scan,R,I_SPATIAL,registered_finite_difference_fixed_score,post-review sensitivity analysis; manual cortical-layer extension,0.988641838507484,0.8966666666666667,0.0675887505277363,0.06069803092033296,1.1136291641834504,0.3082802611094895,0.12386234922403562,2,True,True,True,False,False
spatialLIBD_manual_layers,within_donor_adjacent_replicates,DLPFCML_151509_151510,spatialLIBD_manual::Br5292,uot,0.5,5.0,interaction_corner,N,I_EXPR,matched_finite_difference,post-review sensitivity analysis; manual cortical-layer extension,0.9798925386189061,0.73,0.055897420637304705,0.015987932983037544,3.500490400695848,0.18459098454346715,0.0325273752954882,2,True,True,True,False,False
spatialLIBD_manual_layers,within_donor_adjacent_replicates,DLPFCML_151509_151510,spatialLIBD_manual::Br5292,uot,0.5,5.0,interaction_corner,N,I_EXPR,registered_finite_difference_fixed_score,post-review sensitivity analysis; manual cortical-layer extension,0.060099080932924875,0.24,0.1483191824641747,0.015987932983037544,9.288631453790327,0.18459098454346715,0.0325273752954882,2,True,False,False,False,False
spatialLIBD_manual_layers,within_donor_adjacent_replicates,DLPFCML_151509_151510,spatialLIBD_manual::Br5292,uot,0.5,5.0,interaction_corner,N,I_SPATIAL,matched_finite_difference,post-review sensitivity analysis; manual cortical-layer extension,0.9842529014457342,0.81,0.06554379828225179,0.062243256954857065,1.0531735150655899,0.3141970715957641,0.1267475375136169,2,True,True,True,False,False
spatialLIBD_manual_layers,within_donor_adjacent_replicates,DLPFCML_151509_151510,spatialLIBD_manual::Br5292,uot,0.5,5.0,interaction_corner,N,I_SPATIAL,registered_finite_difference_fixed_score,post-review sensitivity analysis; manual cortical-layer extension,0.9833489508217559,0.87,0.06833889002037369,0.062243256954857065,1.0981113878680175,0.3141970715957641,0.1267475375136169,2,True,True,True,False,False
spatialLIBD_manual_layers,within_donor_adjacent_replicates,DLPFCML_151509_151510,spatialLIBD_manual::Br5292,uot,0.5,5.0,interaction_corner,R,I_EXPR,matched_finite_difference,post-review sensitivity analysis; manual cortical-layer extension,0.9988781950569756,0.99,0.00032492890895188033,0.0044066555245185265,0.07381760126440953,0.031056912448967272,0.010831469611468933,2,True,True,True,True,True
spatialLIBD_manual_layers,within_donor_adjacent_replicates,DLPFCML_151509_151510,spatialLIBD_manual::Br5292,uot,0.5,5.0,interaction_corner,R,I_EXPR,registered_finite_difference_fixed_score,post-review sensitivity analysis; manual cortical-layer extension,0.9988781950569756,0.99,0.00032492890895188033,0.0044066555245185265,0.07381760126440953,0.031056912448967272,0.010831469611468933,2,True,True,True,True,True
spatialLIBD_manual_layers,within_donor_adjacent_replicates,DLPFCML_151509_151510,spatialLIBD_manual::Br5292,uot,0.5,5.0,interaction_corner,R,I_SPATIAL,matched_finite_difference,post-review sensitivity analysis; manual cortical-layer extension,0.9859004186224085,0.8933333333333333,0.06668111545013136,0.061790751912387094,1.0792097261560598,0.31209641141389005,0.12639374319511748,2,True,True,True,False,False
spatialLIBD_manual_layers,within_donor_adjacent_replicates,DLPFCML_151509_151510,spatialLIBD_manual::Br5292,uot,0.5,5.0,interaction_corner,R,I_SPATIAL,registered_finite_difference_fixed_score,post-review sensitivity analysis; manual cortical-layer extension,0.9859004186224085,0.8933333333333333,0.06668111545013136,0.061790751912387094,1.0792097261560598,0.31209641141389005,0.12639374319511748,2,True,True,True,False,False
spatialLIBD_manual_layers,within_donor_adjacent_replicates,DLPFCML_151669_151670,spatialLIBD_manual::Br5595,balanced_ot,0.1,,epsilon_scan,N,I_EXPR,matched_finite_difference,post-review sensitivity analysis; manual cortical-layer extension,0.8232372512165562,0.5566666666666666,0.07766984758904377,0.015206621674569612,5.111396340331792,0.229246605078293,0.03064271651527077,2,True,True,False,False,False
spatialLIBD_manual_layers,within_donor_adjacent_replicates,DLPFCML_151669_151670,spatialLIBD_manual::Br5595,balanced_ot,0.1,,epsilon_scan,N,I_EXPR,registered_finite_difference_fixed_score,post-review sensitivity analysis; manual cortical-layer extension,0.407889930617747,0.30666666666666664,0.12287872233812232,0.015206621674569612,8.086456056374182,0.229246605078293,0.03064271651527077,2,True,False,False,False,False
spatialLIBD_manual_layers,within_donor_adjacent_replicates,DLPFCML_151669_151670,spatialLIBD_manual::Br5595,balanced_ot,0.1,,epsilon_scan,N,I_SPATIAL,matched_finite_difference,post-review sensitivity analysis; manual cortical-layer extension,-0.4284041726240767,0.043333333333333335,0.3156494525764428,0.06619573807404322,4.770140782489547,0.6248195610745454,0.13534307910243615,2,True,False,False,False,False
spatialLIBD_manual_layers,within_donor_adjacent_replicates,DLPFCML_151669_151670,spatialLIBD_manual::Br5595,balanced_ot,0.1,,epsilon_scan,N,I_SPATIAL,registered_finite_difference_fixed_score,post-review sensitivity analysis; manual cortical-layer extension,-0.46602880801280355,0.03333333333333333,0.3201199559965883,0.06619573807404322,4.837706046536849,0.6248195610745454,0.13534307910243615,2,True,False,False,False,False
spatialLIBD_manual_layers,within_donor_adjacent_replicates,DLPFCML_151669_151670,spatialLIBD_manual::Br5595,balanced_ot,0.1,,epsilon_scan,R,I_EXPR,matched_finite_difference,post-review sensitivity analysis; manual cortical-layer extension,0.9905582304703249,0.9566666666666667,0.004451768059640384,0.02311773348043069,0.19256551322611887,0.09953411292732997,0.04565721853071941,2,True,True,True,True,True
spatialLIBD_manual_layers,within_donor_adjacent_replicates,DLPFCML_151669_151670,spatialLIBD_manual::Br5595,balanced_ot,0.1,,epsilon_scan,R,I_EXPR,registered_finite_difference_fixed_score,post-review sensitivity analysis; manual cortical-layer extension,0.9905582304703249,0.9566666666666667,0.004451768059640384,0.02311773348043069,0.19256551322611887,0.09953411292732997,0.04565721853071941,2,True,True,True,True,True
spatialLIBD_manual_layers,within_donor_adjacent_replicates,DLPFCML_151669_151670,spatialLIBD_manual::Br5595,balanced_ot,0.1,,epsilon_scan,R,I_SPATIAL,matched_finite_difference,post-review sensitivity analysis; manual cortical-layer extension,-0.5772738014550229,0.02,0.3406339430594184,0.06308917757753718,5.399752677697619,0.649327790749467,0.13005138697510188,2,True,False,False,False,False
spatialLIBD_manual_layers,within_donor_adjacent_replicates,DLPFCML_151669_151670,spatialLIBD_manual::Br5595,balanced_ot,0.1,,epsilon_scan,R,I_SPATIAL,registered_finite_difference_fixed_score,post-review sensitivity analysis; manual cortical-layer extension,-0.5772738014550229,0.02,0.3406339430594184,0.06308917757753718,5.399752677697619,0.649327790749467,0.13005138697510188,2,True,False,False,False,False
spatialLIBD_manual_layers,within_donor_adjacent_replicates,DLPFCML_151669_151670,spatialLIBD_manual::Br5595,balanced_ot,0.25,,baseline,N,I_EXPR,matched_finite_difference,post-review sensitivity analysis; manual cortical-layer extension,0.6032778752346113,0.2733333333333333,0.07519100259257562,0.0102509496786264,7.335334068316401,0.19756403394572974,0.020473370611619593,2,True,False,False,False,False
spatialLIBD_manual_layers,within_donor_adjacent_replicates,DLPFCML_151669_151670,spatialLIBD_manual::Br5595,balanced_ot,0.25,,baseline,N,I_EXPR,registered_finite_difference_fixed_score,post-review sensitivity analysis; manual cortical-layer extension,-0.07680165724518101,0.04,0.1507372788949268,0.0102509496786264,14.705435597608904,0.19756403394572974,0.020473370611619593,2,True,False,False,False,False
spatialLIBD_manual_layers,within_donor_adjacent_replicates,DLPFCML_151669_151670,spatialLIBD_manual::Br5595,balanced_ot,0.25,,baseline,N,I_SPATIAL,matched_finite_difference,post-review sensitivity analysis; manual cortical-layer extension,0.5491559756248781,0.4966666666666667,0.18111308233259865,0.07446441175120395,2.433145710947475,0.46738243452518213,0.15405603563620726,2,True,False,False,False,False
spatialLIBD_manual_layers,within_donor_adjacent_replicates,DLPFCML_151669_151670,spatialLIBD_manual::Br5595,balanced_ot,0.25,,baseline,N,I_SPATIAL,registered_finite_difference_fixed_score,post-review sensitivity analysis; manual cortical-layer extension,0.6542138374283724,0.5800000000000001,0.17481189616601972,0.07446441175120395,2.3484980627912497,0.46738243452518213,0.15405603563620726,2,True,False,False,False,False
spatialLIBD_manual_layers,within_donor_adjacent_replicates,DLPFCML_151669_151670,spatialLIBD_manual::Br5595,balanced_ot,0.25,,baseline,R,I_EXPR,matched_finite_difference,post-review sensitivity analysis; manual cortical-layer extension,0.9973757961670207,0.9966666666666666,0.0007112268168773927,0.006936333778365547,0.10257235801685706,0.04162054093595735,0.0139868633444587,2,True,True,True,True,True
spatialLIBD_manual_layers,within_donor_adjacent_replicates,DLPFCML_151669_151670,spatialLIBD_manual::Br5595,balanced_ot,0.25,,baseline,R,I_EXPR,registered_finite_difference_fixed_score,post-review sensitivity analysis; manual cortical-layer extension,0.9973757961670207,0.9966666666666666,0.0007112268168773927,0.006936333778365547,0.10257235801685706,0.04162054093595735,0.0139868633444587,2,True,True,True,True,True
spatialLIBD_manual_layers,within_donor_adjacent_replicates,DLPFCML_151669_151670,spatialLIBD_manual::Br5595,balanced_ot,0.25,,baseline,R,I_SPATIAL,matched_finite_difference,post-review sensitivity analysis; manual cortical-layer extension,0.638963553317135,0.51,0.18237404373104896,0.07504756940220994,2.4303010000451186,0.477585860405613,0.15699494987365714,2,True,False,False,False,False
spatialLIBD_manual_layers,within_donor_adjacent_replicates,DLPFCML_151669_151670,spatialLIBD_manual::Br5595,balanced_ot,0.25,,baseline,R,I_SPATIAL,registered_finite_difference_fixed_score,post-review sensitivity analysis; manual cortical-layer extension,0.638963553317135,0.51,0.18237404373104896,0.07504756940220994,2.4303010000451186,0.477585860405613,0.15699494987365714,2,True,False,False,False,False
spatialLIBD_manual_layers,within_donor_adjacent_replicates,DLPFCML_151669_151670,spatialLIBD_manual::Br5595,balanced_ot,0.5,,epsilon_scan,N,I_EXPR,matched_finite_difference,post-review sensitivity analysis; manual cortical-layer extension,0.9775796095909377,0.8233333333333333,0.055100509412565966,0.01589665698617948,3.468893955803976,0.1789615827915918,0.032440385158054794,2,True,True,True,False,False
spatialLIBD_manual_layers,within_donor_adjacent_replicates,DLPFCML_151669_151670,spatialLIBD_manual::Br5595,balanced_ot,0.5,,epsilon_scan,N,I_EXPR,registered_finite_difference_fixed_score,post-review sensitivity analysis; manual cortical-layer extension,0.08498107421381076,0.07666666666666666,0.15395701039381193,0.01589665698617948,9.692507569442746,0.1789615827915918,0.032440385158054794,2,True,False,False,False,False
spatialLIBD_manual_layers,within_donor_adjacent_replicates,DLPFCML_151669_151670,spatialLIBD_manual::Br5595,balanced_ot,0.5,,epsilon_scan,N,I_SPATIAL,matched_finite_difference,post-review sensitivity analysis; manual cortical-layer extension,0.9765905940402642,0.8133333333333334,0.06784128437813139,0.06626465595867784,1.0243925626201493,0.3098444006069138,0.1371327064268911,2,True,True,True,False,False
spatialLIBD_manual_layers,within_donor_adjacent_replicates,DLPFCML_151669_151670,spatialLIBD_manual::Br5595,balanced_ot,0.5,,epsilon_scan,N,I_SPATIAL,registered_finite_difference_fixed_score,post-review sensitivity analysis; manual cortical-layer extension,0.9855265749007001,0.8200000000000001,0.0644137946762599,0.06626465595867784,0.9726370889893112,0.3098444006069138,0.1371327064268911,2,True,True,True,False,False
spatialLIBD_manual_layers,within_donor_adjacent_replicates,DLPFCML_151669_151670,spatialLIBD_manual::Br5595,balanced_ot,0.5,,epsilon_scan,R,I_EXPR,matched_finite_difference,post-review sensitivity analysis; manual cortical-layer extension,0.9993984050659579,0.9966666666666666,0.00021935004461455293,0.002861743294027781,0.07669928529556261,0.020803946177212117,0.006227235847121879,2,True,True,True,True,True
spatialLIBD_manual_layers,within_donor_adjacent_replicates,DLPFCML_151669_151670,spatialLIBD_manual::Br5595,balanced_ot,0.5,,epsilon_scan,R,I_EXPR,registered_finite_difference_fixed_score,post-review sensitivity analysis; manual cortical-layer extension,0.9993984050659579,0.9966666666666666,0.00021935004461455293,0.002861743294027781,0.07669928529556261,0.020803946177212117,0.006227235847121879,2,True,True,True,True,True
spatialLIBD_manual_layers,within_donor_adjacent_replicates,DLPFCML_151669_151670,spatialLIBD_manual::Br5595,balanced_ot,0.5,,epsilon_scan,R,I_SPATIAL,matched_finite_difference,post-review sensitivity analysis; manual cortical-layer extension,0.9870835729260325,0.8066666666666666,0.06740534054319389,0.0653802440064641,1.0313110036147048,0.31389258385396657,0.13600470005607168,2,True,True,True,False,False
spatialLIBD_manual_layers,within_donor_adjacent_replicates,DLPFCML_151669_151670,spatialLIBD_manual::Br5595,balanced_ot,0.5,,epsilon_scan,R,I_SPATIAL,registered_finite_difference_fixed_score,post-review sensitivity analysis; manual cortical-layer extension,0.9870835729260325,0.8066666666666666,0.06740534054319389,0.0653802440064641,1.0313110036147048,0.31389258385396657,0.13600470005607168,2,True,True,True,False,False
spatialLIBD_manual_layers,within_donor_adjacent_replicates,DLPFCML_151669_151670,spatialLIBD_manual::Br5595,row_softmax,0.1,,epsilon_scan,N,I_EXPR,matched_finite_difference,post-review sensitivity analysis; manual cortical-layer extension,0.9310475249100112,0.43666666666666665,0.06333170782129349,0.06153757069764816,1.0476172424362191,0.3660582048604044,0.12652245641757254,2,True,True,False,False,False
spatialLIBD_manual_layers,within_donor_adjacent_replicates,DLPFCML_151669_151670,spatialLIBD_manual::Br5595,row_softmax,0.1,,epsilon_scan,N,I_EXPR,registered_finite_difference_fixed_score,post-review sensitivity analysis; manual cortical-layer extension,0.7936198158310293,0.3466666666666667,0.11825584721507382,0.06153757069764816,1.935008182672339,0.3660582048604044,0.12652245641757254,2,True,True,False,False,False
spatialLIBD_manual_layers,within_donor_adjacent_replicates,DLPFCML_151669_151670,spatialLIBD_manual::Br5595,row_softmax,0.1,,epsilon_scan,N,I_SPATIAL,matched_finite_difference,post-review sensitivity analysis; manual cortical-layer extension,0.7606472980654658,0.31666666666666665,0.23117008284902235,0.12650885728908878,1.8272216899350004,0.6509649260569257,0.2550442251944908,2,True,True,False,False,False
spatialLIBD_manual_layers,within_donor_adjacent_replicates,DLPFCML_151669_151670,spatialLIBD_manual::Br5595,row_softmax,0.1,,epsilon_scan,N,I_SPATIAL,registered_finite_difference_fixed_score,post-review sensitivity analysis; manual cortical-layer extension,0.7686320127253391,0.41000000000000003,0.32315740209078925,0.12650885728908878,2.554286305494717,0.6509649260569257,0.2550442251944908,2,True,True,False,False,False
spatialLIBD_manual_layers,within_donor_adjacent_replicates,DLPFCML_151669_151670,spatialLIBD_manual::Br5595,row_softmax,0.1,,epsilon_scan,R,I_EXPR,matched_finite_difference,post-review sensitivity analysis; manual cortical-layer extension,0.9225449344644153,0.48,0.04993977480909151,0.03860003075898509,1.2883779634074286,0.29172021849493157,0.07739145477582313,2,True,True,False,False,False
spatialLIBD_manual_layers,within_donor_adjacent_replicates,DLPFCML_151669_151670,spatialLIBD_manual::Br5595,row_softmax,0.1,,epsilon_scan,R,I_EXPR,registered_finite_difference_fixed_score,post-review sensitivity analysis; manual cortical-layer extension,0.9225449344644153,0.48,0.04993977480909151,0.03860003075898509,1.2883779634074286,0.29172021849493157,0.07739145477582313,2,True,True,False,False,False
spatialLIBD_manual_layers,within_donor_adjacent_replicates,DLPFCML_151669_151670,spatialLIBD_manual::Br5595,row_softmax,0.1,,epsilon_scan,R,I_SPATIAL,matched_finite_difference,post-review sensitivity analysis; manual cortical-layer extension,0.6756355073935589,0.43,0.3086687164005335,0.08958405768129438,3.4461611272753947,0.6377554033399435,0.17978972168658314,2,True,False,False,False,False
spatialLIBD_manual_layers,within_donor_adjacent_replicates,DLPFCML_151669_151670,spatialLIBD_manual::Br5595,row_softmax,0.1,,epsilon_scan,R,I_SPATIAL,registered_finite_difference_fixed_score,post-review sensitivity analysis; manual cortical-layer extension,0.6756355073935589,0.43,0.3086687164005335,0.08958405768129438,3.4461611272753947,0.6377554033399435,0.17978972168658314,2,True,False,False,False,False
spatialLIBD_manual_layers,within_donor_adjacent_replicates,DLPFCML_151669_151670,spatialLIBD_manual::Br5595,row_softmax,0.25,,baseline,N,I_EXPR,matched_finite_difference,post-review sensitivity analysis; manual cortical-layer extension,0.9350319871253276,0.6533333333333333,0.06791688925006376,0.040191264553678455,1.6940170534980914,0.24660444365624515,0.08033340694581076,2,True,True,True,False,False
spatialLIBD_manual_layers,within_donor_adjacent_replicates,DLPFCML_151669_151670,spatialLIBD_manual::Br5595,row_softmax,0.25,,baseline,N,I_EXPR,registered_finite_difference_fixed_score,post-review sensitivity analysis; manual cortical-layer extension,0.5484210259649005,0.35,0.11284499013140742,0.040191264553678455,2.8161446104939216,0.24660444365624515,0.08033340694581076,2,True,False,False,False,False
spatialLIBD_manual_layers,within_donor_adjacent_replicates,DLPFCML_151669_151670,spatialLIBD_manual::Br5595,row_softmax,0.25,,baseline,N,I_SPATIAL,matched_finite_difference,post-review sensitivity analysis; manual cortical-layer extension,0.8932725036766684,0.53,0.13763135320849446,0.08966106868156558,1.5349518883873938,0.4546627113391601,0.1797109555634445,2,True,True,False,False,False
spatialLIBD_manual_layers,within_donor_adjacent_replicates,DLPFCML_151669_151670,spatialLIBD_manual::Br5595,row_softmax,0.25,,baseline,N,I_SPATIAL,registered_finite_difference_fixed_score,post-review sensitivity analysis; manual cortical-layer extension,0.9635329757924338,0.72,0.16722593701063143,0.08966106868156558,1.8649508279862754,0.4546627113391601,0.1797109555634445,2,True,True,True,False,False
spatialLIBD_manual_layers,within_donor_adjacent_replicates,DLPFCML_151669_151670,spatialLIBD_manual::Br5595,row_softmax,0.25,,baseline,R,I_EXPR,matched_finite_difference,post-review sensitivity analysis; manual cortical-layer extension,0.9239846879931948,0.63,0.01799329803043106,0.012900159247957545,1.398234931428531,0.15065998089182736,0.025793465573602875,2,True,True,True,False,False
spatialLIBD_manual_layers,within_donor_adjacent_replicates,DLPFCML_151669_151670,spatialLIBD_manual::Br5595,row_softmax,0.25,,baseline,R,I_EXPR,registered_finite_difference_fixed_score,post-review sensitivity analysis; manual cortical-layer extension,0.9239846879931948,0.63,0.01799329803043106,0.012900159247957545,1.398234931428531,0.15065998089182736,0.025793465573602875,2,True,True,True,False,False
spatialLIBD_manual_layers,within_donor_adjacent_replicates,DLPFCML_151669_151670,spatialLIBD_manual::Br5595,row_softmax,0.25,,baseline,R,I_SPATIAL,matched_finite_difference,post-review sensitivity analysis; manual cortical-layer extension,0.9115833598148267,0.67,0.16340317121665546,0.07375487186341101,2.215539818023693,0.45384151088550995,0.14880199859683793,2,True,True,True,False,False
spatialLIBD_manual_layers,within_donor_adjacent_replicates,DLPFCML_151669_151670,spatialLIBD_manual::Br5595,row_softmax,0.25,,baseline,R,I_SPATIAL,registered_finite_difference_fixed_score,post-review sensitivity analysis; manual cortical-layer extension,0.9115833598148267,0.67,0.16340317121665546,0.07375487186341101,2.215539818023693,0.45384151088550995,0.14880199859683793,2,True,True,True,False,False
spatialLIBD_manual_layers,within_donor_adjacent_replicates,DLPFCML_151669_151670,spatialLIBD_manual::Br5595,row_softmax,0.5,,epsilon_scan,N,I_EXPR,matched_finite_difference,post-review sensitivity analysis; manual cortical-layer extension,0.9751945774198122,0.7566666666666666,0.0453251153087586,0.030941194292482342,1.464850540487105,0.1916833898472442,0.061804386568581254,2,True,True,True,False,False
spatialLIBD_manual_layers,within_donor_adjacent_replicates,DLPFCML_151669_151670,spatialLIBD_manual::Br5595,row_softmax,0.5,,epsilon_scan,N,I_EXPR,registered_finite_difference_fixed_score,post-review sensitivity analysis; manual cortical-layer extension,-0.09605401424622856,0.23,0.11151932162864878,0.030941194292482342,3.605045640771735,0.1916833898472442,0.061804386568581254,2,True,False,False,False,False
spatialLIBD_manual_layers,within_donor_adjacent_replicates,DLPFCML_151669_151670,spatialLIBD_manual::Br5595,row_softmax,0.5,,epsilon_scan,N,I_SPATIAL,matched_finite_difference,post-review sensitivity analysis; manual cortical-layer extension,0.9759530719791433,0.7566666666666666,0.058620785928726195,0.06428491729329248,0.9121195401393285,0.2999704789862414,0.12956888804700276,2,True,True,True,False,False
spatialLIBD_manual_layers,within_donor_adjacent_replicates,DLPFCML_151669_151670,spatialLIBD_manual::Br5595,row_softmax,0.5,,epsilon_scan,N,I_SPATIAL,registered_finite_difference_fixed_score,post-review sensitivity analysis; manual cortical-layer extension,0.9602895254620114,0.72,0.06837583824882859,0.06428491729329248,1.0636502857281003,0.2999704789862414,0.12956888804700276,2,True,True,True,False,False
spatialLIBD_manual_layers,within_donor_adjacent_replicates,DLPFCML_151669_151670,spatialLIBD_manual::Br5595,row_softmax,0.5,,epsilon_scan,R,I_EXPR,matched_finite_difference,post-review sensitivity analysis; manual cortical-layer extension,0.969810815027029,0.7633333333333334,0.006602088215372304,0.006794232795131926,0.9749604870746338,0.08808340531109896,0.013719954494522672,2,True,True,True,False,False
spatialLIBD_manual_layers,within_donor_adjacent_replicates,DLPFCML_151669_151670,spatialLIBD_manual::Br5595,row_softmax,0.5,,epsilon_scan,R,I_EXPR,registered_finite_difference_fixed_score,post-review sensitivity analysis; manual cortical-layer extension,0.969810815027029,0.7633333333333334,0.006602088215372304,0.006794232795131926,0.9749604870746338,0.08808340531109896,0.013719954494522672,2,True,True,True,False,False
spatialLIBD_manual_layers,within_donor_adjacent_replicates,DLPFCML_151669_151670,spatialLIBD_manual::Br5595,row_softmax,0.5,,epsilon_scan,R,I_SPATIAL,matched_finite_difference,post-review sensitivity analysis; manual cortical-layer extension,0.9899962728872325,0.7866666666666666,0.06821249280918112,0.05621940374144209,1.2134812880703505,0.30379885351656444,0.11364396114180444,2,True,True,True,False,False
spatialLIBD_manual_layers,within_donor_adjacent_replicates,DLPFCML_151669_151670,spatialLIBD_manual::Br5595,row_softmax,0.5,,epsilon_scan,R,I_SPATIAL,registered_finite_difference_fixed_score,post-review sensitivity analysis; manual cortical-layer extension,0.9899962728872325,0.7866666666666666,0.06821249280918112,0.05621940374144209,1.2134812880703505,0.30379885351656444,0.11364396114180444,2,True,True,True,False,False
spatialLIBD_manual_layers,within_donor_adjacent_replicates,DLPFCML_151669_151670,spatialLIBD_manual::Br5595,uot,0.1,1.0,interaction_corner,N,I_EXPR,matched_finite_difference,post-review sensitivity analysis; manual cortical-layer extension,0.9088168963630652,0.6133333333333333,0.07719920365096447,0.02351854208597997,3.2857078785552494,0.2648932130217189,0.04648628501252901,2,True,True,True,False,False
spatialLIBD_manual_layers,within_donor_adjacent_replicates,DLPFCML_151669_151670,spatialLIBD_manual::Br5595,uot,0.1,1.0,interaction_corner,N,I_EXPR,registered_finite_difference_fixed_score,post-review sensitivity analysis; manual cortical-layer extension,0.8381979618657609,0.64,0.11785273852467201,0.02351854208597997,5.017120808276646,0.2648932130217189,0.04648628501252901,2,True,True,True,False,False
spatialLIBD_manual_layers,within_donor_adjacent_replicates,DLPFCML_151669_151670,spatialLIBD_manual::Br5595,uot,0.1,1.0,interaction_corner,N,I_SPATIAL,matched_finite_difference,post-review sensitivity analysis; manual cortical-layer extension,0.0011925409744626553,0.17333333333333334,0.2960955220279431,0.06573058309956387,4.506500814175259,0.6462374138239231,0.1333139613054874,2,True,False,False,False,False
spatialLIBD_manual_layers,within_donor_adjacent_replicates,DLPFCML_151669_151670,spatialLIBD_manual::Br5595,uot,0.1,1.0,interaction_corner,N,I_SPATIAL,registered_finite_difference_fixed_score,post-review sensitivity analysis; manual cortical-layer extension,-0.460720387875728,0.04,0.3389056148509937,0.06573058309956387,5.158158838753119,0.6462374138239231,0.1333139613054874,2,True,False,False,False,False
spatialLIBD_manual_layers,within_donor_adjacent_replicates,DLPFCML_151669_151670,spatialLIBD_manual::Br5595,uot,0.1,1.0,interaction_corner,R,I_EXPR,matched_finite_difference,post-review sensitivity analysis; manual cortical-layer extension,0.9938924826188813,0.9866666666666666,0.004372976105835938,0.03737017961993932,0.11753342688031825,0.13735301986651466,0.0751134155381436,2,True,True,True,True,True
spatialLIBD_manual_layers,within_donor_adjacent_replicates,DLPFCML_151669_151670,spatialLIBD_manual::Br5595,uot,0.1,1.0,interaction_corner,R,I_EXPR,registered_finite_difference_fixed_score,post-review sensitivity analysis; manual cortical-layer extension,0.9938924826188813,0.9866666666666666,0.004372976105835938,0.03737017961993932,0.11753342688031825,0.13735301986651466,0.0751134155381436,2,True,True,True,True,True
spatialLIBD_manual_layers,within_donor_adjacent_replicates,DLPFCML_151669_151670,spatialLIBD_manual::Br5595,uot,0.1,1.0,interaction_corner,R,I_SPATIAL,matched_finite_difference,post-review sensitivity analysis; manual cortical-layer extension,-0.5393341917040853,0.03,0.33688130707566666,0.06434682162122793,5.235989904994888,0.6428850198466904,0.13218407693467865,2,True,False,False,False,False
spatialLIBD_manual_layers,within_donor_adjacent_replicates,DLPFCML_151669_151670,spatialLIBD_manual::Br5595,uot,0.1,1.0,interaction_corner,R,I_SPATIAL,registered_finite_difference_fixed_score,post-review sensitivity analysis; manual cortical-layer extension,-0.5393341917040853,0.03,0.33688130707566666,0.06434682162122793,5.235989904994888,0.6428850198466904,0.13218407693467865,2,True,False,False,False,False
spatialLIBD_manual_layers,within_donor_adjacent_replicates,DLPFCML_151669_151670,spatialLIBD_manual::Br5595,uot,0.1,2.0,epsilon_scan,N,I_EXPR,matched_finite_difference,post-review sensitivity analysis; manual cortical-layer extension,0.8476630060724473,0.5766666666666667,0.07810056016994797,0.016779425207349555,4.65613972047597,0.24401015356710504,0.03372399765231028,2,True,True,False,False,False
spatialLIBD_manual_layers,within_donor_adjacent_replicates,DLPFCML_151669_151670,spatialLIBD_manual::Br5595,uot,0.1,2.0,epsilon_scan,N,I_EXPR,registered_finite_difference_fixed_score,post-review sensitivity analysis; manual cortical-layer extension,0.6144813433250416,0.3833333333333333,0.1262701129413884,0.016779425207349555,7.527489696038874,0.24401015356710504,0.03372399765231028,2,True,False,False,False,False
spatialLIBD_manual_layers,within_donor_adjacent_replicates,DLPFCML_151669_151670,spatialLIBD_manual::Br5595,uot,0.1,2.0,epsilon_scan,N,I_SPATIAL,matched_finite_difference,post-review sensitivity analysis; manual cortical-layer extension,-0.2669752795445687,0.08333333333333334,0.30834271461618223,0.06578718428844005,4.688227952200671,0.6350622320681705,0.133046791513949,2,True,False,False,False,False
spatialLIBD_manual_layers,within_donor_adjacent_replicates,DLPFCML_151669_151670,spatialLIBD_manual::Br5595,uot,0.1,2.0,epsilon_scan,N,I_SPATIAL,registered_finite_difference_fixed_score,post-review sensitivity analysis; manual cortical-layer extension,-0.47086847060820924,0.03666666666666667,0.329360736741211,0.06578718428844005,5.0078225353685895,0.6350622320681705,0.133046791513949,2,True,False,False,False,False
spatialLIBD_manual_layers,within_donor_adjacent_replicates,DLPFCML_151669_151670,spatialLIBD_manual::Br5595,uot,0.1,2.0,epsilon_scan,R,I_EXPR,matched_finite_difference,post-review sensitivity analysis; manual cortical-layer extension,0.9908306465913985,0.97,0.004591452838024063,0.026762098046768382,0.17165536091315026,0.1103024974389859,0.053111785142614214,2,True,True,True,True,True
spatialLIBD_manual_layers,within_donor_adjacent_replicates,DLPFCML_151669_151670,spatialLIBD_manual::Br5595,uot,0.1,2.0,epsilon_scan,R,I_EXPR,registered_finite_difference_fixed_score,post-review sensitivity analysis; manual cortical-layer extension,0.9908306465913985,0.97,0.004591452838024063,0.026762098046768382,0.17165536091315026,0.1103024974389859,0.053111785142614214,2,True,True,True,True,True
spatialLIBD_manual_layers,within_donor_adjacent_replicates,DLPFCML_151669_151670,spatialLIBD_manual::Br5595,uot,0.1,2.0,epsilon_scan,R,I_SPATIAL,matched_finite_difference,post-review sensitivity analysis; manual cortical-layer extension,-0.5623959263981895,0.02666666666666667,0.33868467299320115,0.06389647797074305,5.300657186960821,0.6467458714620261,0.13058675547347026,2,True,False,False,False,False
spatialLIBD_manual_layers,within_donor_adjacent_replicates,DLPFCML_151669_151670,spatialLIBD_manual::Br5595,uot,0.1,2.0,epsilon_scan,R,I_SPATIAL,registered_finite_difference_fixed_score,post-review sensitivity analysis; manual cortical-layer extension,-0.5623959263981895,0.02666666666666667,0.33868467299320115,0.06389647797074305,5.300657186960821,0.6467458714620261,0.13058675547347026,2,True,False,False,False,False
spatialLIBD_manual_layers,within_donor_adjacent_replicates,DLPFCML_151669_151670,spatialLIBD_manual::Br5595,uot,0.1,5.0,interaction_corner,N,I_EXPR,matched_finite_difference,post-review sensitivity analysis; manual cortical-layer extension,0.8353660761627006,0.5633333333333334,0.07808165496193237,0.015304059617952712,5.115196251459043,0.23374876913007486,0.030857859305531726,2,True,True,False,False,False
spatialLIBD_manual_layers,within_donor_adjacent_replicates,DLPFCML_151669_151670,spatialLIBD_manual::Br5595,uot,0.1,5.0,interaction_corner,N,I_EXPR,registered_finite_difference_fixed_score,post-review sensitivity analysis; manual cortical-layer extension,0.4628169292519686,0.30666666666666664,0.12589102831225712,0.015304059617952712,8.246814634512303,0.23374876913007486,0.030857859305531726,2,True,False,False,False,False
spatialLIBD_manual_layers,within_donor_adjacent_replicates,DLPFCML_151669_151670,spatialLIBD_manual::Br5595,uot,0.1,5.0,interaction_corner,N,I_SPATIAL,matched_finite_difference,post-review sensitivity analysis; manual cortical-layer extension,-0.3779837573261144,0.05333333333333333,0.3134453082156937,0.06672503020057938,4.699202241344837,0.629388036299045,0.13388331824391048,2,True,False,False,False,False
spatialLIBD_manual_layers,within_donor_adjacent_replicates,DLPFCML_151669_151670,spatialLIBD_manual::Br5595,uot,0.1,5.0,interaction_corner,N,I_SPATIAL,registered_finite_difference_fixed_score,post-review sensitivity analysis; manual cortical-layer extension,-0.4696418816186141,0.03333333333333333,0.3237617626634529,0.06672503020057938,4.853880104507386,0.629388036299045,0.13388331824391048,2,True,False,False,False,False
spatialLIBD_manual_layers,within_donor_adjacent_replicates,DLPFCML_151669_151670,spatialLIBD_manual::Br5595,uot,0.1,5.0,interaction_corner,R,I_EXPR,matched_finite_difference,post-review sensitivity analysis; manual cortical-layer extension,0.9901292916130187,0.9566666666666667,0.004574731242009725,0.02346717893329551,0.19496011983721542,0.10140050215373436,0.04653518790385816,2,True,True,True,True,True
spatialLIBD_manual_layers,within_donor_adjacent_replicates,DLPFCML_151669_151670,spatialLIBD_manual::Br5595,uot,0.1,5.0,interaction_corner,R,I_EXPR,registered_finite_difference_fixed_score,post-review sensitivity analysis; manual cortical-layer extension,0.9901292916130187,0.9566666666666667,0.004574731242009725,0.02346717893329551,0.19496011983721542,0.10140050215373436,0.04653518790385816,2,True,True,True,True,True
spatialLIBD_manual_layers,within_donor_adjacent_replicates,DLPFCML_151669_151670,spatialLIBD_manual::Br5595,uot,0.1,5.0,interaction_corner,R,I_SPATIAL,matched_finite_difference,post-review sensitivity analysis; manual cortical-layer extension,-0.5721901263067228,0.02,0.3398438831485921,0.06313877647563698,5.382982843964462,0.6484447956954765,0.13087573545834286,2,True,False,False,False,False
spatialLIBD_manual_layers,within_donor_adjacent_replicates,DLPFCML_151669_151670,spatialLIBD_manual::Br5595,uot,0.1,5.0,interaction_corner,R,I_SPATIAL,registered_finite_difference_fixed_score,post-review sensitivity analysis; manual cortical-layer extension,-0.5721901263067228,0.02,0.3398438831485921,0.06313877647563698,5.382982843964462,0.6484447956954765,0.13087573545834286,2,True,False,False,False,False
spatialLIBD_manual_layers,within_donor_adjacent_replicates,DLPFCML_151669_151670,spatialLIBD_manual::Br5595,uot,0.25,1.0,tau_scan,N,I_EXPR,matched_finite_difference,post-review sensitivity analysis; manual cortical-layer extension,0.9002212605427826,0.8200000000000001,0.07064964117609697,0.02002115688755412,3.530478741243116,0.2303904832242117,0.04020782358174679,2,True,True,True,False,False
spatialLIBD_manual_layers,within_donor_adjacent_replicates,DLPFCML_151669_151670,spatialLIBD_manual::Br5595,uot,0.25,1.0,tau_scan,N,I_EXPR,registered_finite_difference_fixed_score,post-review sensitivity analysis; manual cortical-layer extension,0.9094372966387985,0.85,0.11599826406609212,0.02002115688755412,5.797180737110789,0.2303904832242117,0.04020782358174679,2,True,True,True,False,False
spatialLIBD_manual_layers,within_donor_adjacent_replicates,DLPFCML_151669_151670,spatialLIBD_manual::Br5595,uot,0.25,1.0,tau_scan,N,I_SPATIAL,matched_finite_difference,post-review sensitivity analysis; manual cortical-layer extension,0.7810258813448363,0.4766666666666667,0.15621270516141472,0.07610535816589367,2.0525883742225934,0.47552857872924986,0.15995341265718324,2,True,True,False,False,False
spatialLIBD_manual_layers,within_donor_adjacent_replicates,DLPFCML_151669_151670,spatialLIBD_manual::Br5595,uot,0.25,1.0,tau_scan,N,I_SPATIAL,registered_finite_difference_fixed_score,post-review sensitivity analysis; manual cortical-layer extension,0.7828914039517352,0.5966666666666667,0.1883503968405848,0.07610535816589367,2.4748724262230115,0.47552857872924986,0.15995341265718324,2,True,True,False,False,False
spatialLIBD_manual_layers,within_donor_adjacent_replicates,DLPFCML_151669_151670,spatialLIBD_manual::Br5595,uot,0.25,1.0,tau_scan,R,I_EXPR,matched_finite_difference,post-review sensitivity analysis; manual cortical-layer extension,0.9992045205353426,0.9966666666666666,0.0014439932147414201,0.03153458773363843,0.045907598247461184,0.10449889488250083,0.06661108288303366,2,True,True,True,True,True
spatialLIBD_manual_layers,within_donor_adjacent_replicates,DLPFCML_151669_151670,spatialLIBD_manual::Br5595,uot,0.25,1.0,tau_scan,R,I_EXPR,registered_finite_difference_fixed_score,post-review sensitivity analysis; manual cortical-layer extension,0.9992045205353426,0.9966666666666666,0.0014439932147414201,0.03153458773363843,0.045907598247461184,0.10449889488250083,0.06661108288303366,2,True,True,True,True,True
spatialLIBD_manual_layers,within_donor_adjacent_replicates,DLPFCML_151669_151670,spatialLIBD_manual::Br5595,uot,0.25,1.0,tau_scan,R,I_SPATIAL,matched_finite_difference,post-review sensitivity analysis; manual cortical-layer extension,0.7626899211955206,0.5366666666666666,0.1763701201316622,0.07342659682835523,2.402078211582401,0.46244269303520025,0.1528505082395546,2,True,True,False,False,False
spatialLIBD_manual_layers,within_donor_adjacent_replicates,DLPFCML_151669_151670,spatialLIBD_manual::Br5595,uot,0.25,1.0,tau_scan,R,I_SPATIAL,registered_finite_difference_fixed_score,post-review sensitivity analysis; manual cortical-layer extension,0.7626899211955206,0.5366666666666666,0.1763701201316622,0.07342659682835523,2.402078211582401,0.46244269303520025,0.1528505082395546,2,True,True,False,False,False
spatialLIBD_manual_layers,within_donor_adjacent_replicates,DLPFCML_151669_151670,spatialLIBD_manual::Br5595,uot,0.25,2.0,baseline,N,I_EXPR,matched_finite_difference,post-review sensitivity analysis; manual cortical-layer extension,0.7448492377107723,0.6433333333333333,0.07368946589223288,0.010847144025721837,6.810963413224639,0.21485654441540727,0.02167706739033627,2,True,True,True,False,False
spatialLIBD_manual_layers,within_donor_adjacent_replicates,DLPFCML_151669_151670,spatialLIBD_manual::Br5595,uot,0.25,2.0,baseline,N,I_EXPR,registered_finite_difference_fixed_score,post-review sensitivity analysis; manual cortical-layer extension,0.6914796548798466,0.42666666666666664,0.1425762634164144,0.010847144025721837,13.178800228216714,0.21485654441540727,0.02167706739033627,2,True,False,False,False,False
spatialLIBD_manual_layers,within_donor_adjacent_replicates,DLPFCML_151669_151670,spatialLIBD_manual::Br5595,uot,0.25,2.0,baseline,N,I_SPATIAL,matched_finite_difference,post-review sensitivity analysis; manual cortical-layer extension,0.7581030391569064,0.49333333333333335,0.16898526066365943,0.07530608502240861,2.2441758940541257,0.4723728992935609,0.15794652378469917,2,True,True,False,False,False
spatialLIBD_manual_layers,within_donor_adjacent_replicates,DLPFCML_151669_151670,spatialLIBD_manual::Br5595,uot,0.25,2.0,baseline,N,I_SPATIAL,registered_finite_difference_fixed_score,post-review sensitivity analysis; manual cortical-layer extension,0.7410551222467211,0.6,0.18179650880467668,0.07530608502240861,2.414320434486401,0.4723728992935609,0.15794652378469917,2,True,True,True,False,False
spatialLIBD_manual_layers,within_donor_adjacent_replicates,DLPFCML_151669_151670,spatialLIBD_manual::Br5595,uot,0.25,2.0,baseline,R,I_EXPR,matched_finite_difference,post-review sensitivity analysis; manual cortical-layer extension,0.9975872949276867,0.9966666666666666,0.001006222619494325,0.014543642498405299,0.06950510687274322,0.0637005494010392,0.03080267505489763,2,True,True,True,True,True
spatialLIBD_manual_layers,within_donor_adjacent_replicates,DLPFCML_151669_151670,spatialLIBD_manual::Br5595,uot,0.25,2.0,baseline,R,I_EXPR,registered_finite_difference_fixed_score,post-review sensitivity analysis; manual cortical-layer extension,0.9975872949276867,0.9966666666666666,0.001006222619494325,0.014543642498405299,0.06950510687274322,0.0637005494010392,0.03080267505489763,2,True,True,True,True,True
spatialLIBD_manual_layers,within_donor_adjacent_replicates,DLPFCML_151669_151670,spatialLIBD_manual::Br5595,uot,0.25,2.0,baseline,R,I_SPATIAL,matched_finite_difference,post-review sensitivity analysis; manual cortical-layer extension,0.7262838250150334,0.5166666666666666,0.1788828427369843,0.07369062979827808,2.428127338375929,0.46945275033663963,0.15418353271211566,2,True,True,False,False,False
spatialLIBD_manual_layers,within_donor_adjacent_replicates,DLPFCML_151669_151670,spatialLIBD_manual::Br5595,uot,0.25,2.0,baseline,R,I_SPATIAL,registered_finite_difference_fixed_score,post-review sensitivity analysis; manual cortical-layer extension,0.7262838250150334,0.5166666666666666,0.1788828427369843,0.07369062979827808,2.428127338375929,0.46945275033663963,0.15418353271211566,2,True,True,False,False,False
spatialLIBD_manual_layers,within_donor_adjacent_replicates,DLPFCML_151669_151670,spatialLIBD_manual::Br5595,uot,0.25,5.0,tau_scan,N,I_EXPR,matched_finite_difference,post-review sensitivity analysis; manual cortical-layer extension,0.6054995846664821,0.43,0.07494812910236004,0.009270575895862825,8.085589358130914,0.20368619376187658,0.01854336710841581,2,True,False,False,False,False
spatialLIBD_manual_layers,within_donor_adjacent_replicates,DLPFCML_151669_151670,spatialLIBD_manual::Br5595,uot,0.25,5.0,tau_scan,N,I_EXPR,registered_finite_difference_fixed_score,post-review sensitivity analysis; manual cortical-layer extension,0.19876387322838812,0.11333333333333334,0.15179641974460384,0.009270575895862825,16.37602704654158,0.20368619376187658,0.01854336710841581,2,True,False,False,False,False
spatialLIBD_manual_layers,within_donor_adjacent_replicates,DLPFCML_151669_151670,spatialLIBD_manual::Br5595,uot,0.25,5.0,tau_scan,N,I_SPATIAL,matched_finite_difference,post-review sensitivity analysis; manual cortical-layer extension,0.660209228537435,0.4966666666666667,0.17649004163119464,0.07467138906495403,2.363998034830752,0.46892693914108163,0.15532063829518444,2,True,False,False,False,False
spatialLIBD_manual_layers,within_donor_adjacent_replicates,DLPFCML_151669_151670,spatialLIBD_manual::Br5595,uot,0.25,5.0,tau_scan,N,I_SPATIAL,registered_finite_difference_fixed_score,post-review sensitivity analysis; manual cortical-layer extension,0.6970785747015888,0.6,0.1776341992858086,0.07467138906495403,2.379328354198644,0.46892693914108163,0.15532063829518444,2,True,False,True,False,False
spatialLIBD_manual_layers,within_donor_adjacent_replicates,DLPFCML_151669_151670,spatialLIBD_manual::Br5595,uot,0.25,5.0,tau_scan,R,I_EXPR,matched_finite_difference,post-review sensitivity analysis; manual cortical-layer extension,0.9964915202184536,0.9933333333333333,0.0008141345976418668,0.007850888973256608,0.10372967625065665,0.04635655471194404,0.015846224417554643,2,True,True,True,True,True
spatialLIBD_manual_layers,within_donor_adjacent_replicates,DLPFCML_151669_151670,spatialLIBD_manual::Br5595,uot,0.25,5.0,tau_scan,R,I_EXPR,registered_finite_difference_fixed_score,post-review sensitivity analysis; manual cortical-layer extension,0.9964915202184536,0.9933333333333333,0.0008141345976418668,0.007850888973256608,0.10372967625065665,0.04635655471194404,0.015846224417554643,2,True,True,True,True,True
spatialLIBD_manual_layers,within_donor_adjacent_replicates,DLPFCML_151669_151670,spatialLIBD_manual::Br5595,uot,0.25,5.0,tau_scan,R,I_SPATIAL,matched_finite_difference,post-review sensitivity analysis; manual cortical-layer extension,0.6839122506276669,0.5333333333333333,0.18084784607395898,0.07431173003926164,2.4339960981373743,0.473824838243528,0.1558583103738092,2,True,False,False,False,False
spatialLIBD_manual_layers,within_donor_adjacent_replicates,DLPFCML_151669_151670,spatialLIBD_manual::Br5595,uot,0.25,5.0,tau_scan,R,I_SPATIAL,registered_finite_difference_fixed_score,post-review sensitivity analysis; manual cortical-layer extension,0.6839122506276669,0.5333333333333333,0.18084784607395898,0.07431173003926164,2.4339960981373743,0.473824838243528,0.1558583103738092,2,True,False,False,False,False
spatialLIBD_manual_layers,within_donor_adjacent_replicates,DLPFCML_151669_151670,spatialLIBD_manual::Br5595,uot,0.5,1.0,interaction_corner,N,I_EXPR,matched_finite_difference,post-review sensitivity analysis; manual cortical-layer extension,0.9626027656012293,0.7466666666666667,0.0460383226453059,0.026617622487607767,1.7298744392091066,0.19876708276216043,0.0530491179171837,2,True,True,True,False,False
spatialLIBD_manual_layers,within_donor_adjacent_replicates,DLPFCML_151669_151670,spatialLIBD_manual::Br5595,uot,0.5,1.0,interaction_corner,N,I_EXPR,registered_finite_difference_fixed_score,post-review sensitivity analysis; manual cortical-layer extension,0.7218269661453183,0.7333333333333334,0.09589880851291373,0.026617622487607767,3.6032489253322435,0.19876708276216043,0.0530491179171837,2,True,True,True,False,False
spatialLIBD_manual_layers,within_donor_adjacent_replicates,DLPFCML_151669_151670,spatialLIBD_manual::Br5595,uot,0.5,1.0,interaction_corner,N,I_SPATIAL,matched_finite_difference,post-review sensitivity analysis; manual cortical-layer extension,0.9743463423761524,0.7,0.05425616423484128,0.06337719841413506,0.8561002148644583,0.3095163687404504,0.1301934257214073,2,True,True,True,False,False
spatialLIBD_manual_layers,within_donor_adjacent_replicates,DLPFCML_151669_151670,spatialLIBD_manual::Br5595,uot,0.5,1.0,interaction_corner,N,I_SPATIAL,registered_finite_difference_fixed_score,post-review sensitivity analysis; manual cortical-layer extension,0.9719307981914659,0.72,0.07663981234461857,0.06337719841413506,1.2092831323446007,0.3095163687404504,0.1301934257214073,2,True,True,True,False,False
spatialLIBD_manual_layers,within_donor_adjacent_replicates,DLPFCML_151669_151670,spatialLIBD_manual::Br5595,uot,0.5,1.0,interaction_corner,R,I_EXPR,matched_finite_difference,post-review sensitivity analysis; manual cortical-layer extension,0.9999005244002331,1.0,0.0008757711545829992,0.028274080717382487,0.031079602416143215,0.09341595597290085,0.05925080039088041,2,True,True,True,True,True
spatialLIBD_manual_layers,within_donor_adjacent_replicates,DLPFCML_151669_151670,spatialLIBD_manual::Br5595,uot,0.5,1.0,interaction_corner,R,I_EXPR,registered_finite_difference_fixed_score,post-review sensitivity analysis; manual cortical-layer extension,0.9999005244002331,1.0,0.0008757711545829992,0.028274080717382487,0.031079602416143215,0.09341595597290085,0.05925080039088041,2,True,True,True,True,True
spatialLIBD_manual_layers,within_donor_adjacent_replicates,DLPFCML_151669_151670,spatialLIBD_manual::Br5595,uot,0.5,1.0,interaction_corner,R,I_SPATIAL,matched_finite_difference,post-review sensitivity analysis; manual cortical-layer extension,0.9919588728706104,0.8366666666666667,0.06868641580484883,0.062139068467151524,1.1056053054387274,0.30160961214888293,0.12764326696056288,2,True,True,True,False,False
spatialLIBD_manual_layers,within_donor_adjacent_replicates,DLPFCML_151669_151670,spatialLIBD_manual::Br5595,uot,0.5,1.0,interaction_corner,R,I_SPATIAL,registered_finite_difference_fixed_score,post-review sensitivity analysis; manual cortical-layer extension,0.9919588728706104,0.8366666666666667,0.06868641580484883,0.062139068467151524,1.1056053054387274,0.30160961214888293,0.12764326696056288,2,True,True,True,False,False
spatialLIBD_manual_layers,within_donor_adjacent_replicates,DLPFCML_151669_151670,spatialLIBD_manual::Br5595,uot,0.5,2.0,epsilon_scan,N,I_EXPR,matched_finite_difference,post-review sensitivity analysis; manual cortical-layer extension,0.9703499814888807,0.7233333333333334,0.05043234048176079,0.02105750520721155,2.394997546032248,0.19045154389557534,0.04282183165159488,2,True,True,True,False,False
spatialLIBD_manual_layers,within_donor_adjacent_replicates,DLPFCML_151669_151670,spatialLIBD_manual::Br5595,uot,0.5,2.0,epsilon_scan,N,I_EXPR,registered_finite_difference_fixed_score,post-review sensitivity analysis; manual cortical-layer extension,0.5571911134182728,0.5166666666666667,0.12900719842182728,0.02105750520721155,6.126467638540701,0.19045154389557534,0.04282183165159488,2,True,False,False,False,False
spatialLIBD_manual_layers,within_donor_adjacent_replicates,DLPFCML_151669_151670,spatialLIBD_manual::Br5595,uot,0.5,2.0,epsilon_scan,N,I_SPATIAL,matched_finite_difference,post-review sensitivity analysis; manual cortical-layer extension,0.9850853018156898,0.7633333333333333,0.06017830841673431,0.06407203257594231,0.9392309934448076,0.30968182614827233,0.1313469658985425,2,True,True,True,False,False
spatialLIBD_manual_layers,within_donor_adjacent_replicates,DLPFCML_151669_151670,spatialLIBD_manual::Br5595,uot,0.5,2.0,epsilon_scan,N,I_SPATIAL,registered_finite_difference_fixed_score,post-review sensitivity analysis; manual cortical-layer extension,0.9809414617517609,0.7433333333333334,0.07144005376331529,0.06407203257594231,1.114998228340062,0.30968182614827233,0.1313469658985425,2,True,True,True,False,False
spatialLIBD_manual_layers,within_donor_adjacent_replicates,DLPFCML_151669_151670,spatialLIBD_manual::Br5595,uot,0.5,2.0,epsilon_scan,R,I_EXPR,matched_finite_difference,post-review sensitivity analysis; manual cortical-layer extension,0.9994422575298924,1.0,0.00041835020707992006,0.013727156066314004,0.03071055051197988,0.052347331715325116,0.03163102194395985,2,True,True,True,True,True
spatialLIBD_manual_layers,within_donor_adjacent_replicates,DLPFCML_151669_151670,spatialLIBD_manual::Br5595,uot,0.5,2.0,epsilon_scan,R,I_EXPR,registered_finite_difference_fixed_score,post-review sensitivity analysis; manual cortical-layer extension,0.9994422575298924,1.0,0.00041835020707992006,0.013727156066314004,0.03071055051197988,0.052347331715325116,0.03163102194395985,2,True,True,True,True,True
spatialLIBD_manual_layers,within_donor_adjacent_replicates,DLPFCML_151669_151670,spatialLIBD_manual::Br5595,uot,0.5,2.0,epsilon_scan,R,I_SPATIAL,matched_finite_difference,post-review sensitivity analysis; manual cortical-layer extension,0.990180697858088,0.8233333333333334,0.06760710898057308,0.0626192357918538,1.0799304391607187,0.30571377329374805,0.13026377514734372,2,True,True,True,False,False
spatialLIBD_manual_layers,within_donor_adjacent_replicates,DLPFCML_151669_151670,spatialLIBD_manual::Br5595,uot,0.5,2.0,epsilon_scan,R,I_SPATIAL,registered_finite_difference_fixed_score,post-review sensitivity analysis; manual cortical-layer extension,0.990180697858088,0.8233333333333334,0.06760710898057308,0.0626192357918538,1.0799304391607187,0.30571377329374805,0.13026377514734372,2,True,True,True,False,False
spatialLIBD_manual_layers,within_donor_adjacent_replicates,DLPFCML_151669_151670,spatialLIBD_manual::Br5595,uot,0.5,5.0,interaction_corner,N,I_EXPR,matched_finite_difference,post-review sensitivity analysis; manual cortical-layer extension,0.9792026912011962,0.79,0.053272859971674136,0.017543252815667258,3.0381138731130743,0.18463392674075374,0.03620878517409641,2,True,True,True,False,False
spatialLIBD_manual_layers,within_donor_adjacent_replicates,DLPFCML_151669_151670,spatialLIBD_manual::Br5595,uot,0.5,5.0,interaction_corner,N,I_EXPR,registered_finite_difference_fixed_score,post-review sensitivity analysis; manual cortical-layer extension,0.30080080746702553,0.24666666666666667,0.1492430206783725,0.017543252815667258,8.511272088283263,0.18463392674075374,0.03620878517409641,2,True,False,False,False,False
spatialLIBD_manual_layers,within_donor_adjacent_replicates,DLPFCML_151669_151670,spatialLIBD_manual::Br5595,uot,0.5,5.0,interaction_corner,N,I_SPATIAL,matched_finite_difference,post-review sensitivity analysis; manual cortical-layer extension,0.9850923098188045,0.8,0.06452145136701717,0.06489741475035336,0.9943198918409353,0.31007446047267645,0.13331116168281087,2,True,True,True,False,False
spatialLIBD_manual_layers,within_donor_adjacent_replicates,DLPFCML_151669_151670,spatialLIBD_manual::Br5595,uot,0.5,5.0,interaction_corner,N,I_SPATIAL,registered_finite_difference_fixed_score,post-review sensitivity analysis; manual cortical-layer extension,0.9845965673762522,0.8033333333333333,0.06738941545906244,0.06489741475035336,1.0385165269363208,0.31007446047267645,0.13331116168281087,2,True,True,True,False,False
spatialLIBD_manual_layers,within_donor_adjacent_replicates,DLPFCML_151669_151670,spatialLIBD_manual::Br5595,uot,0.5,5.0,interaction_corner,R,I_EXPR,matched_finite_difference,post-review sensitivity analysis; manual cortical-layer extension,0.9986127033834238,1.0,0.00028662281242129207,0.004381605445751402,0.06550564057436103,0.028926898601385847,0.009794106210690287,2,True,True,True,True,True
spatialLIBD_manual_layers,within_donor_adjacent_replicates,DLPFCML_151669_151670,spatialLIBD_manual::Br5595,uot,0.5,5.0,interaction_corner,R,I_EXPR,registered_finite_difference_fixed_score,post-review sensitivity analysis; manual cortical-layer extension,0.9986127033834238,1.0,0.00028662281242129207,0.004381605445751402,0.06550564057436103,0.028926898601385847,0.009794106210690287,2,True,True,True,True,True
spatialLIBD_manual_layers,within_donor_adjacent_replicates,DLPFCML_151669_151670,spatialLIBD_manual::Br5595,uot,0.5,5.0,interaction_corner,R,I_SPATIAL,matched_finite_difference,post-review sensitivity analysis; manual cortical-layer extension,0.9885321282365016,0.81,0.06731301012779287,0.06353783107505384,1.0597612486204304,0.3102605354743385,0.13303678061115232,2,True,True,True,False,False
spatialLIBD_manual_layers,within_donor_adjacent_replicates,DLPFCML_151669_151670,spatialLIBD_manual::Br5595,uot,0.5,5.0,interaction_corner,R,I_SPATIAL,registered_finite_difference_fixed_score,post-review sensitivity analysis; manual cortical-layer extension,0.9885321282365016,0.81,0.06731301012779287,0.06353783107505384,1.0597612486204304,0.3102605354743385,0.13303678061115232,2,True,True,True,False,False
spatialLIBD_manual_layers,within_donor_adjacent_replicates,DLPFCML_151671_151672,spatialLIBD_manual::Br5595,balanced_ot,0.1,,epsilon_scan,N,I_EXPR,matched_finite_difference,post-review sensitivity analysis; manual cortical-layer extension,0.752680208302315,0.38333333333333336,0.07395746495085906,0.01634806937138441,4.5370121712563805,0.23123113475887028,0.03271687408987799,2,True,True,False,False,False
spatialLIBD_manual_layers,within_donor_adjacent_replicates,DLPFCML_151671_151672,spatialLIBD_manual::Br5595,balanced_ot,0.1,,epsilon_scan,N,I_EXPR,registered_finite_difference_fixed_score,post-review sensitivity analysis; manual cortical-layer extension,0.3742244383219726,0.71,0.11442011946571515,0.01634806937138441,7.018062301850932,0.23123113475887028,0.03271687408987799,2,True,False,True,False,False
spatialLIBD_manual_layers,within_donor_adjacent_replicates,DLPFCML_151671_151672,spatialLIBD_manual::Br5595,balanced_ot,0.1,,epsilon_scan,N,I_SPATIAL,matched_finite_difference,post-review sensitivity analysis; manual cortical-layer extension,-0.4008097283598793,0.05333333333333333,0.2986781863982523,0.0773688934520696,3.8611176738587485,0.6143505903121329,0.1541523106865777,2,True,False,False,False,False
spatialLIBD_manual_layers,within_donor_adjacent_replicates,DLPFCML_151671_151672,spatialLIBD_manual::Br5595,balanced_ot,0.1,,epsilon_scan,N,I_SPATIAL,registered_finite_difference_fixed_score,post-review sensitivity analysis; manual cortical-layer extension,-0.2587104403157513,0.013333333333333334,0.3107731083558457,0.0773688934520696,4.0174623194406305,0.6143505903121329,0.1541523106865777,2,True,False,False,False,False
spatialLIBD_manual_layers,within_donor_adjacent_replicates,DLPFCML_151671_151672,spatialLIBD_manual::Br5595,balanced_ot,0.1,,epsilon_scan,R,I_EXPR,matched_finite_difference,post-review sensitivity analysis; manual cortical-layer extension,0.9388481541547351,0.9666666666666667,0.013080286309152301,0.021154027259877726,0.6184391486540282,0.10305104915389021,0.05507143739011798,2,True,True,True,True,True
spatialLIBD_manual_layers,within_donor_adjacent_replicates,DLPFCML_151671_151672,spatialLIBD_manual::Br5595,balanced_ot,0.1,,epsilon_scan,R,I_EXPR,registered_finite_difference_fixed_score,post-review sensitivity analysis; manual cortical-layer extension,0.9388481541547351,0.9666666666666667,0.013080286309152301,0.021154027259877726,0.6184391486540282,0.10305104915389021,0.05507143739011798,2,True,True,True,True,True
spatialLIBD_manual_layers,within_donor_adjacent_replicates,DLPFCML_151671_151672,spatialLIBD_manual::Br5595,balanced_ot,0.1,,epsilon_scan,R,I_SPATIAL,matched_finite_difference,post-review sensitivity analysis; manual cortical-layer extension,-0.2969099239599662,0.0033333333333333335,0.328475216470923,0.07600101334416007,4.322327461459954,0.6322697029633748,0.1510741047134606,2,True,False,False,False,False
spatialLIBD_manual_layers,within_donor_adjacent_replicates,DLPFCML_151671_151672,spatialLIBD_manual::Br5595,balanced_ot,0.1,,epsilon_scan,R,I_SPATIAL,registered_finite_difference_fixed_score,post-review sensitivity analysis; manual cortical-layer extension,-0.2969099239599662,0.0033333333333333335,0.328475216470923,0.07600101334416007,4.322327461459954,0.6322697029633748,0.1510741047134606,2,True,False,False,False,False
spatialLIBD_manual_layers,within_donor_adjacent_replicates,DLPFCML_151671_151672,spatialLIBD_manual::Br5595,balanced_ot,0.25,,baseline,N,I_EXPR,matched_finite_difference,post-review sensitivity analysis; manual cortical-layer extension,0.5830770875898168,0.2733333333333333,0.07227194308908177,0.012215842886528196,5.916429480615003,0.19662651652501056,0.02444689601609494,2,True,False,False,False,False
spatialLIBD_manual_layers,within_donor_adjacent_replicates,DLPFCML_151671_151672,spatialLIBD_manual::Br5595,balanced_ot,0.25,,baseline,N,I_EXPR,registered_finite_difference_fixed_score,post-review sensitivity analysis; manual cortical-layer extension,-0.17846311931694195,0.09333333333333332,0.13823132546270045,0.012215842886528196,11.31598969049666,0.19662651652501056,0.02444689601609494,2,True,False,False,False,False
spatialLIBD_manual_layers,within_donor_adjacent_replicates,DLPFCML_151671_151672,spatialLIBD_manual::Br5595,balanced_ot,0.25,,baseline,N,I_SPATIAL,matched_finite_difference,post-review sensitivity analysis; manual cortical-layer extension,0.6020511760227449,0.4766666666666667,0.17287706002533065,0.09041891343243963,1.9125148454880907,0.4460237753114826,0.18031935263991652,2,True,False,False,False,False
spatialLIBD_manual_layers,within_donor_adjacent_replicates,DLPFCML_151671_151672,spatialLIBD_manual::Br5595,balanced_ot,0.25,,baseline,N,I_SPATIAL,registered_finite_difference_fixed_score,post-review sensitivity analysis; manual cortical-layer extension,0.6131687205194314,0.5466666666666666,0.1677464093942737,0.09041891343243963,1.8557857687075214,0.4460237753114826,0.18031935263991652,2,True,False,False,False,False
spatialLIBD_manual_layers,within_donor_adjacent_replicates,DLPFCML_151671_151672,spatialLIBD_manual::Br5595,balanced_ot,0.25,,baseline,R,I_EXPR,matched_finite_difference,post-review sensitivity analysis; manual cortical-layer extension,0.9887838296817022,0.97,0.003914830083933926,0.010090509566675785,0.3881286235388006,0.04807606642655922,0.02571744191928176,2,True,True,True,True,True
spatialLIBD_manual_layers,within_donor_adjacent_replicates,DLPFCML_151671_151672,spatialLIBD_manual::Br5595,balanced_ot,0.25,,baseline,R,I_EXPR,registered_finite_difference_fixed_score,post-review sensitivity analysis; manual cortical-layer extension,0.9887838296817022,0.97,0.003914830083933926,0.010090509566675785,0.3881286235388006,0.04807606642655922,0.02571744191928176,2,True,True,True,True,True
spatialLIBD_manual_layers,within_donor_adjacent_replicates,DLPFCML_151671_151672,spatialLIBD_manual::Br5595,balanced_ot,0.25,,baseline,R,I_SPATIAL,matched_finite_difference,post-review sensitivity analysis; manual cortical-layer extension,0.5255578175812523,0.55,0.18400063906613434,0.07620848317842138,2.4166323174342215,0.4658791470962764,0.15273306870138947,2,True,False,False,False,False
spatialLIBD_manual_layers,within_donor_adjacent_replicates,DLPFCML_151671_151672,spatialLIBD_manual::Br5595,balanced_ot,0.25,,baseline,R,I_SPATIAL,registered_finite_difference_fixed_score,post-review sensitivity analysis; manual cortical-layer extension,0.5255578175812523,0.55,0.18400063906613434,0.07620848317842138,2.4166323174342215,0.4658791470962764,0.15273306870138947,2,True,False,False,False,False
spatialLIBD_manual_layers,within_donor_adjacent_replicates,DLPFCML_151671_151672,spatialLIBD_manual::Br5595,balanced_ot,0.5,,epsilon_scan,N,I_EXPR,matched_finite_difference,post-review sensitivity analysis; manual cortical-layer extension,0.9711586716260763,0.8433333333333334,0.05376495386348178,0.019349789810198116,2.7798183891692974,0.17421839370521908,0.03899463332387662,2,True,True,True,False,False
spatialLIBD_manual_layers,within_donor_adjacent_replicates,DLPFCML_151671_151672,spatialLIBD_manual::Br5595,balanced_ot,0.5,,epsilon_scan,N,I_EXPR,registered_finite_difference_fixed_score,post-review sensitivity analysis; manual cortical-layer extension,-0.20737947172420967,0.02,0.14210853721132582,0.019349789810198116,7.347582041833529,0.17421839370521908,0.03899463332387662,2,True,False,False,False,False
spatialLIBD_manual_layers,within_donor_adjacent_replicates,DLPFCML_151671_151672,spatialLIBD_manual::Br5595,balanced_ot,0.5,,epsilon_scan,N,I_SPATIAL,matched_finite_difference,post-review sensitivity analysis; manual cortical-layer extension,0.9449531346458377,0.64,0.06787994697769834,0.06572924589554698,1.033160904394633,0.2985779948109243,0.1330160289017463,2,True,True,True,False,False
spatialLIBD_manual_layers,within_donor_adjacent_replicates,DLPFCML_151671_151672,spatialLIBD_manual::Br5595,balanced_ot,0.5,,epsilon_scan,N,I_SPATIAL,registered_finite_difference_fixed_score,post-review sensitivity analysis; manual cortical-layer extension,0.9653274690344307,0.6266666666666667,0.06198524056469157,0.06572924589554698,0.9434670891329842,0.2985779948109243,0.1330160289017463,2,True,True,True,False,False
spatialLIBD_manual_layers,within_donor_adjacent_replicates,DLPFCML_151671_151672,spatialLIBD_manual::Br5595,balanced_ot,0.5,,epsilon_scan,R,I_EXPR,matched_finite_difference,post-review sensitivity analysis; manual cortical-layer extension,0.9951557898470178,0.9966666666666666,0.000702961863498792,0.004129107713754231,0.1703018564511275,0.024798145688305386,0.010656997036681043,2,True,True,True,True,True
spatialLIBD_manual_layers,within_donor_adjacent_replicates,DLPFCML_151671_151672,spatialLIBD_manual::Br5595,balanced_ot,0.5,,epsilon_scan,R,I_EXPR,registered_finite_difference_fixed_score,post-review sensitivity analysis; manual cortical-layer extension,0.9951557898470178,0.9966666666666666,0.000702961863498792,0.004129107713754231,0.1703018564511275,0.024798145688305386,0.010656997036681043,2,True,True,True,True,True
spatialLIBD_manual_layers,within_donor_adjacent_replicates,DLPFCML_151671_151672,spatialLIBD_manual::Br5595,balanced_ot,0.5,,epsilon_scan,R,I_SPATIAL,matched_finite_difference,post-review sensitivity analysis; manual cortical-layer extension,0.9490299026799568,0.61,0.06920470731083875,0.06505436413509824,1.0642440270506057,0.31399801217710704,0.13391214602413415,2,True,True,True,False,False
spatialLIBD_manual_layers,within_donor_adjacent_replicates,DLPFCML_151671_151672,spatialLIBD_manual::Br5595,balanced_ot,0.5,,epsilon_scan,R,I_SPATIAL,registered_finite_difference_fixed_score,post-review sensitivity analysis; manual cortical-layer extension,0.9490299026799568,0.61,0.06920470731083875,0.06505436413509824,1.0642440270506057,0.31399801217710704,0.13391214602413415,2,True,True,True,False,False
spatialLIBD_manual_layers,within_donor_adjacent_replicates,DLPFCML_151671_151672,spatialLIBD_manual::Br5595,row_softmax,0.1,,epsilon_scan,N,I_EXPR,matched_finite_difference,post-review sensitivity analysis; manual cortical-layer extension,0.8420306213469428,0.5166666666666666,0.050047903612554984,0.051508484783352584,0.9785374913621687,0.3679324617394987,0.10332459818600467,2,True,True,False,False,False
spatialLIBD_manual_layers,within_donor_adjacent_replicates,DLPFCML_151671_151672,spatialLIBD_manual::Br5595,row_softmax,0.1,,epsilon_scan,N,I_EXPR,registered_finite_difference_fixed_score,post-review sensitivity analysis; manual cortical-layer extension,0.6817397554398914,0.4,0.13769150772080524,0.051508484783352584,2.688198456462943,0.3679324617394987,0.10332459818600467,2,True,False,False,False,False
spatialLIBD_manual_layers,within_donor_adjacent_replicates,DLPFCML_151671_151672,spatialLIBD_manual::Br5595,row_softmax,0.1,,epsilon_scan,N,I_SPATIAL,matched_finite_difference,post-review sensitivity analysis; manual cortical-layer extension,0.6196596816265252,0.19666666666666666,0.2300493116281192,0.08162690291449765,2.8507064144328065,0.6341362584937446,0.16285489014929294,2,True,False,False,False,False
spatialLIBD_manual_layers,within_donor_adjacent_replicates,DLPFCML_151671_151672,spatialLIBD_manual::Br5595,row_softmax,0.1,,epsilon_scan,N,I_SPATIAL,registered_finite_difference_fixed_score,post-review sensitivity analysis; manual cortical-layer extension,0.5583536277127235,0.2733333333333333,0.31458808857655995,0.08162690291449765,3.8977786034213047,0.6341362584937446,0.16285489014929294,2,True,False,False,False,False
spatialLIBD_manual_layers,within_donor_adjacent_replicates,DLPFCML_151671_151672,spatialLIBD_manual::Br5595,row_softmax,0.1,,epsilon_scan,R,I_EXPR,matched_finite_difference,post-review sensitivity analysis; manual cortical-layer extension,0.5902641876729723,0.20333333333333334,0.07354745188684997,0.032695187240599624,2.24945921010496,0.3018881177967734,0.06888428874749594,2,True,False,False,False,False
spatialLIBD_manual_layers,within_donor_adjacent_replicates,DLPFCML_151671_151672,spatialLIBD_manual::Br5595,row_softmax,0.1,,epsilon_scan,R,I_EXPR,registered_finite_difference_fixed_score,post-review sensitivity analysis; manual cortical-layer extension,0.5902641876729723,0.20333333333333334,0.07354745188684997,0.032695187240599624,2.24945921010496,0.3018881177967734,0.06888428874749594,2,True,False,False,False,False
spatialLIBD_manual_layers,within_donor_adjacent_replicates,DLPFCML_151671_151672,spatialLIBD_manual::Br5595,row_softmax,0.1,,epsilon_scan,R,I_SPATIAL,matched_finite_difference,post-review sensitivity analysis; manual cortical-layer extension,0.46762907361292166,0.23333333333333334,0.3109904290023765,0.07120568205811248,4.3754754725540845,0.6339057979241526,0.1424303191323531,2,True,False,False,False,False
spatialLIBD_manual_layers,within_donor_adjacent_replicates,DLPFCML_151671_151672,spatialLIBD_manual::Br5595,row_softmax,0.1,,epsilon_scan,R,I_SPATIAL,registered_finite_difference_fixed_score,post-review sensitivity analysis; manual cortical-layer extension,0.46762907361292166,0.23333333333333334,0.3109904290023765,0.07120568205811248,4.3754754725540845,0.6339057979241526,0.1424303191323531,2,True,False,False,False,False
spatialLIBD_manual_layers,within_donor_adjacent_replicates,DLPFCML_151671_151672,spatialLIBD_manual::Br5595,row_softmax,0.25,,baseline,N,I_EXPR,matched_finite_difference,post-review sensitivity analysis; manual cortical-layer extension,0.8760146737842995,0.4,0.05404902946274619,0.0364262143069085,1.4848936720821364,0.2531974793541243,0.07233721828229223,2,True,True,False,False,False
spatialLIBD_manual_layers,within_donor_adjacent_replicates,DLPFCML_151671_151672,spatialLIBD_manual::Br5595,row_softmax,0.25,,baseline,N,I_EXPR,registered_finite_difference_fixed_score,post-review sensitivity analysis; manual cortical-layer extension,0.5448405301513468,0.5966666666666667,0.12359014642702806,0.0364262143069085,3.395041198657088,0.2531974793541243,0.07233721828229223,2,True,False,False,False,False
spatialLIBD_manual_layers,within_donor_adjacent_replicates,DLPFCML_151671_151672,spatialLIBD_manual::Br5595,row_softmax,0.25,,baseline,N,I_SPATIAL,matched_finite_difference,post-review sensitivity analysis; manual cortical-layer extension,0.8107393078841368,0.6799999999999999,0.13478254658497357,0.0738617792168903,1.8257507455849993,0.45188959886194313,0.1483909591299776,2,True,True,True,False,False
spatialLIBD_manual_layers,within_donor_adjacent_replicates,DLPFCML_151671_151672,spatialLIBD_manual::Br5595,row_softmax,0.25,,baseline,N,I_SPATIAL,registered_finite_difference_fixed_score,post-review sensitivity analysis; manual cortical-layer extension,0.9341582374036612,0.7866666666666666,0.16319868751379613,0.0738617792168903,2.210622492629488,0.45188959886194313,0.1483909591299776,2,True,True,True,False,False
spatialLIBD_manual_layers,within_donor_adjacent_replicates,DLPFCML_151671_151672,spatialLIBD_manual::Br5595,row_softmax,0.25,,baseline,R,I_EXPR,matched_finite_difference,post-review sensitivity analysis; manual cortical-layer extension,0.8385832384814393,0.7033333333333334,0.034129607618442984,0.018694279514115404,1.8554357595433448,0.1578823099422783,0.04484351731305464,2,True,True,True,False,False
spatialLIBD_manual_layers,within_donor_adjacent_replicates,DLPFCML_151671_151672,spatialLIBD_manual::Br5595,row_softmax,0.25,,baseline,R,I_EXPR,registered_finite_difference_fixed_score,post-review sensitivity analysis; manual cortical-layer extension,0.8385832384814393,0.7033333333333334,0.034129607618442984,0.018694279514115404,1.8554357595433448,0.1578823099422783,0.04484351731305464,2,True,True,True,False,False
spatialLIBD_manual_layers,within_donor_adjacent_replicates,DLPFCML_151671_151672,spatialLIBD_manual::Br5595,row_softmax,0.25,,baseline,R,I_SPATIAL,matched_finite_difference,post-review sensitivity analysis; manual cortical-layer extension,0.9198203999201777,0.7233333333333334,0.16414667921769976,0.06988506642998052,2.349591090473389,0.4529703055268649,0.14022962637849135,2,True,True,True,False,False
spatialLIBD_manual_layers,within_donor_adjacent_replicates,DLPFCML_151671_151672,spatialLIBD_manual::Br5595,row_softmax,0.25,,baseline,R,I_SPATIAL,registered_finite_difference_fixed_score,post-review sensitivity analysis; manual cortical-layer extension,0.9198203999201777,0.7233333333333334,0.16414667921769976,0.06988506642998052,2.349591090473389,0.4529703055268649,0.14022962637849135,2,True,True,True,False,False
spatialLIBD_manual_layers,within_donor_adjacent_replicates,DLPFCML_151671_151672,spatialLIBD_manual::Br5595,row_softmax,0.5,,epsilon_scan,N,I_EXPR,matched_finite_difference,post-review sensitivity analysis; manual cortical-layer extension,0.9378570070475587,0.7933333333333333,0.04009384569551083,0.02909565762822596,1.3788770971310016,0.19768578670889383,0.05881443413160249,2,True,True,True,False,False
spatialLIBD_manual_layers,within_donor_adjacent_replicates,DLPFCML_151671_151672,spatialLIBD_manual::Br5595,row_softmax,0.5,,epsilon_scan,N,I_EXPR,registered_finite_difference_fixed_score,post-review sensitivity analysis; manual cortical-layer extension,0.020426716634096287,0.46,0.11321580253190346,0.02909565762822596,3.8924449012204834,0.19768578670889383,0.05881443413160249,2,True,False,False,False,False
spatialLIBD_manual_layers,within_donor_adjacent_replicates,DLPFCML_151671_151672,spatialLIBD_manual::Br5595,row_softmax,0.5,,epsilon_scan,N,I_SPATIAL,matched_finite_difference,post-review sensitivity analysis; manual cortical-layer extension,0.9599830275480123,0.8200000000000001,0.056577955369786576,0.05748460224176284,0.9840282037537518,0.29926664790961705,0.1158435348341725,2,True,True,True,False,False
spatialLIBD_manual_layers,within_donor_adjacent_replicates,DLPFCML_151671_151672,spatialLIBD_manual::Br5595,row_softmax,0.5,,epsilon_scan,N,I_SPATIAL,registered_finite_difference_fixed_score,post-review sensitivity analysis; manual cortical-layer extension,0.9875560282471239,0.8233333333333333,0.06710934697161794,0.05748460224176284,1.1671697184557548,0.29926664790961705,0.1158435348341725,2,True,True,True,False,False
spatialLIBD_manual_layers,within_donor_adjacent_replicates,DLPFCML_151671_151672,spatialLIBD_manual::Br5595,row_softmax,0.5,,epsilon_scan,R,I_EXPR,matched_finite_difference,post-review sensitivity analysis; manual cortical-layer extension,0.9919504053112913,0.9466666666666667,0.014591307725897295,0.015148857603863634,0.9646085847837388,0.09514047033491523,0.03177272928098427,2,True,True,True,False,False
spatialLIBD_manual_layers,within_donor_adjacent_replicates,DLPFCML_151671_151672,spatialLIBD_manual::Br5595,row_softmax,0.5,,epsilon_scan,R,I_EXPR,registered_finite_difference_fixed_score,post-review sensitivity analysis; manual cortical-layer extension,0.9919504053112913,0.9466666666666667,0.014591307725897295,0.015148857603863634,0.9646085847837388,0.09514047033491523,0.03177272928098427,2,True,True,True,False,False
spatialLIBD_manual_layers,within_donor_adjacent_replicates,DLPFCML_151671_151672,spatialLIBD_manual::Br5595,row_softmax,0.5,,epsilon_scan,R,I_SPATIAL,matched_finite_difference,post-review sensitivity analysis; manual cortical-layer extension,0.9893947117309831,0.86,0.0686891212089217,0.0555002353398052,1.2384829316589472,0.302024469326322,0.11196220477655194,2,True,True,True,False,False
spatialLIBD_manual_layers,within_donor_adjacent_replicates,DLPFCML_151671_151672,spatialLIBD_manual::Br5595,row_softmax,0.5,,epsilon_scan,R,I_SPATIAL,registered_finite_difference_fixed_score,post-review sensitivity analysis; manual cortical-layer extension,0.9893947117309831,0.86,0.0686891212089217,0.0555002353398052,1.2384829316589472,0.302024469326322,0.11196220477655194,2,True,True,True,False,False
spatialLIBD_manual_layers,within_donor_adjacent_replicates,DLPFCML_151671_151672,spatialLIBD_manual::Br5595,uot,0.1,1.0,interaction_corner,N,I_EXPR,matched_finite_difference,post-review sensitivity analysis; manual cortical-layer extension,0.9086435345082375,0.5666666666666667,0.07373354848318259,0.02174876783122095,3.3911929866254322,0.2614166050769078,0.04410823177754049,2,True,True,False,False,False
spatialLIBD_manual_layers,within_donor_adjacent_replicates,DLPFCML_151671_151672,spatialLIBD_manual::Br5595,uot,0.1,1.0,interaction_corner,N,I_EXPR,registered_finite_difference_fixed_score,post-review sensitivity analysis; manual cortical-layer extension,0.7789562039805353,0.88,0.11230397607454262,0.02174876783122095,5.1650622730075355,0.2614166050769078,0.04410823177754049,2,True,True,True,False,False
spatialLIBD_manual_layers,within_donor_adjacent_replicates,DLPFCML_151671_151672,spatialLIBD_manual::Br5595,uot,0.1,1.0,interaction_corner,N,I_SPATIAL,matched_finite_difference,post-review sensitivity analysis; manual cortical-layer extension,-0.2610224288988573,0.11666666666666667,0.27994480544585343,0.07714300113062308,3.6298164755056646,0.6283326860390137,0.1541066394765862,2,True,False,False,False,False
spatialLIBD_manual_layers,within_donor_adjacent_replicates,DLPFCML_151671_151672,spatialLIBD_manual::Br5595,uot,0.1,1.0,interaction_corner,N,I_SPATIAL,registered_finite_difference_fixed_score,post-review sensitivity analysis; manual cortical-layer extension,-0.28240885973727103,0.02666666666666667,0.33266108843184483,0.07714300113062308,4.313310061253514,0.6283326860390137,0.1541066394765862,2,True,False,False,False,False
spatialLIBD_manual_layers,within_donor_adjacent_replicates,DLPFCML_151671_151672,spatialLIBD_manual::Br5595,uot,0.1,1.0,interaction_corner,R,I_EXPR,matched_finite_difference,post-review sensitivity analysis; manual cortical-layer extension,0.9416797714132319,0.9766666666666667,0.009781806643306676,0.028595865613461995,0.3425296742562355,0.13924491548145151,0.06675475942951947,2,True,True,True,True,True
spatialLIBD_manual_layers,within_donor_adjacent_replicates,DLPFCML_151671_151672,spatialLIBD_manual::Br5595,uot,0.1,1.0,interaction_corner,R,I_EXPR,registered_finite_difference_fixed_score,post-review sensitivity analysis; manual cortical-layer extension,0.9416797714132319,0.9766666666666667,0.009781806643306676,0.028595865613461995,0.3425296742562355,0.13924491548145151,0.06675475942951947,2,True,True,True,True,True
spatialLIBD_manual_layers,within_donor_adjacent_replicates,DLPFCML_151671_151672,spatialLIBD_manual::Br5595,uot,0.1,1.0,interaction_corner,R,I_SPATIAL,matched_finite_difference,post-review sensitivity analysis; manual cortical-layer extension,-0.29316770363009054,0.006666666666666667,0.3267483751728356,0.07559093661354552,4.322731735404648,0.6225556274596611,0.1515086118806246,2,True,False,False,False,False
spatialLIBD_manual_layers,within_donor_adjacent_replicates,DLPFCML_151671_151672,spatialLIBD_manual::Br5595,uot,0.1,1.0,interaction_corner,R,I_SPATIAL,registered_finite_difference_fixed_score,post-review sensitivity analysis; manual cortical-layer extension,-0.29316770363009054,0.006666666666666667,0.3267483751728356,0.07559093661354552,4.322731735404648,0.6225556274596611,0.1515086118806246,2,True,False,False,False,False
spatialLIBD_manual_layers,within_donor_adjacent_replicates,DLPFCML_151671_151672,spatialLIBD_manual::Br5595,uot,0.1,2.0,epsilon_scan,N,I_EXPR,matched_finite_difference,post-review sensitivity analysis; manual cortical-layer extension,0.7952560387804617,0.43666666666666665,0.07451036851706452,0.01724068756501867,4.333134564077223,0.24381123166934013,0.03453491060935081,2,True,True,False,False,False
spatialLIBD_manual_layers,within_donor_adjacent_replicates,DLPFCML_151671_151672,spatialLIBD_manual::Br5595,uot,0.1,2.0,epsilon_scan,N,I_EXPR,registered_finite_difference_fixed_score,post-review sensitivity analysis; manual cortical-layer extension,0.5621133538281573,0.7333333333333334,0.11911769066060013,0.01724068756501867,6.926564923600736,0.24381123166934013,0.03453491060935081,2,True,False,True,False,False
spatialLIBD_manual_layers,within_donor_adjacent_replicates,DLPFCML_151671_151672,spatialLIBD_manual::Br5595,uot,0.1,2.0,epsilon_scan,N,I_SPATIAL,matched_finite_difference,post-review sensitivity analysis; manual cortical-layer extension,-0.3362654312290806,0.08,0.2916180940018961,0.07760473955633207,3.7578057644165463,0.6211852112701861,0.15499840123401082,2,True,False,False,False,False
spatialLIBD_manual_layers,within_donor_adjacent_replicates,DLPFCML_151671_151672,spatialLIBD_manual::Br5595,uot,0.1,2.0,epsilon_scan,N,I_SPATIAL,registered_finite_difference_fixed_score,post-review sensitivity analysis; manual cortical-layer extension,-0.2699494764219896,0.023333333333333334,0.3207416776152212,0.07760473955633207,4.133087494785332,0.6211852112701861,0.15499840123401082,2,True,False,False,False,False
spatialLIBD_manual_layers,within_donor_adjacent_replicates,DLPFCML_151671_151672,spatialLIBD_manual::Br5595,uot,0.1,2.0,epsilon_scan,R,I_EXPR,matched_finite_difference,post-review sensitivity analysis; manual cortical-layer extension,0.9279234879659948,0.97,0.011938628636562117,0.02222228178172562,0.5377783419747126,0.11350044372133228,0.05434084550303159,2,True,True,True,True,True
spatialLIBD_manual_layers,within_donor_adjacent_replicates,DLPFCML_151671_151672,spatialLIBD_manual::Br5595,uot,0.1,2.0,epsilon_scan,R,I_EXPR,registered_finite_difference_fixed_score,post-review sensitivity analysis; manual cortical-layer extension,0.9279234879659948,0.97,0.011938628636562117,0.02222228178172562,0.5377783419747126,0.11350044372133228,0.05434084550303159,2,True,True,True,True,True
spatialLIBD_manual_layers,within_donor_adjacent_replicates,DLPFCML_151671_151672,spatialLIBD_manual::Br5595,uot,0.1,2.0,epsilon_scan,R,I_SPATIAL,matched_finite_difference,post-review sensitivity analysis; manual cortical-layer extension,-0.2964134632948726,0.006666666666666667,0.32755717781670035,0.075719449005655,4.325964046243422,0.6269558138476214,0.15150644591346485,2,True,False,False,False,False
spatialLIBD_manual_layers,within_donor_adjacent_replicates,DLPFCML_151671_151672,spatialLIBD_manual::Br5595,uot,0.1,2.0,epsilon_scan,R,I_SPATIAL,registered_finite_difference_fixed_score,post-review sensitivity analysis; manual cortical-layer extension,-0.2964134632948726,0.006666666666666667,0.32755717781670035,0.075719449005655,4.325964046243422,0.6269558138476214,0.15150644591346485,2,True,False,False,False,False
spatialLIBD_manual_layers,within_donor_adjacent_replicates,DLPFCML_151671_151672,spatialLIBD_manual::Br5595,uot,0.1,5.0,interaction_corner,N,I_EXPR,matched_finite_difference,post-review sensitivity analysis; manual cortical-layer extension,0.7585045913353741,0.3866666666666667,0.07436517372748638,0.01633492574783637,4.567846731062577,0.2354480394514119,0.03270376577982681,2,True,True,False,False,False
spatialLIBD_manual_layers,within_donor_adjacent_replicates,DLPFCML_151671_151672,spatialLIBD_manual::Br5595,uot,0.1,5.0,interaction_corner,N,I_EXPR,registered_finite_difference_fixed_score,post-review sensitivity analysis; manual cortical-layer extension,0.42422880365724613,0.7,0.11787238578268493,0.01633492574783637,7.239057063804417,0.2354480394514119,0.03270376577982681,2,True,False,True,False,False
spatialLIBD_manual_layers,within_donor_adjacent_replicates,DLPFCML_151671_151672,spatialLIBD_manual::Br5595,uot,0.1,5.0,interaction_corner,N,I_SPATIAL,matched_finite_difference,post-review sensitivity analysis; manual cortical-layer extension,-0.36940225662322523,0.05333333333333333,0.2965346758688657,0.07723373683804197,3.8396215545611847,0.6166320019431568,0.15410293530322444,2,True,False,False,False,False
spatialLIBD_manual_layers,within_donor_adjacent_replicates,DLPFCML_151671_151672,spatialLIBD_manual::Br5595,uot,0.1,5.0,interaction_corner,N,I_SPATIAL,registered_finite_difference_fixed_score,post-review sensitivity analysis; manual cortical-layer extension,-0.2634206326313923,0.013333333333333334,0.31443283846516756,0.07723373683804197,4.0713662638991055,0.6166320019431568,0.15410293530322444,2,True,False,False,False,False
spatialLIBD_manual_layers,within_donor_adjacent_replicates,DLPFCML_151671_151672,spatialLIBD_manual::Br5595,uot,0.1,5.0,interaction_corner,R,I_EXPR,matched_finite_difference,post-review sensitivity analysis; manual cortical-layer extension,0.9332056538691795,0.96,0.012774724892684303,0.021047983723690496,0.6070155479039423,0.10488455851922698,0.054001970720435506,2,True,True,True,True,True
spatialLIBD_manual_layers,within_donor_adjacent_replicates,DLPFCML_151671_151672,spatialLIBD_manual::Br5595,uot,0.1,5.0,interaction_corner,R,I_EXPR,registered_finite_difference_fixed_score,post-review sensitivity analysis; manual cortical-layer extension,0.9332056538691795,0.96,0.012774724892684303,0.021047983723690496,0.6070155479039423,0.10488455851922698,0.054001970720435506,2,True,True,True,True,True
spatialLIBD_manual_layers,within_donor_adjacent_replicates,DLPFCML_151671_151672,spatialLIBD_manual::Br5595,uot,0.1,5.0,interaction_corner,R,I_SPATIAL,matched_finite_difference,post-review sensitivity analysis; manual cortical-layer extension,-0.2970633373614833,0.0033333333333333335,0.328095505172064,0.07570846153395833,4.333798011738596,0.6300135804114817,0.150481478908984,2,True,False,False,False,False
spatialLIBD_manual_layers,within_donor_adjacent_replicates,DLPFCML_151671_151672,spatialLIBD_manual::Br5595,uot,0.1,5.0,interaction_corner,R,I_SPATIAL,registered_finite_difference_fixed_score,post-review sensitivity analysis; manual cortical-layer extension,-0.2970633373614833,0.0033333333333333335,0.328095505172064,0.07570846153395833,4.333798011738596,0.6300135804114817,0.150481478908984,2,True,False,False,False,False
spatialLIBD_manual_layers,within_donor_adjacent_replicates,DLPFCML_151671_151672,spatialLIBD_manual::Br5595,uot,0.25,1.0,tau_scan,N,I_EXPR,matched_finite_difference,post-review sensitivity analysis; manual cortical-layer extension,0.8621296827243036,0.5466666666666666,0.06843038949283944,0.019990227231978658,3.423285117789807,0.22965879517439858,0.04147536645884162,2,True,True,False,False,False
spatialLIBD_manual_layers,within_donor_adjacent_replicates,DLPFCML_151671_151672,spatialLIBD_manual::Br5595,uot,0.25,1.0,tau_scan,N,I_EXPR,registered_finite_difference_fixed_score,post-review sensitivity analysis; manual cortical-layer extension,0.8622196240976108,0.8333333333333333,0.11013698508340532,0.019990227231978658,5.509726552797224,0.22965879517439858,0.04147536645884162,2,True,True,True,False,False
spatialLIBD_manual_layers,within_donor_adjacent_replicates,DLPFCML_151671_151672,spatialLIBD_manual::Br5595,uot,0.25,1.0,tau_scan,N,I_SPATIAL,matched_finite_difference,post-review sensitivity analysis; manual cortical-layer extension,0.7282326418811742,0.38,0.15170801281419777,0.07446730569904114,2.0393714510234804,0.46543903148520105,0.15077301793634135,2,True,True,False,False,False
spatialLIBD_manual_layers,within_donor_adjacent_replicates,DLPFCML_151671_151672,spatialLIBD_manual::Br5595,uot,0.25,1.0,tau_scan,N,I_SPATIAL,registered_finite_difference_fixed_score,post-review sensitivity analysis; manual cortical-layer extension,0.6250933284859238,0.5966666666666667,0.18897583728526424,0.07446730569904114,2.54049240433179,0.46543903148520105,0.15077301793634135,2,True,False,False,False,False
spatialLIBD_manual_layers,within_donor_adjacent_replicates,DLPFCML_151671_151672,spatialLIBD_manual::Br5595,uot,0.25,1.0,tau_scan,R,I_EXPR,matched_finite_difference,post-review sensitivity analysis; manual cortical-layer extension,0.9811518582897149,0.9933333333333334,0.003711353060534099,0.0220738261118089,0.16813079995035488,0.10635170128019913,0.05391916350374579,2,True,True,True,True,True
spatialLIBD_manual_layers,within_donor_adjacent_replicates,DLPFCML_151671_151672,spatialLIBD_manual::Br5595,uot,0.25,1.0,tau_scan,R,I_EXPR,registered_finite_difference_fixed_score,post-review sensitivity analysis; manual cortical-layer extension,0.9811518582897149,0.9933333333333334,0.003711353060534099,0.0220738261118089,0.16813079995035488,0.10635170128019913,0.05391916350374579,2,True,True,True,True,True
spatialLIBD_manual_layers,within_donor_adjacent_replicates,DLPFCML_151671_151672,spatialLIBD_manual::Br5595,uot,0.25,1.0,tau_scan,R,I_SPATIAL,matched_finite_difference,post-review sensitivity analysis; manual cortical-layer extension,0.6353381365947275,0.61,0.1780904462380842,0.07417824898345984,2.4041091967086157,0.4557474780998184,0.1492336860543124,2,True,False,True,False,False
spatialLIBD_manual_layers,within_donor_adjacent_replicates,DLPFCML_151671_151672,spatialLIBD_manual::Br5595,uot,0.25,1.0,tau_scan,R,I_SPATIAL,registered_finite_difference_fixed_score,post-review sensitivity analysis; manual cortical-layer extension,0.6353381365947275,0.61,0.1780904462380842,0.07417824898345984,2.4041091967086157,0.4557474780998184,0.1492336860543124,2,True,False,True,False,False
spatialLIBD_manual_layers,within_donor_adjacent_replicates,DLPFCML_151671_151672,spatialLIBD_manual::Br5595,uot,0.25,2.0,baseline,N,I_EXPR,matched_finite_difference,post-review sensitivity analysis; manual cortical-layer extension,0.6502891210173871,0.45666666666666667,0.07114143519958589,0.011997263891377924,5.929852008536351,0.2119184778849144,0.024000552371814157,2,True,False,False,False,False
spatialLIBD_manual_layers,within_donor_adjacent_replicates,DLPFCML_151671_151672,spatialLIBD_manual::Br5595,uot,0.25,2.0,baseline,N,I_EXPR,registered_finite_difference_fixed_score,post-review sensitivity analysis; manual cortical-layer extension,0.472251433000637,0.24333333333333335,0.13295097148946797,0.011997263891377924,11.081887286715155,0.2119184778849144,0.024000552371814157,2,True,False,False,False,False
spatialLIBD_manual_layers,within_donor_adjacent_replicates,DLPFCML_151671_151672,spatialLIBD_manual::Br5595,uot,0.25,2.0,baseline,N,I_SPATIAL,matched_finite_difference,post-review sensitivity analysis; manual cortical-layer extension,0.7264341361929495,0.5066666666666667,0.16381670195182674,0.07882613305253505,2.0788659028479497,0.4509911716545568,0.15760419335807815,2,True,True,False,False,False
spatialLIBD_manual_layers,within_donor_adjacent_replicates,DLPFCML_151671_151672,spatialLIBD_manual::Br5595,uot,0.25,2.0,baseline,N,I_SPATIAL,registered_finite_difference_fixed_score,post-review sensitivity analysis; manual cortical-layer extension,0.6398597083820927,0.5700000000000001,0.17849820624616158,0.07882613305253505,2.265231953068519,0.4509911716545568,0.15760419335807815,2,True,False,False,False,False
spatialLIBD_manual_layers,within_donor_adjacent_replicates,DLPFCML_151671_151672,spatialLIBD_manual::Br5595,uot,0.25,2.0,baseline,R,I_EXPR,matched_finite_difference,post-review sensitivity analysis; manual cortical-layer extension,0.9696773163010295,0.9933333333333333,0.004361583268980677,0.012400137063866421,0.35192799534692215,0.07002000355900692,0.028261077570794053,2,True,True,True,True,True
spatialLIBD_manual_layers,within_donor_adjacent_replicates,DLPFCML_151671_151672,spatialLIBD_manual::Br5595,uot,0.25,2.0,baseline,R,I_EXPR,registered_finite_difference_fixed_score,post-review sensitivity analysis; manual cortical-layer extension,0.9696773163010295,0.9933333333333333,0.004361583268980677,0.012400137063866421,0.35192799534692215,0.07002000355900692,0.028261077570794053,2,True,True,True,True,True
spatialLIBD_manual_layers,within_donor_adjacent_replicates,DLPFCML_151671_151672,spatialLIBD_manual::Br5595,uot,0.25,2.0,baseline,R,I_SPATIAL,matched_finite_difference,post-review sensitivity analysis; manual cortical-layer extension,0.5935686958083093,0.5833333333333334,0.18061474304012387,0.07525916449254866,2.4027615293566766,0.46122549130644447,0.1501377355342834,2,True,False,False,False,False
spatialLIBD_manual_layers,within_donor_adjacent_replicates,DLPFCML_151671_151672,spatialLIBD_manual::Br5595,uot,0.25,2.0,baseline,R,I_SPATIAL,registered_finite_difference_fixed_score,post-review sensitivity analysis; manual cortical-layer extension,0.5935686958083093,0.5833333333333334,0.18061474304012387,0.07525916449254866,2.4027615293566766,0.46122549130644447,0.1501377355342834,2,True,False,False,False,False
spatialLIBD_manual_layers,within_donor_adjacent_replicates,DLPFCML_151671_151672,spatialLIBD_manual::Br5595,uot,0.25,5.0,tau_scan,N,I_EXPR,matched_finite_difference,post-review sensitivity analysis; manual cortical-layer extension,0.6121105689380307,0.33333333333333337,0.07216049059843806,0.011812027436887529,6.113442113432372,0.20144358351061775,0.023785609346527237,2,True,False,False,False,False
spatialLIBD_manual_layers,within_donor_adjacent_replicates,DLPFCML_151671_151672,spatialLIBD_manual::Br5595,uot,0.25,5.0,tau_scan,N,I_EXPR,registered_finite_difference_fixed_score,post-review sensitivity analysis; manual cortical-layer extension,-0.06700034266681898,0.09666666666666668,0.14000568623341303,0.011812027436887529,11.86176211198161,0.20144358351061775,0.023785609346527237,2,True,False,False,False,False
spatialLIBD_manual_layers,within_donor_adjacent_replicates,DLPFCML_151671_151672,spatialLIBD_manual::Br5595,uot,0.25,5.0,tau_scan,N,I_SPATIAL,matched_finite_difference,post-review sensitivity analysis; manual cortical-layer extension,0.6714982771103455,0.4966666666666667,0.16984517729059856,0.08676734100396101,1.9577409973634832,0.4478829333364961,0.17259715622004312,2,True,False,False,False,False
spatialLIBD_manual_layers,within_donor_adjacent_replicates,DLPFCML_151671_151672,spatialLIBD_manual::Br5595,uot,0.25,5.0,tau_scan,N,I_SPATIAL,registered_finite_difference_fixed_score,post-review sensitivity analysis; manual cortical-layer extension,0.6292633161170295,0.5700000000000001,0.17188637455880462,0.08676734100396101,1.9812963027265835,0.4478829333364961,0.17259715622004312,2,True,False,False,False,False
spatialLIBD_manual_layers,within_donor_adjacent_replicates,DLPFCML_151671_151672,spatialLIBD_manual::Br5595,uot,0.25,5.0,tau_scan,R,I_EXPR,matched_finite_difference,post-review sensitivity analysis; manual cortical-layer extension,0.981922818632364,0.97,0.004439152746472368,0.0099918484834639,0.4442968984719132,0.052228620920980684,0.02478226497930858,2,True,True,True,True,True
spatialLIBD_manual_layers,within_donor_adjacent_replicates,DLPFCML_151671_151672,spatialLIBD_manual::Br5595,uot,0.25,5.0,tau_scan,R,I_EXPR,registered_finite_difference_fixed_score,post-review sensitivity analysis; manual cortical-layer extension,0.981922818632364,0.97,0.004439152746472368,0.0099918484834639,0.4442968984719132,0.052228620920980684,0.02478226497930858,2,True,True,True,True,True
spatialLIBD_manual_layers,within_donor_adjacent_replicates,DLPFCML_151671_151672,spatialLIBD_manual::Br5595,uot,0.25,5.0,tau_scan,R,I_SPATIAL,matched_finite_difference,post-review sensitivity analysis; manual cortical-layer extension,0.5571649676288746,0.5666666666666667,0.18253583060620593,0.07589684638215305,2.4078189621262323,0.4634466531582545,0.15136873624022212,2,True,False,False,False,False
spatialLIBD_manual_layers,within_donor_adjacent_replicates,DLPFCML_151671_151672,spatialLIBD_manual::Br5595,uot,0.25,5.0,tau_scan,R,I_SPATIAL,registered_finite_difference_fixed_score,post-review sensitivity analysis; manual cortical-layer extension,0.5571649676288746,0.5666666666666667,0.18253583060620593,0.07589684638215305,2.4078189621262323,0.4634466531582545,0.15136873624022212,2,True,False,False,False,False
spatialLIBD_manual_layers,within_donor_adjacent_replicates,DLPFCML_151671_151672,spatialLIBD_manual::Br5595,uot,0.5,1.0,interaction_corner,N,I_EXPR,matched_finite_difference,post-review sensitivity analysis; manual cortical-layer extension,0.9647793585686039,0.61,0.04508855279942649,0.02911493428010619,1.54869819433482,0.20158182502827593,0.058077570647913135,2,True,True,True,False,False
spatialLIBD_manual_layers,within_donor_adjacent_replicates,DLPFCML_151671_151672,spatialLIBD_manual::Br5595,uot,0.5,1.0,interaction_corner,N,I_EXPR,registered_finite_difference_fixed_score,post-review sensitivity analysis; manual cortical-layer extension,0.7074474290877463,0.8,0.09214496849291628,0.02911493428010619,3.165093186325751,0.20158182502827593,0.058077570647913135,2,True,True,True,False,False
spatialLIBD_manual_layers,within_donor_adjacent_replicates,DLPFCML_151671_151672,spatialLIBD_manual::Br5595,uot,0.5,1.0,interaction_corner,N,I_SPATIAL,matched_finite_difference,post-review sensitivity analysis; manual cortical-layer extension,0.960830025257789,0.6366666666666667,0.05311492448633343,0.06495069782875601,0.8183671004528771,0.31153052149432947,0.13176844114431854,2,True,True,True,False,False
spatialLIBD_manual_layers,within_donor_adjacent_replicates,DLPFCML_151671_151672,spatialLIBD_manual::Br5595,uot,0.5,1.0,interaction_corner,N,I_SPATIAL,registered_finite_difference_fixed_score,post-review sensitivity analysis; manual cortical-layer extension,0.9381026036011573,0.6566666666666667,0.0787621861316539,0.06495069782875601,1.2137000070345945,0.31153052149432947,0.13176844114431854,2,True,True,True,False,False
spatialLIBD_manual_layers,within_donor_adjacent_replicates,DLPFCML_151671_151672,spatialLIBD_manual::Br5595,uot,0.5,1.0,interaction_corner,R,I_EXPR,matched_finite_difference,post-review sensitivity analysis; manual cortical-layer extension,0.9981054569357588,1.0,0.0018214929251881562,0.021272638661622795,0.08569489334070401,0.09312362819628156,0.051070096182480804,2,True,True,True,True,True
spatialLIBD_manual_layers,within_donor_adjacent_replicates,DLPFCML_151671_151672,spatialLIBD_manual::Br5595,uot,0.5,1.0,interaction_corner,R,I_EXPR,registered_finite_difference_fixed_score,post-review sensitivity analysis; manual cortical-layer extension,0.9981054569357588,1.0,0.0018214929251881562,0.021272638661622795,0.08569489334070401,0.09312362819628156,0.051070096182480804,2,True,True,True,True,True
spatialLIBD_manual_layers,within_donor_adjacent_replicates,DLPFCML_151671_151672,spatialLIBD_manual::Br5595,uot,0.5,1.0,interaction_corner,R,I_SPATIAL,matched_finite_difference,post-review sensitivity analysis; manual cortical-layer extension,0.9754568850919489,0.7433333333333334,0.0697372516230258,0.062425097891100116,1.1179808054267957,0.29959073105138956,0.12801726005934067,2,True,True,True,False,False
spatialLIBD_manual_layers,within_donor_adjacent_replicates,DLPFCML_151671_151672,spatialLIBD_manual::Br5595,uot,0.5,1.0,interaction_corner,R,I_SPATIAL,registered_finite_difference_fixed_score,post-review sensitivity analysis; manual cortical-layer extension,0.9754568850919489,0.7433333333333334,0.0697372516230258,0.062425097891100116,1.1179808054267957,0.29959073105138956,0.12801726005934067,2,True,True,True,False,False
spatialLIBD_manual_layers,within_donor_adjacent_replicates,DLPFCML_151671_151672,spatialLIBD_manual::Br5595,uot,0.5,2.0,epsilon_scan,N,I_EXPR,matched_finite_difference,post-review sensitivity analysis; manual cortical-layer extension,0.9670227960101316,0.7366666666666666,0.049628503662203366,0.021975338567709085,2.2584524002893733,0.19139794078320146,0.04456918891507633,2,True,True,True,False,False
spatialLIBD_manual_layers,within_donor_adjacent_replicates,DLPFCML_151671_151672,spatialLIBD_manual::Br5595,uot,0.5,2.0,epsilon_scan,N,I_EXPR,registered_finite_difference_fixed_score,post-review sensitivity analysis; manual cortical-layer extension,0.5591431196191643,0.20333333333333334,0.12328979779572347,0.021975338567709085,5.610504719984553,0.19139794078320146,0.04456918891507633,2,True,False,False,False,False
spatialLIBD_manual_layers,within_donor_adjacent_replicates,DLPFCML_151671_151672,spatialLIBD_manual::Br5595,uot,0.5,2.0,epsilon_scan,N,I_SPATIAL,matched_finite_difference,post-review sensitivity analysis; manual cortical-layer extension,0.967528190012529,0.7433333333333334,0.06004081388816489,0.062071829175490714,0.9679676831921643,0.30900810450948607,0.12879798101376594,2,True,True,True,False,False
spatialLIBD_manual_layers,within_donor_adjacent_replicates,DLPFCML_151671_151672,spatialLIBD_manual::Br5595,uot,0.5,2.0,epsilon_scan,N,I_SPATIAL,registered_finite_difference_fixed_score,post-review sensitivity analysis; manual cortical-layer extension,0.9585611193604975,0.6466666666666667,0.07171977731952829,0.062071829175490714,1.1563640431724669,0.30900810450948607,0.12879798101376594,2,True,True,True,False,False
spatialLIBD_manual_layers,within_donor_adjacent_replicates,DLPFCML_151671_151672,spatialLIBD_manual::Br5595,uot,0.5,2.0,epsilon_scan,R,I_EXPR,matched_finite_difference,post-review sensitivity analysis; manual cortical-layer extension,0.9912037809794583,1.0,0.001190907630671077,0.00871099380665116,0.13672580025466702,0.05448657807529991,0.023906113442739907,2,True,True,True,True,True
spatialLIBD_manual_layers,within_donor_adjacent_replicates,DLPFCML_151671_151672,spatialLIBD_manual::Br5595,uot,0.5,2.0,epsilon_scan,R,I_EXPR,registered_finite_difference_fixed_score,post-review sensitivity analysis; manual cortical-layer extension,0.9912037809794583,1.0,0.001190907630671077,0.00871099380665116,0.13672580025466702,0.05448657807529991,0.023906113442739907,2,True,True,True,True,True
spatialLIBD_manual_layers,within_donor_adjacent_replicates,DLPFCML_151671_151672,spatialLIBD_manual::Br5595,uot,0.5,2.0,epsilon_scan,R,I_SPATIAL,matched_finite_difference,post-review sensitivity analysis; manual cortical-layer extension,0.9659255493002443,0.69,0.06888934127795576,0.06312802938596207,1.091911395450421,0.30411840627793385,0.1298157642452574,2,True,True,True,False,False
spatialLIBD_manual_layers,within_donor_adjacent_replicates,DLPFCML_151671_151672,spatialLIBD_manual::Br5595,uot,0.5,2.0,epsilon_scan,R,I_SPATIAL,registered_finite_difference_fixed_score,post-review sensitivity analysis; manual cortical-layer extension,0.9659255493002443,0.69,0.06888934127795576,0.06312802938596207,1.091911395450421,0.30411840627793385,0.1298157642452574,2,True,True,True,False,False
spatialLIBD_manual_layers,within_donor_adjacent_replicates,DLPFCML_151671_151672,spatialLIBD_manual::Br5595,uot,0.5,5.0,interaction_corner,N,I_EXPR,matched_finite_difference,post-review sensitivity analysis; manual cortical-layer extension,0.9766745674109188,0.8500000000000001,0.05239631434088407,0.01918968406378664,2.7329432202192407,0.17910371934227232,0.038441722761141925,2,True,True,True,False,False
spatialLIBD_manual_layers,within_donor_adjacent_replicates,DLPFCML_151671_151672,spatialLIBD_manual::Br5595,uot,0.5,5.0,interaction_corner,N,I_EXPR,registered_finite_difference_fixed_score,post-review sensitivity analysis; manual cortical-layer extension,0.11632661525627346,0.05333333333333333,0.1396680229831363,0.01918968406378664,7.285191681885119,0.17910371934227232,0.038441722761141925,2,True,False,False,False,False
spatialLIBD_manual_layers,within_donor_adjacent_replicates,DLPFCML_151671_151672,spatialLIBD_manual::Br5595,uot,0.5,5.0,interaction_corner,N,I_SPATIAL,matched_finite_difference,post-review sensitivity analysis; manual cortical-layer extension,0.9570407826847924,0.7133333333333334,0.06484316431470498,0.06369964240538031,1.0191284619198846,0.30398160859355977,0.1285374796427811,2,True,True,True,False,False
spatialLIBD_manual_layers,within_donor_adjacent_replicates,DLPFCML_151671_151672,spatialLIBD_manual::Br5595,uot,0.5,5.0,interaction_corner,N,I_SPATIAL,registered_finite_difference_fixed_score,post-review sensitivity analysis; manual cortical-layer extension,0.9653708130536948,0.6533333333333333,0.06618810422456937,0.06369964240538031,1.0403539619193607,0.30398160859355977,0.1285374796427811,2,True,True,True,False,False
spatialLIBD_manual_layers,within_donor_adjacent_replicates,DLPFCML_151671_151672,spatialLIBD_manual::Br5595,uot,0.5,5.0,interaction_corner,R,I_EXPR,matched_finite_difference,post-review sensitivity analysis; manual cortical-layer extension,0.9935748149221402,0.9933333333333333,0.0008644414739322356,0.004738229904673729,0.18272761491953216,0.033276245516041664,0.010961574063135847,2,True,True,True,True,True
spatialLIBD_manual_layers,within_donor_adjacent_replicates,DLPFCML_151671_151672,spatialLIBD_manual::Br5595,uot,0.5,5.0,interaction_corner,R,I_EXPR,registered_finite_difference_fixed_score,post-review sensitivity analysis; manual cortical-layer extension,0.9935748149221402,0.9933333333333333,0.0008644414739322356,0.004738229904673729,0.18272761491953216,0.033276245516041664,0.010961574063135847,2,True,True,True,True,True
spatialLIBD_manual_layers,within_donor_adjacent_replicates,DLPFCML_151671_151672,spatialLIBD_manual::Br5595,uot,0.5,5.0,interaction_corner,R,I_SPATIAL,matched_finite_difference,post-review sensitivity analysis; manual cortical-layer extension,0.9570783098125821,0.6533333333333333,0.06885288076093651,0.06421743303317091,1.0727419995474679,0.3094279551448927,0.1318233295182819,2,True,True,True,False,False
spatialLIBD_manual_layers,within_donor_adjacent_replicates,DLPFCML_151671_151672,spatialLIBD_manual::Br5595,uot,0.5,5.0,interaction_corner,R,I_SPATIAL,registered_finite_difference_fixed_score,post-review sensitivity analysis; manual cortical-layer extension,0.9570783098125821,0.6533333333333333,0.06885288076093651,0.06421743303317091,1.0727419995474679,0.3094279551448927,0.1318233295182819,2,True,True,True,False,False
spatialLIBD_manual_layers,within_donor_adjacent_replicates,DLPFCML_151673_151674,spatialLIBD_manual::Br8100,balanced_ot,0.1,,epsilon_scan,N,I_EXPR,matched_finite_difference,post-review sensitivity analysis; manual cortical-layer extension,0.8662873983499548,0.6266666666666667,0.07101887662651549,0.018602869852697546,3.8183317776692696,0.2160728622865422,0.03737843383753632,2,True,True,True,False,False
spatialLIBD_manual_layers,within_donor_adjacent_replicates,DLPFCML_151673_151674,spatialLIBD_manual::Br8100,balanced_ot,0.1,,epsilon_scan,N,I_EXPR,registered_finite_difference_fixed_score,post-review sensitivity analysis; manual cortical-layer extension,0.37715498184665863,0.4933333333333333,0.10457274821651896,0.018602869852697546,5.62242871382329,0.2160728622865422,0.03737843383753632,2,True,False,False,False,False
spatialLIBD_manual_layers,within_donor_adjacent_replicates,DLPFCML_151673_151674,spatialLIBD_manual::Br8100,balanced_ot,0.1,,epsilon_scan,N,I_SPATIAL,matched_finite_difference,post-review sensitivity analysis; manual cortical-layer extension,0.11823081699147422,0.12333333333333334,0.2684675975727676,0.07571934832135857,3.5463738673604412,0.5731017490971266,0.1526600552805532,2,True,False,False,False,False
spatialLIBD_manual_layers,within_donor_adjacent_replicates,DLPFCML_151673_151674,spatialLIBD_manual::Br8100,balanced_ot,0.1,,epsilon_scan,N,I_SPATIAL,registered_finite_difference_fixed_score,post-review sensitivity analysis; manual cortical-layer extension,0.05878269101452934,0.05333333333333333,0.2657823192144372,0.07571934832135857,3.5108821903979335,0.5731017490971266,0.1526600552805532,2,True,False,False,False,False
spatialLIBD_manual_layers,within_donor_adjacent_replicates,DLPFCML_151673_151674,spatialLIBD_manual::Br8100,balanced_ot,0.1,,epsilon_scan,R,I_EXPR,matched_finite_difference,post-review sensitivity analysis; manual cortical-layer extension,0.9802029369790832,0.78,0.010173988055209849,0.03340031465260512,0.3046128136224732,0.11400550226691254,0.06733620560758091,2,True,True,True,True,True
spatialLIBD_manual_layers,within_donor_adjacent_replicates,DLPFCML_151673_151674,spatialLIBD_manual::Br8100,balanced_ot,0.1,,epsilon_scan,R,I_EXPR,registered_finite_difference_fixed_score,post-review sensitivity analysis; manual cortical-layer extension,0.9802029369790832,0.78,0.010173988055209849,0.03340031465260512,0.3046128136224732,0.11400550226691254,0.06733620560758091,2,True,True,True,True,True
spatialLIBD_manual_layers,within_donor_adjacent_replicates,DLPFCML_151673_151674,spatialLIBD_manual::Br8100,balanced_ot,0.1,,epsilon_scan,R,I_SPATIAL,matched_finite_difference,post-review sensitivity analysis; manual cortical-layer extension,-0.03338848417265964,0.030000000000000002,0.3052830090371047,0.07284618344484706,4.190804116520567,0.6056652278569634,0.14515844021361973,2,True,False,False,False,False
spatialLIBD_manual_layers,within_donor_adjacent_replicates,DLPFCML_151673_151674,spatialLIBD_manual::Br8100,balanced_ot,0.1,,epsilon_scan,R,I_SPATIAL,registered_finite_difference_fixed_score,post-review sensitivity analysis; manual cortical-layer extension,-0.03338848417265964,0.030000000000000002,0.3052830090371047,0.07284618344484706,4.190804116520567,0.6056652278569634,0.14515844021361973,2,True,False,False,False,False
spatialLIBD_manual_layers,within_donor_adjacent_replicates,DLPFCML_151673_151674,spatialLIBD_manual::Br8100,balanced_ot,0.25,,baseline,N,I_EXPR,matched_finite_difference,post-review sensitivity analysis; manual cortical-layer extension,0.8092068094252487,0.41000000000000003,0.06653930641988721,0.013681299817136554,4.866538867596516,0.18984791189634026,0.027274091094506916,2,True,True,False,False,False
spatialLIBD_manual_layers,within_donor_adjacent_replicates,DLPFCML_151673_151674,spatialLIBD_manual::Br8100,balanced_ot,0.25,,baseline,N,I_EXPR,registered_finite_difference_fixed_score,post-review sensitivity analysis; manual cortical-layer extension,-0.1988652066067585,0.08333333333333334,0.12817007102463346,0.013681299817136554,9.37416733174307,0.18984791189634026,0.027274091094506916,2,True,False,False,False,False
spatialLIBD_manual_layers,within_donor_adjacent_replicates,DLPFCML_151673_151674,spatialLIBD_manual::Br8100,balanced_ot,0.25,,baseline,N,I_SPATIAL,matched_finite_difference,post-review sensitivity analysis; manual cortical-layer extension,0.5876392069507588,0.36,0.16041877485820857,0.0869589144531164,1.8450432080984953,0.41731584654169795,0.17485423066722366,2,True,False,False,False,False
spatialLIBD_manual_layers,within_donor_adjacent_replicates,DLPFCML_151673_151674,spatialLIBD_manual::Br8100,balanced_ot,0.25,,baseline,N,I_SPATIAL,registered_finite_difference_fixed_score,post-review sensitivity analysis; manual cortical-layer extension,0.5824044348464155,0.33666666666666667,0.1475482999452813,0.0869589144531164,1.6970215322591982,0.41731584654169795,0.17485423066722366,2,True,False,False,False,False
spatialLIBD_manual_layers,within_donor_adjacent_replicates,DLPFCML_151673_151674,spatialLIBD_manual::Br8100,balanced_ot,0.25,,baseline,R,I_EXPR,matched_finite_difference,post-review sensitivity analysis; manual cortical-layer extension,0.9944621433165082,0.8433333333333334,0.00400131960749388,0.01606354921766389,0.2492265591020969,0.05391752967938447,0.03578371784935788,2,True,True,True,True,True
spatialLIBD_manual_layers,within_donor_adjacent_replicates,DLPFCML_151673_151674,spatialLIBD_manual::Br8100,balanced_ot,0.25,,baseline,R,I_EXPR,registered_finite_difference_fixed_score,post-review sensitivity analysis; manual cortical-layer extension,0.9944621433165082,0.8433333333333334,0.00400131960749388,0.01606354921766389,0.2492265591020969,0.05391752967938447,0.03578371784935788,2,True,True,True,True,True
spatialLIBD_manual_layers,within_donor_adjacent_replicates,DLPFCML_151673_151674,spatialLIBD_manual::Br8100,balanced_ot,0.25,,baseline,R,I_SPATIAL,matched_finite_difference,post-review sensitivity analysis; manual cortical-layer extension,0.3581687778527902,0.30666666666666664,0.17942699789980127,0.07042635807223946,2.549985106034959,0.456207135306383,0.1456839624390432,2,True,False,False,False,False
spatialLIBD_manual_layers,within_donor_adjacent_replicates,DLPFCML_151673_151674,spatialLIBD_manual::Br8100,balanced_ot,0.25,,baseline,R,I_SPATIAL,registered_finite_difference_fixed_score,post-review sensitivity analysis; manual cortical-layer extension,0.3581687778527902,0.30666666666666664,0.17942699789980127,0.07042635807223946,2.549985106034959,0.456207135306383,0.1456839624390432,2,True,False,False,False,False
spatialLIBD_manual_layers,within_donor_adjacent_replicates,DLPFCML_151673_151674,spatialLIBD_manual::Br8100,balanced_ot,0.5,,epsilon_scan,N,I_EXPR,matched_finite_difference,post-review sensitivity analysis; manual cortical-layer extension,0.9460592240263219,0.8166666666666667,0.049845563697128274,0.019719560578824853,2.5281293691820683,0.16707572748248883,0.03974427868990847,2,True,True,True,False,False
spatialLIBD_manual_layers,within_donor_adjacent_replicates,DLPFCML_151673_151674,spatialLIBD_manual::Br8100,balanced_ot,0.5,,epsilon_scan,N,I_EXPR,registered_finite_difference_fixed_score,post-review sensitivity analysis; manual cortical-layer extension,-0.34839147750732335,0.0033333333333333335,0.13054142946085168,0.019719560578824853,6.620954339958418,0.16707572748248883,0.03974427868990847,2,True,False,False,False,False
spatialLIBD_manual_layers,within_donor_adjacent_replicates,DLPFCML_151673_151674,spatialLIBD_manual::Br8100,balanced_ot,0.5,,epsilon_scan,N,I_SPATIAL,matched_finite_difference,post-review sensitivity analysis; manual cortical-layer extension,0.9154297810799028,0.7033333333333334,0.06870311630426816,0.06384167787972006,1.0773088460594722,0.2900438269886034,0.1297789670302512,2,True,True,True,False,False
spatialLIBD_manual_layers,within_donor_adjacent_replicates,DLPFCML_151673_151674,spatialLIBD_manual::Br8100,balanced_ot,0.5,,epsilon_scan,N,I_SPATIAL,registered_finite_difference_fixed_score,post-review sensitivity analysis; manual cortical-layer extension,0.9479319608586494,0.74,0.057239852837518715,0.06384167787972006,0.8975799302805654,0.2900438269886034,0.1297789670302512,2,True,True,True,False,False
spatialLIBD_manual_layers,within_donor_adjacent_replicates,DLPFCML_151673_151674,spatialLIBD_manual::Br8100,balanced_ot,0.5,,epsilon_scan,R,I_EXPR,matched_finite_difference,post-review sensitivity analysis; manual cortical-layer extension,0.9967909656848737,0.99,0.0011569669183389647,0.006806092158575616,0.17063135129788193,0.029959546092750745,0.015869816355484727,2,True,True,True,True,True
spatialLIBD_manual_layers,within_donor_adjacent_replicates,DLPFCML_151673_151674,spatialLIBD_manual::Br8100,balanced_ot,0.5,,epsilon_scan,R,I_EXPR,registered_finite_difference_fixed_score,post-review sensitivity analysis; manual cortical-layer extension,0.9967909656848737,0.99,0.0011569669183389647,0.006806092158575616,0.17063135129788193,0.029959546092750745,0.015869816355484727,2,True,True,True,True,True
spatialLIBD_manual_layers,within_donor_adjacent_replicates,DLPFCML_151673_151674,spatialLIBD_manual::Br8100,balanced_ot,0.5,,epsilon_scan,R,I_SPATIAL,matched_finite_difference,post-review sensitivity analysis; manual cortical-layer extension,0.9298405305957913,0.5966666666666667,0.07274797597871638,0.06679404128672808,1.0897371627937047,0.30958453492518845,0.13483750740211783,2,True,True,False,False,False
spatialLIBD_manual_layers,within_donor_adjacent_replicates,DLPFCML_151673_151674,spatialLIBD_manual::Br8100,balanced_ot,0.5,,epsilon_scan,R,I_SPATIAL,registered_finite_difference_fixed_score,post-review sensitivity analysis; manual cortical-layer extension,0.9298405305957913,0.5966666666666667,0.07274797597871638,0.06679404128672808,1.0897371627937047,0.30958453492518845,0.13483750740211783,2,True,True,False,False,False
spatialLIBD_manual_layers,within_donor_adjacent_replicates,DLPFCML_151673_151674,spatialLIBD_manual::Br8100,row_softmax,0.1,,epsilon_scan,N,I_EXPR,matched_finite_difference,post-review sensitivity analysis; manual cortical-layer extension,0.9453352717045653,0.6866666666666668,0.038155459989746066,0.05361215276441904,0.7126103483931847,0.32685035687405906,0.10892335894036742,2,True,True,True,True,True
spatialLIBD_manual_layers,within_donor_adjacent_replicates,DLPFCML_151673_151674,spatialLIBD_manual::Br8100,row_softmax,0.1,,epsilon_scan,N,I_EXPR,registered_finite_difference_fixed_score,post-review sensitivity analysis; manual cortical-layer extension,0.799553678023857,0.4666666666666667,0.10217096643457102,0.05361215276441904,1.9069548613624123,0.32685035687405906,0.10892335894036742,2,True,True,False,False,False
spatialLIBD_manual_layers,within_donor_adjacent_replicates,DLPFCML_151673_151674,spatialLIBD_manual::Br8100,row_softmax,0.1,,epsilon_scan,N,I_SPATIAL,matched_finite_difference,post-review sensitivity analysis; manual cortical-layer extension,0.7538695066086697,0.4833333333333334,0.23677736759585022,0.13195080504090675,1.8080193987112247,0.591680096905935,0.2756876988757654,2,True,True,False,False,False
spatialLIBD_manual_layers,within_donor_adjacent_replicates,DLPFCML_151673_151674,spatialLIBD_manual::Br8100,row_softmax,0.1,,epsilon_scan,N,I_SPATIAL,registered_finite_difference_fixed_score,post-review sensitivity analysis; manual cortical-layer extension,0.7230473897988401,0.3866666666666667,0.3013560690334596,0.13195080504090675,2.2919691760759546,0.591680096905935,0.2756876988757654,2,True,True,False,False,False
spatialLIBD_manual_layers,within_donor_adjacent_replicates,DLPFCML_151673_151674,spatialLIBD_manual::Br8100,row_softmax,0.1,,epsilon_scan,R,I_EXPR,matched_finite_difference,post-review sensitivity analysis; manual cortical-layer extension,0.937017732007881,0.74,0.0539893157000401,0.04011808308882618,1.3468072536685494,0.2840816839697445,0.07997423199675358,2,True,True,True,False,False
spatialLIBD_manual_layers,within_donor_adjacent_replicates,DLPFCML_151673_151674,spatialLIBD_manual::Br8100,row_softmax,0.1,,epsilon_scan,R,I_EXPR,registered_finite_difference_fixed_score,post-review sensitivity analysis; manual cortical-layer extension,0.937017732007881,0.74,0.0539893157000401,0.04011808308882618,1.3468072536685494,0.2840816839697445,0.07997423199675358,2,True,True,True,False,False
spatialLIBD_manual_layers,within_donor_adjacent_replicates,DLPFCML_151673_151674,spatialLIBD_manual::Br8100,row_softmax,0.1,,epsilon_scan,R,I_SPATIAL,matched_finite_difference,post-review sensitivity analysis; manual cortical-layer extension,0.5327325692144753,0.42,0.3105127878757422,0.08508676637630061,3.6620469258322097,0.6002108057330829,0.17800038733113765,2,True,False,False,False,False
spatialLIBD_manual_layers,within_donor_adjacent_replicates,DLPFCML_151673_151674,spatialLIBD_manual::Br8100,row_softmax,0.1,,epsilon_scan,R,I_SPATIAL,registered_finite_difference_fixed_score,post-review sensitivity analysis; manual cortical-layer extension,0.5327325692144753,0.42,0.3105127878757422,0.08508676637630061,3.6620469258322097,0.6002108057330829,0.17800038733113765,2,True,False,False,False,False
spatialLIBD_manual_layers,within_donor_adjacent_replicates,DLPFCML_151673_151674,spatialLIBD_manual::Br8100,row_softmax,0.25,,baseline,N,I_EXPR,matched_finite_difference,post-review sensitivity analysis; manual cortical-layer extension,0.9281360160604517,0.6966666666666667,0.058905639320904604,0.03224386866658901,1.8437858058435412,0.22303636849604508,0.06377565926460096,2,True,True,True,False,False
spatialLIBD_manual_layers,within_donor_adjacent_replicates,DLPFCML_151673_151674,spatialLIBD_manual::Br8100,row_softmax,0.25,,baseline,N,I_EXPR,registered_finite_difference_fixed_score,post-review sensitivity analysis; manual cortical-layer extension,0.44988029950235536,0.31,0.09394176809542862,0.03224386866658901,2.949630967685079,0.22303636849604508,0.06377565926460096,2,True,False,False,False,False
spatialLIBD_manual_layers,within_donor_adjacent_replicates,DLPFCML_151673_151674,spatialLIBD_manual::Br8100,row_softmax,0.25,,baseline,N,I_SPATIAL,matched_finite_difference,post-review sensitivity analysis; manual cortical-layer extension,0.7917665830073704,0.7233333333333334,0.1496868931105912,0.08504081195205787,1.7802154616514883,0.425981464214095,0.1721736366997122,2,True,True,True,False,False
spatialLIBD_manual_layers,within_donor_adjacent_replicates,DLPFCML_151673_151674,spatialLIBD_manual::Br8100,row_softmax,0.25,,baseline,N,I_SPATIAL,registered_finite_difference_fixed_score,post-review sensitivity analysis; manual cortical-layer extension,0.9475196406753958,0.7966666666666666,0.16088492792916473,0.08504081195205787,1.9044501642979834,0.425981464214095,0.1721736366997122,2,True,True,True,False,False
spatialLIBD_manual_layers,within_donor_adjacent_replicates,DLPFCML_151673_151674,spatialLIBD_manual::Br8100,row_softmax,0.25,,baseline,R,I_EXPR,matched_finite_difference,post-review sensitivity analysis; manual cortical-layer extension,0.9703156632514061,0.7933333333333333,0.019231419718918487,0.01883034329007393,1.0211699747089396,0.1483222277905732,0.03781282407717521,2,True,True,True,False,False
spatialLIBD_manual_layers,within_donor_adjacent_replicates,DLPFCML_151673_151674,spatialLIBD_manual::Br8100,row_softmax,0.25,,baseline,R,I_EXPR,registered_finite_difference_fixed_score,post-review sensitivity analysis; manual cortical-layer extension,0.9703156632514061,0.7933333333333333,0.019231419718918487,0.01883034329007393,1.0211699747089396,0.1483222277905732,0.03781282407717521,2,True,True,True,False,False
spatialLIBD_manual_layers,within_donor_adjacent_replicates,DLPFCML_151673_151674,spatialLIBD_manual::Br8100,row_softmax,0.25,,baseline,R,I_SPATIAL,matched_finite_difference,post-review sensitivity analysis; manual cortical-layer extension,0.788564003806224,0.5866666666666667,0.17156323047941172,0.07130949956179258,2.4105083763747377,0.45163425998663814,0.143534542244966,2,True,True,False,False,False
spatialLIBD_manual_layers,within_donor_adjacent_replicates,DLPFCML_151673_151674,spatialLIBD_manual::Br8100,row_softmax,0.25,,baseline,R,I_SPATIAL,registered_finite_difference_fixed_score,post-review sensitivity analysis; manual cortical-layer extension,0.788564003806224,0.5866666666666667,0.17156323047941172,0.07130949956179258,2.4105083763747377,0.45163425998663814,0.143534542244966,2,True,True,False,False,False
spatialLIBD_manual_layers,within_donor_adjacent_replicates,DLPFCML_151673_151674,spatialLIBD_manual::Br8100,row_softmax,0.5,,epsilon_scan,N,I_EXPR,matched_finite_difference,post-review sensitivity analysis; manual cortical-layer extension,0.9580749378110835,0.88,0.04556059147240012,0.02300010528632429,2.0161218700307093,0.17414936472109752,0.047654995007931814,2,True,True,True,False,False
spatialLIBD_manual_layers,within_donor_adjacent_replicates,DLPFCML_151673_151674,spatialLIBD_manual::Br8100,row_softmax,0.5,,epsilon_scan,N,I_EXPR,registered_finite_difference_fixed_score,post-review sensitivity analysis; manual cortical-layer extension,0.012931474191766323,0.16666666666666669,0.09865039776948534,0.02300010528632429,4.381324991923366,0.17414936472109752,0.047654995007931814,2,True,False,False,False,False
spatialLIBD_manual_layers,within_donor_adjacent_replicates,DLPFCML_151673_151674,spatialLIBD_manual::Br8100,row_softmax,0.5,,epsilon_scan,N,I_SPATIAL,matched_finite_difference,post-review sensitivity analysis; manual cortical-layer extension,0.9557855607935827,0.7633333333333333,0.0657902465645151,0.06212639622695802,1.0617473164321463,0.2951942779411893,0.125188314315562,2,True,True,True,False,False
spatialLIBD_manual_layers,within_donor_adjacent_replicates,DLPFCML_151673_151674,spatialLIBD_manual::Br8100,row_softmax,0.5,,epsilon_scan,N,I_SPATIAL,registered_finite_difference_fixed_score,post-review sensitivity analysis; manual cortical-layer extension,0.9477148052065802,0.6766666666666666,0.0655229252041487,0.06212639622695802,1.0553904438830017,0.2951942779411893,0.125188314315562,2,True,True,True,False,False
spatialLIBD_manual_layers,within_donor_adjacent_replicates,DLPFCML_151673_151674,spatialLIBD_manual::Br8100,row_softmax,0.5,,epsilon_scan,R,I_EXPR,matched_finite_difference,post-review sensitivity analysis; manual cortical-layer extension,0.9836359909493294,0.8666666666666667,0.006545380287184391,0.008951080475633633,0.7305289070348394,0.0882363706773471,0.0181141109223706,2,True,True,True,True,True
spatialLIBD_manual_layers,within_donor_adjacent_replicates,DLPFCML_151673_151674,spatialLIBD_manual::Br8100,row_softmax,0.5,,epsilon_scan,R,I_EXPR,registered_finite_difference_fixed_score,post-review sensitivity analysis; manual cortical-layer extension,0.9836359909493294,0.8666666666666667,0.006545380287184391,0.008951080475633633,0.7305289070348394,0.0882363706773471,0.0181141109223706,2,True,True,True,True,True
spatialLIBD_manual_layers,within_donor_adjacent_replicates,DLPFCML_151673_151674,spatialLIBD_manual::Br8100,row_softmax,0.5,,epsilon_scan,R,I_SPATIAL,matched_finite_difference,post-review sensitivity analysis; manual cortical-layer extension,0.9801178489412662,0.7833333333333333,0.07177267584024476,0.057015520354939696,1.2611219925049117,0.3025556115857496,0.11518615833657911,2,True,True,True,False,False
spatialLIBD_manual_layers,within_donor_adjacent_replicates,DLPFCML_151673_151674,spatialLIBD_manual::Br8100,row_softmax,0.5,,epsilon_scan,R,I_SPATIAL,registered_finite_difference_fixed_score,post-review sensitivity analysis; manual cortical-layer extension,0.9801178489412662,0.7833333333333333,0.07177267584024476,0.057015520354939696,1.2611219925049117,0.3025556115857496,0.11518615833657911,2,True,True,True,False,False
spatialLIBD_manual_layers,within_donor_adjacent_replicates,DLPFCML_151673_151674,spatialLIBD_manual::Br8100,uot,0.1,1.0,interaction_corner,N,I_EXPR,matched_finite_difference,post-review sensitivity analysis; manual cortical-layer extension,0.9297065909807072,0.7266666666666666,0.07033489063339934,0.026479989543102517,2.656153907265775,0.24637905990149997,0.05325444665628455,2,True,True,True,False,False
spatialLIBD_manual_layers,within_donor_adjacent_replicates,DLPFCML_151673_151674,spatialLIBD_manual::Br8100,uot,0.1,1.0,interaction_corner,N,I_EXPR,registered_finite_difference_fixed_score,post-review sensitivity analysis; manual cortical-layer extension,0.7008214972539988,0.7233333333333334,0.10653754851267108,0.026479989543102517,4.023335487914819,0.24637905990149997,0.05325444665628455,2,True,True,True,False,False
spatialLIBD_manual_layers,within_donor_adjacent_replicates,DLPFCML_151673_151674,spatialLIBD_manual::Br8100,uot,0.1,1.0,interaction_corner,N,I_SPATIAL,matched_finite_difference,post-review sensitivity analysis; manual cortical-layer extension,0.31292724130099614,0.21666666666666667,0.25191970800677166,0.07969217108504165,3.161245443708017,0.5879199056620227,0.15782048426237566,2,True,False,False,False,False
spatialLIBD_manual_layers,within_donor_adjacent_replicates,DLPFCML_151673_151674,spatialLIBD_manual::Br8100,uot,0.1,1.0,interaction_corner,N,I_SPATIAL,registered_finite_difference_fixed_score,post-review sensitivity analysis; manual cortical-layer extension,0.08957778914568407,0.05666666666666667,0.28520855304729437,0.07969217108504165,3.5789602459370076,0.5879199056620227,0.15782048426237566,2,True,False,False,False,False
spatialLIBD_manual_layers,within_donor_adjacent_replicates,DLPFCML_151673_151674,spatialLIBD_manual::Br8100,uot,0.1,1.0,interaction_corner,R,I_EXPR,matched_finite_difference,post-review sensitivity analysis; manual cortical-layer extension,0.979265681451414,0.8366666666666667,0.008837127628805784,0.03756613459459991,0.23614429642654813,0.14565093322671827,0.07466700859625558,2,True,True,True,True,True
spatialLIBD_manual_layers,within_donor_adjacent_replicates,DLPFCML_151673_151674,spatialLIBD_manual::Br8100,uot,0.1,1.0,interaction_corner,R,I_EXPR,registered_finite_difference_fixed_score,post-review sensitivity analysis; manual cortical-layer extension,0.979265681451414,0.8366666666666667,0.008837127628805784,0.03756613459459991,0.23614429642654813,0.14565093322671827,0.07466700859625558,2,True,True,True,True,True
spatialLIBD_manual_layers,within_donor_adjacent_replicates,DLPFCML_151673_151674,spatialLIBD_manual::Br8100,uot,0.1,1.0,interaction_corner,R,I_SPATIAL,matched_finite_difference,post-review sensitivity analysis; manual cortical-layer extension,0.0038241688107416953,0.03666666666666667,0.3026293939282234,0.07430344404501246,4.073680514199077,0.5959576311499053,0.14780406544967772,2,True,False,False,False,False
spatialLIBD_manual_layers,within_donor_adjacent_replicates,DLPFCML_151673_151674,spatialLIBD_manual::Br8100,uot,0.1,1.0,interaction_corner,R,I_SPATIAL,registered_finite_difference_fixed_score,post-review sensitivity analysis; manual cortical-layer extension,0.0038241688107416953,0.03666666666666667,0.3026293939282234,0.07430344404501246,4.073680514199077,0.5959576311499053,0.14780406544967772,2,True,False,False,False,False
spatialLIBD_manual_layers,within_donor_adjacent_replicates,DLPFCML_151673_151674,spatialLIBD_manual::Br8100,uot,0.1,2.0,epsilon_scan,N,I_EXPR,matched_finite_difference,post-review sensitivity analysis; manual cortical-layer extension,0.9008287701461202,0.68,0.07146341367174214,0.02112168503697129,3.3842573462593757,0.2290148600903147,0.04259349591040275,2,True,True,True,False,False
spatialLIBD_manual_layers,within_donor_adjacent_replicates,DLPFCML_151673_151674,spatialLIBD_manual::Br8100,uot,0.1,2.0,epsilon_scan,N,I_EXPR,registered_finite_difference_fixed_score,post-review sensitivity analysis; manual cortical-layer extension,0.5109345577486923,0.53,0.11091116429926244,0.02112168503697129,5.2523209923605485,0.2290148600903147,0.04259349591040275,2,True,False,False,False,False
spatialLIBD_manual_layers,within_donor_adjacent_replicates,DLPFCML_151673_151674,spatialLIBD_manual::Br8100,uot,0.1,2.0,epsilon_scan,N,I_SPATIAL,matched_finite_difference,post-review sensitivity analysis; manual cortical-layer extension,0.2018424505966447,0.16999999999999998,0.2619596238821379,0.07718871997096588,3.393763888126153,0.5797613502312975,0.15370417519233176,2,True,False,False,False,False
spatialLIBD_manual_layers,within_donor_adjacent_replicates,DLPFCML_151673_151674,spatialLIBD_manual::Br8100,uot,0.1,2.0,epsilon_scan,N,I_SPATIAL,registered_finite_difference_fixed_score,post-review sensitivity analysis; manual cortical-layer extension,0.07058508914892853,0.05333333333333333,0.2750532058188785,0.07718871997096588,3.5633951419396546,0.5797613502312975,0.15370417519233176,2,True,False,False,False,False
spatialLIBD_manual_layers,within_donor_adjacent_replicates,DLPFCML_151673_151674,spatialLIBD_manual::Br8100,uot,0.1,2.0,epsilon_scan,R,I_EXPR,matched_finite_difference,post-review sensitivity analysis; manual cortical-layer extension,0.9776034336015262,0.79,0.009812324221380153,0.03278449215929038,0.29946003241697794,0.12237239615205887,0.06560885126250374,2,True,True,True,True,True
spatialLIBD_manual_layers,within_donor_adjacent_replicates,DLPFCML_151673_151674,spatialLIBD_manual::Br8100,uot,0.1,2.0,epsilon_scan,R,I_EXPR,registered_finite_difference_fixed_score,post-review sensitivity analysis; manual cortical-layer extension,0.9776034336015262,0.79,0.009812324221380153,0.03278449215929038,0.29946003241697794,0.12237239615205887,0.06560885126250374,2,True,True,True,True,True
spatialLIBD_manual_layers,within_donor_adjacent_replicates,DLPFCML_151673_151674,spatialLIBD_manual::Br8100,uot,0.1,2.0,epsilon_scan,R,I_SPATIAL,matched_finite_difference,post-review sensitivity analysis; manual cortical-layer extension,-0.014837309705470984,0.03,0.30388059831445635,0.07328398475318987,4.147061790493804,0.5997141605049096,0.14597320924430685,2,True,False,False,False,False
spatialLIBD_manual_layers,within_donor_adjacent_replicates,DLPFCML_151673_151674,spatialLIBD_manual::Br8100,uot,0.1,2.0,epsilon_scan,R,I_SPATIAL,registered_finite_difference_fixed_score,post-review sensitivity analysis; manual cortical-layer extension,-0.014837309705470984,0.03,0.30388059831445635,0.07328398475318987,4.147061790493804,0.5997141605049096,0.14597320924430685,2,True,False,False,False,False
spatialLIBD_manual_layers,within_donor_adjacent_replicates,DLPFCML_151673_151674,spatialLIBD_manual::Br8100,uot,0.1,5.0,interaction_corner,N,I_EXPR,matched_finite_difference,post-review sensitivity analysis; manual cortical-layer extension,0.8796665242962332,0.6499999999999999,0.0714385862734711,0.01909557083655794,3.742544486216305,0.22045590069821558,0.038688683070676966,2,True,True,True,False,False
spatialLIBD_manual_layers,within_donor_adjacent_replicates,DLPFCML_151673_151674,spatialLIBD_manual::Br8100,uot,0.1,5.0,interaction_corner,N,I_EXPR,registered_finite_difference_fixed_score,post-review sensitivity analysis; manual cortical-layer extension,0.4115484389104173,0.4833333333333333,0.1085067979787393,0.01909557083655794,5.684541819386892,0.22045590069821558,0.038688683070676966,2,True,False,False,False,False
spatialLIBD_manual_layers,within_donor_adjacent_replicates,DLPFCML_151673_151674,spatialLIBD_manual::Br8100,uot,0.1,5.0,interaction_corner,N,I_SPATIAL,matched_finite_difference,post-review sensitivity analysis; manual cortical-layer extension,0.14709049559577583,0.1433333333333333,0.26640084731252367,0.07615853014556434,3.498332016640974,0.5756521802150656,0.15351005160408865,2,True,False,False,False,False
spatialLIBD_manual_layers,within_donor_adjacent_replicates,DLPFCML_151673_151674,spatialLIBD_manual::Br8100,uot,0.1,5.0,interaction_corner,N,I_SPATIAL,registered_finite_difference_fixed_score,post-review sensitivity analysis; manual cortical-layer extension,0.062440376195722756,0.05333333333333333,0.26934124514850144,0.07615853014556434,3.536935672899604,0.5756521802150656,0.15351005160408865,2,True,False,False,False,False
spatialLIBD_manual_layers,within_donor_adjacent_replicates,DLPFCML_151673_151674,spatialLIBD_manual::Br8100,uot,0.1,5.0,interaction_corner,R,I_EXPR,matched_finite_difference,post-review sensitivity analysis; manual cortical-layer extension,0.9789138004061336,0.76,0.010102649480753196,0.03268237281816437,0.30911985722137725,0.11506311264205826,0.0654254272997371,2,True,True,True,True,True
spatialLIBD_manual_layers,within_donor_adjacent_replicates,DLPFCML_151673_151674,spatialLIBD_manual::Br8100,uot,0.1,5.0,interaction_corner,R,I_EXPR,registered_finite_difference_fixed_score,post-review sensitivity analysis; manual cortical-layer extension,0.9789138004061336,0.76,0.010102649480753196,0.03268237281816437,0.30911985722137725,0.11506311264205826,0.0654254272997371,2,True,True,True,True,True
spatialLIBD_manual_layers,within_donor_adjacent_replicates,DLPFCML_151673_151674,spatialLIBD_manual::Br8100,uot,0.1,5.0,interaction_corner,R,I_SPATIAL,matched_finite_difference,post-review sensitivity analysis; manual cortical-layer extension,-0.026607528270012563,0.02666666666666667,0.3047065904556687,0.07283349099321601,4.183795466894585,0.6031381781581702,0.1456087884602189,2,True,False,False,False,False
spatialLIBD_manual_layers,within_donor_adjacent_replicates,DLPFCML_151673_151674,spatialLIBD_manual::Br8100,uot,0.1,5.0,interaction_corner,R,I_SPATIAL,registered_finite_difference_fixed_score,post-review sensitivity analysis; manual cortical-layer extension,-0.026607528270012563,0.02666666666666667,0.3047065904556687,0.07283349099321601,4.183795466894585,0.6031381781581702,0.1456087884602189,2,True,False,False,False,False
spatialLIBD_manual_layers,within_donor_adjacent_replicates,DLPFCML_151673_151674,spatialLIBD_manual::Br8100,uot,0.25,1.0,tau_scan,N,I_EXPR,matched_finite_difference,post-review sensitivity analysis; manual cortical-layer extension,0.899500710889205,0.76,0.062020861004407776,0.020326852069207306,3.0531815004287983,0.21490352807821167,0.040952682392116094,2,True,True,True,False,False
spatialLIBD_manual_layers,within_donor_adjacent_replicates,DLPFCML_151673_151674,spatialLIBD_manual::Br8100,uot,0.25,1.0,tau_scan,N,I_EXPR,registered_finite_difference_fixed_score,post-review sensitivity analysis; manual cortical-layer extension,0.6053209036981795,0.7733333333333333,0.10500868293389136,0.020326852069207306,5.168511907117887,0.21490352807821167,0.040952682392116094,2,True,False,True,False,False
spatialLIBD_manual_layers,within_donor_adjacent_replicates,DLPFCML_151673_151674,spatialLIBD_manual::Br8100,uot,0.25,1.0,tau_scan,N,I_SPATIAL,matched_finite_difference,post-review sensitivity analysis; manual cortical-layer extension,0.6867850181266748,0.6866666666666668,0.1446761122503329,0.07949856772239555,1.8204046274507677,0.4217473447648598,0.15926310456364035,2,True,False,True,False,False
spatialLIBD_manual_layers,within_donor_adjacent_replicates,DLPFCML_151673_151674,spatialLIBD_manual::Br8100,uot,0.25,1.0,tau_scan,N,I_SPATIAL,registered_finite_difference_fixed_score,post-review sensitivity analysis; manual cortical-layer extension,0.6436548798466133,0.45333333333333337,0.16487566918935265,0.07949856772239555,2.0745991438785856,0.4217473447648598,0.15926310456364035,2,True,False,False,False,False
spatialLIBD_manual_layers,within_donor_adjacent_replicates,DLPFCML_151673_151674,spatialLIBD_manual::Br8100,uot,0.25,1.0,tau_scan,R,I_EXPR,matched_finite_difference,post-review sensitivity analysis; manual cortical-layer extension,0.9938573074921367,0.9166666666666667,0.003391786373734984,0.029583066727022888,0.11622650553119677,0.10718881592339721,0.060340217432610393,2,True,True,True,True,True
spatialLIBD_manual_layers,within_donor_adjacent_replicates,DLPFCML_151673_151674,spatialLIBD_manual::Br8100,uot,0.25,1.0,tau_scan,R,I_EXPR,registered_finite_difference_fixed_score,post-review sensitivity analysis; manual cortical-layer extension,0.9938573074921367,0.9166666666666667,0.003391786373734984,0.029583066727022888,0.11622650553119677,0.10718881592339721,0.060340217432610393,2,True,True,True,True,True
spatialLIBD_manual_layers,within_donor_adjacent_replicates,DLPFCML_151673_151674,spatialLIBD_manual::Br8100,uot,0.25,1.0,tau_scan,R,I_SPATIAL,matched_finite_difference,post-review sensitivity analysis; manual cortical-layer extension,0.44901447511754455,0.4033333333333333,0.17506627226895233,0.06889239211801754,2.5425273358551257,0.44373828584057573,0.14262567703274376,2,True,False,False,False,False
spatialLIBD_manual_layers,within_donor_adjacent_replicates,DLPFCML_151673_151674,spatialLIBD_manual::Br8100,uot,0.25,1.0,tau_scan,R,I_SPATIAL,registered_finite_difference_fixed_score,post-review sensitivity analysis; manual cortical-layer extension,0.44901447511754455,0.4033333333333333,0.17506627226895233,0.06889239211801754,2.5425273358551257,0.44373828584057573,0.14262567703274376,2,True,False,False,False,False
spatialLIBD_manual_layers,within_donor_adjacent_replicates,DLPFCML_151673_151674,spatialLIBD_manual::Br8100,uot,0.25,2.0,baseline,N,I_EXPR,matched_finite_difference,post-review sensitivity analysis; manual cortical-layer extension,0.8605612589161151,0.5966666666666667,0.06476136758490057,0.015920856152531457,4.068874438340967,0.20265336675697532,0.03224242900137833,2,True,True,False,False,False
spatialLIBD_manual_layers,within_donor_adjacent_replicates,DLPFCML_151673_151674,spatialLIBD_manual::Br8100,uot,0.25,2.0,baseline,N,I_EXPR,registered_finite_difference_fixed_score,post-review sensitivity analysis; manual cortical-layer extension,0.2596931945303087,0.38,0.1256897087960735,0.015920856152531457,7.897203274127046,0.20265336675697532,0.03224242900137833,2,True,False,False,False,False
spatialLIBD_manual_layers,within_donor_adjacent_replicates,DLPFCML_151673_151674,spatialLIBD_manual::Br8100,uot,0.25,2.0,baseline,N,I_SPATIAL,matched_finite_difference,post-review sensitivity analysis; manual cortical-layer extension,0.6723686703860758,0.5733333333333334,0.15313041439745823,0.08423977573245364,1.818725059427356,0.41882572358693904,0.16940529817515218,2,True,False,False,False,False
spatialLIBD_manual_layers,within_donor_adjacent_replicates,DLPFCML_151673_151674,spatialLIBD_manual::Br8100,uot,0.25,2.0,baseline,N,I_SPATIAL,registered_finite_difference_fixed_score,post-review sensitivity analysis; manual cortical-layer extension,0.6207530438902418,0.41000000000000003,0.15609631223133402,0.08423977573245364,1.8539550195822236,0.41882572358693904,0.16940529817515218,2,True,False,False,False,False
spatialLIBD_manual_layers,within_donor_adjacent_replicates,DLPFCML_151673_151674,spatialLIBD_manual::Br8100,uot,0.25,2.0,baseline,R,I_EXPR,matched_finite_difference,post-review sensitivity analysis; manual cortical-layer extension,0.992058188470306,0.8366666666666667,0.003938554424291985,0.018797089734451898,0.2109503145340041,0.07215017643386193,0.039205237181897126,2,True,True,True,True,True
spatialLIBD_manual_layers,within_donor_adjacent_replicates,DLPFCML_151673_151674,spatialLIBD_manual::Br8100,uot,0.25,2.0,baseline,R,I_EXPR,registered_finite_difference_fixed_score,post-review sensitivity analysis; manual cortical-layer extension,0.992058188470306,0.8366666666666667,0.003938554424291985,0.018797089734451898,0.2109503145340041,0.07215017643386193,0.039205237181897126,2,True,True,True,True,True
spatialLIBD_manual_layers,within_donor_adjacent_replicates,DLPFCML_151673_151674,spatialLIBD_manual::Br8100,uot,0.25,2.0,baseline,R,I_SPATIAL,matched_finite_difference,post-review sensitivity analysis; manual cortical-layer extension,0.4120660604738047,0.36,0.17686803832174414,0.069311417851071,2.553543755337958,0.4491869378392467,0.14320382214420382,2,True,False,False,False,False
spatialLIBD_manual_layers,within_donor_adjacent_replicates,DLPFCML_151673_151674,spatialLIBD_manual::Br8100,uot,0.25,2.0,baseline,R,I_SPATIAL,registered_finite_difference_fixed_score,post-review sensitivity analysis; manual cortical-layer extension,0.4120660604738047,0.36,0.17686803832174414,0.069311417851071,2.553543755337958,0.4491869378392467,0.14320382214420382,2,True,False,False,False,False
spatialLIBD_manual_layers,within_donor_adjacent_replicates,DLPFCML_151673_151674,spatialLIBD_manual::Br8100,uot,0.25,5.0,tau_scan,N,I_EXPR,matched_finite_difference,post-review sensitivity analysis; manual cortical-layer extension,0.8212820592364708,0.47,0.06604703542823684,0.013947335842702871,4.740875060630923,0.19480629138226796,0.02787816685069018,2,True,True,False,False,False
spatialLIBD_manual_layers,within_donor_adjacent_replicates,DLPFCML_151673_151674,spatialLIBD_manual::Br8100,uot,0.25,5.0,tau_scan,N,I_EXPR,registered_finite_difference_fixed_score,post-review sensitivity analysis; manual cortical-layer extension,-0.06106586002927113,0.11333333333333334,0.1308890411618185,0.013947335842702871,9.395488552608931,0.19480629138226796,0.02787816685069018,2,True,False,False,False,False
spatialLIBD_manual_layers,within_donor_adjacent_replicates,DLPFCML_151673_151674,spatialLIBD_manual::Br8100,uot,0.25,5.0,tau_scan,N,I_SPATIAL,matched_finite_difference,post-review sensitivity analysis; manual cortical-layer extension,0.6332846032376015,0.45999999999999996,0.15776197522542612,0.08552961692203825,1.8450774243277184,0.41830262525250184,0.173033767173633,2,True,False,False,False,False
spatialLIBD_manual_layers,within_donor_adjacent_replicates,DLPFCML_151673_151674,spatialLIBD_manual::Br8100,uot,0.25,5.0,tau_scan,N,I_SPATIAL,registered_finite_difference_fixed_score,post-review sensitivity analysis; manual cortical-layer extension,0.5997241652107401,0.37,0.15086855372611463,0.08552961692203825,1.7644570060404516,0.41830262525250184,0.173033767173633,2,True,False,False,False,False
spatialLIBD_manual_layers,within_donor_adjacent_replicates,DLPFCML_151673_151674,spatialLIBD_manual::Br8100,uot,0.25,5.0,tau_scan,R,I_EXPR,matched_finite_difference,post-review sensitivity analysis; manual cortical-layer extension,0.9933599757155449,0.8400000000000001,0.0041094262834546706,0.01574797085477303,0.26135653804818515,0.056474239361535984,0.033573856350482476,2,True,True,True,True,True
spatialLIBD_manual_layers,within_donor_adjacent_replicates,DLPFCML_151673_151674,spatialLIBD_manual::Br8100,uot,0.25,5.0,tau_scan,R,I_EXPR,registered_finite_difference_fixed_score,post-review sensitivity analysis; manual cortical-layer extension,0.9933599757155449,0.8400000000000001,0.0041094262834546706,0.01574797085477303,0.26135653804818515,0.056474239361535984,0.033573856350482476,2,True,True,True,True,True
spatialLIBD_manual_layers,within_donor_adjacent_replicates,DLPFCML_151673_151674,spatialLIBD_manual::Br8100,uot,0.25,5.0,tau_scan,R,I_SPATIAL,matched_finite_difference,post-review sensitivity analysis; manual cortical-layer extension,0.3820259902337735,0.33666666666666667,0.17830704922936935,0.07010826340495134,2.545235065110453,0.45310583674360505,0.14435418841005931,2,True,False,False,False,False
spatialLIBD_manual_layers,within_donor_adjacent_replicates,DLPFCML_151673_151674,spatialLIBD_manual::Br8100,uot,0.25,5.0,tau_scan,R,I_SPATIAL,registered_finite_difference_fixed_score,post-review sensitivity analysis; manual cortical-layer extension,0.3820259902337735,0.33666666666666667,0.17830704922936935,0.07010826340495134,2.545235065110453,0.45310583674360505,0.14435418841005931,2,True,False,False,False,False
spatialLIBD_manual_layers,within_donor_adjacent_replicates,DLPFCML_151673_151674,spatialLIBD_manual::Br8100,uot,0.5,1.0,interaction_corner,N,I_EXPR,matched_finite_difference,post-review sensitivity analysis; manual cortical-layer extension,0.9416146513842896,0.8833333333333333,0.04317616609935587,0.018708269991206554,2.3100266875887296,0.18110746995207602,0.03856135398122479,2,True,True,True,False,False
spatialLIBD_manual_layers,within_donor_adjacent_replicates,DLPFCML_151673_151674,spatialLIBD_manual::Br8100,uot,0.5,1.0,interaction_corner,N,I_EXPR,registered_finite_difference_fixed_score,post-review sensitivity analysis; manual cortical-layer extension,0.4722763485672661,0.63,0.08782173165129695,0.018708269991206554,4.69767755105654,0.18110746995207602,0.03856135398122479,2,True,False,True,False,False
spatialLIBD_manual_layers,within_donor_adjacent_replicates,DLPFCML_151673_151674,spatialLIBD_manual::Br8100,uot,0.5,1.0,interaction_corner,N,I_SPATIAL,matched_finite_difference,post-review sensitivity analysis; manual cortical-layer extension,0.9448035292460131,0.73,0.0578402429062145,0.05763476923034728,1.0043680906672365,0.29244848392959716,0.11728526177715545,2,True,True,True,False,False
spatialLIBD_manual_layers,within_donor_adjacent_replicates,DLPFCML_151673_151674,spatialLIBD_manual::Br8100,uot,0.5,1.0,interaction_corner,N,I_SPATIAL,registered_finite_difference_fixed_score,post-review sensitivity analysis; manual cortical-layer extension,0.9417246158776071,0.6466666666666667,0.06960701369591163,0.05763476923034728,1.2087184759701644,0.29244848392959716,0.11728526177715545,2,True,True,True,False,False
spatialLIBD_manual_layers,within_donor_adjacent_replicates,DLPFCML_151673_151674,spatialLIBD_manual::Br8100,uot,0.5,1.0,interaction_corner,R,I_EXPR,matched_finite_difference,post-review sensitivity analysis; manual cortical-layer extension,0.999028237790328,0.9733333333333334,0.0013822468021845123,0.026505878441937938,0.05342875156288632,0.09252163610028077,0.054020623027087517,2,True,True,True,True,True
spatialLIBD_manual_layers,within_donor_adjacent_replicates,DLPFCML_151673_151674,spatialLIBD_manual::Br8100,uot,0.5,1.0,interaction_corner,R,I_EXPR,registered_finite_difference_fixed_score,post-review sensitivity analysis; manual cortical-layer extension,0.999028237790328,0.9733333333333334,0.0013822468021845123,0.026505878441937938,0.05342875156288632,0.09252163610028077,0.054020623027087517,2,True,True,True,True,True
spatialLIBD_manual_layers,within_donor_adjacent_replicates,DLPFCML_151673_151674,spatialLIBD_manual::Br8100,uot,0.5,1.0,interaction_corner,R,I_SPATIAL,matched_finite_difference,post-review sensitivity analysis; manual cortical-layer extension,0.9516891465285098,0.6633333333333333,0.07307115139529435,0.06209371332718372,1.1772601398124483,0.29730970774541354,0.1274798014822585,2,True,True,True,False,False
spatialLIBD_manual_layers,within_donor_adjacent_replicates,DLPFCML_151673_151674,spatialLIBD_manual::Br8100,uot,0.5,1.0,interaction_corner,R,I_SPATIAL,registered_finite_difference_fixed_score,post-review sensitivity analysis; manual cortical-layer extension,0.9516891465285098,0.6633333333333333,0.07307115139529435,0.06209371332718372,1.1772601398124483,0.29730970774541354,0.1274798014822585,2,True,True,True,False,False
spatialLIBD_manual_layers,within_donor_adjacent_replicates,DLPFCML_151673_151674,spatialLIBD_manual::Br8100,uot,0.5,2.0,epsilon_scan,N,I_EXPR,matched_finite_difference,post-review sensitivity analysis; manual cortical-layer extension,0.9506079780479904,0.8766666666666667,0.046517277055569545,0.01932464184880863,2.4075483101707933,0.1739146884166609,0.03871097828743203,2,True,True,True,False,False
spatialLIBD_manual_layers,within_donor_adjacent_replicates,DLPFCML_151673_151674,spatialLIBD_manual::Br8100,uot,0.5,2.0,epsilon_scan,N,I_EXPR,registered_finite_difference_fixed_score,post-review sensitivity analysis; manual cortical-layer extension,0.1056614531828681,0.36,0.1155678171952641,0.01932464184880863,5.981170791036973,0.1739146884166609,0.03871097828743203,2,True,False,False,False,False
spatialLIBD_manual_layers,within_donor_adjacent_replicates,DLPFCML_151673_151674,spatialLIBD_manual::Br8100,uot,0.5,2.0,epsilon_scan,N,I_SPATIAL,matched_finite_difference,post-review sensitivity analysis; manual cortical-layer extension,0.9383980366213498,0.7,0.06265747856809248,0.059665743464939365,1.0515205006879749,0.29090456992806446,0.12124187622924552,2,True,True,True,False,False
spatialLIBD_manual_layers,within_donor_adjacent_replicates,DLPFCML_151673_151674,spatialLIBD_manual::Br8100,uot,0.5,2.0,epsilon_scan,N,I_SPATIAL,registered_finite_difference_fixed_score,post-review sensitivity analysis; manual cortical-layer extension,0.9478973706210537,0.6866666666666666,0.06346133253923597,0.059665743464939365,1.065043415225663,0.29090456992806446,0.12124187622924552,2,True,True,True,False,False
spatialLIBD_manual_layers,within_donor_adjacent_replicates,DLPFCML_151673_151674,spatialLIBD_manual::Br8100,uot,0.5,2.0,epsilon_scan,R,I_EXPR,matched_finite_difference,post-review sensitivity analysis; manual cortical-layer extension,0.9981106409380628,0.9099999999999999,0.0013654707856183925,0.01409151814727528,0.09829999763161759,0.055216475066225804,0.03205679628352301,2,True,True,True,True,True
spatialLIBD_manual_layers,within_donor_adjacent_replicates,DLPFCML_151673_151674,spatialLIBD_manual::Br8100,uot,0.5,2.0,epsilon_scan,R,I_EXPR,registered_finite_difference_fixed_score,post-review sensitivity analysis; manual cortical-layer extension,0.9981106409380628,0.9099999999999999,0.0013654707856183925,0.01409151814727528,0.09829999763161759,0.055216475066225804,0.03205679628352301,2,True,True,True,True,True
spatialLIBD_manual_layers,within_donor_adjacent_replicates,DLPFCML_151673_151674,spatialLIBD_manual::Br8100,uot,0.5,2.0,epsilon_scan,R,I_SPATIAL,matched_finite_difference,post-review sensitivity analysis; manual cortical-layer extension,0.9433916886185284,0.63,0.07241160596156723,0.06309846583660128,1.1479780811956548,0.30123082705604887,0.1296783725807975,2,True,True,True,False,False
spatialLIBD_manual_layers,within_donor_adjacent_replicates,DLPFCML_151673_151674,spatialLIBD_manual::Br8100,uot,0.5,2.0,epsilon_scan,R,I_SPATIAL,registered_finite_difference_fixed_score,post-review sensitivity analysis; manual cortical-layer extension,0.9433916886185284,0.63,0.07241160596156723,0.06309846583660128,1.1479780811956548,0.30123082705604887,0.1296783725807975,2,True,True,True,False,False
spatialLIBD_manual_layers,within_donor_adjacent_replicates,DLPFCML_151673_151674,spatialLIBD_manual::Br8100,uot,0.5,5.0,interaction_corner,N,I_EXPR,matched_finite_difference,post-review sensitivity analysis; manual cortical-layer extension,0.9501827369701055,0.83,0.04858432390696578,0.019475117270686806,2.4953220289179656,0.1701426708995038,0.03892364355791207,2,True,True,True,False,False
spatialLIBD_manual_layers,within_donor_adjacent_replicates,DLPFCML_151673_151674,spatialLIBD_manual::Br8100,uot,0.5,5.0,interaction_corner,N,I_EXPR,registered_finite_difference_fixed_score,post-review sensitivity analysis; manual cortical-layer extension,-0.20915618362497052,0.03333333333333333,0.1295880888401807,0.019475117270686806,6.655759915374566,0.1701426708995038,0.03892364355791207,2,True,False,False,False,False
spatialLIBD_manual_layers,within_donor_adjacent_replicates,DLPFCML_151673_151674,spatialLIBD_manual::Br8100,uot,0.5,5.0,interaction_corner,N,I_SPATIAL,matched_finite_difference,post-review sensitivity analysis; manual cortical-layer extension,0.9276038842683931,0.7033333333333334,0.0661110932802833,0.06149337136127192,1.076818956574265,0.29042339489511193,0.12611360124531806,2,True,True,True,False,False
spatialLIBD_manual_layers,within_donor_adjacent_replicates,DLPFCML_151673_151674,spatialLIBD_manual::Br8100,uot,0.5,5.0,interaction_corner,N,I_SPATIAL,registered_finite_difference_fixed_score,post-review sensitivity analysis; manual cortical-layer extension,0.9487487861105717,0.7133333333333334,0.059556479888214706,0.06149337136127192,0.9700748995233891,0.29042339489511193,0.12611360124531806,2,True,True,True,False,False
spatialLIBD_manual_layers,within_donor_adjacent_replicates,DLPFCML_151673_151674,spatialLIBD_manual::Br8100,uot,0.5,5.0,interaction_corner,R,I_EXPR,matched_finite_difference,post-review sensitivity analysis; manual cortical-layer extension,0.9963435948193756,0.97,0.0013239747111523665,0.007081119772020583,0.18801272961497484,0.035191565012095694,0.0164414593085548,2,True,True,True,True,True
spatialLIBD_manual_layers,within_donor_adjacent_replicates,DLPFCML_151673_151674,spatialLIBD_manual::Br8100,uot,0.5,5.0,interaction_corner,R,I_EXPR,registered_finite_difference_fixed_score,post-review sensitivity analysis; manual cortical-layer extension,0.9963435948193756,0.97,0.0013239747111523665,0.007081119772020583,0.18801272961497484,0.035191565012095694,0.0164414593085548,2,True,True,True,True,True
spatialLIBD_manual_layers,within_donor_adjacent_replicates,DLPFCML_151673_151674,spatialLIBD_manual::Br8100,uot,0.5,5.0,interaction_corner,R,I_SPATIAL,matched_finite_difference,post-review sensitivity analysis; manual cortical-layer extension,0.9360821778143014,0.6066666666666667,0.07242813758081382,0.06513997468536434,1.1123197631973278,0.3053836845492461,0.13175640714767145,2,True,True,True,False,False
spatialLIBD_manual_layers,within_donor_adjacent_replicates,DLPFCML_151673_151674,spatialLIBD_manual::Br8100,uot,0.5,5.0,interaction_corner,R,I_SPATIAL,registered_finite_difference_fixed_score,post-review sensitivity analysis; manual cortical-layer extension,0.9360821778143014,0.6066666666666667,0.07242813758081382,0.06513997468536434,1.1123197631973278,0.3053836845492461,0.13175640714767145,2,True,True,True,False,False
spatialLIBD_manual_layers,within_donor_adjacent_replicates,DLPFCML_151675_151676,spatialLIBD_manual::Br8100,balanced_ot,0.1,,epsilon_scan,N,I_EXPR,matched_finite_difference,post-review sensitivity analysis; manual cortical-layer extension,0.8981985467549098,0.65,0.07339092539203873,0.01923380561443052,3.8157457828335017,0.21926696282902958,0.03861278254911747,2,True,True,True,False,False
spatialLIBD_manual_layers,within_donor_adjacent_replicates,DLPFCML_151675_151676,spatialLIBD_manual::Br8100,balanced_ot,0.1,,epsilon_scan,N,I_EXPR,registered_finite_difference_fixed_score,post-review sensitivity analysis; manual cortical-layer extension,0.34693790530573576,0.4833333333333334,0.11198446776163612,0.01923380561443052,5.82230255367042,0.21926696282902958,0.03861278254911747,2,True,False,False,False,False
spatialLIBD_manual_layers,within_donor_adjacent_replicates,DLPFCML_151675_151676,spatialLIBD_manual::Br8100,balanced_ot,0.1,,epsilon_scan,N,I_SPATIAL,matched_finite_difference,post-review sensitivity analysis; manual cortical-layer extension,0.03358107803603469,0.08333333333333334,0.2749706839277528,0.07623793385101305,3.608907473581496,0.5808123802662397,0.15203014377434126,2,True,False,False,False,False
spatialLIBD_manual_layers,within_donor_adjacent_replicates,DLPFCML_151675_151676,spatialLIBD_manual::Br8100,balanced_ot,0.1,,epsilon_scan,N,I_SPATIAL,registered_finite_difference_fixed_score,post-review sensitivity analysis; manual cortical-layer extension,-0.009575284255681892,0.043333333333333335,0.27390140510268335,0.07623793385101305,3.594842209098504,0.5808123802662397,0.15203014377434126,2,True,False,False,False,False
spatialLIBD_manual_layers,within_donor_adjacent_replicates,DLPFCML_151675_151676,spatialLIBD_manual::Br8100,balanced_ot,0.1,,epsilon_scan,R,I_EXPR,matched_finite_difference,post-review sensitivity analysis; manual cortical-layer extension,0.986426361967272,0.8366666666666667,0.00665163986561019,0.02646100885041271,0.2514730201722437,0.1068793245665649,0.05290367473807592,2,True,True,True,True,True
spatialLIBD_manual_layers,within_donor_adjacent_replicates,DLPFCML_151675_151676,spatialLIBD_manual::Br8100,balanced_ot,0.1,,epsilon_scan,R,I_EXPR,registered_finite_difference_fixed_score,post-review sensitivity analysis; manual cortical-layer extension,0.986426361967272,0.8366666666666667,0.00665163986561019,0.02646100885041271,0.2514730201722437,0.1068793245665649,0.05290367473807592,2,True,True,True,True,True
spatialLIBD_manual_layers,within_donor_adjacent_replicates,DLPFCML_151675_151676,spatialLIBD_manual::Br8100,balanced_ot,0.1,,epsilon_scan,R,I_SPATIAL,matched_finite_difference,post-review sensitivity analysis; manual cortical-layer extension,-0.10633618592719375,0.03333333333333333,0.31277782965929785,0.07211283742100635,4.337996500369519,0.6109822487922099,0.14299408394111945,2,True,False,False,False,False
spatialLIBD_manual_layers,within_donor_adjacent_replicates,DLPFCML_151675_151676,spatialLIBD_manual::Br8100,balanced_ot,0.1,,epsilon_scan,R,I_SPATIAL,registered_finite_difference_fixed_score,post-review sensitivity analysis; manual cortical-layer extension,-0.10633618592719375,0.03333333333333333,0.31277782965929785,0.07211283742100635,4.337996500369519,0.6109822487922099,0.14299408394111945,2,True,False,False,False,False
spatialLIBD_manual_layers,within_donor_adjacent_replicates,DLPFCML_151675_151676,spatialLIBD_manual::Br8100,balanced_ot,0.25,,baseline,N,I_EXPR,matched_finite_difference,post-review sensitivity analysis; manual cortical-layer extension,0.7417783421237077,0.47,0.06847721140731783,0.012893849463192171,5.318143242158449,0.19329152408740036,0.026049111664122465,2,True,True,False,False,False
spatialLIBD_manual_layers,within_donor_adjacent_replicates,DLPFCML_151675_151676,spatialLIBD_manual::Br8100,balanced_ot,0.25,,baseline,N,I_EXPR,registered_finite_difference_fixed_score,post-review sensitivity analysis; manual cortical-layer extension,-0.13939308417470408,0.12666666666666668,0.1355806336276194,0.012893849463192171,10.529707156014954,0.19329152408740036,0.026049111664122465,2,True,False,False,False,False
spatialLIBD_manual_layers,within_donor_adjacent_replicates,DLPFCML_151675_151676,spatialLIBD_manual::Br8100,balanced_ot,0.25,,baseline,N,I_SPATIAL,matched_finite_difference,post-review sensitivity analysis; manual cortical-layer extension,0.582770452786868,0.51,0.16513195876238507,0.08029197605460554,2.05670162203322,0.4262038800351028,0.15876100559002795,2,True,False,False,False,False
spatialLIBD_manual_layers,within_donor_adjacent_replicates,DLPFCML_151675_151676,spatialLIBD_manual::Br8100,balanced_ot,0.25,,baseline,N,I_SPATIAL,registered_finite_difference_fixed_score,post-review sensitivity analysis; manual cortical-layer extension,0.5718208870315054,0.4666666666666667,0.1537873660527891,0.08029197605460554,1.9154129534007027,0.4262038800351028,0.15876100559002795,2,True,False,False,False,False
spatialLIBD_manual_layers,within_donor_adjacent_replicates,DLPFCML_151675_151676,spatialLIBD_manual::Br8100,balanced_ot,0.25,,baseline,R,I_EXPR,matched_finite_difference,post-review sensitivity analysis; manual cortical-layer extension,0.9960428942412864,0.8933333333333333,0.0024872611200218403,0.012936540720948339,0.19226726993276355,0.04901308557090397,0.028250928709464915,2,True,True,True,True,True
spatialLIBD_manual_layers,within_donor_adjacent_replicates,DLPFCML_151675_151676,spatialLIBD_manual::Br8100,balanced_ot,0.25,,baseline,R,I_EXPR,registered_finite_difference_fixed_score,post-review sensitivity analysis; manual cortical-layer extension,0.9960428942412864,0.8933333333333333,0.0024872611200218403,0.012936540720948339,0.19226726993276355,0.04901308557090397,0.028250928709464915,2,True,True,True,True,True
spatialLIBD_manual_layers,within_donor_adjacent_replicates,DLPFCML_151675_151676,spatialLIBD_manual::Br8100,balanced_ot,0.25,,baseline,R,I_SPATIAL,matched_finite_difference,post-review sensitivity analysis; manual cortical-layer extension,0.3459093964041762,0.44,0.18071252194141837,0.07147739576792458,2.5282444679169753,0.46355628647512814,0.1464387527727095,2,True,False,False,False,False
spatialLIBD_manual_layers,within_donor_adjacent_replicates,DLPFCML_151675_151676,spatialLIBD_manual::Br8100,balanced_ot,0.25,,baseline,R,I_SPATIAL,registered_finite_difference_fixed_score,post-review sensitivity analysis; manual cortical-layer extension,0.3459093964041762,0.44,0.18071252194141837,0.07147739576792458,2.5282444679169753,0.46355628647512814,0.1464387527727095,2,True,False,False,False,False
spatialLIBD_manual_layers,within_donor_adjacent_replicates,DLPFCML_151675_151676,spatialLIBD_manual::Br8100,balanced_ot,0.5,,epsilon_scan,N,I_EXPR,matched_finite_difference,post-review sensitivity analysis; manual cortical-layer extension,0.9480063200028088,0.8966666666666667,0.05129092636558985,0.018883108473038437,2.7162346183510717,0.16900534261765532,0.037692130567967164,2,True,True,True,False,False
spatialLIBD_manual_layers,within_donor_adjacent_replicates,DLPFCML_151675_151676,spatialLIBD_manual::Br8100,balanced_ot,0.5,,epsilon_scan,N,I_EXPR,registered_finite_difference_fixed_score,post-review sensitivity analysis; manual cortical-layer extension,-0.32242426241078337,0.0,0.13811320757009315,0.018883108473038437,7.31412584562578,0.16900534261765532,0.037692130567967164,2,True,False,False,False,False
spatialLIBD_manual_layers,within_donor_adjacent_replicates,DLPFCML_151675_151676,spatialLIBD_manual::Br8100,balanced_ot,0.5,,epsilon_scan,N,I_SPATIAL,matched_finite_difference,post-review sensitivity analysis; manual cortical-layer extension,0.9415845695931422,0.77,0.06795634952655116,0.06253604168927321,1.087221792703237,0.29675025974165214,0.12797534552089185,2,True,True,True,False,False
spatialLIBD_manual_layers,within_donor_adjacent_replicates,DLPFCML_151675_151676,spatialLIBD_manual::Br8100,balanced_ot,0.5,,epsilon_scan,N,I_SPATIAL,registered_finite_difference_fixed_score,post-review sensitivity analysis; manual cortical-layer extension,0.9683200196977866,0.8200000000000001,0.05801914911177872,0.06253604168927321,0.9282634930084469,0.29675025974165214,0.12797534552089185,2,True,True,True,False,False
spatialLIBD_manual_layers,within_donor_adjacent_replicates,DLPFCML_151675_151676,spatialLIBD_manual::Br8100,balanced_ot,0.5,,epsilon_scan,R,I_EXPR,matched_finite_difference,post-review sensitivity analysis; manual cortical-layer extension,0.9980980187102306,0.99,0.0006907115387189125,0.005616517210470507,0.12328149014925677,0.02687931209589795,0.012824972191224658,2,True,True,True,True,True
spatialLIBD_manual_layers,within_donor_adjacent_replicates,DLPFCML_151675_151676,spatialLIBD_manual::Br8100,balanced_ot,0.5,,epsilon_scan,R,I_EXPR,registered_finite_difference_fixed_score,post-review sensitivity analysis; manual cortical-layer extension,0.9980980187102306,0.99,0.0006907115387189125,0.005616517210470507,0.12328149014925677,0.02687931209589795,0.012824972191224658,2,True,True,True,True,True
spatialLIBD_manual_layers,within_donor_adjacent_replicates,DLPFCML_151675_151676,spatialLIBD_manual::Br8100,balanced_ot,0.5,,epsilon_scan,R,I_SPATIAL,matched_finite_difference,post-review sensitivity analysis; manual cortical-layer extension,0.9606382082836482,0.7033333333333334,0.07036639595540146,0.06554730009738687,1.074309131846518,0.3104110069007896,0.1325982581538267,2,True,True,True,False,False
spatialLIBD_manual_layers,within_donor_adjacent_replicates,DLPFCML_151675_151676,spatialLIBD_manual::Br8100,balanced_ot,0.5,,epsilon_scan,R,I_SPATIAL,registered_finite_difference_fixed_score,post-review sensitivity analysis; manual cortical-layer extension,0.9606382082836482,0.7033333333333334,0.07036639595540146,0.06554730009738687,1.074309131846518,0.3104110069007896,0.1325982581538267,2,True,True,True,False,False
spatialLIBD_manual_layers,within_donor_adjacent_replicates,DLPFCML_151675_151676,spatialLIBD_manual::Br8100,row_softmax,0.1,,epsilon_scan,N,I_EXPR,matched_finite_difference,post-review sensitivity analysis; manual cortical-layer extension,0.95302034000904,0.7233333333333334,0.04626180581550585,0.04985115824534764,0.9398468558076307,0.3327406294516059,0.10337825519884059,2,True,True,True,False,False
spatialLIBD_manual_layers,within_donor_adjacent_replicates,DLPFCML_151675_151676,spatialLIBD_manual::Br8100,row_softmax,0.1,,epsilon_scan,N,I_EXPR,registered_finite_difference_fixed_score,post-review sensitivity analysis; manual cortical-layer extension,0.8002870010164449,0.4733333333333334,0.10029300003575961,0.04985115824534764,2.02785942184906,0.3327406294516059,0.10337825519884059,2,True,True,False,False,False
spatialLIBD_manual_layers,within_donor_adjacent_replicates,DLPFCML_151675_151676,spatialLIBD_manual::Br8100,row_softmax,0.1,,epsilon_scan,N,I_SPATIAL,matched_finite_difference,post-review sensitivity analysis; manual cortical-layer extension,0.684882450169978,0.44666666666666666,0.24986723112718168,0.13486507152305383,1.8600015710257427,0.6183434061460844,0.2705972077875294,2,True,False,False,False,False
spatialLIBD_manual_layers,within_donor_adjacent_replicates,DLPFCML_151675_151676,spatialLIBD_manual::Br8100,row_softmax,0.1,,epsilon_scan,N,I_SPATIAL,registered_finite_difference_fixed_score,post-review sensitivity analysis; manual cortical-layer extension,0.6365607611381161,0.37,0.31985637183572646,0.13486507152305383,2.376532312214853,0.6183434061460844,0.2705972077875294,2,True,False,False,False,False
spatialLIBD_manual_layers,within_donor_adjacent_replicates,DLPFCML_151675_151676,spatialLIBD_manual::Br8100,row_softmax,0.1,,epsilon_scan,R,I_EXPR,matched_finite_difference,post-review sensitivity analysis; manual cortical-layer extension,0.9240177760079005,0.6933333333333334,0.04621256447557989,0.03384847600499451,1.3622742311652325,0.27682739098716086,0.06847867668747684,2,True,True,True,False,False
spatialLIBD_manual_layers,within_donor_adjacent_replicates,DLPFCML_151675_151676,spatialLIBD_manual::Br8100,row_softmax,0.1,,epsilon_scan,R,I_EXPR,registered_finite_difference_fixed_score,post-review sensitivity analysis; manual cortical-layer extension,0.9240177760079005,0.6933333333333334,0.04621256447557989,0.03384847600499451,1.3622742311652325,0.27682739098716086,0.06847867668747684,2,True,True,True,False,False
spatialLIBD_manual_layers,within_donor_adjacent_replicates,DLPFCML_151675_151676,spatialLIBD_manual::Br8100,row_softmax,0.1,,epsilon_scan,R,I_SPATIAL,matched_finite_difference,post-review sensitivity analysis; manual cortical-layer extension,0.408354199268533,0.3866666666666667,0.3182644073189962,0.08369413709255269,3.824528657953062,0.6148868026790498,0.17075059969872547,2,True,False,False,False,False
spatialLIBD_manual_layers,within_donor_adjacent_replicates,DLPFCML_151675_151676,spatialLIBD_manual::Br8100,row_softmax,0.1,,epsilon_scan,R,I_SPATIAL,registered_finite_difference_fixed_score,post-review sensitivity analysis; manual cortical-layer extension,0.408354199268533,0.3866666666666667,0.3182644073189962,0.08369413709255269,3.824528657953062,0.6148868026790498,0.17075059969872547,2,True,False,False,False,False
spatialLIBD_manual_layers,within_donor_adjacent_replicates,DLPFCML_151675_151676,spatialLIBD_manual::Br8100,row_softmax,0.25,,baseline,N,I_EXPR,matched_finite_difference,post-review sensitivity analysis; manual cortical-layer extension,0.88808215470318,0.73,0.06308035884640083,0.026339197239654194,2.4208631075236626,0.23096480305261358,0.05725980111570002,2,True,True,True,False,False
spatialLIBD_manual_layers,within_donor_adjacent_replicates,DLPFCML_151675_151676,spatialLIBD_manual::Br8100,row_softmax,0.25,,baseline,N,I_EXPR,registered_finite_difference_fixed_score,post-review sensitivity analysis; manual cortical-layer extension,0.4790183835637261,0.32,0.09812674919342321,0.026339197239654194,3.7750059978861357,0.23096480305261358,0.05725980111570002,2,True,False,False,False,False
spatialLIBD_manual_layers,within_donor_adjacent_replicates,DLPFCML_151675_151676,spatialLIBD_manual::Br8100,row_softmax,0.25,,baseline,N,I_SPATIAL,matched_finite_difference,post-review sensitivity analysis; manual cortical-layer extension,0.7631117773830122,0.6499999999999999,0.15612506566184742,0.08567829171938966,1.8383197249489653,0.44271869897218286,0.1715775823418449,2,True,True,True,False,False
spatialLIBD_manual_layers,within_donor_adjacent_replicates,DLPFCML_151675_151676,spatialLIBD_manual::Br8100,row_softmax,0.25,,baseline,N,I_SPATIAL,registered_finite_difference_fixed_score,post-review sensitivity analysis; manual cortical-layer extension,0.9446091753818557,0.8400000000000001,0.16960235661950612,0.08567829171938966,1.9921616889225913,0.44271869897218286,0.1715775823418449,2,True,True,True,False,False
spatialLIBD_manual_layers,within_donor_adjacent_replicates,DLPFCML_151675_151676,spatialLIBD_manual::Br8100,row_softmax,0.25,,baseline,R,I_EXPR,matched_finite_difference,post-review sensitivity analysis; manual cortical-layer extension,0.9622863387939284,0.7733333333333334,0.01591181496307338,0.015579796640045343,1.0203296535379787,0.1421075190471088,0.03132338437217377,2,True,True,True,False,False
spatialLIBD_manual_layers,within_donor_adjacent_replicates,DLPFCML_151675_151676,spatialLIBD_manual::Br8100,row_softmax,0.25,,baseline,R,I_EXPR,registered_finite_difference_fixed_score,post-review sensitivity analysis; manual cortical-layer extension,0.9622863387939284,0.7733333333333334,0.01591181496307338,0.015579796640045343,1.0203296535379787,0.1421075190471088,0.03132338437217377,2,True,True,True,False,False
spatialLIBD_manual_layers,within_donor_adjacent_replicates,DLPFCML_151675_151676,spatialLIBD_manual::Br8100,row_softmax,0.25,,baseline,R,I_SPATIAL,matched_finite_difference,post-review sensitivity analysis; manual cortical-layer extension,0.8095736842549708,0.6233333333333333,0.1736183339430611,0.07092949596982481,2.4519489966460006,0.4552963271131615,0.14427172763377383,2,True,True,True,False,False
spatialLIBD_manual_layers,within_donor_adjacent_replicates,DLPFCML_151675_151676,spatialLIBD_manual::Br8100,row_softmax,0.25,,baseline,R,I_SPATIAL,registered_finite_difference_fixed_score,post-review sensitivity analysis; manual cortical-layer extension,0.8095736842549708,0.6233333333333333,0.1736183339430611,0.07092949596982481,2.4519489966460006,0.4552963271131615,0.14427172763377383,2,True,True,True,False,False
spatialLIBD_manual_layers,within_donor_adjacent_replicates,DLPFCML_151675_151676,spatialLIBD_manual::Br8100,row_softmax,0.5,,epsilon_scan,N,I_EXPR,matched_finite_difference,post-review sensitivity analysis; manual cortical-layer extension,0.953535021126676,0.8366666666666667,0.047279238260751366,0.02085970040734502,2.2822733314872936,0.1785632910886456,0.04179479561596644,2,True,True,True,False,False
spatialLIBD_manual_layers,within_donor_adjacent_replicates,DLPFCML_151675_151676,spatialLIBD_manual::Br8100,row_softmax,0.5,,epsilon_scan,N,I_EXPR,registered_finite_difference_fixed_score,post-review sensitivity analysis; manual cortical-layer extension,-0.10707677647856732,0.14,0.1046405453027936,0.02085970040734502,5.061916420176618,0.1785632910886456,0.04179479561596644,2,True,False,False,False,False
spatialLIBD_manual_layers,within_donor_adjacent_replicates,DLPFCML_151675_151676,spatialLIBD_manual::Br8100,row_softmax,0.5,,epsilon_scan,N,I_SPATIAL,matched_finite_difference,post-review sensitivity analysis; manual cortical-layer extension,0.9656398442843753,0.7733333333333333,0.06727814804946272,0.060577126096431615,1.1136478188277046,0.29863013386797244,0.12218409499060282,2,True,True,True,False,False
spatialLIBD_manual_layers,within_donor_adjacent_replicates,DLPFCML_151675_151676,spatialLIBD_manual::Br8100,row_softmax,0.5,,epsilon_scan,N,I_SPATIAL,registered_finite_difference_fixed_score,post-review sensitivity analysis; manual cortical-layer extension,0.9575548682466082,0.7933333333333333,0.06872111293281205,0.060577126096431615,1.1359316500918104,0.29863013386797244,0.12218409499060282,2,True,True,True,False,False
spatialLIBD_manual_layers,within_donor_adjacent_replicates,DLPFCML_151675_151676,spatialLIBD_manual::Br8100,row_softmax,0.5,,epsilon_scan,R,I_EXPR,matched_finite_difference,post-review sensitivity analysis; manual cortical-layer extension,0.9885091077818258,0.85,0.0052555685967715276,0.0092336732484662,0.5680139799438568,0.08334028116329918,0.018933284975613918,2,True,True,True,True,True
spatialLIBD_manual_layers,within_donor_adjacent_replicates,DLPFCML_151675_151676,spatialLIBD_manual::Br8100,row_softmax,0.5,,epsilon_scan,R,I_EXPR,registered_finite_difference_fixed_score,post-review sensitivity analysis; manual cortical-layer extension,0.9885091077818258,0.85,0.0052555685967715276,0.0092336732484662,0.5680139799438568,0.08334028116329918,0.018933284975613918,2,True,True,True,True,True
spatialLIBD_manual_layers,within_donor_adjacent_replicates,DLPFCML_151675_151676,spatialLIBD_manual::Br8100,row_softmax,0.5,,epsilon_scan,R,I_SPATIAL,matched_finite_difference,post-review sensitivity analysis; manual cortical-layer extension,0.9851406191736086,0.8566666666666667,0.07163681021516713,0.05635103650860997,1.2712639304614741,0.3048811732539552,0.11445366336200449,2,True,True,True,False,False
spatialLIBD_manual_layers,within_donor_adjacent_replicates,DLPFCML_151675_151676,spatialLIBD_manual::Br8100,row_softmax,0.5,,epsilon_scan,R,I_SPATIAL,registered_finite_difference_fixed_score,post-review sensitivity analysis; manual cortical-layer extension,0.9851406191736086,0.8566666666666667,0.07163681021516713,0.05635103650860997,1.2712639304614741,0.3048811732539552,0.11445366336200449,2,True,True,True,False,False
spatialLIBD_manual_layers,within_donor_adjacent_replicates,DLPFCML_151675_151676,spatialLIBD_manual::Br8100,uot,0.1,1.0,interaction_corner,N,I_EXPR,matched_finite_difference,post-review sensitivity analysis; manual cortical-layer extension,0.9311810645249177,0.7033333333333334,0.07243162612271152,0.025214603300407396,2.873084327053558,0.2494901417518275,0.05087186390140991,2,True,True,True,False,False
spatialLIBD_manual_layers,within_donor_adjacent_replicates,DLPFCML_151675_151676,spatialLIBD_manual::Br8100,uot,0.1,1.0,interaction_corner,N,I_EXPR,registered_finite_difference_fixed_score,post-review sensitivity analysis; manual cortical-layer extension,0.6966257442781087,0.6933333333333334,0.11115535710403707,0.025214603300407396,4.409568085994486,0.2494901417518275,0.05087186390140991,2,True,False,True,False,False
spatialLIBD_manual_layers,within_donor_adjacent_replicates,DLPFCML_151675_151676,spatialLIBD_manual::Br8100,uot,0.1,1.0,interaction_corner,N,I_SPATIAL,matched_finite_difference,post-review sensitivity analysis; manual cortical-layer extension,0.22482507236669885,0.15,0.25837561793600367,0.07410176840220933,3.488577045912505,0.5936020589675401,0.14811329824683284,2,True,False,False,False,False
spatialLIBD_manual_layers,within_donor_adjacent_replicates,DLPFCML_151675_151676,spatialLIBD_manual::Br8100,uot,0.1,1.0,interaction_corner,N,I_SPATIAL,registered_finite_difference_fixed_score,post-review sensitivity analysis; manual cortical-layer extension,0.03062223227654768,0.03333333333333333,0.29311144102767117,0.07410176840220933,3.9576341627208254,0.5936020589675401,0.14811329824683284,2,True,False,False,False,False
spatialLIBD_manual_layers,within_donor_adjacent_replicates,DLPFCML_151675_151676,spatialLIBD_manual::Br8100,uot,0.1,1.0,interaction_corner,R,I_EXPR,matched_finite_difference,post-review sensitivity analysis; manual cortical-layer extension,0.9868735852771491,0.8733333333333333,0.005894507611562199,0.03260967971953793,0.18186564931363,0.1417969603963322,0.06539870573902955,2,True,True,True,True,True
spatialLIBD_manual_layers,within_donor_adjacent_replicates,DLPFCML_151675_151676,spatialLIBD_manual::Br8100,uot,0.1,1.0,interaction_corner,R,I_EXPR,registered_finite_difference_fixed_score,post-review sensitivity analysis; manual cortical-layer extension,0.9868735852771491,0.8733333333333333,0.005894507611562199,0.03260967971953793,0.18186564931363,0.1417969603963322,0.06539870573902955,2,True,True,True,True,True
spatialLIBD_manual_layers,within_donor_adjacent_replicates,DLPFCML_151675_151676,spatialLIBD_manual::Br8100,uot,0.1,1.0,interaction_corner,R,I_SPATIAL,matched_finite_difference,post-review sensitivity analysis; manual cortical-layer extension,-0.07904191068529365,0.03,0.31023626351049904,0.07211976790539296,4.3023914582308675,0.6027350323924914,0.14324683978478064,2,True,False,False,False,False
spatialLIBD_manual_layers,within_donor_adjacent_replicates,DLPFCML_151675_151676,spatialLIBD_manual::Br8100,uot,0.1,1.0,interaction_corner,R,I_SPATIAL,registered_finite_difference_fixed_score,post-review sensitivity analysis; manual cortical-layer extension,-0.07904191068529365,0.03,0.31023626351049904,0.07211976790539296,4.3023914582308675,0.6027350323924914,0.14324683978478064,2,True,False,False,False,False
spatialLIBD_manual_layers,within_donor_adjacent_replicates,DLPFCML_151675_151676,spatialLIBD_manual::Br8100,uot,0.1,2.0,epsilon_scan,N,I_EXPR,matched_finite_difference,post-review sensitivity analysis; manual cortical-layer extension,0.9151085987149329,0.6799999999999999,0.07363294948050758,0.02110899270772921,3.4883315789524456,0.23163817260713193,0.04193875909594302,2,True,True,True,False,False
spatialLIBD_manual_layers,within_donor_adjacent_replicates,DLPFCML_151675_151676,spatialLIBD_manual::Br8100,uot,0.1,2.0,epsilon_scan,N,I_EXPR,registered_finite_difference_fixed_score,post-review sensitivity analysis; manual cortical-layer extension,0.4957514594450931,0.54,0.11724606108496956,0.02110899270772921,5.5544179238817595,0.23163817260713193,0.04193875909594302,2,True,False,False,False,False
spatialLIBD_manual_layers,within_donor_adjacent_replicates,DLPFCML_151675_151676,spatialLIBD_manual::Br8100,uot,0.1,2.0,epsilon_scan,N,I_SPATIAL,matched_finite_difference,post-review sensitivity analysis; manual cortical-layer extension,0.11269192208529871,0.12333333333333332,0.2683729492463051,0.07450223241352658,3.605375283627941,0.5872607048021736,0.14930961184404284,2,True,False,False,False,False
spatialLIBD_manual_layers,within_donor_adjacent_replicates,DLPFCML_151675_151676,spatialLIBD_manual::Br8100,uot,0.1,2.0,epsilon_scan,N,I_SPATIAL,registered_finite_difference_fixed_score,post-review sensitivity analysis; manual cortical-layer extension,0.005749326999700889,0.04,0.2831089272664079,0.07450223241352658,3.8033422517372344,0.5872607048021736,0.14930961184404284,2,True,False,False,False,False
spatialLIBD_manual_layers,within_donor_adjacent_replicates,DLPFCML_151675_151676,spatialLIBD_manual::Br8100,uot,0.1,2.0,epsilon_scan,R,I_EXPR,matched_finite_difference,post-review sensitivity analysis; manual cortical-layer extension,0.9841292373907722,0.8533333333333333,0.006508228569937147,0.027083623509781413,0.24125464199695879,0.116896149722986,0.05396440663528265,2,True,True,True,True,True
spatialLIBD_manual_layers,within_donor_adjacent_replicates,DLPFCML_151675_151676,spatialLIBD_manual::Br8100,uot,0.1,2.0,epsilon_scan,R,I_EXPR,registered_finite_difference_fixed_score,post-review sensitivity analysis; manual cortical-layer extension,0.9841292373907722,0.8533333333333333,0.006508228569937147,0.027083623509781413,0.24125464199695879,0.116896149722986,0.05396440663528265,2,True,True,True,True,True
spatialLIBD_manual_layers,within_donor_adjacent_replicates,DLPFCML_151675_151676,spatialLIBD_manual::Br8100,uot,0.1,2.0,epsilon_scan,R,I_SPATIAL,matched_finite_difference,post-review sensitivity analysis; manual cortical-layer extension,-0.09364378739723885,0.03,0.31143661039396336,0.07205470917292486,4.322738743406218,0.6061600771301996,0.14343921046153613,2,True,False,False,False,False
spatialLIBD_manual_layers,within_donor_adjacent_replicates,DLPFCML_151675_151676,spatialLIBD_manual::Br8100,uot,0.1,2.0,epsilon_scan,R,I_SPATIAL,registered_finite_difference_fixed_score,post-review sensitivity analysis; manual cortical-layer extension,-0.09364378739723885,0.03,0.31143661039396336,0.07205470917292486,4.322738743406218,0.6061600771301996,0.14343921046153613,2,True,False,False,False,False
spatialLIBD_manual_layers,within_donor_adjacent_replicates,DLPFCML_151675_151676,spatialLIBD_manual::Br8100,uot,0.1,5.0,interaction_corner,N,I_EXPR,matched_finite_difference,post-review sensitivity analysis; manual cortical-layer extension,0.9053277001456446,0.6733333333333333,0.07374407412647645,0.019582325969021618,3.7663059320509396,0.22351488824415186,0.039387409626577344,2,True,True,True,False,False
spatialLIBD_manual_layers,within_donor_adjacent_replicates,DLPFCML_151675_151676,spatialLIBD_manual::Br8100,uot,0.1,5.0,interaction_corner,N,I_EXPR,registered_finite_difference_fixed_score,post-review sensitivity analysis; manual cortical-layer extension,0.38770923364854837,0.47,0.11559966172749528,0.019582325969021618,5.903929216400796,0.22351488824415186,0.039387409626577344,2,True,False,False,False,False
spatialLIBD_manual_layers,within_donor_adjacent_replicates,DLPFCML_151675_151676,spatialLIBD_manual::Br8100,uot,0.1,5.0,interaction_corner,N,I_SPATIAL,matched_finite_difference,post-review sensitivity analysis; manual cortical-layer extension,0.059949146644065185,0.09,0.2728301794332642,0.0757159944777957,3.6053098829518193,0.5816060205778426,0.15121478152192092,2,True,False,False,False,False
spatialLIBD_manual_layers,within_donor_adjacent_replicates,DLPFCML_151675_151676,spatialLIBD_manual::Br8100,uot,0.1,5.0,interaction_corner,N,I_SPATIAL,registered_finite_difference_fixed_score,post-review sensitivity analysis; manual cortical-layer extension,-0.004913803072801366,0.04666666666666667,0.27745212193609486,0.0757159944777957,3.6663670664302317,0.5816060205778426,0.15121478152192092,2,True,False,False,False,False
spatialLIBD_manual_layers,within_donor_adjacent_replicates,DLPFCML_151675_151676,spatialLIBD_manual::Br8100,uot,0.1,5.0,interaction_corner,R,I_EXPR,matched_finite_difference,post-review sensitivity analysis; manual cortical-layer extension,0.985179591635374,0.8433333333333334,0.006648316121184104,0.025900088781020923,0.25686083717328334,0.1085593043442809,0.051790486496499324,2,True,True,True,True,True
spatialLIBD_manual_layers,within_donor_adjacent_replicates,DLPFCML_151675_151676,spatialLIBD_manual::Br8100,uot,0.1,5.0,interaction_corner,R,I_EXPR,registered_finite_difference_fixed_score,post-review sensitivity analysis; manual cortical-layer extension,0.985179591635374,0.8433333333333334,0.006648316121184104,0.025900088781020923,0.25686083717328334,0.1085593043442809,0.051790486496499324,2,True,True,True,True,True
spatialLIBD_manual_layers,within_donor_adjacent_replicates,DLPFCML_151675_151676,spatialLIBD_manual::Br8100,uot,0.1,5.0,interaction_corner,R,I_SPATIAL,matched_finite_difference,post-review sensitivity analysis; manual cortical-layer extension,-0.10160828338145929,0.03666666666666667,0.31222762708250185,0.07225418829225203,4.321678684313896,0.6093308687367607,0.14353477984711777,2,True,False,False,False,False
spatialLIBD_manual_layers,within_donor_adjacent_replicates,DLPFCML_151675_151676,spatialLIBD_manual::Br8100,uot,0.1,5.0,interaction_corner,R,I_SPATIAL,registered_finite_difference_fixed_score,post-review sensitivity analysis; manual cortical-layer extension,-0.10160828338145929,0.03666666666666667,0.31222762708250185,0.07225418829225203,4.321678684313896,0.6093308687367607,0.14353477984711777,2,True,False,False,False,False
spatialLIBD_manual_layers,within_donor_adjacent_replicates,DLPFCML_151675_151676,spatialLIBD_manual::Br8100,uot,0.25,1.0,tau_scan,N,I_EXPR,matched_finite_difference,post-review sensitivity analysis; manual cortical-layer extension,0.8898237963661317,0.71,0.06402647137255253,0.019416045825656626,3.3009236428084137,0.21896240019526492,0.03872950048849082,2,True,True,True,False,False
spatialLIBD_manual_layers,within_donor_adjacent_replicates,DLPFCML_151675_151676,spatialLIBD_manual::Br8100,uot,0.25,1.0,tau_scan,N,I_EXPR,registered_finite_difference_fixed_score,post-review sensitivity analysis; manual cortical-layer extension,0.6501817734141216,0.7433333333333334,0.10892268956641611,0.019416045825656626,5.6144967664358045,0.21896240019526492,0.03872950048849082,2,True,False,True,False,False
spatialLIBD_manual_layers,within_donor_adjacent_replicates,DLPFCML_151675_151676,spatialLIBD_manual::Br8100,uot,0.25,1.0,tau_scan,N,I_SPATIAL,matched_finite_difference,post-review sensitivity analysis; manual cortical-layer extension,0.6068997061776473,0.6933333333333334,0.1497300425355903,0.07075930180867009,2.1162454771352293,0.4333319403886472,0.14074831346769073,2,True,False,True,False,False
spatialLIBD_manual_layers,within_donor_adjacent_replicates,DLPFCML_151675_151676,spatialLIBD_manual::Br8100,uot,0.25,1.0,tau_scan,N,I_SPATIAL,registered_finite_difference_fixed_score,post-review sensitivity analysis; manual cortical-layer extension,0.6116637171838744,0.5266666666666666,0.17116130635437954,0.07075930180867009,2.4191487085034336,0.4333319403886472,0.14074831346769073,2,True,False,False,False,False
spatialLIBD_manual_layers,within_donor_adjacent_replicates,DLPFCML_151675_151676,spatialLIBD_manual::Br8100,uot,0.25,1.0,tau_scan,R,I_EXPR,matched_finite_difference,post-review sensitivity analysis; manual cortical-layer extension,0.9975061873360833,0.9833333333333334,0.0020828762207351936,0.02669163484160968,0.07874890680310409,0.10678551880222933,0.053398465901888716,2,True,True,True,True,True
spatialLIBD_manual_layers,within_donor_adjacent_replicates,DLPFCML_151675_151676,spatialLIBD_manual::Br8100,uot,0.25,1.0,tau_scan,R,I_EXPR,registered_finite_difference_fixed_score,post-review sensitivity analysis; manual cortical-layer extension,0.9975061873360833,0.9833333333333334,0.0020828762207351936,0.02669163484160968,0.07874890680310409,0.10678551880222933,0.053398465901888716,2,True,True,True,True,True
spatialLIBD_manual_layers,within_donor_adjacent_replicates,DLPFCML_151675_151676,spatialLIBD_manual::Br8100,uot,0.25,1.0,tau_scan,R,I_SPATIAL,matched_finite_difference,post-review sensitivity analysis; manual cortical-layer extension,0.4059712613205606,0.4666666666666667,0.17682025204006832,0.0692310109697857,2.5548845988171927,0.45072764868339676,0.1428061413713632,2,True,False,False,False,False
spatialLIBD_manual_layers,within_donor_adjacent_replicates,DLPFCML_151675_151676,spatialLIBD_manual::Br8100,uot,0.25,1.0,tau_scan,R,I_SPATIAL,registered_finite_difference_fixed_score,post-review sensitivity analysis; manual cortical-layer extension,0.4059712613205606,0.4666666666666667,0.17682025204006832,0.0692310109697857,2.5548845988171927,0.45072764868339676,0.1428061413713632,2,True,False,False,False,False
spatialLIBD_manual_layers,within_donor_adjacent_replicates,DLPFCML_151675_151676,spatialLIBD_manual::Br8100,uot,0.25,2.0,baseline,N,I_EXPR,matched_finite_difference,post-review sensitivity analysis; manual cortical-layer extension,0.8274053721801655,0.5733333333333334,0.0667732128704755,0.014284883652088659,4.67501253858166,0.20609346075274979,0.029151322335565097,2,True,True,False,False,False
spatialLIBD_manual_layers,within_donor_adjacent_replicates,DLPFCML_151675_151676,spatialLIBD_manual::Br8100,uot,0.25,2.0,baseline,N,I_EXPR,registered_finite_difference_fixed_score,post-review sensitivity analysis; manual cortical-layer extension,0.32101480578435815,0.42333333333333334,0.13163388239415943,0.014284883652088659,9.216322460426076,0.20609346075274979,0.029151322335565097,2,True,False,False,False,False
spatialLIBD_manual_layers,within_donor_adjacent_replicates,DLPFCML_151675_151676,spatialLIBD_manual::Br8100,uot,0.25,2.0,baseline,N,I_SPATIAL,matched_finite_difference,post-review sensitivity analysis; manual cortical-layer extension,0.61403570223809,0.6666666666666667,0.15791432465122565,0.07503391998169362,2.1045887970554547,0.4300823381155391,0.15080940764531942,2,True,False,True,False,False
spatialLIBD_manual_layers,within_donor_adjacent_replicates,DLPFCML_151675_151676,spatialLIBD_manual::Br8100,uot,0.25,2.0,baseline,N,I_SPATIAL,registered_finite_difference_fixed_score,post-review sensitivity analysis; manual cortical-layer extension,0.5980258213448095,0.5166666666666666,0.16230855098858005,0.07503391998169362,2.163152799045392,0.4300823381155391,0.15080940764531942,2,True,False,False,False,False
spatialLIBD_manual_layers,within_donor_adjacent_replicates,DLPFCML_151675_151676,spatialLIBD_manual::Br8100,uot,0.25,2.0,baseline,R,I_EXPR,matched_finite_difference,post-review sensitivity analysis; manual cortical-layer extension,0.9946236047216022,0.8966666666666667,0.0024201396243699394,0.015937642050969373,0.15378873821488295,0.06877624900326196,0.03293564600779524,2,True,True,True,True,True
spatialLIBD_manual_layers,within_donor_adjacent_replicates,DLPFCML_151675_151676,spatialLIBD_manual::Br8100,uot,0.25,2.0,baseline,R,I_EXPR,registered_finite_difference_fixed_score,post-review sensitivity analysis; manual cortical-layer extension,0.9946236047216022,0.8966666666666667,0.0024201396243699394,0.015937642050969373,0.15378873821488295,0.06877624900326196,0.03293564600779524,2,True,True,True,True,True
spatialLIBD_manual_layers,within_donor_adjacent_replicates,DLPFCML_151675_151676,spatialLIBD_manual::Br8100,uot,0.25,2.0,baseline,R,I_SPATIAL,matched_finite_difference,post-review sensitivity analysis; manual cortical-layer extension,0.3795109473381989,0.4633333333333334,0.17842917438939876,0.0698162592435561,2.5573168853658608,0.45689565147562194,0.14448122976650465,2,True,False,False,False,False
spatialLIBD_manual_layers,within_donor_adjacent_replicates,DLPFCML_151675_151676,spatialLIBD_manual::Br8100,uot,0.25,2.0,baseline,R,I_SPATIAL,registered_finite_difference_fixed_score,post-review sensitivity analysis; manual cortical-layer extension,0.3795109473381989,0.4633333333333334,0.17842917438939876,0.0698162592435561,2.5573168853658608,0.45689565147562194,0.14448122976650465,2,True,False,False,False,False
spatialLIBD_manual_layers,within_donor_adjacent_replicates,DLPFCML_151675_151676,spatialLIBD_manual::Br8100,uot,0.25,5.0,tau_scan,N,I_EXPR,matched_finite_difference,post-review sensitivity analysis; manual cortical-layer extension,0.7661349965044429,0.5,0.06802735484728639,0.012618034314140027,5.393234547778539,0.1981966472785182,0.025915610105770703,2,True,True,False,False,False
spatialLIBD_manual_layers,within_donor_adjacent_replicates,DLPFCML_151675_151676,spatialLIBD_manual::Br8100,uot,0.25,5.0,tau_scan,N,I_EXPR,registered_finite_difference_fixed_score,post-review sensitivity analysis; manual cortical-layer extension,-0.0024567104252046328,0.16333333333333333,0.13795994529006977,0.012618034314140027,10.937455793691317,0.1981966472785182,0.025915610105770703,2,True,False,False,False,False
spatialLIBD_manual_layers,within_donor_adjacent_replicates,DLPFCML_151675_151676,spatialLIBD_manual::Br8100,uot,0.25,5.0,tau_scan,N,I_SPATIAL,matched_finite_difference,post-review sensitivity analysis; manual cortical-layer extension,0.6043214383650838,0.6,0.16245122683050423,0.07835874789324355,2.0731875517279836,0.42745883993119327,0.15540446701273877,2,True,False,True,False,False
spatialLIBD_manual_layers,within_donor_adjacent_replicates,DLPFCML_151675_151676,spatialLIBD_manual::Br8100,uot,0.25,5.0,tau_scan,N,I_SPATIAL,registered_finite_difference_fixed_score,post-review sensitivity analysis; manual cortical-layer extension,0.583880163502295,0.48,0.15709071801788163,0.07835874789324355,2.004778890528974,0.42745883993119327,0.15540446701273877,2,True,False,False,False,False
spatialLIBD_manual_layers,within_donor_adjacent_replicates,DLPFCML_151675_151676,spatialLIBD_manual::Br8100,uot,0.25,5.0,tau_scan,R,I_EXPR,matched_finite_difference,post-review sensitivity analysis; manual cortical-layer extension,0.9946707442981086,0.89,0.0025720023823588107,0.012457470352191465,0.20684075274613567,0.052210080009759935,0.027345407721335736,2,True,True,True,True,True
spatialLIBD_manual_layers,within_donor_adjacent_replicates,DLPFCML_151675_151676,spatialLIBD_manual::Br8100,uot,0.25,5.0,tau_scan,R,I_EXPR,registered_finite_difference_fixed_score,post-review sensitivity analysis; manual cortical-layer extension,0.9946707442981086,0.89,0.0025720023823588107,0.012457470352191465,0.20684075274613567,0.052210080009759935,0.027345407721335736,2,True,True,True,True,True
spatialLIBD_manual_layers,within_donor_adjacent_replicates,DLPFCML_151675_151676,spatialLIBD_manual::Br8100,uot,0.25,5.0,tau_scan,R,I_SPATIAL,matched_finite_difference,post-review sensitivity analysis; manual cortical-layer extension,0.3601950578644702,0.44666666666666666,0.17970636064157058,0.07107448991601567,2.5287735381428935,0.46053241274526757,0.1452348414819462,2,True,False,False,False,False
spatialLIBD_manual_layers,within_donor_adjacent_replicates,DLPFCML_151675_151676,spatialLIBD_manual::Br8100,uot,0.25,5.0,tau_scan,R,I_SPATIAL,registered_finite_difference_fixed_score,post-review sensitivity analysis; manual cortical-layer extension,0.3601950578644702,0.44666666666666666,0.17970636064157058,0.07107448991601567,2.5287735381428935,0.46053241274526757,0.1452348414819462,2,True,False,False,False,False
spatialLIBD_manual_layers,within_donor_adjacent_replicates,DLPFCML_151675_151676,spatialLIBD_manual::Br8100,uot,0.5,1.0,interaction_corner,N,I_EXPR,matched_finite_difference,post-review sensitivity analysis; manual cortical-layer extension,0.9303890268395676,0.8666666666666667,0.044401286133978396,0.017263993400610585,2.572742616988064,0.18517576988882445,0.035766583942431734,2,True,True,True,False,False
spatialLIBD_manual_layers,within_donor_adjacent_replicates,DLPFCML_151675_151676,spatialLIBD_manual::Br8100,uot,0.5,1.0,interaction_corner,N,I_EXPR,registered_finite_difference_fixed_score,post-review sensitivity analysis; manual cortical-layer extension,0.5356724638544285,0.53,0.09108710891453115,0.017263993400610585,5.27719838952075,0.18517576988882445,0.035766583942431734,2,True,False,False,False,False
spatialLIBD_manual_layers,within_donor_adjacent_replicates,DLPFCML_151675_151676,spatialLIBD_manual::Br8100,uot,0.5,1.0,interaction_corner,N,I_SPATIAL,matched_finite_difference,post-review sensitivity analysis; manual cortical-layer extension,0.9570328289034796,0.7266666666666666,0.05826495425009131,0.056564111363176545,1.030062759619973,0.29712922236688244,0.11581387617196756,2,True,True,True,False,False
spatialLIBD_manual_layers,within_donor_adjacent_replicates,DLPFCML_151675_151676,spatialLIBD_manual::Br8100,uot,0.5,1.0,interaction_corner,N,I_SPATIAL,registered_finite_difference_fixed_score,post-review sensitivity analysis; manual cortical-layer extension,0.9610956360425049,0.8066666666666666,0.07095973540883069,0.056564111363176545,1.2544931769561445,0.29712922236688244,0.11581387617196756,2,True,True,True,False,False
spatialLIBD_manual_layers,within_donor_adjacent_replicates,DLPFCML_151675_151676,spatialLIBD_manual::Br8100,uot,0.5,1.0,interaction_corner,R,I_EXPR,matched_finite_difference,post-review sensitivity analysis; manual cortical-layer extension,0.999697772310121,0.9933333333333333,0.0009179671432031924,0.024696813109492066,0.03766410151413445,0.0943316118956703,0.04923395991800544,2,True,True,True,True,True
spatialLIBD_manual_layers,within_donor_adjacent_replicates,DLPFCML_151675_151676,spatialLIBD_manual::Br8100,uot,0.5,1.0,interaction_corner,R,I_EXPR,registered_finite_difference_fixed_score,post-review sensitivity analysis; manual cortical-layer extension,0.999697772310121,0.9933333333333333,0.0009179671432031924,0.024696813109492066,0.03766410151413445,0.0943316118956703,0.04923395991800544,2,True,True,True,True,True
spatialLIBD_manual_layers,within_donor_adjacent_replicates,DLPFCML_151675_151676,spatialLIBD_manual::Br8100,uot,0.5,1.0,interaction_corner,R,I_SPATIAL,matched_finite_difference,post-review sensitivity analysis; manual cortical-layer extension,0.9735179313413029,0.78,0.07180930685280523,0.061926742630695975,1.1599192783125132,0.2999785407062268,0.12559046356961664,2,True,True,True,False,False
spatialLIBD_manual_layers,within_donor_adjacent_replicates,DLPFCML_151675_151676,spatialLIBD_manual::Br8100,uot,0.5,1.0,interaction_corner,R,I_SPATIAL,registered_finite_difference_fixed_score,post-review sensitivity analysis; manual cortical-layer extension,0.9735179313413029,0.78,0.07180930685280523,0.061926742630695975,1.1599192783125132,0.2999785407062268,0.12559046356961664,2,True,True,True,False,False
spatialLIBD_manual_layers,within_donor_adjacent_replicates,DLPFCML_151675_151676,spatialLIBD_manual::Br8100,uot,0.5,2.0,epsilon_scan,N,I_EXPR,matched_finite_difference,post-review sensitivity analysis; manual cortical-layer extension,0.9496540185128972,0.8933333333333333,0.0477786158121772,0.016887143388933233,2.8294945338347857,0.17662511514612614,0.03392429344914624,2,True,True,True,False,False
spatialLIBD_manual_layers,within_donor_adjacent_replicates,DLPFCML_151675_151676,spatialLIBD_manual::Br8100,uot,0.5,2.0,epsilon_scan,N,I_EXPR,registered_finite_difference_fixed_score,post-review sensitivity analysis; manual cortical-layer extension,0.17208046581354036,0.3333333333333333,0.12068625135425286,0.016887143388933233,7.147397618504099,0.17662511514612614,0.03392429344914624,2,True,False,False,False,False
spatialLIBD_manual_layers,within_donor_adjacent_replicates,DLPFCML_151675_151676,spatialLIBD_manual::Br8100,uot,0.5,2.0,epsilon_scan,N,I_SPATIAL,matched_finite_difference,post-review sensitivity analysis; manual cortical-layer extension,0.9572156485402883,0.7333333333333334,0.06253208999414764,0.058404505888482346,1.0707807409252625,0.29670959014407117,0.12078930581130853,2,True,True,True,False,False
spatialLIBD_manual_layers,within_donor_adjacent_replicates,DLPFCML_151675_151676,spatialLIBD_manual::Br8100,uot,0.5,2.0,epsilon_scan,N,I_SPATIAL,registered_finite_difference_fixed_score,post-review sensitivity analysis; manual cortical-layer extension,0.9679834755482115,0.8133333333333334,0.06446694103171827,0.058404505888482346,1.103917570189848,0.29670959014407117,0.12078930581130853,2,True,True,True,False,False
spatialLIBD_manual_layers,within_donor_adjacent_replicates,DLPFCML_151675_151676,spatialLIBD_manual::Br8100,uot,0.5,2.0,epsilon_scan,R,I_EXPR,matched_finite_difference,post-review sensitivity analysis; manual cortical-layer extension,0.9988076119144944,0.94,0.0008591927946643451,0.013356482987648539,0.06550922659919563,0.05423919154392925,0.02937344196470568,2,True,True,True,True,True
spatialLIBD_manual_layers,within_donor_adjacent_replicates,DLPFCML_151675_151676,spatialLIBD_manual::Br8100,uot,0.5,2.0,epsilon_scan,R,I_EXPR,registered_finite_difference_fixed_score,post-review sensitivity analysis; manual cortical-layer extension,0.9988076119144944,0.94,0.0008591927946643451,0.013356482987648539,0.06550922659919563,0.05423919154392925,0.02937344196470568,2,True,True,True,True,True
spatialLIBD_manual_layers,within_donor_adjacent_replicates,DLPFCML_151675_151676,spatialLIBD_manual::Br8100,uot,0.5,2.0,epsilon_scan,R,I_SPATIAL,matched_finite_difference,post-review sensitivity analysis; manual cortical-layer extension,0.9687177425412189,0.75,0.07071944545774163,0.06328331617329258,1.1180717649364695,0.30345154903524635,0.1270022155156008,2,True,True,True,False,False
spatialLIBD_manual_layers,within_donor_adjacent_replicates,DLPFCML_151675_151676,spatialLIBD_manual::Br8100,uot,0.5,2.0,epsilon_scan,R,I_SPATIAL,registered_finite_difference_fixed_score,post-review sensitivity analysis; manual cortical-layer extension,0.9687177425412189,0.75,0.07071944545774163,0.06328331617329258,1.1180717649364695,0.30345154903524635,0.1270022155156008,2,True,True,True,False,False
spatialLIBD_manual_layers,within_donor_adjacent_replicates,DLPFCML_151675_151676,spatialLIBD_manual::Br8100,uot,0.5,5.0,interaction_corner,N,I_EXPR,matched_finite_difference,post-review sensitivity analysis; manual cortical-layer extension,0.9526063771583899,0.8933333333333333,0.049915853568721295,0.018183045581422065,2.7457478848642465,0.17181587048726682,0.03618899622464587,2,True,True,True,False,False
spatialLIBD_manual_layers,within_donor_adjacent_replicates,DLPFCML_151675_151676,spatialLIBD_manual::Br8100,uot,0.5,5.0,interaction_corner,N,I_EXPR,registered_finite_difference_fixed_score,post-review sensitivity analysis; manual cortical-layer extension,-0.1691701196311643,0.023333333333333334,0.13627401390465227,0.018183045581422065,7.496274688936825,0.17181587048726682,0.03618899622464587,2,True,False,False,False,False
spatialLIBD_manual_layers,within_donor_adjacent_replicates,DLPFCML_151675_151676,spatialLIBD_manual::Br8100,uot,0.5,5.0,interaction_corner,N,I_SPATIAL,matched_finite_difference,post-review sensitivity analysis; manual cortical-layer extension,0.9497445003308891,0.75,0.06562143531863569,0.060567805924027066,1.0837554645978575,0.29659262453825463,0.125224396943925,2,True,True,True,False,False
spatialLIBD_manual_layers,within_donor_adjacent_replicates,DLPFCML_151675_151676,spatialLIBD_manual::Br8100,uot,0.5,5.0,interaction_corner,N,I_SPATIAL,registered_finite_difference_fixed_score,post-review sensitivity analysis; manual cortical-layer extension,0.9690855684824751,0.8133333333333334,0.06045179443590386,0.060567805924027066,0.9983905671766768,0.29659262453825463,0.125224396943925,2,True,True,True,False,False
spatialLIBD_manual_layers,within_donor_adjacent_replicates,DLPFCML_151675_151676,spatialLIBD_manual::Br8100,uot,0.5,5.0,interaction_corner,R,I_EXPR,matched_finite_difference,post-review sensitivity analysis; manual cortical-layer extension,0.9973047881354615,0.9633333333333334,0.0008439829316043507,0.0060018463523923635,0.14091808119215665,0.03291394676900852,0.013760844739290169,2,True,True,True,True,True
spatialLIBD_manual_layers,within_donor_adjacent_replicates,DLPFCML_151675_151676,spatialLIBD_manual::Br8100,uot,0.5,5.0,interaction_corner,R,I_EXPR,registered_finite_difference_fixed_score,post-review sensitivity analysis; manual cortical-layer extension,0.9973047881354615,0.9633333333333334,0.0008439829316043507,0.0060018463523923635,0.14091808119215665,0.03291394676900852,0.013760844739290169,2,True,True,True,True,True
spatialLIBD_manual_layers,within_donor_adjacent_replicates,DLPFCML_151675_151676,spatialLIBD_manual::Br8100,uot,0.5,5.0,interaction_corner,R,I_SPATIAL,matched_finite_difference,post-review sensitivity analysis; manual cortical-layer extension,0.9643773601677158,0.72,0.0703667839789539,0.0642552021386738,1.0958609790624223,0.30719122923029096,0.12980596159158717,2,True,True,True,False,False
spatialLIBD_manual_layers,within_donor_adjacent_replicates,DLPFCML_151675_151676,spatialLIBD_manual::Br8100,uot,0.5,5.0,interaction_corner,R,I_SPATIAL,registered_finite_difference_fixed_score,post-review sensitivity analysis; manual cortical-layer extension,0.9643773601677158,0.72,0.0703667839789539,0.0642552021386738,1.0958609790624223,0.30719122923029096,0.12980596159158717,2,True,True,True,False,False
