dataset	pair_id	pair_type	independent_unit_id	cohort_role	direction	pair_file_id	method	epsilon	tau	arm	intervention	mass_local_to_endpoint_n_estimable	mass_local_to_endpoint_spearman	mass_local_to_endpoint_top_overlap	mass_local_to_endpoint_raw_mae	mass_local_to_endpoint_rmae	mass_local_to_endpoint_intercept	mass_local_to_endpoint_slope	mass_local_to_endpoint_r2	shape_local_to_endpoint_n_estimable	shape_local_to_endpoint_spearman	shape_local_to_endpoint_top_overlap	shape_local_to_endpoint_raw_mae	shape_local_to_endpoint_rmae	shape_local_to_endpoint_intercept	shape_local_to_endpoint_slope	shape_local_to_endpoint_r2	local_mass_n_estimable	local_mass_median	local_mass_q90	local_mass_mean	local_mass_maximum	local_shape_n_estimable	local_shape_median	local_shape_q90	local_shape_mean	local_shape_maximum	endpoint_mass_n_estimable	endpoint_mass_median	endpoint_mass_q90	endpoint_mass_mean	endpoint_mass_maximum	endpoint_shape_n_estimable	endpoint_shape_median	endpoint_shape_q90	endpoint_shape_mean	endpoint_shape_maximum
spatialDLPFC	SDLPFC_Br2720_ANT_MID	within_donor_adjacent_position	spatialDLPFC::Br2720	primary_expansion	forward	SDLPFC_Br2720_ANT_MID	uot	0.25	2.0	R	I_EXPR	1500	0.999972323543255	1.0	0.00010657283363236614	0.0018210597436895783	0.0003499679955460092	0.9941376007481237	0.9999173775189674	1500	0.9980658444737087	0.9466666666666667	0.00048178494604980595	0.013450339918159396	-0.00016962650793699987	1.0080574050205067	0.9961384225980384	1500	0.0574623964539598	0.07777748690787478	0.058515498969628536	0.10679076302708504	1500	0.0327755741248193	0.05028396655632934	0.035701501875646406	0.08803534691373863	1500	0.05741781688206757	0.07776856558360722	0.05852242574779181	0.10645854058830721	1500	0.03287007228882782	0.05063889869194467	0.03581953682816185	0.08935717506308807
spatialDLPFC	SDLPFC_Br2720_ANT_MID	within_donor_adjacent_position	spatialDLPFC::Br2720	primary_expansion	forward	SDLPFC_Br2720_ANT_MID	uot	0.25	2.0	R	I_SPATIAL	1500	0.42025667744741224	0.6933333333333334	0.018918029565803983	0.45169809320910637	0.016709776275495847	1.089653078477463	0.3377387919369641	1500	0.5496214353873047	0.4666666666666667	0.17922438234963325	0.3881348887837062	-0.21795016182798876	2.3835170073469816	0.2862834337709844	1500	0.023473612970211118	0.03380246433667141	0.02310115615509734	0.04868997505941427	1500	0.2824902739536275	0.3192592384387068	0.285170250552736	0.3494975294913706	1500	0.0382633652665324	0.06460180018522126	0.041882022196286284	0.09359034469808494	1500	0.4778043220183273	0.5909017153960183	0.4617579803538574	0.6891227495956946
spatialDLPFC	SDLPFC_Br2720_ANT_MID	within_donor_adjacent_position	spatialDLPFC::Br2720	primary_expansion	forward	SDLPFC_Br2720_ANT_MID	uot	0.25	2.0	N	I_EXPR	1500	0.995413516183785	0.94	0.006024005083611385	0.14512964966808523	0.006642004512024976	0.9797674451507946	0.9866188718482268	1500	0.7164305619691388	0.4533333333333333	0.08091167821815674	0.3883767117272316	0.05732646296080908	0.5220719324134798	0.5276833730351186	1500	0.03368692259838543	0.06123631435055531	0.035585734909091095	0.0944466432597495	1500	0.2868564688226602	0.32726950431576246	0.289244659509227	0.37068964627711876	1500	0.03972494145843236	0.06653958580790571	0.0415077490877186	0.10011448668145156	1500	0.20900466685127098	0.2345973034865626	0.2083329812910703	0.2607011021366118
spatialDLPFC	SDLPFC_Br2720_ANT_MID	within_donor_adjacent_position	spatialDLPFC::Br2720	primary_expansion	forward	SDLPFC_Br2720_ANT_MID	uot	0.25	2.0	N	I_SPATIAL	1500	0.5842104356490826	0.4533333333333333	0.016226675839153958	0.7345780338046132	0.006468431615597252	0.43897815337246643	0.35212210493550633	1500	0.5188378945946198	0.4066666666666667	0.17788647060230459	0.38313765380274745	-0.11856185836593923	2.015077915364035	0.2683071133894116	1500	0.033686922596467404	0.06123631435956648	0.03558573491670024	0.09444664327925775	1500	0.2868564688878034	0.327269504242533	0.28924465948847605	0.3706896463373668	1500	0.021432602394363894	0.04009490385882938	0.02208979181573242	0.07040426375783446	1500	0.4775916843895167	0.5944389536015682	0.46428866710627903	0.7192310766944674
spatialDLPFC	SDLPFC_Br2720_ANT_MID	within_donor_adjacent_position	spatialDLPFC::Br2720	primary_expansion	reverse	SDLPFC_Br2720_ANT_MID__reverse	uot	0.25	2.0	R	I_EXPR	1500	0.9998772479454435	0.9933333333333333	0.0001089332579541579	0.0018656020853561404	0.00025406179052459135	0.9974079708668953	0.999873101767857	1500	0.9986588722928321	0.98	0.00032787438945708754	0.008814952858919731	0.0003157221970815887	0.9932296533537346	0.9979606827312645	1500	0.0553333907073546	0.07333132280595543	0.058287424099821676	0.09096363512562577	1500	0.0347394927663295	0.04937127491673265	0.03713091859622072	0.07843317021015644	1500	0.05536465709506737	0.07336440796925117	0.05839040318898588	0.09118560143370341	1500	0.034929227223959906	0.049324671869270295	0.03719525160311162	0.07938242517822262
spatialDLPFC	SDLPFC_Br2720_ANT_MID	within_donor_adjacent_position	spatialDLPFC::Br2720	primary_expansion	reverse	SDLPFC_Br2720_ANT_MID__reverse	uot	0.25	2.0	R	I_SPATIAL	1500	0.3992348405488181	0.6866666666666666	0.018827162716474468	0.4500952042364252	0.01435808078920605	1.1863893346713448	0.3491570171090882	1500	0.5951101524934012	0.3466666666666667	0.1790767088249018	0.3883989788337596	-0.41734188978432735	3.082725916005961	0.3234106883603839	1500	0.023235850075463367	0.03293487165566165	0.023155306749214493	0.047359237119162956	1500	0.2831368171297505	0.31186256775368343	0.28494446571536103	0.3454736172129652	1500	0.03812992020063381	0.06405291925444097	0.04182928975751755	0.09139169265635001	1500	0.47704793811915097	0.5846153215243741	0.46106379929888847	0.6868300095488109
spatialDLPFC	SDLPFC_Br2720_ANT_MID	within_donor_adjacent_position	spatialDLPFC::Br2720	primary_expansion	reverse	SDLPFC_Br2720_ANT_MID__reverse	uot	0.25	2.0	N	I_EXPR	1500	0.9938389874839945	0.96	0.006228458364960498	0.15058925952178082	0.007714262290696421	0.9577081010939218	0.986608371967058	1500	0.618285032126681	0.5066666666666667	0.08069376165317267	0.38697737499429236	0.05853506472416813	0.518600761783287	0.45914127251193904	1500	0.03473600544474491	0.052355692929723766	0.03513211665041522	0.07161611681823257	1500	0.2877932795212315	0.31902679617848406	0.28921696447443024	0.3586070488731956	1500	0.040084960649566556	0.058522455370902955	0.04136057501537572	0.07768528096090657	1500	0.2080782026232836	0.23056330429519606	0.20852320282125758	0.26892159032299356
spatialDLPFC	SDLPFC_Br2720_ANT_MID	within_donor_adjacent_position	spatialDLPFC::Br2720	primary_expansion	reverse	SDLPFC_Br2720_ANT_MID__reverse	uot	0.25	2.0	N	I_SPATIAL	1500	0.5715653846957266	0.44	0.015277639519695166	0.7282750083534802	0.0013274368407811285	0.55932887157636	0.33496713558259983	1500	0.6141459476204212	0.36	0.17703269058638077	0.3821808750580085	-0.314963060464585	2.690644699272297	0.3347708043474009	1500	0.034736005444584175	0.052355692937528696	0.03513211665829796	0.07161611682322065	1500	0.28779327957753814	0.31902679603319734	0.2892169644535023	0.35860704888432404	1500	0.02086771101942167	0.03787381607570629	0.02097784400735596	0.05790680857014745	1500	0.47967161993125096	0.5868433561118522	0.463217031881855	0.6895131085032524
spatialDLPFC	SDLPFC_Br2743_ANT_MID	within_donor_adjacent_position	spatialDLPFC::Br2743	primary_expansion	forward	SDLPFC_Br2743_ANT_MID	uot	0.25	2.0	R	I_EXPR	1500	0.9999425599744711	0.9933333333333333	0.0009670629689868333	0.01476792422879844	-0.0003884043277982423	0.991718202893473	0.9999520654756335	1500	0.9872263303228137	0.7866666666666666	0.0027587394182231	0.05025533104605669	0.003664360080605762	0.9476069729884407	0.9642476452789648	1500	0.050090658525641985	0.14570148865722019	0.06642251695159095	0.20798025829693248	1500	0.04878353004863525	0.0797845333669864	0.054062606682087525	0.14369486043225121	1500	0.04924632539067334	0.14389559233439747	0.06548401481509472	0.2048022185167584	1500	0.05013666791841312	0.08016986557563352	0.05489446315048334	0.13266657075083826
spatialDLPFC	SDLPFC_Br2743_ANT_MID	within_donor_adjacent_position	spatialDLPFC::Br2743	primary_expansion	forward	SDLPFC_Br2743_ANT_MID	uot	0.25	2.0	R	I_SPATIAL	1500	0.31833876903945296	0.6266666666666667	0.01917939338598195	0.45874410457832304	0.01992368793481489	0.9621520284522431	0.23371300209785273	1500	0.7184585308704582	0.47333333333333333	0.1777761697009674	0.3846058652887736	-0.4386356557037951	3.1410548184005584	0.47301210509593217	1500	0.023229496077975968	0.031039868286959614	0.0227456687580506	0.04936954981448795	1500	0.2852556225995943	0.3166761847410176	0.2868033795347404	0.36743259377365856	1500	0.03971461814859226	0.06156819970486383	0.041808479268876104	0.09541998560010599	1500	0.47542235520953247	0.5921091893684585	0.46222948151736515	0.7206118375356982
spatialDLPFC	SDLPFC_Br2743_ANT_MID	within_donor_adjacent_position	spatialDLPFC::Br2743	primary_expansion	forward	SDLPFC_Br2743_ANT_MID	uot	0.25	2.0	N	I_EXPR	1500	0.9703600579378037	0.9866666666666667	0.004843220290254886	0.09282846988045054	0.002425435403505967	1.0106292202861873	0.9908608406030662	1500	0.49501630534058016	0.5266666666666666	0.08215901904902274	0.3880953322424194	0.10293190494440589	0.37013278485510714	0.3293413735266413	1500	0.02697244975740637	0.1275152299582765	0.049225206559108815	0.19546138077941722	1500	0.2913225575408596	0.33392444891294	0.2938570535868436	0.3915083573640951	1500	0.03251137304000053	0.13075156216360237	0.05217386752676462	0.19621311865472557	1500	0.2098183679410388	0.23514774482313644	0.21169803453782082	0.2980356179653846
spatialDLPFC	SDLPFC_Br2743_ANT_MID	within_donor_adjacent_position	spatialDLPFC::Br2743	primary_expansion	forward	SDLPFC_Br2743_ANT_MID	uot	0.25	2.0	N	I_SPATIAL	1500	0.7672449809977694	0.84	0.017106852314108113	0.42324350725405513	0.005140273329771934	0.7166692185689344	0.8648711057158409	1500	0.67256816736363	0.41333333333333333	0.1766208191043165	0.3778378438253539	-0.2837302388828947	2.5562823943276203	0.42871156290455625	1500	0.02697244976305908	0.12751522997318804	0.0492252065648651	0.19546138079945552	1500	0.2913225576147586	0.3339244488600884	0.2938570535776779	0.39150835734534395	1500	0.026625563306144788	0.1009893539561961	0.04041846365250819	0.15652903224769366	1500	0.4786834194880578	0.6045433814680001	0.4674513736267113	0.7457099307150319
spatialDLPFC	SDLPFC_Br2743_ANT_MID	within_donor_adjacent_position	spatialDLPFC::Br2743	primary_expansion	reverse	SDLPFC_Br2743_ANT_MID__reverse	uot	0.25	2.0	R	I_EXPR	1500	0.9993636548282911	1.0	0.0012870507172888632	0.020307709798987033	0.001921413494598465	0.9897832377043305	0.9994550820070494	1500	0.9934757695447866	0.86	0.002501381413614383	0.03740286608198987	0.0012350564739987263	1.0071259036759146	0.982891329545378	1500	0.05720742181951913	0.09107761941850095	0.06209039213710245	0.1356988635088454	1500	0.061360771423881744	0.09482393328248835	0.06517722787881171	0.13033375162016503	1500	0.0583494137611837	0.09222355169607184	0.06337744285439131	0.13691008999222087	1500	0.0637606056035494	0.0972627906737667	0.066876731000538	0.1349417716252652
spatialDLPFC	SDLPFC_Br2743_ANT_MID	within_donor_adjacent_position	spatialDLPFC::Br2743	primary_expansion	reverse	SDLPFC_Br2743_ANT_MID__reverse	uot	0.25	2.0	R	I_SPATIAL	1500	0.43455808824803926	0.58	0.018884392146616538	0.4526328410121532	0.015520974552972478	1.1394732388584026	0.33461189107312994	1500	0.6279060604026936	0.5066666666666667	0.17607505443927998	0.3832548124795877	-0.29984561255635245	2.655421255313932	0.3773227452119259	1500	0.02270529389869161	0.033528596783038885	0.022993291733157853	0.05310524172401719	1500	0.2841777239481479	0.3209604198894269	0.28593050774775386	0.3569979707316986	1500	0.0385356423473928	0.06262329988113867	0.04172121515617001	0.1025098751781499	1500	0.472643000688435	0.5890875623417271	0.4594203352597374	0.7019626316547337
spatialDLPFC	SDLPFC_Br2743_ANT_MID	within_donor_adjacent_position	spatialDLPFC::Br2743	primary_expansion	reverse	SDLPFC_Br2743_ANT_MID__reverse	uot	0.25	2.0	N	I_EXPR	1500	0.965915963518206	0.96	0.0075022101500636755	0.1609691693762947	0.009045432241990987	0.9605357376092913	0.9678056114105575	1500	0.8350439800195468	0.74	0.08065534762668972	0.37495593852281334	0.04247427223243573	0.5836861814329866	0.735945572071053	1500	0.034617737529846995	0.06858781918506497	0.03910429331350266	0.10927936370102671	1500	0.2892478310005707	0.35526039044205526	0.2957615490231571	0.40863476473077365	1500	0.041621478570487924	0.07517212572932622	0.04660650346356634	0.11658057217240897	1500	0.21377001393865983	0.25488497570586705	0.21510620139646736	0.2898716775351611
spatialDLPFC	SDLPFC_Br2743_ANT_MID	within_donor_adjacent_position	spatialDLPFC::Br2743	primary_expansion	reverse	SDLPFC_Br2743_ANT_MID__reverse	uot	0.25	2.0	N	I_SPATIAL	1500	0.6145973860432826	0.56	0.0178273692196327	0.7922978177655482	0.001998277563575044	0.5243047301526724	0.46403182138556076	1500	0.5631893134174727	0.26	0.16988034613140524	0.36687958284915345	0.019771738146939354	1.4987391676415904	0.30338821501459234	1500	0.034617737532328774	0.06858781919603282	0.039104293321044335	0.10927936371521235	1500	0.28924783099626483	0.355260390496131	0.29576154901292157	0.4086347648211942	1500	0.02061793510947356	0.04276841965211388	0.02250084352107614	0.08249046316578668	1500	0.47565257085544926	0.5985292193152882	0.46304115593495265	0.7446855340041816
spatialDLPFC	SDLPFC_Br3942_ANT_MID	within_donor_adjacent_position	spatialDLPFC::Br3942	primary_expansion	forward	SDLPFC_Br3942_ANT_MID	uot	0.25	2.0	R	I_EXPR	1500	0.9999451804200802	0.9933333333333333	0.00048209828408967076	0.007704715807048472	0.0007526873721536587	0.9955895168530523	0.9998757011773787	1500	0.9938119652497625	0.9333333333333333	0.0017064395174965158	0.03213326954883293	0.001223358337768087	1.0039998720977585	0.9890505679193803	1500	0.05627977020676701	0.09660531129692505	0.062093017946323374	0.14677400334782034	1500	0.047101627245731185	0.06863193555615188	0.051675017850910804	0.1315940224465634	1500	0.05667622340934722	0.09665856391953506	0.06257184510928163	0.1466889497383348	1500	0.04837734912469877	0.07170685712673669	0.05310506965073192	0.13162806899322083
spatialDLPFC	SDLPFC_Br3942_ANT_MID	within_donor_adjacent_position	spatialDLPFC::Br3942	primary_expansion	forward	SDLPFC_Br3942_ANT_MID	uot	0.25	2.0	R	I_SPATIAL	1500	0.26111638982950663	0.76	0.018704177692878438	0.44981378672792416	0.018638568265000148	0.998950734993695	0.36885558879410385	1500	0.3435646291398352	0.3466666666666667	0.18360704148186344	0.3991072582292753	0.04735170893059762	1.4788631222300574	0.1144964780247053	1500	0.022249700746894856	0.03278480314444138	0.022967577080519126	0.06317315859042757	1500	0.2766279079295854	0.31297830969303947	0.2790607464628772	0.35593689108044874	1500	0.037506905026609506	0.06272437664932488	0.0415820462706091	0.1089155139629467	1500	0.47155422657531393	0.5937269728964547	0.46004435573653896	0.6936071025369548
spatialDLPFC	SDLPFC_Br3942_ANT_MID	within_donor_adjacent_position	spatialDLPFC::Br3942	primary_expansion	forward	SDLPFC_Br3942_ANT_MID	uot	0.25	2.0	N	I_EXPR	1500	0.9927343292152576	0.9733333333333334	0.00611094555136472	0.1347265873783569	0.006667271446004009	0.9821177351676004	0.9879725242757478	1500	0.8275553758023894	0.6066666666666667	0.0759740653900912	0.37434383576867286	0.02163676645045069	0.6500484391852237	0.6922581239443872	1500	0.03541483868865855	0.0691095453930285	0.03939533251247003	0.12564660250563828	1500	0.2751039125602359	0.3199822561077958	0.27892669377807316	0.37138957474529655	1500	0.041417453529933854	0.0752046947028883	0.04535812618932564	0.13233352717730706	1500	0.20181908415278504	0.23366256068556335	0.20295262838798195	0.26727748872788737
spatialDLPFC	SDLPFC_Br3942_ANT_MID	within_donor_adjacent_position	spatialDLPFC::Br3942	primary_expansion	forward	SDLPFC_Br3942_ANT_MID	uot	0.25	2.0	N	I_SPATIAL	1500	0.6732617356718825	0.7733333333333333	0.015661869680140196	0.5791145817320367	-0.0013008206092170126	0.7195098524846665	0.6309966678504018	1500	0.2758180959191538	0.3333333333333333	0.18224904951740672	0.39754760540082795	0.17391412659449285	1.0200498976238874	0.08433268274657502	1500	0.0354148386981918	0.0691095453966275	0.03939533251957443	0.12564660252492496	1500	0.27510391256105	0.3199822560946186	0.2789266937456534	0.37138957468962186	1500	0.022045929601280663	0.05609034620498657	0.027044509280526343	0.11197074808677235	1500	0.46531818825441934	0.5929680146278443	0.4584332719943159	0.6935300194602307
spatialDLPFC	SDLPFC_Br3942_ANT_MID	within_donor_adjacent_position	spatialDLPFC::Br3942	primary_expansion	reverse	SDLPFC_Br3942_ANT_MID__reverse	uot	0.25	2.0	R	I_EXPR	1500	0.9999645048731134	1.0	0.0003044677727513741	0.004812698729440081	3.9014336623816606e-05	0.9959865378126144	0.9999396489327101	1500	0.9938196203642757	0.9	0.0016404458484683164	0.03321178603517813	0.002246456070021157	0.9732375030065007	0.9881263793001531	1500	0.053295858052186694	0.11696157183700552	0.06347917520760143	0.1901278343112544	1500	0.042827334417101716	0.06961487050426389	0.04844349768383747	0.15214077794582284	1500	0.05303964975866513	0.11633310000525542	0.06326341827484316	0.18841525576354407	1500	0.04372617777487785	0.07038820518229189	0.04939348479274032	0.1458701961118289
spatialDLPFC	SDLPFC_Br3942_ANT_MID	within_donor_adjacent_position	spatialDLPFC::Br3942	primary_expansion	reverse	SDLPFC_Br3942_ANT_MID__reverse	uot	0.25	2.0	R	I_SPATIAL	1500	0.4021496080664925	0.62	0.018893152492086385	0.4539884648748183	0.011589145952005747	1.3186521563681288	0.3219881997138673	1500	0.49554958557759365	0.5533333333333333	0.18456430997399323	0.3998662008241216	-0.2250202788708061	2.457085290241748	0.2401292556789706	1500	0.022281964626624975	0.031055932926738875	0.022770815336970562	0.044747759039086746	1500	0.27763661878257206	0.3086617997717727	0.2794308561978379	0.34056940795292157	1500	0.03788858714571677	0.06448507517001378	0.04161593069836243	0.08715991853433235	1500	0.4727045053680493	0.5948824180508782	0.46156516753255816	0.6818151579505937
spatialDLPFC	SDLPFC_Br3942_ANT_MID	within_donor_adjacent_position	spatialDLPFC::Br3942	primary_expansion	reverse	SDLPFC_Br3942_ANT_MID__reverse	uot	0.25	2.0	N	I_EXPR	1500	0.9951648547399355	0.9933333333333333	0.005281817360919422	0.11442402846153449	0.0049490111745104015	1.0015371564922824	0.9956865237983038	1500	0.6317763767895008	0.3933333333333333	0.07662171641978158	0.3793129460935861	0.06356414213308274	0.49686192664684575	0.4399366639504937	1500	0.030624134008309004	0.09480494439024176	0.04114777502390146	0.17003893171813197	1500	0.2755439756958869	0.3112072345531739	0.2786230380432124	0.37226367808929395	1500	0.035889017134992	0.10114414115769968	0.04616003676793281	0.17294238923964564	1500	0.20028886153124326	0.2255398060282786	0.20200132162343085	0.2732427767154504
spatialDLPFC	SDLPFC_Br3942_ANT_MID	within_donor_adjacent_position	spatialDLPFC::Br3942	primary_expansion	reverse	SDLPFC_Br3942_ANT_MID__reverse	uot	0.25	2.0	N	I_SPATIAL	1500	0.7036076976034212	0.8266666666666667	0.015485035045104801	0.5033137932487997	0.00014708334584656276	0.7441248355211268	0.7883701198866815	1500	0.4628572759365671	0.5733333333333334	0.1841790679728956	0.3999508670729402	-0.1469578837686807	2.180229326486289	0.2267532052449679	1500	0.03062413401597245	0.09480494440910615	0.041147775030721145	0.17003893172339746	1500	0.2755439757370651	0.3112072344189089	0.2786230380096578	0.372263678157277	1500	0.022262281956962653	0.0723147706194503	0.030766164672642284	0.1574642165837268	1500	0.4692001918318687	0.6029537818939271	0.4605042347346789	0.6972093753221197
spatialDLPFC	SDLPFC_Br6423_ANT_MID	within_donor_adjacent_position	spatialDLPFC::Br6423	primary_expansion	forward	SDLPFC_Br6423_ANT_MID	uot	0.25	2.0	R	I_EXPR	1500	0.9999586844260822	1.0	0.0017634061796785903	0.024268602376450604	-0.0009779563211391813	0.9894507689672483	0.9999740126445644	1500	0.9890509818004365	0.9	0.0029483806741158075	0.04989739031768222	0.007924848615331223	0.880400897495689	0.9663824374288852	1500	0.04372398030401588	0.18175860762140816	0.07442512511064159	0.22610357405094023	1500	0.05413516924623596	0.08296288778664901	0.05811446447519078	0.13670237203442198	1500	0.04212364922103924	0.17881231754283736	0.07266204095006878	0.22162749227028122	1500	0.05601842089829286	0.08050026448632683	0.05908887529677048	0.12346364263209995
spatialDLPFC	SDLPFC_Br6423_ANT_MID	within_donor_adjacent_position	spatialDLPFC::Br6423	primary_expansion	forward	SDLPFC_Br6423_ANT_MID	uot	0.25	2.0	R	I_SPATIAL	1500	0.2782054072024032	0.6933333333333334	0.01904841212041824	0.4603226093205904	0.018850378083929926	1.004387776172137	0.3350184778164855	1500	0.4773120770275898	0.3	0.18134849044515597	0.3914329921611932	-0.05900324695415477	1.8413700628085758	0.21507562543676528	1500	0.020802342956475997	0.03248420102100169	0.02243176669841436	0.06061570254081267	1500	0.2814574167798181	0.3197857098275721	0.2836459049252865	0.3458647871862755	1500	0.03866258301267348	0.0607557734461393	0.04138057035376254	0.10955639337723223	1500	0.4751829328959044	0.5907963033680148	0.46329383081351544	0.6813865472666818
spatialDLPFC	SDLPFC_Br6423_ANT_MID	within_donor_adjacent_position	spatialDLPFC::Br6423	primary_expansion	forward	SDLPFC_Br6423_ANT_MID	uot	0.25	2.0	N	I_EXPR	1500	0.932254025001789	0.9733333333333334	0.004140752150144402	0.07100461427942739	0.001304418886378324	0.9927570019382855	0.9923509418165207	1500	0.625893750175	0.5533333333333333	0.07834120267856386	0.3683244610378413	0.07258977377949143	0.4814034556212561	0.4341179624779685	1500	0.02312245147539332	0.16223550912573786	0.05742819625548996	0.20494867568053332	1500	0.2886354894766461	0.32875651663755895	0.2910373740319923	0.3632288216263183	1500	0.02595173960986982	0.1618999590985952	0.058316662827702	0.20460834578371548	1500	0.21144370934227097	0.24017274261288823	0.21269617135342841	0.2802699975718204
spatialDLPFC	SDLPFC_Br6423_ANT_MID	within_donor_adjacent_position	spatialDLPFC::Br6423	primary_expansion	forward	SDLPFC_Br6423_ANT_MID	uot	0.25	2.0	N	I_SPATIAL	1500	0.8011070689364751	0.8733333333333333	0.016475905200862218	0.31149745150971964	0.007259626741345666	0.7946089289055109	0.9146211994107838	1500	0.45054505357557945	0.32	0.17805851307774848	0.3818124101717272	-0.017401893952302898	1.6621668257173345	0.1885004388103988	1500	0.023122451456505426	0.1622355091310572	0.05742819625983709	0.2049486756894312	1500	0.2886354895523183	0.3287565165573084	0.2910373740195571	0.3632288215392928	1500	0.03079565422262074	0.14170508501300924	0.05289258426035027	0.18643448471122478	1500	0.47865525132046594	0.5938188251315597	0.4663507741868929	0.6947014649863353
spatialDLPFC	SDLPFC_Br6423_ANT_MID	within_donor_adjacent_position	spatialDLPFC::Br6423	primary_expansion	reverse	SDLPFC_Br6423_ANT_MID__reverse	uot	0.25	2.0	R	I_EXPR	1500	0.9989641275396125	0.9933333333333333	0.002034481109690668	0.029395506939725043	0.0032541958891800812	0.9818430339582244	0.9985488836285992	1500	0.9928138314728141	0.8666666666666667	0.0035557184826948782	0.04819053828845015	0.0015016931252481022	1.0198748015490149	0.9818079864609188	1500	0.06460215833310254	0.0903094478047445	0.06717613375952504	0.1470631733459282	1500	0.061805229389313085	0.11559750464049022	0.07087427178150822	0.16526461761522288	1500	0.06674122842829655	0.09165460973433824	0.06921061486921572	0.1482566480629525	1500	0.06552702985765058	0.11978093388020096	0.07378457699334474	0.17574206783648033
spatialDLPFC	SDLPFC_Br6423_ANT_MID	within_donor_adjacent_position	spatialDLPFC::Br6423	primary_expansion	reverse	SDLPFC_Br6423_ANT_MID__reverse	uot	0.25	2.0	R	I_SPATIAL	1500	0.5546012847116821	0.7066666666666667	0.018776779674116655	0.45368130803649653	0.01578715780979195	1.1276755581184859	0.352100225861838	1500	0.4678565990473774	0.26666666666666666	0.1789655788931152	0.38885059443373304	-0.016341486076146477	1.682734485921011	0.19497381941016956	1500	0.023589566538072707	0.03104161131247969	0.022701955518676206	0.04716190659527631	1500	0.2802343494489211	0.32100853247366706	0.283219969450365	0.35656825042606166	1500	0.038877538769343065	0.06260489022506388	0.041387598169696144	0.09523549266675391	1500	0.4731622521211998	0.5893367928108301	0.46024252361947743	0.6728286125967806
spatialDLPFC	SDLPFC_Br6423_ANT_MID	within_donor_adjacent_position	spatialDLPFC::Br6423	primary_expansion	reverse	SDLPFC_Br6423_ANT_MID__reverse	uot	0.25	2.0	N	I_EXPR	1500	0.938971933765304	0.8533333333333334	0.008222065104317975	0.15616239172284624	0.00963115594645186	0.9672934726228292	0.9303811776812048	1500	0.8583470979320436	0.7333333333333333	0.07722565543200414	0.35562556554787245	0.02290507246909614	0.659858992162086	0.7736755338310658	1500	0.041364410208059366	0.06842024930910486	0.04447417752458612	0.14272536462174876	1500	0.2882161781900021	0.36048215141624845	0.2943800529597275	0.4379962804029197	1500	0.050576171212618926	0.07606180590260651	0.052650737566252985	0.14821073321607703	1500	0.21361517129430924	0.26630477774367595	0.2171543975277234	0.32599465513122733
spatialDLPFC	SDLPFC_Br6423_ANT_MID	within_donor_adjacent_position	spatialDLPFC::Br6423	primary_expansion	reverse	SDLPFC_Br6423_ANT_MID__reverse	uot	0.25	2.0	N	I_SPATIAL	1500	0.726176443633975	0.58	0.018252657032046645	0.6788168717947681	-0.003322362077533359	0.6792995473240926	0.5531432755887234	1500	0.5165045957798204	0.30666666666666664	0.16958301395127165	0.36695257903682743	0.10293659086828863	1.220198776037728	0.26440584875784623	1500	0.04136441021340359	0.06842024931991937	0.044474177531905086	0.14272536466360827	1500	0.2882161781775977	0.36048215139377	0.2943800529462862	0.4379962804769161	1500	0.02551496288622309	0.05081332926715189	0.02688892658750107	0.09364850052455068	1500	0.47117779840811064	0.5946853196684144	0.4621387711632687	0.7375430807734269
spatialDLPFC	SDLPFC_Br6432_ANT_MID	within_donor_adjacent_position	spatialDLPFC::Br6432	primary_expansion	forward	SDLPFC_Br6432_ANT_MID	uot	0.25	2.0	R	I_EXPR	1500	0.9999862719938987	1.0	0.00042505257204148274	0.006779135651706566	-0.0001554290813512201	0.9958056883160245	0.9999793424285762	1500	0.9931983578659369	0.9	0.001562737433441954	0.03466167871256586	0.0036671975185834016	0.9276201866696855	0.9826022602185527	1500	0.05343174904776938	0.12056670633669116	0.06312028833821134	0.17565911744962986	1500	0.04070261758519135	0.062117998593336686	0.0446500136003677	0.11360752681583434	1500	0.05304216073731202	0.12007550354997684	0.06270011309398726	0.17418859761956615	1500	0.04186574309453467	0.061301082256070775	0.0450854514693605	0.10668184959625754
spatialDLPFC	SDLPFC_Br6432_ANT_MID	within_donor_adjacent_position	spatialDLPFC::Br6432	primary_expansion	forward	SDLPFC_Br6432_ANT_MID	uot	0.25	2.0	R	I_SPATIAL	1500	0.4889682066525363	0.72	0.018681690417249257	0.4447454261968142	0.015087637142276554	1.1479012239488267	0.4781800056112866	1500	0.5408731790547463	0.37333333333333335	0.17849100584041053	0.38847014525914164	-0.222096360817029	2.408049847560172	0.2752581441081807	1500	0.02361213097369873	0.0336384351143127	0.023449508835355213	0.06850015258028339	1500	0.2789634527719901	0.31483616014101207	0.28303732109849183	0.34864545944675607	1500	0.03816450591427867	0.0630835675056452	0.04200535703537962	0.11350074834552135	1500	0.47323686096365836	0.58296278308351	0.4594716171080336	0.6895849216393148
spatialDLPFC	SDLPFC_Br6432_ANT_MID	within_donor_adjacent_position	spatialDLPFC::Br6432	primary_expansion	forward	SDLPFC_Br6432_ANT_MID	uot	0.25	2.0	N	I_EXPR	1500	0.9910599604710937	0.9866666666666667	0.005379115355585464	0.11713931070308804	0.004598734866662313	1.004763163722516	0.9924267980575375	1500	0.6991362325049923	0.5133333333333333	0.07934416474748246	0.38265062483314594	0.0582103267227291	0.5202115868803624	0.5244742849286721	1500	0.03024487855370813	0.09715750880118504	0.041126042708987426	0.161435913191671	1500	0.2838590423372031	0.3236247878133049	0.2866982355322364	0.3664363205334975	1500	0.0357290799779872	0.10208688233197215	0.04592066765033183	0.16415848422560567	1500	0.2089821081919209	0.2315688228828848	0.20735407078475393	0.25642405354167697
spatialDLPFC	SDLPFC_Br6432_ANT_MID	within_donor_adjacent_position	spatialDLPFC::Br6432	primary_expansion	forward	SDLPFC_Br6432_ANT_MID	uot	0.25	2.0	N	I_SPATIAL	1500	0.7073292032574238	0.82	0.01571341746383077	0.5116829874529861	-0.00015865492663274635	0.7505691160555797	0.7837913269892477	1500	0.4575982300436578	0.37333333333333335	0.17679683110304764	0.38315702467016166	-0.02863987288616015	1.7093276515847577	0.20057895983928542	1500	0.030244878562113088	0.09715750880835265	0.04112604271526212	0.16143591321393352	1500	0.28385904237889237	0.32362478785510485	0.28669823551570855	0.36643632047799624	1500	0.019827024117870344	0.0811864342244393	0.030709282601025564	0.1328350686988059	1500	0.47378501948017415	0.5885529606842133	0.4614213487413994	0.6936772476919795
spatialDLPFC	SDLPFC_Br6432_ANT_MID	within_donor_adjacent_position	spatialDLPFC::Br6432	primary_expansion	reverse	SDLPFC_Br6432_ANT_MID__reverse	uot	0.25	2.0	R	I_EXPR	1500	0.9998626559389582	0.9933333333333333	0.0006261177811527129	0.010144364256547434	0.0010334144442941515	0.9933333479367514	0.999787056126353	1500	0.9970977515990007	0.9266666666666666	0.001340763291813615	0.025740453444044197	-0.0008561282375300151	1.0365393877997806	0.9893670464284696	1500	0.05681828963282323	0.08561565839978981	0.06109463329978371	0.12272174663224104	1500	0.04864293291718188	0.06814952595602955	0.05107757335733724	0.11971400356817805	1500	0.057332114948692156	0.08615839287128385	0.06172075108093642	0.12341895676682317	1500	0.04945844335458113	0.07043408365278114	0.052087788380582686	0.11504283991200584
spatialDLPFC	SDLPFC_Br6432_ANT_MID	within_donor_adjacent_position	spatialDLPFC::Br6432	primary_expansion	reverse	SDLPFC_Br6432_ANT_MID__reverse	uot	0.25	2.0	R	I_SPATIAL	1500	0.4118809226137434	0.8266666666666667	0.01860880398862698	0.4438324258592991	0.013829438804860754	1.1997807864357795	0.4357759106244762	1500	0.6399045261797895	0.44	0.17752081631120703	0.38675075675219395	-0.3141449726242754	2.7295235295154496	0.39458266070354076	1500	0.023169955353007202	0.03473205896955128	0.023419366662550088	0.056576531716371524	1500	0.2831523621047527	0.3118616258220723	0.2832548251410302	0.36362461171215044	1500	0.03724346796788282	0.06487058987632435	0.04192754495708302	0.09956120725371737	1500	0.4716018687587647	0.5851105987460613	0.4590057374469507	0.6807491440577471
spatialDLPFC	SDLPFC_Br6432_ANT_MID	within_donor_adjacent_position	spatialDLPFC::Br6432	primary_expansion	reverse	SDLPFC_Br6432_ANT_MID__reverse	uot	0.25	2.0	N	I_EXPR	1500	0.9943733699437202	0.9666666666666667	0.006590281820731567	0.148880611704848	0.007373535834097162	0.9792103918884766	0.9918892691076411	1500	0.4174662939850196	0.36666666666666664	0.07930688200045967	0.3810316003929529	0.11138813817261042	0.3365841319245005	0.24641645010321078	1500	0.034707008254456176	0.06333872556812238	0.0376752658907235	0.10588417139176329	1500	0.2863849521347388	0.31601063129074786	0.28744416488899577	0.3805484847666193	1500	0.04093830109967716	0.06930246696991968	0.04426554771145508	0.11173714323304365	1500	0.20897580004183391	0.2274783657499508	0.20813728288853606	0.2574998568804161
spatialDLPFC	SDLPFC_Br6432_ANT_MID	within_donor_adjacent_position	spatialDLPFC::Br6432	primary_expansion	reverse	SDLPFC_Br6432_ANT_MID__reverse	uot	0.25	2.0	N	I_SPATIAL	1500	0.6241565938473751	0.72	0.016290223459120536	0.7097140577845208	-0.001056998063576829	0.6372939452802985	0.4976940635263267	1500	0.6724815433251304	0.44666666666666666	0.17552622958158046	0.3807395293073838	-0.3834657603390425	2.9378912535939596	0.4208390410949491	1500	0.034707008260455696	0.06333872557735304	0.037675265898202547	0.10588417140452822	1500	0.28638495206247794	0.3160106313366993	0.28744416487231367	0.38054848468349606	1500	0.02082987878649656	0.04423303178625803	0.02295322078017296	0.09197507835795948	1500	0.473445403083407	0.5892206705657324	0.46101393753594794	0.679348815789185
spatialDLPFC	SDLPFC_Br6471_ANT_MID	within_donor_adjacent_position	spatialDLPFC::Br6471	primary_expansion	forward	SDLPFC_Br6471_ANT_MID	uot	0.25	2.0	R	I_EXPR	1500	0.9998338665928297	0.9866666666666667	0.000435599652750462	0.007321806563458686	-6.329210454260623e-06	1.0013793335443457	0.9996850135932104	1500	0.9921992463107762	0.92	0.003663268650468579	0.05366823973049032	0.0011522835312031024	1.0294626490593997	0.9815321509997672	1500	0.05078100891041867	0.11274920891304749	0.05941783858982778	0.16523954967082294	1500	0.05671798050727786	0.1057817801879252	0.06518486131877084	0.18602797401352228	1500	0.05074341416369943	0.1134099582304697	0.059493466397272966	0.16624227050725318	1500	0.06025555654340678	0.10856971943636261	0.06825766354299452	0.1999094663439197
spatialDLPFC	SDLPFC_Br6471_ANT_MID	within_donor_adjacent_position	spatialDLPFC::Br6471	primary_expansion	forward	SDLPFC_Br6471_ANT_MID	uot	0.25	2.0	R	I_SPATIAL	1500	0.2435075322255699	0.7666666666666667	0.018276638819075274	0.45920472793492545	0.014870187025124154	1.153970116848576	0.21533877857088823	1500	0.5324728873212834	0.49333333333333335	0.18112910588971692	0.3976437764299187	-0.24296818759888278	2.523270134416678	0.2696547406315768	1500	0.021892698243810405	0.027648186009284127	0.021604065432035198	0.04290271591482119	1500	0.27351304504623886	0.30475088446289245	0.27681306390135313	0.3687143105959	1500	0.036385774409488134	0.05915993649361956	0.03980063293613406	0.08881060624415336	1500	0.4706432517670479	0.5802116751449401	0.4555059493597767	0.6729968309986216
spatialDLPFC	SDLPFC_Br6471_ANT_MID	within_donor_adjacent_position	spatialDLPFC::Br6471	primary_expansion	forward	SDLPFC_Br6471_ANT_MID	uot	0.25	2.0	N	I_EXPR	1500	0.9842220480986881	0.9733333333333334	0.0049440135917200425	0.11327583825753912	0.00366657887642005	1.0098199433562016	0.9901587303936029	1500	0.736541881129725	0.6466666666666666	0.07185364716831277	0.3651075633004011	0.03400429251803519	0.6059706459580387	0.7054774593052271	1500	0.028230347838059947	0.09605160465676531	0.03959043654220116	0.149891325263915	1500	0.26531864658862553	0.303705570140519	0.2686549583183462	0.42178329638232925	1500	0.03355849134827561	0.09961372503273798	0.04364579126291296	0.15191610526016402	1500	0.1963684891175413	0.2192512720571053	0.19680131115003344	0.32383327183601857
spatialDLPFC	SDLPFC_Br6471_ANT_MID	within_donor_adjacent_position	spatialDLPFC::Br6471	primary_expansion	forward	SDLPFC_Br6471_ANT_MID	uot	0.25	2.0	N	I_SPATIAL	1500	0.7178292825907924	0.74	0.014680548510510176	0.4537263764062207	0.0049792591789993125	0.6914864713014568	0.7703674280057742	1500	0.4442896267953897	0.62	0.17462499036817355	0.39603336069425715	0.039332852785766245	1.494862411845747	0.20183347012505504	1500	0.028230347836507977	0.09605160466462373	0.0395904365466938	0.14989132527389273	1500	0.26531864653664705	0.3037055700685243	0.268654958289485	0.42178329641972095	1500	0.024133844185001637	0.07691288411331966	0.03235551044395686	0.13471498291313067	1500	0.4525672190425802	0.5667308755267358	0.44093505168870434	0.6727096254565468
spatialDLPFC	SDLPFC_Br6471_ANT_MID	within_donor_adjacent_position	spatialDLPFC::Br6471	primary_expansion	reverse	SDLPFC_Br6471_ANT_MID__reverse	uot	0.25	2.0	R	I_EXPR	1500	0.9997505883335949	0.9866666666666667	0.0007034286756821813	0.011907667538754543	0.0008038011993521318	0.9981816110395427	0.999505236645248	1500	0.9927383505503781	0.9266666666666666	0.003733907834787616	0.052670647135975926	-0.001099623766638556	1.0673698152374902	0.9855173115382089	1500	0.052120634525689796	0.09379704605465716	0.05837593943824792	0.13229580064610094	1500	0.06284290142249307	0.10044977866543382	0.06744733555207184	0.17659540277112587	1500	0.052700623654498124	0.0943451438761646	0.059073590473769214	0.13370014806559577	1500	0.06672767814768724	0.10677112944098086	0.07089162631983734	0.18337923969378317
spatialDLPFC	SDLPFC_Br6471_ANT_MID	within_donor_adjacent_position	spatialDLPFC::Br6471	primary_expansion	reverse	SDLPFC_Br6471_ANT_MID__reverse	uot	0.25	2.0	R	I_SPATIAL	1500	0.19947428243301443	0.5933333333333334	0.018284466883702787	0.45739269346393674	0.02176290513530146	0.8364625355244973	0.1363777455120212	1500	0.4809852768823453	0.4266666666666667	0.1810113141668126	0.3975494717124924	-0.2048795752137637	2.385130739949998	0.2254578722827637	1500	0.021816117791431916	0.027970308927074077	0.021773263179624715	0.04111457195504404	1500	0.2748804822951637	0.3050944820444499	0.27679710461116463	0.34833652276759847	1500	0.03833606333426172	0.05673469275613836	0.03997542406117257	0.0793078627244497	1500	0.47013627769668775	0.578467014468353	0.4553177077234803	0.6536246184117966
spatialDLPFC	SDLPFC_Br6471_ANT_MID	within_donor_adjacent_position	spatialDLPFC::Br6471	primary_expansion	reverse	SDLPFC_Br6471_ANT_MID__reverse	uot	0.25	2.0	N	I_EXPR	1500	0.9944520295342354	0.98	0.005837977482790334	0.13730084306446863	0.00545119592477094	1.008155324176985	0.9923381852854823	1500	0.809300206800092	0.4866666666666667	0.07175627376092625	0.3630988496920298	0.03478880219118195	0.6044776522452481	0.6700111155725168	1500	0.03082323325066818	0.07158751440406001	0.03676854869083175	0.1127500127668855	1500	0.26597211281820415	0.30736285243298395	0.2693781440086229	0.39509446172602936	1500	0.03721718576936071	0.07757845929383675	0.04251960404969366	0.12028246230981665	1500	0.1979087663279377	0.22542987498800018	0.1976218702476967	0.26925011081005645
spatialDLPFC	SDLPFC_Br6471_ANT_MID	within_donor_adjacent_position	spatialDLPFC::Br6471	primary_expansion	reverse	SDLPFC_Br6471_ANT_MID__reverse	uot	0.25	2.0	N	I_SPATIAL	1500	0.7403784908348848	0.7933333333333333	0.015777032953887674	0.7029666493697925	-0.002740458041240608	0.6849321035879423	0.7156038972524534	1500	0.34042303485468217	0.3933333333333333	0.17438124865262944	0.39522447610431566	0.10751579483061258	1.2387975235345705	0.12439220743543888	1500	0.030823233252578644	0.07158751441041371	0.03676854869729344	0.11275001277342805	1500	0.26597211281557426	0.30736285239837424	0.26937814397992854	0.39509446173414964	1500	0.017131273319098493	0.04880680429137031	0.022443501363872295	0.09361524249646141	1500	0.45377793968357105	0.5691268118975579	0.44122077248728697	0.6465575333198506
spatialDLPFC	SDLPFC_Br6522_ANT_MID	within_donor_adjacent_position	spatialDLPFC::Br6522	primary_expansion	forward	SDLPFC_Br6522_ANT_MID	uot	0.25	2.0	R	I_EXPR	1500	0.9998924515077563	0.9866666666666667	0.0004798788150664103	0.0074589983480133045	0.0002946400576762713	0.9957044180313314	0.9998501959173226	1500	0.9813128450279313	0.7533333333333333	0.005631416766153895	0.07429386959557398	0.010088441778453722	0.8933770647500674	0.9367014726365195	1500	0.046274982313169705	0.1387011205346471	0.06431719695974689	0.2247779812313074	1500	0.0690331093753491	0.1057011481399447	0.07355323159573794	0.2111770219634817	1500	0.04613476544155423	0.13863852729546808	0.0643355572258875	0.2260684094262441	1500	0.07362744093421397	0.1073345579545916	0.075799211924336	0.18697524097775808
spatialDLPFC	SDLPFC_Br6522_ANT_MID	within_donor_adjacent_position	spatialDLPFC::Br6522	primary_expansion	forward	SDLPFC_Br6522_ANT_MID	uot	0.25	2.0	R	I_SPATIAL	1500	0.4213955721758099	0.58	0.01931915103341558	0.45955521352421624	0.017661168768753514	1.0651662359421579	0.2807681612207036	1500	0.6713277970345766	0.4866666666666667	0.18226657023278903	0.38936209895513013	-0.5001695053241738	3.3551154539041357	0.3917498248147617	1500	0.02346650823632479	0.031771153033959124	0.02288622497389079	0.04591890388085088	1500	0.2873627047974954	0.3140346903232734	0.2885997127240549	0.35603878662269206	1500	0.03912153446719026	0.06363355305805529	0.04203880287911815	0.08932007471804511	1500	0.4870845986494104	0.5909513189819128	0.46811585082859675	0.6879997704276881
spatialDLPFC	SDLPFC_Br6522_ANT_MID	within_donor_adjacent_position	spatialDLPFC::Br6522	primary_expansion	forward	SDLPFC_Br6522_ANT_MID	uot	0.25	2.0	N	I_EXPR	1500	0.952732195880976	0.9733333333333334	0.006049476144733514	0.12503154845894643	0.004558071245841686	1.007530603843622	0.9887845672917527	1500	0.6977420345520153	0.3466666666666667	0.0847209853983311	0.39071439246749795	0.03118657179549367	0.6156364333998579	0.5241058888282144	1500	0.022604999471184745	0.11880868098097085	0.04349796057932363	0.20500307856965264	1500	0.3005522456020946	0.3386064933131937	0.30155708622197486	0.440245759704257	1500	0.029282642433498977	0.12323313471366237	0.0483835977342937	0.21363210314013228	1500	0.21812126229495726	0.251790666139739	0.21683610082364377	0.33079978727570647
spatialDLPFC	SDLPFC_Br6522_ANT_MID	within_donor_adjacent_position	spatialDLPFC::Br6522	primary_expansion	forward	SDLPFC_Br6522_ANT_MID	uot	0.25	2.0	N	I_SPATIAL	1500	0.6525635646949177	0.8333333333333334	0.01720427753913058	0.44637184237041916	0.008923368070878752	0.6809310351705556	0.8069236896175814	1500	0.44188062661361194	0.5866666666666667	0.18447177904424333	0.381990550447017	0.03941849507807235	1.4707128024098632	0.20034847687637913	1500	0.022604999472703984	0.11880868098724365	0.04349796058468473	0.20500307857014768	1500	0.30055224560148547	0.3386064932229605	0.30155708620736854	0.4402457598776983	1500	0.02690904281442115	0.09393479145058548	0.038542479399616136	0.17737103020593695	1500	0.49974641114972684	0.6075179740527662	0.4829223624206641	0.6953255925224733
spatialDLPFC	SDLPFC_Br6522_ANT_MID	within_donor_adjacent_position	spatialDLPFC::Br6522	primary_expansion	reverse	SDLPFC_Br6522_ANT_MID__reverse	uot	0.25	2.0	R	I_EXPR	1500	0.9996948905310625	0.9866666666666667	0.0008179317499181676	0.01286804133101893	0.0009611616453798863	0.9971527386281069	0.9996421641730685	1500	0.9817474229988546	0.82	0.005225054278462134	0.06556737898050695	0.007569590916006756	0.935340244759537	0.9537414073972182	1500	0.04840581737417362	0.12234970600368729	0.06278062530351505	0.18750525080783648	1500	0.07222993264749374	0.10945939525248766	0.07710590306300931	0.21269016683082706	1500	0.04910442335566169	0.12257910970684904	0.06356303409956497	0.18786594569010343	1500	0.07567154147998571	0.11339983080167622	0.07968984515936701	0.20794304926273813
spatialDLPFC	SDLPFC_Br6522_ANT_MID	within_donor_adjacent_position	spatialDLPFC::Br6522	primary_expansion	reverse	SDLPFC_Br6522_ANT_MID__reverse	uot	0.25	2.0	R	I_SPATIAL	1500	0.3032825490144662	0.49333333333333335	0.019248603146664732	0.45836489923537427	0.021018869441384997	0.9163133487346568	0.19714716783038644	1500	0.7649686635416283	0.58	0.18155203761974903	0.3885193204928681	-0.8087682174452819	4.426755114482769	0.5318358732163635	1500	0.023416767710242942	0.030811145676708104	0.022890849218972685	0.046264019877180027	1500	0.2848704757014455	0.31343940927909486	0.28826089487372014	0.3518973762168519	1500	0.03826212934739565	0.06392645334153663	0.041994060144601976	0.09305709788523119	1500	0.4765149285517039	0.6078272065859385	0.4672921732423387	0.6877331150886314
spatialDLPFC	SDLPFC_Br6522_ANT_MID	within_donor_adjacent_position	spatialDLPFC::Br6522	primary_expansion	reverse	SDLPFC_Br6522_ANT_MID__reverse	uot	0.25	2.0	N	I_EXPR	1500	0.9768255079224479	0.9733333333333334	0.0070261376514954834	0.14664275445334443	0.007136403169317204	0.9935653724685654	0.9883272595666055	1500	0.5657876932389748	0.46	0.08428960251820927	0.3870587574769406	0.04910607950090635	0.5583789099396546	0.37225000512163875	1500	0.026318057647948943	0.10135798678575626	0.04104097589071918	0.16857483603027168	1500	0.2996637423837901	0.3395429771203597	0.30205912946976243	0.42620580052007284	1500	0.03393358574722037	0.10619629380211462	0.04791329566665297	0.17797003700294178	1500	0.21610246685023432	0.25155363327636454	0.2177695269515531	0.3273864009945039
spatialDLPFC	SDLPFC_Br6522_ANT_MID	within_donor_adjacent_position	spatialDLPFC::Br6522	primary_expansion	reverse	SDLPFC_Br6522_ANT_MID__reverse	uot	0.25	2.0	N	I_SPATIAL	1500	0.624179576968701	0.8466666666666667	0.01639850241679204	0.5370682377029706	0.0004989288213710063	0.7318159237582554	0.7583604457952602	1500	0.46625569166919634	0.38	0.18162862781875946	0.3773673002650971	-0.059527501379376166	1.7904842991562668	0.21768029101568032	1500	0.026318057648794184	0.10135798678360725	0.04104097589783197	0.16857483605491874	1500	0.2996637423174464	0.3395429771965858	0.30205912945413765	0.4262058006382546	1500	0.019327948793466904	0.08220805450576402	0.030533368509983175	0.14010885057398498	1500	0.4826975439248964	0.6234535598441883	0.4813046273250676	0.7519698827355445
spatialDLPFC	SDLPFC_Br8325_ANT_MID	within_donor_adjacent_position	spatialDLPFC::Br8325	primary_expansion	forward	SDLPFC_Br8325_ANT_MID	uot	0.25	2.0	R	I_EXPR	1500	0.999975150211178	0.9866666666666667	0.0001802666388180077	0.0029512532790885587	0.00014078701032166889	0.9974273026847037	0.9999058565781999	1500	0.9945033220014765	0.8866666666666667	0.0013666574379194306	0.028181797012320334	0.0020128506772149027	0.9703947056222878	0.9853436912170299	1500	0.05583411012508287	0.10340342381453131	0.06109778444995516	0.14300970617068837	1500	0.04301408130857103	0.06552843418168407	0.047899562585701994	0.14742003241995366	1500	0.05568937644460013	0.10400910799502748	0.06108138535425187	0.1430328507010805	1500	0.043780950855816334	0.06671755870012083	0.04849433261200357	0.14355761451753185
spatialDLPFC	SDLPFC_Br8325_ANT_MID	within_donor_adjacent_position	spatialDLPFC::Br8325	primary_expansion	forward	SDLPFC_Br8325_ANT_MID	uot	0.25	2.0	R	I_SPATIAL	1500	0.20850389711284317	0.7066666666666667	0.018736435841763287	0.4535067698032956	0.01576515621462487	1.1293756630264835	0.1995382828227109	1500	0.3448706350536156	0.32666666666666666	0.18099130575517006	0.3921851859590135	0.08545141782063743	1.3323498472856172	0.12699564387472662	1500	0.022779048038869265	0.0285039966445446	0.02262259729564641	0.042531873703590496	1500	0.28035927588756404	0.32085989761586337	0.28224049528153056	0.3581435017741347	1500	0.03903141183525357	0.05866758059211944	0.04131456703477667	0.09200578280342812	1500	0.47778839917863053	0.5876511728712536	0.46149449860680125	0.660966310719991
spatialDLPFC	SDLPFC_Br8325_ANT_MID	within_donor_adjacent_position	spatialDLPFC::Br8325	primary_expansion	forward	SDLPFC_Br8325_ANT_MID	uot	0.25	2.0	N	I_EXPR	1500	0.996351344156153	0.98	0.005827999660692482	0.13111512368717276	0.0054701859409386445	1.0045750302737888	0.993129798735835	1500	0.825779776791012	0.58	0.07820761946423978	0.37571410823893775	0.050975575732532495	0.5488860391731563	0.7013219148506107	1500	0.03355520543241944	0.0809085352288285	0.03880177926441461	0.12016924313702662	1500	0.28528957622033885	0.32824864068076504	0.28636487986315773	0.3767252337321864	1500	0.03947388255723039	0.08673015467849014	0.044449484520164825	0.12598299224375098	1500	0.20946673717632563	0.23233095121199618	0.20815726039891788	0.27256416881400836
spatialDLPFC	SDLPFC_Br8325_ANT_MID	within_donor_adjacent_position	spatialDLPFC::Br8325	primary_expansion	forward	SDLPFC_Br8325_ANT_MID	uot	0.25	2.0	N	I_SPATIAL	1500	0.6900961538205129	0.82	0.015519861261195273	0.5776937007100736	-0.00336540069579901	0.7791036641033071	0.702954771222723	1500	0.33957899536844244	0.3	0.1782004962967516	0.38467878093722874	0.13414890455011688	1.1492192378404251	0.1168964498876387	1500	0.033555205444763786	0.08090853523625209	0.03880177927108057	0.12016924314146356	1500	0.2852895762096389	0.32824864069642096	0.2863648798423619	0.37672523372945743	1500	0.018947333792754983	0.0668859656065699	0.02686520770802762	0.10721872145393775	1500	0.4792507156695286	0.5858023276479379	0.46324493350682133	0.6765585895823011
spatialDLPFC	SDLPFC_Br8325_ANT_MID	within_donor_adjacent_position	spatialDLPFC::Br8325	primary_expansion	reverse	SDLPFC_Br8325_ANT_MID__reverse	uot	0.25	2.0	R	I_EXPR	1500	0.9999611022049343	0.9933333333333333	0.00030126006666792376	0.00493422821934711	0.0004002540240909156	0.9983116898808732	0.9998320145445005	1500	0.9967380358835716	0.9466666666666667	0.001319925797486143	0.025986960135436638	0.0025119235745517292	0.9633647053289325	0.9875183817694736	1500	0.055944700118287484	0.0915601528036929	0.06075747802140999	0.1363732722953969	1500	0.04555409540941834	0.0660793794451158	0.05011593925625145	0.15146531639563784	1500	0.056194011917781096	0.09160589244579148	0.06105515458054473	0.13661405584631234	1500	0.04647960280076817	0.06824528603440805	0.05079185062843309	0.14043570044373563
spatialDLPFC	SDLPFC_Br8325_ANT_MID	within_donor_adjacent_position	spatialDLPFC::Br8325	primary_expansion	reverse	SDLPFC_Br8325_ANT_MID__reverse	uot	0.25	2.0	R	I_SPATIAL	1500	0.19047853799046136	0.48	0.01904022946360611	0.45819254293221273	0.023390343624100963	0.8033061807140145	0.17400454122578124	1500	0.3346011976005323	0.22	0.18402851564696804	0.3969465362596872	0.11265188236747375	1.2437531195865048	0.11606386134738678	1500	0.020991258877715448	0.03136125162935724	0.02261247391481265	0.05367916710952236	1500	0.27936302381928835	0.31947561061062746	0.2821769405621115	0.37788737263872163	1500	0.03903154816233788	0.0596350658635895	0.04155508368110438	0.10314052041752744	1500	0.47915052248499856	0.5866563196645445	0.4636103324669758	0.6890946232321709
spatialDLPFC	SDLPFC_Br8325_ANT_MID	within_donor_adjacent_position	spatialDLPFC::Br8325	primary_expansion	reverse	SDLPFC_Br8325_ANT_MID__reverse	uot	0.25	2.0	N	I_EXPR	1500	0.9962599485599772	0.9666666666666667	0.006133382151364607	0.1382272500713597	0.005196542264681771	1.0198247567476426	0.9895346521967681	1500	0.7719137297394356	0.44666666666666666	0.07817878707554449	0.3757685878292887	0.04213784440339122	0.5796492567189194	0.6051373747828155	1500	0.03482372222295459	0.06865013605551093	0.038413646058495565	0.11491805752135259	1500	0.28338739721519685	0.3262454317094127	0.28622913936060845	0.44569096453938273	1500	0.04049993252840126	0.07481751231599792	0.04437172951207706	0.12524158142790826	1500	0.20726283319544148	0.24194183464297983	0.2080503522850639	0.2978132907394895
spatialDLPFC	SDLPFC_Br8325_ANT_MID	within_donor_adjacent_position	spatialDLPFC::Br8325	primary_expansion	reverse	SDLPFC_Br8325_ANT_MID__reverse	uot	0.25	2.0	N	I_SPATIAL	1500	0.7009571790920797	0.6466666666666666	0.017841582026531765	0.8080566178402984	-0.00048710950533927195	0.5874664484413308	0.5952337996734357	1500	0.2149965293317908	0.24666666666666667	0.18355522640474564	0.39347941380979584	0.2653914158920601	0.702588014796476	0.053108703855660355	1500	0.034823722229762336	0.06865013607268036	0.038413646065685	0.11491805754921854	1500	0.283387397185139	0.32624543166365727	0.28622913933986777	0.44569096469477565	1500	0.018970454360528362	0.046379535549460664	0.022079618720550986	0.08621911541149371	1500	0.48108982656963684	0.5870845381734588	0.46649257867776145	0.6891426115367885
spatialDLPFC	SDLPFC_Br8492_ANT_MID	within_donor_adjacent_position	spatialDLPFC::Br8492	primary_expansion	forward	SDLPFC_Br8492_ANT_MID	uot	0.25	2.0	R	I_EXPR	1500	0.9999941475529547	0.9933333333333333	9.015090332685446e-05	0.0015148585573259187	0.0002914191367662921	0.995337024904788	0.9999903441456657	1500	0.9953086343593931	0.9066666666666666	0.0005347544284443304	0.012920960498732856	0.0007625053298670047	0.9895683858148762	0.988661517312727	1500	0.056812394658834864	0.086925798485587	0.0594971172354242	0.13416227940480166	1500	0.03970455830895104	0.04790009693291945	0.04105232153226851	0.08423462054862085	1500	0.05680195960186531	0.0868823265227796	0.05951110279628482	0.1342251272084227	1500	0.03992843942963412	0.048376153195111384	0.04138658488250724	0.08155306239209673
spatialDLPFC	SDLPFC_Br8492_ANT_MID	within_donor_adjacent_position	spatialDLPFC::Br8492	primary_expansion	forward	SDLPFC_Br8492_ANT_MID	uot	0.25	2.0	R	I_SPATIAL	1500	0.06479690702084756	0.4266666666666667	0.019034023147329913	0.46148794799175186	0.024553857493903698	0.7471557023030428	0.06331227474282464	1500	0.6705608313603696	0.5333333333333333	0.17972937589447952	0.38807399892945266	-0.5408173026666974	3.505427710149323	0.41041940984725656	1500	0.022082678911786495	0.027504966832380993	0.022339440133196126	0.03790545857631243	1500	0.2839660397930378	0.31436358050597163	0.286398436561312	0.3420566998938437	1500	0.03914883436721704	0.059100446803337106	0.04124489757567863	0.07980403874484643	1500	0.47903714583139234	0.5965112609754242	0.46313171299876815	0.7059250498260662
spatialDLPFC	SDLPFC_Br8492_ANT_MID	within_donor_adjacent_position	spatialDLPFC::Br8492	primary_expansion	forward	SDLPFC_Br8492_ANT_MID	uot	0.25	2.0	N	I_EXPR	1500	0.9961491253996114	0.9733333333333334	0.006053078531959896	0.13989110917257164	0.00693645212285669	0.9745840461161341	0.9918225261424385	1500	0.6504283637459395	0.5266666666666666	0.0810530046852335	0.3872540305314268	0.06364583012237283	0.5016483893650262	0.46510865270565727	1500	0.03501997330716694	0.06577331968889442	0.0372810105393559	0.11411884903320052	1500	0.28788493096298584	0.3221950654413311	0.29035490549180454	0.365196617911162	1500	0.041002432924226784	0.07082247152526681	0.043269930217600415	0.11981188911779624	1500	0.20927139104841191	0.23199619931166834	0.209301900806571	0.26078681010711924
spatialDLPFC	SDLPFC_Br8492_ANT_MID	within_donor_adjacent_position	spatialDLPFC::Br8492	primary_expansion	forward	SDLPFC_Br8492_ANT_MID	uot	0.25	2.0	N	I_SPATIAL	1500	0.6716723696321644	0.5866666666666667	0.015209423490032275	0.5934874669235042	0.0008960664338751794	0.6633708607481131	0.5477229207868839	1500	0.682441967307541	0.5266666666666666	0.17706374642651898	0.3811869326474057	-0.42061212367904327	3.0484019579435997	0.42343346146891536	1500	0.0350199733162955	0.06577331969324733	0.03728101054676535	0.11411884905971499	1500	0.2878849309741971	0.32219506536541986	0.2903549054696856	0.3651966178359961	1500	0.022041324766450498	0.05322983485731296	0.02562720248984238	0.0953804885026241	1500	0.4791832025547147	0.5977388610952936	0.464506338653275	0.7129784801541916
spatialDLPFC	SDLPFC_Br8492_ANT_MID	within_donor_adjacent_position	spatialDLPFC::Br8492	primary_expansion	reverse	SDLPFC_Br8492_ANT_MID__reverse	uot	0.25	2.0	R	I_EXPR	1500	0.9999916124407168	1.0	0.00013883487902936127	0.002326110426561972	0.0004132906945443709	0.9952455180859572	0.9999845563932843	1500	0.9964971077764925	0.9533333333333334	0.0005219285167420809	0.012299301822129875	0.0012149375696619764	0.9787806276249688	0.9920106033195911	1500	0.05620946713721465	0.08484458455510853	0.059555284366801894	0.1259589153912205	1500	0.04055756076472035	0.05002445352166259	0.042114323433790075	0.07320885250543524	1500	0.056331586982089815	0.084898234502571	0.059685420538938654	0.12583529621968947	1500	0.04089721000273406	0.05064129913933878	0.04243562149218795	0.07212028870556092
spatialDLPFC	SDLPFC_Br8492_ANT_MID	within_donor_adjacent_position	spatialDLPFC::Br8492	primary_expansion	reverse	SDLPFC_Br8492_ANT_MID__reverse	uot	0.25	2.0	R	I_SPATIAL	1500	-0.029485701993645332	0.41333333333333333	0.01931434690208153	0.4650714315219037	0.027957540109098938	0.6077447137940452	0.03320711574627577	1500	0.6932688734528327	0.6733333333333333	0.18186429567599474	0.3906809853740385	-0.5800603985897831	3.6466908021017246	0.4320209407358059	1500	0.021799890916159335	0.02714934830034493	0.022332255341772633	0.03406804044908372	1500	0.2837686109835197	0.31271921218824994	0.28671646014642654	0.34846598355110014	1500	0.0392919097135199	0.059954663031601366	0.04152985024016009	0.08131291404992953	1500	0.4803558824097236	0.596756613085774	0.46550587943735633	0.6801204470749334
spatialDLPFC	SDLPFC_Br8492_ANT_MID	within_donor_adjacent_position	spatialDLPFC::Br8492	primary_expansion	reverse	SDLPFC_Br8492_ANT_MID__reverse	uot	0.25	2.0	N	I_EXPR	1500	0.9947569505586448	0.96	0.006208813149747044	0.14295003817927782	0.006252870436935099	0.9988164481253282	0.9930186994897202	1500	0.5458595741598108	0.22	0.08138262704768992	0.38942010367731766	0.0690798839816863	0.48181911293032614	0.29146874842092674	1500	0.03423608850631436	0.06330245943119395	0.03722463554902413	0.10268768281219079	1500	0.2888759265631301	0.31803694118921677	0.29036677111007614	0.36467731319586416	1500	0.04003199370952854	0.06972981456052806	0.04343344869877118	0.10955306328799726	1500	0.20806274773066308	0.23371515189588363	0.2089841440623862	0.27204951942337346
spatialDLPFC	SDLPFC_Br8492_ANT_MID	within_donor_adjacent_position	spatialDLPFC::Br8492	primary_expansion	reverse	SDLPFC_Br8492_ANT_MID__reverse	uot	0.25	2.0	N	I_SPATIAL	1500	0.6688590243817887	0.72	0.01773174272926292	0.8873431308617169	-0.0005559976712467546	0.5517571323025376	0.5582626133499407	1500	0.5818064274695234	0.58	0.18154845962599525	0.3876035869667465	-0.3556056915397622	2.8377649156098874	0.29928247016300946	1500	0.03423608850166773	0.0633024594436952	0.03722463555703703	0.10268768282576121	1500	0.2888759264966224	0.3180369410886952	0.29036677108756637	0.36467731321393304	1500	0.017831030328475127	0.038075562308129016	0.019982960494711065	0.07202951049422922	1500	0.47958649773884154	0.5991674570734228	0.46838694411146087	0.6858505076559485
spatialDLPFC	SDLPFC_Br8667_ANT_MID	within_donor_adjacent_position	spatialDLPFC::Br8667	primary_expansion	forward	SDLPFC_Br8667_ANT_MID	uot	0.25	2.0	R	I_EXPR	1500	0.9999845084375594	0.9866666666666667	0.0006209199606502483	0.009578667047790236	-0.0002937296897092889	0.9951579339167183	0.9999688764863311	1500	0.9877362861050162	0.9	0.0025682932259651252	0.048382510743242374	0.0060816776713491635	0.9004011859060675	0.9681263481340574	1500	0.05282188482514637	0.13781341622904422	0.06543377593235995	0.20590762305164023	1500	0.04695066957797408	0.07548627143128489	0.052200523694788864	0.1387153906886629	1500	0.05224367241234825	0.13686262994744705	0.06482321157550751	0.2040001938977967	1500	0.04923872178841307	0.07445023664492595	0.05308309111105485	0.12664917913040108
spatialDLPFC	SDLPFC_Br8667_ANT_MID	within_donor_adjacent_position	spatialDLPFC::Br8667	primary_expansion	forward	SDLPFC_Br8667_ANT_MID	uot	0.25	2.0	R	I_SPATIAL	1500	0.38198909066181813	0.5133333333333333	0.01900550375448423	0.45439972596151085	0.022298899080635648	0.8511467497970491	0.31531237380257326	1500	0.38352851534600685	0.36666666666666664	0.18254815442051517	0.3950025788312541	-0.03194151609788829	1.750433289550476	0.15731612361431413	1500	0.0208198099007826	0.03738416967617223	0.022941541591381964	0.05519951080631751	1500	0.2788383750985587	0.3141304734402268	0.2822648130801165	0.38127423723417614	1500	0.0388307756980329	0.06357243532244282	0.041825517641474234	0.10034131412876604	1500	0.4731883298092774	0.6000268117415899	0.4621442091862902	0.6909911613903255
spatialDLPFC	SDLPFC_Br8667_ANT_MID	within_donor_adjacent_position	spatialDLPFC::Br8667	primary_expansion	forward	SDLPFC_Br8667_ANT_MID	uot	0.25	2.0	N	I_EXPR	1500	0.9786961718649654	0.9666666666666667	0.005113762234183358	0.10316592507356678	0.003067938638657906	1.014048696538106	0.9912441574937838	1500	0.578779265235229	0.3333333333333333	0.07968129113022458	0.38707252310313817	0.05618557418879943	0.5241715911344902	0.39316498628988883	1500	0.03005280523464387	0.11642959267101369	0.04585616824116742	0.1752601848870883	1500	0.28277041979136797	0.32045068037073376	0.2855375231650491	0.3839011645867058	1500	0.03507344108074405	0.12023117905433717	0.04956832627184582	0.18312716924801048	1500	0.20438508171227981	0.23600610957362375	0.2058562320348245	0.2667674090155333
spatialDLPFC	SDLPFC_Br8667_ANT_MID	within_donor_adjacent_position	spatialDLPFC::Br8667	primary_expansion	forward	SDLPFC_Br8667_ANT_MID	uot	0.25	2.0	N	I_SPATIAL	1500	0.7130217426763301	0.8666666666666667	0.0157294461881671	0.4068087568574886	0.004241497529977035	0.750694182067961	0.8238443073843584	1500	0.3085241620107387	0.31333333333333335	0.18283143274458885	0.3927106073300549	0.08372732614128597	1.337251321240723	0.10326932140071066	1500	0.030052805240603456	0.11642959268234722	0.04585616824647516	0.17526018490328607	1500	0.2827704197362056	0.3204506803616934	0.2855375231354033	0.38390116460052726	1500	0.026582450031076715	0.09946261664169309	0.03866545624453549	0.15295306887132779	1500	0.4768294234691472	0.6034321362829276	0.46556275621790777	0.7033346104585664
spatialDLPFC	SDLPFC_Br8667_ANT_MID	within_donor_adjacent_position	spatialDLPFC::Br8667	primary_expansion	reverse	SDLPFC_Br8667_ANT_MID__reverse	uot	0.25	2.0	R	I_EXPR	1500	0.9997604727824324	0.9933333333333333	0.0009690152253405939	0.015318657850328555	0.0009840747592831497	0.9997582280362343	0.9996253255496238	1500	0.995472271765454	0.8933333333333333	0.002390461780564987	0.037926245731572696	0.00267895600337324	0.9839133857782816	0.9809754002337232	1500	0.05641212497610851	0.0916620982110457	0.06228817315293565	0.1516625207304144	1500	0.0569718373376522	0.08354509743799939	0.06133697067507794	0.19667158292368186	1500	0.057223742896552826	0.09222042564410848	0.06325718837827626	0.1541449942395226	1500	0.059082438827285144	0.08694845053278624	0.06302922249367236	0.18147177258891403
spatialDLPFC	SDLPFC_Br8667_ANT_MID	within_donor_adjacent_position	spatialDLPFC::Br8667	primary_expansion	reverse	SDLPFC_Br8667_ANT_MID__reverse	uot	0.25	2.0	R	I_SPATIAL	1500	0.363926231078325	0.5466666666666666	0.018898749833303436	0.453322401801383	0.02264391209880174	0.8313107852836708	0.212224279497934	1500	0.4734879224390766	0.38	0.18279715581029898	0.3960183887511878	-0.2167933368005317	2.4059069148081895	0.2065377545510103	1500	0.023570116412895754	0.03223025600832593	0.02291021874543539	0.05091505054070964	1500	0.28197334421646614	0.3102262712356525	0.2819647250497896	0.34269366508375587	1500	0.03928155479566589	0.060579075471322484	0.041689424035090294	0.10001572917073959	1500	0.47063083660181815	0.6042697245203877	0.46158754492874726	0.696814553044357
spatialDLPFC	SDLPFC_Br8667_ANT_MID	within_donor_adjacent_position	spatialDLPFC::Br8667	primary_expansion	reverse	SDLPFC_Br8667_ANT_MID__reverse	uot	0.25	2.0	N	I_EXPR	1500	0.9895116540051796	0.9866666666666667	0.006801006569696919	0.14711627056248494	0.006839253777013478	0.9990299426445988	0.9911801120652889	1500	0.648552668690075	0.4266666666666667	0.07887719599788569	0.3793777485986152	0.03831841287169006	0.5913528116176242	0.4968898489315575	1500	0.033636062582589006	0.06850912990390373	0.03942777929942499	0.14849309293899166	1500	0.28622912497050457	0.3228171033621329	0.2867892211212632	0.36595579054601396	1500	0.04085420330084616	0.07480239903839739	0.04622878586912191	0.15108479175815923	1500	0.20754616263627873	0.23701360349845643	0.2079120251233775	0.2854944181161031
spatialDLPFC	SDLPFC_Br8667_ANT_MID	within_donor_adjacent_position	spatialDLPFC::Br8667	primary_expansion	reverse	SDLPFC_Br8667_ANT_MID__reverse	uot	0.25	2.0	N	I_SPATIAL	1500	0.6573405872624833	0.78	0.016382078166233393	0.6555373081838332	-0.00434632254282441	0.7440598842959664	0.6563493415320597	1500	0.3820467297985466	0.35333333333333333	0.18120785734481373	0.3895079431828416	0.043932353217902925	1.4689887600364198	0.13112297233657633	1500	0.03363606259153147	0.06850912991238804	0.039427779307249076	0.14849309297291177	1500	0.2862291250177023	0.3228171032178855	0.2867892210912609	0.3659557905132603	1500	0.0192305835919616	0.05187043114412721	0.02499030636657425	0.11608480956157516	1500	0.47367772963741617	0.6063409563313764	0.4652224955005647	0.6975977994815803
HER2ST_manual_controlled	HER2ST_A1_CONTROLLED	within_section_controlled_combined	HER2ST::A	manual_truth_controlled	forward	HER2ST_A1_CONTROLLED	uot	0.25	2.0	R	I_EXPR	341	0.99991798540685	1.0	5.502833541240567e-05	0.0009330391617241616	-0.0006085838595873049	1.0100710298223639	0.9993911574694181	341	0.9973510194323139	0.9428571428571428	0.0005025738313370625	0.025510253945693947	0.0040889539257862725	0.7732791622673217	0.9473005298010293	341	0.057877060133597384	0.06621479047326252	0.05899199329749337	0.09133748886605143	341	0.018793194982779808	0.02648699480063646	0.020189218222505655	0.09384299942886612	341	0.057835259974736465	0.06619302576139231	0.05897751956168581	0.09380202047588489	341	0.018477007996274615	0.026042398764548304	0.019700855679717584	0.06210534694328819
HER2ST_manual_controlled	HER2ST_A1_CONTROLLED	within_section_controlled_combined	HER2ST::A	manual_truth_controlled	forward	HER2ST_A1_CONTROLLED	uot	0.25	2.0	R	I_SPATIAL	341	0.662122271350275	0.8857142857142857	0.017719647111959353	0.41067276327067614	0.016834754358078595	1.0347996565224664	0.82574267172757	341	0.07590102563636969	0.02857142857142857	0.17741119629874305	0.3940234003277136	0.3940198710786158	0.20602654917006055	0.007030914049725556	341	0.019869411286826087	0.05531625310030272	0.025428203675214128	0.1247472642824863	341	0.2735213056919917	0.326483983588423	0.2729532277283574	0.37181438692920804	341	0.034584742289932795	0.07771590224211802	0.04314785078717348	0.1621373240158237	341	0.45386464197254206	0.582340984896933	0.45025548267231896	0.6559916306061626
HER2ST_manual_controlled	HER2ST_A1_CONTROLLED	within_section_controlled_combined	HER2ST::A	manual_truth_controlled	forward	HER2ST_A1_CONTROLLED	uot	0.25	2.0	N	I_EXPR	341	0.9778176249663316	0.8571428571428571	0.005244759925624048	0.13016287579079608	0.0036263534594794507	1.003730258888873	0.915458837663233	341	0.9022540394456903	0.8285714285714286	0.07249718033805218	0.3687800525178839	0.03625830829478768	0.5958302342963198	0.8340467951590902	341	0.03878130195638705	0.053176414821044835	0.036531199074141436	0.07871058995107381	341	0.26768424547960595	0.3224564024604094	0.26908368181249526	0.37751795341082	341	0.04309780916428033	0.05674372279533855	0.040293823363688384	0.08305247740780852	341	0.19778108444788772	0.2297751081136796	0.19658650147444306	0.2653097593620376
HER2ST_manual_controlled	HER2ST_A1_CONTROLLED	within_section_controlled_combined	HER2ST::A	manual_truth_controlled	forward	HER2ST_A1_CONTROLLED	uot	0.25	2.0	N	I_SPATIAL	341	0.3731088978267646	0.22857142857142856	0.016735773679289967	0.666531088240511	0.013540483423850292	0.3166685928041201	0.1246599398332604	341	0.05294601866058971	0.05714285714285714	0.17797469067613667	0.3982187680052219	0.4030669148212217	0.16299767022656383	0.004537492297233214	341	0.03878130196195918	0.0531764148272935	0.036531199078762386	0.07871058995557345	341	0.267684245396336	0.3224564025618549	0.26908368179175984	0.3775179534992243	341	0.026305745679092888	0.039279798596465805	0.025108766829569144	0.09036368997392819	341	0.45242879909616374	0.57868157371694	0.44692692804926476	0.6542611108649141
HER2ST_manual_controlled	HER2ST_A1_CONTROLLED	within_section_controlled_combined	HER2ST::A	manual_truth_controlled	reverse	HER2ST_A1_CONTROLLED__reverse	uot	0.25	2.0	R	I_EXPR	273	0.999940430973063	1.0	4.458650085693496e-05	0.0007574350932657641	-0.0007235591417368749	1.012081835895355	0.9995858817177363	273	0.9955771471980144	0.8928571428571429	0.0004969767984016172	0.02551936356554951	0.004554508571958155	0.7472831560683074	0.9343312318336735	273	0.05824494347236549	0.06529147262930816	0.058877323997096886	0.09698584882400121	273	0.018700599478133434	0.024702175947238437	0.01996564414868439	0.08338550731749658	273	0.058210861034458126	0.06524186183090767	0.05886511102185059	0.09890793703258006	273	0.018355809469702895	0.023976440525955326	0.019474498144323754	0.05500409554636188
HER2ST_manual_controlled	HER2ST_A1_CONTROLLED	within_section_controlled_combined	HER2ST::A	manual_truth_controlled	reverse	HER2ST_A1_CONTROLLED__reverse	uot	0.25	2.0	R	I_SPATIAL	273	0.8550756349704395	0.6785714285714286	0.017711742538196795	0.41292977865716307	0.006707986791832673	1.4356983637562961	0.7443615538705837	273	0.24396170596256472	0.10714285714285714	0.1785748285902841	0.39565055116918774	0.26595266673314344	0.6793267017325516	0.05366850784990718	273	0.024670038381208684	0.04036630009243962	0.025203679435926156	0.06005165193415431	273	0.270499061076428	0.318743953638537	0.27290574228576814	0.36621590480858335	273	0.040870395345161424	0.07150249640960633	0.04289286811863006	0.09797088703718616	273	0.45589362968467056	0.588125796170938	0.45134482452400804	0.652014332612145
HER2ST_manual_controlled	HER2ST_A1_CONTROLLED	within_section_controlled_combined	HER2ST::A	manual_truth_controlled	reverse	HER2ST_A1_CONTROLLED__reverse	uot	0.25	2.0	N	I_EXPR	273	0.9880006747224437	0.9285714285714286	0.005397553297724685	0.13621916960227293	0.008075530926526658	0.9200170443691689	0.9744820635438378	273	0.8672117920722472	0.6785714285714286	0.07278015560283549	0.3710420442639233	0.05997606796965517	0.5063555472268133	0.7943555121125484	273	0.03389178919283265	0.05458518383391575	0.034291218184635264	0.06910455033427869	273	0.2663231000853716	0.31570541624721027	0.26893085261405275	0.3633615779040473	273	0.03861290949960064	0.0585383618284376	0.03962403612857308	0.07317248353327975	273	0.19484852969580296	0.22290165867988207	0.1961506970112173	0.2511444523667102
HER2ST_manual_controlled	HER2ST_A1_CONTROLLED	within_section_controlled_combined	HER2ST::A	manual_truth_controlled	reverse	HER2ST_A1_CONTROLLED__reverse	uot	0.25	2.0	N	I_SPATIAL	273	0.6724098679336978	0.6071428571428571	0.014127446378323935	0.618274803636771	8.290909407933056e-06	0.6661033164624324	0.4251083633625157	273	0.2080698927521598	0.17857142857142858	0.17918856814186349	0.40004949938529116	0.2921739227273575	0.5791156619310768	0.040580606664231356	273	0.033891789195904805	0.0545851838371373	0.03429121819053696	0.06910455034329056	273	0.2663231000570675	0.3157054161762619	0.2689308525906196	0.36336157800754165	273	0.021952134718183653	0.04345192356825627	0.0228497850716615	0.05669210269038704	273	0.4524906523908649	0.580574968075396	0.4479159914390629	0.6498395882315195
HER2ST_manual_controlled	HER2ST_B1_CONTROLLED	within_section_controlled_combined	HER2ST::B	manual_truth_controlled	forward	HER2ST_B1_CONTROLLED	uot	0.25	2.0	R	I_EXPR	269	0.9997423045861152	1.0	0.00012443296302305616	0.002154447545060477	-0.0008117785381238057	1.0151747605143393	0.9995449595371589	269	0.9981178370847127	0.9629629629629629	0.0015797607610779712	0.06104571619537302	0.003381303227016875	0.822833920198139	0.9876335766976273	269	0.05591278364392316	0.06832809500616899	0.057692627286710874	0.09432375634930598	269	0.022854018833373145	0.04645630741112963	0.027340899802891894	0.06859612220896086	269	0.05582146686526828	0.06859723173276869	0.05775632055110593	0.09417767904168943	269	0.022832821908231285	0.04210030167771191	0.02587832299357493	0.05949070008894371
HER2ST_manual_controlled	HER2ST_B1_CONTROLLED	within_section_controlled_combined	HER2ST::B	manual_truth_controlled	forward	HER2ST_B1_CONTROLLED	uot	0.25	2.0	R	I_SPATIAL	269	0.9083109853458852	0.8888888888888888	0.01595235156664033	0.3220756600287791	-0.003400351981736358	1.4431317978957803	0.9789632319112958	269	0.3695660483209725	0.37037037037037035	0.16569797913122963	0.376448845873135	0.13401938029529206	1.10376593412156	0.17264732666173044	269	0.02167436045301995	0.10058231404149656	0.036677300421292316	0.17273184982578524	269	0.27943363635645796	0.3385374289632627	0.27736070481383346	0.375635097558332	269	0.026324694353483287	0.14239885592606039	0.049529826517206874	0.24620547040949262	269	0.4382513412921262	0.5846824064611228	0.4401606777327473	0.7260053311757757
HER2ST_manual_controlled	HER2ST_B1_CONTROLLED	within_section_controlled_combined	HER2ST::B	manual_truth_controlled	forward	HER2ST_B1_CONTROLLED	uot	0.25	2.0	N	I_EXPR	269	0.9402775465917006	0.8518518518518519	0.006562868146013484	0.15324178431175217	0.007289595830987236	0.8147410057536741	0.8539706374933729	269	0.9217179283261512	0.7037037037037037	0.07067703432486516	0.354923295744234	0.026906288468730766	0.6383261742555036	0.831287024520152	269	0.046890663387529063	0.07307316175451145	0.043617895850848395	0.11102115070158483	269	0.26852983949652925	0.3349853802272045	0.26981029825070424	0.37753716415806926	269	0.04522016151064304	0.0693536031133022	0.04282688416536647	0.08746973088166476	269	0.20428599535136005	0.2397175157897351	0.19913326392583902	0.26550886358818054
HER2ST_manual_controlled	HER2ST_B1_CONTROLLED	within_section_controlled_combined	HER2ST::B	manual_truth_controlled	forward	HER2ST_B1_CONTROLLED	uot	0.25	2.0	N	I_SPATIAL	269	0.718477007774017	0.3333333333333333	0.01633467409655844	0.3383078109761281	0.007095822642953464	0.9442831608697372	0.4895265594724282	269	0.4521401665772747	0.48148148148148145	0.15941003612593546	0.37341934092821866	0.08787767392394297	1.2564944704093959	0.2520986707894646	269	0.04689066335963213	0.07307316176585138	0.043617895848526815	0.1110211506570271	269	0.268529839580908	0.3349853801134974	0.2698102982219134	0.3775371642195427	269	0.046975207514441876	0.08690534560496747	0.04828346720528737	0.18798731533536892	269	0.4216737351712575	0.5780831593152661	0.4268928216992874	0.7240573252643224
HER2ST_manual_controlled	HER2ST_B1_CONTROLLED	within_section_controlled_combined	HER2ST::B	manual_truth_controlled	reverse	HER2ST_B1_CONTROLLED__reverse	uot	0.25	2.0	R	I_EXPR	215	0.9998864981042769	0.9545454545454546	8.62725643028699e-05	0.0014952751310891204	-0.0004759245827297316	1.0093452102766605	0.9998234760257038	215	0.9948284189427419	0.9090909090909091	0.0016977523704981032	0.06534381021136863	0.0034371002426615825	0.8200622612130977	0.9813853723977671	215	0.05594647687873665	0.06950573622208603	0.05763410444932249	0.07424329154099157	215	0.02427451092455478	0.04542457222205285	0.027491496727721786	0.062031903855073636	215	0.055947822120532176	0.06973485282542104	0.057696782691778706	0.07444864254486105	215	0.023573976767101178	0.04073720916641561	0.025981839213329576	0.05311933289165573
HER2ST_manual_controlled	HER2ST_B1_CONTROLLED	within_section_controlled_combined	HER2ST::B	manual_truth_controlled	reverse	HER2ST_B1_CONTROLLED__reverse	uot	0.25	2.0	R	I_SPATIAL	215	0.9401192977372069	0.7272727272727273	0.01841158142158594	0.36689538325121934	-0.010947996870513772	1.76125230933642	0.8620675555507342	215	0.30221932430148035	0.3181818181818182	0.1648419245075698	0.37520858156218106	0.2434532038133843	0.7088668563418449	0.04399789010355193	215	0.03663012430534117	0.05500597039420093	0.03470831419685821	0.07947471078812811	215	0.2783952525000913	0.3143776551008611	0.276329601917879	0.35187614247647586	215	0.04977936800971996	0.09158457900793898	0.0501821016618768	0.14221407847347323	215	0.4480747090823123	0.5783505597784365	0.4393341000391046	0.6807955606262992
HER2ST_manual_controlled	HER2ST_B1_CONTROLLED	within_section_controlled_combined	HER2ST::B	manual_truth_controlled	reverse	HER2ST_B1_CONTROLLED__reverse	uot	0.25	2.0	N	I_EXPR	215	0.9538180105774108	0.8636363636363636	0.00725205230324846	0.20757306993937474	0.00956725899377467	0.8305464667755146	0.9313179894795425	215	0.7618766451737544	0.6363636363636364	0.07015629164620668	0.35418868428092853	0.02375933229486953	0.6498720951733811	0.7078726987219859	215	0.02349815137722088	0.06632129748733379	0.030546259226083877	0.10186847544994405	215	0.269145673541485	0.3069361957284598	0.26823233066094115	0.3518887148408745	215	0.03246859802792451	0.06410691339086783	0.03493734666720758	0.09351997200759092	215	0.2025182273594382	0.22339537057147899	0.1980760390147345	0.24312226625282957
HER2ST_manual_controlled	HER2ST_B1_CONTROLLED	within_section_controlled_combined	HER2ST::B	manual_truth_controlled	reverse	HER2ST_B1_CONTROLLED__reverse	uot	0.25	2.0	N	I_SPATIAL	215	0.488561665338453	0.8636363636363636	0.01395133365638842	0.4479908563161395	0.012580915342161133	0.6076387257809541	0.46024870284724095	215	0.2785553865101789	0.36363636363636365	0.15942587475728273	0.37409115867506876	0.22163209959255176	0.7625345464632073	0.050122471700385196	215	0.023498151371779834	0.06632129750048787	0.030546259228797373	0.10186847546576193	215	0.26914567359392844	0.3069361958012084	0.2682323306366101	0.3518887146785286	215	0.026769690841550505	0.06361974899430797	0.03114200537732226	0.0929677600749287	215	0.4300527398267986	0.5597019537313963	0.4261685181813083	0.6665518640051216
HER2ST_manual_controlled	HER2ST_C1_CONTROLLED	within_section_controlled_combined	HER2ST::C	manual_truth_controlled	forward	HER2ST_C1_CONTROLLED	uot	0.25	2.0	R	I_EXPR	167	0.9997397631587084	1.0	0.0002230969913585517	0.0037397574127996285	-0.0061245671028722	1.1044357103230595	0.9822792334468101	167	0.9921671287373619	0.8823529411764706	0.002857839492659719	0.11097822422378092	0.01000598177832259	0.5514392876374637	0.9637082792023476	167	0.05772505314536578	0.06676225012038473	0.05955986200166026	0.09624174139095715	167	0.023849533179111856	0.0363627734743912	0.02855322818597069	0.3386239280529753	167	0.057699405068820014	0.06661251986279872	0.059655471393674844	0.10300525732328952	167	0.02269098354343291	0.03417002164527761	0.025751353588944235	0.18307387980914455
HER2ST_manual_controlled	HER2ST_C1_CONTROLLED	within_section_controlled_combined	HER2ST::C	manual_truth_controlled	forward	HER2ST_C1_CONTROLLED	uot	0.25	2.0	R	I_SPATIAL	167	0.9010146660207984	0.9411764705882353	0.016699020533937077	0.32476350814965393	0.0009460765597612045	1.3364130760358162	0.9645997243750244	167	0.5869242581961722	0.6470588235294118	0.15589009417991465	0.3578814791047286	-0.09845690885354201	1.8856237700184477	0.36883696731405835	167	0.02310815185927293	0.10072797567110366	0.03776747019493648	0.20112433807907001	167	0.28163718111313024	0.32858901950601793	0.2832210308345814	0.3753419330559941	167	0.0315139718288915	0.13287113034237313	0.051419017577067246	0.2628450325558804	167	0.4433697456238108	0.5742908063903629	0.4355913990572721	0.6822583087370998
HER2ST_manual_controlled	HER2ST_C1_CONTROLLED	within_section_controlled_combined	HER2ST::C	manual_truth_controlled	forward	HER2ST_C1_CONTROLLED	uot	0.25	2.0	N	I_EXPR	167	0.9464144001154319	0.9411764705882353	0.006473185035646345	0.14401049478702785	0.0094966448967541	0.8018636675687159	0.8851166521788733	167	0.8440975192472199	0.7058823529411765	0.07568741345462386	0.36979012270708195	0.029673577030179314	0.624199410262465	0.7399581249225644	167	0.04428517768689813	0.07212602697455338	0.04421294349992415	0.12890990219022408	167	0.2766488912668422	0.32988801036829696	0.28036409032351184	0.4405401180073019	167	0.046061582460091115	0.0700648161694454	0.0449493979256117	0.1070486548420575	167	0.2050544928211731	0.23941528547447594	0.20467667686888802	0.3150432035054389
HER2ST_manual_controlled	HER2ST_C1_CONTROLLED	within_section_controlled_combined	HER2ST::C	manual_truth_controlled	forward	HER2ST_C1_CONTROLLED	uot	0.25	2.0	N	I_SPATIAL	167	0.7673405340781432	0.47058823529411764	0.015983205976565384	0.34483105221057503	0.00012327847361400825	1.0455660561864009	0.5778396198832805	167	0.5930771847011658	0.7058823529411765	0.1539581019172993	0.35713539158168234	-0.036856068642030775	1.6690716876333982	0.3614625804434216	167	0.04428517768554971	0.0721260269876278	0.044212943499518785	0.12890990214676068	167	0.2766488913470358	0.32988801035596416	0.28036409031058085	0.44054011811300253	167	0.04300168158306478	0.07953031924335455	0.04635083144079802	0.19652927424702396	167	0.4373007312705016	0.5772768544813498	0.43109169672445286	0.6842085724937139
HER2ST_manual_controlled	HER2ST_C1_CONTROLLED	within_section_controlled_combined	HER2ST::C	manual_truth_controlled	reverse	HER2ST_C1_CONTROLLED__reverse	uot	0.25	2.0	R	I_EXPR	134	0.9997506203319245	1.0	0.00019572545590209694	0.00329082273385392	-0.00432074285781948	1.073961612863162	0.9946908761317635	134	0.9894811656005688	0.9285714285714286	0.002755531365982987	0.11061209335411723	0.009467128669485417	0.5597235697810685	0.9492750314610132	134	0.05854709429375231	0.06576454960069662	0.059403323974030565	0.10031969983002932	134	0.022955110200832865	0.03522447122642275	0.027593149055971617	0.2362411898165126	134	0.058522955966744866	0.06577391178812123	0.059476146766763285	0.10808803005026558	134	0.022005539750138334	0.0333373707190219	0.02491166456059499	0.12995271822544852
HER2ST_manual_controlled	HER2ST_C1_CONTROLLED	within_section_controlled_combined	HER2ST::C	manual_truth_controlled	reverse	HER2ST_C1_CONTROLLED__reverse	uot	0.25	2.0	R	I_SPATIAL	134	0.9340640157607951	0.9285714285714286	0.01816435421430574	0.363732304415194	-0.006329851924899451	1.6632522119586057	0.891830708605664	134	0.5740744897068543	0.5714285714285714	0.1553873372139134	0.3571243046627916	-0.06386322082602436	1.761921473774574	0.31829612828385634	134	0.034187792251284974	0.05947633797117366	0.033830497804149096	0.08884412463278654	134	0.2842665970702817	0.3307721013316457	0.2831967116234173	0.3713792033326003	134	0.04604371113849381	0.09558986184632257	0.049938798379512234	0.14942105181980553	134	0.44127357317518856	0.5609480838826407	0.4351071466856202	0.6827302688890213
HER2ST_manual_controlled	HER2ST_C1_CONTROLLED	within_section_controlled_combined	HER2ST::C	manual_truth_controlled	reverse	HER2ST_C1_CONTROLLED__reverse	uot	0.25	2.0	N	I_EXPR	134	0.9567076896220651	0.9285714285714286	0.006606282897476852	0.18579490091356943	0.009121754097805319	0.8568883982330455	0.9370178672358376	134	0.7506203319243383	0.5714285714285714	0.07594923999972691	0.3722268010950736	0.06807416069636942	0.48561135670866956	0.5933291084005156	134	0.02874985273973788	0.06379153853636918	0.030850112914564576	0.1237271726463391	134	0.2795639091227612	0.3213338953989335	0.2799894643368457	0.36718918527475214	134	0.03486532324524742	0.06422759749821483	0.035556857938475135	0.12474160181454146	134	0.20702347216943862	0.23008822269505846	0.2040402243371188	0.24949728418518305
HER2ST_manual_controlled	HER2ST_C1_CONTROLLED	within_section_controlled_combined	HER2ST::C	manual_truth_controlled	reverse	HER2ST_C1_CONTROLLED__reverse	uot	0.25	2.0	N	I_SPATIAL	134	0.46004813027593866	0.5714285714285714	0.014811652925505434	0.4593163433611782	0.01562002203738956	0.5389655969600674	0.34774689518560997	134	0.5719797004950187	0.42857142857142855	0.15396742882977518	0.35749779535050735	-0.07187736704985587	1.7949180580966406	0.31534285540377593	134	0.02874985274900816	0.06379153853957766	0.03085011291665047	0.12372717265156986	134	0.2795639090803264	0.32133389531438533	0.27998946432576927	0.36718918534017	134	0.02835192273872395	0.06143135242557037	0.03224717156179757	0.10651256103644148	134	0.43095214216216327	0.5600185066404249	0.430680778545273	0.6780368711825482
HER2ST_manual_controlled	HER2ST_D1_CONTROLLED	within_section_controlled_combined	HER2ST::D	manual_truth_controlled	forward	HER2ST_D1_CONTROLLED	uot	0.25	2.0	R	I_EXPR	255	0.9997691350162113	0.9615384615384616	6.554653404068973e-05	0.0011189124070725273	-0.0013930603594628132	1.0239016395930818	0.9982365611042103	255	0.9978049733672997	0.9230769230769231	0.0007774420677585986	0.037336434502280025	0.003924445342685946	0.782785563227207	0.983714617888796	255	0.05801976220038333	0.06337698367534252	0.058573631198988896	0.07753679554359987	255	0.019898152538608258	0.029362711048832785	0.0215872224519993	0.11859298887350042	255	0.05802814863774817	0.06340512016698692	0.058580576662102424	0.07932131335564603	255	0.019405561449902242	0.027754278365813935	0.020822611428285218	0.0929503320026672
HER2ST_manual_controlled	HER2ST_D1_CONTROLLED	within_section_controlled_combined	HER2ST::D	manual_truth_controlled	forward	HER2ST_D1_CONTROLLED	uot	0.25	2.0	R	I_SPATIAL	255	0.9295181507642426	0.8846153846153846	0.017379802371590237	0.3978984128344735	0.005822592816496462	1.4344158802386817	0.9000774623047745	255	0.33072964914312186	0.38461538461538464	0.17574233241685164	0.3880889562483067	0.19675223221054022	0.9199812398509625	0.10947182037761449	255	0.022563043018760505	0.05482864966939483	0.02639151006816991	0.10570381675808503	255	0.2784519555898448	0.3252031233351711	0.27836230816880553	0.39003026795980444	255	0.03682227869498816	0.08447495188647611	0.04367899396175844	0.14888525994422633	255	0.4628201587246694	0.5918567751989544	0.4528403336074535	0.6553253958150329
HER2ST_manual_controlled	HER2ST_D1_CONTROLLED	within_section_controlled_combined	HER2ST::D	manual_truth_controlled	forward	HER2ST_D1_CONTROLLED	uot	0.25	2.0	N	I_EXPR	255	0.9693666049096804	0.8846153846153846	0.005713674364887691	0.14191725170721844	0.008563076481474181	0.8745471970243733	0.9059117776881497	255	0.896351754284391	0.6153846153846154	0.07420843813871894	0.3744082318284459	0.031265227707165756	0.6128133358205301	0.8294001771254984	255	0.036550388456425206	0.0596191292380659	0.03624450262105802	0.07418160183410748	255	0.2721348348458244	0.3207964205128375	0.2724103787753268	0.3613801603772222	255	0.041592582300712506	0.059553514190726936	0.04026060465626303	0.07431797911455831	255	0.20338736967233512	0.22501365871740928	0.19820194063660784	0.2573399341310248
HER2ST_manual_controlled	HER2ST_D1_CONTROLLED	within_section_controlled_combined	HER2ST::D	manual_truth_controlled	forward	HER2ST_D1_CONTROLLED	uot	0.25	2.0	N	I_SPATIAL	255	0.5955766558591942	0.23076923076923078	0.014715810259764437	0.47892212159865105	0.011623991981968096	0.5270577459276186	0.26327452379903005	255	0.325416135942566	0.38461538461538464	0.1766565622395094	0.3944582121003791	0.20210074405309483	0.9021144223020108	0.10140327150614481	255	0.03655038845517645	0.05961912924231991	0.036244502626072025	0.07418160184436898	255	0.2721348349275935	0.3207964204974012	0.27241037874540375	0.36138016031405107	255	0.02953037444537154	0.05314036546141458	0.030726937838333267	0.08482114321596101	255	0.45664247146924164	0.5879629689955896	0.44784607550407646	0.6452378564209249
HER2ST_manual_controlled	HER2ST_D1_CONTROLLED	within_section_controlled_combined	HER2ST::D	manual_truth_controlled	reverse	HER2ST_D1_CONTROLLED__reverse	uot	0.25	2.0	R	I_EXPR	204	0.9999434593012982	1.0	5.314287026500504e-05	0.000905643946556165	-0.0005268398292275062	1.008870139454948	0.9993996607557409	204	0.994745955573146	0.8571428571428571	0.0007738784707427812	0.037782633859698156	0.004015557906415779	0.775683036416512	0.9749205470802181	204	0.0581636285195138	0.06551124386057347	0.05868593788021435	0.07913408725755335	204	0.01962845385290407	0.026587383868508303	0.021228809693335484	0.09162517483065546	204	0.05813948521069197	0.06549697332945204	0.058679650504028735	0.0803643241247616	204	0.019253649944553104	0.025959777286274688	0.020482385468850523	0.0691630596566739
HER2ST_manual_controlled	HER2ST_D1_CONTROLLED	within_section_controlled_combined	HER2ST::D	manual_truth_controlled	reverse	HER2ST_D1_CONTROLLED__reverse	uot	0.25	2.0	R	I_SPATIAL	204	0.753303036942279	0.6666666666666666	0.017728773513155754	0.4099291732934906	0.012734565343101183	1.1868000598363406	0.5970227705465871	204	0.20710575230933417	0.2857142857142857	0.17651944143756582	0.39008522606909357	0.22506058152265773	0.8196795833270993	0.06144719735217519	204	0.02934929910508008	0.04060744536838586	0.025711000337418133	0.05616305317014117	204	0.27160534960855365	0.32539527239955063	0.27749194700323415	0.37348197235500796	204	0.040898163294995654	0.07193898440415185	0.04324838208200118	0.09503564952983362	204	0.4629366201492208	0.5968624376324704	0.45251506501889394	0.6687432303254468
HER2ST_manual_controlled	HER2ST_D1_CONTROLLED	within_section_controlled_combined	HER2ST::D	manual_truth_controlled	reverse	HER2ST_D1_CONTROLLED__reverse	uot	0.25	2.0	N	I_EXPR	204	0.9742513658112532	0.8095238095238095	0.005932993460226792	0.14933437969065372	0.012392397144544312	0.805458665912539	0.9618426462585895	204	0.8058321730710787	0.42857142857142855	0.07425410814298501	0.3760359420376884	0.04595397796352317	0.5576023860496534	0.654136188367868	204	0.03226603468348601	0.05438100709513692	0.03393990598648273	0.06950683344062672	204	0.26795357083927096	0.31517118009119427	0.27171956248389706	0.3514049179454987	204	0.038078071669504596	0.05549993058013205	0.03972958854161374	0.07178145627110741	204	0.19819016087984997	0.2264020077185965	0.19746545434091203	0.2512580990031726
HER2ST_manual_controlled	HER2ST_D1_CONTROLLED	within_section_controlled_combined	HER2ST::D	manual_truth_controlled	reverse	HER2ST_D1_CONTROLLED__reverse	uot	0.25	2.0	N	I_SPATIAL	204	0.5525213617827283	0.6666666666666666	0.0136383687556945	0.6027318124810905	0.006463152393464956	0.47626644314304273	0.3158810368733046	204	0.21078372475987872	0.2857142857142857	0.17730428919637412	0.3960835285976803	0.22418799118585037	0.8223761623410792	0.0590349967163627	204	0.03226603468146896	0.05438100710028428	0.033939905993638664	0.06950683344702774	204	0.2679535708458922	0.3151711800785655	0.2717195624545899	0.35140491792419987	204	0.023078678638117297	0.03951847481069361	0.022627590701664476	0.05323471567164931	204	0.45578805171884174	0.5941055862129148	0.4476436821902533	0.6649724163633093
HER2ST_manual_controlled	HER2ST_E1_CONTROLLED	within_section_controlled_combined	HER2ST::E	manual_truth_controlled	forward	HER2ST_E1_CONTROLLED	uot	0.25	2.0	R	I_EXPR	534	0.9999013349530582	1.0	4.05923828922716e-05	0.0006929534107336034	-0.00027069642499056586	1.004427703465082	0.999872612149158	534	0.9984152123849852	0.9629629629629629	0.00046701123278938237	0.02348296669171848	0.001454305553339348	0.9056886240500057	0.9964561133343287	534	0.05846898648417957	0.06426459333803029	0.05859008216169806	0.07400025712834471	534	0.020227606296235396	0.025081715148039162	0.020352389408960777	0.03261818565492595	534	0.058468501192512415	0.06430306532673727	0.058578805246514314	0.07410519002108325	534	0.019769740012062817	0.024321782798472292	0.019887233113270945	0.030124734719323615
HER2ST_manual_controlled	HER2ST_E1_CONTROLLED	within_section_controlled_combined	HER2ST::E	manual_truth_controlled	forward	HER2ST_E1_CONTROLLED	uot	0.25	2.0	R	I_SPATIAL	534	0.928201398056921	0.8888888888888888	0.017223647266751362	0.3835396900462504	0.0039419997714348716	1.4582549325317642	0.9247349555422655	534	0.2376266091435783	0.2037037037037037	0.17764739623414952	0.39070963547726584	0.26761525704372957	0.6733277179955915	0.07246048220003909	534	0.02309667044744826	0.06623638772300726	0.02809185046565265	0.11158871612834859	534	0.27844014704676145	0.33086481842937376	0.2778194904222413	0.350894154755089	534	0.03439393588512767	0.10496632074571066	0.04490707927691758	0.15818037198028287	534	0.4576245482996435	0.5838213722252982	0.45467882054443537	0.7041534704587045
HER2ST_manual_controlled	HER2ST_E1_CONTROLLED	within_section_controlled_combined	HER2ST::E	manual_truth_controlled	forward	HER2ST_E1_CONTROLLED	uot	0.25	2.0	N	I_EXPR	534	0.9504671518092171	0.9074074074074074	0.0061882069056497435	0.15243812597327527	0.008012812088411187	0.8646211559837581	0.8465136069094632	534	0.8784622358941786	0.5740740740740741	0.07534395397218682	0.3769605483446126	0.04575565272057205	0.5599837372868476	0.781721240650793	534	0.038202540866046436	0.06082000106360454	0.03768363084542579	0.07395376730270502	534	0.2763225550879685	0.3283721019226602	0.27521620666030716	0.3519897114558153	534	0.043402647791503046	0.0597618857267516	0.04059487655164844	0.07290605559706022	534	0.2025511168506361	0.23222367252741388	0.19987225268812037	0.24512384015596803
HER2ST_manual_controlled	HER2ST_E1_CONTROLLED	within_section_controlled_combined	HER2ST::E	manual_truth_controlled	forward	HER2ST_E1_CONTROLLED	uot	0.25	2.0	N	I_SPATIAL	534	0.4936047988093998	0.12962962962962962	0.01591650566360365	0.43818293141699405	0.01926358786814198	0.45272430085106646	0.16896489949127624	534	0.23487691200468735	0.24074074074074073	0.17771893788111048	0.3930216921020027	0.2691852852733514	0.6649346558468	0.07239037593965048	534	0.03820254086667702	0.06082000106629149	0.03768363084764575	0.07395376730843654	534	0.27632255510162557	0.32837210202223077	0.27521620663771373	0.351989711383871	534	0.03726126204463522	0.057479847160420636	0.03632388329717208	0.10172813607806146	534	0.4538772297829683	0.5838146837629897	0.4521860789174616	0.7015793969044359
HER2ST_manual_controlled	HER2ST_E1_CONTROLLED	within_section_controlled_combined	HER2ST::E	manual_truth_controlled	reverse	HER2ST_E1_CONTROLLED__reverse	uot	0.25	2.0	R	I_EXPR	427	0.9999509852126395	1.0	2.5370174546673304e-05	0.00043314392499297505	-9.36478094843833e-05	1.00140612593986	0.999960506360717	427	0.9941106729237074	0.9069767441860465	0.0004725479692046214	0.023667723195663886	0.0014186165298644693	0.9074770029542952	0.9866558447571885	427	0.05844571989623792	0.06449248062926254	0.05858343044053542	0.07255856057503803	427	0.020219397722681984	0.023353225331112448	0.020438322612864615	0.028460335570880162	427	0.05841947052871985	0.06447094011962731	0.05857215831223945	0.07264399392382845	427	0.019818774062992168	0.02267314792516777	0.01996592427999986	0.027476639934003184
HER2ST_manual_controlled	HER2ST_E1_CONTROLLED	within_section_controlled_combined	HER2ST::E	manual_truth_controlled	reverse	HER2ST_E1_CONTROLLED__reverse	uot	0.25	2.0	R	I_SPATIAL	427	0.9384781185966727	0.813953488372093	0.018233400479614276	0.4068402883530853	-0.005774676421968796	1.7842889427393709	0.8381478393562107	427	0.15192611159526487	0.0	0.17758987765049616	0.3910198748906055	0.35649129010992514	0.35224169116992443	0.018675436345456875	427	0.031621839104272347	0.0448760199485727	0.02835402481653143	0.06581431423027329	427	0.27636038334543916	0.3272679825913766	0.27730869711459893	0.37429065606848133	427	0.04391969747907866	0.08309076320849791	0.044817096540325965	0.1112052679140954	427	0.462397007249213	0.5721923190219356	0.4541709745576998	0.6830178454449001
HER2ST_manual_controlled	HER2ST_E1_CONTROLLED	within_section_controlled_combined	HER2ST::E	manual_truth_controlled	reverse	HER2ST_E1_CONTROLLED__reverse	uot	0.25	2.0	N	I_EXPR	427	0.9831321312276909	0.9302325581395349	0.006508716676276177	0.16784161925636304	0.012851405880185404	0.7860266235607053	0.9644873844194127	427	0.8498724844855868	0.6976744186046512	0.0751047429758528	0.3763280602555605	0.04420121928780652	0.5656504045316874	0.7659310338589551	427	0.02870010249670434	0.06183449216740139	0.032985541516676285	0.08860786654808585	427	0.2742123429282134	0.32466909585178344	0.274677272658731	0.3725701496919082	427	0.03678064483459704	0.0601588353488816	0.03877891970485994	0.08692904745059925	427	0.20036302658765914	0.23093878608791876	0.19957252968287817	0.2565406234609415
HER2ST_manual_controlled	HER2ST_E1_CONTROLLED	within_section_controlled_combined	HER2ST::E	manual_truth_controlled	reverse	HER2ST_E1_CONTROLLED__reverse	uot	0.25	2.0	N	I_SPATIAL	427	0.5552096091178602	0.7906976744186046	0.012916269235107856	0.4754872088649823	0.005592173968699331	0.653986816949352	0.46001735070037286	427	0.13701467268449058	0.0	0.17772961859488035	0.3934891275719781	0.3647134505235478	0.3165992152678463	0.015132824817467694	427	0.02870010249938675	0.061834492172308894	0.03298554152304527	0.08860786655310672	427	0.2742123429398881	0.32466909592369925	0.2746772726377447	0.37257014985084624	427	0.024497795448083524	0.05410998449151965	0.027164283274706377	0.07287077126655028	427	0.46140659227183184	0.569581056479546	0.4516760594925702	0.6762388019922876
HER2ST_manual_controlled	HER2ST_F1_CONTROLLED	within_section_controlled_combined	HER2ST::F	manual_truth_controlled	forward	HER2ST_F1_CONTROLLED	uot	0.25	2.0	R	I_EXPR	659	0.9999501870292558	0.9848484848484849	3.790389840901968e-05	0.0006445951727270547	-0.00013605717314783846	1.0019548342365985	0.9998969472448586	659	0.9979738112918625	0.9545454545454546	0.00033384778278027806	0.01736567614602115	0.0017144934806860312	0.8955562565611417	0.9914241761305986	659	0.05843919627439403	0.06444277951324166	0.05882370738492781	0.07987288677061076	659	0.01903361452875446	0.023671510277877346	0.019552187429067173	0.040821821779635885	659	0.058404440598307	0.06444693062631919	0.05880264080889972	0.07978973503167347	659	0.01888966096621774	0.023124929679970076	0.01922457726224324	0.03558778738800171
HER2ST_manual_controlled	HER2ST_F1_CONTROLLED	within_section_controlled_combined	HER2ST::F	manual_truth_controlled	forward	HER2ST_F1_CONTROLLED	uot	0.25	2.0	R	I_SPATIAL	659	0.9141404683844874	0.9242424242424242	0.016147061327114867	0.3487768060919847	0.007010846488217107	1.2553399613287248	0.9099177010646678	659	0.28249266956850977	0.12121212121212122	0.1679698442333605	0.3789496758675916	0.20265443634126937	0.8692820656905738	0.08844326139705216	659	0.021165258193525684	0.07555690008266949	0.0312946402265738	0.15834482504628375	659	0.2736710875534277	0.3295986584610036	0.27677623843027405	0.359799626918309	659	0.03464981301470949	0.1023598703584873	0.04629625894004064	0.19704155695809622	659	0.4514198736810454	0.5783755910611601	0.44325105661800507	0.7054605706165609
HER2ST_manual_controlled	HER2ST_F1_CONTROLLED	within_section_controlled_combined	HER2ST::F	manual_truth_controlled	forward	HER2ST_F1_CONTROLLED	uot	0.25	2.0	N	I_EXPR	659	0.9637481912398774	0.8636363636363636	0.005736793715487651	0.13798232951925737	0.007311458383289863	0.8755183805605666	0.8921646837437376	659	0.8697301503907258	0.8181818181818182	0.07456619990298471	0.3715511343020059	0.03848473746142029	0.5892867208290277	0.7671037790934202	659	0.038908756808010606	0.06404289076581085	0.03913662471088753	0.09765357426947983	659	0.2713839354157537	0.32969971280391414	0.27525513076324004	0.36005979902289154	659	0.043277055965233624	0.063722108703982	0.04157629267077276	0.08447171338219193	659	0.20207466411876993	0.23582911326087888	0.20068893086025535	0.25758023149337717
HER2ST_manual_controlled	HER2ST_F1_CONTROLLED	within_section_controlled_combined	HER2ST::F	manual_truth_controlled	forward	HER2ST_F1_CONTROLLED	uot	0.25	2.0	N	I_SPATIAL	659	0.6834992857205753	0.3787878787878788	0.014525485942413121	0.4048818362470846	0.007088500607348806	0.7355607239719787	0.427225082709061	659	0.2790614867326842	0.15151515151515152	0.16817590456313367	0.38050472128680113	0.20675816026162017	0.8545634136880271	0.087726445766384	659	0.03890875681591172	0.06404289077254235	0.0391366247133852	0.09765357423542893	659	0.2713839354434514	0.3296997128065625	0.27525513074288105	0.36005979909243935	659	0.03560588398920559	0.05737515231182526	0.03587586461534606	0.13768247673129638	659	0.45196518235728744	0.5780049517169283	0.44198112442440096	0.7023522994839431
HER2ST_manual_controlled	HER2ST_F1_CONTROLLED	within_section_controlled_combined	HER2ST::F	manual_truth_controlled	reverse	HER2ST_F1_CONTROLLED__reverse	uot	0.25	2.0	R	I_EXPR	527	0.9999676966780381	1.0	2.9526449995962315e-05	0.0005025115551001528	-0.00012733736157037872	1.0018327233351592	0.9999436005173187	527	0.9949798669955814	0.9056603773584906	0.00032956878497171	0.017229584871591166	0.002842558956211231	0.8369929775158916	0.9803925825556247	527	0.0583303346481216	0.06463647408983003	0.05877736802947001	0.0785848007094472	527	0.019050546386556597	0.021900534798896514	0.019457171199861754	0.037104105606988284	527	0.05829078652929507	0.06461157403321105	0.05875775332186652	0.07895969848725488	527	0.018815881166458895	0.021430784877300657	0.01912807461281997	0.031274224532878626
HER2ST_manual_controlled	HER2ST_F1_CONTROLLED	within_section_controlled_combined	HER2ST::F	manual_truth_controlled	reverse	HER2ST_F1_CONTROLLED__reverse	uot	0.25	2.0	R	I_SPATIAL	527	0.8966417499283426	0.9056603773584906	0.01739554284069205	0.38373296718848243	0.008454316364765745	1.3071194075434562	0.7840042237652525	527	0.2734319606771826	0.16981132075471697	0.1682907839064464	0.3797290966331282	0.21869274579513578	0.8121524444748285	0.0690247757670116	527	0.030196985394111066	0.04894586047755562	0.028213260629693968	0.06463366782433616	527	0.27321903553234894	0.3241495707329354	0.27641816373122374	0.3691889715363076	527	0.04240042753763161	0.08296101385090605	0.045332416883920444	0.109491313182776	527	0.4509746306720581	0.5777260630659562	0.4431864331666925	0.6608892277503939
HER2ST_manual_controlled	HER2ST_F1_CONTROLLED	within_section_controlled_combined	HER2ST::F	manual_truth_controlled	reverse	HER2ST_F1_CONTROLLED__reverse	uot	0.25	2.0	N	I_EXPR	527	0.9925553960977589	0.9622641509433962	0.005961490121531246	0.15931039091814314	0.011839168600850809	0.8129361311515215	0.9812918951447257	527	0.7901431086355799	0.6792452830188679	0.07434490511424864	0.37094056709199513	0.05375924538360147	0.5337727073739637	0.6660415391945287	527	0.02949811902260962	0.05809937846649304	0.03146794511964136	0.07468332852448382	527	0.271246236118935	0.320463047612281	0.27476759195348754	0.3663611419865337	527	0.03467777511749176	0.05997821591691502	0.037420598161700444	0.07686459845748768	527	0.20182844291490987	0.22662157888040987	0.20042268683923894	0.24927676935717147
HER2ST_manual_controlled	HER2ST_F1_CONTROLLED	within_section_controlled_combined	HER2ST::F	manual_truth_controlled	reverse	HER2ST_F1_CONTROLLED__reverse	uot	0.25	2.0	N	I_SPATIAL	527	0.5126295330415431	0.6981132075471698	0.013731059300472652	0.5569902607679869	0.009664069196322391	0.4762997336393866	0.3411763933298483	527	0.2599053135521127	0.11320754716981132	0.16869908080147544	0.3816978668153692	0.22972808942513634	0.7724422830805738	0.061314330239052084	527	0.029498119022924978	0.0580993784732071	0.03146794512574844	0.07468332853674582	527	0.27124623606172443	0.32046304767172884	0.27476759193487793	0.36636114194127833	527	0.023918056428723185	0.046281187549114616	0.024652243077895212	0.06316510666706913	527	0.44911915718434864	0.5757649839663058	0.44197019545586497	0.6583215712920505
HER2ST_manual_controlled	HER2ST_G2_CONTROLLED	within_section_controlled_combined	HER2ST::G	manual_truth_controlled	forward	HER2ST_G2_CONTROLLED	uot	0.25	2.0	R	I_EXPR	402	0.9998525962047585	1.0	5.9608056890387064e-05	0.0010203119610454568	-0.00016854630363475232	1.0030734632897547	0.9997408719703789	402	0.9950826611113783	0.8536585365853658	0.0006591568494422414	0.02768113307733659	0.0025050984744690013	0.8713818584065236	0.9790343533645043	402	0.05746475201190877	0.06578791340688514	0.05841042761454214	0.07951806336047328	402	0.023486123540619866	0.030590632789764167	0.02445242180883032	0.04953929010257601	402	0.05746480852613046	0.06586858202014158	0.0584214036159196	0.07975476363066009	402	0.02318997343494541	0.02945769899276035	0.02381249523278777	0.040346133235086026
HER2ST_manual_controlled	HER2ST_G2_CONTROLLED	within_section_controlled_combined	HER2ST::G	manual_truth_controlled	forward	HER2ST_G2_CONTROLLED	uot	0.25	2.0	R	I_SPATIAL	402	0.9028394718178443	0.8536585365853658	0.01745785569131702	0.3962522398964173	0.0078316001031246	1.3486510357148624	0.8980450450954959	402	0.679216646728056	0.6341463414634146	0.17313978633666172	0.38400642587977984	-0.25443237826347676	2.502616071753595	0.39584139988622713	402	0.022149643880503927	0.059669230006939425	0.026860788944383675	0.09652190432172474	402	0.2818154769076648	0.314323670628273	0.28182896348622566	0.3600156091784167	402	0.03531175021393747	0.09184997429942501	0.04405743093308597	0.1332390370346359	402	0.468171793311264	0.5661948429605286	0.4508773152428086	0.6465060325430759
HER2ST_manual_controlled	HER2ST_G2_CONTROLLED	within_section_controlled_combined	HER2ST::G	manual_truth_controlled	forward	HER2ST_G2_CONTROLLED	uot	0.25	2.0	N	I_EXPR	402	0.9593490626236157	0.9512195121951219	0.005753091087055549	0.14441284192012616	0.00810690472633572	0.8896123805563698	0.8780817439664901	402	0.7061215336903103	0.5365853658536586	0.0768940712092563	0.38217858155617235	0.056689359928294616	0.5196454329555404	0.5147486185485969	402	0.034630797019542345	0.05699446817330221	0.03566823494275077	0.07244765537786388	402	0.2770071913883997	0.3103112659810412	0.2780933924693737	0.35936181064463135	402	0.03963508365076681	0.0587449192462056	0.03983780812400013	0.07440199406247414	402	0.19831595656402085	0.22931561043679563	0.20119932126011741	0.252945177885052
HER2ST_manual_controlled	HER2ST_G2_CONTROLLED	within_section_controlled_combined	HER2ST::G	manual_truth_controlled	forward	HER2ST_G2_CONTROLLED	uot	0.25	2.0	N	I_SPATIAL	402	0.5528758933007099	0.1951219512195122	0.015282424314489704	0.5288590370402251	0.009918937609460573	0.5320710017864625	0.21516238331298432	402	0.6867050550727731	0.5853658536585366	0.17205794678785144	0.3855297945976579	-0.250357007719105	2.5050815657751344	0.4160745417895584	402	0.03463079702009564	0.056994468180107866	0.03566823494718718	0.07244765538751151	402	0.27700719137481034	0.3103112659312255	0.2780933924469107	0.35936181056872235	402	0.028588618095375676	0.05038920369110911	0.028896971109765343	0.08226083672071961	402	0.4627927070882851	0.5658291549770089	0.4462896232635212	0.6426259248305197
HER2ST_manual_controlled	HER2ST_G2_CONTROLLED	within_section_controlled_combined	HER2ST::G	manual_truth_controlled	reverse	HER2ST_G2_CONTROLLED__reverse	uot	0.25	2.0	R	I_EXPR	322	0.999886059772612	1.0	4.764384811639963e-05	0.0008170886178868303	-0.0002568146006643874	1.004548692263143	0.9998792833837442	322	0.9928515986047535	0.8787878787878788	0.000646725299539414	0.027411236840279008	0.001403737361711683	0.9157683890921743	0.9782313376567887	322	0.057476932710705766	0.06616394392619611	0.05830090065717499	0.07568394465354103	322	0.02360780523492332	0.030241298052611804	0.02423069006252786	0.03816267679309017	322	0.05749453956950626	0.0661742362169985	0.058309278912264166	0.07575314790864675	322	0.02294993622804728	0.029418508930015307	0.02359343736686459	0.035894395024955256
HER2ST_manual_controlled	HER2ST_G2_CONTROLLED	within_section_controlled_combined	HER2ST::G	manual_truth_controlled	reverse	HER2ST_G2_CONTROLLED__reverse	uot	0.25	2.0	R	I_SPATIAL	322	0.838949622065298	0.8787878787878788	0.01747374388021644	0.40064468660333097	0.0057431409964929965	1.4050477092695466	0.7590813951296036	322	0.5345157118002358	0.2727272727272727	0.17254823745159995	0.3830098656535122	-0.07832277349309756	1.8771463055352655	0.24001403470323823	322	0.02510877939433854	0.04742599181728657	0.026953479902303495	0.0739907402095514	322	0.2793637331191457	0.31710975724381557	0.2817195221590278	0.36252218317434964	322	0.039279924175719766	0.07874515751118966	0.04361406619006729	0.11907386818470293	322	0.47240317955191036	0.5735738277624494	0.45050598672488185	0.6388561256337252
HER2ST_manual_controlled	HER2ST_G2_CONTROLLED	within_section_controlled_combined	HER2ST::G	manual_truth_controlled	reverse	HER2ST_G2_CONTROLLED__reverse	uot	0.25	2.0	N	I_EXPR	322	0.9891009163561917	0.9393939393939394	0.0058694629770216136	0.15159527552728289	0.010580339298017731	0.8477312568379157	0.9667482537050128	322	0.7057646386684018	0.5151515151515151	0.07691735350342327	0.3827373702864763	0.05381484396728286	0.5295435832399759	0.5386792504333004	322	0.03063532559914353	0.06038457085430521	0.03319170001055266	0.08744426854188911	322	0.27443829568427675	0.31521858206433023	0.2778837588634516	0.35905041763145296	322	0.037423324511778606	0.06099294049225756	0.03871798086455059	0.08934661710780609	322	0.2006014929163866	0.22750903471582343	0.20096640536002836	0.24462128620724444
HER2ST_manual_controlled	HER2ST_G2_CONTROLLED	within_section_controlled_combined	HER2ST::G	manual_truth_controlled	reverse	HER2ST_G2_CONTROLLED__reverse	uot	0.25	2.0	N	I_SPATIAL	322	0.5468949401014068	0.6363636363636364	0.014108336360571632	0.5618608095534556	0.007157117487492319	0.5408853072155452	0.3611991072313926	322	0.521643701001434	0.30303030303030304	0.17161458402556287	0.38492599291484797	-0.0555072560917299	1.804154104569947	0.2294612429222168	322	0.030635325608858628	0.06038457085534757	0.03319170001644672	0.08744426854968684	322	0.2744382956569055	0.3152185820405557	0.2778837588424539	0.3590504175650512	322	0.023356256947278407	0.048133651765644415	0.025110020347894297	0.06864894149225491	322	0.46587512689319033	0.5710612758823043	0.44583786801720837	0.6347695902044808
HER2ST_manual_controlled	HER2ST_H1_CONTROLLED	within_section_controlled_combined	HER2ST::H	manual_truth_controlled	forward	HER2ST_H1_CONTROLLED	uot	0.25	2.0	R	I_EXPR	530	0.9999189126394521	0.9811320754716981	4.398685573284757e-05	0.0007554334759418515	-0.00019198220266762015	1.0033061036546564	0.9998813262640963	530	0.9957201833170817	0.9245283018867925	0.0006329168088622393	0.02914228457362744	0.0022679272737948777	0.8704031507372358	0.9894321277226198	530	0.057877693650666154	0.06528819114094307	0.058226783846002717	0.07355574507726083	530	0.022134117554785684	0.027446668598616216	0.022346234665505765	0.03704443891810757	530	0.05787606912767505	0.06536290690882361	0.05822730542620724	0.07363117222702269	530	0.021671335954272123	0.026311318267756612	0.02171816033376473	0.03281747436057606
HER2ST_manual_controlled	HER2ST_H1_CONTROLLED	within_section_controlled_combined	HER2ST::H	manual_truth_controlled	forward	HER2ST_H1_CONTROLLED	uot	0.25	2.0	R	I_SPATIAL	530	0.923566860498506	0.7547169811320755	0.01627333568022603	0.3614214207950619	0.001852357866295906	1.4047689831216124	0.9066896125243913	530	0.26638612535614264	0.0	0.16972583386077092	0.37955738484701057	0.25244086525468856	0.6996839593699754	0.07179959881745235	530	0.026618579724651197	0.06327597827056142	0.030733574625559774	0.13676776804602622	530	0.2765522711199759	0.33007076777261285	0.2783069612667738	0.36622584521411095	530	0.03798297071549109	0.0982667672359838	0.04502593024073567	0.174030358123534	530	0.4593751321765488	0.5705537523223908	0.4471677818340509	0.6576342143160179
HER2ST_manual_controlled	HER2ST_H1_CONTROLLED	within_section_controlled_combined	HER2ST::H	manual_truth_controlled	forward	HER2ST_H1_CONTROLLED	uot	0.25	2.0	N	I_EXPR	530	0.9576198441567026	0.8867924528301887	0.005900546991622946	0.15081642983538662	0.007556791523047768	0.8723176946454021	0.9221485949965182	530	0.8212234075673611	0.9433962264150944	0.0748181814287474	0.3729511852942397	0.04236237791375951	0.574553148226192	0.7774657549368278	530	0.03385764076137406	0.06730831284698817	0.03618778085350382	0.08838552992613483	530	0.27292414199532944	0.3266955139301329	0.27542937232687964	0.36837955355616137	530	0.037728778597716436	0.06776424033470892	0.039124033091509226	0.08643832440016576	530	0.19862138850703043	0.23576033906505528	0.2006111908981322	0.2556574004439274
HER2ST_manual_controlled	HER2ST_H1_CONTROLLED	within_section_controlled_combined	HER2ST::H	manual_truth_controlled	forward	HER2ST_H1_CONTROLLED	uot	0.25	2.0	N	I_SPATIAL	530	0.630937487972411	0.5283018867924528	0.014952579586518952	0.42379289926393204	0.01461794268763814	0.5710438276240054	0.4203415671600149	530	0.28416602032544164	0.0	0.16851169559843784	0.3802637075208387	0.24230616257068874	0.7291819992583823	0.08027734751017046	530	0.03385764076356767	0.06730831285169267	0.03618778085622401	0.08838552993279478	530	0.27292414198251524	0.3266955140187246	0.2754293723135793	0.3683795535795398	530	0.03633388316241958	0.06025880635857544	0.035282751580994996	0.12388369248359571	530	0.4529584122314375	0.5654678497977522	0.44314430292878604	0.6538889252989044
HER2ST_manual_controlled	HER2ST_H1_CONTROLLED	within_section_controlled_combined	HER2ST::H	manual_truth_controlled	reverse	HER2ST_H1_CONTROLLED__reverse	uot	0.25	2.0	R	I_EXPR	424	0.9999578088963406	0.9767441860465116	2.8000117846601092e-05	0.00047909803844428363	-0.0001310730346157373	1.0023718855756842	0.999929911779276	424	0.9932325784589227	0.8372093023255814	0.0006610156917429107	0.030159548855312107	0.0021054442426583376	0.877553499395135	0.9801447482071897	424	0.05820865365262668	0.06489421116385596	0.05843586889369425	0.07306556336005725	424	0.02232746816311404	0.027158446256717032	0.022576229853521756	0.03753057377533511	424	0.05818363415527383	0.06506712600693375	0.05844339905361008	0.07315515088082662	424	0.021668199711116724	0.02599832399438581	0.021917293753765277	0.03316006203351898
HER2ST_manual_controlled	HER2ST_H1_CONTROLLED	within_section_controlled_combined	HER2ST::H	manual_truth_controlled	reverse	HER2ST_H1_CONTROLLED__reverse	uot	0.25	2.0	R	I_SPATIAL	424	0.9429549515510739	0.813953488372093	0.016304762194065677	0.3642285175725364	-0.0022690174270918627	1.6056776682281628	0.8907407158307865	424	0.33750143654410775	0.0	0.17031117276426097	0.3806645646772094	0.2053699263089619	0.8697181253555971	0.10407612730918092	424	0.031415784305289594	0.051979460636310676	0.02929244000630934	0.0652259170113629	424	0.2819437362738596	0.32464325424383633	0.2782912272779154	0.3439445681329941	424	0.041734687978076807	0.08790464912929266	0.04476519933895229	0.12089276007441076	424	0.4604681693021141	0.5613686484550569	0.4474048508000188	0.6595770091918869
HER2ST_manual_controlled	HER2ST_H1_CONTROLLED	within_section_controlled_combined	HER2ST::H	manual_truth_controlled	reverse	HER2ST_H1_CONTROLLED__reverse	uot	0.25	2.0	N	I_EXPR	424	0.9881861761163718	0.8372093023255814	0.0066281343534963545	0.17516573050301204	0.012917648622519859	0.7788355352050995	0.9610511073947564	424	0.7782260844924078	0.46511627906976744	0.075222389549201	0.3754352398781703	0.06460366826146685	0.49261704213726965	0.6911879440140621	424	0.028315419064335635	0.06111483841276404	0.03199850131343424	0.07629824374182352	424	0.27854746354395143	0.31994224452646947	0.27558288201019343	0.3403889325770296	424	0.03550314599959645	0.06159481606595438	0.037839218518729505	0.07597808418077606	424	0.2061198860308402	0.22239096039422634	0.20036049246099238	0.23330431707072571
HER2ST_manual_controlled	HER2ST_H1_CONTROLLED	within_section_controlled_combined	HER2ST::H	manual_truth_controlled	reverse	HER2ST_H1_CONTROLLED__reverse	uot	0.25	2.0	N	I_SPATIAL	424	0.5349654048692941	0.4883720930232558	0.013512063609058931	0.4963945015309861	0.0112621552255261	0.4987189291181993	0.3461075736669048	424	0.3566719405546241	0.0	0.16911695981920985	0.38124476146648856	0.1849676585105596	0.9384614281083403	0.11665544621678403	424	0.02831541907230823	0.061114838418545286	0.031998501319117065	0.0762982437526036	424	0.278547463540282	0.31994224450767855	0.275582881996033	0.3403889325681654	424	0.027263932842731667	0.04783986480213273	0.02722041353678346	0.06015939008140895	424	0.45676930555233053	0.558919721568534	0.44359156351076906	0.6533010629360344
Stereo-seq	ST_DEV_E11_5_E12_5	cross_stage	Stereo-seq::shared_developmental_series	legacy_replication	forward	ST_DEV_E11_5_E12_5	uot	0.25	2.0	R	I_EXPR	1500	0.9969015417340186	0.9666666666666667	0.0007955545574775116	0.013258816756501044	-0.0011539027370033065	1.032487854134174	0.9972051274379637	1500	0.9972022103120936	0.9333333333333333	0.0026294805085778097	0.03428559415808308	0.006408261737321546	0.9033232642981927	0.9761948193549497	1500	0.055625193701052816	0.07321974642418409	0.059231524776961135	0.2872566831890362	1500	0.06419685487706063	0.12768767303015097	0.07780734898933808	0.48361084570804763	1500	0.056364676342799444	0.07414191204263665	0.06000192717705646	0.30283002208757065	1500	0.06477785755146721	0.12846243926445416	0.07669345021275913	0.3288592912236944
Stereo-seq	ST_DEV_E11_5_E12_5	cross_stage	Stereo-seq::shared_developmental_series	legacy_replication	forward	ST_DEV_E11_5_E12_5	uot	0.25	2.0	R	I_SPATIAL	1500	0.5878528870457277	0.7133333333333334	0.018134943424100172	0.46267792098999966	0.015752325947496173	1.1131311513384665	0.5478614142143593	1500	0.12184159726293213	0.02666666666666667	0.19505613710822475	0.4277963925050159	0.39378241332401476	0.23812309252315278	0.012465079076250385	1500	0.019936094047529794	0.03028284713459951	0.021060666743111904	0.06085471099782098	1500	0.2623321852394346	0.3140331158651123	0.2610966058929265	0.3790764392883405	1500	0.036430864418916714	0.05818656437474319	0.03919561016721207	0.0877137821622998	1500	0.4650364990754099	0.572965711427247	0.45595554456653753	0.6615412675232359
Stereo-seq	ST_DEV_E11_5_E12_5	cross_stage	Stereo-seq::shared_developmental_series	legacy_replication	forward	ST_DEV_E11_5_E12_5	uot	0.25	2.0	N	I_EXPR	1500	0.9809228679657191	0.8866666666666667	0.005399699842308665	0.12330413373844254	0.0039004328222829814	1.0307679763192175	0.9805826689788187	1500	0.9059398444177087	0.7666666666666667	0.0649851114956233	0.3326802078458807	0.0412783142591823	0.5918019172353577	0.823532069716289	1500	0.03773075682838346	0.05299385499227332	0.03870054756086144	0.2617001753573933	1500	0.2611427374985944	0.315882860550719	0.2603231868094654	0.54278265232929	1500	0.04241824160957032	0.05817072985518494	0.043791717914037784	0.2835651230339983	1500	0.1949774808699789	0.23101151626960323	0.19533807531384215	0.39351115604818404
Stereo-seq	ST_DEV_E11_5_E12_5	cross_stage	Stereo-seq::shared_developmental_series	legacy_replication	forward	ST_DEV_E11_5_E12_5	uot	0.25	2.0	N	I_SPATIAL	1500	0.6639819875475501	0.5933333333333334	0.01590397783728574	0.6331092407222944	-0.0033208147029710673	0.7349055457472989	0.6564763359027472	1500	0.3755868158163626	0.14666666666666667	0.1803002357313716	0.4094051110144033	0.2503472482767435	0.7300479766172484	0.1250299556891995	1500	0.03773075684017485	0.052993855003216774	0.038700547566618886	0.2617001753603042	1500	0.26114273743433025	0.31588286048784575	0.26032318677961735	0.5427826522787846	1500	0.023198183476993914	0.04235480408625177	0.025120432327194266	0.21694372055336314	1500	0.44435117144233405	0.570691952893093	0.4403956640517574	0.6870450952997522
Stereo-seq	ST_DEV_E11_5_E12_5	cross_stage	Stereo-seq::shared_developmental_series	legacy_replication	reverse	ST_DEV_E11_5_E12_5__reverse	uot	0.25	2.0	R	I_EXPR	1500	0.9995027126678724	0.9866666666666667	0.0005509644396527005	0.00909425783939678	0.0004037330663804784	0.9984141007607442	0.9989574010669231	1500	0.9951232760547895	0.8666666666666667	0.0030629703223240055	0.04109229929449172	0.005621267382345337	0.9126820060392606	0.9636604438931067	1500	0.05538543205139339	0.08777696915266135	0.060275629591049554	0.2813474972297655	1500	0.06596127827425183	0.11929549288320229	0.07551099231738123	0.35780006014990423	1500	0.05556856803165447	0.08848328385238122	0.06058377158231593	0.2803253044374429	1500	0.06549130460617092	0.12041823488203315	0.07453879132858808	0.24741855552229913
Stereo-seq	ST_DEV_E11_5_E12_5	cross_stage	Stereo-seq::shared_developmental_series	legacy_replication	reverse	ST_DEV_E11_5_E12_5__reverse	uot	0.25	2.0	R	I_SPATIAL	1500	0.31216285873904837	0.4666666666666667	0.018408957458609446	0.46761835706600824	0.0240044124402687	0.7292357391899734	0.22130372737042714	1500	0.01693747241665441	0.04666666666666667	0.19609337672173213	0.42907906105655474	0.44424509695194925	0.04883860441735204	0.0004170914520864599	1500	0.019916955521229945	0.03251137220532948	0.021067357467873672	0.04651219367494989	1500	0.263235212760385	0.31037117404726783	0.26136697373845635	0.3846842290421204	1500	0.0365508523914076	0.05699069841426198	0.03936748243613299	0.08004793278781325	1500	0.46772705077179405	0.5776624918674802	0.4570098951901222	0.6576743740004062
Stereo-seq	ST_DEV_E11_5_E12_5	cross_stage	Stereo-seq::shared_developmental_series	legacy_replication	reverse	ST_DEV_E11_5_E12_5__reverse	uot	0.25	2.0	N	I_EXPR	1500	0.9918203768090565	0.9533333333333334	0.005050954507451038	0.1136325463515379	0.00416735557912265	1.018207640127785	0.9919151737645796	1500	0.8672184903193292	0.6533333333333333	0.06548737520474736	0.33715264211415347	0.04498396689510946	0.5746586286372689	0.7712469291870485	1500	0.035442297124398614	0.06433140300068761	0.03956220289893273	0.25179399425155413	1500	0.263298918847385	0.3116031180439298	0.2597239524241973	0.4881450864692949	1500	0.03983669021049494	0.07095323231350847	0.04444989283110154	0.26069411508955365	1500	0.1944972378192515	0.22902809601825128	0.19423657721944998	0.329030273202625
Stereo-seq	ST_DEV_E11_5_E12_5	cross_stage	Stereo-seq::shared_developmental_series	legacy_replication	reverse	ST_DEV_E11_5_E12_5__reverse	uot	0.25	2.0	N	I_SPATIAL	1500	0.7353440708195872	0.8066666666666666	0.015902561909396786	0.6063571690250298	-0.002697513661162342	0.7310995181199833	0.7820769954953811	1500	0.21456250247222336	0.13333333333333333	0.18342941114742375	0.414530581894899	0.3104066725001871	0.5085877928129698	0.05095240261427414	1500	0.03544229712651161	0.06433140301380176	0.039562202904790254	0.251793994277771	1500	0.26329891885665574	0.31160311812785335	0.25972395239410573	0.48814508651137356	1500	0.021790561590108413	0.049625418087001716	0.026226393818294814	0.19227298649359448	1500	0.4499760531316126	0.5718877633716266	0.4424991041889663	0.6855305227500792
Stereo-seq	ST_DEV_E12_5_E13_5	cross_stage	Stereo-seq::shared_developmental_series	legacy_replication	forward	ST_DEV_E12_5_E13_5	uot	0.25	2.0	R	I_EXPR	1500	0.9976981003102668	0.9933333333333333	0.0008820695986990712	0.014026962705579734	0.00013460948810214973	1.0120515816880418	0.9983919607376407	1500	0.9962784374570834	0.8933333333333333	0.001943050369734811	0.0272092847321919	0.009529633716736428	0.8677153263366916	0.9640570761270767	1500	0.0581024193212749	0.07832617922979067	0.06200203080284361	0.29679764723402247	1500	0.06225550945943158	0.10709619015487785	0.0713156302349329	0.5507335521121064	1500	0.058994176329569124	0.07889825020268235	0.0628838628299907	0.3170797445767452	1500	0.06323456315597507	0.10647820642888346	0.07141129907894805	0.3644481469293004
Stereo-seq	ST_DEV_E12_5_E13_5	cross_stage	Stereo-seq::shared_developmental_series	legacy_replication	forward	ST_DEV_E12_5_E13_5	uot	0.25	2.0	R	I_SPATIAL	1500	0.2701243120552498	0.72	0.018667987880678177	0.4667734551005098	0.007186716070904781	1.5382994767077882	0.2052609383382512	1500	0.18391313773917237	0.1	0.1890950793375816	0.4102238836642202	0.33446385720813115	0.46423787335117117	0.028267055655551987	1500	0.021285729352080885	0.02534182793004842	0.02132677268033324	0.03337389613174211	1500	0.2711201748992478	0.3197686148612055	0.2724722651019774	0.36696026561869993	1500	0.038068136346080236	0.057595501681631016	0.039993679324927374	0.07325085398262385	1500	0.4722853359900399	0.5872784962464994	0.46095580210625	0.6541726782136753
Stereo-seq	ST_DEV_E12_5_E13_5	cross_stage	Stereo-seq::shared_developmental_series	legacy_replication	forward	ST_DEV_E12_5_E13_5	uot	0.25	2.0	N	I_EXPR	1500	0.9798265972562654	0.9533333333333334	0.0060914516459879735	0.1302518774163221	0.0049124155156080075	1.0289865684322268	0.9899377735243969	1500	0.9082360943271532	0.6866666666666666	0.07127476417235808	0.3565079205615337	0.0448276749030181	0.5718929265550866	0.8390914540224984	1500	0.0372094958134436	0.05607553047929197	0.04067525733984844	0.2809335073679957	1500	0.2720290560557538	0.3256305188038159	0.27119953459567314	0.602282046776013	1500	0.04312152563180566	0.06319011913204123	0.04676670898583641	0.30528661135569124	1500	0.20133992724217487	0.23061011909077692	0.19992477042331508	0.3927490753887864
Stereo-seq	ST_DEV_E12_5_E13_5	cross_stage	Stereo-seq::shared_developmental_series	legacy_replication	forward	ST_DEV_E12_5_E13_5	uot	0.25	2.0	N	I_SPATIAL	1500	0.6883060125804501	0.6733333333333333	0.017291095135860156	0.7361146281969287	-0.007952362727886155	0.7730016271642645	0.6938504185677093	1500	0.34145066197807206	0.1	0.18282902915452023	0.40341812494891843	0.21992233731033836	0.860169254186319	0.12190053752234664	1500	0.037209495824656755	0.056075530486292734	0.040675257346834345	0.2809335073881141	1500	0.2720290561158015	0.3256305187028931	0.27119953457053925	0.6022820469576606	1500	0.02118780608825157	0.04319921649442364	0.023489677386541983	0.1876818672158335	1500	0.46498828228682043	0.5887005090998361	0.45319983869755576	0.7430122839671143
Stereo-seq	ST_DEV_E12_5_E13_5	cross_stage	Stereo-seq::shared_developmental_series	legacy_replication	reverse	ST_DEV_E12_5_E13_5__reverse	uot	0.25	2.0	R	I_EXPR	1500	0.9997386594394043	0.98	0.00044305859216232734	0.006921611339154095	0.0004896170071632418	0.9894156144437629	0.9997471686536656	1500	0.9951770467453541	0.9066666666666666	0.0020370282705793135	0.030089971684430408	0.009815523443342494	0.8478545587275783	0.9469285283504264	1500	0.05306096398700791	0.10125610688239933	0.06420081216026233	0.3599160529934001	1500	0.06287688478091372	0.09646471139571536	0.06826924320070246	0.2926607806515976	1500	0.0530951507639572	0.10133458403820636	0.06401090301849778	0.35421383261855727	1500	0.06343046839739444	0.09594798379269782	0.06769791251193973	0.2007722323415816
Stereo-seq	ST_DEV_E12_5_E13_5	cross_stage	Stereo-seq::shared_developmental_series	legacy_replication	reverse	ST_DEV_E12_5_E13_5__reverse	uot	0.25	2.0	R	I_SPATIAL	1500	0.380142362729939	0.37333333333333335	0.018713642464658075	0.4655635360173557	0.023001639300543036	0.7997500643620781	0.24317833995454707	1500	0.12477088212039207	0.10666666666666667	0.18900990218159297	0.4099175639771229	0.37692101238819364	0.308306291495992	0.014385668582690303	1500	0.02067269984641357	0.03152853291795608	0.021499266460523594	0.05522511050363332	1500	0.2726639375447999	0.32541344208062317	0.2730124561330355	0.3738365138740536	1500	0.03774862658685359	0.0575820078533263	0.040195679036084245	0.09374298085041863	1500	0.4666137777857221	0.5853397137655266	0.4610924702707821	0.6688844058100103
Stereo-seq	ST_DEV_E12_5_E13_5	cross_stage	Stereo-seq::shared_developmental_series	legacy_replication	reverse	ST_DEV_E12_5_E13_5__reverse	uot	0.25	2.0	N	I_EXPR	1500	0.9900762373672167	0.9666666666666667	0.005123055969041343	0.1069302355099296	0.004889201159258059	1.0023320764580126	0.9954017864303785	1500	0.9154413988628439	0.66	0.07189119913674787	0.3600403552080434	0.03968233490553804	0.5891485271073371	0.8519908594106512	1500	0.03264687692420804	0.0782092833542919	0.042920969319201446	0.33115484822296976	1500	0.2692350156662124	0.33352475991488634	0.2715665913443983	0.4603477205402395	1500	0.036968645397503344	0.08379025180482709	0.0479102654605639	0.3341493800360754	1500	0.1985980356426494	0.23682658090213354	0.1996753922076505	0.31916881234574324
Stereo-seq	ST_DEV_E12_5_E13_5	cross_stage	Stereo-seq::shared_developmental_series	legacy_replication	reverse	ST_DEV_E12_5_E13_5__reverse	uot	0.25	2.0	N	I_SPATIAL	1500	0.7484420286409018	0.8133333333333334	0.0159438292029222	0.563481089700015	-0.0075577298958112785	0.835325117502237	0.8886259645946202	1500	0.3070334946815532	0.08666666666666667	0.18323561915100353	0.4039352852932162	0.26235192539709473	0.7043364594103155	0.09284693081600792	1500	0.032646876925257196	0.078209283363395	0.04292096932590268	0.3311548482333064	1500	0.26923501565721336	0.3335247599110902	0.27156659132041844	0.4603477204812506	1500	0.01817790129455014	0.06293111813192222	0.028295233849658284	0.294312746922654	1500	0.4567365179889947	0.5906386392173635	0.4536261768218466	0.7150289880914273
Stereo-seq	ST_DEV_E13_5_E14_5	cross_stage	Stereo-seq::shared_developmental_series	legacy_replication	forward	ST_DEV_E13_5_E14_5	uot	0.25	2.0	R	I_EXPR	1500	0.9996872211943206	1.0	0.0007257741894261134	0.011231534086125579	0.0006421357871810531	0.9810755316656675	0.9996446036974329	1500	0.9958875252833448	0.8933333333333333	0.0020427917926643916	0.03151071311653711	0.0038892404751746375	0.9354952268179589	0.9668217560968739	1500	0.051150258856624026	0.11407915829646192	0.06521128143255472	0.42359389433460204	1500	0.05850428550724131	0.10053293585018687	0.06514116029611743	0.30167545243074106	1500	0.05079112076218047	0.11311807858802915	0.06461932838922416	0.40197874323267585	1500	0.058847443845235804	0.10014161850049344	0.06482848500157605	0.1809019752233994
Stereo-seq	ST_DEV_E13_5_E14_5	cross_stage	Stereo-seq::shared_developmental_series	legacy_replication	forward	ST_DEV_E13_5_E14_5	uot	0.25	2.0	R	I_SPATIAL	1500	0.38151750645222504	0.5333333333333333	0.018751755811909545	0.46777473031910344	0.019320911973843072	0.9732172457334134	0.23536303960584692	1500	0.18982901236844998	0.04	0.18667759636706244	0.4050801710337883	0.3361998917224569	0.4542727893459827	0.036720515877382454	1500	0.0211180133103653	0.030061114093528053	0.02133772103229617	0.039202702338055055	1500	0.2734589530652583	0.33133494550707776	0.27437527175448545	0.36936748328304275	1500	0.03737408660257446	0.0582204274243478	0.04008715006712226	0.07659331219098599	1500	0.46935910908923184	0.5888564110742978	0.46084111174992914	0.666186698041628
Stereo-seq	ST_DEV_E13_5_E14_5	cross_stage	Stereo-seq::shared_developmental_series	legacy_replication	forward	ST_DEV_E13_5_E14_5	uot	0.25	2.0	N	I_EXPR	1500	0.9930398155732515	0.98	0.0047074289436398915	0.09675579960581591	0.0047026801922912835	0.9950202626934868	0.9961855655114793	1500	0.9287729176768523	0.72	0.07272323130176787	0.36464265513049576	0.057839318636265666	0.5202731968292471	0.8702311312062481	1500	0.03104522686805845	0.09560998438335767	0.04416995444616429	0.4024877425387355	1500	0.2704558670919177	0.33494127112047206	0.27216021509551025	0.4254176000559694	1500	0.035366702047592014	0.09969188726290082	0.04865267986847304	0.38996555637209873	1500	0.20061153047335725	0.23431207067843723	0.1994369837937424	0.3024069353786102
Stereo-seq	ST_DEV_E13_5_E14_5	cross_stage	Stereo-seq::shared_developmental_series	legacy_replication	forward	ST_DEV_E13_5_E14_5	uot	0.25	2.0	N	I_SPATIAL	1500	0.757978352879268	0.88	0.014807038359838865	0.459459045279334	-0.003766206562460371	0.8148824138225508	0.905679254361748	1500	0.3962947610198938	0.08666666666666667	0.18063100766659693	0.3993635746636882	0.1946082151882479	0.9468280928680218	0.16760990083255878	1500	0.031045226886413306	0.09560998437953495	0.04416995445249321	0.40248774257082337	1500	0.27045586710287794	0.33494127116972244	0.2721602150780086	0.4254176000717847	1500	0.019634569586807166	0.07822646991962316	0.03222711254021941	0.33840673623044404	1500	0.45856462355860045	0.5978904095312836	0.45229715258510944	0.6946425098798203
Stereo-seq	ST_DEV_E13_5_E14_5	cross_stage	Stereo-seq::shared_developmental_series	legacy_replication	reverse	ST_DEV_E13_5_E14_5__reverse	uot	0.25	2.0	R	I_EXPR	1500	0.9977659261181895	0.98	0.001143120738186594	0.01818673328872827	0.0010372580800434928	1.0017154437921585	0.9985541500546111	1500	0.9966365958384871	0.92	0.0016169850877449398	0.022522758145879486	0.002146259679583982	0.9758030688151703	0.987010936586051	1500	0.058074197072202544	0.07770408995837101	0.06171152830948349	0.21740378702937913	1500	0.06407465412391398	0.1062345175567238	0.07137416284376973	0.27950327321520096	1500	0.05913860182125166	0.07845798588540716	0.06285464904767007	0.22436227838293343	1500	0.0645366753948565	0.10771306643006837	0.07179338681664818	0.22845728005415294
Stereo-seq	ST_DEV_E13_5_E14_5	cross_stage	Stereo-seq::shared_developmental_series	legacy_replication	reverse	ST_DEV_E13_5_E14_5__reverse	uot	0.25	2.0	R	I_SPATIAL	1500	0.23976847278598792	0.6866666666666666	0.018543874425089358	0.4658276569946272	0.0063637971083903185	1.5727873773075685	0.20517399283187188	1500	0.18188644528286457	0.06666666666666667	0.18589762883997718	0.40478624159073423	0.33531256516099667	0.4531041284287139	0.03248012539923539	1500	0.02080573395354287	0.025229649521503656	0.02126457006429235	0.03643413644043685	1500	0.27312193018623016	0.32418056021287883	0.27352722898747267	0.3533132060610797	1500	0.03731065961135631	0.05720911702373708	0.03980844448938171	0.07653247396576193	1500	0.4646892183790782	0.582287866277825	0.45924888185288676	0.6524867097809399
Stereo-seq	ST_DEV_E13_5_E14_5	cross_stage	Stereo-seq::shared_developmental_series	legacy_replication	reverse	ST_DEV_E13_5_E14_5__reverse	uot	0.25	2.0	N	I_EXPR	1500	0.9703339779262125	0.9333333333333333	0.0064070782992272065	0.13674549461203028	0.007118505199848283	0.9824108673510948	0.9807206154144708	1500	0.9252502743334554	0.7466666666666667	0.07132075631608432	0.3554658336926932	0.05174302448687699	0.547494770707078	0.8632903014406793	1500	0.03718380282376751	0.0551764395936175	0.040446957494823306	0.20073883885047827	1500	0.2730991898787154	0.3277397016147667	0.27196101356720015	0.367774446808131	1500	0.04370750157175372	0.06149639960288542	0.0468540357940505	0.21076707571738013	1500	0.20167369394232712	0.2326877406790535	0.20064025725111584	0.28285928318387166
Stereo-seq	ST_DEV_E13_5_E14_5	cross_stage	Stereo-seq::shared_developmental_series	legacy_replication	reverse	ST_DEV_E13_5_E14_5__reverse	uot	0.25	2.0	N	I_SPATIAL	1500	0.6359960835538149	0.6533333333333333	0.01818670595218092	0.81681828955344	-0.015866223737961045	0.9427538722862909	0.6413337704546441	1500	0.3658485572660255	0.1	0.17805767623653942	0.39595419973207524	0.20863125680634248	0.8863820104629836	0.1387986215205158	1500	0.03718380282854232	0.05517643960217423	0.04044695750146327	0.20073883886267163	1500	0.27309918987154913	0.3277397015957247	0.27196101354924024	0.3677744467732109	1500	0.018330876456685442	0.04537307498616576	0.0222653020687425	0.15240762442736316	1500	0.4530403713524502	0.5780948528082229	0.4496926067636691	0.6651155801648452
Stereo-seq	ST_DEV_E14_5_E15_5	cross_stage	Stereo-seq::shared_developmental_series	legacy_replication	forward	ST_DEV_E14_5_E15_5	uot	0.25	2.0	R	I_EXPR	1500	0.9981011049338245	0.9666666666666667	0.0010803787476433427	0.017531799471385088	0.00036996825639202055	1.0117338714490776	0.9986482649919312	1500	0.994000228444546	0.9	0.002011492997627172	0.027388814167371146	0.007298453727261284	0.9037031936812187	0.9678303388555566	1500	0.057819736855474535	0.0741152690607739	0.060543572028585096	0.3132052416871758	1500	0.06695508983000764	0.11113992943628621	0.07319182017107204	0.4420784921236247	1500	0.05896779805219392	0.07531566855778223	0.06162395077622845	0.31580098382097044	1500	0.06796687591564599	0.11031858201382977	0.07344213536720055	0.3232757620504692
Stereo-seq	ST_DEV_E14_5_E15_5	cross_stage	Stereo-seq::shared_developmental_series	legacy_replication	forward	ST_DEV_E14_5_E15_5	uot	0.25	2.0	R	I_SPATIAL	1500	0.324121992943108	0.3333333333333333	0.018511255324071718	0.46841075796181864	0.019524624528029805	0.9517231637968584	0.15270167945783042	1500	0.16024396810843028	0.02	0.18682386560242317	0.4080189336092308	0.35848686471380714	0.3665825623410345	0.027272002913585336	1500	0.021599801924915084	0.02665353442289956	0.02100889734048554	0.034764854904662475	1500	0.27205482626826005	0.3307327274868617	0.2711354235629699	0.36438668966621346	1500	0.03732558604438626	0.05630319060333771	0.03951927877280013	0.0730600799494143	1500	0.4621037927994873	0.5830741129068122	0.45788038302494244	0.6885697516455553
Stereo-seq	ST_DEV_E14_5_E15_5	cross_stage	Stereo-seq::shared_developmental_series	legacy_replication	forward	ST_DEV_E14_5_E15_5	uot	0.25	2.0	N	I_EXPR	1500	0.9389898502177114	0.8933333333333333	0.006181443015200135	0.1352136496125647	0.00633118945594661	0.996212275808882	0.963903530362454	1500	0.9438558114914719	0.72	0.06950181366386178	0.3507003123841353	0.04479037675779153	0.5730297942156487	0.8988673392878561	1500	0.03769302729352163	0.05180116127755214	0.039534673907256825	0.2926862312965508	1500	0.2699318090603946	0.3339018536415639	0.26768188710426927	0.5010872079623387	1500	0.04363952756086433	0.058465694168269085	0.04571611692245696	0.3000909333889892	1500	0.20104532102556327	0.23561164390744688	0.1981800734404075	0.3673583806083086
Stereo-seq	ST_DEV_E14_5_E15_5	cross_stage	Stereo-seq::shared_developmental_series	legacy_replication	forward	ST_DEV_E14_5_E15_5	uot	0.25	2.0	N	I_SPATIAL	1500	0.5541924134188504	0.52	0.018050131726115713	0.8390345599348957	-0.010053246085014537	0.7984440138001659	0.541788849498184	1500	0.352126823167477	0.13333333333333333	0.17645582277546834	0.3976215297304839	0.2429412636041198	0.7502826563822627	0.14321154915576217	1500	0.03769302730083058	0.051801161279476315	0.03953467391363214	0.29268623131571375	1500	0.26993180901916036	0.33390185372703396	0.2676818870880628	0.5010872080010673	1500	0.020006530560370772	0.038241532031140016	0.02151297763886663	0.20478052536412447	1500	0.4469147688006473	0.5760159300423954	0.44377834091396845	0.7663905742017327
Stereo-seq	ST_DEV_E14_5_E15_5	cross_stage	Stereo-seq::shared_developmental_series	legacy_replication	reverse	ST_DEV_E14_5_E15_5__reverse	uot	0.25	2.0	R	I_EXPR	1500	0.9997504105557382	0.9933333333333333	0.0006680231131467027	0.010581550202435782	0.0004148093540260534	0.9864356219006608	0.9996936966627196	1500	0.9948576332700593	0.8466666666666667	0.0023602059989835025	0.03615930707052805	0.002508133185088007	0.9556895662872736	0.9716881586717815	1500	0.05090462468802614	0.11426839392560864	0.06357852455039212	0.37415433472591686	1500	0.05805183295941581	0.10573484018672573	0.06567436062558782	0.22379184336842475	1500	0.05079597032540313	0.1137328926615618	0.06313093075841851	0.3578581927235002	1500	0.058139072375521524	0.10434528712416465	0.06527243440755004	0.14694590120724563
Stereo-seq	ST_DEV_E14_5_E15_5	cross_stage	Stereo-seq::shared_developmental_series	legacy_replication	reverse	ST_DEV_E14_5_E15_5__reverse	uot	0.25	2.0	R	I_SPATIAL	1500	0.49732764503450894	0.35333333333333333	0.01861481150861459	0.46924505569346325	0.007734720829333047	1.5167488617926015	0.29561854591925896	1500	0.21901595511820232	0.013333333333333334	0.18662918458766695	0.4070972369473628	0.3347669697715477	0.4549933182109837	0.04375928356365821	1500	0.021211361714573197	0.025786707391300238	0.021054890457887984	0.038836067503464106	1500	0.2724026373873782	0.33042634679107463	0.2718102971746399	0.3649536926211298	1500	0.037585032651895486	0.059023036977338676	0.039669701966502574	0.0690099554270753	1500	0.46437354797814623	0.5863320912620444	0.4584388388069504	0.6455509151635551
Stereo-seq	ST_DEV_E14_5_E15_5	cross_stage	Stereo-seq::shared_developmental_series	legacy_replication	reverse	ST_DEV_E14_5_E15_5__reverse	uot	0.25	2.0	N	I_EXPR	1500	0.9913033205792539	0.9866666666666667	0.004634952376433709	0.09780887552934206	0.004043241367756496	1.0028271626860026	0.994114579056569	1500	0.9394975375544612	0.6866666666666666	0.07056908334885759	0.35792608138148796	0.05939432655816177	0.5145731020657943	0.8925996834132405	1500	0.03207576545773665	0.09264634148603078	0.04322241239466564	0.34810951394831774	1500	0.26694373257679355	0.3291631752861609	0.2677301370403962	0.3942263012235091	1500	0.036099428272821005	0.09770331645669689	0.04738785055394336	0.3388560610817472	1500	0.19799697612658052	0.22999442475533063	0.19716105369153866	0.2832948263764326
Stereo-seq	ST_DEV_E14_5_E15_5	cross_stage	Stereo-seq::shared_developmental_series	legacy_replication	reverse	ST_DEV_E14_5_E15_5__reverse	uot	0.25	2.0	N	I_SPATIAL	1500	0.7751609702937645	0.8266666666666667	0.013873931838609773	0.40855289414649376	0.0001475518210755655	0.782260004306167	0.8812315922785596	1500	0.48281076747145224	0.08	0.17665746248617287	0.39759737506011383	0.16707546490272807	1.0355090570216288	0.22166701231081776	1500	0.03207576546724337	0.09264634148937775	0.04322241239996563	0.348109513970545	1500	0.26694373247543773	0.32916317535869877	0.2677301370241363	0.3942263013043492	1500	0.0246887431484328	0.07519147488702062	0.03395871633119562	0.2857457257167291	1500	0.4397413204410553	0.5914593928303735	0.44431244662886304	0.7068682125833932
Stereo-seq	ST_DEV_E15_5_E16_5	cross_stage	Stereo-seq::shared_developmental_series	legacy_replication	forward	ST_DEV_E15_5_E16_5	uot	0.25	2.0	R	I_EXPR	1500	0.9982198320977034	0.9866666666666667	0.0007278293821618623	0.011917648818437758	0.0009103752105339873	0.9914805874353487	0.9985488130870019	1500	0.9945287157905404	0.9	0.0031729019187333395	0.03656455314575643	0.006257563752280851	0.9251606426816062	0.9752940470886933	1500	0.05128302061945672	0.09554033710563997	0.06067812486305454	0.38779212012465103	1500	0.07855180613330656	0.13092048949129068	0.08703114154719556	0.3158343400535088	1500	0.05191389456331518	0.09619687369052313	0.061071558094230774	0.3770842359957299	1500	0.07948593425426566	0.13243035904646636	0.08677535059939813	0.2852905572684283
Stereo-seq	ST_DEV_E15_5_E16_5	cross_stage	Stereo-seq::shared_developmental_series	legacy_replication	forward	ST_DEV_E15_5_E16_5	uot	0.25	2.0	R	I_SPATIAL	1500	0.5198003732446104	0.4533333333333333	0.01877271027659864	0.4715420142108078	0.018058924607472018	1.033757379422341	0.3271079004694437	1500	0.13566319985031106	0.04666666666666667	0.1924231536833588	0.41779581322224846	0.3717317440661629	0.33115804691469625	0.024543078789950767	1500	0.019774185619606005	0.03198829213246344	0.02104207076744306	0.04805940892057513	1500	0.2708577894499907	0.3266387796634188	0.26825773987138474	0.38095526294267723	1500	0.036929826129619855	0.05929245932980469	0.03981132054164341	0.08304460311653222	1500	0.4662343067438503	0.5925978772276695	0.4605674532717215	0.6642384742984104
Stereo-seq	ST_DEV_E15_5_E16_5	cross_stage	Stereo-seq::shared_developmental_series	legacy_replication	forward	ST_DEV_E15_5_E16_5	uot	0.25	2.0	N	I_EXPR	1500	0.9895977127100947	0.9666666666666667	0.005342242304224733	0.11863295355231643	0.005241595134016922	1.0009942766047586	0.9909413024479179	1500	0.9289063506250448	0.74	0.06856362349391756	0.34344177087200234	0.04308960926431545	0.583694826543307	0.8686807226854216	1500	0.033325216093765916	0.07163640420315923	0.039750571095661	0.35989729010088417	1500	0.27189145222094674	0.337599776015564	0.26820044495519113	0.455095046225422	1500	0.03759494663114924	0.0787177731984657	0.04503168929254413	0.36118925248968353	1500	0.19915281666640755	0.2461709713821053	0.1996368214612736	0.32314241203849503
Stereo-seq	ST_DEV_E15_5_E16_5	cross_stage	Stereo-seq::shared_developmental_series	legacy_replication	forward	ST_DEV_E15_5_E16_5	uot	0.25	2.0	N	I_SPATIAL	1500	0.7474065152917846	0.76	0.014914270092485478	0.5585165342497591	-0.00407073814293149	0.7741801159795264	0.8135978932740541	1500	0.3732043720908321	0.16	0.183735445089308	0.4069061864571612	0.22720491440141297	0.8364550113870557	0.1679844408317286	1500	0.033325216093153795	0.07163640421023881	0.039750571102206235	0.359897290110691	1500	0.2718914521416126	0.33759977606396363	0.26820044493245154	0.45509504655045147	1500	0.020264212171585243	0.05565484901238505	0.026703363603226955	0.30351568528942036	1500	0.4506371477532136	0.6057477132761603	0.45154252062140016	0.7422146108674137
Stereo-seq	ST_DEV_E15_5_E16_5	cross_stage	Stereo-seq::shared_developmental_series	legacy_replication	reverse	ST_DEV_E15_5_E16_5__reverse	uot	0.25	2.0	R	I_EXPR	1500	0.9990327924590191	0.94	0.0009356276821782812	0.01548661625580669	0.00011827108108300127	1.01359677600479	0.9978864254706792	1500	0.9892615596718044	0.9133333333333333	0.0030988957608437005	0.034954662715599695	0.010654400760305112	0.8788079001168888	0.9694546494425665	1500	0.053786472653586326	0.08404807584200681	0.05948812506769117	0.28266306410402287	1500	0.08300331506626604	0.11778051071132342	0.08875695938382061	0.41121674837935757	1500	0.054803198945716336	0.08656922319469104	0.06041524286026449	0.29347057768257373	1500	0.08405296533441939	0.11932563676270351	0.08865471785716056	0.2556842207358012
Stereo-seq	ST_DEV_E15_5_E16_5	cross_stage	Stereo-seq::shared_developmental_series	legacy_replication	reverse	ST_DEV_E15_5_E16_5__reverse	uot	0.25	2.0	R	I_SPATIAL	1500	0.3887520376675723	0.5533333333333333	0.01871108877939965	0.4720085694436013	0.013905236396788612	1.2295948674566068	0.23492087600108358	1500	0.18796463820650589	0.15333333333333332	0.19255448452298018	0.41837986440314684	0.3539576806913537	0.39687746524296397	0.035975299190714294	1500	0.02087661260400667	0.026922592030186432	0.020930618543637168	0.036561006499092545	1500	0.26669232760673545	0.3308484724776885	0.26779230592986886	0.3806304251827914	1500	0.03796791753976685	0.05646897787693615	0.03964141753073696	0.0785064176660084	1500	0.47166333324426	0.5772470270768548	0.46023841228036855	0.6575810947548681
Stereo-seq	ST_DEV_E15_5_E16_5	cross_stage	Stereo-seq::shared_developmental_series	legacy_replication	reverse	ST_DEV_E15_5_E16_5__reverse	uot	0.25	2.0	N	I_EXPR	1500	0.976722876765723	0.9266666666666666	0.005856016957529334	0.1318521160092502	0.005289620724422956	1.0146896491635926	0.9814197377758219	1500	0.9350919071519588	0.74	0.06801388242780541	0.34052344674638957	0.04591094258624916	0.5745060297783557	0.8774761246585641	1500	0.03304591481084802	0.06278224928135973	0.038557505819143426	0.2587375333403247	1500	0.2655024161235847	0.3364448434239383	0.26774721379649635	0.5320904695548274	1500	0.038982530098724655	0.06936088205934625	0.04441352277667277	0.27675950600546545	1500	0.2004303662962812	0.24196955642069612	0.19973333136869095	0.32076089359996385
Stereo-seq	ST_DEV_E15_5_E16_5	cross_stage	Stereo-seq::shared_developmental_series	legacy_replication	reverse	ST_DEV_E15_5_E16_5__reverse	uot	0.25	2.0	N	I_SPATIAL	1500	0.7723394614842051	0.6133333333333333	0.016953875837515037	0.781739734400514	-0.010378747595244351	0.831643879378459	0.720416852160594	1500	0.3335520024675567	0.24	0.18395823532508015	0.40772389622384375	0.2766202526540731	0.651969817623122	0.12437730037345229	1500	0.03304591482063572	0.06278224929717836	0.03855750582591771	0.25873753333478827	1500	0.2655024161011333	0.3364448434498256	0.26774721377329935	0.5320904702142681	1500	0.01544999611142922	0.05130063228810088	0.02168736612897937	0.2006182822201016	1500	0.459411288785626	0.5742535000011131	0.4511833547869502	0.7224289993044501
Stereo-seq	ST_E15_5_S1_S2	same_age_sections	ST_E15_5_S1_S2	legacy_replication	forward	ST_E15_5_S1_S2	uot	0.25	2.0	R	I_EXPR	1500	0.9995039393350842	0.98	0.0003688870008186654	0.006268738919969483	0.00040402005486196696	0.9977802903670108	0.9994120201831843	1500	0.9969882475503323	0.92	0.001583093747783952	0.023294324146867797	0.001843453628954916	0.9658826592537152	0.9890133868389865	1500	0.053056176638048916	0.08790258958576865	0.058571479611238694	0.13102430442996418	1500	0.06253747314891298	0.10247367521676871	0.06845245486955233	0.1595039035713544	1500	0.05337228527072761	0.08828551953445661	0.05884548798858913	0.13109311245639083	1500	0.06211590611085985	0.10129475873158515	0.06796049277080306	0.1435519236562089
Stereo-seq	ST_E15_5_S1_S2	same_age_sections	ST_E15_5_S1_S2	legacy_replication	forward	ST_E15_5_S1_S2	uot	0.25	2.0	R	I_SPATIAL	1500	0.2509807053247579	0.66	0.018706023279999984	0.466009368121369	0.014997314667040034	1.171164962817422	0.19087917140009814	1500	0.5533343330374815	0.44	0.1839183469521309	0.39909374108314544	-0.07932906185314577	1.9292233176173192	0.24503539902001048	1500	0.02108784798010668	0.027006604613905305	0.021468845147337202	0.039869192270102556	1500	0.2810575387813573	0.3125493205158942	0.2799930029493328	0.3605409511738105	1500	0.03796493914649728	0.05795495129943041	0.04014087389575423	0.08211938282349618	1500	0.4752850057036892	0.5910453699199405	0.46083996820640233	0.656039101789076
Stereo-seq	ST_E15_5_S1_S2	same_age_sections	ST_E15_5_S1_S2	legacy_replication	forward	ST_E15_5_S1_S2	uot	0.25	2.0	N	I_EXPR	1500	0.9950439373528611	0.9733333333333334	0.0054985852176736355	0.12898420420789364	0.006500783509709903	0.9730093591898918	0.9921361656256367	1500	0.8246913709739426	0.5133333333333333	0.07485780717160846	0.37964237802956213	0.05059548091685195	0.538838432644402	0.7179364227156146	1500	0.03324413341274973	0.0669580992631533	0.03713132633964503	0.10507306902861221	1500	0.2750488004968876	0.3120598604612057	0.2720376045381169	0.3837190640926433	1500	0.038370740702668577	0.07189499258239118	0.04262991155731866	0.11062440878220856	1500	0.19770966118957967	0.2252951766469127	0.19717979736650845	0.27617471304016744
Stereo-seq	ST_E15_5_S1_S2	same_age_sections	ST_E15_5_S1_S2	legacy_replication	forward	ST_E15_5_S1_S2	uot	0.25	2.0	N	I_SPATIAL	1500	0.6900549022466234	0.7	0.014715503800694384	0.5844862088313025	-0.0015862706593986428	0.7207684946331581	0.612193019263775	1500	0.6119564213139651	0.4	0.18073606867893302	0.40145846586571526	-0.05492709288224829	1.8568233130919152	0.3295298989029912	1500	0.03324413342316432	0.06695809926601412	0.03713132634695933	0.10507306903603537	1500	0.2750488003989541	0.3120598604012562	0.27203760450654874	0.3837190640814272	1500	0.02116496008664462	0.05369456763010969	0.025176819535431758	0.10106672771810522	1500	0.46044995631986074	0.5864753591494226	0.4501986732031897	0.6766665030039707
Stereo-seq	ST_E15_5_S1_S2	same_age_sections	ST_E15_5_S1_S2	legacy_replication	reverse	ST_E15_5_S1_S2__reverse	uot	0.25	2.0	R	I_EXPR	1500	0.9991878111945828	0.9933333333333333	0.0004714811842275408	0.008043242704371366	0.00044208766571912807	1.000324085407037	0.998936290174829	1500	0.9969337621927833	0.8733333333333333	0.0015451743877735308	0.022410338451717544	0.0018137526357735847	0.9671539928534878	0.9888591456052385	1500	0.05565379262075795	0.07854207210341405	0.05815736070348678	0.1338627969507514	1500	0.06305424756900754	0.10341234359451945	0.06941544433226873	0.16216235967521558	1500	0.05618604340073984	0.07875621545883704	0.05861829632112168	0.13468236684201024	1500	0.06295175870368495	0.10247273270744174	0.06894917678742632	0.14467562700616543
Stereo-seq	ST_E15_5_S1_S2	same_age_sections	ST_E15_5_S1_S2	legacy_replication	reverse	ST_E15_5_S1_S2__reverse	uot	0.25	2.0	R	I_SPATIAL	1500	0.1325290011240005	0.4	0.01877273087290447	0.46835386821397385	0.030964533578807133	0.4253261001508807	0.02253862391171102	1500	0.6348213452539312	0.5133333333333333	0.18449951112878776	0.40037691906032274	-0.20603495924567675	2.38303897211989	0.30025584695958973	1500	0.02115990816896475	0.02687732626139634	0.021437273184015046	0.03193502480809434	1500	0.2825722106443238	0.3079324986133282	0.27983155978492197	0.36319350840906967	1500	0.03835098547907044	0.05671685726383212	0.04008236538003331	0.07251805326780587	1500	0.4790682599205305	0.5932883643972576	0.4608145533508893	0.6607264455275444
Stereo-seq	ST_E15_5_S1_S2	same_age_sections	ST_E15_5_S1_S2	legacy_replication	reverse	ST_E15_5_S1_S2__reverse	uot	0.25	2.0	N	I_EXPR	1500	0.9921636622949611	0.96	0.005702279539993937	0.13441596754208857	0.006182328973730994	0.9869268849205172	0.9884035908417215	1500	0.676602085600927	0.5466666666666666	0.07476895218861478	0.3793240022005836	0.06301935822156517	0.4932017451255556	0.5895862520012027	1500	0.03505517675707413	0.05607591522069584	0.03672035554023512	0.10659913093531893	1500	0.2766180450993386	0.30728266087544237	0.2718800017263594	0.382262258386526	1500	0.04020671256335409	0.06211586861507277	0.04242263508022906	0.11458177944716542	1500	0.19751500238374442	0.22163873320071645	0.1971110495377446	0.25948383453755197
Stereo-seq	ST_E15_5_S1_S2	same_age_sections	ST_E15_5_S1_S2	legacy_replication	reverse	ST_E15_5_S1_S2__reverse	uot	0.25	2.0	N	I_SPATIAL	1500	0.6543294499242	0.64	0.014695468850503619	0.6411770411753797	-0.007148894001558148	0.8188486121937365	0.5635193773710268	1500	0.6619341928596413	0.29333333333333333	0.1813053784430928	0.40267898310419986	-0.12455389511035801	2.1141747136415225	0.34426040922831425	1500	0.03505517676337304	0.056075915226299906	0.03672035554771695	0.10659913093928197	1500	0.276618045057321	0.3072826608296736	0.27188000169468884	0.3822622583462485	1500	0.020082422567942147	0.04494383507697784	0.02291951817795048	0.09328787518085667	1500	0.4659899961916416	0.5862378764830541	0.45024792961736726	0.6608969692047881
STARmap_PLUS	STAR_8M_D1_D2	same_age_replicates	STAR_8M_D1_D2	legacy_replication	forward	STAR_8M_D1_D2	uot	0.25	2.0	R	I_EXPR	1500	0.997877371501054	0.9533333333333334	0.00047074384542417655	0.008354097149333621	0.0005377742172855394	0.9982163208201665	0.9957228232261638	1500	0.9931967720874543	0.92	0.0025737160298654953	0.03626769661997118	0.006392414582878303	0.8824930089941747	0.9830986767988984	1500	0.055953119944287644	0.06806241955440345	0.05591081210335994	0.0788086649651842	1500	0.06859186067459339	0.09991532641143272	0.07316999008006606	0.18814283576459023	1500	0.05645841192748847	0.06849595625588586	0.05634885936916908	0.0788502663393728	1500	0.06744749426411711	0.09857333531036035	0.07096441929670969	0.16236153920988625
STARmap_PLUS	STAR_8M_D1_D2	same_age_replicates	STAR_8M_D1_D2	legacy_replication	forward	STAR_8M_D1_D2	uot	0.25	2.0	R	I_SPATIAL	1500	-0.41397355643269174	0.14666666666666667	0.019101411883419614	0.4759417905540415	0.05595822673766485	-0.7418052329766425	0.08796444754334531	1500	0.5401194613864273	0.37333333333333335	0.184212058261995	0.39674440342001266	-0.29892029057865904	2.7008128364244994	0.30216875830349554	1500	0.02137076944169776	0.027108689431246256	0.02133215235597835	0.03452144154439865	1500	0.2821597403624012	0.31184200317040994	0.2825924974044844	0.35375707516219707	1500	0.0389999679973448	0.05534705599547771	0.04013392448934512	0.080828339352057	1500	0.4782913722405926	0.6127667218784826	0.4643091538886291	0.678187715622972
STARmap_PLUS	STAR_8M_D1_D2	same_age_replicates	STAR_8M_D1_D2	legacy_replication	forward	STAR_8M_D1_D2	uot	0.25	2.0	N	I_EXPR	1500	0.9910207284536572	0.88	0.0061140315365715335	0.15024888903996808	0.005932481600623265	1.0052503463552083	0.9813936245190189	1500	0.5074563570917142	0.44	0.07949530103044936	0.3860779994659639	0.07244965271378838	0.46760715898126987	0.29776749918099465	1500	0.034293168773096995	0.04703759967165307	0.03457865894279118	0.061142467078225474	1500	0.2842669320936969	0.31853251184843095	0.28540006934257783	0.3996034708262617	1500	0.04011889847315635	0.05354174094672554	0.04069269047936271	0.06721161074774071	1500	0.20668296928136154	0.23273603709667745	0.20590476831212848	0.2743869885993162
STARmap_PLUS	STAR_8M_D1_D2	same_age_replicates	STAR_8M_D1_D2	legacy_replication	forward	STAR_8M_D1_D2	uot	0.25	2.0	N	I_SPATIAL	1500	0.44406306669469636	0.26	0.016766509084283388	0.928723070436232	-0.0016800194800303814	0.5706789218861618	0.20154961421334538	1500	0.45594428797523917	0.28	0.17994569126303267	0.3887026652042796	-0.12557125201228322	2.062054254957367	0.2099804818482095	1500	0.03429316876832077	0.047037599678604734	0.034578658950463276	0.0611424671010062	1500	0.28426693215504006	0.3185325117828425	0.28540006931840955	0.3996034708871061	1500	0.016953032173370387	0.03494377644853563	0.018053292330089274	0.05030047807083292	1500	0.476776442259367	0.6071813936355185	0.46293917529087086	0.6815653095630342
STARmap_PLUS	STAR_8M_D1_D2	same_age_replicates	STAR_8M_D1_D2	legacy_replication	reverse	STAR_8M_D1_D2__reverse	uot	0.25	2.0	R	I_EXPR	1500	0.9971893640841619	0.94	0.0004841501207815904	0.008586815766812337	0.0007541807546576399	0.9944788504527565	0.9943435402136069	1500	0.9948236990327552	0.9	0.002667864161988136	0.03754941414149531	0.00670968567270022	0.8784004980029774	0.9819858780222223	1500	0.05565662546222019	0.06754306396703269	0.05593762282177561	0.0780012023856989	1500	0.06750284529478745	0.10210012587111482	0.07324647040668217	0.2067616056028237	1500	0.05630027676164802	0.06795395073131986	0.05638296359551689	0.07777186597790017	1500	0.06642373044910008	0.09937854453484425	0.07104942175489012	0.17912662497949633
STARmap_PLUS	STAR_8M_D1_D2	same_age_replicates	STAR_8M_D1_D2	legacy_replication	reverse	STAR_8M_D1_D2__reverse	uot	0.25	2.0	R	I_SPATIAL	1500	0.34161172516076677	0.3933333333333333	0.01879085106502245	0.4677190973829661	0.016318173626377178	1.1152805627665139	0.1596057017417184	1500	0.39081122436054416	0.4666666666666667	0.18349239231935827	0.3951342863792015	-0.0837214097070697	1.938349305074875	0.1872947321335231	1500	0.02091427647223864	0.02715379320855769	0.021391327390622373	0.03617839160090431	1500	0.2846293432575827	0.30546772258835947	0.28276701068159954	0.36757913891365	1500	0.03938619612525932	0.05442432727509032	0.040175505276913236	0.08491882521207483	1500	0.47354481004136634	0.5872339450396895	0.4643798289457087	0.6876634708731858
STARmap_PLUS	STAR_8M_D1_D2	same_age_replicates	STAR_8M_D1_D2	legacy_replication	reverse	STAR_8M_D1_D2__reverse	uot	0.25	2.0	N	I_EXPR	1500	0.9848683203859202	0.8533333333333334	0.006123858421556245	0.15057377369843067	0.006902858448338431	0.9774505475863086	0.9687334386176747	1500	0.6425251495667332	0.5133333333333333	0.07951043901297201	0.3858851271447152	0.03752553814520145	0.5901489611320802	0.4744722085461651	1500	0.03452648561691107	0.04651904269080532	0.03454629462794569	0.06060732722817238	1500	0.2834841793831494	0.31457743727859	0.28555735147444633	0.4296402229514125	1500	0.040342261462017	0.05249900799329932	0.04067015304950194	0.06600158419183315	1500	0.2042839038254392	0.23632251685767255	0.20604691246147433	0.2904703684425302
STARmap_PLUS	STAR_8M_D1_D2	same_age_replicates	STAR_8M_D1_D2	legacy_replication	reverse	STAR_8M_D1_D2__reverse	uot	0.25	2.0	N	I_SPATIAL	1500	0.5915787553683358	0.38	0.01734486305257956	1.006731380185201	-0.008829670122581334	0.754308363575491	0.35263383874313525	1500	0.3192759072337366	0.34	0.1795894788816793	0.3877771837794146	0.08927424093983113	1.3091983001581908	0.13321442175770404	1500	0.03452648562655247	0.046519042701053254	0.03454629463554213	0.060607327241650515	1500	0.28348417936621106	0.3145774373062736	0.2855573514504358	0.4296402230411553	1500	0.015929889358574655	0.03369037937444285	0.0172288888515512	0.05129064381345939	1500	0.471363434080489	0.58163250189339	0.46312544005641654	0.6914107005378729
