dataset	pair_id	pair_type	independent_unit_id	cohort_role	direction	pair_file_id	method	epsilon	tau	arm	intervention	h_large	h_small	relative_l1_n_estimable	relative_l1_median	relative_l1_q90	relative_l1_mean	relative_l1_maximum
spatialDLPFC	SDLPFC_Br2720_ANT_MID	within_donor_adjacent_position	spatialDLPFC::Br2720	primary_expansion	forward	SDLPFC_Br2720_ANT_MID	balanced_ot	0.25		R	I_EXPR	0.02	0.01	1500	0.0005019178673168984	0.0006597936549861428	0.0005274599352549471	0.0011700123046294612
spatialDLPFC	SDLPFC_Br2720_ANT_MID	within_donor_adjacent_position	spatialDLPFC::Br2720	primary_expansion	forward	SDLPFC_Br2720_ANT_MID	balanced_ot	0.25		R	I_EXPR	0.01	0.005	1500	0.00025096103781135947	0.0003298954664635334	0.0002637456383806166	0.0005853056650477113
spatialDLPFC	SDLPFC_Br2720_ANT_MID	within_donor_adjacent_position	spatialDLPFC::Br2720	primary_expansion	forward	SDLPFC_Br2720_ANT_MID	balanced_ot	0.25		R	I_EXPR	0.005	0.0025	1500	0.0001254810038069896	0.00016494782141774145	0.000131876727843831	0.0002927277491497756
spatialDLPFC	SDLPFC_Br2720_ANT_MID	within_donor_adjacent_position	spatialDLPFC::Br2720	primary_expansion	forward	SDLPFC_Br2720_ANT_MID	balanced_ot	0.25		R	I_EXPR	0.0025	0.00125	1500	6.274061518754313e-05	8.247401049533471e-05	6.5939340400389e-05	0.0001463825787755228
spatialDLPFC	SDLPFC_Br2720_ANT_MID	within_donor_adjacent_position	spatialDLPFC::Br2720	primary_expansion	forward	SDLPFC_Br2720_ANT_MID	balanced_ot	0.25		R	I_EXPR	0.00125	0.000625	1500	3.13703407401199e-05	4.123702197552717e-05	3.296991403920897e-05	7.31959587585144e-05
spatialDLPFC	SDLPFC_Br2720_ANT_MID	within_donor_adjacent_position	spatialDLPFC::Br2720	primary_expansion	forward	SDLPFC_Br2720_ANT_MID	balanced_ot	0.25		R	I_SPATIAL	0.02	0.01	1500	0.006380242228678595	0.007421235048986419	0.006172596647459644	0.007990421674229264
spatialDLPFC	SDLPFC_Br2720_ANT_MID	within_donor_adjacent_position	spatialDLPFC::Br2720	primary_expansion	forward	SDLPFC_Br2720_ANT_MID	balanced_ot	0.25		R	I_SPATIAL	0.01	0.005	1500	0.003170749510156173	0.003684015571624919	0.003067820040148565	0.003963819775166319
spatialDLPFC	SDLPFC_Br2720_ANT_MID	within_donor_adjacent_position	spatialDLPFC::Br2720	primary_expansion	forward	SDLPFC_Br2720_ANT_MID	balanced_ot	0.25		R	I_SPATIAL	0.005	0.0025	1500	0.0015807687544628314	0.0018351201864133999	0.0015293246532656942	0.0019741355682299086
spatialDLPFC	SDLPFC_Br2720_ANT_MID	within_donor_adjacent_position	spatialDLPFC::Br2720	primary_expansion	forward	SDLPFC_Br2720_ANT_MID	balanced_ot	0.25		R	I_SPATIAL	0.0025	0.00125	1500	0.0007892720503385486	0.0009159306883192692	0.0007635202225659583	0.00098513032242892
spatialDLPFC	SDLPFC_Br2720_ANT_MID	within_donor_adjacent_position	spatialDLPFC::Br2720	primary_expansion	forward	SDLPFC_Br2720_ANT_MID	balanced_ot	0.25		R	I_SPATIAL	0.00125	0.000625	1500	0.00039435775097085334	0.000457524201486712	0.00038147511502249954	0.0004920817423199607
spatialDLPFC	SDLPFC_Br2720_ANT_MID	within_donor_adjacent_position	spatialDLPFC::Br2720	primary_expansion	forward	SDLPFC_Br2720_ANT_MID	balanced_ot	0.25		N	I_EXPR	0.02	0.01	1500	0.006234955169954424	0.0072165937492982	0.006063906999181742	0.008595352113115242
spatialDLPFC	SDLPFC_Br2720_ANT_MID	within_donor_adjacent_position	spatialDLPFC::Br2720	primary_expansion	forward	SDLPFC_Br2720_ANT_MID	balanced_ot	0.25		N	I_EXPR	0.01	0.005	1500	0.0031368393546469487	0.003635935766181416	0.003049900425389867	0.0043307531265820405
spatialDLPFC	SDLPFC_Br2720_ANT_MID	within_donor_adjacent_position	spatialDLPFC::Br2720	primary_expansion	forward	SDLPFC_Br2720_ANT_MID	balanced_ot	0.25		N	I_EXPR	0.005	0.0025	1500	0.0015730409886831062	0.0018249910872696702	0.0015294703952088173	0.0021737059316596103
spatialDLPFC	SDLPFC_Br2720_ANT_MID	within_donor_adjacent_position	spatialDLPFC::Br2720	primary_expansion	forward	SDLPFC_Br2720_ANT_MID	balanced_ot	0.25		N	I_EXPR	0.0025	0.00125	1500	0.0007877175083767226	0.0009142566256016613	0.0007658693303139807	0.001088941285710924
spatialDLPFC	SDLPFC_Br2720_ANT_MID	within_donor_adjacent_position	spatialDLPFC::Br2720	primary_expansion	forward	SDLPFC_Br2720_ANT_MID	balanced_ot	0.25		N	I_EXPR	0.00125	0.000625	1500	0.0003941582956115574	0.00045756951724368686	0.00038321871403430765	0.000544993468132899
spatialDLPFC	SDLPFC_Br2720_ANT_MID	within_donor_adjacent_position	spatialDLPFC::Br2720	primary_expansion	forward	SDLPFC_Br2720_ANT_MID	balanced_ot	0.25		N	I_SPATIAL	0.02	0.01	1500	0.006387305288896918	0.0074455953965688335	0.006209611465800748	0.008863798434912959
spatialDLPFC	SDLPFC_Br2720_ANT_MID	within_donor_adjacent_position	spatialDLPFC::Br2720	primary_expansion	forward	SDLPFC_Br2720_ANT_MID	balanced_ot	0.25		N	I_SPATIAL	0.01	0.005	1500	0.003174567546094567	0.0036925281971195243	0.003086325743101005	0.004397817810471896
spatialDLPFC	SDLPFC_Br2720_ANT_MID	within_donor_adjacent_position	spatialDLPFC::Br2720	primary_expansion	forward	SDLPFC_Br2720_ANT_MID	balanced_ot	0.25		N	I_SPATIAL	0.005	0.0025	1500	0.0015826353222830245	0.0018391371527176203	0.0015385763502424009	0.0021904532504579224
spatialDLPFC	SDLPFC_Br2720_ANT_MID	within_donor_adjacent_position	spatialDLPFC::Br2720	primary_expansion	forward	SDLPFC_Br2720_ANT_MID	balanced_ot	0.25		N	I_SPATIAL	0.0025	0.00125	1500	0.0007901160364723509	0.0009177933877576105	0.0007681457853429758	0.0010931266859233518
spatialDLPFC	SDLPFC_Br2720_ANT_MID	within_donor_adjacent_position	spatialDLPFC::Br2720	primary_expansion	forward	SDLPFC_Br2720_ANT_MID	balanced_ot	0.25		N	I_SPATIAL	0.00125	0.000625	1500	0.00039475792751265357	0.0004584537120912357	0.0003837878253724628	0.0005460398355603967
spatialDLPFC	SDLPFC_Br2720_ANT_MID	within_donor_adjacent_position	spatialDLPFC::Br2720	primary_expansion	forward	SDLPFC_Br2720_ANT_MID	uot	0.25	2.0	R	I_EXPR	0.02	0.01	1500	0.0007394575769852213	0.0009347170355287008	0.0007586253777447672	0.0012792337663961525
spatialDLPFC	SDLPFC_Br2720_ANT_MID	within_donor_adjacent_position	spatialDLPFC::Br2720	primary_expansion	forward	SDLPFC_Br2720_ANT_MID	uot	0.25	2.0	R	I_EXPR	0.01	0.005	1500	0.0003695848904193404	0.0004671671117268055	0.00037919399867489555	0.0006395246057411706
spatialDLPFC	SDLPFC_Br2720_ANT_MID	within_donor_adjacent_position	spatialDLPFC::Br2720	primary_expansion	forward	SDLPFC_Br2720_ANT_MID	uot	0.25	2.0	R	I_EXPR	0.005	0.0025	1500	0.00018475647168090425	0.00023353566291884972	0.0001895673293033761	0.00031973905214372855
spatialDLPFC	SDLPFC_Br2720_ANT_MID	within_donor_adjacent_position	spatialDLPFC::Br2720	primary_expansion	forward	SDLPFC_Br2720_ANT_MID	uot	0.25	2.0	R	I_EXPR	0.0025	0.00125	1500	9.236924185707188e-05	0.00011675586019165334	9.477624752882598e-05	0.00015986369070234658
spatialDLPFC	SDLPFC_Br2720_ANT_MID	within_donor_adjacent_position	spatialDLPFC::Br2720	primary_expansion	forward	SDLPFC_Br2720_ANT_MID	uot	0.25	2.0	R	I_EXPR	0.00125	0.000625	1500	4.618237337255909e-05	5.837493747511013e-05	4.738626931055724e-05	7.993038334621082e-05
spatialDLPFC	SDLPFC_Br2720_ANT_MID	within_donor_adjacent_position	spatialDLPFC::Br2720	primary_expansion	forward	SDLPFC_Br2720_ANT_MID	uot	0.25	2.0	R	I_SPATIAL	0.02	0.01	1500	0.006550858248692529	0.007640328074206186	0.006356956583444745	0.008395803703607364
spatialDLPFC	SDLPFC_Br2720_ANT_MID	within_donor_adjacent_position	spatialDLPFC::Br2720	primary_expansion	forward	SDLPFC_Br2720_ANT_MID	uot	0.25	2.0	R	I_SPATIAL	0.01	0.005	1500	0.00325379913440598	0.003790020224420471	0.0031592811086919984	0.0041643307993319495
spatialDLPFC	SDLPFC_Br2720_ANT_MID	within_donor_adjacent_position	spatialDLPFC::Br2720	primary_expansion	forward	SDLPFC_Br2720_ANT_MID	uot	0.25	2.0	R	I_SPATIAL	0.005	0.0025	1500	0.001621895327911104	0.0018881585503955434	0.001574877259151009	0.002073868059978723
spatialDLPFC	SDLPFC_Br2720_ANT_MID	within_donor_adjacent_position	spatialDLPFC::Br2720	primary_expansion	forward	SDLPFC_Br2720_ANT_MID	uot	0.25	2.0	R	I_SPATIAL	0.0025	0.00125	1500	0.000809838618627114	0.0009423259222656724	0.0007862522613096161	0.0010348679573464793
spatialDLPFC	SDLPFC_Br2720_ANT_MID	within_donor_adjacent_position	spatialDLPFC::Br2720	primary_expansion	forward	SDLPFC_Br2720_ANT_MID	uot	0.25	2.0	R	I_SPATIAL	0.00125	0.000625	1500	0.0004046424651352108	0.0004707027271014342	0.0003928300705133415	0.0005169184912105294
spatialDLPFC	SDLPFC_Br2720_ANT_MID	within_donor_adjacent_position	spatialDLPFC::Br2720	primary_expansion	forward	SDLPFC_Br2720_ANT_MID	uot	0.25	2.0	N	I_EXPR	0.02	0.01	1500	0.005260146997342242	0.006213940320858651	0.005217939932102018	0.0071533650478303335
spatialDLPFC	SDLPFC_Br2720_ANT_MID	within_donor_adjacent_position	spatialDLPFC::Br2720	primary_expansion	forward	SDLPFC_Br2720_ANT_MID	uot	0.25	2.0	N	I_EXPR	0.01	0.005	1500	0.0026450379158346714	0.0031306355028494085	0.0026251883334265217	0.0036084991815296882
spatialDLPFC	SDLPFC_Br2720_ANT_MID	within_donor_adjacent_position	spatialDLPFC::Br2720	primary_expansion	forward	SDLPFC_Br2720_ANT_MID	uot	0.25	2.0	N	I_EXPR	0.005	0.0025	1500	0.001326694737146681	0.0015712260670770728	0.0013166797634556826	0.0018122590708993121
spatialDLPFC	SDLPFC_Br2720_ANT_MID	within_donor_adjacent_position	spatialDLPFC::Br2720	primary_expansion	forward	SDLPFC_Br2720_ANT_MID	uot	0.25	2.0	N	I_EXPR	0.0025	0.00125	1500	0.0006645221080649383	0.000787088814517204	0.0006593651563151762	0.0009081410914802253
spatialDLPFC	SDLPFC_Br2720_ANT_MID	within_donor_adjacent_position	spatialDLPFC::Br2720	primary_expansion	forward	SDLPFC_Br2720_ANT_MID	uot	0.25	2.0	N	I_EXPR	0.00125	0.000625	1500	0.00033249490481882454	0.00039391391732462313	0.00032993940561511437	0.0004545763366341812
spatialDLPFC	SDLPFC_Br2720_ANT_MID	within_donor_adjacent_position	spatialDLPFC::Br2720	primary_expansion	forward	SDLPFC_Br2720_ANT_MID	uot	0.25	2.0	N	I_SPATIAL	0.02	0.01	1500	0.005395203268140964	0.006406387616580403	0.005349686954154675	0.007412717544342257
spatialDLPFC	SDLPFC_Br2720_ANT_MID	within_donor_adjacent_position	spatialDLPFC::Br2720	primary_expansion	forward	SDLPFC_Br2720_ANT_MID	uot	0.25	2.0	N	I_SPATIAL	0.01	0.005	1500	0.0026798286168966175	0.0031766124603625984	0.002658124793974026	0.003673293831039145
spatialDLPFC	SDLPFC_Br2720_ANT_MID	within_donor_adjacent_position	spatialDLPFC::Br2720	primary_expansion	forward	SDLPFC_Br2720_ANT_MID	uot	0.25	2.0	N	I_SPATIAL	0.005	0.0025	1500	0.001335485696891585	0.0015823426918917449	0.0013249139203102918	0.0018284652189621577
spatialDLPFC	SDLPFC_Br2720_ANT_MID	within_donor_adjacent_position	spatialDLPFC::Br2720	primary_expansion	forward	SDLPFC_Br2720_ANT_MID	uot	0.25	2.0	N	I_SPATIAL	0.0025	0.00125	1500	0.000666617897603769	0.0007898161555591553	0.0006614237547785702	0.0009121953658278635
spatialDLPFC	SDLPFC_Br2720_ANT_MID	within_donor_adjacent_position	spatialDLPFC::Br2720	primary_expansion	forward	SDLPFC_Br2720_ANT_MID	uot	0.25	2.0	N	I_SPATIAL	0.00125	0.000625	1500	0.00033302818257492704	0.00039458813216523744	0.00033045406222947796	0.0004555902549569693
spatialDLPFC	SDLPFC_Br2720_ANT_MID	within_donor_adjacent_position	spatialDLPFC::Br2720	primary_expansion	forward	SDLPFC_Br2720_ANT_MID	row_softmax	0.25		R	I_EXPR	0.02	0.01	1500	0.000987756416698203	0.0013695160757274225	0.000991025132163562	0.0020949326312714464
spatialDLPFC	SDLPFC_Br2720_ANT_MID	within_donor_adjacent_position	spatialDLPFC::Br2720	primary_expansion	forward	SDLPFC_Br2720_ANT_MID	row_softmax	0.25		R	I_EXPR	0.01	0.005	1500	0.0004937363802648371	0.0006848029141006296	0.0004953122129154565	0.0010461587608251127
spatialDLPFC	SDLPFC_Br2720_ANT_MID	within_donor_adjacent_position	spatialDLPFC::Br2720	primary_expansion	forward	SDLPFC_Br2720_ANT_MID	row_softmax	0.25		R	I_EXPR	0.005	0.0025	1500	0.00024683244866350457	0.0003424119046597247	0.00024760599267433084	0.0005227543994081742
spatialDLPFC	SDLPFC_Br2720_ANT_MID	within_donor_adjacent_position	spatialDLPFC::Br2720	primary_expansion	forward	SDLPFC_Br2720_ANT_MID	row_softmax	0.25		R	I_EXPR	0.0025	0.00125	1500	0.0001234072827744606	0.00017120851209393814	0.0001237904659477002	0.000261296047070949
spatialDLPFC	SDLPFC_Br2720_ANT_MID	within_donor_adjacent_position	spatialDLPFC::Br2720	primary_expansion	forward	SDLPFC_Br2720_ANT_MID	row_softmax	0.25		R	I_EXPR	0.00125	0.000625	1500	6.170140011655252e-05	8.560488027867136e-05	6.189210042251519e-05	0.0001306277261891808
spatialDLPFC	SDLPFC_Br2720_ANT_MID	within_donor_adjacent_position	spatialDLPFC::Br2720	primary_expansion	forward	SDLPFC_Br2720_ANT_MID	row_softmax	0.25		R	I_SPATIAL	0.02	0.01	1500	0.005969660267965735	0.006882728614349659	0.005807897616982422	0.00732579986079884
spatialDLPFC	SDLPFC_Br2720_ANT_MID	within_donor_adjacent_position	spatialDLPFC::Br2720	primary_expansion	forward	SDLPFC_Br2720_ANT_MID	row_softmax	0.25		R	I_SPATIAL	0.01	0.005	1500	0.00296792243840748	0.003418635175330264	0.0028880722995603563	0.003638502384604286
spatialDLPFC	SDLPFC_Br2720_ANT_MID	within_donor_adjacent_position	spatialDLPFC::Br2720	primary_expansion	forward	SDLPFC_Br2720_ANT_MID	row_softmax	0.25		R	I_SPATIAL	0.005	0.0025	1500	0.0014795411082136603	0.001704273326242398	0.001440095523333738	0.0018132190745720166
spatialDLPFC	SDLPFC_Br2720_ANT_MID	within_donor_adjacent_position	spatialDLPFC::Br2720	primary_expansion	forward	SDLPFC_Br2720_ANT_MID	row_softmax	0.25		R	I_SPATIAL	0.0025	0.00125	1500	0.0007388230150761259	0.0008508780512981038	0.0007190660818585623	0.0009051089113442434
spatialDLPFC	SDLPFC_Br2720_ANT_MID	within_donor_adjacent_position	spatialDLPFC::Br2720	primary_expansion	forward	SDLPFC_Br2720_ANT_MID	row_softmax	0.25		R	I_SPATIAL	0.00125	0.000625	1500	0.0003691914601338822	0.0004251249776396804	0.0003592880463414058	0.00045217960720505846
spatialDLPFC	SDLPFC_Br2720_ANT_MID	within_donor_adjacent_position	spatialDLPFC::Br2720	primary_expansion	forward	SDLPFC_Br2720_ANT_MID	row_softmax	0.25		N	I_EXPR	0.02	0.01	1500	0.005938866375352947	0.006867847613720276	0.005827538028992687	0.007539824950952477
spatialDLPFC	SDLPFC_Br2720_ANT_MID	within_donor_adjacent_position	spatialDLPFC::Br2720	primary_expansion	forward	SDLPFC_Br2720_ANT_MID	row_softmax	0.25		N	I_EXPR	0.01	0.005	1500	0.0029860691579164313	0.003456086347652446	0.0029290929350753057	0.0037945738225127978
spatialDLPFC	SDLPFC_Br2720_ANT_MID	within_donor_adjacent_position	spatialDLPFC::Br2720	primary_expansion	forward	SDLPFC_Br2720_ANT_MID	row_softmax	0.25		N	I_EXPR	0.005	0.0025	1500	0.0014975574673301412	0.0017339383798183534	0.0014684049257766177	0.0019034831110559829
spatialDLPFC	SDLPFC_Br2720_ANT_MID	within_donor_adjacent_position	spatialDLPFC::Br2720	primary_expansion	forward	SDLPFC_Br2720_ANT_MID	row_softmax	0.25		N	I_EXPR	0.0025	0.00125	1500	0.0007499137846471732	0.0008682235478958864	0.0007351705286216898	0.0009532937565234607
spatialDLPFC	SDLPFC_Br2720_ANT_MID	within_donor_adjacent_position	spatialDLPFC::Br2720	primary_expansion	forward	SDLPFC_Br2720_ANT_MID	row_softmax	0.25		N	I_EXPR	0.00125	0.000625	1500	0.00037524116592200954	0.000434363774440923	0.00036782771256335276	0.00047703509325107565
spatialDLPFC	SDLPFC_Br2720_ANT_MID	within_donor_adjacent_position	spatialDLPFC::Br2720	primary_expansion	forward	SDLPFC_Br2720_ANT_MID	row_softmax	0.25		N	I_SPATIAL	0.02	0.01	1500	0.00607527111611955	0.007037064003544176	0.005951903806354663	0.007739302048862067
spatialDLPFC	SDLPFC_Br2720_ANT_MID	within_donor_adjacent_position	spatialDLPFC::Br2720	primary_expansion	forward	SDLPFC_Br2720_ANT_MID	row_softmax	0.25		N	I_SPATIAL	0.01	0.005	1500	0.0030211012832580056	0.003497205441906601	0.0029601826075423615	0.003844433849112131
spatialDLPFC	SDLPFC_Br2720_ANT_MID	within_donor_adjacent_position	spatialDLPFC::Br2720	primary_expansion	forward	SDLPFC_Br2720_ANT_MID	row_softmax	0.25		N	I_SPATIAL	0.005	0.0025	1500	0.0015064987202399506	0.001743249165526635	0.0014761772148940355	0.0019159367992806963
spatialDLPFC	SDLPFC_Br2720_ANT_MID	within_donor_adjacent_position	spatialDLPFC::Br2720	primary_expansion	forward	SDLPFC_Br2720_ANT_MID	row_softmax	0.25		N	I_SPATIAL	0.0025	0.00125	1500	0.0007522081253922515	0.0008702914527201445	0.0007371135941851212	0.0009564028079356761
spatialDLPFC	SDLPFC_Br2720_ANT_MID	within_donor_adjacent_position	spatialDLPFC::Br2720	primary_expansion	forward	SDLPFC_Br2720_ANT_MID	row_softmax	0.25		N	I_SPATIAL	0.00125	0.000625	1500	0.00037581618867687714	0.0004348685720713057	0.0003683134812566562	0.0004778120287526536
spatialDLPFC	SDLPFC_Br2720_ANT_MID	within_donor_adjacent_position	spatialDLPFC::Br2720	primary_expansion	reverse	SDLPFC_Br2720_ANT_MID__reverse	uot	0.25	2.0	R	I_EXPR	0.02	0.01	1500	0.0007350644641314968	0.0009051494133947874	0.000758945110559036	0.001249800962863044
spatialDLPFC	SDLPFC_Br2720_ANT_MID	within_donor_adjacent_position	spatialDLPFC::Br2720	primary_expansion	reverse	SDLPFC_Br2720_ANT_MID__reverse	uot	0.25	2.0	R	I_EXPR	0.01	0.005	1500	0.00036739884408056804	0.0004524627071660142	0.00037935407011878305	0.0006248577687932817
spatialDLPFC	SDLPFC_Br2720_ANT_MID	within_donor_adjacent_position	spatialDLPFC::Br2720	primary_expansion	reverse	SDLPFC_Br2720_ANT_MID__reverse	uot	0.25	2.0	R	I_EXPR	0.005	0.0025	1500	0.00018366230410481226	0.00022620199499142577	0.00018964741692047057	0.0003124179332877338
spatialDLPFC	SDLPFC_Br2720_ANT_MID	within_donor_adjacent_position	spatialDLPFC::Br2720	primary_expansion	reverse	SDLPFC_Br2720_ANT_MID__reverse	uot	0.25	2.0	R	I_EXPR	0.0025	0.00125	1500	9.182187210331975e-05	0.0001130936543012919	9.481630425182533e-05	0.00015620619502755657
spatialDLPFC	SDLPFC_Br2720_ANT_MID	within_donor_adjacent_position	spatialDLPFC::Br2720	primary_expansion	reverse	SDLPFC_Br2720_ANT_MID__reverse	uot	0.25	2.0	R	I_EXPR	0.00125	0.000625	1500	4.590861322111521e-05	5.6544991700913764e-05	4.740630131676365e-05	7.810240072833642e-05
spatialDLPFC	SDLPFC_Br2720_ANT_MID	within_donor_adjacent_position	spatialDLPFC::Br2720	primary_expansion	reverse	SDLPFC_Br2720_ANT_MID__reverse	uot	0.25	2.0	R	I_SPATIAL	0.02	0.01	1500	0.006578889895846884	0.007724229835301039	0.006358256823110756	0.008043856008765669
spatialDLPFC	SDLPFC_Br2720_ANT_MID	within_donor_adjacent_position	spatialDLPFC::Br2720	primary_expansion	reverse	SDLPFC_Br2720_ANT_MID__reverse	uot	0.25	2.0	R	I_SPATIAL	0.01	0.005	1500	0.003268594844007191	0.0038321741687013825	0.0031599828957938935	0.003989923456365725
spatialDLPFC	SDLPFC_Br2720_ANT_MID	within_donor_adjacent_position	spatialDLPFC::Br2720	primary_expansion	reverse	SDLPFC_Br2720_ANT_MID__reverse	uot	0.25	2.0	R	I_SPATIAL	0.005	0.0025	1500	0.0016289741193848497	0.0019086814033984155	0.0015752407951213057	0.0019870569133986454
spatialDLPFC	SDLPFC_Br2720_ANT_MID	within_donor_adjacent_position	spatialDLPFC::Br2720	primary_expansion	reverse	SDLPFC_Br2720_ANT_MID__reverse	uot	0.25	2.0	R	I_SPATIAL	0.0025	0.00125	1500	0.0008134106898887042	0.0009522495150895477	0.0007864371436394124	0.0009915600699371265
spatialDLPFC	SDLPFC_Br2720_ANT_MID	within_donor_adjacent_position	spatialDLPFC::Br2720	primary_expansion	reverse	SDLPFC_Br2720_ANT_MID__reverse	uot	0.25	2.0	R	I_SPATIAL	0.00125	0.000625	1500	0.0004064042247389616	0.00047560120855804413	0.0003929232852440298	0.000495288879122991
spatialDLPFC	SDLPFC_Br2720_ANT_MID	within_donor_adjacent_position	spatialDLPFC::Br2720	primary_expansion	reverse	SDLPFC_Br2720_ANT_MID__reverse	uot	0.25	2.0	N	I_EXPR	0.02	0.01	1500	0.005301963795034224	0.006170228178674034	0.005216519621824097	0.006693571048411239
spatialDLPFC	SDLPFC_Br2720_ANT_MID	within_donor_adjacent_position	spatialDLPFC::Br2720	primary_expansion	reverse	SDLPFC_Br2720_ANT_MID__reverse	uot	0.25	2.0	N	I_EXPR	0.01	0.005	1500	0.0026692973032416585	0.0031079734867450826	0.0026244547804022563	0.0033685798443497724
spatialDLPFC	SDLPFC_Br2720_ANT_MID	within_donor_adjacent_position	spatialDLPFC::Br2720	primary_expansion	reverse	SDLPFC_Br2720_ANT_MID__reverse	uot	0.25	2.0	N	I_EXPR	0.005	0.0025	1500	0.001339093155859937	0.0015594294205268317	0.0013163070935113324	0.0016898000907398783
spatialDLPFC	SDLPFC_Br2720_ANT_MID	within_donor_adjacent_position	spatialDLPFC::Br2720	primary_expansion	reverse	SDLPFC_Br2720_ANT_MID__reverse	uot	0.25	2.0	N	I_EXPR	0.0025	0.00125	1500	0.0006707110201260155	0.0007810681873710591	0.0006591773311612753	0.000846281822805274
spatialDLPFC	SDLPFC_Br2720_ANT_MID	within_donor_adjacent_position	spatialDLPFC::Br2720	primary_expansion	reverse	SDLPFC_Br2720_ANT_MID__reverse	uot	0.25	2.0	N	I_EXPR	0.00125	0.000625	1500	0.0003356716472195069	0.00039091385360361694	0.0003298451201052899	0.0004234869348322719
spatialDLPFC	SDLPFC_Br2720_ANT_MID	within_donor_adjacent_position	spatialDLPFC::Br2720	primary_expansion	reverse	SDLPFC_Br2720_ANT_MID__reverse	uot	0.25	2.0	N	I_SPATIAL	0.02	0.01	1500	0.005448130040466358	0.006357954110530664	0.005348074321713604	0.006870792316165287
spatialDLPFC	SDLPFC_Br2720_ANT_MID	within_donor_adjacent_position	spatialDLPFC::Br2720	primary_expansion	reverse	SDLPFC_Br2720_ANT_MID__reverse	uot	0.25	2.0	N	I_SPATIAL	0.01	0.005	1500	0.0027057554790880086	0.0031541329249779935	0.0026573432422264953	0.003412942145206339
spatialDLPFC	SDLPFC_Br2720_ANT_MID	within_donor_adjacent_position	spatialDLPFC::Br2720	primary_expansion	reverse	SDLPFC_Br2720_ANT_MID__reverse	uot	0.25	2.0	N	I_SPATIAL	0.005	0.0025	1500	0.0013487749121808544	0.0015711665814439548	0.0013245292400217812	0.0017008869301489142
spatialDLPFC	SDLPFC_Br2720_ANT_MID	within_donor_adjacent_position	spatialDLPFC::Br2720	primary_expansion	reverse	SDLPFC_Br2720_ANT_MID__reverse	uot	0.25	2.0	N	I_SPATIAL	0.0025	0.00125	1500	0.0006732422090364747	0.0007841080904602323	0.0006612329297082432	0.0008490535084662217
spatialDLPFC	SDLPFC_Br2720_ANT_MID	within_donor_adjacent_position	spatialDLPFC::Br2720	primary_expansion	reverse	SDLPFC_Br2720_ANT_MID__reverse	uot	0.25	2.0	N	I_SPATIAL	0.00125	0.000625	1500	0.00033631069661304756	0.0003916740790813852	0.00033035902699420593	0.00042417979524500787
spatialDLPFC	SDLPFC_Br2720_ANT_MID	within_donor_adjacent_position	spatialDLPFC::Br2720	primary_expansion	reverse	SDLPFC_Br2720_ANT_MID__reverse	row_softmax	0.25		R	I_EXPR	0.02	0.01	1500	0.0014587568048954475	0.0017459697770769477	0.0014316633248533162	0.0022649738593086147
spatialDLPFC	SDLPFC_Br2720_ANT_MID	within_donor_adjacent_position	spatialDLPFC::Br2720	primary_expansion	reverse	SDLPFC_Br2720_ANT_MID__reverse	row_softmax	0.25		R	I_EXPR	0.01	0.005	1500	0.000729210855559929	0.0008727310351156581	0.0007156751488362939	0.001132177791966071
spatialDLPFC	SDLPFC_Br2720_ANT_MID	within_donor_adjacent_position	spatialDLPFC::Br2720	primary_expansion	reverse	SDLPFC_Br2720_ANT_MID__reverse	row_softmax	0.25		R	I_EXPR	0.005	0.0025	1500	0.00036457215828354926	0.00043630916653762035	0.00035779839761562217	0.000566009968157361
spatialDLPFC	SDLPFC_Br2720_ANT_MID	within_donor_adjacent_position	spatialDLPFC::Br2720	primary_expansion	reverse	SDLPFC_Br2720_ANT_MID__reverse	row_softmax	0.25		R	I_EXPR	0.0025	0.00125	1500	0.00018227545468355917	0.0002181406246862946	0.00017888939042046462	0.0002829850472374469
spatialDLPFC	SDLPFC_Br2720_ANT_MID	within_donor_adjacent_position	spatialDLPFC::Br2720	primary_expansion	reverse	SDLPFC_Br2720_ANT_MID__reverse	row_softmax	0.25		R	I_EXPR	0.00125	0.000625	1500	9.113509332221923e-05	0.00010906681380324192	8.944224146802379e-05	0.00014148751491115498
spatialDLPFC	SDLPFC_Br2720_ANT_MID	within_donor_adjacent_position	spatialDLPFC::Br2720	primary_expansion	reverse	SDLPFC_Br2720_ANT_MID__reverse	row_softmax	0.25		R	I_SPATIAL	0.02	0.01	1500	0.006009440219217149	0.006917667149485856	0.005788667226193346	0.007297906657157951
spatialDLPFC	SDLPFC_Br2720_ANT_MID	within_donor_adjacent_position	spatialDLPFC::Br2720	primary_expansion	reverse	SDLPFC_Br2720_ANT_MID__reverse	row_softmax	0.25		R	I_SPATIAL	0.01	0.005	1500	0.0029887156582472417	0.003436120147315328	0.002878871737642488	0.003623246693036306
spatialDLPFC	SDLPFC_Br2720_ANT_MID	within_donor_adjacent_position	spatialDLPFC::Br2720	primary_expansion	reverse	SDLPFC_Br2720_ANT_MID__reverse	row_softmax	0.25		R	I_SPATIAL	0.005	0.0025	1500	0.001490266343978718	0.0017121083730281628	0.0014355962311558533	0.0018052909568480517
spatialDLPFC	SDLPFC_Br2720_ANT_MID	within_donor_adjacent_position	spatialDLPFC::Br2720	primary_expansion	reverse	SDLPFC_Br2720_ANT_MID__reverse	row_softmax	0.25		R	I_SPATIAL	0.0025	0.00125	1500	0.0007441928500229616	0.0008545743312138183	0.0007168414933139232	0.0009010717920796893
spatialDLPFC	SDLPFC_Br2720_ANT_MID	within_donor_adjacent_position	spatialDLPFC::Br2720	primary_expansion	reverse	SDLPFC_Br2720_ANT_MID__reverse	row_softmax	0.25		R	I_SPATIAL	0.00125	0.000625	1500	0.00037185858561367396	0.00042694380168588797	0.0003581819968022944	0.0004501429628279505
spatialDLPFC	SDLPFC_Br2720_ANT_MID	within_donor_adjacent_position	spatialDLPFC::Br2720	primary_expansion	reverse	SDLPFC_Br2720_ANT_MID__reverse	row_softmax	0.25		N	I_EXPR	0.02	0.01	1500	0.006056535565719789	0.007090089433943522	0.005941742792855463	0.007852853000436266
spatialDLPFC	SDLPFC_Br2720_ANT_MID	within_donor_adjacent_position	spatialDLPFC::Br2720	primary_expansion	reverse	SDLPFC_Br2720_ANT_MID__reverse	row_softmax	0.25		N	I_EXPR	0.01	0.005	1500	0.0030440784324525217	0.003566085636356684	0.002985578661554813	0.003950674644602659
spatialDLPFC	SDLPFC_Br2720_ANT_MID	within_donor_adjacent_position	spatialDLPFC::Br2720	primary_expansion	reverse	SDLPFC_Br2720_ANT_MID__reverse	row_softmax	0.25		N	I_EXPR	0.005	0.0025	1500	0.0015258253021431744	0.0017872291535951767	0.0014964909045664964	0.0019813863501333333
spatialDLPFC	SDLPFC_Br2720_ANT_MID	within_donor_adjacent_position	spatialDLPFC::Br2720	primary_expansion	reverse	SDLPFC_Br2720_ANT_MID__reverse	row_softmax	0.25		N	I_EXPR	0.0025	0.00125	1500	0.0007638829341903809	0.0008949220490306867	0.0007491738944180136	0.0009922069650110184
spatialDLPFC	SDLPFC_Br2720_ANT_MID	within_donor_adjacent_position	spatialDLPFC::Br2720	primary_expansion	reverse	SDLPFC_Br2720_ANT_MID__reverse	row_softmax	0.25		N	I_EXPR	0.00125	0.000625	1500	0.0003821755145303453	0.00044780007587088004	0.00037481945093094995	0.0004964832477727572
spatialDLPFC	SDLPFC_Br2720_ANT_MID	within_donor_adjacent_position	spatialDLPFC::Br2720	primary_expansion	reverse	SDLPFC_Br2720_ANT_MID__reverse	row_softmax	0.25		N	I_SPATIAL	0.02	0.01	1500	0.006192541359411501	0.007259272884859764	0.006060984203752863	0.008054086418081943
spatialDLPFC	SDLPFC_Br2720_ANT_MID	within_donor_adjacent_position	spatialDLPFC::Br2720	primary_expansion	reverse	SDLPFC_Br2720_ANT_MID__reverse	row_softmax	0.25		N	I_SPATIAL	0.01	0.005	1500	0.003077628996589677	0.003607069298394099	0.00301538783683684	0.004000569362473435
spatialDLPFC	SDLPFC_Br2720_ANT_MID	within_donor_adjacent_position	spatialDLPFC::Br2720	primary_expansion	reverse	SDLPFC_Br2720_ANT_MID__reverse	row_softmax	0.25		N	I_SPATIAL	0.005	0.0025	1500	0.0015342233328117195	0.0017978876108232106	0.0015039428722999743	0.0019937296413013424
spatialDLPFC	SDLPFC_Br2720_ANT_MID	within_donor_adjacent_position	spatialDLPFC::Br2720	primary_expansion	reverse	SDLPFC_Br2720_ANT_MID__reverse	row_softmax	0.25		N	I_SPATIAL	0.0025	0.00125	1500	0.0007660265125030211	0.000897628657340213	0.0007510368888555664	0.0009952482056581923
spatialDLPFC	SDLPFC_Br2720_ANT_MID	within_donor_adjacent_position	spatialDLPFC::Br2720	primary_expansion	reverse	SDLPFC_Br2720_ANT_MID__reverse	row_softmax	0.25		N	I_SPATIAL	0.00125	0.000625	1500	0.0003826940317422826	0.0004484776957971052	0.00037528520014524233	0.000497243691191534
spatialDLPFC	SDLPFC_Br2720_ANT_MID	within_donor_adjacent_position	spatialDLPFC::Br2720	primary_expansion	reverse	SDLPFC_Br2720_ANT_MID__reverse	balanced_ot	0.25		R	I_EXPR	0.02	0.01	1500	0.0004922627807510222	0.0006741736295231602	0.0005214519700030857	0.0011643445579258536
spatialDLPFC	SDLPFC_Br2720_ANT_MID	within_donor_adjacent_position	spatialDLPFC::Br2720	primary_expansion	reverse	SDLPFC_Br2720_ANT_MID__reverse	balanced_ot	0.25		R	I_EXPR	0.01	0.005	1500	0.0002461396243427147	0.0003371192221582558	0.00026074198243418803	0.0005822272773516418
spatialDLPFC	SDLPFC_Br2720_ANT_MID	within_donor_adjacent_position	spatialDLPFC::Br2720	primary_expansion	reverse	SDLPFC_Br2720_ANT_MID__reverse	balanced_ot	0.25		R	I_EXPR	0.005	0.0025	1500	0.00012307184422971406	0.00016855654099224947	0.00013037498348782088	0.00029112712776707363
spatialDLPFC	SDLPFC_Br2720_ANT_MID	within_donor_adjacent_position	spatialDLPFC::Br2720	primary_expansion	reverse	SDLPFC_Br2720_ANT_MID__reverse	balanced_ot	0.25		R	I_EXPR	0.0025	0.00125	1500	6.153643849370955e-05	8.427974887636553e-05	6.51884904992897e-05	0.00014556691754810102
spatialDLPFC	SDLPFC_Br2720_ANT_MID	within_donor_adjacent_position	spatialDLPFC::Br2720	primary_expansion	reverse	SDLPFC_Br2720_ANT_MID__reverse	balanced_ot	0.25		R	I_EXPR	0.00125	0.000625	1500	3.076834653847851e-05	4.214025664443243e-05	3.25944894442436e-05	7.278428985733757e-05
spatialDLPFC	SDLPFC_Br2720_ANT_MID	within_donor_adjacent_position	spatialDLPFC::Br2720	primary_expansion	reverse	SDLPFC_Br2720_ANT_MID__reverse	balanced_ot	0.25		R	I_SPATIAL	0.02	0.01	1500	0.006375051630391976	0.007460055427714849	0.006177612534321738	0.007878299699360224
spatialDLPFC	SDLPFC_Br2720_ANT_MID	within_donor_adjacent_position	spatialDLPFC::Br2720	primary_expansion	reverse	SDLPFC_Br2720_ANT_MID__reverse	balanced_ot	0.25		R	I_SPATIAL	0.01	0.005	1500	0.0031697164853801765	0.003699994223408875	0.003070325562990497	0.003908353664437108
spatialDLPFC	SDLPFC_Br2720_ANT_MID	within_donor_adjacent_position	spatialDLPFC::Br2720	primary_expansion	reverse	SDLPFC_Br2720_ANT_MID__reverse	balanced_ot	0.25		R	I_SPATIAL	0.005	0.0025	1500	0.0015802780379471802	0.0018424976429947345	0.001530576780585416	0.001946558323742843
spatialDLPFC	SDLPFC_Br2720_ANT_MID	within_donor_adjacent_position	spatialDLPFC::Br2720	primary_expansion	reverse	SDLPFC_Br2720_ANT_MID__reverse	balanced_ot	0.25		R	I_SPATIAL	0.0025	0.00125	1500	0.0007889183297626624	0.0009193831737421686	0.0007641461310942207	0.0009713833381640518
spatialDLPFC	SDLPFC_Br2720_ANT_MID	within_donor_adjacent_position	spatialDLPFC::Br2720	primary_expansion	reverse	SDLPFC_Br2720_ANT_MID__reverse	balanced_ot	0.25		R	I_SPATIAL	0.00125	0.000625	1500	0.00039412351243535936	0.00045922952065808887	0.0003817880285680084	0.0004852185518337979
spatialDLPFC	SDLPFC_Br2720_ANT_MID	within_donor_adjacent_position	spatialDLPFC::Br2720	primary_expansion	reverse	SDLPFC_Br2720_ANT_MID__reverse	balanced_ot	0.25		N	I_EXPR	0.02	0.01	1500	0.00624629128561687	0.0072314215008341355	0.006073908046090061	0.0077223813529286615
spatialDLPFC	SDLPFC_Br2720_ANT_MID	within_donor_adjacent_position	spatialDLPFC::Br2720	primary_expansion	reverse	SDLPFC_Br2720_ANT_MID__reverse	balanced_ot	0.25		N	I_EXPR	0.01	0.005	1500	0.003141854814197904	0.003640751082719225	0.0030549565636673096	0.003891534511806271
spatialDLPFC	SDLPFC_Br2720_ANT_MID	within_donor_adjacent_position	spatialDLPFC::Br2720	primary_expansion	reverse	SDLPFC_Br2720_ANT_MID__reverse	balanced_ot	0.25		N	I_EXPR	0.005	0.0025	1500	0.0015754374309318979	0.0018270957715984188	0.0015320125376367243	0.0019534292316431847
spatialDLPFC	SDLPFC_Br2720_ANT_MID	within_donor_adjacent_position	spatialDLPFC::Br2720	primary_expansion	reverse	SDLPFC_Br2720_ANT_MID__reverse	balanced_ot	0.25		N	I_EXPR	0.0025	0.00125	1500	0.0007890250749442791	0.0009150805217601855	0.0007671439333547984	0.0009786413757638663
spatialDLPFC	SDLPFC_Br2720_ANT_MID	within_donor_adjacent_position	spatialDLPFC::Br2720	primary_expansion	reverse	SDLPFC_Br2720_ANT_MID__reverse	balanced_ot	0.25		N	I_EXPR	0.00125	0.000625	1500	0.0003948109259961234	0.00045792385520658133	0.0003838569009695676	0.0004898032469830027
spatialDLPFC	SDLPFC_Br2720_ANT_MID	within_donor_adjacent_position	spatialDLPFC::Br2720	primary_expansion	reverse	SDLPFC_Br2720_ANT_MID__reverse	balanced_ot	0.25		N	I_SPATIAL	0.02	0.01	1500	0.0063929669323988594	0.007441958348391587	0.00622006764331897	0.007969676721973176
spatialDLPFC	SDLPFC_Br2720_ANT_MID	within_donor_adjacent_position	spatialDLPFC::Br2720	primary_expansion	reverse	SDLPFC_Br2720_ANT_MID__reverse	balanced_ot	0.25		N	I_SPATIAL	0.01	0.005	1500	0.003177568478688374	0.003695529827389445	0.003091495729623079	0.00395337829167314
spatialDLPFC	SDLPFC_Br2720_ANT_MID	within_donor_adjacent_position	spatialDLPFC::Br2720	primary_expansion	reverse	SDLPFC_Br2720_ANT_MID__reverse	balanced_ot	0.25		N	I_SPATIAL	0.005	0.0025	1500	0.0015848157678810526	0.001840196037132194	0.0015411469456638772	0.001968898828180377
spatialDLPFC	SDLPFC_Br2720_ANT_MID	within_donor_adjacent_position	spatialDLPFC::Br2720	primary_expansion	reverse	SDLPFC_Br2720_ANT_MID__reverse	balanced_ot	0.25		N	I_SPATIAL	0.0025	0.00125	1500	0.0007914154142762198	0.0009181853844435909	0.0007694275033231712	0.0009825087752651802
spatialDLPFC	SDLPFC_Br2720_ANT_MID	within_donor_adjacent_position	spatialDLPFC::Br2720	primary_expansion	reverse	SDLPFC_Br2720_ANT_MID__reverse	balanced_ot	0.25		N	I_SPATIAL	0.00125	0.000625	1500	0.0003954085902050348	0.00045869193264119453	0.0003844277923221801	0.0004907700960895106
spatialDLPFC	SDLPFC_Br2743_ANT_MID	within_donor_adjacent_position	spatialDLPFC::Br2743	primary_expansion	forward	SDLPFC_Br2743_ANT_MID	uot	0.25	2.0	R	I_EXPR	0.02	0.01	1500	0.0011749080570158826	0.0015279119047078603	0.001205244941176682	0.002422936517995582
spatialDLPFC	SDLPFC_Br2743_ANT_MID	within_donor_adjacent_position	spatialDLPFC::Br2743	primary_expansion	forward	SDLPFC_Br2743_ANT_MID	uot	0.25	2.0	R	I_EXPR	0.01	0.005	1500	0.0005873462450537805	0.0007636731316496137	0.0006023241370265008	0.0012110346940191017
spatialDLPFC	SDLPFC_Br2743_ANT_MID	within_donor_adjacent_position	spatialDLPFC::Br2743	primary_expansion	forward	SDLPFC_Br2743_ANT_MID	uot	0.25	2.0	R	I_EXPR	0.005	0.0025	1500	0.0002936166238073715	0.00038179323951649584	0.00030108751178490044	0.0006054087360166831
spatialDLPFC	SDLPFC_Br2743_ANT_MID	within_donor_adjacent_position	spatialDLPFC::Br2743	primary_expansion	forward	SDLPFC_Br2743_ANT_MID	uot	0.25	2.0	R	I_EXPR	0.0025	0.00125	1500	0.00014679870330523356	0.00019088577852119926	0.00015052512051236375	0.0003026771970082721
spatialDLPFC	SDLPFC_Br2743_ANT_MID	within_donor_adjacent_position	spatialDLPFC::Br2743	primary_expansion	forward	SDLPFC_Br2743_ANT_MID	uot	0.25	2.0	R	I_EXPR	0.00125	0.000625	1500	7.339860949528702e-05	9.544017856505011e-05	7.525790205350636e-05	0.00015133180074057624
spatialDLPFC	SDLPFC_Br2743_ANT_MID	within_donor_adjacent_position	spatialDLPFC::Br2743	primary_expansion	forward	SDLPFC_Br2743_ANT_MID	uot	0.25	2.0	R	I_SPATIAL	0.02	0.01	1500	0.006468239920115724	0.0075165267808118405	0.006306776484679721	0.008543754056261687
spatialDLPFC	SDLPFC_Br2743_ANT_MID	within_donor_adjacent_position	spatialDLPFC::Br2743	primary_expansion	forward	SDLPFC_Br2743_ANT_MID	uot	0.25	2.0	R	I_SPATIAL	0.01	0.005	1500	0.0032160168695707925	0.0037302098180635093	0.0031348859447564324	0.0042398959997847225
spatialDLPFC	SDLPFC_Br2743_ANT_MID	within_donor_adjacent_position	spatialDLPFC::Br2743	primary_expansion	forward	SDLPFC_Br2743_ANT_MID	uot	0.25	2.0	R	I_SPATIAL	0.005	0.0025	1500	0.001602584000234377	0.001858602679092795	0.001562851441127402	0.0021120119791187054
spatialDLPFC	SDLPFC_Br2743_ANT_MID	within_donor_adjacent_position	spatialDLPFC::Br2743	primary_expansion	forward	SDLPFC_Br2743_ANT_MID	uot	0.25	2.0	R	I_SPATIAL	0.0025	0.00125	1500	0.0007999206890402886	0.0009276083892260619	0.0007802820531450877	0.0010540284792376268
spatialDLPFC	SDLPFC_Br2743_ANT_MID	within_donor_adjacent_position	spatialDLPFC::Br2743	primary_expansion	forward	SDLPFC_Br2743_ANT_MID	uot	0.25	2.0	R	I_SPATIAL	0.00125	0.000625	1500	0.00039968956489263164	0.0004633557006162141	0.0003898556287961934	0.0005265202786541865
spatialDLPFC	SDLPFC_Br2743_ANT_MID	within_donor_adjacent_position	spatialDLPFC::Br2743	primary_expansion	forward	SDLPFC_Br2743_ANT_MID	uot	0.25	2.0	N	I_EXPR	0.02	0.01	1500	0.0050815102378888605	0.006071214173189599	0.005117427890317126	0.007086947540489375
spatialDLPFC	SDLPFC_Br2743_ANT_MID	within_donor_adjacent_position	spatialDLPFC::Br2743	primary_expansion	forward	SDLPFC_Br2743_ANT_MID	uot	0.25	2.0	N	I_EXPR	0.01	0.005	1500	0.0025560032335792127	0.003054053705016887	0.002573447656152098	0.003569966880170775
spatialDLPFC	SDLPFC_Br2743_ANT_MID	within_donor_adjacent_position	spatialDLPFC::Br2743	primary_expansion	forward	SDLPFC_Br2743_ANT_MID	uot	0.25	2.0	N	I_EXPR	0.005	0.0025	1500	0.0012823845877629795	0.0015320451421649895	0.0012904354041432618	0.0017916910152110108
spatialDLPFC	SDLPFC_Br2743_ANT_MID	within_donor_adjacent_position	spatialDLPFC::Br2743	primary_expansion	forward	SDLPFC_Br2743_ANT_MID	uot	0.25	2.0	N	I_EXPR	0.0025	0.00125	1500	0.0006421002787347866	0.0007672295695267342	0.0006461492250849738	0.0008975310191593741
spatialDLPFC	SDLPFC_Br2743_ANT_MID	within_donor_adjacent_position	spatialDLPFC::Br2743	primary_expansion	forward	SDLPFC_Br2743_ANT_MID	uot	0.25	2.0	N	I_EXPR	0.00125	0.000625	1500	0.00032127106602766774	0.0003839170124524606	0.0003233079595148195	0.00044918850428854603
spatialDLPFC	SDLPFC_Br2743_ANT_MID	within_donor_adjacent_position	spatialDLPFC::Br2743	primary_expansion	forward	SDLPFC_Br2743_ANT_MID	uot	0.25	2.0	N	I_SPATIAL	0.02	0.01	1500	0.005203155449075089	0.00623130708006004	0.005237130900573008	0.007303855842683892
spatialDLPFC	SDLPFC_Br2743_ANT_MID	within_donor_adjacent_position	spatialDLPFC::Br2743	primary_expansion	forward	SDLPFC_Br2743_ANT_MID	uot	0.25	2.0	N	I_SPATIAL	0.01	0.005	1500	0.0025864763383352044	0.003094773503559503	0.0026033721520246733	0.003624259436470266
spatialDLPFC	SDLPFC_Br2743_ANT_MID	within_donor_adjacent_position	spatialDLPFC::Br2743	primary_expansion	forward	SDLPFC_Br2743_ANT_MID	uot	0.25	2.0	N	I_SPATIAL	0.005	0.0025	1500	0.0012895422211464654	0.0015421397635079464	0.0012979168712467012	0.001805271047896893
spatialDLPFC	SDLPFC_Br2743_ANT_MID	within_donor_adjacent_position	spatialDLPFC::Br2743	primary_expansion	forward	SDLPFC_Br2743_ANT_MID	uot	0.25	2.0	N	I_SPATIAL	0.0025	0.00125	1500	0.0006438710780283204	0.000769907537748038	0.000648019608192062	0.0009009260172467481
spatialDLPFC	SDLPFC_Br2743_ANT_MID	within_donor_adjacent_position	spatialDLPFC::Br2743	primary_expansion	forward	SDLPFC_Br2743_ANT_MID	uot	0.25	2.0	N	I_SPATIAL	0.00125	0.000625	1500	0.00032171367377098226	0.00038462048596065536	0.0003237755523444649	0.00045003682279874245
spatialDLPFC	SDLPFC_Br2743_ANT_MID	within_donor_adjacent_position	spatialDLPFC::Br2743	primary_expansion	forward	SDLPFC_Br2743_ANT_MID	balanced_ot	0.25		R	I_EXPR	0.02	0.01	1500	0.0008073268778517965	0.0012973080042479584	0.00088200721773903	0.0018837009083973455
spatialDLPFC	SDLPFC_Br2743_ANT_MID	within_donor_adjacent_position	spatialDLPFC::Br2743	primary_expansion	forward	SDLPFC_Br2743_ANT_MID	balanced_ot	0.25		R	I_EXPR	0.01	0.005	1500	0.00040360626218118164	0.0006492281541643554	0.00044105916844810924	0.0009420639413670245
spatialDLPFC	SDLPFC_Br2743_ANT_MID	within_donor_adjacent_position	spatialDLPFC::Br2743	primary_expansion	forward	SDLPFC_Br2743_ANT_MID	balanced_ot	0.25		R	I_EXPR	0.005	0.0025	1500	0.00020178637622109862	0.00032474963639013524	0.00022054334001420157	0.00047108505551657825
spatialDLPFC	SDLPFC_Br2743_ANT_MID	within_donor_adjacent_position	spatialDLPFC::Br2743	primary_expansion	forward	SDLPFC_Br2743_ANT_MID	balanced_ot	0.25		R	I_EXPR	0.0025	0.00125	1500	0.00010087915914027708	0.00016240508020153572	0.0001102750925175154	0.00023555571557604463
spatialDLPFC	SDLPFC_Br2743_ANT_MID	within_donor_adjacent_position	spatialDLPFC::Br2743	primary_expansion	forward	SDLPFC_Br2743_ANT_MID	balanced_ot	0.25		R	I_EXPR	0.00125	0.000625	1500	5.0436081574843685e-05	8.121009748527123e-05	5.513839938865492e-05	0.00011778112522409536
spatialDLPFC	SDLPFC_Br2743_ANT_MID	within_donor_adjacent_position	spatialDLPFC::Br2743	primary_expansion	forward	SDLPFC_Br2743_ANT_MID	balanced_ot	0.25		R	I_SPATIAL	0.02	0.01	1500	0.006248120724363973	0.007456401368910515	0.0061500169543698	0.008547967297656178
spatialDLPFC	SDLPFC_Br2743_ANT_MID	within_donor_adjacent_position	spatialDLPFC::Br2743	primary_expansion	forward	SDLPFC_Br2743_ANT_MID	balanced_ot	0.25		R	I_SPATIAL	0.01	0.005	1500	0.003103413136481902	0.0037010290564429868	0.0030570621629879883	0.004241923635381251
spatialDLPFC	SDLPFC_Br2743_ANT_MID	within_donor_adjacent_position	spatialDLPFC::Br2743	primary_expansion	forward	SDLPFC_Br2743_ANT_MID	balanced_ot	0.25		R	I_SPATIAL	0.005	0.0025	1500	0.001546729375468586	0.0018436679994475805	0.0015240760750020064	0.002112981683220121
spatialDLPFC	SDLPFC_Br2743_ANT_MID	within_donor_adjacent_position	spatialDLPFC::Br2743	primary_expansion	forward	SDLPFC_Br2743_ANT_MID	balanced_ot	0.25		R	I_SPATIAL	0.0025	0.00125	1500	0.0007721517114709151	0.0009201229772309535	0.0007609281423075703	0.0010545024297516862
spatialDLPFC	SDLPFC_Br2743_ANT_MID	within_donor_adjacent_position	spatialDLPFC::Br2743	primary_expansion	forward	SDLPFC_Br2743_ANT_MID	balanced_ot	0.25		R	I_SPATIAL	0.00125	0.000625	1500	0.00038578429005461685	0.0004596331891335485	0.0003801870822031607	0.0005267551424822947
spatialDLPFC	SDLPFC_Br2743_ANT_MID	within_donor_adjacent_position	spatialDLPFC::Br2743	primary_expansion	forward	SDLPFC_Br2743_ANT_MID	balanced_ot	0.25		N	I_EXPR	0.02	0.01	1500	0.006077087064294313	0.007489439893785343	0.006107636524272957	0.009468941139297023
spatialDLPFC	SDLPFC_Br2743_ANT_MID	within_donor_adjacent_position	spatialDLPFC::Br2743	primary_expansion	forward	SDLPFC_Br2743_ANT_MID	balanced_ot	0.25		N	I_EXPR	0.01	0.005	1500	0.003055897175389439	0.003773279591088992	0.003071247315956595	0.004776605912263884
spatialDLPFC	SDLPFC_Br2743_ANT_MID	within_donor_adjacent_position	spatialDLPFC::Br2743	primary_expansion	forward	SDLPFC_Br2743_ANT_MID	balanced_ot	0.25		N	I_EXPR	0.005	0.0025	1500	0.0015325238529598356	0.0018938394942256765	0.0015400108450126372	0.0023989518580181932
spatialDLPFC	SDLPFC_Br2743_ANT_MID	within_donor_adjacent_position	spatialDLPFC::Br2743	primary_expansion	forward	SDLPFC_Br2743_ANT_MID	balanced_ot	0.25		N	I_EXPR	0.0025	0.00125	1500	0.000767408989207987	0.0009484164418580537	0.0007711060692802156	0.0012021514176010254
spatialDLPFC	SDLPFC_Br2743_ANT_MID	within_donor_adjacent_position	spatialDLPFC::Br2743	primary_expansion	forward	SDLPFC_Br2743_ANT_MID	balanced_ot	0.25		N	I_EXPR	0.00125	0.000625	1500	0.0003839827222819136	0.00047456187535705184	0.0003858286766965812	0.0006017456606510662
spatialDLPFC	SDLPFC_Br2743_ANT_MID	within_donor_adjacent_position	spatialDLPFC::Br2743	primary_expansion	forward	SDLPFC_Br2743_ANT_MID	balanced_ot	0.25		N	I_SPATIAL	0.02	0.01	1500	0.0062135822622579225	0.007694582087554335	0.0062489940982425815	0.00981261506999468
spatialDLPFC	SDLPFC_Br2743_ANT_MID	within_donor_adjacent_position	spatialDLPFC::Br2743	primary_expansion	forward	SDLPFC_Br2743_ANT_MID	balanced_ot	0.25		N	I_SPATIAL	0.01	0.005	1500	0.0030905891424523073	0.0038215684387766452	0.0031065861393945416	0.004862588686856959
spatialDLPFC	SDLPFC_Br2743_ANT_MID	within_donor_adjacent_position	spatialDLPFC::Br2743	primary_expansion	forward	SDLPFC_Br2743_ANT_MID	balanced_ot	0.25		N	I_SPATIAL	0.005	0.0025	1500	0.001540999284168949	0.0019056489439151305	0.0015488458922019882	0.002420448415324679
spatialDLPFC	SDLPFC_Br2743_ANT_MID	within_donor_adjacent_position	spatialDLPFC::Br2743	primary_expansion	forward	SDLPFC_Br2743_ANT_MID	balanced_ot	0.25		N	I_SPATIAL	0.0025	0.00125	1500	0.0007694844557924099	0.0009513732674677146	0.0007733148891021333	0.0012075229311668018
spatialDLPFC	SDLPFC_Br2743_ANT_MID	within_donor_adjacent_position	spatialDLPFC::Br2743	primary_expansion	forward	SDLPFC_Br2743_ANT_MID	balanced_ot	0.25		N	I_SPATIAL	0.00125	0.000625	1500	0.00038448893943579385	0.00047533951726812316	0.0003863808830676702	0.0006030877165363442
spatialDLPFC	SDLPFC_Br2743_ANT_MID	within_donor_adjacent_position	spatialDLPFC::Br2743	primary_expansion	forward	SDLPFC_Br2743_ANT_MID	row_softmax	0.25		R	I_EXPR	0.02	0.01	1500	0.0016633742438466105	0.0026694788382988542	0.001782943932739838	0.0034121989189505333
spatialDLPFC	SDLPFC_Br2743_ANT_MID	within_donor_adjacent_position	spatialDLPFC::Br2743	primary_expansion	forward	SDLPFC_Br2743_ANT_MID	row_softmax	0.25		R	I_EXPR	0.01	0.005	1500	0.0008303263904740596	0.0013329651288332559	0.0008902126610186559	0.001703350266717085
spatialDLPFC	SDLPFC_Br2743_ANT_MID	within_donor_adjacent_position	spatialDLPFC::Br2743	primary_expansion	forward	SDLPFC_Br2743_ANT_MID	row_softmax	0.25		R	I_EXPR	0.005	0.0025	1500	0.0004148234434650336	0.0006660402894330566	0.00044479179408199617	0.0008509837303978585
spatialDLPFC	SDLPFC_Br2743_ANT_MID	within_donor_adjacent_position	spatialDLPFC::Br2743	primary_expansion	forward	SDLPFC_Br2743_ANT_MID	row_softmax	0.25		R	I_EXPR	0.0025	0.00125	1500	0.00020732675334968388	0.0003329252301598721	0.00022231729290356965	0.00042531839715469075
spatialDLPFC	SDLPFC_Br2743_ANT_MID	within_donor_adjacent_position	spatialDLPFC::Br2743	primary_expansion	forward	SDLPFC_Br2743_ANT_MID	row_softmax	0.25		R	I_EXPR	0.00125	0.000625	1500	0.00010364214358239549	0.0001664511448821518	0.00011113899943616774	0.00021261575413741366
spatialDLPFC	SDLPFC_Br2743_ANT_MID	within_donor_adjacent_position	spatialDLPFC::Br2743	primary_expansion	forward	SDLPFC_Br2743_ANT_MID	row_softmax	0.25		R	I_SPATIAL	0.02	0.01	1500	0.005882448455712751	0.006718371116260537	0.005707453441136214	0.007341674205987963
spatialDLPFC	SDLPFC_Br2743_ANT_MID	within_donor_adjacent_position	spatialDLPFC::Br2743	primary_expansion	forward	SDLPFC_Br2743_ANT_MID	row_softmax	0.25		R	I_SPATIAL	0.01	0.005	1500	0.002925370915064754	0.0033390280700745225	0.0028387125983919278	0.003646360129103348
spatialDLPFC	SDLPFC_Br2743_ANT_MID	within_donor_adjacent_position	spatialDLPFC::Br2743	primary_expansion	forward	SDLPFC_Br2743_ANT_MID	row_softmax	0.25		R	I_SPATIAL	0.005	0.0025	1500	0.0014588668641719901	0.0016640609370832606	0.0014156280400997182	0.0018171003087283323
spatialDLPFC	SDLPFC_Br2743_ANT_MID	within_donor_adjacent_position	spatialDLPFC::Br2743	primary_expansion	forward	SDLPFC_Br2743_ANT_MID	row_softmax	0.25		R	I_SPATIAL	0.0025	0.00125	1500	0.0007285006697422394	0.0008304969695730656	0.0007068850638491633	0.0009070334126915452
spatialDLPFC	SDLPFC_Br2743_ANT_MID	within_donor_adjacent_position	spatialDLPFC::Br2743	primary_expansion	forward	SDLPFC_Br2743_ANT_MID	row_softmax	0.25		R	I_SPATIAL	0.00125	0.000625	1500	0.00036401509213074637	0.0004149480121556016	0.0003532106869927222	0.00045313792305656754
spatialDLPFC	SDLPFC_Br2743_ANT_MID	within_donor_adjacent_position	spatialDLPFC::Br2743	primary_expansion	forward	SDLPFC_Br2743_ANT_MID	row_softmax	0.25		N	I_EXPR	0.02	0.01	1500	0.00607771305305627	0.007212196239243598	0.006003261719563334	0.008359052362189765
spatialDLPFC	SDLPFC_Br2743_ANT_MID	within_donor_adjacent_position	spatialDLPFC::Br2743	primary_expansion	forward	SDLPFC_Br2743_ANT_MID	row_softmax	0.25		N	I_EXPR	0.01	0.005	1500	0.0030547402982304007	0.0036214332546162967	0.003015030463560577	0.004198006255339862
spatialDLPFC	SDLPFC_Br2743_ANT_MID	within_donor_adjacent_position	spatialDLPFC::Br2743	primary_expansion	forward	SDLPFC_Br2743_ANT_MID	row_softmax	0.25		N	I_EXPR	0.005	0.0025	1500	0.0015316567671094872	0.0018141844792624376	0.001510887348650236	0.0021036891674221098
spatialDLPFC	SDLPFC_Br2743_ANT_MID	within_donor_adjacent_position	spatialDLPFC::Br2743	primary_expansion	forward	SDLPFC_Br2743_ANT_MID	row_softmax	0.25		N	I_EXPR	0.0025	0.00125	1500	0.0007668678465574611	0.0009082722601951657	0.0007562896348365374	0.0010530198130625618
spatialDLPFC	SDLPFC_Br2743_ANT_MID	within_donor_adjacent_position	spatialDLPFC::Br2743	primary_expansion	forward	SDLPFC_Br2743_ANT_MID	row_softmax	0.25		N	I_EXPR	0.00125	0.000625	1500	0.00038366427169153334	0.0004545313325701718	0.0003783567011727671	0.0005268052013658203
spatialDLPFC	SDLPFC_Br2743_ANT_MID	within_donor_adjacent_position	spatialDLPFC::Br2743	primary_expansion	forward	SDLPFC_Br2743_ANT_MID	row_softmax	0.25		N	I_SPATIAL	0.02	0.01	1500	0.006202626533949401	0.00736538276960079	0.006111916505015498	0.00851095449828992
spatialDLPFC	SDLPFC_Br2743_ANT_MID	within_donor_adjacent_position	spatialDLPFC::Br2743	primary_expansion	forward	SDLPFC_Br2743_ANT_MID	row_softmax	0.25		N	I_SPATIAL	0.01	0.005	1500	0.003086781127793122	0.003658438104164991	0.003042194165713582	0.004236042716572335
spatialDLPFC	SDLPFC_Br2743_ANT_MID	within_donor_adjacent_position	spatialDLPFC::Br2743	primary_expansion	forward	SDLPFC_Br2743_ANT_MID	row_softmax	0.25		N	I_SPATIAL	0.005	0.0025	1500	0.0015397036415865243	0.0018245164139046176	0.0015176788666439623	0.002113192594812628
spatialDLPFC	SDLPFC_Br2743_ANT_MID	within_donor_adjacent_position	spatialDLPFC::Br2743	primary_expansion	forward	SDLPFC_Br2743_ANT_MID	row_softmax	0.25		N	I_SPATIAL	0.0025	0.00125	1500	0.0007688315574010567	0.0009107699393767656	0.0007579875843535941	0.0010553953323214965
spatialDLPFC	SDLPFC_Br2743_ANT_MID	within_donor_adjacent_position	spatialDLPFC::Br2743	primary_expansion	forward	SDLPFC_Br2743_ANT_MID	row_softmax	0.25		N	I_SPATIAL	0.00125	0.000625	1500	0.00038416145269294405	0.0004551232074941933	0.0003787811888706934	0.0005273990462371617
spatialDLPFC	SDLPFC_Br2743_ANT_MID	within_donor_adjacent_position	spatialDLPFC::Br2743	primary_expansion	reverse	SDLPFC_Br2743_ANT_MID__reverse	uot	0.25	2.0	R	I_EXPR	0.02	0.01	1500	0.001206995454702475	0.001587869419659379	0.001247182656997998	0.002304952740038138
spatialDLPFC	SDLPFC_Br2743_ANT_MID	within_donor_adjacent_position	spatialDLPFC::Br2743	primary_expansion	reverse	SDLPFC_Br2743_ANT_MID__reverse	uot	0.25	2.0	R	I_EXPR	0.01	0.005	1500	0.0006034317989409693	0.0007935475444637262	0.0006232415304571281	0.0011512004651519996
spatialDLPFC	SDLPFC_Br2743_ANT_MID	within_donor_adjacent_position	spatialDLPFC::Br2743	primary_expansion	reverse	SDLPFC_Br2743_ANT_MID__reverse	uot	0.25	2.0	R	I_EXPR	0.005	0.0025	1500	0.00030169135706300284	0.00039674508955284056	0.00031153336306524065	0.000575286617342545
spatialDLPFC	SDLPFC_Br2743_ANT_MID	within_donor_adjacent_position	spatialDLPFC::Br2743	primary_expansion	reverse	SDLPFC_Br2743_ANT_MID__reverse	uot	0.25	2.0	R	I_EXPR	0.0025	0.00125	1500	0.00015082817531878668	0.00019836534735075595	0.00015574483714256082	0.00028756481719274416
spatialDLPFC	SDLPFC_Br2743_ANT_MID	within_donor_adjacent_position	spatialDLPFC::Br2743	primary_expansion	reverse	SDLPFC_Br2743_ANT_MID__reverse	uot	0.25	2.0	R	I_EXPR	0.00125	0.000625	1500	7.540542690973281e-05	9.918087101006721e-05	7.786695835691075e-05	0.00014376277406588813
spatialDLPFC	SDLPFC_Br2743_ANT_MID	within_donor_adjacent_position	spatialDLPFC::Br2743	primary_expansion	reverse	SDLPFC_Br2743_ANT_MID__reverse	uot	0.25	2.0	R	I_SPATIAL	0.02	0.01	1500	0.006337310778910201	0.007665676220946562	0.006280180090696542	0.009073183972943398
spatialDLPFC	SDLPFC_Br2743_ANT_MID	within_donor_adjacent_position	spatialDLPFC::Br2743	primary_expansion	reverse	SDLPFC_Br2743_ANT_MID__reverse	uot	0.25	2.0	R	I_SPATIAL	0.01	0.005	1500	0.003148958833739304	0.003805432496244052	0.003121680974767366	0.004503179834368765
spatialDLPFC	SDLPFC_Br2743_ANT_MID	within_donor_adjacent_position	spatialDLPFC::Br2743	primary_expansion	reverse	SDLPFC_Br2743_ANT_MID__reverse	uot	0.25	2.0	R	I_SPATIAL	0.005	0.0025	1500	0.0015698161264095399	0.0018958512691811741	0.001556272279000789	0.0022432851350170837
spatialDLPFC	SDLPFC_Br2743_ANT_MID	within_donor_adjacent_position	spatialDLPFC::Br2743	primary_expansion	reverse	SDLPFC_Br2743_ANT_MID__reverse	uot	0.25	2.0	R	I_SPATIAL	0.0025	0.00125	1500	0.0007838814100789705	0.0009462130483957811	0.0007769983120746475	0.0011195724203786185
spatialDLPFC	SDLPFC_Br2743_ANT_MID	within_donor_adjacent_position	spatialDLPFC::Br2743	primary_expansion	reverse	SDLPFC_Br2743_ANT_MID__reverse	uot	0.25	2.0	R	I_SPATIAL	0.00125	0.000625	1500	0.0003916532119061165	0.0004726800740255774	0.00038821521976911043	0.0005592694308647389
spatialDLPFC	SDLPFC_Br2743_ANT_MID	within_donor_adjacent_position	spatialDLPFC::Br2743	primary_expansion	reverse	SDLPFC_Br2743_ANT_MID__reverse	uot	0.25	2.0	N	I_EXPR	0.02	0.01	1500	0.005105052104605861	0.006052724837019628	0.005104833655028511	0.007127999206078791
spatialDLPFC	SDLPFC_Br2743_ANT_MID	within_donor_adjacent_position	spatialDLPFC::Br2743	primary_expansion	reverse	SDLPFC_Br2743_ANT_MID__reverse	uot	0.25	2.0	N	I_EXPR	0.01	0.005	1500	0.002568258185080079	0.003048651793959612	0.0025672551907424523	0.003589683089107192
spatialDLPFC	SDLPFC_Br2743_ANT_MID	within_donor_adjacent_position	spatialDLPFC::Br2743	primary_expansion	reverse	SDLPFC_Br2743_ANT_MID__reverse	uot	0.25	2.0	N	I_EXPR	0.005	0.0025	1500	0.001288201993722765	0.001530156363734932	0.0012873657620803458	0.0018013012562347387
spatialDLPFC	SDLPFC_Br2743_ANT_MID	within_donor_adjacent_position	spatialDLPFC::Br2743	primary_expansion	reverse	SDLPFC_Br2743_ANT_MID__reverse	uot	0.25	2.0	N	I_EXPR	0.0025	0.00125	1500	0.0006450820853527079	0.0007665352240615004	0.000644621104977743	0.0009022788634158411
spatialDLPFC	SDLPFC_Br2743_ANT_MID	within_donor_adjacent_position	spatialDLPFC::Br2743	primary_expansion	reverse	SDLPFC_Br2743_ANT_MID__reverse	uot	0.25	2.0	N	I_EXPR	0.00125	0.000625	1500	0.0003228168876813505	0.0003836324013391232	0.00032254558293258624	0.0004515466686563824
spatialDLPFC	SDLPFC_Br2743_ANT_MID	within_donor_adjacent_position	spatialDLPFC::Br2743	primary_expansion	reverse	SDLPFC_Br2743_ANT_MID__reverse	uot	0.25	2.0	N	I_SPATIAL	0.02	0.01	1500	0.005237861650466954	0.006228998525014156	0.005225404568815816	0.007337547448096
spatialDLPFC	SDLPFC_Br2743_ANT_MID	within_donor_adjacent_position	spatialDLPFC::Br2743	primary_expansion	reverse	SDLPFC_Br2743_ANT_MID__reverse	uot	0.25	2.0	N	I_SPATIAL	0.01	0.005	1500	0.0026017657049423573	0.00309048124870095	0.0025973963230834264	0.003642015182885132
spatialDLPFC	SDLPFC_Br2743_ANT_MID	within_donor_adjacent_position	spatialDLPFC::Br2743	primary_expansion	reverse	SDLPFC_Br2743_ANT_MID__reverse	uot	0.25	2.0	N	I_SPATIAL	0.005	0.0025	1500	0.001296367296164942	0.001540745778611954	0.0012949013484432502	0.0018143929405598364
spatialDLPFC	SDLPFC_Br2743_ANT_MID	within_donor_adjacent_position	spatialDLPFC::Br2743	primary_expansion	reverse	SDLPFC_Br2743_ANT_MID__reverse	uot	0.25	2.0	N	I_SPATIAL	0.0025	0.00125	1500	0.00064727598742716	0.0007692884253411879	0.0006465050181864068	0.0009055491855874549
spatialDLPFC	SDLPFC_Br2743_ANT_MID	within_donor_adjacent_position	spatialDLPFC::Br2743	primary_expansion	reverse	SDLPFC_Br2743_ANT_MID__reverse	uot	0.25	2.0	N	I_SPATIAL	0.00125	0.000625	1500	0.0003233683976860348	0.00038428988680182827	0.0003230165581077473	0.00045236471526751695
spatialDLPFC	SDLPFC_Br2743_ANT_MID	within_donor_adjacent_position	spatialDLPFC::Br2743	primary_expansion	reverse	SDLPFC_Br2743_ANT_MID__reverse	row_softmax	0.25		R	I_EXPR	0.02	0.01	1500	0.003788187793024066	0.0051692777362732905	0.003924703821929987	0.0059194881136730515
spatialDLPFC	SDLPFC_Br2743_ANT_MID	within_donor_adjacent_position	spatialDLPFC::Br2743	primary_expansion	reverse	SDLPFC_Br2743_ANT_MID__reverse	row_softmax	0.25		R	I_EXPR	0.01	0.005	1500	0.0018885852318709239	0.002576249882692417	0.001956608341057944	0.0029502943561606097
spatialDLPFC	SDLPFC_Br2743_ANT_MID	within_donor_adjacent_position	spatialDLPFC::Br2743	primary_expansion	reverse	SDLPFC_Br2743_ANT_MID__reverse	row_softmax	0.25		R	I_EXPR	0.005	0.0025	1500	0.0009431759299790123	0.0012858258358997188	0.0009768698017854989	0.0014727663482361527
spatialDLPFC	SDLPFC_Br2743_ANT_MID	within_donor_adjacent_position	spatialDLPFC::Br2743	primary_expansion	reverse	SDLPFC_Br2743_ANT_MID__reverse	row_softmax	0.25		R	I_EXPR	0.0025	0.00125	1500	0.0004713024567725298	0.0006422356661582621	0.00048807649852717727	0.0007357863455824119
spatialDLPFC	SDLPFC_Br2743_ANT_MID	within_donor_adjacent_position	spatialDLPFC::Br2743	primary_expansion	reverse	SDLPFC_Br2743_ANT_MID__reverse	row_softmax	0.25		R	I_EXPR	0.00125	0.000625	1500	0.00023557976776159977	0.0003209484789544734	0.00024394867953940523	0.000367743773559201
spatialDLPFC	SDLPFC_Br2743_ANT_MID	within_donor_adjacent_position	spatialDLPFC::Br2743	primary_expansion	reverse	SDLPFC_Br2743_ANT_MID__reverse	row_softmax	0.25		R	I_SPATIAL	0.02	0.01	1500	0.005724290562030996	0.006455073293942651	0.005505849147235396	0.007520759374403882
spatialDLPFC	SDLPFC_Br2743_ANT_MID	within_donor_adjacent_position	spatialDLPFC::Br2743	primary_expansion	reverse	SDLPFC_Br2743_ANT_MID__reverse	row_softmax	0.25		R	I_SPATIAL	0.01	0.005	1500	0.0028439903985547485	0.0032033997589432928	0.0027383165067019774	0.0037381250858681435
spatialDLPFC	SDLPFC_Br2743_ANT_MID	within_donor_adjacent_position	spatialDLPFC::Br2743	primary_expansion	reverse	SDLPFC_Br2743_ANT_MID__reverse	row_softmax	0.25		R	I_SPATIAL	0.005	0.0025	1500	0.001417968477175594	0.001596775254439519	0.0013655334597014654	0.001863534983512188
spatialDLPFC	SDLPFC_Br2743_ANT_MID	within_donor_adjacent_position	spatialDLPFC::Br2743	primary_expansion	reverse	SDLPFC_Br2743_ANT_MID__reverse	row_softmax	0.25		R	I_SPATIAL	0.0025	0.00125	1500	0.0007080158038620757	0.0007970626807762382	0.0006818639515364116	0.0009303859844029188
spatialDLPFC	SDLPFC_Br2743_ANT_MID	within_donor_adjacent_position	spatialDLPFC::Br2743	primary_expansion	reverse	SDLPFC_Br2743_ANT_MID__reverse	row_softmax	0.25		R	I_SPATIAL	0.00125	0.000625	1500	0.00035378584623187983	0.00039817126387559694	0.00034070672102565826	0.000464848109636738
spatialDLPFC	SDLPFC_Br2743_ANT_MID	within_donor_adjacent_position	spatialDLPFC::Br2743	primary_expansion	reverse	SDLPFC_Br2743_ANT_MID__reverse	row_softmax	0.25		N	I_EXPR	0.02	0.01	1500	0.006876647663455301	0.009084722372125008	0.007087754021753061	0.010979665401031447
spatialDLPFC	SDLPFC_Br2743_ANT_MID	within_donor_adjacent_position	spatialDLPFC::Br2743	primary_expansion	reverse	SDLPFC_Br2743_ANT_MID__reverse	row_softmax	0.25		N	I_EXPR	0.01	0.005	1500	0.0034476510283860838	0.004549750117695142	0.0035528348762703236	0.005498885719102193
spatialDLPFC	SDLPFC_Br2743_ANT_MID	within_donor_adjacent_position	spatialDLPFC::Br2743	primary_expansion	reverse	SDLPFC_Br2743_ANT_MID__reverse	row_softmax	0.25		N	I_EXPR	0.005	0.0025	1500	0.001726945889891147	0.0022767330325005317	0.0017786782294931208	0.0027517718337313965
spatialDLPFC	SDLPFC_Br2743_ANT_MID	within_donor_adjacent_position	spatialDLPFC::Br2743	primary_expansion	reverse	SDLPFC_Br2743_ANT_MID__reverse	row_softmax	0.25		N	I_EXPR	0.0025	0.00125	1500	0.0008641869683914733	0.001138780076891598	0.0008899071214208014	0.0013764650693526411
spatialDLPFC	SDLPFC_Br2743_ANT_MID	within_donor_adjacent_position	spatialDLPFC::Br2743	primary_expansion	reverse	SDLPFC_Br2743_ANT_MID__reverse	row_softmax	0.25		N	I_EXPR	0.00125	0.000625	1500	0.00043222734812945406	0.0005695554345623205	0.0004450959263804545	0.0006883796271673877
spatialDLPFC	SDLPFC_Br2743_ANT_MID	within_donor_adjacent_position	spatialDLPFC::Br2743	primary_expansion	reverse	SDLPFC_Br2743_ANT_MID__reverse	row_softmax	0.25		N	I_SPATIAL	0.02	0.01	1500	0.00696831113768304	0.009147565035709708	0.007160886301115803	0.01105636539204931
spatialDLPFC	SDLPFC_Br2743_ANT_MID	within_donor_adjacent_position	spatialDLPFC::Br2743	primary_expansion	reverse	SDLPFC_Br2743_ANT_MID__reverse	row_softmax	0.25		N	I_SPATIAL	0.01	0.005	1500	0.0034677105848448164	0.004565521619223865	0.003571110750169731	0.00551820037713873
spatialDLPFC	SDLPFC_Br2743_ANT_MID	within_donor_adjacent_position	spatialDLPFC::Br2743	primary_expansion	reverse	SDLPFC_Br2743_ANT_MID__reverse	row_softmax	0.25		N	I_SPATIAL	0.005	0.0025	1500	0.0017306108597355844	0.002281549545596999	0.0017832465177087	0.00275662037965786
spatialDLPFC	SDLPFC_Br2743_ANT_MID	within_donor_adjacent_position	spatialDLPFC::Br2743	primary_expansion	reverse	SDLPFC_Br2743_ANT_MID__reverse	row_softmax	0.25		N	I_SPATIAL	0.0025	0.00125	1500	0.0008651616397503748	0.0011401951250129055	0.0008910491766436018	0.0013776877683794365
spatialDLPFC	SDLPFC_Br2743_ANT_MID	within_donor_adjacent_position	spatialDLPFC::Br2743	primary_expansion	reverse	SDLPFC_Br2743_ANT_MID__reverse	row_softmax	0.25		N	I_SPATIAL	0.00125	0.000625	1500	0.00043249916269804566	0.0005698160890825531	0.00044538146061023307	0.0006886873777288808
spatialDLPFC	SDLPFC_Br2743_ANT_MID	within_donor_adjacent_position	spatialDLPFC::Br2743	primary_expansion	reverse	SDLPFC_Br2743_ANT_MID__reverse	balanced_ot	0.25		R	I_EXPR	0.02	0.01	1500	0.0007523642821018861	0.001181449187886106	0.0008294529482550574	0.002507739594970023
spatialDLPFC	SDLPFC_Br2743_ANT_MID	within_donor_adjacent_position	spatialDLPFC::Br2743	primary_expansion	reverse	SDLPFC_Br2743_ANT_MID__reverse	balanced_ot	0.25		R	I_EXPR	0.01	0.005	1500	0.0003761645467570461	0.0005905669320717869	0.00041478473810146956	0.001252868711965651
spatialDLPFC	SDLPFC_Br2743_ANT_MID	within_donor_adjacent_position	spatialDLPFC::Br2743	primary_expansion	reverse	SDLPFC_Br2743_ANT_MID__reverse	balanced_ot	0.25		R	I_EXPR	0.005	0.0025	1500	0.000188078080890304	0.00029524356779080254	0.00020740682083749974	0.0006261822910008669
spatialDLPFC	SDLPFC_Br2743_ANT_MID	within_donor_adjacent_position	spatialDLPFC::Br2743	primary_expansion	reverse	SDLPFC_Br2743_ANT_MID__reverse	balanced_ot	0.25		R	I_EXPR	0.0025	0.00125	1500	9.403796678974312e-05	0.00014761172999505816	0.00010370701266842923	0.00031302790596301507
spatialDLPFC	SDLPFC_Br2743_ANT_MID	within_donor_adjacent_position	spatialDLPFC::Br2743	primary_expansion	reverse	SDLPFC_Br2743_ANT_MID__reverse	balanced_ot	0.25		R	I_EXPR	0.00125	0.000625	1500	4.7018712673751064e-05	7.380334210147643e-05	5.185440519537141e-05	0.0001564981136837597
spatialDLPFC	SDLPFC_Br2743_ANT_MID	within_donor_adjacent_position	spatialDLPFC::Br2743	primary_expansion	reverse	SDLPFC_Br2743_ANT_MID__reverse	balanced_ot	0.25		R	I_SPATIAL	0.02	0.01	1500	0.006143563117240447	0.007562846713100207	0.006145995864770576	0.008763392905631245
spatialDLPFC	SDLPFC_Br2743_ANT_MID	within_donor_adjacent_position	spatialDLPFC::Br2743	primary_expansion	reverse	SDLPFC_Br2743_ANT_MID__reverse	balanced_ot	0.25		R	I_SPATIAL	0.01	0.005	1500	0.0030547510511731756	0.0037558981041214056	0.0030550565759485063	0.004350553404479708
spatialDLPFC	SDLPFC_Br2743_ANT_MID	within_donor_adjacent_position	spatialDLPFC::Br2743	primary_expansion	reverse	SDLPFC_Br2743_ANT_MID__reverse	balanced_ot	0.25		R	I_SPATIAL	0.005	0.0025	1500	0.0015221409354189506	0.0018716675492597055	0.0015230746210558828	0.002167532836180361
spatialDLPFC	SDLPFC_Br2743_ANT_MID	within_donor_adjacent_position	spatialDLPFC::Br2743	primary_expansion	reverse	SDLPFC_Br2743_ANT_MID__reverse	balanced_ot	0.25		R	I_SPATIAL	0.0025	0.00125	1500	0.0007601154359016904	0.0009342641555792726	0.0007604277525808006	0.0010818414923189656
spatialDLPFC	SDLPFC_Br2743_ANT_MID	within_donor_adjacent_position	spatialDLPFC::Br2743	primary_expansion	reverse	SDLPFC_Br2743_ANT_MID__reverse	balanced_ot	0.25		R	I_SPATIAL	0.00125	0.000625	1500	0.000379829607635208	0.0004667406350224978	0.00037993697486164355	0.0005404403745787876
spatialDLPFC	SDLPFC_Br2743_ANT_MID	within_donor_adjacent_position	spatialDLPFC::Br2743	primary_expansion	reverse	SDLPFC_Br2743_ANT_MID__reverse	balanced_ot	0.25		N	I_EXPR	0.02	0.01	1500	0.006007079284127418	0.0075007684232255775	0.00610428866379232	0.009968080293155226
spatialDLPFC	SDLPFC_Br2743_ANT_MID	within_donor_adjacent_position	spatialDLPFC::Br2743	primary_expansion	reverse	SDLPFC_Br2743_ANT_MID__reverse	balanced_ot	0.25		N	I_EXPR	0.01	0.005	1500	0.003020473697279761	0.0037771615777877974	0.0030696241849781647	0.005023629797665162
spatialDLPFC	SDLPFC_Br2743_ANT_MID	within_donor_adjacent_position	spatialDLPFC::Br2743	primary_expansion	reverse	SDLPFC_Br2743_ANT_MID__reverse	balanced_ot	0.25		N	I_EXPR	0.005	0.0025	1500	0.0015153709152516484	0.0018950356579282796	0.001539212214341651	0.002521713638515449
spatialDLPFC	SDLPFC_Br2743_ANT_MID	within_donor_adjacent_position	spatialDLPFC::Br2743	primary_expansion	reverse	SDLPFC_Br2743_ANT_MID__reverse	balanced_ot	0.25		N	I_EXPR	0.0025	0.00125	1500	0.0007589734287537361	0.0009492566884311595	0.0007707100102562557	0.0012633347028453699
spatialDLPFC	SDLPFC_Br2743_ANT_MID	within_donor_adjacent_position	spatialDLPFC::Br2743	primary_expansion	reverse	SDLPFC_Br2743_ANT_MID__reverse	balanced_ot	0.25		N	I_EXPR	0.00125	0.000625	1500	0.00037980215896119766	0.0004750814770751933	0.00038563146215698683	0.0006322864091013289
spatialDLPFC	SDLPFC_Br2743_ANT_MID	within_donor_adjacent_position	spatialDLPFC::Br2743	primary_expansion	reverse	SDLPFC_Br2743_ANT_MID__reverse	balanced_ot	0.25		N	I_SPATIAL	0.02	0.01	1500	0.006148276557681391	0.007719172131994762	0.00624607234289441	0.010286835900965269
spatialDLPFC	SDLPFC_Br2743_ANT_MID	within_donor_adjacent_position	spatialDLPFC::Br2743	primary_expansion	reverse	SDLPFC_Br2743_ANT_MID__reverse	balanced_ot	0.25		N	I_SPATIAL	0.01	0.005	1500	0.0030559780157189756	0.0038311317570998526	0.0031050691584544937	0.005103033285644216
spatialDLPFC	SDLPFC_Br2743_ANT_MID	within_donor_adjacent_position	spatialDLPFC::Br2743	primary_expansion	reverse	SDLPFC_Br2743_ANT_MID__reverse	balanced_ot	0.25		N	I_SPATIAL	0.005	0.0025	1500	0.0015239640379993023	0.001908823675510196	0.0015480736868977575	0.002541543089938438
spatialDLPFC	SDLPFC_Br2743_ANT_MID	within_donor_adjacent_position	spatialDLPFC::Br2743	primary_expansion	reverse	SDLPFC_Br2743_ANT_MID__reverse	balanced_ot	0.25		N	I_SPATIAL	0.0025	0.00125	1500	0.0007609946395362322	0.0009527446233694132	0.0007729254219222796	0.0012682904467275103
spatialDLPFC	SDLPFC_Br2743_ANT_MID	within_donor_adjacent_position	spatialDLPFC::Br2743	primary_expansion	reverse	SDLPFC_Br2743_ANT_MID__reverse	balanced_ot	0.25		N	I_SPATIAL	0.00125	0.000625	1500	0.00038024641840569723	0.00047595388996016767	0.00038618531875038437	0.0006335253463306108
spatialDLPFC	SDLPFC_Br3942_ANT_MID	within_donor_adjacent_position	spatialDLPFC::Br3942	primary_expansion	forward	SDLPFC_Br3942_ANT_MID	uot	0.25	2.0	R	I_EXPR	0.02	0.01	1500	0.0010519086872328902	0.0014810895691451291	0.0011170736158548377	0.0021867173552567918
spatialDLPFC	SDLPFC_Br3942_ANT_MID	within_donor_adjacent_position	spatialDLPFC::Br3942	primary_expansion	forward	SDLPFC_Br3942_ANT_MID	uot	0.25	2.0	R	I_EXPR	0.01	0.005	1500	0.0005255707988104023	0.000740117885386763	0.0005581868267680746	0.0010928106222984149
spatialDLPFC	SDLPFC_Br3942_ANT_MID	within_donor_adjacent_position	spatialDLPFC::Br3942	primary_expansion	forward	SDLPFC_Br3942_ANT_MID	uot	0.25	2.0	R	I_EXPR	0.005	0.0025	1500	0.0002626895549196446	0.000369920478742811	0.0002790059294145436	0.0005462676867795378
spatialDLPFC	SDLPFC_Br3942_ANT_MID	within_donor_adjacent_position	spatialDLPFC::Br3942	primary_expansion	forward	SDLPFC_Br3942_ANT_MID	uot	0.25	2.0	R	I_EXPR	0.0025	0.00125	1500	0.00013132082126795169	0.0001849255786570859	0.0001394810938767678	0.000273099360480554
spatialDLPFC	SDLPFC_Br3942_ANT_MID	within_donor_adjacent_position	spatialDLPFC::Br3942	primary_expansion	forward	SDLPFC_Br3942_ANT_MID	uot	0.25	2.0	R	I_EXPR	0.00125	0.000625	1500	6.5654423579552e-05	9.245411977382665e-05	6.973507957956989e-05	0.00013654105036919499
spatialDLPFC	SDLPFC_Br3942_ANT_MID	within_donor_adjacent_position	spatialDLPFC::Br3942	primary_expansion	forward	SDLPFC_Br3942_ANT_MID	uot	0.25	2.0	R	I_SPATIAL	0.02	0.01	1500	0.006513646953346506	0.007582707777170819	0.006311140518983184	0.008149784891674186
spatialDLPFC	SDLPFC_Br3942_ANT_MID	within_donor_adjacent_position	spatialDLPFC::Br3942	primary_expansion	forward	SDLPFC_Br3942_ANT_MID	uot	0.25	2.0	R	I_SPATIAL	0.01	0.005	1500	0.0032365313122117486	0.003763698454441909	0.0031361684837251406	0.0040419856464851585
spatialDLPFC	SDLPFC_Br3942_ANT_MID	within_donor_adjacent_position	spatialDLPFC::Br3942	primary_expansion	forward	SDLPFC_Br3942_ANT_MID	uot	0.25	2.0	R	I_SPATIAL	0.005	0.0025	1500	0.0016131699894139794	0.0018750007394272895	0.0015632732834479465	0.002012841106479421
spatialDLPFC	SDLPFC_Br3942_ANT_MID	within_donor_adjacent_position	spatialDLPFC::Br3942	primary_expansion	forward	SDLPFC_Br3942_ANT_MID	uot	0.25	2.0	R	I_SPATIAL	0.0025	0.00125	1500	0.0008051010288435278	0.0009358676054148414	0.0007804387628119524	0.0010043844997725405
spatialDLPFC	SDLPFC_Br3942_ANT_MID	within_donor_adjacent_position	spatialDLPFC::Br3942	primary_expansion	forward	SDLPFC_Br3942_ANT_MID	uot	0.25	2.0	R	I_SPATIAL	0.00125	0.000625	1500	0.00040223298971320525	0.000467489503802776	0.0003899205211866429	0.0005016842542933796
spatialDLPFC	SDLPFC_Br3942_ANT_MID	within_donor_adjacent_position	spatialDLPFC::Br3942	primary_expansion	forward	SDLPFC_Br3942_ANT_MID	uot	0.25	2.0	N	I_EXPR	0.02	0.01	1500	0.005104849774142167	0.006266417378169878	0.005120731353197407	0.007700506532476031
spatialDLPFC	SDLPFC_Br3942_ANT_MID	within_donor_adjacent_position	spatialDLPFC::Br3942	primary_expansion	forward	SDLPFC_Br3942_ANT_MID	uot	0.25	2.0	N	I_EXPR	0.01	0.005	1500	0.002568722356706754	0.0031559688397137776	0.0025763791580666958	0.003872516466010603
spatialDLPFC	SDLPFC_Br3942_ANT_MID	within_donor_adjacent_position	spatialDLPFC::Br3942	primary_expansion	forward	SDLPFC_Br3942_ANT_MID	uot	0.25	2.0	N	I_EXPR	0.005	0.0025	1500	0.001289417094868701	0.0015834744132336772	0.0012922281081101732	0.0019418499048354616
spatialDLPFC	SDLPFC_Br3942_ANT_MID	within_donor_adjacent_position	spatialDLPFC::Br3942	primary_expansion	forward	SDLPFC_Br3942_ANT_MID	uot	0.25	2.0	N	I_EXPR	0.0025	0.00125	1500	0.0006460572646377147	0.0007931960251103577	0.0006471280870460864	0.0009723302525629517
spatialDLPFC	SDLPFC_Br3942_ANT_MID	within_donor_adjacent_position	spatialDLPFC::Br3942	primary_expansion	forward	SDLPFC_Br3942_ANT_MID	uot	0.25	2.0	N	I_EXPR	0.00125	0.000625	1500	0.0003233385641664407	0.0003969549578088902	0.0003238181017266217	0.0004865172039255813
spatialDLPFC	SDLPFC_Br3942_ANT_MID	within_donor_adjacent_position	spatialDLPFC::Br3942	primary_expansion	forward	SDLPFC_Br3942_ANT_MID	uot	0.25	2.0	N	I_SPATIAL	0.02	0.01	1500	0.0052430832583401366	0.006462449981684791	0.005251107480923609	0.007882495705817021
spatialDLPFC	SDLPFC_Br3942_ANT_MID	within_donor_adjacent_position	spatialDLPFC::Br3942	primary_expansion	forward	SDLPFC_Br3942_ANT_MID	uot	0.25	2.0	N	I_SPATIAL	0.01	0.005	1500	0.002603336439011612	0.003203825288068589	0.0026089707566038585	0.003917960580182929
spatialDLPFC	SDLPFC_Br3942_ANT_MID	within_donor_adjacent_position	spatialDLPFC::Br3942	primary_expansion	forward	SDLPFC_Br3942_ANT_MID	uot	0.25	2.0	N	I_SPATIAL	0.005	0.0025	1500	0.001298042322655298	0.0015963717508239664	0.0013003759370757032	0.0019531956144666013
spatialDLPFC	SDLPFC_Br3942_ANT_MID	within_donor_adjacent_position	spatialDLPFC::Br3942	primary_expansion	forward	SDLPFC_Br3942_ANT_MID	uot	0.25	2.0	N	I_SPATIAL	0.0025	0.00125	1500	0.0006481709323468213	0.0007963693978473038	0.0006491650652744703	0.0009751642273525119
spatialDLPFC	SDLPFC_Br3942_ANT_MID	within_donor_adjacent_position	spatialDLPFC::Br3942	primary_expansion	forward	SDLPFC_Br3942_ANT_MID	uot	0.25	2.0	N	I_SPATIAL	0.00125	0.000625	1500	0.0003238588949764187	0.0003977318646771038	0.0003243273473764595	0.0004872249282771565
spatialDLPFC	SDLPFC_Br3942_ANT_MID	within_donor_adjacent_position	spatialDLPFC::Br3942	primary_expansion	forward	SDLPFC_Br3942_ANT_MID	row_softmax	0.25		R	I_EXPR	0.02	0.01	1500	0.002856822484899049	0.0034850193683532934	0.002919390596029159	0.004457384096208288
spatialDLPFC	SDLPFC_Br3942_ANT_MID	within_donor_adjacent_position	spatialDLPFC::Br3942	primary_expansion	forward	SDLPFC_Br3942_ANT_MID	row_softmax	0.25		R	I_EXPR	0.01	0.005	1500	0.0014245717082081773	0.0017370862515539594	0.0014555354681733714	0.00222242400355551
spatialDLPFC	SDLPFC_Br3942_ANT_MID	within_donor_adjacent_position	spatialDLPFC::Br3942	primary_expansion	forward	SDLPFC_Br3942_ANT_MID	row_softmax	0.25		R	I_EXPR	0.005	0.0025	1500	0.000711170100567474	0.0008672582895758017	0.0007267321886126708	0.0011096441153415676
spatialDLPFC	SDLPFC_Br3942_ANT_MID	within_donor_adjacent_position	spatialDLPFC::Br3942	primary_expansion	forward	SDLPFC_Br3942_ANT_MID	row_softmax	0.25		R	I_EXPR	0.0025	0.00125	1500	0.0003553064720087676	0.0004333219070032158	0.0003631077526009598	0.0005544292273250234
spatialDLPFC	SDLPFC_Br3942_ANT_MID	within_donor_adjacent_position	spatialDLPFC::Br3942	primary_expansion	forward	SDLPFC_Br3942_ANT_MID	row_softmax	0.25		R	I_EXPR	0.00125	0.000625	1500	0.00017758372245161474	0.00021658415192528369	0.00018148935605767993	0.0002771163097276398
spatialDLPFC	SDLPFC_Br3942_ANT_MID	within_donor_adjacent_position	spatialDLPFC::Br3942	primary_expansion	forward	SDLPFC_Br3942_ANT_MID	row_softmax	0.25		R	I_SPATIAL	0.02	0.01	1500	0.005851335139124857	0.007013984403476211	0.0057441743115105815	0.008261436498068209
spatialDLPFC	SDLPFC_Br3942_ANT_MID	within_donor_adjacent_position	spatialDLPFC::Br3942	primary_expansion	forward	SDLPFC_Br3942_ANT_MID	row_softmax	0.25		R	I_SPATIAL	0.01	0.005	1500	0.00291058552401671	0.003484912647930172	0.0028559228554996194	0.004097656907571007
spatialDLPFC	SDLPFC_Br3942_ANT_MID	within_donor_adjacent_position	spatialDLPFC::Br3942	primary_expansion	forward	SDLPFC_Br3942_ANT_MID	row_softmax	0.25		R	I_SPATIAL	0.005	0.0025	1500	0.0014509861622676317	0.0017359888366139567	0.0014239519074758177	0.002040634206831001
spatialDLPFC	SDLPFC_Br3942_ANT_MID	within_donor_adjacent_position	spatialDLPFC::Br3942	primary_expansion	forward	SDLPFC_Br3942_ANT_MID	row_softmax	0.25		R	I_SPATIAL	0.0025	0.00125	1500	0.0007246147020435957	0.0008665730359763676	0.0007109775247158191	0.0010182766658802707
spatialDLPFC	SDLPFC_Br3942_ANT_MID	within_donor_adjacent_position	spatialDLPFC::Br3942	primary_expansion	forward	SDLPFC_Br3942_ANT_MID	row_softmax	0.25		R	I_SPATIAL	0.00125	0.000625	1500	0.0003620481202329264	0.00043293195576720004	0.00035523965703106793	0.000508628649464175
spatialDLPFC	SDLPFC_Br3942_ANT_MID	within_donor_adjacent_position	spatialDLPFC::Br3942	primary_expansion	forward	SDLPFC_Br3942_ANT_MID	row_softmax	0.25		N	I_EXPR	0.02	0.01	1500	0.006673491139758998	0.00813260362673266	0.006694977756044402	0.0097687477281006
spatialDLPFC	SDLPFC_Br3942_ANT_MID	within_donor_adjacent_position	spatialDLPFC::Br3942	primary_expansion	forward	SDLPFC_Br3942_ANT_MID	row_softmax	0.25		N	I_EXPR	0.01	0.005	1500	0.0033511758648954127	0.004078506237892977	0.0033600319510267316	0.004890970994891048
spatialDLPFC	SDLPFC_Br3942_ANT_MID	within_donor_adjacent_position	spatialDLPFC::Br3942	primary_expansion	forward	SDLPFC_Br3942_ANT_MID	row_softmax	0.25		N	I_EXPR	0.005	0.0025	1500	0.0016795345147878208	0.002042164947837115	0.001683183632940734	0.002447149966148122
spatialDLPFC	SDLPFC_Br3942_ANT_MID	within_donor_adjacent_position	spatialDLPFC::Br3942	primary_expansion	forward	SDLPFC_Br3942_ANT_MID	row_softmax	0.25		N	I_EXPR	0.0025	0.00125	1500	0.0008405593252166033	0.0010218133602448232	0.0008423878581694819	0.0012240052901440269
spatialDLPFC	SDLPFC_Br3942_ANT_MID	within_donor_adjacent_position	spatialDLPFC::Br3942	primary_expansion	forward	SDLPFC_Br3942_ANT_MID	row_softmax	0.25		N	I_EXPR	0.00125	0.000625	1500	0.0004205668210025647	0.0005110981468436754	0.00042139345208207663	0.0006121119212842461
spatialDLPFC	SDLPFC_Br3942_ANT_MID	within_donor_adjacent_position	spatialDLPFC::Br3942	primary_expansion	forward	SDLPFC_Br3942_ANT_MID	row_softmax	0.25		N	I_SPATIAL	0.02	0.01	1500	0.0067989043470941795	0.008257391735090991	0.006797407835172835	0.009824122503185971
spatialDLPFC	SDLPFC_Br3942_ANT_MID	within_donor_adjacent_position	spatialDLPFC::Br3942	primary_expansion	forward	SDLPFC_Br3942_ANT_MID	row_softmax	0.25		N	I_SPATIAL	0.01	0.005	1500	0.00338170783447484	0.004111384961652714	0.0033856371478378122	0.004904866775894625
spatialDLPFC	SDLPFC_Br3942_ANT_MID	within_donor_adjacent_position	spatialDLPFC::Br3942	primary_expansion	forward	SDLPFC_Br3942_ANT_MID	row_softmax	0.25		N	I_SPATIAL	0.005	0.0025	1500	0.0016866519171212704	0.0020511469492115585	0.0016895849854555636	0.002450660724515336
spatialDLPFC	SDLPFC_Br3942_ANT_MID	within_donor_adjacent_position	spatialDLPFC::Br3942	primary_expansion	forward	SDLPFC_Br3942_ANT_MID	row_softmax	0.25		N	I_SPATIAL	0.0025	0.00125	1500	0.0008425990805350748	0.0010242229381897596	0.0008439881306601761	0.001224885518327635
spatialDLPFC	SDLPFC_Br3942_ANT_MID	within_donor_adjacent_position	spatialDLPFC::Br3942	primary_expansion	forward	SDLPFC_Br3942_ANT_MID	row_softmax	0.25		N	I_SPATIAL	0.00125	0.000625	1500	0.00042111553440623997	0.0005117743912423578	0.00042179351940826114	0.0006123312526229529
spatialDLPFC	SDLPFC_Br3942_ANT_MID	within_donor_adjacent_position	spatialDLPFC::Br3942	primary_expansion	forward	SDLPFC_Br3942_ANT_MID	balanced_ot	0.25		R	I_EXPR	0.02	0.01	1500	0.0006627772050649718	0.0009902105394716011	0.0007335351433127805	0.0017931732207393254
spatialDLPFC	SDLPFC_Br3942_ANT_MID	within_donor_adjacent_position	spatialDLPFC::Br3942	primary_expansion	forward	SDLPFC_Br3942_ANT_MID	balanced_ot	0.25		R	I_EXPR	0.01	0.005	1500	0.0003315303039614948	0.0004952098994523159	0.00036678814501073064	0.0008968155921761841
spatialDLPFC	SDLPFC_Br3942_ANT_MID	within_donor_adjacent_position	spatialDLPFC::Br3942	primary_expansion	forward	SDLPFC_Br3942_ANT_MID	balanced_ot	0.25		R	I_EXPR	0.005	0.0025	1500	0.00016577073570874624	0.0002476294823564502	0.0001833991454759627	0.00044846551824817554
spatialDLPFC	SDLPFC_Br3942_ANT_MID	within_donor_adjacent_position	spatialDLPFC::Br3942	primary_expansion	forward	SDLPFC_Br3942_ANT_MID	balanced_ot	0.25		R	I_EXPR	0.0025	0.00125	1500	8.288389937158725e-05	0.00012382084965129744	9.170083487654541e-05	0.00022424700257180877
spatialDLPFC	SDLPFC_Br3942_ANT_MID	within_donor_adjacent_position	spatialDLPFC::Br3942	primary_expansion	forward	SDLPFC_Br3942_ANT_MID	balanced_ot	0.25		R	I_EXPR	0.00125	0.000625	1500	4.144158594710999e-05	6.191194924578973e-05	4.5850736798656514e-05	0.00011212704434038182
spatialDLPFC	SDLPFC_Br3942_ANT_MID	within_donor_adjacent_position	spatialDLPFC::Br3942	primary_expansion	forward	SDLPFC_Br3942_ANT_MID	balanced_ot	0.25		R	I_SPATIAL	0.02	0.01	1500	0.006322416960335059	0.0074492089534298304	0.006135530969981181	0.008207531889802848
spatialDLPFC	SDLPFC_Br3942_ANT_MID	within_donor_adjacent_position	spatialDLPFC::Br3942	primary_expansion	forward	SDLPFC_Br3942_ANT_MID	balanced_ot	0.25		R	I_SPATIAL	0.01	0.005	1500	0.003142341271567647	0.003695939141004502	0.003048972627602079	0.004070329282109048
spatialDLPFC	SDLPFC_Br3942_ANT_MID	within_donor_adjacent_position	spatialDLPFC::Br3942	primary_expansion	forward	SDLPFC_Br3942_ANT_MID	balanced_ot	0.25		R	I_SPATIAL	0.005	0.0025	1500	0.0015665680670974502	0.0018407501027620384	0.0015198253740787932	0.0020268623478963306
spatialDLPFC	SDLPFC_Br3942_ANT_MID	within_donor_adjacent_position	spatialDLPFC::Br3942	primary_expansion	forward	SDLPFC_Br3942_ANT_MID	balanced_ot	0.25		R	I_SPATIAL	0.0025	0.00125	1500	0.0007820569342494284	0.0009185264143760278	0.0007587521511795944	0.0010113643448930493
spatialDLPFC	SDLPFC_Br3942_ANT_MID	within_donor_adjacent_position	spatialDLPFC::Br3942	primary_expansion	forward	SDLPFC_Br3942_ANT_MID	balanced_ot	0.25		R	I_SPATIAL	0.00125	0.000625	1500	0.00039071983617869273	0.00045879697198823656	0.000379086525517887	0.0005051663777361358
spatialDLPFC	SDLPFC_Br3942_ANT_MID	within_donor_adjacent_position	spatialDLPFC::Br3942	primary_expansion	forward	SDLPFC_Br3942_ANT_MID	balanced_ot	0.25		N	I_EXPR	0.02	0.01	1500	0.0061048154769616815	0.007233171795648449	0.005997025511055572	0.008023604621199679
spatialDLPFC	SDLPFC_Br3942_ANT_MID	within_donor_adjacent_position	spatialDLPFC::Br3942	primary_expansion	forward	SDLPFC_Br3942_ANT_MID	balanced_ot	0.25		N	I_EXPR	0.01	0.005	1500	0.003071636958461692	0.0036442401008473955	0.003016837342561198	0.004043820459014167
spatialDLPFC	SDLPFC_Br3942_ANT_MID	within_donor_adjacent_position	spatialDLPFC::Br3942	primary_expansion	forward	SDLPFC_Br3942_ANT_MID	balanced_ot	0.25		N	I_EXPR	0.005	0.0025	1500	0.0015407553108323464	0.0018288436892634284	0.0015130378097844446	0.002029978973849769
spatialDLPFC	SDLPFC_Br3942_ANT_MID	within_donor_adjacent_position	spatialDLPFC::Br3942	primary_expansion	forward	SDLPFC_Br3942_ANT_MID	balanced_ot	0.25		N	I_EXPR	0.0025	0.00125	1500	0.0007715307247493711	0.0009160995486163405	0.0007576784801585582	0.0010170134319298935
spatialDLPFC	SDLPFC_Br3942_ANT_MID	within_donor_adjacent_position	spatialDLPFC::Br3942	primary_expansion	forward	SDLPFC_Br3942_ANT_MID	balanced_ot	0.25		N	I_EXPR	0.00125	0.000625	1500	0.00038605398425898814	0.00045846985086995796	0.00037912973277924394	0.000509013545711817
spatialDLPFC	SDLPFC_Br3942_ANT_MID	within_donor_adjacent_position	spatialDLPFC::Br3942	primary_expansion	forward	SDLPFC_Br3942_ANT_MID	balanced_ot	0.25		N	I_SPATIAL	0.02	0.01	1500	0.006256658260049689	0.0074515968943897615	0.006146087686944671	0.008283650374467428
spatialDLPFC	SDLPFC_Br3942_ANT_MID	within_donor_adjacent_position	spatialDLPFC::Br3942	primary_expansion	forward	SDLPFC_Br3942_ANT_MID	balanced_ot	0.25		N	I_SPATIAL	0.01	0.005	1500	0.0031081526019241454	0.0036972558796582247	0.003054098619527122	0.004108816236293861
spatialDLPFC	SDLPFC_Br3942_ANT_MID	within_donor_adjacent_position	spatialDLPFC::Br3942	primary_expansion	forward	SDLPFC_Br3942_ANT_MID	balanced_ot	0.25		N	I_SPATIAL	0.005	0.0025	1500	0.001549838118895649	0.0018419391447935774	0.0015223527502874704	0.002046224428304356
spatialDLPFC	SDLPFC_Br3942_ANT_MID	within_donor_adjacent_position	spatialDLPFC::Br3942	primary_expansion	forward	SDLPFC_Br3942_ANT_MID	balanced_ot	0.25		N	I_SPATIAL	0.0025	0.00125	1500	0.0007738430139741087	0.0009193640068670821	0.0007600072033226584	0.0010210748028396592
spatialDLPFC	SDLPFC_Br3942_ANT_MID	within_donor_adjacent_position	spatialDLPFC::Br3942	primary_expansion	forward	SDLPFC_Br3942_ANT_MID	balanced_ot	0.25		N	I_SPATIAL	0.00125	0.000625	1500	0.00038663213998030787	0.00045927828510904486	0.00037971190865231417	0.00051002888723821
spatialDLPFC	SDLPFC_Br3942_ANT_MID	within_donor_adjacent_position	spatialDLPFC::Br3942	primary_expansion	reverse	SDLPFC_Br3942_ANT_MID__reverse	uot	0.25	2.0	R	I_EXPR	0.02	0.01	1500	0.0009754535985697175	0.001527865985580303	0.001079233461389913	0.0025067303665177398
spatialDLPFC	SDLPFC_Br3942_ANT_MID	within_donor_adjacent_position	spatialDLPFC::Br3942	primary_expansion	reverse	SDLPFC_Br3942_ANT_MID__reverse	uot	0.25	2.0	R	I_EXPR	0.01	0.005	1500	0.0004874543668903711	0.0007637363855519867	0.0005392967790157836	0.0012525657398014213
spatialDLPFC	SDLPFC_Br3942_ANT_MID	within_donor_adjacent_position	spatialDLPFC::Br3942	primary_expansion	reverse	SDLPFC_Br3942_ANT_MID__reverse	uot	0.25	2.0	R	I_EXPR	0.005	0.0025	1500	0.0002436460248932501	0.00038183734186632013	0.00026956840387755985	0.0006260805073899547
spatialDLPFC	SDLPFC_Br3942_ANT_MID	within_donor_adjacent_position	spatialDLPFC::Br3942	primary_expansion	reverse	SDLPFC_Br3942_ANT_MID__reverse	uot	0.25	2.0	R	I_EXPR	0.0025	0.00125	1500	0.00012180198755273498	0.00019091090245908291	0.0001347642046396729	0.00031298958777683703
spatialDLPFC	SDLPFC_Br3942_ANT_MID	within_donor_adjacent_position	spatialDLPFC::Br3942	primary_expansion	reverse	SDLPFC_Br3942_ANT_MID__reverse	uot	0.25	2.0	R	I_EXPR	0.00125	0.000625	1500	6.089573812055745e-05	9.545350445149839e-05	6.737710324588106e-05	0.0001564821173856157
spatialDLPFC	SDLPFC_Br3942_ANT_MID	within_donor_adjacent_position	spatialDLPFC::Br3942	primary_expansion	reverse	SDLPFC_Br3942_ANT_MID__reverse	uot	0.25	2.0	R	I_SPATIAL	0.02	0.01	1500	0.006470037360496235	0.007683940747900916	0.006310876260735253	0.008300013094491153
spatialDLPFC	SDLPFC_Br3942_ANT_MID	within_donor_adjacent_position	spatialDLPFC::Br3942	primary_expansion	reverse	SDLPFC_Br3942_ANT_MID__reverse	uot	0.25	2.0	R	I_SPATIAL	0.01	0.005	1500	0.003213030575138963	0.003812605545698401	0.003136060822239391	0.004118555219385404
spatialDLPFC	SDLPFC_Br3942_ANT_MID	within_donor_adjacent_position	spatialDLPFC::Br3942	primary_expansion	reverse	SDLPFC_Br3942_ANT_MID__reverse	uot	0.25	2.0	R	I_SPATIAL	0.005	0.0025	1500	0.0016014466732606107	0.0018987250475144134	0.0015632258111152465	0.0020515012408102015
spatialDLPFC	SDLPFC_Br3942_ANT_MID	within_donor_adjacent_position	spatialDLPFC::Br3942	primary_expansion	reverse	SDLPFC_Br3942_ANT_MID__reverse	uot	0.25	2.0	R	I_SPATIAL	0.0025	0.00125	1500	0.0007995238157929621	0.0009475996825161713	0.0007804166487081293	0.0010238140693090932
spatialDLPFC	SDLPFC_Br3942_ANT_MID	within_donor_adjacent_position	spatialDLPFC::Br3942	primary_expansion	reverse	SDLPFC_Br3942_ANT_MID__reverse	uot	0.25	2.0	R	I_SPATIAL	0.00125	0.000625	1500	0.0003994704188893668	0.0004734249147758864	0.0003899098728777455	0.0005114238122491461
spatialDLPFC	SDLPFC_Br3942_ANT_MID	within_donor_adjacent_position	spatialDLPFC::Br3942	primary_expansion	reverse	SDLPFC_Br3942_ANT_MID__reverse	uot	0.25	2.0	N	I_EXPR	0.02	0.01	1500	0.005070332648943869	0.006336993341952302	0.005120793543004977	0.007510728746237553
spatialDLPFC	SDLPFC_Br3942_ANT_MID	within_donor_adjacent_position	spatialDLPFC::Br3942	primary_expansion	reverse	SDLPFC_Br3942_ANT_MID__reverse	uot	0.25	2.0	N	I_EXPR	0.01	0.005	1500	0.0025535419340080396	0.003190144597721966	0.002576313410308891	0.003784711301314143
spatialDLPFC	SDLPFC_Br3942_ANT_MID	within_donor_adjacent_position	spatialDLPFC::Br3942	primary_expansion	reverse	SDLPFC_Br3942_ANT_MID__reverse	uot	0.25	2.0	N	I_EXPR	0.005	0.0025	1500	0.0012809047131060517	0.001600601566250463	0.0012921708235741644	0.001899754449043752
spatialDLPFC	SDLPFC_Br3942_ANT_MID	within_donor_adjacent_position	spatialDLPFC::Br3942	primary_expansion	reverse	SDLPFC_Br3942_ANT_MID__reverse	uot	0.25	2.0	N	I_EXPR	0.0025	0.00125	1500	0.0006415195410152006	0.0008018421711208934	0.0006470933270483824	0.0009517348198730449
spatialDLPFC	SDLPFC_Br3942_ANT_MID	within_donor_adjacent_position	spatialDLPFC::Br3942	primary_expansion	reverse	SDLPFC_Br3942_ANT_MID__reverse	uot	0.25	2.0	N	I_EXPR	0.00125	0.000625	1500	0.0003209975928648187	0.00040132226583607317	0.0003237991891985763	0.0004763327982372055
spatialDLPFC	SDLPFC_Br3942_ANT_MID	within_donor_adjacent_position	spatialDLPFC::Br3942	primary_expansion	reverse	SDLPFC_Br3942_ANT_MID__reverse	uot	0.25	2.0	N	I_SPATIAL	0.02	0.01	1500	0.0052078055339108255	0.0065308462157122275	0.005250383067547639	0.007750208613069225
spatialDLPFC	SDLPFC_Br3942_ANT_MID	within_donor_adjacent_position	spatialDLPFC::Br3942	primary_expansion	reverse	SDLPFC_Br3942_ANT_MID__reverse	uot	0.25	2.0	N	I_SPATIAL	0.01	0.005	1500	0.0025862259240690784	0.0032397061575033296	0.002608708485591457	0.0038444745616826544
spatialDLPFC	SDLPFC_Br3942_ANT_MID	within_donor_adjacent_position	spatialDLPFC::Br3942	primary_expansion	reverse	SDLPFC_Br3942_ANT_MID__reverse	uot	0.25	2.0	N	I_SPATIAL	0.005	0.0025	1500	0.0012888773621066735	0.0016133480925174613	0.0013002695470657175	0.0019146859801248612
spatialDLPFC	SDLPFC_Br3942_ANT_MID	within_donor_adjacent_position	spatialDLPFC::Br3942	primary_expansion	reverse	SDLPFC_Br3942_ANT_MID__reverse	uot	0.25	2.0	N	I_SPATIAL	0.0025	0.00125	1500	0.0006433094392583069	0.0008050590900020993	0.0006491180284328653	0.0009554679098907001
spatialDLPFC	SDLPFC_Br3942_ANT_MID	within_donor_adjacent_position	spatialDLPFC::Br3942	primary_expansion	reverse	SDLPFC_Br3942_ANT_MID__reverse	uot	0.25	2.0	N	I_SPATIAL	0.00125	0.000625	1500	0.0003214303560781112	0.00040212656967531803	0.00032430536505694484	0.0004772657196177294
spatialDLPFC	SDLPFC_Br3942_ANT_MID	within_donor_adjacent_position	spatialDLPFC::Br3942	primary_expansion	reverse	SDLPFC_Br3942_ANT_MID__reverse	row_softmax	0.25		R	I_EXPR	0.02	0.01	1500	0.002027522684010445	0.002641533607573274	0.002072930895177397	0.003580060817331921
spatialDLPFC	SDLPFC_Br3942_ANT_MID	within_donor_adjacent_position	spatialDLPFC::Br3942	primary_expansion	reverse	SDLPFC_Br3942_ANT_MID__reverse	row_softmax	0.25		R	I_EXPR	0.01	0.005	1500	0.0010124377061490157	0.0013183784716400352	0.0010348708968118269	0.0017860675613556583
spatialDLPFC	SDLPFC_Br3942_ANT_MID	within_donor_adjacent_position	spatialDLPFC::Br3942	primary_expansion	reverse	SDLPFC_Br3942_ANT_MID__reverse	row_softmax	0.25		R	I_EXPR	0.005	0.0025	1500	0.0005058561946081136	0.0006585957551993976	0.000517037676918284	0.0008920382745816394
spatialDLPFC	SDLPFC_Br3942_ANT_MID	within_donor_adjacent_position	spatialDLPFC::Br3942	primary_expansion	reverse	SDLPFC_Br3942_ANT_MID__reverse	row_softmax	0.25		R	I_EXPR	0.0025	0.00125	1500	0.00025283256534524754	0.0003291493965537464	0.00025841950384927976	0.0004457699668277116
spatialDLPFC	SDLPFC_Br3942_ANT_MID	within_donor_adjacent_position	spatialDLPFC::Br3942	primary_expansion	reverse	SDLPFC_Br3942_ANT_MID__reverse	row_softmax	0.25		R	I_EXPR	0.00125	0.000625	1500	0.00012639240183012675	0.0001645371030133323	0.00012918493148101273	0.00022282271592566217
spatialDLPFC	SDLPFC_Br3942_ANT_MID	within_donor_adjacent_position	spatialDLPFC::Br3942	primary_expansion	reverse	SDLPFC_Br3942_ANT_MID__reverse	row_softmax	0.25		R	I_SPATIAL	0.02	0.01	1500	0.005918188054260531	0.007043047718171577	0.005823589012141379	0.007973835675645302
spatialDLPFC	SDLPFC_Br3942_ANT_MID	within_donor_adjacent_position	spatialDLPFC::Br3942	primary_expansion	reverse	SDLPFC_Br3942_ANT_MID__reverse	row_softmax	0.25		R	I_SPATIAL	0.01	0.005	1500	0.0029424513018270274	0.0034984752890419167	0.0028954902129648906	0.00395826480680386
spatialDLPFC	SDLPFC_Br3942_ANT_MID	within_donor_adjacent_position	spatialDLPFC::Br3942	primary_expansion	reverse	SDLPFC_Br3942_ANT_MID__reverse	row_softmax	0.25		R	I_SPATIAL	0.005	0.0025	1500	0.0014673449299896142	0.001743553269546829	0.0014436992960983682	0.0019720358476589075
spatialDLPFC	SDLPFC_Br3942_ANT_MID	within_donor_adjacent_position	spatialDLPFC::Br3942	primary_expansion	reverse	SDLPFC_Br3942_ANT_MID__reverse	row_softmax	0.25		R	I_SPATIAL	0.0025	0.00125	1500	0.0007326563562596105	0.0008703807546408419	0.000720841964854453	0.0009842481899587788
spatialDLPFC	SDLPFC_Br3942_ANT_MID	within_donor_adjacent_position	spatialDLPFC::Br3942	primary_expansion	reverse	SDLPFC_Br3942_ANT_MID__reverse	row_softmax	0.25		R	I_SPATIAL	0.00125	0.000625	1500	0.0003660748812315565	0.00043484215210081703	0.0003601695217430338	0.0004916822147194587
spatialDLPFC	SDLPFC_Br3942_ANT_MID	within_donor_adjacent_position	spatialDLPFC::Br3942	primary_expansion	reverse	SDLPFC_Br3942_ANT_MID__reverse	row_softmax	0.25		N	I_EXPR	0.02	0.01	1500	0.00620263761858498	0.007727558618716456	0.006255909117780431	0.009359616532411824
spatialDLPFC	SDLPFC_Br3942_ANT_MID	within_donor_adjacent_position	spatialDLPFC::Br3942	primary_expansion	reverse	SDLPFC_Br3942_ANT_MID__reverse	row_softmax	0.25		N	I_EXPR	0.01	0.005	1500	0.003116697893302386	0.0038828738849861796	0.00314301681029363	0.00470681500118989
spatialDLPFC	SDLPFC_Br3942_ANT_MID	within_donor_adjacent_position	spatialDLPFC::Br3942	primary_expansion	reverse	SDLPFC_Br3942_ANT_MID__reverse	row_softmax	0.25		N	I_EXPR	0.005	0.0025	1500	0.0015625202343502163	0.0019468455724102232	0.0015753060933356936	0.0023602288370415266
spatialDLPFC	SDLPFC_Br3942_ANT_MID	within_donor_adjacent_position	spatialDLPFC::Br3942	primary_expansion	reverse	SDLPFC_Br3942_ANT_MID__reverse	row_softmax	0.25		N	I_EXPR	0.0025	0.00125	1500	0.000782006792552484	0.000974970461199665	0.0007886066254727871	0.0011818241695543705
spatialDLPFC	SDLPFC_Br3942_ANT_MID	within_donor_adjacent_position	spatialDLPFC::Br3942	primary_expansion	reverse	SDLPFC_Br3942_ANT_MID__reverse	row_softmax	0.25		N	I_EXPR	0.00125	0.000625	1500	0.0003912472163742377	0.0004878730617161325	0.00039454218980157816	0.000591340077936386
spatialDLPFC	SDLPFC_Br3942_ANT_MID	within_donor_adjacent_position	spatialDLPFC::Br3942	primary_expansion	reverse	SDLPFC_Br3942_ANT_MID__reverse	row_softmax	0.25		N	I_SPATIAL	0.02	0.01	1500	0.006336308503137283	0.007912676643873788	0.006378474202079431	0.009579659115963542
spatialDLPFC	SDLPFC_Br3942_ANT_MID	within_donor_adjacent_position	spatialDLPFC::Br3942	primary_expansion	reverse	SDLPFC_Br3942_ANT_MID__reverse	row_softmax	0.25		N	I_SPATIAL	0.01	0.005	1500	0.003149830066723797	0.0039310710736631714	0.0031736575673921084	0.0047618163138661955
spatialDLPFC	SDLPFC_Br3942_ANT_MID	within_donor_adjacent_position	spatialDLPFC::Br3942	primary_expansion	reverse	SDLPFC_Br3942_ANT_MID__reverse	row_softmax	0.25		N	I_SPATIAL	0.005	0.0025	1500	0.0015703023729705492	0.001959273763479506	0.0015829665844244965	0.0023739654255191074
spatialDLPFC	SDLPFC_Br3942_ANT_MID	within_donor_adjacent_position	spatialDLPFC::Br3942	primary_expansion	reverse	SDLPFC_Br3942_ANT_MID__reverse	row_softmax	0.25		N	I_SPATIAL	0.0025	0.00125	1500	0.0007840016900416979	0.0009780783090277173	0.0007905216885926032	0.0011852566304926902
spatialDLPFC	SDLPFC_Br3942_ANT_MID	within_donor_adjacent_position	spatialDLPFC::Br3942	primary_expansion	reverse	SDLPFC_Br3942_ANT_MID__reverse	row_softmax	0.25		N	I_SPATIAL	0.00125	0.000625	1500	0.0003917354008119326	0.0004886501526735747	0.0003950209422565183	0.0005921973489731
spatialDLPFC	SDLPFC_Br3942_ANT_MID	within_donor_adjacent_position	spatialDLPFC::Br3942	primary_expansion	reverse	SDLPFC_Br3942_ANT_MID__reverse	balanced_ot	0.25		R	I_EXPR	0.02	0.01	1500	0.0006455709282531568	0.0010569149145921426	0.000730044744495561	0.001984772071689698
spatialDLPFC	SDLPFC_Br3942_ANT_MID	within_donor_adjacent_position	spatialDLPFC::Br3942	primary_expansion	reverse	SDLPFC_Br3942_ANT_MID__reverse	balanced_ot	0.25		R	I_EXPR	0.01	0.005	1500	0.0003229225785443898	0.0005285425199506074	0.00036504285318115766	0.000992986577520181
spatialDLPFC	SDLPFC_Br3942_ANT_MID	within_donor_adjacent_position	spatialDLPFC::Br3942	primary_expansion	reverse	SDLPFC_Br3942_ANT_MID__reverse	balanced_ot	0.25		R	I_EXPR	0.005	0.0025	1500	0.0001614760868177592	0.00026429218216275717	0.00018252646497378793	0.0004966415152900759
spatialDLPFC	SDLPFC_Br3942_ANT_MID	within_donor_adjacent_position	spatialDLPFC::Br3942	primary_expansion	reverse	SDLPFC_Br3942_ANT_MID__reverse	balanced_ot	0.25		R	I_EXPR	0.0025	0.00125	1500	8.073649628079597e-05	0.00013215143064670607	9.126448872691739e-05	0.0002483574398129663
spatialDLPFC	SDLPFC_Br3942_ANT_MID	within_donor_adjacent_position	spatialDLPFC::Br3942	primary_expansion	reverse	SDLPFC_Br3942_ANT_MID__reverse	balanced_ot	0.25		R	I_EXPR	0.00125	0.000625	1500	4.036785434223598e-05	6.607704478391651e-05	4.563256298119191e-05	0.0001241878437579489
spatialDLPFC	SDLPFC_Br3942_ANT_MID	within_donor_adjacent_position	spatialDLPFC::Br3942	primary_expansion	reverse	SDLPFC_Br3942_ANT_MID__reverse	balanced_ot	0.25		R	I_SPATIAL	0.02	0.01	1500	0.00620908725291687	0.007487390566918666	0.006124060006382664	0.007899609536542439
spatialDLPFC	SDLPFC_Br3942_ANT_MID	within_donor_adjacent_position	spatialDLPFC::Br3942	primary_expansion	reverse	SDLPFC_Br3942_ANT_MID__reverse	balanced_ot	0.25		R	I_SPATIAL	0.01	0.005	1500	0.003085940249584731	0.0037186999979922255	0.003043326505717845	0.003920758421672995
spatialDLPFC	SDLPFC_Br3942_ANT_MID	within_donor_adjacent_position	spatialDLPFC::Br3942	primary_expansion	reverse	SDLPFC_Br3942_ANT_MID__reverse	balanced_ot	0.25		R	I_SPATIAL	0.005	0.0025	1500	0.001537078898179142	0.00185336972387625	0.001517024715909193	0.0019532345621434107
spatialDLPFC	SDLPFC_Br3942_ANT_MID	within_donor_adjacent_position	spatialDLPFC::Br3942	primary_expansion	reverse	SDLPFC_Br3942_ANT_MID__reverse	balanced_ot	0.25		R	I_SPATIAL	0.0025	0.00125	1500	0.0007672277090023597	0.0009251852191571974	0.0007573574309281565	0.0009748376624414962
spatialDLPFC	SDLPFC_Br3942_ANT_MID	within_donor_adjacent_position	spatialDLPFC::Br3942	primary_expansion	reverse	SDLPFC_Br3942_ANT_MID__reverse	balanced_ot	0.25		R	I_SPATIAL	0.00125	0.000625	1500	0.0003833190794664608	0.0004622180861963334	0.0003783905688399125	0.0004869747423290644
spatialDLPFC	SDLPFC_Br3942_ANT_MID	within_donor_adjacent_position	spatialDLPFC::Br3942	primary_expansion	reverse	SDLPFC_Br3942_ANT_MID__reverse	balanced_ot	0.25		N	I_EXPR	0.02	0.01	1500	0.006079701789292351	0.0072970273774813745	0.005977228366020134	0.0077158355479085405
spatialDLPFC	SDLPFC_Br3942_ANT_MID	within_donor_adjacent_position	spatialDLPFC::Br3942	primary_expansion	reverse	SDLPFC_Br3942_ANT_MID__reverse	balanced_ot	0.25		N	I_EXPR	0.01	0.005	1500	0.003060065527021246	0.003677113524531147	0.003006725659473963	0.0038864643935063777
spatialDLPFC	SDLPFC_Br3942_ANT_MID	within_donor_adjacent_position	spatialDLPFC::Br3942	primary_expansion	reverse	SDLPFC_Br3942_ANT_MID__reverse	balanced_ot	0.25		N	I_EXPR	0.005	0.0025	1500	0.0015347441327314216	0.0018451391218258213	0.0015079280206699295	0.0019504461173881916
spatialDLPFC	SDLPFC_Br3942_ANT_MID	within_donor_adjacent_position	spatialDLPFC::Br3942	primary_expansion	reverse	SDLPFC_Br3942_ANT_MID__reverse	balanced_ot	0.25		N	I_EXPR	0.0025	0.00125	1500	0.0007687230710599942	0.000924276525196245	0.0007551099971697381	0.0009770417642166798
spatialDLPFC	SDLPFC_Br3942_ANT_MID	within_donor_adjacent_position	spatialDLPFC::Br3942	primary_expansion	reverse	SDLPFC_Br3942_ANT_MID__reverse	balanced_ot	0.25		N	I_EXPR	0.00125	0.000625	1500	0.0003846511712869389	0.0004625897228088691	0.0003778420816466932	0.0004889769189876425
spatialDLPFC	SDLPFC_Br3942_ANT_MID	within_donor_adjacent_position	spatialDLPFC::Br3942	primary_expansion	reverse	SDLPFC_Br3942_ANT_MID__reverse	balanced_ot	0.25		N	I_SPATIAL	0.02	0.01	1500	0.006244860520233668	0.007523697244394873	0.0061245405623871416	0.007949311311708453
spatialDLPFC	SDLPFC_Br3942_ANT_MID	within_donor_adjacent_position	spatialDLPFC::Br3942	primary_expansion	reverse	SDLPFC_Br3942_ANT_MID__reverse	balanced_ot	0.25		N	I_SPATIAL	0.01	0.005	1500	0.0031017633680613206	0.003731443910346621	0.0030435494281780247	0.003944849384236824
spatialDLPFC	SDLPFC_Br3942_ANT_MID	within_donor_adjacent_position	spatialDLPFC::Br3942	primary_expansion	reverse	SDLPFC_Br3942_ANT_MID__reverse	balanced_ot	0.25		N	I_SPATIAL	0.005	0.0025	1500	0.001545501733019856	0.0018587630395923962	0.0015171335482292742	0.0019650577949427697
spatialDLPFC	SDLPFC_Br3942_ANT_MID	within_donor_adjacent_position	spatialDLPFC::Br3942	primary_expansion	reverse	SDLPFC_Br3942_ANT_MID__reverse	balanced_ot	0.25		N	I_SPATIAL	0.0025	0.00125	1500	0.0007714984594300993	0.0009276878872990606	0.000757411366627097	0.0009806959245354347
spatialDLPFC	SDLPFC_Br3942_ANT_MID	within_donor_adjacent_position	spatialDLPFC::Br3942	primary_expansion	reverse	SDLPFC_Br3942_ANT_MID__reverse	balanced_ot	0.25		N	I_SPATIAL	0.00125	0.000625	1500	0.0003853655459899614	0.00046341899046320847	0.0003784174203927518	0.0004898904610534351
spatialDLPFC	SDLPFC_Br6423_ANT_MID	within_donor_adjacent_position	spatialDLPFC::Br6423	primary_expansion	forward	SDLPFC_Br6423_ANT_MID	uot	0.25	2.0	R	I_EXPR	0.02	0.01	1500	0.001263912901198609	0.0018428324056625651	0.0013445946596285286	0.0023112520580406
spatialDLPFC	SDLPFC_Br6423_ANT_MID	within_donor_adjacent_position	spatialDLPFC::Br6423	primary_expansion	forward	SDLPFC_Br6423_ANT_MID	uot	0.25	2.0	R	I_EXPR	0.01	0.005	1500	0.0006317050727028097	0.0009209725583862287	0.0006719005766414388	0.0011545890021515581
spatialDLPFC	SDLPFC_Br6423_ANT_MID	within_donor_adjacent_position	spatialDLPFC::Br6423	primary_expansion	forward	SDLPFC_Br6423_ANT_MID	uot	0.25	2.0	R	I_EXPR	0.005	0.0025	1500	0.0003157893671853845	0.0004603819142692165	0.00033585112516076225	0.0005770353583989041
spatialDLPFC	SDLPFC_Br6423_ANT_MID	within_donor_adjacent_position	spatialDLPFC::Br6423	primary_expansion	forward	SDLPFC_Br6423_ANT_MID	uot	0.25	2.0	R	I_EXPR	0.0025	0.00125	1500	0.00015787439257100144	0.0002301648334560979	0.00016790077348812412	0.0002884529072282002
spatialDLPFC	SDLPFC_Br6423_ANT_MID	within_donor_adjacent_position	spatialDLPFC::Br6423	primary_expansion	forward	SDLPFC_Br6423_ANT_MID	uot	0.25	2.0	R	I_EXPR	0.00125	0.000625	1500	7.893148188074237e-05	0.00011507418889225412	8.394418956007221e-05	0.00014421027250611777
spatialDLPFC	SDLPFC_Br6423_ANT_MID	within_donor_adjacent_position	spatialDLPFC::Br6423	primary_expansion	forward	SDLPFC_Br6423_ANT_MID	uot	0.25	2.0	R	I_SPATIAL	0.02	0.01	1500	0.006343916060619601	0.007582733514577789	0.006288868362895779	0.008313341061510961
spatialDLPFC	SDLPFC_Br6423_ANT_MID	within_donor_adjacent_position	spatialDLPFC::Br6423	primary_expansion	forward	SDLPFC_Br6423_ANT_MID	uot	0.25	2.0	R	I_SPATIAL	0.01	0.005	1500	0.003152003836196079	0.003768138011429321	0.003125822115439724	0.004124683965421269
spatialDLPFC	SDLPFC_Br6423_ANT_MID	within_donor_adjacent_position	spatialDLPFC::Br6423	primary_expansion	forward	SDLPFC_Br6423_ANT_MID	uot	0.25	2.0	R	I_SPATIAL	0.005	0.0025	1500	0.0015714659381428273	0.0018780235784267658	0.0015582935201088252	0.0020544239020224737
spatialDLPFC	SDLPFC_Br6423_ANT_MID	within_donor_adjacent_position	spatialDLPFC::Br6423	primary_expansion	forward	SDLPFC_Br6423_ANT_MID	uot	0.25	2.0	R	I_SPATIAL	0.0025	0.00125	1500	0.0007847629518983336	0.0009375667783025531	0.000777996791461591	0.0010252443082894589
spatialDLPFC	SDLPFC_Br6423_ANT_MID	within_donor_adjacent_position	spatialDLPFC::Br6423	primary_expansion	forward	SDLPFC_Br6423_ANT_MID	uot	0.25	2.0	R	I_SPATIAL	0.00125	0.000625	1500	0.0003920841136998116	0.00046842263447371355	0.0003887114591000988	0.0005121311205114514
spatialDLPFC	SDLPFC_Br6423_ANT_MID	within_donor_adjacent_position	spatialDLPFC::Br6423	primary_expansion	forward	SDLPFC_Br6423_ANT_MID	uot	0.25	2.0	N	I_EXPR	0.02	0.01	1500	0.004998634775263728	0.006393226456084221	0.005099211579511749	0.008147939270051167
spatialDLPFC	SDLPFC_Br6423_ANT_MID	within_donor_adjacent_position	spatialDLPFC::Br6423	primary_expansion	forward	SDLPFC_Br6423_ANT_MID	uot	0.25	2.0	N	I_EXPR	0.01	0.005	1500	0.002511629276861531	0.0032159725721945874	0.002563968462415412	0.004100691907285827
spatialDLPFC	SDLPFC_Br6423_ANT_MID	within_donor_adjacent_position	spatialDLPFC::Br6423	primary_expansion	forward	SDLPFC_Br6423_ANT_MID	uot	0.25	2.0	N	I_EXPR	0.005	0.0025	1500	0.001258584690172582	0.001612935871537362	0.0012856031387041328	0.00205708157669173
spatialDLPFC	SDLPFC_Br6423_ANT_MID	within_donor_adjacent_position	spatialDLPFC::Br6423	primary_expansion	forward	SDLPFC_Br6423_ANT_MID	uot	0.25	2.0	N	I_EXPR	0.0025	0.00125	1500	0.0006301063486491183	0.0008078872946579946	0.0006437099026726224	0.001030230630314246
spatialDLPFC	SDLPFC_Br6423_ANT_MID	within_donor_adjacent_position	spatialDLPFC::Br6423	primary_expansion	forward	SDLPFC_Br6423_ANT_MID	uot	0.25	2.0	N	I_EXPR	0.00125	0.000625	1500	0.0003152411948394323	0.0004042991299474722	0.00032208250065298794	0.0005155385189600773
spatialDLPFC	SDLPFC_Br6423_ANT_MID	within_donor_adjacent_position	spatialDLPFC::Br6423	primary_expansion	forward	SDLPFC_Br6423_ANT_MID	uot	0.25	2.0	N	I_SPATIAL	0.02	0.01	1500	0.00510965378576189	0.006560971770020954	0.005215961077899583	0.008365139905975823
spatialDLPFC	SDLPFC_Br6423_ANT_MID	within_donor_adjacent_position	spatialDLPFC::Br6423	primary_expansion	forward	SDLPFC_Br6423_ANT_MID	uot	0.25	2.0	N	I_SPATIAL	0.01	0.005	1500	0.002539116957939354	0.0032593460789000755	0.002593152878853677	0.00415502168856386
spatialDLPFC	SDLPFC_Br6423_ANT_MID	within_donor_adjacent_position	spatialDLPFC::Br6423	primary_expansion	forward	SDLPFC_Br6423_ANT_MID	uot	0.25	2.0	N	I_SPATIAL	0.005	0.0025	1500	0.0012653604202726822	0.0016242446264942128	0.0012928990342517097	0.002070651374491855
spatialDLPFC	SDLPFC_Br6423_ANT_MID	within_donor_adjacent_position	spatialDLPFC::Br6423	primary_expansion	forward	SDLPFC_Br6423_ANT_MID	uot	0.25	2.0	N	I_SPATIAL	0.0025	0.00125	1500	0.0006316129037345225	0.0008107103898817993	0.0006455338817875304	0.0010336210966367357
spatialDLPFC	SDLPFC_Br6423_ANT_MID	within_donor_adjacent_position	spatialDLPFC::Br6423	primary_expansion	forward	SDLPFC_Br6423_ANT_MID	uot	0.25	2.0	N	I_SPATIAL	0.00125	0.000625	1500	0.0003156178770548615	0.0004050027917083329	0.00032253849867174597	0.0005163855663849796
spatialDLPFC	SDLPFC_Br6423_ANT_MID	within_donor_adjacent_position	spatialDLPFC::Br6423	primary_expansion	forward	SDLPFC_Br6423_ANT_MID	row_softmax	0.25		R	I_EXPR	0.02	0.01	1500	0.0017342677417288015	0.0022541872214603656	0.0016824385468246887	0.0028588977732589465
spatialDLPFC	SDLPFC_Br6423_ANT_MID	within_donor_adjacent_position	spatialDLPFC::Br6423	primary_expansion	forward	SDLPFC_Br6423_ANT_MID	row_softmax	0.25		R	I_EXPR	0.01	0.005	1500	0.0008661183582306031	0.001125120734373461	0.0008401967301389443	0.001426230121933494
spatialDLPFC	SDLPFC_Br6423_ANT_MID	within_donor_adjacent_position	spatialDLPFC::Br6423	primary_expansion	forward	SDLPFC_Br6423_ANT_MID	row_softmax	0.25		R	I_EXPR	0.005	0.0025	1500	0.00043280463305724027	0.0005620703837090699	0.00041984321901942996	0.0007123103179984671
spatialDLPFC	SDLPFC_Br6423_ANT_MID	within_donor_adjacent_position	spatialDLPFC::Br6423	primary_expansion	forward	SDLPFC_Br6423_ANT_MID	row_softmax	0.25		R	I_EXPR	0.0025	0.00125	1500	0.0002163293704354839	0.00028094643609035384	0.00020985789013650897	0.00035595395384131984
spatialDLPFC	SDLPFC_Br6423_ANT_MID	within_donor_adjacent_position	spatialDLPFC::Br6423	primary_expansion	forward	SDLPFC_Br6423_ANT_MID	row_softmax	0.25		R	I_EXPR	0.00125	0.000625	1500	0.00010814645250307261	0.00014045101776151	0.00010491302338420106	0.00017792667299170164
spatialDLPFC	SDLPFC_Br6423_ANT_MID	within_donor_adjacent_position	spatialDLPFC::Br6423	primary_expansion	forward	SDLPFC_Br6423_ANT_MID	row_softmax	0.25		R	I_SPATIAL	0.02	0.01	1500	0.006024147853354273	0.00693186180628295	0.005817423797516223	0.007374257193025442
spatialDLPFC	SDLPFC_Br6423_ANT_MID	within_donor_adjacent_position	spatialDLPFC::Br6423	primary_expansion	forward	SDLPFC_Br6423_ANT_MID	row_softmax	0.25		R	I_SPATIAL	0.01	0.005	1500	0.002994983893335833	0.0034442308975887563	0.0028927990885038502	0.003663390844611744
spatialDLPFC	SDLPFC_Br6423_ANT_MID	within_donor_adjacent_position	spatialDLPFC::Br6423	primary_expansion	forward	SDLPFC_Br6423_ANT_MID	row_softmax	0.25		R	I_SPATIAL	0.005	0.0025	1500	0.0014933063245207503	0.0017170521729375566	0.0014424493029158813	0.0018257801629454472
spatialDLPFC	SDLPFC_Br6423_ANT_MID	within_donor_adjacent_position	spatialDLPFC::Br6423	primary_expansion	forward	SDLPFC_Br6423_ANT_MID	row_softmax	0.25		R	I_SPATIAL	0.0025	0.00125	1500	0.0007456082081000342	0.0008571570421886296	0.0007202405244363964	0.0009114139095549013
spatialDLPFC	SDLPFC_Br6423_ANT_MID	within_donor_adjacent_position	spatialDLPFC::Br6423	primary_expansion	forward	SDLPFC_Br6423_ANT_MID	row_softmax	0.25		R	I_SPATIAL	0.00125	0.000625	1500	0.00037258384686683567	0.0004282652105508009	0.000359874651573637	0.00045533878458393033
spatialDLPFC	SDLPFC_Br6423_ANT_MID	within_donor_adjacent_position	spatialDLPFC::Br6423	primary_expansion	forward	SDLPFC_Br6423_ANT_MID	row_softmax	0.25		N	I_EXPR	0.02	0.01	1500	0.006182019330642363	0.007536256670818786	0.006188096006080599	0.008976098537131596
spatialDLPFC	SDLPFC_Br6423_ANT_MID	within_donor_adjacent_position	spatialDLPFC::Br6423	primary_expansion	forward	SDLPFC_Br6423_ANT_MID	row_softmax	0.25		N	I_EXPR	0.01	0.005	1500	0.0031065098376348603	0.0037879490892028444	0.0031086520709803275	0.004508590077207459
spatialDLPFC	SDLPFC_Br6423_ANT_MID	within_donor_adjacent_position	spatialDLPFC::Br6423	primary_expansion	forward	SDLPFC_Br6423_ANT_MID	row_softmax	0.25		N	I_EXPR	0.005	0.0025	1500	0.0015571715419900047	0.0018989525092831807	0.0015580066692135468	0.0022595153587244886
spatialDLPFC	SDLPFC_Br6423_ANT_MID	within_donor_adjacent_position	spatialDLPFC::Br6423	primary_expansion	forward	SDLPFC_Br6423_ANT_MID	row_softmax	0.25		N	I_EXPR	0.0025	0.00125	1500	0.000779500012024692	0.0009507304850110943	0.0007799272648142631	0.0011310683818654826
spatialDLPFC	SDLPFC_Br6423_ANT_MID	within_donor_adjacent_position	spatialDLPFC::Br6423	primary_expansion	forward	SDLPFC_Br6423_ANT_MID	row_softmax	0.25		N	I_EXPR	0.00125	0.000625	1500	0.00038997632968005853	0.00047567900044145705	0.0003901950514825471	0.0005658625914123519
spatialDLPFC	SDLPFC_Br6423_ANT_MID	within_donor_adjacent_position	spatialDLPFC::Br6423	primary_expansion	forward	SDLPFC_Br6423_ANT_MID	row_softmax	0.25		N	I_SPATIAL	0.02	0.01	1500	0.006307290488155508	0.007695566918283152	0.006306805340747964	0.00914439968110744
spatialDLPFC	SDLPFC_Br6423_ANT_MID	within_donor_adjacent_position	spatialDLPFC::Br6423	primary_expansion	forward	SDLPFC_Br6423_ANT_MID	row_softmax	0.25		N	I_SPATIAL	0.01	0.005	1500	0.0031375041776216936	0.0038278600928524963	0.0031383300986353407	0.004550669196893958
spatialDLPFC	SDLPFC_Br6423_ANT_MID	within_donor_adjacent_position	spatialDLPFC::Br6423	primary_expansion	forward	SDLPFC_Br6423_ANT_MID	row_softmax	0.25		N	I_SPATIAL	0.005	0.0025	1500	0.001565032371184741	0.0019089810475172754	0.0015654264496530825	0.0022700258589843725
spatialDLPFC	SDLPFC_Br6423_ANT_MID	within_donor_adjacent_position	spatialDLPFC::Br6423	primary_expansion	forward	SDLPFC_Br6423_ANT_MID	row_softmax	0.25		N	I_SPATIAL	0.0025	0.00125	1500	0.0007815335181839984	0.0009532329353371112	0.0007817821239481294	0.0011336944724247382
spatialDLPFC	SDLPFC_Br6423_ANT_MID	within_donor_adjacent_position	spatialDLPFC::Br6423	primary_expansion	forward	SDLPFC_Br6423_ANT_MID	row_softmax	0.25		N	I_SPATIAL	0.00125	0.000625	1500	0.00039050726721387733	0.00047630366624203466	0.0003906587479190498	0.0005665184083757794
spatialDLPFC	SDLPFC_Br6423_ANT_MID	within_donor_adjacent_position	spatialDLPFC::Br6423	primary_expansion	forward	SDLPFC_Br6423_ANT_MID	balanced_ot	0.25		R	I_EXPR	0.02	0.01	1500	0.0008006111986651956	0.001167798613222527	0.0008507593587672891	0.002115112848376758
spatialDLPFC	SDLPFC_Br6423_ANT_MID	within_donor_adjacent_position	spatialDLPFC::Br6423	primary_expansion	forward	SDLPFC_Br6423_ANT_MID	balanced_ot	0.25		R	I_EXPR	0.01	0.005	1500	0.00040024944382058167	0.0005842500698046869	0.00042541184872856475	0.0010569492892886438
spatialDLPFC	SDLPFC_Br6423_ANT_MID	within_donor_adjacent_position	spatialDLPFC::Br6423	primary_expansion	forward	SDLPFC_Br6423_ANT_MID	balanced_ot	0.25		R	I_EXPR	0.005	0.0025	1500	0.0002001365625901957	0.00029221151412283026	0.0002127138841464405	0.0005283190546671559
spatialDLPFC	SDLPFC_Br6423_ANT_MID	within_donor_adjacent_position	spatialDLPFC::Br6423	primary_expansion	forward	SDLPFC_Br6423_ANT_MID	balanced_ot	0.25		R	I_EXPR	0.0025	0.00125	1500	0.00010007136020191845	0.00014612723428444397	0.00010635892514117087	0.00026412015526603046
spatialDLPFC	SDLPFC_Br6423_ANT_MID	within_donor_adjacent_position	spatialDLPFC::Br6423	primary_expansion	forward	SDLPFC_Br6423_ANT_MID	balanced_ot	0.25		R	I_EXPR	0.00125	0.000625	1500	5.003644587052775e-05	7.30687118308133e-05	5.317995428598926e-05	0.00013205017018621745
spatialDLPFC	SDLPFC_Br6423_ANT_MID	within_donor_adjacent_position	spatialDLPFC::Br6423	primary_expansion	forward	SDLPFC_Br6423_ANT_MID	balanced_ot	0.25		R	I_SPATIAL	0.02	0.01	1500	0.006135339021315746	0.0073982530701507745	0.006126899495850398	0.008237857152842693
spatialDLPFC	SDLPFC_Br6423_ANT_MID	within_donor_adjacent_position	spatialDLPFC::Br6423	primary_expansion	forward	SDLPFC_Br6423_ANT_MID	balanced_ot	0.25		R	I_SPATIAL	0.01	0.005	1500	0.003051097356882627	0.0036759179139904115	0.0030454991666698764	0.004085906802157813
spatialDLPFC	SDLPFC_Br6423_ANT_MID	within_donor_adjacent_position	spatialDLPFC::Br6423	primary_expansion	forward	SDLPFC_Br6423_ANT_MID	balanced_ot	0.25		R	I_SPATIAL	0.005	0.0025	1500	0.0015209534795325068	0.0018316613344384173	0.0015182951137046805	0.0020348018702726492
spatialDLPFC	SDLPFC_Br6423_ANT_MID	within_donor_adjacent_position	spatialDLPFC::Br6423	primary_expansion	forward	SDLPFC_Br6423_ANT_MID	balanced_ot	0.25		R	I_SPATIAL	0.0025	0.00125	1500	0.0007595051732026917	0.0009142532206739248	0.0007580381090289269	0.0010153814528577744
spatialDLPFC	SDLPFC_Br6423_ANT_MID	within_donor_adjacent_position	spatialDLPFC::Br6423	primary_expansion	forward	SDLPFC_Br6423_ANT_MID	balanced_ot	0.25		R	I_SPATIAL	0.00125	0.000625	1500	0.0003795097075092576	0.00045672850376875647	0.00037874221398940454	0.0005071868132879924
spatialDLPFC	SDLPFC_Br6423_ANT_MID	within_donor_adjacent_position	spatialDLPFC::Br6423	primary_expansion	forward	SDLPFC_Br6423_ANT_MID	balanced_ot	0.25		N	I_EXPR	0.02	0.01	1500	0.006076922591607463	0.00721356376326774	0.006040824612539926	0.008184213261523134
spatialDLPFC	SDLPFC_Br6423_ANT_MID	within_donor_adjacent_position	spatialDLPFC::Br6423	primary_expansion	forward	SDLPFC_Br6423_ANT_MID	balanced_ot	0.25		N	I_EXPR	0.01	0.005	1500	0.003055291688090764	0.00363123507936188	0.003037804624503322	0.00412547179601485
spatialDLPFC	SDLPFC_Br6423_ANT_MID	within_donor_adjacent_position	spatialDLPFC::Br6423	primary_expansion	forward	SDLPFC_Br6423_ANT_MID	balanced_ot	0.25		N	I_EXPR	0.005	0.0025	1500	0.0015330461737637008	0.0018217987347302145	0.001523282584966409	0.0020711735242461317
spatialDLPFC	SDLPFC_Br6423_ANT_MID	within_donor_adjacent_position	spatialDLPFC::Br6423	primary_expansion	forward	SDLPFC_Br6423_ANT_MID	balanced_ot	0.25		N	I_EXPR	0.0025	0.00125	1500	0.0007679877075647326	0.0009124437259083984	0.0007627404034944473	0.0010377070670126438
spatialDLPFC	SDLPFC_Br6423_ANT_MID	within_donor_adjacent_position	spatialDLPFC::Br6423	primary_expansion	forward	SDLPFC_Br6423_ANT_MID	balanced_ot	0.25		N	I_EXPR	0.00125	0.000625	1500	0.0003843590796429532	0.00045660990259780413	0.0003816454906317048	0.0005193852459391973
spatialDLPFC	SDLPFC_Br6423_ANT_MID	within_donor_adjacent_position	spatialDLPFC::Br6423	primary_expansion	forward	SDLPFC_Br6423_ANT_MID	balanced_ot	0.25		N	I_SPATIAL	0.02	0.01	1500	0.006237681391121676	0.007413026645814785	0.006182044654912436	0.008456354184069748
spatialDLPFC	SDLPFC_Br6423_ANT_MID	within_donor_adjacent_position	spatialDLPFC::Br6423	primary_expansion	forward	SDLPFC_Br6423_ANT_MID	balanced_ot	0.25		N	I_SPATIAL	0.01	0.005	1500	0.0030985863100771054	0.003681032308006212	0.0030731094903850677	0.004193541307170178
spatialDLPFC	SDLPFC_Br6423_ANT_MID	within_donor_adjacent_position	spatialDLPFC::Br6423	primary_expansion	forward	SDLPFC_Br6423_ANT_MID	balanced_ot	0.25		N	I_SPATIAL	0.005	0.0025	1500	0.00154371521829698	0.0018342469803742467	0.0015321085853909997	0.002088203393837888
spatialDLPFC	SDLPFC_Br6423_ANT_MID	within_donor_adjacent_position	spatialDLPFC::Br6423	primary_expansion	forward	SDLPFC_Br6423_ANT_MID	balanced_ot	0.25		N	I_SPATIAL	0.0025	0.00125	1500	0.0007706162411602961	0.0009155585594185163	0.0007649469038068934	0.0010419691322109215
spatialDLPFC	SDLPFC_Br6423_ANT_MID	within_donor_adjacent_position	spatialDLPFC::Br6423	primary_expansion	forward	SDLPFC_Br6423_ANT_MID	balanced_ot	0.25		N	I_SPATIAL	0.00125	0.000625	1500	0.0003850100116553844	0.00045738880442765446	0.0003821971185895713	0.0005204507606974703
spatialDLPFC	SDLPFC_Br6423_ANT_MID	within_donor_adjacent_position	spatialDLPFC::Br6423	primary_expansion	reverse	SDLPFC_Br6423_ANT_MID__reverse	uot	0.25	2.0	R	I_EXPR	0.02	0.01	1500	0.0013083311008990238	0.002023257847937621	0.0014313453719740344	0.002980202460456374
spatialDLPFC	SDLPFC_Br6423_ANT_MID	within_donor_adjacent_position	spatialDLPFC::Br6423	primary_expansion	reverse	SDLPFC_Br6423_ANT_MID__reverse	uot	0.25	2.0	R	I_EXPR	0.01	0.005	1500	0.0006540862708603826	0.001010624512004558	0.0007151294439914609	0.0014887312340682462
spatialDLPFC	SDLPFC_Br6423_ANT_MID	within_donor_adjacent_position	spatialDLPFC::Br6423	primary_expansion	reverse	SDLPFC_Br6423_ANT_MID__reverse	uot	0.25	2.0	R	I_EXPR	0.005	0.0025	1500	0.0003269138768526771	0.000505424592365929	0.0003574290074740216	0.0007440205010018585
spatialDLPFC	SDLPFC_Br6423_ANT_MID	within_donor_adjacent_position	spatialDLPFC::Br6423	primary_expansion	reverse	SDLPFC_Br6423_ANT_MID__reverse	uot	0.25	2.0	R	I_EXPR	0.0025	0.00125	1500	0.00016341411581035546	0.0002527417232292365	0.00017868058583434595	0.0003719236451243817
spatialDLPFC	SDLPFC_Br6423_ANT_MID	within_donor_adjacent_position	spatialDLPFC::Br6423	primary_expansion	reverse	SDLPFC_Br6423_ANT_MID__reverse	uot	0.25	2.0	R	I_EXPR	0.00125	0.000625	1500	8.169635480691063e-05	0.00012637694114247684	8.933181429691743e-05	0.00018594013090342802
spatialDLPFC	SDLPFC_Br6423_ANT_MID	within_donor_adjacent_position	spatialDLPFC::Br6423	primary_expansion	reverse	SDLPFC_Br6423_ANT_MID__reverse	uot	0.25	2.0	R	I_SPATIAL	0.02	0.01	1500	0.006356791393538011	0.007658037868485496	0.006265229144775619	0.008349175090881783
spatialDLPFC	SDLPFC_Br6423_ANT_MID	within_donor_adjacent_position	spatialDLPFC::Br6423	primary_expansion	reverse	SDLPFC_Br6423_ANT_MID__reverse	uot	0.25	2.0	R	I_SPATIAL	0.01	0.005	1500	0.0031592235559399053	0.0038004975279646563	0.0031141335050237267	0.004144773165342108
spatialDLPFC	SDLPFC_Br6423_ANT_MID	within_donor_adjacent_position	spatialDLPFC::Br6423	primary_expansion	reverse	SDLPFC_Br6423_ANT_MID__reverse	uot	0.25	2.0	R	I_SPATIAL	0.005	0.0025	1500	0.0015745766471333647	0.0018927049059844683	0.001552481693771255	0.002064969903331627
spatialDLPFC	SDLPFC_Br6423_ANT_MID	within_donor_adjacent_position	spatialDLPFC::Br6423	primary_expansion	reverse	SDLPFC_Br6423_ANT_MID__reverse	uot	0.25	2.0	R	I_SPATIAL	0.0025	0.00125	1500	0.0007859408936189632	0.0009446401101578641	0.0007750989591956182	0.0010306337186460424
spatialDLPFC	SDLPFC_Br6423_ANT_MID	within_donor_adjacent_position	spatialDLPFC::Br6423	primary_expansion	reverse	SDLPFC_Br6423_ANT_MID__reverse	uot	0.25	2.0	R	I_SPATIAL	0.00125	0.000625	1500	0.00039266165753988266	0.0004719143548243098	0.000387264559555033	0.0005148543499949068
spatialDLPFC	SDLPFC_Br6423_ANT_MID	within_donor_adjacent_position	spatialDLPFC::Br6423	primary_expansion	reverse	SDLPFC_Br6423_ANT_MID__reverse	uot	0.25	2.0	N	I_EXPR	0.02	0.01	1500	0.005096229074155346	0.00617657011478552	0.0050999078983395224	0.0069245423378629985
spatialDLPFC	SDLPFC_Br6423_ANT_MID	within_donor_adjacent_position	spatialDLPFC::Br6423	primary_expansion	reverse	SDLPFC_Br6423_ANT_MID__reverse	uot	0.25	2.0	N	I_EXPR	0.01	0.005	1500	0.002564042149186876	0.003110668720627841	0.0025644715355891945	0.0034892562174699826
spatialDLPFC	SDLPFC_Br6423_ANT_MID	within_donor_adjacent_position	spatialDLPFC::Br6423	primary_expansion	reverse	SDLPFC_Br6423_ANT_MID__reverse	uot	0.25	2.0	N	I_EXPR	0.005	0.0025	1500	0.0012853588892826249	0.001560588128199973	0.001285893842205693	0.0017514482928513108
spatialDLPFC	SDLPFC_Br6423_ANT_MID	within_donor_adjacent_position	spatialDLPFC::Br6423	primary_expansion	reverse	SDLPFC_Br6423_ANT_MID__reverse	uot	0.25	2.0	N	I_EXPR	0.0025	0.00125	1500	0.0006437164884775579	0.0007814028634331431	0.0006438650919002168	0.0008774350135768328
spatialDLPFC	SDLPFC_Br6423_ANT_MID	within_donor_adjacent_position	spatialDLPFC::Br6423	primary_expansion	reverse	SDLPFC_Br6423_ANT_MID__reverse	uot	0.25	2.0	N	I_EXPR	0.00125	0.000625	1500	0.0003221179042223641	0.00039097321810698215	0.00032216256017815746	0.0004391458542882063
spatialDLPFC	SDLPFC_Br6423_ANT_MID	within_donor_adjacent_position	spatialDLPFC::Br6423	primary_expansion	reverse	SDLPFC_Br6423_ANT_MID__reverse	uot	0.25	2.0	N	I_SPATIAL	0.02	0.01	1500	0.005220089245047629	0.006331432421148897	0.005217922226109996	0.007144003543975174
spatialDLPFC	SDLPFC_Br6423_ANT_MID	within_donor_adjacent_position	spatialDLPFC::Br6423	primary_expansion	reverse	SDLPFC_Br6423_ANT_MID__reverse	uot	0.25	2.0	N	I_SPATIAL	0.01	0.005	1500	0.0025942425065355688	0.0031472578733556353	0.0025939721969016182	0.003544151455119272
spatialDLPFC	SDLPFC_Br6423_ANT_MID	within_donor_adjacent_position	spatialDLPFC::Br6423	primary_expansion	reverse	SDLPFC_Br6423_ANT_MID__reverse	uot	0.25	2.0	N	I_SPATIAL	0.005	0.0025	1500	0.0012930638843453054	0.0015693497199880191	0.001293268810292017	0.0017651644425616209
spatialDLPFC	SDLPFC_Br6423_ANT_MID	within_donor_adjacent_position	spatialDLPFC::Br6423	primary_expansion	reverse	SDLPFC_Br6423_ANT_MID__reverse	uot	0.25	2.0	N	I_SPATIAL	0.0025	0.00125	1500	0.0006455658975964537	0.0007835744854833496	0.0006457088376660637	0.0008808637823585527
spatialDLPFC	SDLPFC_Br6423_ANT_MID	within_donor_adjacent_position	spatialDLPFC::Br6423	primary_expansion	reverse	SDLPFC_Br6423_ANT_MID__reverse	uot	0.25	2.0	N	I_SPATIAL	0.00125	0.000625	1500	0.00032258517152307386	0.00039153112875808463	0.00032262349804297835	0.00044000280229090964
spatialDLPFC	SDLPFC_Br6423_ANT_MID	within_donor_adjacent_position	spatialDLPFC::Br6423	primary_expansion	reverse	SDLPFC_Br6423_ANT_MID__reverse	row_softmax	0.25		R	I_EXPR	0.02	0.01	1500	0.0050263087567168786	0.007086790981615044	0.004942298188221065	0.008003262840966661
spatialDLPFC	SDLPFC_Br6423_ANT_MID	within_donor_adjacent_position	spatialDLPFC::Br6423	primary_expansion	reverse	SDLPFC_Br6423_ANT_MID__reverse	row_softmax	0.25		R	I_EXPR	0.01	0.005	1500	0.002500478657391585	0.003526016786298654	0.0024592063304945534	0.003978051896488158
spatialDLPFC	SDLPFC_Br6423_ANT_MID	within_donor_adjacent_position	spatialDLPFC::Br6423	primary_expansion	reverse	SDLPFC_Br6423_ANT_MID__reverse	row_softmax	0.25		R	I_EXPR	0.005	0.0025	1500	0.001247970109070204	0.0017602345282642122	0.0012266281084299109	0.0019832381542762537
spatialDLPFC	SDLPFC_Br6423_ANT_MID	within_donor_adjacent_position	spatialDLPFC::Br6423	primary_expansion	reverse	SDLPFC_Br6423_ANT_MID__reverse	row_softmax	0.25		R	I_EXPR	0.0025	0.00125	1500	0.0006235420110121041	0.0008794577009369108	0.0006125716917471089	0.0009902581097084994
spatialDLPFC	SDLPFC_Br6423_ANT_MID	within_donor_adjacent_position	spatialDLPFC::Br6423	primary_expansion	reverse	SDLPFC_Br6423_ANT_MID__reverse	row_softmax	0.25		R	I_EXPR	0.00125	0.000625	1500	0.0003115666321148846	0.00043938115672869743	0.00030610042092189317	0.0004947886923876201
spatialDLPFC	SDLPFC_Br6423_ANT_MID	within_donor_adjacent_position	spatialDLPFC::Br6423	primary_expansion	reverse	SDLPFC_Br6423_ANT_MID__reverse	row_softmax	0.25		R	I_SPATIAL	0.02	0.01	1500	0.005586552166321817	0.00684277138467341	0.005496496130087978	0.007677084697039132
spatialDLPFC	SDLPFC_Br6423_ANT_MID	within_donor_adjacent_position	spatialDLPFC::Br6423	primary_expansion	reverse	SDLPFC_Br6423_ANT_MID__reverse	row_softmax	0.25		R	I_SPATIAL	0.01	0.005	1500	0.002778052300689742	0.0034030322766180486	0.002734344060671787	0.0038229823553660005
spatialDLPFC	SDLPFC_Br6423_ANT_MID	within_donor_adjacent_position	spatialDLPFC::Br6423	primary_expansion	reverse	SDLPFC_Br6423_ANT_MID__reverse	row_softmax	0.25		R	I_SPATIAL	0.005	0.0025	1500	0.0013852333431587718	0.0016962532074916502	0.001363721055321849	0.0019076165425881786
spatialDLPFC	SDLPFC_Br6423_ANT_MID	within_donor_adjacent_position	spatialDLPFC::Br6423	primary_expansion	reverse	SDLPFC_Br6423_ANT_MID__reverse	row_softmax	0.25		R	I_SPATIAL	0.0025	0.00125	1500	0.0006916707149455158	0.000847020373516126	0.0006810009897640044	0.0009528389668598851
spatialDLPFC	SDLPFC_Br6423_ANT_MID	within_donor_adjacent_position	spatialDLPFC::Br6423	primary_expansion	reverse	SDLPFC_Br6423_ANT_MID__reverse	row_softmax	0.25		R	I_SPATIAL	0.00125	0.000625	1500	0.00034559944277032484	0.0004232089925392574	0.0003402859956013059	0.00047617689073236875
spatialDLPFC	SDLPFC_Br6423_ANT_MID	within_donor_adjacent_position	spatialDLPFC::Br6423	primary_expansion	reverse	SDLPFC_Br6423_ANT_MID__reverse	row_softmax	0.25		N	I_EXPR	0.02	0.01	1500	0.007571068047807136	0.010877217811265773	0.007674419105151602	0.013231039509495883
spatialDLPFC	SDLPFC_Br6423_ANT_MID	within_donor_adjacent_position	spatialDLPFC::Br6423	primary_expansion	reverse	SDLPFC_Br6423_ANT_MID__reverse	row_softmax	0.25		N	I_EXPR	0.01	0.005	1500	0.00378676629227554	0.0054339342132856605	0.0038420779842678657	0.006624477943781444
spatialDLPFC	SDLPFC_Br6423_ANT_MID	within_donor_adjacent_position	spatialDLPFC::Br6423	primary_expansion	reverse	SDLPFC_Br6423_ANT_MID__reverse	row_softmax	0.25		N	I_EXPR	0.005	0.0025	1500	0.0018963698671317325	0.0027159081636594674	0.0019222753279873256	0.0033142384679190743
spatialDLPFC	SDLPFC_Br6423_ANT_MID	within_donor_adjacent_position	spatialDLPFC::Br6423	primary_expansion	reverse	SDLPFC_Br6423_ANT_MID__reverse	row_softmax	0.25		N	I_EXPR	0.0025	0.00125	1500	0.0009489521744803363	0.00135769421820776	0.0009614492024202004	0.0016576012383765076
spatialDLPFC	SDLPFC_Br6423_ANT_MID	within_donor_adjacent_position	spatialDLPFC::Br6423	primary_expansion	reverse	SDLPFC_Br6423_ANT_MID__reverse	row_softmax	0.25		N	I_EXPR	0.00125	0.000625	1500	0.00047453015066224865	0.0006787800362642666	0.0004808027384006405	0.000828918951749609
spatialDLPFC	SDLPFC_Br6423_ANT_MID	within_donor_adjacent_position	spatialDLPFC::Br6423	primary_expansion	reverse	SDLPFC_Br6423_ANT_MID__reverse	row_softmax	0.25		N	I_SPATIAL	0.02	0.01	1500	0.007618010402320807	0.010841589917617968	0.007714595296823571	0.01329199628150194
spatialDLPFC	SDLPFC_Br6423_ANT_MID	within_donor_adjacent_position	spatialDLPFC::Br6423	primary_expansion	reverse	SDLPFC_Br6423_ANT_MID__reverse	row_softmax	0.25		N	I_SPATIAL	0.01	0.005	1500	0.003801546034640171	0.005428207967707151	0.0038521176025772055	0.006639517020933599
spatialDLPFC	SDLPFC_Br6423_ANT_MID	within_donor_adjacent_position	spatialDLPFC::Br6423	primary_expansion	reverse	SDLPFC_Br6423_ANT_MID__reverse	row_softmax	0.25		N	I_SPATIAL	0.005	0.0025	1500	0.0018997816500622455	0.002715887249270474	0.0019247850276249642	0.0033179870370624864
spatialDLPFC	SDLPFC_Br6423_ANT_MID	within_donor_adjacent_position	spatialDLPFC::Br6423	primary_expansion	reverse	SDLPFC_Br6423_ANT_MID__reverse	row_softmax	0.25		N	I_SPATIAL	0.0025	0.00125	1500	0.0009499367074296421	0.0013580435812350028	0.0009620766021456735	0.0016585343227371314
spatialDLPFC	SDLPFC_Br6423_ANT_MID	within_donor_adjacent_position	spatialDLPFC::Br6423	primary_expansion	reverse	SDLPFC_Br6423_ANT_MID__reverse	row_softmax	0.25		N	I_SPATIAL	0.00125	0.000625	1500	0.0004749600485541893	0.0006789118915692104	0.00048095960915707964	0.0008291513020587331
spatialDLPFC	SDLPFC_Br6423_ANT_MID	within_donor_adjacent_position	spatialDLPFC::Br6423	primary_expansion	reverse	SDLPFC_Br6423_ANT_MID__reverse	balanced_ot	0.25		R	I_EXPR	0.02	0.01	1500	0.0007352799876452925	0.0010270469830685135	0.0008097740438940606	0.0030529471046949557
spatialDLPFC	SDLPFC_Br6423_ANT_MID	within_donor_adjacent_position	spatialDLPFC::Br6423	primary_expansion	reverse	SDLPFC_Br6423_ANT_MID__reverse	balanced_ot	0.25		R	I_EXPR	0.01	0.005	1500	0.0003676645906217611	0.0005135525296655046	0.0004049175047105904	0.0015258629734120216
spatialDLPFC	SDLPFC_Br6423_ANT_MID	within_donor_adjacent_position	spatialDLPFC::Br6423	primary_expansion	reverse	SDLPFC_Br6423_ANT_MID__reverse	balanced_ot	0.25		R	I_EXPR	0.005	0.0025	1500	0.00018385122554516505	0.0002567835087068504	0.000202466300192946	0.0007627863809326045
spatialDLPFC	SDLPFC_Br6423_ANT_MID	within_donor_adjacent_position	spatialDLPFC::Br6423	primary_expansion	reverse	SDLPFC_Br6423_ANT_MID__reverse	balanced_ot	0.25		R	I_EXPR	0.0025	0.00125	1500	9.193032952727821e-05	0.00012839357409195011	0.00010123503048006985	0.00038135615531742126
spatialDLPFC	SDLPFC_Br6423_ANT_MID	within_donor_adjacent_position	spatialDLPFC::Br6423	primary_expansion	reverse	SDLPFC_Br6423_ANT_MID__reverse	balanced_ot	0.25		R	I_EXPR	0.00125	0.000625	1500	4.5966352440381336e-05	6.41972361870454e-05	5.061798358111483e-05	0.0001906687217448893
spatialDLPFC	SDLPFC_Br6423_ANT_MID	within_donor_adjacent_position	spatialDLPFC::Br6423	primary_expansion	reverse	SDLPFC_Br6423_ANT_MID__reverse	balanced_ot	0.25		R	I_SPATIAL	0.02	0.01	1500	0.006205227022044668	0.007414560912620962	0.006126249801524838	0.008857569717181334
spatialDLPFC	SDLPFC_Br6423_ANT_MID	within_donor_adjacent_position	spatialDLPFC::Br6423	primary_expansion	reverse	SDLPFC_Br6423_ANT_MID__reverse	balanced_ot	0.25		R	I_SPATIAL	0.01	0.005	1500	0.003084282739340081	0.0036807400775349434	0.003045172177453633	0.004398315627418576
spatialDLPFC	SDLPFC_Br6423_ANT_MID	within_donor_adjacent_position	spatialDLPFC::Br6423	primary_expansion	reverse	SDLPFC_Br6423_ANT_MID__reverse	balanced_ot	0.25		R	I_SPATIAL	0.005	0.0025	1500	0.0015374781428607299	0.0018338970981582453	0.0015181311430781956	0.0021915744247694097
spatialDLPFC	SDLPFC_Br6423_ANT_MID	within_donor_adjacent_position	spatialDLPFC::Br6423	primary_expansion	reverse	SDLPFC_Br6423_ANT_MID__reverse	balanced_ot	0.25		R	I_SPATIAL	0.0025	0.00125	1500	0.0007676222048087543	0.0009151662614142611	0.0007579559979052238	0.0010938990745917373
spatialDLPFC	SDLPFC_Br6423_ANT_MID	within_donor_adjacent_position	spatialDLPFC::Br6423	primary_expansion	reverse	SDLPFC_Br6423_ANT_MID__reverse	balanced_ot	0.25		R	I_SPATIAL	0.00125	0.000625	1500	0.00038352641284975625	0.0004571470012583128	0.000378701128963167	0.0005464774472652118
spatialDLPFC	SDLPFC_Br6423_ANT_MID	within_donor_adjacent_position	spatialDLPFC::Br6423	primary_expansion	reverse	SDLPFC_Br6423_ANT_MID__reverse	balanced_ot	0.25		N	I_EXPR	0.02	0.01	1500	0.006130213796815784	0.00722140875279851	0.006027918387447828	0.010464836554802305
spatialDLPFC	SDLPFC_Br6423_ANT_MID	within_donor_adjacent_position	spatialDLPFC::Br6423	primary_expansion	reverse	SDLPFC_Br6423_ANT_MID__reverse	balanced_ot	0.25		N	I_EXPR	0.01	0.005	1500	0.003084309419379892	0.0036355994167267436	0.003031324718726042	0.005282504282664823
spatialDLPFC	SDLPFC_Br6423_ANT_MID	within_donor_adjacent_position	spatialDLPFC::Br6423	primary_expansion	reverse	SDLPFC_Br6423_ANT_MID__reverse	balanced_ot	0.25		N	I_EXPR	0.005	0.0025	1500	0.0015465320159321742	0.0018238936152842236	0.001520036109813915	0.0026538501389565213
spatialDLPFC	SDLPFC_Br6423_ANT_MID	within_donor_adjacent_position	spatialDLPFC::Br6423	primary_expansion	reverse	SDLPFC_Br6423_ANT_MID__reverse	balanced_ot	0.25		N	I_EXPR	0.0025	0.00125	1500	0.0007743839646037279	0.0009134850302883598	0.000761115561849558	0.001330083385287644
spatialDLPFC	SDLPFC_Br6423_ANT_MID	within_donor_adjacent_position	spatialDLPFC::Br6423	primary_expansion	reverse	SDLPFC_Br6423_ANT_MID__reverse	balanced_ot	0.25		N	I_EXPR	0.00125	0.000625	1500	0.00038745624713146763	0.0004571440474364208	0.0003808326723097805	0.0006658327410937433
spatialDLPFC	SDLPFC_Br6423_ANT_MID	within_donor_adjacent_position	spatialDLPFC::Br6423	primary_expansion	reverse	SDLPFC_Br6423_ANT_MID__reverse	balanced_ot	0.25		N	I_SPATIAL	0.02	0.01	1500	0.006281941953719984	0.0074192513678482935	0.0061689378558939375	0.010870223369201319
spatialDLPFC	SDLPFC_Br6423_ANT_MID	within_donor_adjacent_position	spatialDLPFC::Br6423	primary_expansion	reverse	SDLPFC_Br6423_ANT_MID__reverse	balanced_ot	0.25		N	I_SPATIAL	0.01	0.005	1500	0.003121824763201788	0.0036849112416598257	0.0030665790345693294	0.005383847684704566
spatialDLPFC	SDLPFC_Br6423_ANT_MID	within_donor_adjacent_position	spatialDLPFC::Br6423	primary_expansion	reverse	SDLPFC_Br6423_ANT_MID__reverse	balanced_ot	0.25		N	I_SPATIAL	0.005	0.0025	1500	0.001555628499893695	0.0018361251264777164	0.0015288494880168616	0.00267918683914742
spatialDLPFC	SDLPFC_Br6423_ANT_MID	within_donor_adjacent_position	spatialDLPFC::Br6423	primary_expansion	reverse	SDLPFC_Br6423_ANT_MID__reverse	balanced_ot	0.25		N	I_SPATIAL	0.0025	0.00125	1500	0.0007765029351506531	0.0009165264466834977	0.0007633189037098519	0.0013364174624483744
spatialDLPFC	SDLPFC_Br6423_ANT_MID	within_donor_adjacent_position	spatialDLPFC::Br6423	primary_expansion	reverse	SDLPFC_Br6423_ANT_MID__reverse	balanced_ot	0.25		N	I_SPATIAL	0.00125	0.000625	1500	0.0003879861180310783	0.00045790254873647937	0.0003813835098864236	0.0006674162646210544
spatialDLPFC	SDLPFC_Br6432_ANT_MID	within_donor_adjacent_position	spatialDLPFC::Br6432	primary_expansion	forward	SDLPFC_Br6432_ANT_MID	uot	0.25	2.0	R	I_EXPR	0.02	0.01	1500	0.0009575321145117016	0.001325379832958287	0.0009964428386674954	0.0019300718218709916
spatialDLPFC	SDLPFC_Br6432_ANT_MID	within_donor_adjacent_position	spatialDLPFC::Br6432	primary_expansion	forward	SDLPFC_Br6432_ANT_MID	uot	0.25	2.0	R	I_EXPR	0.01	0.005	1500	0.0004785915706708031	0.0006625069025218123	0.0004980058071436665	0.0009646451236506629
spatialDLPFC	SDLPFC_Br6432_ANT_MID	within_donor_adjacent_position	spatialDLPFC::Br6432	primary_expansion	forward	SDLPFC_Br6432_ANT_MID	uot	0.25	2.0	R	I_EXPR	0.005	0.0025	1500	0.0002392466547283795	0.0003312078790408849	0.00024894900769140035	0.00048222465592132524
spatialDLPFC	SDLPFC_Br6432_ANT_MID	within_donor_adjacent_position	spatialDLPFC::Br6432	primary_expansion	forward	SDLPFC_Br6432_ANT_MID	uot	0.25	2.0	R	I_EXPR	0.0025	0.00125	1500	0.00011961104009964691	0.0001655925769981327	0.00012446102919025527	0.0002410878249726836
spatialDLPFC	SDLPFC_Br6432_ANT_MID	within_donor_adjacent_position	spatialDLPFC::Br6432	primary_expansion	forward	SDLPFC_Br6432_ANT_MID	uot	0.25	2.0	R	I_EXPR	0.00125	0.000625	1500	5.9802172264932294e-05	8.279344673126476e-05	6.222714592282565e-05	0.00012053778412437962
spatialDLPFC	SDLPFC_Br6432_ANT_MID	within_donor_adjacent_position	spatialDLPFC::Br6432	primary_expansion	forward	SDLPFC_Br6432_ANT_MID	uot	0.25	2.0	R	I_SPATIAL	0.02	0.01	1500	0.006486289867861959	0.007536346495168442	0.0063229794445456185	0.008191707849744772
spatialDLPFC	SDLPFC_Br6432_ANT_MID	within_donor_adjacent_position	spatialDLPFC::Br6432	primary_expansion	forward	SDLPFC_Br6432_ANT_MID	uot	0.25	2.0	R	I_SPATIAL	0.01	0.005	1500	0.003220604569849958	0.0037402756447919776	0.003142888899102686	0.004065581315615339
spatialDLPFC	SDLPFC_Br6432_ANT_MID	within_donor_adjacent_position	spatialDLPFC::Br6432	primary_expansion	forward	SDLPFC_Br6432_ANT_MID	uot	0.25	2.0	R	I_SPATIAL	0.005	0.0025	1500	0.0016057196371632443	0.0018636885999943381	0.0015668280161295043	0.0020252957014060377
spatialDLPFC	SDLPFC_Br6432_ANT_MID	within_donor_adjacent_position	spatialDLPFC::Br6432	primary_expansion	forward	SDLPFC_Br6432_ANT_MID	uot	0.25	2.0	R	I_SPATIAL	0.0025	0.00125	1500	0.0008017600607694349	0.0009302106153984778	0.0007822641315617348	0.0010107869866313257
spatialDLPFC	SDLPFC_Br6432_ANT_MID	within_donor_adjacent_position	spatialDLPFC::Br6432	primary_expansion	forward	SDLPFC_Br6432_ANT_MID	uot	0.25	2.0	R	I_SPATIAL	0.00125	0.000625	1500	0.0004005976214682507	0.0004647003285038413	0.00039084512488791546	0.0005049295253228153
spatialDLPFC	SDLPFC_Br6432_ANT_MID	within_donor_adjacent_position	spatialDLPFC::Br6432	primary_expansion	forward	SDLPFC_Br6432_ANT_MID	uot	0.25	2.0	N	I_EXPR	0.02	0.01	1500	0.005208906061275186	0.006162888147864875	0.005185979164632789	0.007363890628367908
spatialDLPFC	SDLPFC_Br6432_ANT_MID	within_donor_adjacent_position	spatialDLPFC::Br6432	primary_expansion	forward	SDLPFC_Br6432_ANT_MID	uot	0.25	2.0	N	I_EXPR	0.01	0.005	1500	0.0026164202343766712	0.0031013768783489212	0.0026082048186120603	0.003708950554848137
spatialDLPFC	SDLPFC_Br6432_ANT_MID	within_donor_adjacent_position	spatialDLPFC::Br6432	primary_expansion	forward	SDLPFC_Br6432_ANT_MID	uot	0.25	2.0	N	I_EXPR	0.005	0.0025	1500	0.0013116519210461125	0.0015555122973862946	0.001307934402934682	0.00186132956364753
spatialDLPFC	SDLPFC_Br6432_ANT_MID	within_donor_adjacent_position	spatialDLPFC::Br6432	primary_expansion	forward	SDLPFC_Br6432_ANT_MID	uot	0.25	2.0	N	I_EXPR	0.0025	0.00125	1500	0.0006566925334890378	0.0007789985234389668	0.0006549287523909421	0.0009323903888814135
spatialDLPFC	SDLPFC_Br6432_ANT_MID	within_donor_adjacent_position	spatialDLPFC::Br6432	primary_expansion	forward	SDLPFC_Br6432_ANT_MID	uot	0.25	2.0	N	I_EXPR	0.00125	0.000625	1500	0.000328586624218213	0.0003898206960451616	0.0003277052157834616	0.0004666282360257136
spatialDLPFC	SDLPFC_Br6432_ANT_MID	within_donor_adjacent_position	spatialDLPFC::Br6432	primary_expansion	forward	SDLPFC_Br6432_ANT_MID	uot	0.25	2.0	N	I_SPATIAL	0.02	0.01	1500	0.005334260454759104	0.006333130761842752	0.00530953604804201	0.007585916039347405
spatialDLPFC	SDLPFC_Br6432_ANT_MID	within_donor_adjacent_position	spatialDLPFC::Br6432	primary_expansion	forward	SDLPFC_Br6432_ANT_MID	uot	0.25	2.0	N	I_SPATIAL	0.01	0.005	1500	0.0026484515697540664	0.0031429675693319006	0.0026390912034763877	0.0037645430070180294
spatialDLPFC	SDLPFC_Br6432_ANT_MID	within_donor_adjacent_position	spatialDLPFC::Br6432	primary_expansion	forward	SDLPFC_Br6432_ANT_MID	uot	0.25	2.0	N	I_SPATIAL	0.005	0.0025	1500	0.001320235057973928	0.0015657874805769557	0.0013156557333101242	0.0018752372021157981
spatialDLPFC	SDLPFC_Br6432_ANT_MID	within_donor_adjacent_position	spatialDLPFC::Br6432	primary_expansion	forward	SDLPFC_Br6432_ANT_MID	uot	0.25	2.0	N	I_SPATIAL	0.0025	0.00125	1500	0.0006589628968122958	0.0007815952189193127	0.0006568591246810441	0.0009358685949302324
spatialDLPFC	SDLPFC_Br6432_ANT_MID	within_donor_adjacent_position	spatialDLPFC::Br6432	primary_expansion	forward	SDLPFC_Br6432_ANT_MID	uot	0.25	2.0	N	I_SPATIAL	0.00125	0.000625	1500	0.00032917046593534103	0.00039047354087171787	0.0003281878148740763	0.00046749786230169314
spatialDLPFC	SDLPFC_Br6432_ANT_MID	within_donor_adjacent_position	spatialDLPFC::Br6432	primary_expansion	forward	SDLPFC_Br6432_ANT_MID	row_softmax	0.25		R	I_EXPR	0.02	0.01	1500	0.0016397661685382276	0.0020853091460333547	0.001623006524634528	0.0026066481566659905
spatialDLPFC	SDLPFC_Br6432_ANT_MID	within_donor_adjacent_position	spatialDLPFC::Br6432	primary_expansion	forward	SDLPFC_Br6432_ANT_MID	row_softmax	0.25		R	I_EXPR	0.01	0.005	1500	0.0008186572644876097	0.0010418890051078031	0.0008106008527603873	0.0013021538158820524
spatialDLPFC	SDLPFC_Br6432_ANT_MID	within_donor_adjacent_position	spatialDLPFC::Br6432	primary_expansion	forward	SDLPFC_Br6432_ANT_MID	row_softmax	0.25		R	I_EXPR	0.005	0.0025	1500	0.0004090843293660869	0.0005207523686806978	0.00040507501013920325	0.0006507817170867802
spatialDLPFC	SDLPFC_Br6432_ANT_MID	within_donor_adjacent_position	spatialDLPFC::Br6432	primary_expansion	forward	SDLPFC_Br6432_ANT_MID	row_softmax	0.25		R	I_EXPR	0.0025	0.00125	1500	0.00020448108597568735	0.00026032800218421477	0.00020248117426789727	0.0003253186145498937
spatialDLPFC	SDLPFC_Br6432_ANT_MID	within_donor_adjacent_position	spatialDLPFC::Br6432	primary_expansion	forward	SDLPFC_Br6432_ANT_MID	row_softmax	0.25		R	I_EXPR	0.00125	0.000625	1500	0.00010222527255303089	0.00013015193813894718	0.00010122650896460593	0.00016264139485990786
spatialDLPFC	SDLPFC_Br6432_ANT_MID	within_donor_adjacent_position	spatialDLPFC::Br6432	primary_expansion	forward	SDLPFC_Br6432_ANT_MID	row_softmax	0.25		R	I_SPATIAL	0.02	0.01	1500	0.00594195919331955	0.006799654623351226	0.0057684961023317365	0.007114809561525915
spatialDLPFC	SDLPFC_Br6432_ANT_MID	within_donor_adjacent_position	spatialDLPFC::Br6432	primary_expansion	forward	SDLPFC_Br6432_ANT_MID	row_softmax	0.25		R	I_SPATIAL	0.01	0.005	1500	0.0029557419226877756	0.0033767974100078024	0.0028683816961815344	0.0035372550658530665
spatialDLPFC	SDLPFC_Br6432_ANT_MID	within_donor_adjacent_position	spatialDLPFC::Br6432	primary_expansion	forward	SDLPFC_Br6432_ANT_MID	row_softmax	0.25		R	I_SPATIAL	0.005	0.0025	1500	0.0014738207461717017	0.001682709023055266	0.001430252956381859	0.0017636003444731186
spatialDLPFC	SDLPFC_Br6432_ANT_MID	within_donor_adjacent_position	spatialDLPFC::Br6432	primary_expansion	forward	SDLPFC_Br6432_ANT_MID	row_softmax	0.25		R	I_SPATIAL	0.0025	0.00125	1500	0.0007358910717053108	0.0008399388805322263	0.0007141455531861005	0.0008805577824856624
spatialDLPFC	SDLPFC_Br6432_ANT_MID	within_donor_adjacent_position	spatialDLPFC::Br6432	primary_expansion	forward	SDLPFC_Br6432_ANT_MID	row_softmax	0.25		R	I_SPATIAL	0.00125	0.000625	1500	0.00036766478346947454	0.00041961571420312484	0.0003568280044895831	0.000439968825535956
spatialDLPFC	SDLPFC_Br6432_ANT_MID	within_donor_adjacent_position	spatialDLPFC::Br6432	primary_expansion	forward	SDLPFC_Br6432_ANT_MID	row_softmax	0.25		N	I_EXPR	0.02	0.01	1500	0.00619425525520445	0.006990573838676086	0.006048045506482325	0.007708848980224433
spatialDLPFC	SDLPFC_Br6432_ANT_MID	within_donor_adjacent_position	spatialDLPFC::Br6432	primary_expansion	forward	SDLPFC_Br6432_ANT_MID	row_softmax	0.25		N	I_EXPR	0.01	0.005	1500	0.0031121500294646375	0.0035138244623051616	0.00303889123919854	0.003881249434780081
spatialDLPFC	SDLPFC_Br6432_ANT_MID	within_donor_adjacent_position	spatialDLPFC::Br6432	primary_expansion	forward	SDLPFC_Br6432_ANT_MID	row_softmax	0.25		N	I_EXPR	0.005	0.0025	1500	0.0015608005827126704	0.0017608824078308224	0.0015231922825072702	0.0019473975754120184
spatialDLPFC	SDLPFC_Br6432_ANT_MID	within_donor_adjacent_position	spatialDLPFC::Br6432	primary_expansion	forward	SDLPFC_Br6432_ANT_MID	row_softmax	0.25		N	I_EXPR	0.0025	0.00125	1500	0.0007811077910870278	0.0008817024597650555	0.000762536574046918	0.0009754015565399669
spatialDLPFC	SDLPFC_Br6432_ANT_MID	within_donor_adjacent_position	spatialDLPFC::Br6432	primary_expansion	forward	SDLPFC_Br6432_ANT_MID	row_softmax	0.25		N	I_EXPR	0.00125	0.000625	1500	0.0003907678813093122	0.00044115997897833963	0.0003815038910717768	0.0004881275527669681
spatialDLPFC	SDLPFC_Br6432_ANT_MID	within_donor_adjacent_position	spatialDLPFC::Br6432	primary_expansion	forward	SDLPFC_Br6432_ANT_MID	row_softmax	0.25		N	I_SPATIAL	0.02	0.01	1500	0.006318305393420234	0.0071469674281605024	0.006168911762423382	0.007927820170657945
spatialDLPFC	SDLPFC_Br6432_ANT_MID	within_donor_adjacent_position	spatialDLPFC::Br6432	primary_expansion	forward	SDLPFC_Br6432_ANT_MID	row_softmax	0.25		N	I_SPATIAL	0.01	0.005	1500	0.0031446637586190727	0.003552374036891523	0.0030691064415054197	0.003936000216129903
spatialDLPFC	SDLPFC_Br6432_ANT_MID	within_donor_adjacent_position	spatialDLPFC::Br6432	primary_expansion	forward	SDLPFC_Br6432_ANT_MID	row_softmax	0.25		N	I_SPATIAL	0.005	0.0025	1500	0.0015679516164918389	0.0017705573440011627	0.001530746091915727	0.0019610902331918985
spatialDLPFC	SDLPFC_Br6432_ANT_MID	within_donor_adjacent_position	spatialDLPFC::Br6432	primary_expansion	forward	SDLPFC_Br6432_ANT_MID	row_softmax	0.25		N	I_SPATIAL	0.0025	0.00125	1500	0.0007829076722602694	0.0008838784620610102	0.000764425083050695	0.0009788254229466677
spatialDLPFC	SDLPFC_Br6432_ANT_MID	within_donor_adjacent_position	spatialDLPFC::Br6432	primary_expansion	forward	SDLPFC_Br6432_ANT_MID	row_softmax	0.25		N	I_SPATIAL	0.00125	0.000625	1500	0.0003911821275415896	0.0004416663053472568	0.0003819760110502144	0.0004889836856490324
spatialDLPFC	SDLPFC_Br6432_ANT_MID	within_donor_adjacent_position	spatialDLPFC::Br6432	primary_expansion	forward	SDLPFC_Br6432_ANT_MID	balanced_ot	0.25		R	I_EXPR	0.02	0.01	1500	0.0006191421741029376	0.0009084498836311977	0.0006685203954470811	0.0014607822088432963
spatialDLPFC	SDLPFC_Br6432_ANT_MID	within_donor_adjacent_position	spatialDLPFC::Br6432	primary_expansion	forward	SDLPFC_Br6432_ANT_MID	balanced_ot	0.25		R	I_EXPR	0.01	0.005	1500	0.00030963100546694134	0.00045421511708063203	0.0003342604546462446	0.0007304661015885523
spatialDLPFC	SDLPFC_Br6432_ANT_MID	within_donor_adjacent_position	spatialDLPFC::Br6432	primary_expansion	forward	SDLPFC_Br6432_ANT_MID	balanced_ot	0.25		R	I_EXPR	0.005	0.0025	1500	0.00015482094638648837	0.0002270737838393038	0.00016713029159613386	0.0003652519093908289
spatialDLPFC	SDLPFC_Br6432_ANT_MID	within_donor_adjacent_position	spatialDLPFC::Br6432	primary_expansion	forward	SDLPFC_Br6432_ANT_MID	balanced_ot	0.25		R	I_EXPR	0.0025	0.00125	1500	7.741154336780287e-05	0.00011351848871855833	8.356516367379311e-05	0.00018263079999477347
spatialDLPFC	SDLPFC_Br6432_ANT_MID	within_donor_adjacent_position	spatialDLPFC::Br6432	primary_expansion	forward	SDLPFC_Br6432_ANT_MID	balanced_ot	0.25		R	I_EXPR	0.00125	0.000625	1500	3.870603676638303e-05	5.6754639499433686e-05	4.178258559204145e-05	9.131659705479924e-05
spatialDLPFC	SDLPFC_Br6432_ANT_MID	within_donor_adjacent_position	spatialDLPFC::Br6432	primary_expansion	forward	SDLPFC_Br6432_ANT_MID	balanced_ot	0.25		R	I_SPATIAL	0.02	0.01	1500	0.0062700951938895804	0.007309864862758709	0.0061364229436182685	0.008024249577557376
spatialDLPFC	SDLPFC_Br6432_ANT_MID	within_donor_adjacent_position	spatialDLPFC::Br6432	primary_expansion	forward	SDLPFC_Br6432_ANT_MID	balanced_ot	0.25		R	I_SPATIAL	0.01	0.005	1500	0.003116169325003028	0.003629093521189013	0.003050392713023335	0.003980403057348138
spatialDLPFC	SDLPFC_Br6432_ANT_MID	within_donor_adjacent_position	spatialDLPFC::Br6432	primary_expansion	forward	SDLPFC_Br6432_ANT_MID	balanced_ot	0.25		R	I_SPATIAL	0.005	0.0025	1500	0.001553380161366748	0.0018081595948250355	0.001520772367541758	0.0019823840772006367
spatialDLPFC	SDLPFC_Br6432_ANT_MID	within_donor_adjacent_position	spatialDLPFC::Br6432	primary_expansion	forward	SDLPFC_Br6432_ANT_MID	balanced_ot	0.25		R	I_SPATIAL	0.0025	0.00125	1500	0.0007754632715122048	0.0009026378569044843	0.0007592840464057154	0.0009892523069331112
spatialDLPFC	SDLPFC_Br6432_ANT_MID	within_donor_adjacent_position	spatialDLPFC::Br6432	primary_expansion	forward	SDLPFC_Br6432_ANT_MID	balanced_ot	0.25		R	I_SPATIAL	0.00125	0.000625	1500	0.00038742555099130586	0.0004509081380029869	0.00037936696153558175	0.0004941420459795353
spatialDLPFC	SDLPFC_Br6432_ANT_MID	within_donor_adjacent_position	spatialDLPFC::Br6432	primary_expansion	forward	SDLPFC_Br6432_ANT_MID	balanced_ot	0.25		N	I_EXPR	0.02	0.01	1500	0.006145862153057914	0.007111604405958558	0.006026964417918227	0.008364997908093228
spatialDLPFC	SDLPFC_Br6432_ANT_MID	within_donor_adjacent_position	spatialDLPFC::Br6432	primary_expansion	forward	SDLPFC_Br6432_ANT_MID	balanced_ot	0.25		N	I_EXPR	0.01	0.005	1500	0.0030902163565243433	0.0035800427604695054	0.0030307462245372343	0.004217640093106477
spatialDLPFC	SDLPFC_Br6432_ANT_MID	within_donor_adjacent_position	spatialDLPFC::Br6432	primary_expansion	forward	SDLPFC_Br6432_ANT_MID	balanced_ot	0.25		N	I_EXPR	0.005	0.0025	1500	0.0015492108037515628	0.0017955915556423746	0.0015197193981524623	0.00211767373776405
spatialDLPFC	SDLPFC_Br6432_ANT_MID	within_donor_adjacent_position	spatialDLPFC::Br6432	primary_expansion	forward	SDLPFC_Br6432_ANT_MID	balanced_ot	0.25		N	I_EXPR	0.0025	0.00125	1500	0.000775722629134032	0.0008993907523149049	0.0007609500597868592	0.0010610598816119135
spatialDLPFC	SDLPFC_Br6432_ANT_MID	within_donor_adjacent_position	spatialDLPFC::Br6432	primary_expansion	forward	SDLPFC_Br6432_ANT_MID	balanced_ot	0.25		N	I_EXPR	0.00125	0.000625	1500	0.00038814167096366695	0.0004501032883404003	0.00038074807146584977	0.0005310866524269958
spatialDLPFC	SDLPFC_Br6432_ANT_MID	within_donor_adjacent_position	spatialDLPFC::Br6432	primary_expansion	forward	SDLPFC_Br6432_ANT_MID	balanced_ot	0.25		N	I_SPATIAL	0.02	0.01	1500	0.006299174823435313	0.007304532111149866	0.0061670246624935515	0.008650568524208339
spatialDLPFC	SDLPFC_Br6432_ANT_MID	within_donor_adjacent_position	spatialDLPFC::Br6432	primary_expansion	forward	SDLPFC_Br6432_ANT_MID	balanced_ot	0.25		N	I_SPATIAL	0.01	0.005	1500	0.003128203016865936	0.0036289851859220195	0.0030657606678811183	0.004289028265910678
spatialDLPFC	SDLPFC_Br6432_ANT_MID	within_donor_adjacent_position	spatialDLPFC::Br6432	primary_expansion	forward	SDLPFC_Br6432_ANT_MID	balanced_ot	0.25		N	I_SPATIAL	0.005	0.0025	1500	0.0015585274930567453	0.0018085461208422024	0.0015284727395693427	0.0021355192914503393
spatialDLPFC	SDLPFC_Br6432_ANT_MID	within_donor_adjacent_position	spatialDLPFC::Br6432	primary_expansion	forward	SDLPFC_Br6432_ANT_MID	balanced_ot	0.25		N	I_SPATIAL	0.0025	0.00125	1500	0.000777968742750807	0.0009026560842792189	0.0007631383407865217	0.0010655212751802489
spatialDLPFC	SDLPFC_Br6432_ANT_MID	within_donor_adjacent_position	spatialDLPFC::Br6432	primary_expansion	forward	SDLPFC_Br6432_ANT_MID	balanced_ot	0.25		N	I_SPATIAL	0.00125	0.000625	1500	0.0003887033307865801	0.00045091971687954844	0.0003812951439440198	0.0005322020023330105
spatialDLPFC	SDLPFC_Br6432_ANT_MID	within_donor_adjacent_position	spatialDLPFC::Br6432	primary_expansion	reverse	SDLPFC_Br6432_ANT_MID__reverse	uot	0.25	2.0	R	I_EXPR	0.02	0.01	1500	0.0009936201507259879	0.0013423682338359149	0.001035129316092788	0.0017663854318304287
spatialDLPFC	SDLPFC_Br6432_ANT_MID	within_donor_adjacent_position	spatialDLPFC::Br6432	primary_expansion	reverse	SDLPFC_Br6432_ANT_MID__reverse	uot	0.25	2.0	R	I_EXPR	0.01	0.005	1500	0.0004966328418014854	0.0006708608925254532	0.0005173232944865925	0.0008830776144053167
spatialDLPFC	SDLPFC_Br6432_ANT_MID	within_donor_adjacent_position	spatialDLPFC::Br6432	primary_expansion	reverse	SDLPFC_Br6432_ANT_MID__reverse	uot	0.25	2.0	R	I_EXPR	0.005	0.0025	1500	0.0002482652097374492	0.00033532533306627164	0.00025860132539386806	0.0004415095504833351
spatialDLPFC	SDLPFC_Br6432_ANT_MID	within_donor_adjacent_position	spatialDLPFC::Br6432	primary_expansion	reverse	SDLPFC_Br6432_ANT_MID__reverse	uot	0.25	2.0	R	I_EXPR	0.0025	0.00125	1500	0.0001241179845846674	0.00016763638168412686	0.00012928558282240265	0.00022074740018308093
spatialDLPFC	SDLPFC_Br6432_ANT_MID	within_donor_adjacent_position	spatialDLPFC::Br6432	primary_expansion	reverse	SDLPFC_Br6432_ANT_MID__reverse	uot	0.25	2.0	R	I_EXPR	0.00125	0.000625	1500	6.205534387002485e-05	8.38116171376495e-05	6.463902170458218e-05	0.00011037184880236797
spatialDLPFC	SDLPFC_Br6432_ANT_MID	within_donor_adjacent_position	spatialDLPFC::Br6432	primary_expansion	reverse	SDLPFC_Br6432_ANT_MID__reverse	uot	0.25	2.0	R	I_SPATIAL	0.02	0.01	1500	0.006407559499486248	0.0075870104479584845	0.00630344229848906	0.008342729554924643
spatialDLPFC	SDLPFC_Br6432_ANT_MID	within_donor_adjacent_position	spatialDLPFC::Br6432	primary_expansion	reverse	SDLPFC_Br6432_ANT_MID__reverse	uot	0.25	2.0	R	I_SPATIAL	0.01	0.005	1500	0.003183544389376168	0.0037687832116557467	0.0031332859072245793	0.004140305941510483
spatialDLPFC	SDLPFC_Br6432_ANT_MID	within_donor_adjacent_position	spatialDLPFC::Br6432	primary_expansion	reverse	SDLPFC_Br6432_ANT_MID__reverse	uot	0.25	2.0	R	I_SPATIAL	0.005	0.0025	1500	0.0015869775599163792	0.0018780129981027795	0.001562067636316482	0.0020624494399655393
spatialDLPFC	SDLPFC_Br6432_ANT_MID	within_donor_adjacent_position	spatialDLPFC::Br6432	primary_expansion	reverse	SDLPFC_Br6432_ANT_MID__reverse	uot	0.25	2.0	R	I_SPATIAL	0.0025	0.00125	1500	0.0007922576681251711	0.0009375391565993099	0.0007798941760258799	0.0010293068353479772
spatialDLPFC	SDLPFC_Br6432_ANT_MID	within_donor_adjacent_position	spatialDLPFC::Br6432	primary_expansion	reverse	SDLPFC_Br6432_ANT_MID__reverse	uot	0.25	2.0	R	I_SPATIAL	0.00125	0.000625	1500	0.00039582184649601925	0.0004684034709370258	0.0003896626995327832	0.0005141746381295106
spatialDLPFC	SDLPFC_Br6432_ANT_MID	within_donor_adjacent_position	spatialDLPFC::Br6432	primary_expansion	reverse	SDLPFC_Br6432_ANT_MID__reverse	uot	0.25	2.0	N	I_EXPR	0.02	0.01	1500	0.005194294535638041	0.006114111213842921	0.005185910994921036	0.00715338594119657
spatialDLPFC	SDLPFC_Br6432_ANT_MID	within_donor_adjacent_position	spatialDLPFC::Br6432	primary_expansion	reverse	SDLPFC_Br6432_ANT_MID__reverse	uot	0.25	2.0	N	I_EXPR	0.01	0.005	1500	0.0026132951362566716	0.0030759180788176525	0.002608103938550651	0.00359818681675033
spatialDLPFC	SDLPFC_Br6432_ANT_MID	within_donor_adjacent_position	spatialDLPFC::Br6432	primary_expansion	reverse	SDLPFC_Br6432_ANT_MID__reverse	uot	0.25	2.0	N	I_EXPR	0.005	0.0025	1500	0.0013109767828396975	0.001543817070318201	0.0013078669765931577	0.0018045026747177573
spatialDLPFC	SDLPFC_Br6432_ANT_MID	within_donor_adjacent_position	spatialDLPFC::Br6432	primary_expansion	reverse	SDLPFC_Br6432_ANT_MID__reverse	uot	0.25	2.0	N	I_EXPR	0.0025	0.00125	1500	0.0006564530727603819	0.0007733603618195612	0.0006548907675488905	0.0009036069401757274
spatialDLPFC	SDLPFC_Br6432_ANT_MID	within_donor_adjacent_position	spatialDLPFC::Br6432	primary_expansion	reverse	SDLPFC_Br6432_ANT_MID__reverse	uot	0.25	2.0	N	I_EXPR	0.00125	0.000625	1500	0.0003284570270327313	0.0003869454395575774	0.0003276851516174475	0.0004521428590861389
spatialDLPFC	SDLPFC_Br6432_ANT_MID	within_donor_adjacent_position	spatialDLPFC::Br6432	primary_expansion	reverse	SDLPFC_Br6432_ANT_MID__reverse	uot	0.25	2.0	N	I_SPATIAL	0.02	0.01	1500	0.00532486763945361	0.006274126111668963	0.005308916414017903	0.007327622373497671
spatialDLPFC	SDLPFC_Br6432_ANT_MID	within_donor_adjacent_position	spatialDLPFC::Br6432	primary_expansion	reverse	SDLPFC_Br6432_ANT_MID__reverse	uot	0.25	2.0	N	I_SPATIAL	0.01	0.005	1500	0.0026461184147232152	0.0031159956274998397	0.0026388525125172137	0.003641726086106322
spatialDLPFC	SDLPFC_Br6432_ANT_MID	within_donor_adjacent_position	spatialDLPFC::Br6432	primary_expansion	reverse	SDLPFC_Br6432_ANT_MID__reverse	uot	0.25	2.0	N	I_SPATIAL	0.005	0.0025	1500	0.0013190803924342858	0.0015527964015884387	0.0013155538606960339	0.0018153787899591028
spatialDLPFC	SDLPFC_Br6432_ANT_MID	within_donor_adjacent_position	spatialDLPFC::Br6432	primary_expansion	reverse	SDLPFC_Br6432_ANT_MID__reverse	uot	0.25	2.0	N	I_SPATIAL	0.0025	0.00125	1500	0.0006584992650720054	0.0007753942098563999	0.0006568125278322445	0.0009063259634717376
spatialDLPFC	SDLPFC_Br6432_ANT_MID	within_donor_adjacent_position	spatialDLPFC::Br6432	primary_expansion	reverse	SDLPFC_Br6432_ANT_MID__reverse	uot	0.25	2.0	N	I_SPATIAL	0.00125	0.000625	1500	0.00032898570200941404	0.00038744639485203795	0.00032816559707892406	0.00045282261424292196
spatialDLPFC	SDLPFC_Br6432_ANT_MID	within_donor_adjacent_position	spatialDLPFC::Br6432	primary_expansion	reverse	SDLPFC_Br6432_ANT_MID__reverse	row_softmax	0.25		R	I_EXPR	0.02	0.01	1500	0.0034319572319193854	0.003907589987931853	0.003359092363229346	0.004443814305103999
spatialDLPFC	SDLPFC_Br6432_ANT_MID	within_donor_adjacent_position	spatialDLPFC::Br6432	primary_expansion	reverse	SDLPFC_Br6432_ANT_MID__reverse	row_softmax	0.25		R	I_EXPR	0.01	0.005	1500	0.0017123608067555304	0.0019486847441199172	0.0016758113302497825	0.00221657243021836
spatialDLPFC	SDLPFC_Br6432_ANT_MID	within_donor_adjacent_position	spatialDLPFC::Br6432	primary_expansion	reverse	SDLPFC_Br6432_ANT_MID__reverse	row_softmax	0.25		R	I_EXPR	0.005	0.0025	1500	0.0008552063284772893	0.0009730062287595001	0.0008369724905523806	0.0011069513126759785
spatialDLPFC	SDLPFC_Br6432_ANT_MID	within_donor_adjacent_position	spatialDLPFC::Br6432	primary_expansion	reverse	SDLPFC_Br6432_ANT_MID__reverse	row_softmax	0.25		R	I_EXPR	0.0025	0.00125	1500	0.00042735961544057175	0.00048620474837270935	0.00041825302540713695	0.00055314190635977
spatialDLPFC	SDLPFC_Br6432_ANT_MID	within_donor_adjacent_position	spatialDLPFC::Br6432	primary_expansion	reverse	SDLPFC_Br6432_ANT_MID__reverse	row_softmax	0.25		R	I_EXPR	0.00125	0.000625	1500	0.00021361898710600536	0.0002430346829910919	0.00020906821906067612	0.0002764874510993861
spatialDLPFC	SDLPFC_Br6432_ANT_MID	within_donor_adjacent_position	spatialDLPFC::Br6432	primary_expansion	reverse	SDLPFC_Br6432_ANT_MID__reverse	row_softmax	0.25		R	I_SPATIAL	0.02	0.01	1500	0.005965502221990635	0.006826889581615687	0.005774280287345964	0.007671259986362549
spatialDLPFC	SDLPFC_Br6432_ANT_MID	within_donor_adjacent_position	spatialDLPFC::Br6432	primary_expansion	reverse	SDLPFC_Br6432_ANT_MID__reverse	row_softmax	0.25		R	I_SPATIAL	0.01	0.005	1500	0.0029669744461199897	0.003393074864677695	0.0028721580809320077	0.0038112696824664804
spatialDLPFC	SDLPFC_Br6432_ANT_MID	within_donor_adjacent_position	spatialDLPFC::Br6432	primary_expansion	reverse	SDLPFC_Br6432_ANT_MID__reverse	row_softmax	0.25		R	I_SPATIAL	0.005	0.0025	1500	0.001479548898540692	0.0016915041509206695	0.0014323568572245143	0.001899664106801617
spatialDLPFC	SDLPFC_Br6432_ANT_MID	within_donor_adjacent_position	spatialDLPFC::Br6432	primary_expansion	reverse	SDLPFC_Br6432_ANT_MID__reverse	row_softmax	0.25		R	I_SPATIAL	0.0025	0.00125	1500	0.0007387686992171318	0.0008444732725052251	0.0007152507450363581	0.0009483424543539512
spatialDLPFC	SDLPFC_Br6432_ANT_MID	within_donor_adjacent_position	spatialDLPFC::Br6432	primary_expansion	reverse	SDLPFC_Br6432_ANT_MID__reverse	row_softmax	0.25		R	I_SPATIAL	0.00125	0.000625	1500	0.0003691325973556825	0.0004218980617009141	0.00035739382789644493	0.0004737991650029696
spatialDLPFC	SDLPFC_Br6432_ANT_MID	within_donor_adjacent_position	spatialDLPFC::Br6432	primary_expansion	reverse	SDLPFC_Br6432_ANT_MID__reverse	row_softmax	0.25		N	I_EXPR	0.02	0.01	1500	0.007037400952169109	0.008230270921330368	0.007056316413240365	0.01009769641473211
spatialDLPFC	SDLPFC_Br6432_ANT_MID	within_donor_adjacent_position	spatialDLPFC::Br6432	primary_expansion	reverse	SDLPFC_Br6432_ANT_MID__reverse	row_softmax	0.25		N	I_EXPR	0.01	0.005	1500	0.003531468999494719	0.004128871326962269	0.0035390016897550317	0.0050660212355230294
spatialDLPFC	SDLPFC_Br6432_ANT_MID	within_donor_adjacent_position	spatialDLPFC::Br6432	primary_expansion	reverse	SDLPFC_Br6432_ANT_MID__reverse	row_softmax	0.25		N	I_EXPR	0.005	0.0025	1500	0.0017689684638511583	0.0020666090957075184	0.001772235504770594	0.0025373606747288507
spatialDLPFC	SDLPFC_Br6432_ANT_MID	within_donor_adjacent_position	spatialDLPFC::Br6432	primary_expansion	reverse	SDLPFC_Br6432_ANT_MID__reverse	row_softmax	0.25		N	I_EXPR	0.0025	0.00125	1500	0.0008851950600046513	0.0010338492642641656	0.0008868044104690114	0.0012697498764715264
spatialDLPFC	SDLPFC_Br6432_ANT_MID	within_donor_adjacent_position	spatialDLPFC::Br6432	primary_expansion	reverse	SDLPFC_Br6432_ANT_MID__reverse	row_softmax	0.25		N	I_EXPR	0.00125	0.000625	1500	0.000442759117791523	0.0005170599493249913	0.00044357424746780305	0.0006351427316723562
spatialDLPFC	SDLPFC_Br6432_ANT_MID	within_donor_adjacent_position	spatialDLPFC::Br6432	primary_expansion	reverse	SDLPFC_Br6432_ANT_MID__reverse	row_softmax	0.25		N	I_SPATIAL	0.02	0.01	1500	0.0071415803657378304	0.008327539557647319	0.007144606495049532	0.01023593127358748
spatialDLPFC	SDLPFC_Br6432_ANT_MID	within_donor_adjacent_position	spatialDLPFC::Br6432	primary_expansion	reverse	SDLPFC_Br6432_ANT_MID__reverse	row_softmax	0.25		N	I_SPATIAL	0.01	0.005	1500	0.003555924738881241	0.00414976990455444	0.0035610716285514694	0.005100523402383589
spatialDLPFC	SDLPFC_Br6432_ANT_MID	within_donor_adjacent_position	spatialDLPFC::Br6432	primary_expansion	reverse	SDLPFC_Br6432_ANT_MID__reverse	row_softmax	0.25		N	I_SPATIAL	0.005	0.0025	1500	0.0017747622022483496	0.0020716809102186745	0.001777752759570965	0.002545946303011129
spatialDLPFC	SDLPFC_Br6432_ANT_MID	within_donor_adjacent_position	spatialDLPFC::Br6432	primary_expansion	reverse	SDLPFC_Br6432_ANT_MID__reverse	row_softmax	0.25		N	I_SPATIAL	0.0025	0.00125	1500	0.000886684377152341	0.0010350420962623116	0.0008881837139658757	0.001271895982469732
spatialDLPFC	SDLPFC_Br6432_ANT_MID	within_donor_adjacent_position	spatialDLPFC::Br6432	primary_expansion	reverse	SDLPFC_Br6432_ANT_MID__reverse	row_softmax	0.25		N	I_SPATIAL	0.00125	0.000625	1500	0.0004431309736192199	0.0005173281382769401	0.0004439190692316557	0.0006356791399564435
spatialDLPFC	SDLPFC_Br6432_ANT_MID	within_donor_adjacent_position	spatialDLPFC::Br6432	primary_expansion	reverse	SDLPFC_Br6432_ANT_MID__reverse	balanced_ot	0.25		R	I_EXPR	0.02	0.01	1500	0.0006117581474915689	0.000895268558857352	0.0006516599838070624	0.0016469489576335847
spatialDLPFC	SDLPFC_Br6432_ANT_MID	within_donor_adjacent_position	spatialDLPFC::Br6432	primary_expansion	reverse	SDLPFC_Br6432_ANT_MID__reverse	balanced_ot	0.25		R	I_EXPR	0.01	0.005	1500	0.00030586440456737665	0.00044763485352472846	0.0003258259681092838	0.0008235319680269887
spatialDLPFC	SDLPFC_Br6432_ANT_MID	within_donor_adjacent_position	spatialDLPFC::Br6432	primary_expansion	reverse	SDLPFC_Br6432_ANT_MID__reverse	balanced_ot	0.25		R	I_EXPR	0.005	0.0025	1500	0.00015291700532504062	0.00022381740969552952	0.00016291198288144787	0.0004117821454298365
spatialDLPFC	SDLPFC_Br6432_ANT_MID	within_donor_adjacent_position	spatialDLPFC::Br6432	primary_expansion	reverse	SDLPFC_Br6432_ANT_MID__reverse	balanced_ot	0.25		R	I_EXPR	0.0025	0.00125	1500	7.645468595329931e-05	0.00011190867673193996	8.145574481273e-05	0.00020589516672374944
spatialDLPFC	SDLPFC_Br6432_ANT_MID	within_donor_adjacent_position	spatialDLPFC::Br6432	primary_expansion	reverse	SDLPFC_Br6432_ANT_MID__reverse	balanced_ot	0.25		R	I_EXPR	0.00125	0.000625	1500	3.822638475725684e-05	5.5954335631916235e-05	4.072780821684716e-05	0.00010294858662266944
spatialDLPFC	SDLPFC_Br6432_ANT_MID	within_donor_adjacent_position	spatialDLPFC::Br6432	primary_expansion	reverse	SDLPFC_Br6432_ANT_MID__reverse	balanced_ot	0.25		R	I_SPATIAL	0.02	0.01	1500	0.006151641065302443	0.007451765133451731	0.006120478604354256	0.007912608290900364
spatialDLPFC	SDLPFC_Br6432_ANT_MID	within_donor_adjacent_position	spatialDLPFC::Br6432	primary_expansion	reverse	SDLPFC_Br6432_ANT_MID__reverse	balanced_ot	0.25		R	I_SPATIAL	0.01	0.005	1500	0.003057348626772635	0.0037035022610555435	0.003042476384739545	0.003927029094242331
spatialDLPFC	SDLPFC_Br6432_ANT_MID	within_donor_adjacent_position	spatialDLPFC::Br6432	primary_expansion	reverse	SDLPFC_Br6432_ANT_MID__reverse	balanced_ot	0.25		R	I_SPATIAL	0.005	0.0025	1500	0.0015250251157270128	0.001846369611275756	0.0015168284489507212	0.001956257187234792
spatialDLPFC	SDLPFC_Br6432_ANT_MID	within_donor_adjacent_position	spatialDLPFC::Br6432	primary_expansion	reverse	SDLPFC_Br6432_ANT_MID__reverse	balanced_ot	0.25		R	I_SPATIAL	0.0025	0.00125	1500	0.0007615552237429967	0.0009218418948638946	0.000757315676295771	0.0009763208658719
spatialDLPFC	SDLPFC_Br6432_ANT_MID	within_donor_adjacent_position	spatialDLPFC::Br6432	primary_expansion	reverse	SDLPFC_Br6432_ANT_MID__reverse	balanced_ot	0.25		R	I_SPATIAL	0.00125	0.000625	1500	0.0003804922065026885	0.0004605853577377605	0.00037838367419643554	0.00048770907984663323
spatialDLPFC	SDLPFC_Br6432_ANT_MID	within_donor_adjacent_position	spatialDLPFC::Br6432	primary_expansion	reverse	SDLPFC_Br6432_ANT_MID__reverse	balanced_ot	0.25		N	I_EXPR	0.02	0.01	1500	0.006071527954977294	0.007286540900112772	0.006016308328124324	0.007955683088747017
spatialDLPFC	SDLPFC_Br6432_ANT_MID	within_donor_adjacent_position	spatialDLPFC::Br6432	primary_expansion	reverse	SDLPFC_Br6432_ANT_MID__reverse	balanced_ot	0.25		N	I_EXPR	0.01	0.005	1500	0.0030514732633716776	0.003668046585734404	0.0030253269788095647	0.0040044295205354866
spatialDLPFC	SDLPFC_Br6432_ANT_MID	within_donor_adjacent_position	spatialDLPFC::Br6432	primary_expansion	reverse	SDLPFC_Br6432_ANT_MID__reverse	balanced_ot	0.25		N	I_EXPR	0.005	0.0025	1500	0.001529956207255643	0.001839986526278306	0.0015169869326732744	0.002008910719187659
spatialDLPFC	SDLPFC_Br6432_ANT_MID	within_donor_adjacent_position	spatialDLPFC::Br6432	primary_expansion	reverse	SDLPFC_Br6432_ANT_MID__reverse	balanced_ot	0.25		N	I_EXPR	0.0025	0.00125	1500	0.0007658706002469115	0.0009214848805456256	0.0007595780875568963	0.001006136749135546
spatialDLPFC	SDLPFC_Br6432_ANT_MID	within_donor_adjacent_position	spatialDLPFC::Br6432	primary_expansion	reverse	SDLPFC_Br6432_ANT_MID__reverse	balanced_ot	0.25		N	I_EXPR	0.00125	0.000625	1500	0.00038315718459644346	0.0004611159670454251	0.0003800606519619453	0.0005034902504855601
spatialDLPFC	SDLPFC_Br6432_ANT_MID	within_donor_adjacent_position	spatialDLPFC::Br6432	primary_expansion	reverse	SDLPFC_Br6432_ANT_MID__reverse	balanced_ot	0.25		N	I_SPATIAL	0.02	0.01	1500	0.006202565671091511	0.007482651675368667	0.00615563334771945	0.008171987624275913
spatialDLPFC	SDLPFC_Br6432_ANT_MID	within_donor_adjacent_position	spatialDLPFC::Br6432	primary_expansion	reverse	SDLPFC_Br6432_ANT_MID__reverse	balanced_ot	0.25		N	I_SPATIAL	0.01	0.005	1500	0.003083711821731527	0.0037159439634521234	0.003060157714868037	0.004058504730783757
spatialDLPFC	SDLPFC_Br6432_ANT_MID	within_donor_adjacent_position	spatialDLPFC::Br6432	primary_expansion	reverse	SDLPFC_Br6432_ANT_MID__reverse	balanced_ot	0.25		N	I_SPATIAL	0.005	0.0025	1500	0.0015376327941848907	0.0018519581714450835	0.0015256943258729525	0.0020224352389693876
spatialDLPFC	SDLPFC_Br6432_ANT_MID	within_donor_adjacent_position	spatialDLPFC::Br6432	primary_expansion	reverse	SDLPFC_Br6432_ANT_MID__reverse	balanced_ot	0.25		N	I_SPATIAL	0.0025	0.00125	1500	0.0007677935987659668	0.0009244788297090877	0.0007617548876711943	0.0010095188850676928
spatialDLPFC	SDLPFC_Br6432_ANT_MID	within_donor_adjacent_position	spatialDLPFC::Br6432	primary_expansion	reverse	SDLPFC_Br6432_ANT_MID__reverse	balanced_ot	0.25		N	I_SPATIAL	0.00125	0.000625	1500	0.00038363221072273783	0.0004618647629903303	0.00038060485400834266	0.0005043358879974692
spatialDLPFC	SDLPFC_Br6471_ANT_MID	within_donor_adjacent_position	spatialDLPFC::Br6471	primary_expansion	forward	SDLPFC_Br6471_ANT_MID	uot	0.25	2.0	R	I_EXPR	0.02	0.01	1500	0.0014049066422770415	0.0021434997530414336	0.0014676832677713095	0.003712665918971826
spatialDLPFC	SDLPFC_Br6471_ANT_MID	within_donor_adjacent_position	spatialDLPFC::Br6471	primary_expansion	forward	SDLPFC_Br6471_ANT_MID	uot	0.25	2.0	R	I_EXPR	0.01	0.005	1500	0.0007026811770417562	0.0010708591996057579	0.0007334104247496021	0.0018550005885331618
spatialDLPFC	SDLPFC_Br6471_ANT_MID	within_donor_adjacent_position	spatialDLPFC::Br6471	primary_expansion	forward	SDLPFC_Br6471_ANT_MID	uot	0.25	2.0	R	I_EXPR	0.005	0.0025	1500	0.0003513968940334301	0.0005352223573275469	0.000366597162056969	0.0009271628294441951
spatialDLPFC	SDLPFC_Br6471_ANT_MID	within_donor_adjacent_position	spatialDLPFC::Br6471	primary_expansion	forward	SDLPFC_Br6471_ANT_MID	uot	0.25	2.0	R	I_EXPR	0.0025	0.00125	1500	0.0001756846488421393	0.00026759096484659526	0.00018327153840999667	0.00046349650266981965
spatialDLPFC	SDLPFC_Br6471_ANT_MID	within_donor_adjacent_position	spatialDLPFC::Br6471	primary_expansion	forward	SDLPFC_Br6471_ANT_MID	uot	0.25	2.0	R	I_EXPR	0.00125	0.000625	1500	8.783614750851627e-05	0.00013378011414267948	9.162900408895506e-05	0.00023172695664205233
spatialDLPFC	SDLPFC_Br6471_ANT_MID	within_donor_adjacent_position	spatialDLPFC::Br6471	primary_expansion	forward	SDLPFC_Br6471_ANT_MID	uot	0.25	2.0	R	I_SPATIAL	0.02	0.01	1500	0.0064624281475192235	0.007571216250356379	0.006266441440073352	0.008282620574408513
spatialDLPFC	SDLPFC_Br6471_ANT_MID	within_donor_adjacent_position	spatialDLPFC::Br6471	primary_expansion	forward	SDLPFC_Br6471_ANT_MID	uot	0.25	2.0	R	I_SPATIAL	0.01	0.005	1500	0.0032124974743238297	0.003757117000256738	0.0031140539393022322	0.0041098569457253525
spatialDLPFC	SDLPFC_Br6471_ANT_MID	within_donor_adjacent_position	spatialDLPFC::Br6471	primary_expansion	forward	SDLPFC_Br6471_ANT_MID	uot	0.25	2.0	R	I_SPATIAL	0.005	0.0025	1500	0.0016013123179561026	0.001870981961826665	0.0015522732817011993	0.002047123333168926
spatialDLPFC	SDLPFC_Br6471_ANT_MID	within_donor_adjacent_position	spatialDLPFC::Br6471	primary_expansion	forward	SDLPFC_Br6471_ANT_MID	uot	0.25	2.0	R	I_SPATIAL	0.0025	0.00125	1500	0.0007994820616171893	0.0009335895340419638	0.0007749529108964005	0.0010216173425094508
spatialDLPFC	SDLPFC_Br6471_ANT_MID	within_donor_adjacent_position	spatialDLPFC::Br6471	primary_expansion	forward	SDLPFC_Br6471_ANT_MID	uot	0.25	2.0	R	I_SPATIAL	0.00125	0.000625	1500	0.0003993800416304845	0.00046631099444441066	0.0003871811336138607	0.0005103238968958972
spatialDLPFC	SDLPFC_Br6471_ANT_MID	within_donor_adjacent_position	spatialDLPFC::Br6471	primary_expansion	forward	SDLPFC_Br6471_ANT_MID	uot	0.25	2.0	N	I_EXPR	0.02	0.01	1500	0.005091643899694482	0.006018233305941871	0.005022252798531719	0.006821949976281255
spatialDLPFC	SDLPFC_Br6471_ANT_MID	within_donor_adjacent_position	spatialDLPFC::Br6471	primary_expansion	forward	SDLPFC_Br6471_ANT_MID	uot	0.25	2.0	N	I_EXPR	0.01	0.005	1500	0.0025608650484734456	0.0030279710941976414	0.0025262798032614302	0.0034337756522933535
spatialDLPFC	SDLPFC_Br6471_ANT_MID	within_donor_adjacent_position	spatialDLPFC::Br6471	primary_expansion	forward	SDLPFC_Br6471_ANT_MID	uot	0.25	2.0	N	I_EXPR	0.005	0.0025	1500	0.0012839628283286674	0.0015190351844281867	0.0012669606202806258	0.0017226401527797395
spatialDLPFC	SDLPFC_Br6471_ANT_MID	within_donor_adjacent_position	spatialDLPFC::Br6471	primary_expansion	forward	SDLPFC_Br6471_ANT_MID	uot	0.25	2.0	N	I_EXPR	0.0025	0.00125	1500	0.0006431505984097849	0.0007606278972463813	0.0006344396217972573	0.0008627795707458754
spatialDLPFC	SDLPFC_Br6471_ANT_MID	within_donor_adjacent_position	spatialDLPFC::Br6471	primary_expansion	forward	SDLPFC_Br6471_ANT_MID	uot	0.25	2.0	N	I_EXPR	0.00125	0.000625	1500	0.00032185320447281724	0.00038059047727134	0.00031746013900011577	0.00043175530677380815
spatialDLPFC	SDLPFC_Br6471_ANT_MID	within_donor_adjacent_position	spatialDLPFC::Br6471	primary_expansion	forward	SDLPFC_Br6471_ANT_MID	uot	0.25	2.0	N	I_SPATIAL	0.02	0.01	1500	0.005221756438938574	0.006177137130227558	0.005145581720249738	0.007009631441496237
spatialDLPFC	SDLPFC_Br6471_ANT_MID	within_donor_adjacent_position	spatialDLPFC::Br6471	primary_expansion	forward	SDLPFC_Br6471_ANT_MID	uot	0.25	2.0	N	I_SPATIAL	0.01	0.005	1500	0.0025943031656532342	0.003067399605290884	0.002557109257680019	0.003480542734908355
spatialDLPFC	SDLPFC_Br6471_ANT_MID	within_donor_adjacent_position	spatialDLPFC::Br6471	primary_expansion	forward	SDLPFC_Br6471_ANT_MID	uot	0.25	2.0	N	I_SPATIAL	0.005	0.0025	1500	0.0012926224204233222	0.0015290305640493875	0.0012746679015935582	0.00173436261861026
spatialDLPFC	SDLPFC_Br6471_ANT_MID	within_donor_adjacent_position	spatialDLPFC::Br6471	primary_expansion	forward	SDLPFC_Br6471_ANT_MID	uot	0.25	2.0	N	I_SPATIAL	0.0025	0.00125	1500	0.0006451170553301122	0.0007631620766804118	0.0006363664036486496	0.000865708572413414
spatialDLPFC	SDLPFC_Br6471_ANT_MID	within_donor_adjacent_position	spatialDLPFC::Br6471	primary_expansion	forward	SDLPFC_Br6471_ANT_MID	uot	0.25	2.0	N	I_SPATIAL	0.00125	0.000625	1500	0.0003223243817992165	0.0003811947473185689	0.0003179418344816952	0.00043248755722565294
spatialDLPFC	SDLPFC_Br6471_ANT_MID	within_donor_adjacent_position	spatialDLPFC::Br6471	primary_expansion	forward	SDLPFC_Br6471_ANT_MID	row_softmax	0.25		R	I_EXPR	0.02	0.01	1500	0.002109351416527046	0.0029430285680916908	0.002154164131998749	0.003796685153614998
spatialDLPFC	SDLPFC_Br6471_ANT_MID	within_donor_adjacent_position	spatialDLPFC::Br6471	primary_expansion	forward	SDLPFC_Br6471_ANT_MID	row_softmax	0.25		R	I_EXPR	0.01	0.005	1500	0.0010528748841448663	0.0014683603923090656	0.001075352838721243	0.001894271322747246
spatialDLPFC	SDLPFC_Br6471_ANT_MID	within_donor_adjacent_position	spatialDLPFC::Br6471	primary_expansion	forward	SDLPFC_Br6471_ANT_MID	row_softmax	0.25		R	I_EXPR	0.005	0.0025	1500	0.0005259873584718795	0.0007333917048538502	0.0005372446281824963	0.000946114669917289
spatialDLPFC	SDLPFC_Br6471_ANT_MID	within_donor_adjacent_position	spatialDLPFC::Br6471	primary_expansion	forward	SDLPFC_Br6471_ANT_MID	row_softmax	0.25		R	I_EXPR	0.0025	0.00125	1500	0.0002628811742740492	0.0003664987268712106	0.0002685144355232944	0.0004728016964196782
spatialDLPFC	SDLPFC_Br6471_ANT_MID	within_donor_adjacent_position	spatialDLPFC::Br6471	primary_expansion	forward	SDLPFC_Br6471_ANT_MID	row_softmax	0.25		R	I_EXPR	0.00125	0.000625	1500	0.00013141626955495567	0.0001832000631653218	0.00013423025689379933	0.00023633688910316736
spatialDLPFC	SDLPFC_Br6471_ANT_MID	within_donor_adjacent_position	spatialDLPFC::Br6471	primary_expansion	forward	SDLPFC_Br6471_ANT_MID	row_softmax	0.25		R	I_SPATIAL	0.02	0.01	1500	0.005885991935471052	0.006670730469314978	0.005656820617405768	0.007666002471820904
spatialDLPFC	SDLPFC_Br6471_ANT_MID	within_donor_adjacent_position	spatialDLPFC::Br6471	primary_expansion	forward	SDLPFC_Br6471_ANT_MID	row_softmax	0.25		R	I_SPATIAL	0.01	0.005	1500	0.0029238164589838406	0.0033162559171471522	0.0028133627436576015	0.00380452240297124
spatialDLPFC	SDLPFC_Br6471_ANT_MID	within_donor_adjacent_position	spatialDLPFC::Br6471	primary_expansion	forward	SDLPFC_Br6471_ANT_MID	row_softmax	0.25		R	I_SPATIAL	0.005	0.0025	1500	0.0014581043119809261	0.0016536191573342121	0.0014029455413454848	0.0018951759554976955
spatialDLPFC	SDLPFC_Br6471_ANT_MID	within_donor_adjacent_position	spatialDLPFC::Br6471	primary_expansion	forward	SDLPFC_Br6471_ANT_MID	row_softmax	0.25		R	I_SPATIAL	0.0025	0.00125	1500	0.0007281469539630308	0.0008256559531625913	0.0007005420767597607	0.0009458203069831097
spatialDLPFC	SDLPFC_Br6471_ANT_MID	within_donor_adjacent_position	spatialDLPFC::Br6471	primary_expansion	forward	SDLPFC_Br6471_ANT_MID	row_softmax	0.25		R	I_SPATIAL	0.00125	0.000625	1500	0.00036380574175248705	0.0004124952637868807	0.00035003876782120814	0.0004724688579722729
spatialDLPFC	SDLPFC_Br6471_ANT_MID	within_donor_adjacent_position	spatialDLPFC::Br6471	primary_expansion	forward	SDLPFC_Br6471_ANT_MID	row_softmax	0.25		N	I_EXPR	0.02	0.01	1500	0.006085834291574252	0.007311611535355163	0.005999376750244614	0.009694828145541541
spatialDLPFC	SDLPFC_Br6471_ANT_MID	within_donor_adjacent_position	spatialDLPFC::Br6471	primary_expansion	forward	SDLPFC_Br6471_ANT_MID	row_softmax	0.25		N	I_EXPR	0.01	0.005	1500	0.0030575892833976355	0.0036736703246149525	0.0030128278357452595	0.004874132329200751
spatialDLPFC	SDLPFC_Br6471_ANT_MID	within_donor_adjacent_position	spatialDLPFC::Br6471	primary_expansion	forward	SDLPFC_Br6471_ANT_MID	row_softmax	0.25		N	I_EXPR	0.005	0.0025	1500	0.0015333857293823075	0.0018412377725505042	0.0015097235199399235	0.0024437842829113945
spatialDLPFC	SDLPFC_Br6471_ANT_MID	within_donor_adjacent_position	spatialDLPFC::Br6471	primary_expansion	forward	SDLPFC_Br6471_ANT_MID	row_softmax	0.25		N	I_EXPR	0.0025	0.00125	1500	0.0007677006611115257	0.0009217176013423286	0.0007556923864096366	0.0012235835519118453
spatialDLPFC	SDLPFC_Br6471_ANT_MID	within_donor_adjacent_position	spatialDLPFC::Br6471	primary_expansion	forward	SDLPFC_Br6471_ANT_MID	row_softmax	0.25		N	I_EXPR	0.00125	0.000625	1500	0.00038411259509748733	0.0004611306191319188	0.0003780542211958565	0.0006122161386009443
spatialDLPFC	SDLPFC_Br6471_ANT_MID	within_donor_adjacent_position	spatialDLPFC::Br6471	primary_expansion	forward	SDLPFC_Br6471_ANT_MID	row_softmax	0.25		N	I_SPATIAL	0.02	0.01	1500	0.006207120961174177	0.007453931173290317	0.0061060907373164785	0.009912624448893454
spatialDLPFC	SDLPFC_Br6471_ANT_MID	within_donor_adjacent_position	spatialDLPFC::Br6471	primary_expansion	forward	SDLPFC_Br6471_ANT_MID	row_softmax	0.25		N	I_SPATIAL	0.01	0.005	1500	0.003088993452300303	0.003708128434414519	0.0030395049246958504	0.004928620728965689
spatialDLPFC	SDLPFC_Br6471_ANT_MID	within_donor_adjacent_position	spatialDLPFC::Br6471	primary_expansion	forward	SDLPFC_Br6471_ANT_MID	row_softmax	0.25		N	I_SPATIAL	0.005	0.0025	1500	0.0015408994585276862	0.001850079277332943	0.00151639289296438	0.0024574213726034225
spatialDLPFC	SDLPFC_Br6471_ANT_MID	within_donor_adjacent_position	spatialDLPFC::Br6471	primary_expansion	forward	SDLPFC_Br6471_ANT_MID	row_softmax	0.25		N	I_SPATIAL	0.0025	0.00125	1500	0.0007695179131571616	0.0009238269927158777	0.0007573597025420112	0.00122699402511748
spatialDLPFC	SDLPFC_Br6471_ANT_MID	within_donor_adjacent_position	spatialDLPFC::Br6471	primary_expansion	forward	SDLPFC_Br6471_ANT_MID	row_softmax	0.25		N	I_SPATIAL	0.00125	0.000625	1500	0.0003845711458962629	0.00046167454713225516	0.00037847104457518254	0.0006130686842814355
spatialDLPFC	SDLPFC_Br6471_ANT_MID	within_donor_adjacent_position	spatialDLPFC::Br6471	primary_expansion	forward	SDLPFC_Br6471_ANT_MID	balanced_ot	0.25		R	I_EXPR	0.02	0.01	1500	0.0009904988044683273	0.0014911137746654829	0.001063541010662466	0.0023515737012258365
spatialDLPFC	SDLPFC_Br6471_ANT_MID	within_donor_adjacent_position	spatialDLPFC::Br6471	primary_expansion	forward	SDLPFC_Br6471_ANT_MID	balanced_ot	0.25		R	I_EXPR	0.01	0.005	1500	0.0004951010623568471	0.0007457477823322088	0.0005317794896326182	0.001176888991541448
spatialDLPFC	SDLPFC_Br6471_ANT_MID	within_donor_adjacent_position	spatialDLPFC::Br6471	primary_expansion	forward	SDLPFC_Br6471_ANT_MID	balanced_ot	0.25		R	I_EXPR	0.005	0.0025	1500	0.0002474610668977705	0.00037292075140254034	0.0002658918231597482	0.0005887163717447137
spatialDLPFC	SDLPFC_Br6471_ANT_MID	within_donor_adjacent_position	spatialDLPFC::Br6471	primary_expansion	forward	SDLPFC_Br6471_ANT_MID	balanced_ot	0.25		R	I_EXPR	0.0025	0.00125	1500	0.0001237007065420261	0.00018647197646736474	0.000132946401684265	0.00029442586440929405
spatialDLPFC	SDLPFC_Br6471_ANT_MID	within_donor_adjacent_position	spatialDLPFC::Br6471	primary_expansion	forward	SDLPFC_Br6471_ANT_MID	balanced_ot	0.25		R	I_EXPR	0.00125	0.000625	1500	6.184059806549523e-05	9.323887312863855e-05	6.647332298341928e-05	0.00014722977475306598
spatialDLPFC	SDLPFC_Br6471_ANT_MID	within_donor_adjacent_position	spatialDLPFC::Br6471	primary_expansion	forward	SDLPFC_Br6471_ANT_MID	balanced_ot	0.25		R	I_SPATIAL	0.02	0.01	1500	0.006249261579923471	0.007430973271154629	0.006110436171885292	0.008247584299100425
spatialDLPFC	SDLPFC_Br6471_ANT_MID	within_donor_adjacent_position	spatialDLPFC::Br6471	primary_expansion	forward	SDLPFC_Br6471_ANT_MID	balanced_ot	0.25		R	I_SPATIAL	0.01	0.005	1500	0.00310466625996748	0.0036875568374703906	0.0030365653423631792	0.0040922337615395665
spatialDLPFC	SDLPFC_Br6471_ANT_MID	within_donor_adjacent_position	spatialDLPFC::Br6471	primary_expansion	forward	SDLPFC_Br6471_ANT_MID	balanced_ot	0.25		R	I_SPATIAL	0.005	0.0025	1500	0.0015476372765904779	0.0018367842747082145	0.0015136560299918464	0.002038274551424514
spatialDLPFC	SDLPFC_Br6471_ANT_MID	within_donor_adjacent_position	spatialDLPFC::Br6471	primary_expansion	forward	SDLPFC_Br6471_ANT_MID	balanced_ot	0.25		R	I_SPATIAL	0.0025	0.00125	1500	0.0007724894232890745	0.0009163186477644789	0.0007556759552271417	0.0010171804834722574
spatialDLPFC	SDLPFC_Br6471_ANT_MID	within_donor_adjacent_position	spatialDLPFC::Br6471	primary_expansion	forward	SDLPFC_Br6471_ANT_MID	balanced_ot	0.25		R	I_SPATIAL	0.00125	0.000625	1500	0.0003859485027301081	0.0004577562643759315	0.0003775505249908238	0.0005081017460124465
spatialDLPFC	SDLPFC_Br6471_ANT_MID	within_donor_adjacent_position	spatialDLPFC::Br6471	primary_expansion	forward	SDLPFC_Br6471_ANT_MID	balanced_ot	0.25		N	I_EXPR	0.02	0.01	1500	0.00601923206697879	0.006996354447983165	0.005870773496557125	0.00824486847158412
spatialDLPFC	SDLPFC_Br6471_ANT_MID	within_donor_adjacent_position	spatialDLPFC::Br6471	primary_expansion	forward	SDLPFC_Br6471_ANT_MID	balanced_ot	0.25		N	I_EXPR	0.01	0.005	1500	0.0030288767933833206	0.003524580188017799	0.002953008875856782	0.0041571457797262975
spatialDLPFC	SDLPFC_Br6471_ANT_MID	within_donor_adjacent_position	spatialDLPFC::Br6471	primary_expansion	forward	SDLPFC_Br6471_ANT_MID	balanced_ot	0.25		N	I_EXPR	0.005	0.0025	1500	0.0015191240256839716	0.0017700304581535727	0.0014809467188755603	0.002087341299757698
spatialDLPFC	SDLPFC_Br6471_ANT_MID	within_donor_adjacent_position	spatialDLPFC::Br6471	primary_expansion	forward	SDLPFC_Br6471_ANT_MID	balanced_ot	0.25		N	I_EXPR	0.0025	0.00125	1500	0.0007608826555120754	0.0008865731973413446	0.0007415884737785389	0.0010458725317771696
spatialDLPFC	SDLPFC_Br6471_ANT_MID	within_donor_adjacent_position	spatialDLPFC::Br6471	primary_expansion	forward	SDLPFC_Br6471_ANT_MID	balanced_ot	0.25		N	I_EXPR	0.00125	0.000625	1500	0.00038075725137718145	0.0004436526990245559	0.0003710735921026444	0.0005234879042031385
spatialDLPFC	SDLPFC_Br6471_ANT_MID	within_donor_adjacent_position	spatialDLPFC::Br6471	primary_expansion	forward	SDLPFC_Br6471_ANT_MID	balanced_ot	0.25		N	I_SPATIAL	0.02	0.01	1500	0.006171196533836649	0.007208047605559485	0.006014110604195099	0.008527790260322281
spatialDLPFC	SDLPFC_Br6471_ANT_MID	within_donor_adjacent_position	spatialDLPFC::Br6471	primary_expansion	forward	SDLPFC_Br6471_ANT_MID	balanced_ot	0.25		N	I_SPATIAL	0.01	0.005	1500	0.0030656060134788784	0.0035793754176226393	0.002988841873913226	0.004227917589336581
spatialDLPFC	SDLPFC_Br6471_ANT_MID	within_donor_adjacent_position	spatialDLPFC::Br6471	primary_expansion	forward	SDLPFC_Br6471_ANT_MID	balanced_ot	0.25		N	I_SPATIAL	0.005	0.0025	1500	0.001528679665940569	0.0017835748689126064	0.0014899048377134936	0.0021050332520124787
spatialDLPFC	SDLPFC_Br6471_ANT_MID	within_donor_adjacent_position	spatialDLPFC::Br6471	primary_expansion	forward	SDLPFC_Br6471_ANT_MID	balanced_ot	0.25		N	I_SPATIAL	0.0025	0.00125	1500	0.0007631474578804944	0.0008899183173552255	0.0007438279790243662	0.0010502957266143016
spatialDLPFC	SDLPFC_Br6471_ANT_MID	within_donor_adjacent_position	spatialDLPFC::Br6471	primary_expansion	forward	SDLPFC_Br6471_ANT_MID	balanced_ot	0.25		N	I_SPATIAL	0.00125	0.000625	1500	0.00038130782602708587	0.00044438448609366795	0.0003716334650750291	0.0005245937804834583
spatialDLPFC	SDLPFC_Br6471_ANT_MID	within_donor_adjacent_position	spatialDLPFC::Br6471	primary_expansion	reverse	SDLPFC_Br6471_ANT_MID__reverse	uot	0.25	2.0	R	I_EXPR	0.02	0.01	1500	0.0014571864570699037	0.002073812125908983	0.0014889359833409638	0.0029690848067229665
spatialDLPFC	SDLPFC_Br6471_ANT_MID	within_donor_adjacent_position	spatialDLPFC::Br6471	primary_expansion	reverse	SDLPFC_Br6471_ANT_MID__reverse	uot	0.25	2.0	R	I_EXPR	0.01	0.005	1500	0.0007282015932529283	0.0010362412850826099	0.0007440374942102149	0.0014828855503009086
spatialDLPFC	SDLPFC_Br6471_ANT_MID	within_donor_adjacent_position	spatialDLPFC::Br6471	primary_expansion	reverse	SDLPFC_Br6471_ANT_MID__reverse	uot	0.25	2.0	R	I_EXPR	0.005	0.0025	1500	0.000364057960119011	0.0005179395451969256	0.0003719108755805693	0.0007410276642049454
spatialDLPFC	SDLPFC_Br6471_ANT_MID	within_donor_adjacent_position	spatialDLPFC::Br6471	primary_expansion	reverse	SDLPFC_Br6471_ANT_MID__reverse	uot	0.25	2.0	R	I_EXPR	0.0025	0.00125	1500	0.00018200836885012866	0.0002589244094431585	0.0001859284393434478	0.0003704103412455954
spatialDLPFC	SDLPFC_Br6471_ANT_MID	within_donor_adjacent_position	spatialDLPFC::Br6471	primary_expansion	reverse	SDLPFC_Br6471_ANT_MID__reverse	uot	0.25	2.0	R	I_EXPR	0.00125	0.000625	1500	9.099561998721705e-05	0.0001294508553260078	9.295746543537535e-05	0.00018517926640114637
spatialDLPFC	SDLPFC_Br6471_ANT_MID	within_donor_adjacent_position	spatialDLPFC::Br6471	primary_expansion	reverse	SDLPFC_Br6471_ANT_MID__reverse	uot	0.25	2.0	R	I_SPATIAL	0.02	0.01	1500	0.006478394556700612	0.007587476330923818	0.006268255686007947	0.00817620282174949
spatialDLPFC	SDLPFC_Br6471_ANT_MID	within_donor_adjacent_position	spatialDLPFC::Br6471	primary_expansion	reverse	SDLPFC_Br6471_ANT_MID__reverse	uot	0.25	2.0	R	I_SPATIAL	0.01	0.005	1500	0.0032178918133168584	0.0037660969767954835	0.0031149300107517802	0.004055452013171955
spatialDLPFC	SDLPFC_Br6471_ANT_MID	within_donor_adjacent_position	spatialDLPFC::Br6471	primary_expansion	reverse	SDLPFC_Br6471_ANT_MID__reverse	uot	0.25	2.0	R	I_SPATIAL	0.005	0.0025	1500	0.0016036699740954727	0.0018765533121354162	0.0015527036736684796	0.0020196404985219985
spatialDLPFC	SDLPFC_Br6471_ANT_MID	within_donor_adjacent_position	spatialDLPFC::Br6471	primary_expansion	reverse	SDLPFC_Br6471_ANT_MID__reverse	uot	0.25	2.0	R	I_SPATIAL	0.0025	0.00125	1500	0.0008004521949054387	0.000936769150532055	0.0007751661993362776	0.0010078086279954777
spatialDLPFC	SDLPFC_Br6471_ANT_MID	within_donor_adjacent_position	spatialDLPFC::Br6471	primary_expansion	reverse	SDLPFC_Br6471_ANT_MID__reverse	uot	0.25	2.0	R	I_SPATIAL	0.00125	0.000625	1500	0.00039988102033217945	0.0004680081995662536	0.0003872873004168691	0.0005034019715934494
spatialDLPFC	SDLPFC_Br6471_ANT_MID	within_donor_adjacent_position	spatialDLPFC::Br6471	primary_expansion	reverse	SDLPFC_Br6471_ANT_MID__reverse	uot	0.25	2.0	N	I_EXPR	0.02	0.01	1500	0.005135283542227505	0.00582549685863879	0.005037336924780951	0.006815268450306116
spatialDLPFC	SDLPFC_Br6471_ANT_MID	within_donor_adjacent_position	spatialDLPFC::Br6471	primary_expansion	reverse	SDLPFC_Br6471_ANT_MID__reverse	uot	0.25	2.0	N	I_EXPR	0.01	0.005	1500	0.0025828471781292875	0.0029343205097063204	0.002533933630324273	0.003430250223762132
spatialDLPFC	SDLPFC_Br6471_ANT_MID	within_donor_adjacent_position	spatialDLPFC::Br6471	primary_expansion	reverse	SDLPFC_Br6471_ANT_MID__reverse	uot	0.25	2.0	N	I_EXPR	0.005	0.0025	1500	0.0012951563934864843	0.0014722930304376038	0.0012708155612924932	0.0017214352701193604
spatialDLPFC	SDLPFC_Br6471_ANT_MID	within_donor_adjacent_position	spatialDLPFC::Br6471	primary_expansion	reverse	SDLPFC_Br6471_ANT_MID__reverse	uot	0.25	2.0	N	I_EXPR	0.0025	0.00125	1500	0.0006485747676228532	0.0007372240573245022	0.0006363741128685018	0.0008625244270840037
spatialDLPFC	SDLPFC_Br6471_ANT_MID	within_donor_adjacent_position	spatialDLPFC::Br6471	primary_expansion	reverse	SDLPFC_Br6471_ANT_MID__reverse	uot	0.25	2.0	N	I_EXPR	0.00125	0.000625	1500	0.00032449304449320076	0.0003688705916607256	0.0003184291406047402	0.0004317155670888572
spatialDLPFC	SDLPFC_Br6471_ANT_MID	within_donor_adjacent_position	spatialDLPFC::Br6471	primary_expansion	reverse	SDLPFC_Br6471_ANT_MID__reverse	uot	0.25	2.0	N	I_SPATIAL	0.02	0.01	1500	0.005266679504604662	0.005993592336131925	0.00516156655626743	0.007033190934121416
spatialDLPFC	SDLPFC_Br6471_ANT_MID	within_donor_adjacent_position	spatialDLPFC::Br6471	primary_expansion	reverse	SDLPFC_Br6471_ANT_MID__reverse	uot	0.25	2.0	N	I_SPATIAL	0.01	0.005	1500	0.0026152467499187372	0.0029748926043672696	0.002564988185214153	0.003486697021418789
spatialDLPFC	SDLPFC_Br6471_ANT_MID	within_donor_adjacent_position	spatialDLPFC::Br6471	primary_expansion	reverse	SDLPFC_Br6471_ANT_MID__reverse	uot	0.25	2.0	N	I_SPATIAL	0.005	0.0025	1500	0.0013027085099121313	0.001482144968918468	0.0012785791069863165	0.0017359788171464527
spatialDLPFC	SDLPFC_Br6471_ANT_MID	within_donor_adjacent_position	spatialDLPFC::Br6471	primary_expansion	reverse	SDLPFC_Br6471_ANT_MID__reverse	uot	0.25	2.0	N	I_SPATIAL	0.0025	0.00125	1500	0.0006504067321166959	0.0007397007396488925	0.0006383149553003101	0.0008661600915117611
spatialDLPFC	SDLPFC_Br6471_ANT_MID	within_donor_adjacent_position	spatialDLPFC::Br6471	primary_expansion	reverse	SDLPFC_Br6471_ANT_MID__reverse	uot	0.25	2.0	N	I_SPATIAL	0.00125	0.000625	1500	0.00032497891362339923	0.000369519119821888	0.00031891435124866563	0.00043262426938768447
spatialDLPFC	SDLPFC_Br6471_ANT_MID	within_donor_adjacent_position	spatialDLPFC::Br6471	primary_expansion	reverse	SDLPFC_Br6471_ANT_MID__reverse	row_softmax	0.25		R	I_EXPR	0.02	0.01	1500	0.002762921956659664	0.003664104081286587	0.0028139338850168977	0.004422613526401969
spatialDLPFC	SDLPFC_Br6471_ANT_MID	within_donor_adjacent_position	spatialDLPFC::Br6471	primary_expansion	reverse	SDLPFC_Br6471_ANT_MID__reverse	row_softmax	0.25		R	I_EXPR	0.01	0.005	1500	0.0013774016107968331	0.0018281670103283238	0.0014037937651734402	0.0022053148902189275
spatialDLPFC	SDLPFC_Br6471_ANT_MID	within_donor_adjacent_position	spatialDLPFC::Br6471	primary_expansion	reverse	SDLPFC_Br6471_ANT_MID__reverse	row_softmax	0.25		R	I_EXPR	0.005	0.0025	1500	0.0006878049280400151	0.0009131805206824311	0.0007011053198404371	0.0011011512583967674
spatialDLPFC	SDLPFC_Br6471_ANT_MID	within_donor_adjacent_position	spatialDLPFC::Br6471	primary_expansion	reverse	SDLPFC_Br6471_ANT_MID__reverse	row_softmax	0.25		R	I_EXPR	0.0025	0.00125	1500	0.0003437385519761858	0.0004564247092593982	0.00035035502446172675	0.0005501974590372164
spatialDLPFC	SDLPFC_Br6471_ANT_MID	within_donor_adjacent_position	spatialDLPFC::Br6471	primary_expansion	reverse	SDLPFC_Br6471_ANT_MID__reverse	row_softmax	0.25		R	I_EXPR	0.00125	0.000625	1500	0.0001718077212450278	0.0002281708107923326	0.00017512813010484078	0.00027500409195110404
spatialDLPFC	SDLPFC_Br6471_ANT_MID	within_donor_adjacent_position	spatialDLPFC::Br6471	primary_expansion	reverse	SDLPFC_Br6471_ANT_MID__reverse	row_softmax	0.25		R	I_SPATIAL	0.02	0.01	1500	0.005917757322341136	0.006716824995398418	0.005687647051718316	0.007512922457043935
spatialDLPFC	SDLPFC_Br6471_ANT_MID	within_donor_adjacent_position	spatialDLPFC::Br6471	primary_expansion	reverse	SDLPFC_Br6471_ANT_MID__reverse	row_softmax	0.25		R	I_SPATIAL	0.01	0.005	1500	0.0029417599285213596	0.0033393505117751097	0.0028283811287912806	0.003729863465548436
spatialDLPFC	SDLPFC_Br6471_ANT_MID	within_donor_adjacent_position	spatialDLPFC::Br6471	primary_expansion	reverse	SDLPFC_Br6471_ANT_MID__reverse	row_softmax	0.25		R	I_SPATIAL	0.005	0.0025	1500	0.0014663867263408695	0.0016648797443192323	0.0014103578197514424	0.001858319057054241
spatialDLPFC	SDLPFC_Br6471_ANT_MID	within_donor_adjacent_position	spatialDLPFC::Br6471	primary_expansion	reverse	SDLPFC_Br6471_ANT_MID__reverse	row_softmax	0.25		R	I_SPATIAL	0.0025	0.00125	1500	0.0007321306128801782	0.000831104720393419	0.0007042241340118383	0.0009275125824627926
spatialDLPFC	SDLPFC_Br6471_ANT_MID	within_donor_adjacent_position	spatialDLPFC::Br6471	primary_expansion	reverse	SDLPFC_Br6471_ANT_MID__reverse	row_softmax	0.25		R	I_SPATIAL	0.00125	0.000625	1500	0.00036582432055955725	0.0004152200122661982	0.00035187382051813797	0.00046334802705713787
spatialDLPFC	SDLPFC_Br6471_ANT_MID	within_donor_adjacent_position	spatialDLPFC::Br6471	primary_expansion	reverse	SDLPFC_Br6471_ANT_MID__reverse	row_softmax	0.25		N	I_EXPR	0.02	0.01	1500	0.006586259656992989	0.00790671623630309	0.006550323389386635	0.009123144993202891
spatialDLPFC	SDLPFC_Br6471_ANT_MID	within_donor_adjacent_position	spatialDLPFC::Br6471	primary_expansion	reverse	SDLPFC_Br6471_ANT_MID__reverse	row_softmax	0.25		N	I_EXPR	0.01	0.005	1500	0.0033073559044787806	0.00396976793344167	0.003288174493076897	0.004568951566459862
spatialDLPFC	SDLPFC_Br6471_ANT_MID	within_donor_adjacent_position	spatialDLPFC::Br6471	primary_expansion	reverse	SDLPFC_Br6471_ANT_MID__reverse	row_softmax	0.25		N	I_EXPR	0.005	0.0025	1500	0.0016565515173441678	0.001989327859639148	0.0016473691569613507	0.002286324248784264
spatialDLPFC	SDLPFC_Br6471_ANT_MID	within_donor_adjacent_position	spatialDLPFC::Br6471	primary_expansion	reverse	SDLPFC_Br6471_ANT_MID__reverse	row_softmax	0.25		N	I_EXPR	0.0025	0.00125	1500	0.0008288049670268946	0.0009957571553439566	0.0008245087280842822	0.0011436204943847162
spatialDLPFC	SDLPFC_Br6471_ANT_MID	within_donor_adjacent_position	spatialDLPFC::Br6471	primary_expansion	reverse	SDLPFC_Br6471_ANT_MID__reverse	row_softmax	0.25		N	I_EXPR	0.00125	0.000625	1500	0.0004145849365992764	0.0004981632060673707	0.0004124608637481873	0.0005719243692260012
spatialDLPFC	SDLPFC_Br6471_ANT_MID	within_donor_adjacent_position	spatialDLPFC::Br6471	primary_expansion	reverse	SDLPFC_Br6471_ANT_MID__reverse	row_softmax	0.25		N	I_SPATIAL	0.02	0.01	1500	0.0066948998542591814	0.008047133186568849	0.006656287025354486	0.009222240822119683
spatialDLPFC	SDLPFC_Br6471_ANT_MID	within_donor_adjacent_position	spatialDLPFC::Br6471	primary_expansion	reverse	SDLPFC_Br6471_ANT_MID__reverse	row_softmax	0.25		N	I_SPATIAL	0.01	0.005	1500	0.003332246794596987	0.004004504779238283	0.003314665250259405	0.004586653709414686
spatialDLPFC	SDLPFC_Br6471_ANT_MID	within_donor_adjacent_position	spatialDLPFC::Br6471	primary_expansion	reverse	SDLPFC_Br6471_ANT_MID__reverse	row_softmax	0.25		N	I_SPATIAL	0.005	0.0025	1500	0.0016625798792343125	0.0019976068587904214	0.001653991784328181	0.0022899958891349635
spatialDLPFC	SDLPFC_Br6471_ANT_MID	within_donor_adjacent_position	spatialDLPFC::Br6471	primary_expansion	reverse	SDLPFC_Br6471_ANT_MID__reverse	row_softmax	0.25		N	I_SPATIAL	0.0025	0.00125	1500	0.0008304801994623839	0.000997749495479101	0.0008261643476787361	0.0011445361275372607
spatialDLPFC	SDLPFC_Br6471_ANT_MID	within_donor_adjacent_position	spatialDLPFC::Br6471	primary_expansion	reverse	SDLPFC_Br6471_ANT_MID__reverse	row_softmax	0.25		N	I_SPATIAL	0.00125	0.000625	1500	0.00041513189475089377	0.0004986110671618162	0.0004128747519242542	0.0005721521419855955
spatialDLPFC	SDLPFC_Br6471_ANT_MID	within_donor_adjacent_position	spatialDLPFC::Br6471	primary_expansion	reverse	SDLPFC_Br6471_ANT_MID__reverse	balanced_ot	0.25		R	I_EXPR	0.02	0.01	1500	0.0009897258928619828	0.001427211091420455	0.0010595828892342965	0.0024978617232280713
spatialDLPFC	SDLPFC_Br6471_ANT_MID	within_donor_adjacent_position	spatialDLPFC::Br6471	primary_expansion	reverse	SDLPFC_Br6471_ANT_MID__reverse	balanced_ot	0.25		R	I_EXPR	0.01	0.005	1500	0.0004947608215716756	0.000713651032104457	0.0005298262656047068	0.001249468695844173
spatialDLPFC	SDLPFC_Br6471_ANT_MID	within_donor_adjacent_position	spatialDLPFC::Br6471	primary_expansion	reverse	SDLPFC_Br6471_ANT_MID__reverse	balanced_ot	0.25		R	I_EXPR	0.005	0.0025	1500	0.00024739273107119466	0.0003568366196924066	0.00026492164086404244	0.0006248670322420473
spatialDLPFC	SDLPFC_Br6471_ANT_MID	within_donor_adjacent_position	spatialDLPFC::Br6471	primary_expansion	reverse	SDLPFC_Br6471_ANT_MID__reverse	balanced_ot	0.25		R	I_EXPR	0.0025	0.00125	1500	0.00012369206809574802	0.0001784213926373141	0.0001324629175436113	0.0003124667294060207
spatialDLPFC	SDLPFC_Br6471_ANT_MID	within_donor_adjacent_position	spatialDLPFC::Br6471	primary_expansion	reverse	SDLPFC_Br6471_ANT_MID__reverse	balanced_ot	0.25		R	I_EXPR	0.00125	0.000625	1500	6.184022828475758e-05	8.921146093096361e-05	6.623197882624712e-05	0.00015624163284247528
spatialDLPFC	SDLPFC_Br6471_ANT_MID	within_donor_adjacent_position	spatialDLPFC::Br6471	primary_expansion	reverse	SDLPFC_Br6471_ANT_MID__reverse	balanced_ot	0.25		R	I_SPATIAL	0.02	0.01	1500	0.006286362157019731	0.007425010394391423	0.006111708955537019	0.00801775663373171
spatialDLPFC	SDLPFC_Br6471_ANT_MID	within_donor_adjacent_position	spatialDLPFC::Br6471	primary_expansion	reverse	SDLPFC_Br6471_ANT_MID__reverse	balanced_ot	0.25		R	I_SPATIAL	0.01	0.005	1500	0.003122958354810716	0.0036848073775546425	0.003037172518090995	0.003977602227774156
spatialDLPFC	SDLPFC_Br6471_ANT_MID	within_donor_adjacent_position	spatialDLPFC::Br6471	primary_expansion	reverse	SDLPFC_Br6471_ANT_MID__reverse	balanced_ot	0.25		R	I_SPATIAL	0.005	0.0025	1500	0.0015567476005823194	0.0018361272114416204	0.0015139523668927053	0.001981040641686506
spatialDLPFC	SDLPFC_Br6471_ANT_MID	within_donor_adjacent_position	spatialDLPFC::Br6471	primary_expansion	reverse	SDLPFC_Br6471_ANT_MID__reverse	balanced_ot	0.25		R	I_SPATIAL	0.0025	0.00125	1500	0.0007771241918704518	0.0009161981789727082	0.0007558223272276482	0.0009885888534247784
spatialDLPFC	SDLPFC_Br6471_ANT_MID	within_donor_adjacent_position	spatialDLPFC::Br6471	primary_expansion	reverse	SDLPFC_Br6471_ANT_MID__reverse	balanced_ot	0.25		R	I_SPATIAL	0.00125	0.000625	1500	0.00038826818955323275	0.00045762877692863673	0.0003776232660538611	0.0004938127289829443
spatialDLPFC	SDLPFC_Br6471_ANT_MID	within_donor_adjacent_position	spatialDLPFC::Br6471	primary_expansion	reverse	SDLPFC_Br6471_ANT_MID__reverse	balanced_ot	0.25		N	I_EXPR	0.02	0.01	1500	0.006027503830250613	0.007105614004128887	0.005874344383624333	0.007801942044445903
spatialDLPFC	SDLPFC_Br6471_ANT_MID	within_donor_adjacent_position	spatialDLPFC::Br6471	primary_expansion	reverse	SDLPFC_Br6471_ANT_MID__reverse	balanced_ot	0.25		N	I_EXPR	0.01	0.005	1500	0.003032527932176869	0.003579271091452756	0.0029547720839688775	0.003936946910749909
spatialDLPFC	SDLPFC_Br6471_ANT_MID	within_donor_adjacent_position	spatialDLPFC::Br6471	primary_expansion	reverse	SDLPFC_Br6471_ANT_MID__reverse	balanced_ot	0.25		N	I_EXPR	0.005	0.0025	1500	0.001520535181907961	0.0017962780287123215	0.001481822597201039	0.0019775814452524364
spatialDLPFC	SDLPFC_Br6471_ANT_MID	within_donor_adjacent_position	spatialDLPFC::Br6471	primary_expansion	reverse	SDLPFC_Br6471_ANT_MID__reverse	balanced_ot	0.25		N	I_EXPR	0.0025	0.00125	1500	0.0007614429981168843	0.000899795592097634	0.0007420249764858603	0.0009910805550214779
spatialDLPFC	SDLPFC_Br6471_ANT_MID	within_donor_adjacent_position	spatialDLPFC::Br6471	primary_expansion	reverse	SDLPFC_Br6471_ANT_MID__reverse	balanced_ot	0.25		N	I_EXPR	0.00125	0.000625	1500	0.0003810071640760334	0.0004503116624690369	0.00037129148305315996	0.0004961149761383146
spatialDLPFC	SDLPFC_Br6471_ANT_MID	within_donor_adjacent_position	spatialDLPFC::Br6471	primary_expansion	reverse	SDLPFC_Br6471_ANT_MID__reverse	balanced_ot	0.25		N	I_SPATIAL	0.02	0.01	1500	0.0061821474460874905	0.007321618693341762	0.0060174959384544655	0.008096687037931554
spatialDLPFC	SDLPFC_Br6471_ANT_MID	within_donor_adjacent_position	spatialDLPFC::Br6471	primary_expansion	reverse	SDLPFC_Br6471_ANT_MID__reverse	balanced_ot	0.25		N	I_SPATIAL	0.01	0.005	1500	0.003071828369793095	0.0036325050695145008	0.0029905589133944	0.004010675164173795
spatialDLPFC	SDLPFC_Br6471_ANT_MID	within_donor_adjacent_position	spatialDLPFC::Br6471	primary_expansion	reverse	SDLPFC_Br6471_ANT_MID__reverse	balanced_ot	0.25		N	I_SPATIAL	0.005	0.0025	1500	0.0015308021253599697	0.0018095574597049972	0.0014907692096202269	0.001996015725899208
spatialDLPFC	SDLPFC_Br6471_ANT_MID	within_donor_adjacent_position	spatialDLPFC::Br6471	primary_expansion	reverse	SDLPFC_Br6471_ANT_MID__reverse	balanced_ot	0.25		N	I_SPATIAL	0.0025	0.00125	1500	0.0007640082439313525	0.0009031127838048324	0.0007442616114367624	0.0009956904201634297
spatialDLPFC	SDLPFC_Br6471_ANT_MID	within_donor_adjacent_position	spatialDLPFC::Br6471	primary_expansion	reverse	SDLPFC_Br6471_ANT_MID__reverse	balanced_ot	0.25		N	I_SPATIAL	0.00125	0.000625	1500	0.000381641862006646	0.00045114102278936394	0.00037185063851800953	0.0004972674695278916
spatialDLPFC	SDLPFC_Br6522_ANT_MID	within_donor_adjacent_position	spatialDLPFC::Br6522	primary_expansion	forward	SDLPFC_Br6522_ANT_MID	uot	0.25	2.0	R	I_EXPR	0.02	0.01	1500	0.0015482411825455897	0.002007152656453717	0.001560448362192328	0.003065841690240096
spatialDLPFC	SDLPFC_Br6522_ANT_MID	within_donor_adjacent_position	spatialDLPFC::Br6522	primary_expansion	forward	SDLPFC_Br6522_ANT_MID	uot	0.25	2.0	R	I_EXPR	0.01	0.005	1500	0.0007741837226366509	0.0010030627618369853	0.0007800217887441899	0.0015332533923943835
spatialDLPFC	SDLPFC_Br6522_ANT_MID	within_donor_adjacent_position	spatialDLPFC::Br6522	primary_expansion	forward	SDLPFC_Br6522_ANT_MID	uot	0.25	2.0	R	I_EXPR	0.005	0.0025	1500	0.0003870344798889458	0.0005014021054615306	0.0003899601288449195	0.0007667081415947743
spatialDLPFC	SDLPFC_Br6522_ANT_MID	within_donor_adjacent_position	spatialDLPFC::Br6522	primary_expansion	forward	SDLPFC_Br6522_ANT_MID	uot	0.25	2.0	R	I_EXPR	0.0025	0.00125	1500	0.00019350001070799248	0.00025066781577353254	0.00019496735209330923	0.00038337411752666095
spatialDLPFC	SDLPFC_Br6522_ANT_MID	within_donor_adjacent_position	spatialDLPFC::Br6522	primary_expansion	forward	SDLPFC_Br6522_ANT_MID	uot	0.25	2.0	R	I_EXPR	0.00125	0.000625	1500	9.674569473976376e-05	0.0001253254580963362	9.748049645239092e-05	0.00019169202923616146
spatialDLPFC	SDLPFC_Br6522_ANT_MID	within_donor_adjacent_position	spatialDLPFC::Br6522	primary_expansion	forward	SDLPFC_Br6522_ANT_MID	uot	0.25	2.0	R	I_SPATIAL	0.02	0.01	1500	0.006748444741801084	0.007831848320187471	0.00651343675562137	0.008296414926912453
spatialDLPFC	SDLPFC_Br6522_ANT_MID	within_donor_adjacent_position	spatialDLPFC::Br6522	primary_expansion	forward	SDLPFC_Br6522_ANT_MID	uot	0.25	2.0	R	I_SPATIAL	0.01	0.005	1500	0.0033556611588817253	0.003886546694665671	0.0032373661916386873	0.004115303376455878
spatialDLPFC	SDLPFC_Br6522_ANT_MID	within_donor_adjacent_position	spatialDLPFC::Br6522	primary_expansion	forward	SDLPFC_Br6522_ANT_MID	uot	0.25	2.0	R	I_SPATIAL	0.005	0.0025	1500	0.0016731772053582838	0.0019365783863244676	0.0016138770571232435	0.0020494935464204747
spatialDLPFC	SDLPFC_Br6522_ANT_MID	within_donor_adjacent_position	spatialDLPFC::Br6522	primary_expansion	forward	SDLPFC_Br6522_ANT_MID	uot	0.25	2.0	R	I_SPATIAL	0.0025	0.00125	1500	0.0008354411870407465	0.000966494258040181	0.0008057410222977265	0.0010227159426601188
spatialDLPFC	SDLPFC_Br6522_ANT_MID	within_donor_adjacent_position	spatialDLPFC::Br6522	primary_expansion	forward	SDLPFC_Br6522_ANT_MID	uot	0.25	2.0	R	I_SPATIAL	0.00125	0.000625	1500	0.0004174213038216445	0.0004828539063372666	0.00040257164294424673	0.000510850538324798
spatialDLPFC	SDLPFC_Br6522_ANT_MID	within_donor_adjacent_position	spatialDLPFC::Br6522	primary_expansion	forward	SDLPFC_Br6522_ANT_MID	uot	0.25	2.0	N	I_EXPR	0.02	0.01	1500	0.005520271584230581	0.0071098361641444415	0.00564433325950092	0.008355436269460717
spatialDLPFC	SDLPFC_Br6522_ANT_MID	within_donor_adjacent_position	spatialDLPFC::Br6522	primary_expansion	forward	SDLPFC_Br6522_ANT_MID	uot	0.25	2.0	N	I_EXPR	0.01	0.005	1500	0.0027779654030804964	0.0035789810847198377	0.0028389907994741314	0.004207901403326485
spatialDLPFC	SDLPFC_Br6522_ANT_MID	within_donor_adjacent_position	spatialDLPFC::Br6522	primary_expansion	forward	SDLPFC_Br6522_ANT_MID	uot	0.25	2.0	N	I_EXPR	0.005	0.0025	1500	0.0013925759807408684	0.001795865687251327	0.0014237307477161642	0.0021115397010404353
spatialDLPFC	SDLPFC_Br6522_ANT_MID	within_donor_adjacent_position	spatialDLPFC::Br6522	primary_expansion	forward	SDLPFC_Br6522_ANT_MID	uot	0.25	2.0	N	I_EXPR	0.0025	0.00125	1500	0.0006970642345807843	0.0008997463687233713	0.0007129279155009838	0.0010576774331361742
spatialDLPFC	SDLPFC_Br6522_ANT_MID	within_donor_adjacent_position	spatialDLPFC::Br6522	primary_expansion	forward	SDLPFC_Br6522_ANT_MID	uot	0.25	2.0	N	I_EXPR	0.00125	0.000625	1500	0.00034873190499876583	0.00045028828892945834	0.00035673006391602366	0.0005293161140176423
spatialDLPFC	SDLPFC_Br6522_ANT_MID	within_donor_adjacent_position	spatialDLPFC::Br6522	primary_expansion	forward	SDLPFC_Br6522_ANT_MID	uot	0.25	2.0	N	I_SPATIAL	0.02	0.01	1500	0.005664406935685528	0.007312930289246967	0.005780816661245629	0.008617763407501254
spatialDLPFC	SDLPFC_Br6522_ANT_MID	within_donor_adjacent_position	spatialDLPFC::Br6522	primary_expansion	forward	SDLPFC_Br6522_ANT_MID	uot	0.25	2.0	N	I_SPATIAL	0.01	0.005	1500	0.002809537734734673	0.003631620258289047	0.0028731105892584557	0.004272715459523573
spatialDLPFC	SDLPFC_Br6522_ANT_MID	within_donor_adjacent_position	spatialDLPFC::Br6522	primary_expansion	forward	SDLPFC_Br6522_ANT_MID	uot	0.25	2.0	N	I_SPATIAL	0.005	0.0025	1500	0.0013999388710497196	0.00180954611189575	0.001432260885327449	0.0021273731029718542
spatialDLPFC	SDLPFC_Br6522_ANT_MID	within_donor_adjacent_position	spatialDLPFC::Br6522	primary_expansion	forward	SDLPFC_Br6522_ANT_MID	uot	0.25	2.0	N	I_SPATIAL	0.0025	0.00125	1500	0.0006990049036672259	0.0009031234063699332	0.0007150604618266668	0.001061500594157475
spatialDLPFC	SDLPFC_Br6522_ANT_MID	within_donor_adjacent_position	spatialDLPFC::Br6522	primary_expansion	forward	SDLPFC_Br6522_ANT_MID	uot	0.25	2.0	N	I_SPATIAL	0.00125	0.000625	1500	0.00034924065194274443	0.00045110772565483984	0.0003572631974765153	0.000530271907557226
spatialDLPFC	SDLPFC_Br6522_ANT_MID	within_donor_adjacent_position	spatialDLPFC::Br6522	primary_expansion	forward	SDLPFC_Br6522_ANT_MID	row_softmax	0.25		R	I_EXPR	0.02	0.01	1500	0.003747877430692038	0.0047876558283654926	0.0036198422403608895	0.0055261174244193596
spatialDLPFC	SDLPFC_Br6522_ANT_MID	within_donor_adjacent_position	spatialDLPFC::Br6522	primary_expansion	forward	SDLPFC_Br6522_ANT_MID	row_softmax	0.25		R	I_EXPR	0.01	0.005	1500	0.0018680769004780773	0.0023850022894292555	0.0018040282076397564	0.002751834324088296
spatialDLPFC	SDLPFC_Br6522_ANT_MID	within_donor_adjacent_position	spatialDLPFC::Br6522	primary_expansion	forward	SDLPFC_Br6522_ANT_MID	row_softmax	0.25		R	I_EXPR	0.005	0.0025	1500	0.0009324855548246332	0.0011904153716429202	0.0009005442476474409	0.001373109595039254
spatialDLPFC	SDLPFC_Br6522_ANT_MID	within_donor_adjacent_position	spatialDLPFC::Br6522	primary_expansion	forward	SDLPFC_Br6522_ANT_MID	row_softmax	0.25		R	I_EXPR	0.0025	0.00125	1500	0.00046588409230625006	0.0005946865679309275	0.0004499051097816905	0.000685853130008273
spatialDLPFC	SDLPFC_Br6522_ANT_MID	within_donor_adjacent_position	spatialDLPFC::Br6522	primary_expansion	forward	SDLPFC_Br6522_ANT_MID	row_softmax	0.25		R	I_EXPR	0.00125	0.000625	1500	0.0002328523922409638	0.0002972128817736406	0.00022486085634684306	0.0003427515763662043
spatialDLPFC	SDLPFC_Br6522_ANT_MID	within_donor_adjacent_position	spatialDLPFC::Br6522	primary_expansion	forward	SDLPFC_Br6522_ANT_MID	row_softmax	0.25		R	I_SPATIAL	0.02	0.01	1500	0.006146957367084231	0.007205534158148084	0.005991091501084588	0.008121555931842174
spatialDLPFC	SDLPFC_Br6522_ANT_MID	within_donor_adjacent_position	spatialDLPFC::Br6522	primary_expansion	forward	SDLPFC_Br6522_ANT_MID	row_softmax	0.25		R	I_SPATIAL	0.01	0.005	1500	0.003057395987732558	0.0035826090901882805	0.002979135899402087	0.004031783259694411
spatialDLPFC	SDLPFC_Br6522_ANT_MID	within_donor_adjacent_position	spatialDLPFC::Br6522	primary_expansion	forward	SDLPFC_Br6522_ANT_MID	row_softmax	0.25		R	I_SPATIAL	0.005	0.0025	1500	0.0015247054339458082	0.0017858847686503566	0.0014854931929915458	0.0020086904315072896
spatialDLPFC	SDLPFC_Br6522_ANT_MID	within_donor_adjacent_position	spatialDLPFC::Br6522	primary_expansion	forward	SDLPFC_Br6522_ANT_MID	row_softmax	0.25		R	I_SPATIAL	0.0025	0.00125	1500	0.0007613077892330109	0.000891573046192766	0.0007417311873106935	0.0010025548555561345
spatialDLPFC	SDLPFC_Br6522_ANT_MID	within_donor_adjacent_position	spatialDLPFC::Br6522	primary_expansion	forward	SDLPFC_Br6522_ANT_MID	row_softmax	0.25		R	I_SPATIAL	0.00125	0.000625	1500	0.0003804218101557707	0.00044544492515494985	0.00037061218200744415	0.0005008303205771625
spatialDLPFC	SDLPFC_Br6522_ANT_MID	within_donor_adjacent_position	spatialDLPFC::Br6522	primary_expansion	forward	SDLPFC_Br6522_ANT_MID	row_softmax	0.25		N	I_EXPR	0.02	0.01	1500	0.007146927209958997	0.00910930230009674	0.007388360427341257	0.01027185289886637
spatialDLPFC	SDLPFC_Br6522_ANT_MID	within_donor_adjacent_position	spatialDLPFC::Br6522	primary_expansion	forward	SDLPFC_Br6522_ANT_MID	row_softmax	0.25		N	I_EXPR	0.01	0.005	1500	0.0035827410465209576	0.0045681766850509	0.0037063224004801193	0.005144263361601764
spatialDLPFC	SDLPFC_Br6522_ANT_MID	within_donor_adjacent_position	spatialDLPFC::Br6522	primary_expansion	forward	SDLPFC_Br6522_ANT_MID	row_softmax	0.25		N	I_EXPR	0.005	0.0025	1500	0.0017957253712291388	0.0022899414292756426	0.001856228346014045	0.002574273106292603
spatialDLPFC	SDLPFC_Br6522_ANT_MID	within_donor_adjacent_position	spatialDLPFC::Br6522	primary_expansion	forward	SDLPFC_Br6522_ANT_MID	row_softmax	0.25		N	I_EXPR	0.0025	0.00125	1500	0.0008989359383018139	0.0011462616490682887	0.0009288850175095843	0.0012876808175863157
spatialDLPFC	SDLPFC_Br6522_ANT_MID	within_donor_adjacent_position	spatialDLPFC::Br6522	primary_expansion	forward	SDLPFC_Br6522_ANT_MID	row_softmax	0.25		N	I_EXPR	0.00125	0.000625	1500	0.0004496199029182476	0.000573544966126955	0.0004646357215834329	0.0006439806489185887
spatialDLPFC	SDLPFC_Br6522_ANT_MID	within_donor_adjacent_position	spatialDLPFC::Br6522	primary_expansion	forward	SDLPFC_Br6522_ANT_MID	row_softmax	0.25		N	I_SPATIAL	0.02	0.01	1500	0.00726162204624067	0.009256356246765598	0.007487554226533568	0.010343177036753349
spatialDLPFC	SDLPFC_Br6522_ANT_MID	within_donor_adjacent_position	spatialDLPFC::Br6522	primary_expansion	forward	SDLPFC_Br6522_ANT_MID	row_softmax	0.25		N	I_SPATIAL	0.01	0.005	1500	0.0036147079640911845	0.004610458663097064	0.003731117965920648	0.005162153316221923
spatialDLPFC	SDLPFC_Br6522_ANT_MID	within_donor_adjacent_position	spatialDLPFC::Br6522	primary_expansion	forward	SDLPFC_Br6522_ANT_MID	row_softmax	0.25		N	I_SPATIAL	0.005	0.0025	1500	0.0018032512088896073	0.0023009775691485083	0.00186242725035773	0.0025787765413513527
spatialDLPFC	SDLPFC_Br6522_ANT_MID	within_donor_adjacent_position	spatialDLPFC::Br6522	primary_expansion	forward	SDLPFC_Br6522_ANT_MID	row_softmax	0.25		N	I_SPATIAL	0.0025	0.00125	1500	0.0009005683896342904	0.00114933579014992	0.0009304347560825506	0.00128881480636014
spatialDLPFC	SDLPFC_Br6522_ANT_MID	within_donor_adjacent_position	spatialDLPFC::Br6522	primary_expansion	forward	SDLPFC_Br6522_ANT_MID	row_softmax	0.25		N	I_SPATIAL	0.00125	0.000625	1500	0.00045010057070795923	0.0005742822332945301	0.0004650231474479464	0.0006442642367074909
spatialDLPFC	SDLPFC_Br6522_ANT_MID	within_donor_adjacent_position	spatialDLPFC::Br6522	primary_expansion	forward	SDLPFC_Br6522_ANT_MID	balanced_ot	0.25		R	I_EXPR	0.02	0.01	1500	0.0011386235625855958	0.0016731642572029627	0.0011713381042212242	0.0026455277647255636
spatialDLPFC	SDLPFC_Br6522_ANT_MID	within_donor_adjacent_position	spatialDLPFC::Br6522	primary_expansion	forward	SDLPFC_Br6522_ANT_MID	balanced_ot	0.25		R	I_EXPR	0.01	0.005	1500	0.0005691928150696739	0.0008366158046444411	0.0005857378370367301	0.0013235590888538602
spatialDLPFC	SDLPFC_Br6522_ANT_MID	within_donor_adjacent_position	spatialDLPFC::Br6522	primary_expansion	forward	SDLPFC_Br6522_ANT_MID	balanced_ot	0.25		R	I_EXPR	0.005	0.0025	1500	0.00028445220290727923	0.000418407706534992	0.0002928860295448952	0.0006619741372250502
spatialDLPFC	SDLPFC_Br6522_ANT_MID	within_donor_adjacent_position	spatialDLPFC::Br6522	primary_expansion	forward	SDLPFC_Br6522_ANT_MID	balanced_ot	0.25		R	I_EXPR	0.0025	0.00125	1500	0.00014217783377329948	0.00020922279222497685	0.00014644731336465	0.0003310349290976065
spatialDLPFC	SDLPFC_Br6522_ANT_MID	within_donor_adjacent_position	spatialDLPFC::Br6522	primary_expansion	forward	SDLPFC_Br6522_ANT_MID	balanced_ot	0.25		R	I_EXPR	0.00125	0.000625	1500	7.107686287769778e-05	0.00010461611193459402	7.322473458823509e-05	0.00016553046804204023
spatialDLPFC	SDLPFC_Br6522_ANT_MID	within_donor_adjacent_position	spatialDLPFC::Br6522	primary_expansion	forward	SDLPFC_Br6522_ANT_MID	balanced_ot	0.25		R	I_SPATIAL	0.02	0.01	1500	0.006495187396886063	0.007621781172073935	0.006336655981606383	0.008301460988533326
spatialDLPFC	SDLPFC_Br6522_ANT_MID	within_donor_adjacent_position	spatialDLPFC::Br6522	primary_expansion	forward	SDLPFC_Br6522_ANT_MID	balanced_ot	0.25		R	I_SPATIAL	0.01	0.005	1500	0.0032311470585949624	0.0037843037863177498	0.0031497520326795665	0.004121973399540294
spatialDLPFC	SDLPFC_Br6522_ANT_MID	within_donor_adjacent_position	spatialDLPFC::Br6522	primary_expansion	forward	SDLPFC_Br6522_ANT_MID	balanced_ot	0.25		R	I_SPATIAL	0.005	0.0025	1500	0.001610995778436696	0.0018855799951414131	0.001570261462709885	0.0020538371164122047
spatialDLPFC	SDLPFC_Br6522_ANT_MID	within_donor_adjacent_position	spatialDLPFC::Br6522	primary_expansion	forward	SDLPFC_Br6522_ANT_MID	balanced_ot	0.25		R	I_SPATIAL	0.0025	0.00125	1500	0.0008043285755018292	0.0009412455453104841	0.0007839807232125523	0.0010251320421150484
spatialDLPFC	SDLPFC_Br6522_ANT_MID	within_donor_adjacent_position	spatialDLPFC::Br6522	primary_expansion	forward	SDLPFC_Br6522_ANT_MID	balanced_ot	0.25		R	I_SPATIAL	0.00125	0.000625	1500	0.00040187219457478527	0.00047028435481387306	0.0003917033425897574	0.0005121198268967588
spatialDLPFC	SDLPFC_Br6522_ANT_MID	within_donor_adjacent_position	spatialDLPFC::Br6522	primary_expansion	forward	SDLPFC_Br6522_ANT_MID	balanced_ot	0.25		N	I_EXPR	0.02	0.01	1500	0.00661123127428082	0.0077471778986134025	0.0064483735317350105	0.00987918193285878
spatialDLPFC	SDLPFC_Br6522_ANT_MID	within_donor_adjacent_position	spatialDLPFC::Br6522	primary_expansion	forward	SDLPFC_Br6522_ANT_MID	balanced_ot	0.25		N	I_EXPR	0.01	0.005	1500	0.0033259422630066418	0.0038988857217278463	0.003243339786767571	0.004979902922765011
spatialDLPFC	SDLPFC_Br6522_ANT_MID	within_donor_adjacent_position	spatialDLPFC::Br6522	primary_expansion	forward	SDLPFC_Br6522_ANT_MID	balanced_ot	0.25		N	I_EXPR	0.005	0.0025	1500	0.001667384520002114	0.0019571197016707495	0.0016264884015416174	0.002500080913741288
spatialDLPFC	SDLPFC_Br6522_ANT_MID	within_donor_adjacent_position	spatialDLPFC::Br6522	primary_expansion	forward	SDLPFC_Br6522_ANT_MID	balanced_ot	0.25		N	I_EXPR	0.0025	0.00125	1500	0.0008350718501213384	0.0009802102957581944	0.0008144526500402198	0.001252570769671428
spatialDLPFC	SDLPFC_Br6522_ANT_MID	within_donor_adjacent_position	spatialDLPFC::Br6522	primary_expansion	forward	SDLPFC_Br6522_ANT_MID	balanced_ot	0.25		N	I_EXPR	0.00125	0.000625	1500	0.0004178892754447975	0.0004905156412301416	0.0004075289153683434	0.0006269178496504318
spatialDLPFC	SDLPFC_Br6522_ANT_MID	within_donor_adjacent_position	spatialDLPFC::Br6522	primary_expansion	forward	SDLPFC_Br6522_ANT_MID	balanced_ot	0.25		N	I_SPATIAL	0.02	0.01	1500	0.006766746393067132	0.007961101668176741	0.006603531519244335	0.010204262817565132
spatialDLPFC	SDLPFC_Br6522_ANT_MID	within_donor_adjacent_position	spatialDLPFC::Br6522	primary_expansion	forward	SDLPFC_Br6522_ANT_MID	balanced_ot	0.25		N	I_SPATIAL	0.01	0.005	1500	0.0033653477006112594	0.003953817175198213	0.00328212909684526	0.0050611355139330745
spatialDLPFC	SDLPFC_Br6522_ANT_MID	within_donor_adjacent_position	spatialDLPFC::Br6522	primary_expansion	forward	SDLPFC_Br6522_ANT_MID	balanced_ot	0.25		N	I_SPATIAL	0.005	0.0025	1500	0.0016781121212864495	0.001970308099888646	0.0016361858691954722	0.002520363659876903
spatialDLPFC	SDLPFC_Br6522_ANT_MID	within_donor_adjacent_position	spatialDLPFC::Br6522	primary_expansion	forward	SDLPFC_Br6522_ANT_MID	balanced_ot	0.25		N	I_SPATIAL	0.0025	0.00125	1500	0.0008378127034971273	0.0009835019847093127	0.0008168770589271564	0.001257638361365504
spatialDLPFC	SDLPFC_Br6522_ANT_MID	within_donor_adjacent_position	spatialDLPFC::Br6522	primary_expansion	forward	SDLPFC_Br6522_ANT_MID	balanced_ot	0.25		N	I_SPATIAL	0.00125	0.000625	1500	0.00041859585946007897	0.0004913383455775122	0.00040813502596581756	0.0006281847395096616
spatialDLPFC	SDLPFC_Br6522_ANT_MID	within_donor_adjacent_position	spatialDLPFC::Br6522	primary_expansion	reverse	SDLPFC_Br6522_ANT_MID__reverse	uot	0.25	2.0	R	I_EXPR	0.02	0.01	1500	0.0015716644500489594	0.002010373620816989	0.001567395349900389	0.0032585059133405964
spatialDLPFC	SDLPFC_Br6522_ANT_MID	within_donor_adjacent_position	spatialDLPFC::Br6522	primary_expansion	reverse	SDLPFC_Br6522_ANT_MID__reverse	uot	0.25	2.0	R	I_EXPR	0.01	0.005	1500	0.0007858251494139857	0.0010045509521779826	0.0007834612582758949	0.00163103487126912
spatialDLPFC	SDLPFC_Br6522_ANT_MID	within_donor_adjacent_position	spatialDLPFC::Br6522	primary_expansion	reverse	SDLPFC_Br6522_ANT_MID__reverse	uot	0.25	2.0	R	I_EXPR	0.005	0.0025	1500	0.00039285360986149526	0.00050221769020514	0.000391671377882022	0.0008159632871086984
spatialDLPFC	SDLPFC_Br6522_ANT_MID	within_donor_adjacent_position	spatialDLPFC::Br6522	primary_expansion	reverse	SDLPFC_Br6522_ANT_MID__reverse	uot	0.25	2.0	R	I_EXPR	0.0025	0.00125	1500	0.0001964224121260573	0.0002510633425313635	0.00019582085889283612	0.00040809279077843685
spatialDLPFC	SDLPFC_Br6522_ANT_MID	within_donor_adjacent_position	spatialDLPFC::Br6522	primary_expansion	reverse	SDLPFC_Br6522_ANT_MID__reverse	uot	0.25	2.0	R	I_EXPR	0.00125	0.000625	1500	9.82051181837155e-05	0.00012551857360108557	9.79067206072293e-05	0.00020407414233011793
spatialDLPFC	SDLPFC_Br6522_ANT_MID	within_donor_adjacent_position	spatialDLPFC::Br6522	primary_expansion	reverse	SDLPFC_Br6522_ANT_MID__reverse	uot	0.25	2.0	R	I_SPATIAL	0.02	0.01	1500	0.006503525443800272	0.008013194663787391	0.0065016931488510185	0.009706046936822985
spatialDLPFC	SDLPFC_Br6522_ANT_MID	within_donor_adjacent_position	spatialDLPFC::Br6522	primary_expansion	reverse	SDLPFC_Br6522_ANT_MID__reverse	uot	0.25	2.0	R	I_SPATIAL	0.01	0.005	1500	0.003232651567838159	0.003976297802690646	0.0032315612203437285	0.004820293483356361
spatialDLPFC	SDLPFC_Br6522_ANT_MID	within_donor_adjacent_position	spatialDLPFC::Br6522	primary_expansion	reverse	SDLPFC_Br6522_ANT_MID__reverse	uot	0.25	2.0	R	I_SPATIAL	0.005	0.0025	1500	0.0016104755652604236	0.001980930470223166	0.0016109913283122808	0.002401994451788298
spatialDLPFC	SDLPFC_Br6522_ANT_MID	within_donor_adjacent_position	spatialDLPFC::Br6522	primary_expansion	reverse	SDLPFC_Br6522_ANT_MID__reverse	uot	0.25	2.0	R	I_SPATIAL	0.0025	0.00125	1500	0.0008038809960672166	0.0009885156543016993	0.0008043023440784956	0.0011989649486124556
spatialDLPFC	SDLPFC_Br6522_ANT_MID	within_donor_adjacent_position	spatialDLPFC::Br6522	primary_expansion	reverse	SDLPFC_Br6522_ANT_MID__reverse	uot	0.25	2.0	R	I_SPATIAL	0.00125	0.000625	1500	0.000401620986056783	0.0004937637204221035	0.00040185335038639294	0.0005989768848643073
spatialDLPFC	SDLPFC_Br6522_ANT_MID	within_donor_adjacent_position	spatialDLPFC::Br6522	primary_expansion	reverse	SDLPFC_Br6522_ANT_MID__reverse	uot	0.25	2.0	N	I_EXPR	0.02	0.01	1500	0.005525182143691503	0.007106622592718607	0.005641052559247392	0.00988787278403525
spatialDLPFC	SDLPFC_Br6522_ANT_MID	within_donor_adjacent_position	spatialDLPFC::Br6522	primary_expansion	reverse	SDLPFC_Br6522_ANT_MID__reverse	uot	0.25	2.0	N	I_EXPR	0.01	0.005	1500	0.002778166783053898	0.0035745904374047425	0.002837298014039064	0.004997420156055716
spatialDLPFC	SDLPFC_Br6522_ANT_MID	within_donor_adjacent_position	spatialDLPFC::Br6522	primary_expansion	reverse	SDLPFC_Br6522_ANT_MID__reverse	uot	0.25	2.0	N	I_EXPR	0.005	0.0025	1500	0.001393298726956305	0.001792474773714135	0.0014228712648179382	0.0025121482547139137
spatialDLPFC	SDLPFC_Br6522_ANT_MID	within_donor_adjacent_position	spatialDLPFC::Br6522	primary_expansion	reverse	SDLPFC_Br6522_ANT_MID__reverse	uot	0.25	2.0	N	I_EXPR	0.0025	0.00125	1500	0.0006975667699130178	0.0008975377446512725	0.0007124949078791982	0.0012594430813681356
spatialDLPFC	SDLPFC_Br6522_ANT_MID	within_donor_adjacent_position	spatialDLPFC::Br6522	primary_expansion	reverse	SDLPFC_Br6522_ANT_MID__reverse	uot	0.25	2.0	N	I_EXPR	0.00125	0.000625	1500	0.0003490376496166548	0.0004491399486104759	0.000356512744763555	0.0006305648529249596
spatialDLPFC	SDLPFC_Br6522_ANT_MID	within_donor_adjacent_position	spatialDLPFC::Br6522	primary_expansion	reverse	SDLPFC_Br6522_ANT_MID__reverse	uot	0.25	2.0	N	I_SPATIAL	0.02	0.01	1500	0.005663764210358358	0.007306293002954558	0.0057771189934199526	0.010319977049745532
spatialDLPFC	SDLPFC_Br6522_ANT_MID	within_donor_adjacent_position	spatialDLPFC::Br6522	primary_expansion	reverse	SDLPFC_Br6522_ANT_MID__reverse	uot	0.25	2.0	N	I_SPATIAL	0.01	0.005	1500	0.0028136773798869306	0.0036246842602403345	0.00287131352843348	0.005105500820454311
spatialDLPFC	SDLPFC_Br6522_ANT_MID	within_donor_adjacent_position	spatialDLPFC::Br6522	primary_expansion	reverse	SDLPFC_Br6522_ANT_MID__reverse	uot	0.25	2.0	N	I_SPATIAL	0.005	0.0025	1500	0.0014023264658904687	0.0018050731344410704	0.0014313753583972495	0.0025391697629124446
spatialDLPFC	SDLPFC_Br6522_ANT_MID	within_donor_adjacent_position	spatialDLPFC::Br6522	primary_expansion	reverse	SDLPFC_Br6522_ANT_MID__reverse	uot	0.25	2.0	N	I_SPATIAL	0.0025	0.00125	1500	0.0007000406674582853	0.0009006645587286767	0.0007146209456832583	0.0012661970821098065
spatialDLPFC	SDLPFC_Br6522_ANT_MID	within_donor_adjacent_position	spatialDLPFC::Br6522	primary_expansion	reverse	SDLPFC_Br6522_ANT_MID__reverse	uot	0.25	2.0	N	I_SPATIAL	0.00125	0.000625	1500	0.00034974030339063745	0.00044987425636773017	0.0003570442507852395	0.0006322532542981811
spatialDLPFC	SDLPFC_Br6522_ANT_MID	within_donor_adjacent_position	spatialDLPFC::Br6522	primary_expansion	reverse	SDLPFC_Br6522_ANT_MID__reverse	row_softmax	0.25		R	I_EXPR	0.02	0.01	1500	0.004118310642664262	0.005009278359778559	0.004008086534246296	0.005785940998876998
spatialDLPFC	SDLPFC_Br6522_ANT_MID	within_donor_adjacent_position	spatialDLPFC::Br6522	primary_expansion	reverse	SDLPFC_Br6522_ANT_MID__reverse	row_softmax	0.25		R	I_EXPR	0.01	0.005	1500	0.002052989019039518	0.0024958827663963397	0.001997440687209318	0.002880465390951189
spatialDLPFC	SDLPFC_Br6522_ANT_MID	within_donor_adjacent_position	spatialDLPFC::Br6522	primary_expansion	reverse	SDLPFC_Br6522_ANT_MID__reverse	row_softmax	0.25		R	I_EXPR	0.005	0.0025	1500	0.0010248873165787553	0.001245751042788294	0.0009970732338550029	0.0014370964232811184
spatialDLPFC	SDLPFC_Br6522_ANT_MID	within_donor_adjacent_position	spatialDLPFC::Br6522	primary_expansion	reverse	SDLPFC_Br6522_ANT_MID__reverse	row_softmax	0.25		R	I_EXPR	0.0025	0.00125	1500	0.0005120707237840068	0.0006223274746954426	0.0004981252604980824	0.0007177623797857653
spatialDLPFC	SDLPFC_Br6522_ANT_MID	within_donor_adjacent_position	spatialDLPFC::Br6522	primary_expansion	reverse	SDLPFC_Br6522_ANT_MID__reverse	row_softmax	0.25		R	I_EXPR	0.00125	0.000625	1500	0.0002559423670929938	0.0003110168872630839	0.0002489598396197387	0.0003586847104748532
spatialDLPFC	SDLPFC_Br6522_ANT_MID	within_donor_adjacent_position	spatialDLPFC::Br6522	primary_expansion	reverse	SDLPFC_Br6522_ANT_MID__reverse	row_softmax	0.25		R	I_SPATIAL	0.02	0.01	1500	0.005866040938440561	0.007592085649701671	0.0059829210462033905	0.009243457083181831
spatialDLPFC	SDLPFC_Br6522_ANT_MID	within_donor_adjacent_position	spatialDLPFC::Br6522	primary_expansion	reverse	SDLPFC_Br6522_ANT_MID__reverse	row_softmax	0.25		R	I_SPATIAL	0.01	0.005	1500	0.00291844864328703	0.003771537980930639	0.002975188910201372	0.004586511966444451
spatialDLPFC	SDLPFC_Br6522_ANT_MID	within_donor_adjacent_position	spatialDLPFC::Br6522	primary_expansion	reverse	SDLPFC_Br6522_ANT_MID__reverse	row_softmax	0.25		R	I_SPATIAL	0.005	0.0025	1500	0.0014554498036358412	0.0018795296487526842	0.0014835528582816835	0.0022844597022385806
spatialDLPFC	SDLPFC_Br6522_ANT_MID	within_donor_adjacent_position	spatialDLPFC::Br6522	primary_expansion	reverse	SDLPFC_Br6522_ANT_MID__reverse	row_softmax	0.25		R	I_SPATIAL	0.0025	0.00125	1500	0.0007268591396387922	0.0009382079107414615	0.0007407694029073175	0.0011400427608436398
spatialDLPFC	SDLPFC_Br6522_ANT_MID	within_donor_adjacent_position	spatialDLPFC::Br6522	primary_expansion	reverse	SDLPFC_Br6522_ANT_MID__reverse	row_softmax	0.25		R	I_SPATIAL	0.00125	0.000625	1500	0.000363213556861973	0.00046871528380697605	0.00037013337290672435	0.0005694763269666712
spatialDLPFC	SDLPFC_Br6522_ANT_MID	within_donor_adjacent_position	spatialDLPFC::Br6522	primary_expansion	reverse	SDLPFC_Br6522_ANT_MID__reverse	row_softmax	0.25		N	I_EXPR	0.02	0.01	1500	0.007499093125022478	0.010240712348321003	0.00776067974806412	0.011461827796272969
spatialDLPFC	SDLPFC_Br6522_ANT_MID	within_donor_adjacent_position	spatialDLPFC::Br6522	primary_expansion	reverse	SDLPFC_Br6522_ANT_MID__reverse	row_softmax	0.25		N	I_EXPR	0.01	0.005	1500	0.0037563681490034896	0.005135109955812448	0.003890692574902488	0.005742075108369816
spatialDLPFC	SDLPFC_Br6522_ANT_MID	within_donor_adjacent_position	spatialDLPFC::Br6522	primary_expansion	reverse	SDLPFC_Br6522_ANT_MID__reverse	row_softmax	0.25		N	I_EXPR	0.005	0.0025	1500	0.001880468313377214	0.0025692076796429587	0.001947966377618215	0.0028750918041757635
spatialDLPFC	SDLPFC_Br6522_ANT_MID	within_donor_adjacent_position	spatialDLPFC::Br6522	primary_expansion	reverse	SDLPFC_Br6522_ANT_MID__reverse	row_softmax	0.25		N	I_EXPR	0.0025	0.00125	1500	0.0009401816192010366	0.0012849861281444231	0.0009746421085839663	0.0014385707913924857
spatialDLPFC	SDLPFC_Br6522_ANT_MID	within_donor_adjacent_position	spatialDLPFC::Br6522	primary_expansion	reverse	SDLPFC_Br6522_ANT_MID__reverse	row_softmax	0.25		N	I_EXPR	0.00125	0.000625	1500	0.00047007654782262997	0.0006425810491168396	0.0004874862498048735	0.0007195429861927881
spatialDLPFC	SDLPFC_Br6522_ANT_MID	within_donor_adjacent_position	spatialDLPFC::Br6522	primary_expansion	reverse	SDLPFC_Br6522_ANT_MID__reverse	row_softmax	0.25		N	I_SPATIAL	0.02	0.01	1500	0.0075535863168654785	0.01036739234515901	0.007845505403136823	0.011594459960458702
spatialDLPFC	SDLPFC_Br6522_ANT_MID	within_donor_adjacent_position	spatialDLPFC::Br6522	primary_expansion	reverse	SDLPFC_Br6522_ANT_MID__reverse	row_softmax	0.25		N	I_SPATIAL	0.01	0.005	1500	0.003769094375555494	0.005165246148737298	0.0039119017718401835	0.00577643970541838
spatialDLPFC	SDLPFC_Br6522_ANT_MID	within_donor_adjacent_position	spatialDLPFC::Br6522	primary_expansion	reverse	SDLPFC_Br6522_ANT_MID__reverse	row_softmax	0.25		N	I_SPATIAL	0.005	0.0025	1500	0.001882518574627907	0.002576003925941166	0.001953268601326543	0.002883381655252282
spatialDLPFC	SDLPFC_Br6522_ANT_MID	within_donor_adjacent_position	spatialDLPFC::Br6522	primary_expansion	reverse	SDLPFC_Br6522_ANT_MID__reverse	row_softmax	0.25		N	I_SPATIAL	0.0025	0.00125	1500	0.000940842078694349	0.001286612789307829	0.0009759675805998274	0.0014406444263128915
spatialDLPFC	SDLPFC_Br6522_ANT_MID	within_donor_adjacent_position	spatialDLPFC::Br6522	primary_expansion	reverse	SDLPFC_Br6522_ANT_MID__reverse	row_softmax	0.25		N	I_SPATIAL	0.00125	0.000625	1500	0.0004702700591925939	0.0006429981455901379	0.0004878176283403673	0.0007200614971212192
spatialDLPFC	SDLPFC_Br6522_ANT_MID	within_donor_adjacent_position	spatialDLPFC::Br6522	primary_expansion	reverse	SDLPFC_Br6522_ANT_MID__reverse	balanced_ot	0.25		R	I_EXPR	0.02	0.01	1500	0.001055720935647442	0.0016755866541462868	0.001138052064707298	0.003110920545353382
spatialDLPFC	SDLPFC_Br6522_ANT_MID	within_donor_adjacent_position	spatialDLPFC::Br6522	primary_expansion	reverse	SDLPFC_Br6522_ANT_MID__reverse	balanced_ot	0.25		R	I_EXPR	0.01	0.005	1500	0.0005272846697969292	0.0008380486533408626	0.000569090593625766	0.0015588055922976499
spatialDLPFC	SDLPFC_Br6522_ANT_MID	within_donor_adjacent_position	spatialDLPFC::Br6522	primary_expansion	reverse	SDLPFC_Br6522_ANT_MID__reverse	balanced_ot	0.25		R	I_EXPR	0.005	0.0025	1500	0.00026349744370665796	0.00041908746352116287	0.0002845613746352641	0.0007802356399298419
spatialDLPFC	SDLPFC_Br6522_ANT_MID	within_donor_adjacent_position	spatialDLPFC::Br6522	primary_expansion	reverse	SDLPFC_Br6522_ANT_MID__reverse	balanced_ot	0.25		R	I_EXPR	0.0025	0.00125	1500	0.0001317123823746215	0.00020955929155845569	0.00014228472342094338	0.00039032553819557926
spatialDLPFC	SDLPFC_Br6522_ANT_MID	within_donor_adjacent_position	spatialDLPFC::Br6522	primary_expansion	reverse	SDLPFC_Br6522_ANT_MID__reverse	balanced_ot	0.25		R	I_EXPR	0.00125	0.000625	1500	6.584709337897267e-05	0.00010478350794631213	7.114337915940154e-05	0.0001952146290739047
spatialDLPFC	SDLPFC_Br6522_ANT_MID	within_donor_adjacent_position	spatialDLPFC::Br6522	primary_expansion	reverse	SDLPFC_Br6522_ANT_MID__reverse	balanced_ot	0.25		R	I_SPATIAL	0.02	0.01	1500	0.0063233781678989085	0.007860630436109486	0.00632700169675038	0.00958723742286438
spatialDLPFC	SDLPFC_Br6522_ANT_MID	within_donor_adjacent_position	spatialDLPFC::Br6522	primary_expansion	reverse	SDLPFC_Br6522_ANT_MID__reverse	balanced_ot	0.25		R	I_SPATIAL	0.01	0.005	1500	0.0031426726276431605	0.003900838900811448	0.003144975738834461	0.0047633240489790285
spatialDLPFC	SDLPFC_Br6522_ANT_MID	within_donor_adjacent_position	spatialDLPFC::Br6522	primary_expansion	reverse	SDLPFC_Br6522_ANT_MID__reverse	balanced_ot	0.25		R	I_SPATIAL	0.005	0.0025	1500	0.001566382900421394	0.0019437514869428986	0.0015678861322570015	0.0023741051663387527
spatialDLPFC	SDLPFC_Br6522_ANT_MID	within_donor_adjacent_position	spatialDLPFC::Br6522	primary_expansion	reverse	SDLPFC_Br6522_ANT_MID__reverse	balanced_ot	0.25		R	I_SPATIAL	0.0025	0.00125	1500	0.0007819640750263881	0.0009701420193815002	0.0007827962798002434	0.001185168271151081
spatialDLPFC	SDLPFC_Br6522_ANT_MID	within_donor_adjacent_position	spatialDLPFC::Br6522	primary_expansion	reverse	SDLPFC_Br6522_ANT_MID__reverse	balanced_ot	0.25		R	I_SPATIAL	0.00125	0.000625	1500	0.00039070297615783283	0.0004846837766241859	0.0003911119264319892	0.0005921132174183263
spatialDLPFC	SDLPFC_Br6522_ANT_MID	within_donor_adjacent_position	spatialDLPFC::Br6522	primary_expansion	reverse	SDLPFC_Br6522_ANT_MID__reverse	balanced_ot	0.25		N	I_EXPR	0.02	0.01	1500	0.006380057089457822	0.008032934017580866	0.006451876579628513	0.013105071966364595
spatialDLPFC	SDLPFC_Br6522_ANT_MID	within_donor_adjacent_position	spatialDLPFC::Br6522	primary_expansion	reverse	SDLPFC_Br6522_ANT_MID__reverse	balanced_ot	0.25		N	I_EXPR	0.01	0.005	1500	0.00320569867641036	0.004042325754337363	0.0032450584928386994	0.006632078843440412
spatialDLPFC	SDLPFC_Br6522_ANT_MID	within_donor_adjacent_position	spatialDLPFC::Br6522	primary_expansion	reverse	SDLPFC_Br6522_ANT_MID__reverse	balanced_ot	0.25		N	I_EXPR	0.005	0.0025	1500	0.0016071023519230354	0.0020278220066420123	0.0016273395629305203	0.0033360527636604955
spatialDLPFC	SDLPFC_Br6522_ANT_MID	within_donor_adjacent_position	spatialDLPFC::Br6522	primary_expansion	reverse	SDLPFC_Br6522_ANT_MID__reverse	balanced_ot	0.25		N	I_EXPR	0.0025	0.00125	1500	0.0008045444073452724	0.0010160845601968754	0.0008148761827075543	0.001673043479703653
spatialDLPFC	SDLPFC_Br6522_ANT_MID	within_donor_adjacent_position	spatialDLPFC::Br6522	primary_expansion	reverse	SDLPFC_Br6522_ANT_MID__reverse	balanced_ot	0.25		N	I_EXPR	0.00125	0.000625	1500	0.0004025625669307121	0.0005087220884995989	0.00040774017053538526	0.0008377767749200054
spatialDLPFC	SDLPFC_Br6522_ANT_MID	within_donor_adjacent_position	spatialDLPFC::Br6522	primary_expansion	reverse	SDLPFC_Br6522_ANT_MID__reverse	balanced_ot	0.25		N	I_SPATIAL	0.02	0.01	1500	0.006512224365835801	0.008278063467506862	0.006606774307325016	0.013747301765029047
spatialDLPFC	SDLPFC_Br6522_ANT_MID	within_donor_adjacent_position	spatialDLPFC::Br6522	primary_expansion	reverse	SDLPFC_Br6522_ANT_MID__reverse	balanced_ot	0.25		N	I_SPATIAL	0.01	0.005	1500	0.003239631391220261	0.0041065025754956274	0.0032837825801539265	0.006792801533752415
spatialDLPFC	SDLPFC_Br6522_ANT_MID	within_donor_adjacent_position	spatialDLPFC::Br6522	primary_expansion	reverse	SDLPFC_Br6522_ANT_MID__reverse	balanced_ot	0.25		N	I_SPATIAL	0.005	0.0025	1500	0.0016167464010237917	0.002044403477400029	0.0016370207460946725	0.0033762476541261723
spatialDLPFC	SDLPFC_Br6522_ANT_MID	within_donor_adjacent_position	spatialDLPFC::Br6522	primary_expansion	reverse	SDLPFC_Br6522_ANT_MID__reverse	balanced_ot	0.25		N	I_SPATIAL	0.0025	0.00125	1500	0.000807090303984907	0.0010208735408215022	0.0008172965241086963	0.0016830936098524308
spatialDLPFC	SDLPFC_Br6522_ANT_MID	within_donor_adjacent_position	spatialDLPFC::Br6522	primary_expansion	reverse	SDLPFC_Br6522_ANT_MID__reverse	balanced_ot	0.25		N	I_SPATIAL	0.00125	0.000625	1500	0.0004031167809189092	0.0005098720620653142	0.0004083452667539088	0.0008402893182842599
spatialDLPFC	SDLPFC_Br8325_ANT_MID	within_donor_adjacent_position	spatialDLPFC::Br8325	primary_expansion	forward	SDLPFC_Br8325_ANT_MID	uot	0.25	2.0	R	I_EXPR	0.02	0.01	1500	0.0009347073947850259	0.0013336156124044072	0.0010002656702546658	0.0020658608768194197
spatialDLPFC	SDLPFC_Br8325_ANT_MID	within_donor_adjacent_position	spatialDLPFC::Br8325	primary_expansion	forward	SDLPFC_Br8325_ANT_MID	uot	0.25	2.0	R	I_EXPR	0.01	0.005	1500	0.0004671523720736231	0.0006664876121898885	0.0004999295307977239	0.0010331164091925448
spatialDLPFC	SDLPFC_Br8325_ANT_MID	within_donor_adjacent_position	spatialDLPFC::Br8325	primary_expansion	forward	SDLPFC_Br8325_ANT_MID	uot	0.25	2.0	R	I_EXPR	0.005	0.0025	1500	0.0002335258209277063	0.00033316400674208204	0.00024991393194492416	0.0005166035552300625
spatialDLPFC	SDLPFC_Br8325_ANT_MID	within_donor_adjacent_position	spatialDLPFC::Br8325	primary_expansion	forward	SDLPFC_Br8325_ANT_MID	uot	0.25	2.0	R	I_EXPR	0.0025	0.00125	1500	0.00011675031515774154	0.00016656205156559197	0.00012494425646111373	0.0002583129803871456
spatialDLPFC	SDLPFC_Br8325_ANT_MID	within_donor_adjacent_position	spatialDLPFC::Br8325	primary_expansion	forward	SDLPFC_Br8325_ANT_MID	uot	0.25	2.0	R	I_EXPR	0.00125	0.000625	1500	5.837200764593565e-05	8.327603809625329e-05	6.246895075698006e-05	0.0001291592733933234
spatialDLPFC	SDLPFC_Br8325_ANT_MID	within_donor_adjacent_position	spatialDLPFC::Br8325	primary_expansion	forward	SDLPFC_Br8325_ANT_MID	uot	0.25	2.0	R	I_SPATIAL	0.02	0.01	1500	0.0063955185102913745	0.007358168366370409	0.006218988307985412	0.008500049206301439
spatialDLPFC	SDLPFC_Br8325_ANT_MID	within_donor_adjacent_position	spatialDLPFC::Br8325	primary_expansion	forward	SDLPFC_Br8325_ANT_MID	uot	0.25	2.0	R	I_SPATIAL	0.01	0.005	1500	0.003178388145311917	0.003653763106263851	0.0030908042713271816	0.004214814890771186
spatialDLPFC	SDLPFC_Br8325_ANT_MID	within_donor_adjacent_position	spatialDLPFC::Br8325	primary_expansion	forward	SDLPFC_Br8325_ANT_MID	uot	0.25	2.0	R	I_SPATIAL	0.005	0.0025	1500	0.0015844259804420383	0.0018204538041780153	0.0015407670806368086	0.002098688337148657
spatialDLPFC	SDLPFC_Br8325_ANT_MID	within_donor_adjacent_position	spatialDLPFC::Br8325	primary_expansion	forward	SDLPFC_Br8325_ANT_MID	uot	0.25	2.0	R	I_SPATIAL	0.0025	0.00125	1500	0.0007908312541329431	0.0009085430850594835	0.000769229351319205	0.001047178778201003
spatialDLPFC	SDLPFC_Br8325_ANT_MID	within_donor_adjacent_position	spatialDLPFC::Br8325	primary_expansion	forward	SDLPFC_Br8325_ANT_MID	uot	0.25	2.0	R	I_SPATIAL	0.00125	0.000625	1500	0.00039509044551972914	0.0004538492570065444	0.00038432672958889445	0.0005230490966986166
spatialDLPFC	SDLPFC_Br8325_ANT_MID	within_donor_adjacent_position	spatialDLPFC::Br8325	primary_expansion	forward	SDLPFC_Br8325_ANT_MID	uot	0.25	2.0	N	I_EXPR	0.02	0.01	1500	0.00516587275451438	0.0060459185621212636	0.005140804194229005	0.007555914930208492
spatialDLPFC	SDLPFC_Br8325_ANT_MID	within_donor_adjacent_position	spatialDLPFC::Br8325	primary_expansion	forward	SDLPFC_Br8325_ANT_MID	uot	0.25	2.0	N	I_EXPR	0.01	0.005	1500	0.0025998909989143806	0.0030439045833731866	0.002585875614646432	0.003803195204252561
spatialDLPFC	SDLPFC_Br8325_ANT_MID	within_donor_adjacent_position	spatialDLPFC::Br8325	primary_expansion	forward	SDLPFC_Br8325_ANT_MID	uot	0.25	2.0	N	I_EXPR	0.005	0.0025	1500	0.001303919956405276	0.0015272431967443556	0.0012968387125473126	0.0019079507707123631
spatialDLPFC	SDLPFC_Br8325_ANT_MID	within_donor_adjacent_position	spatialDLPFC::Br8325	primary_expansion	forward	SDLPFC_Br8325_ANT_MID	uot	0.25	2.0	N	I_EXPR	0.0025	0.00125	1500	0.0006530468324079317	0.0007649031900057303	0.0006493986506996063	0.0009555680698536949
spatialDLPFC	SDLPFC_Br8325_ANT_MID	within_donor_adjacent_position	spatialDLPFC::Br8325	primary_expansion	forward	SDLPFC_Br8325_ANT_MID	uot	0.25	2.0	N	I_EXPR	0.00125	0.000625	1500	0.0003267713451813389	0.00038276881411788294	0.00032494463542519995	0.0004781827543707887
spatialDLPFC	SDLPFC_Br8325_ANT_MID	within_donor_adjacent_position	spatialDLPFC::Br8325	primary_expansion	forward	SDLPFC_Br8325_ANT_MID	uot	0.25	2.0	N	I_SPATIAL	0.02	0.01	1500	0.005297487884546414	0.0062020615467306235	0.005266663605289182	0.007760653592018396
spatialDLPFC	SDLPFC_Br8325_ANT_MID	within_donor_adjacent_position	spatialDLPFC::Br8325	primary_expansion	forward	SDLPFC_Br8325_ANT_MID	uot	0.25	2.0	N	I_SPATIAL	0.01	0.005	1500	0.0026317563136478046	0.0030824681666135156	0.002617339611188882	0.003854331587448846
spatialDLPFC	SDLPFC_Br8325_ANT_MID	within_donor_adjacent_position	spatialDLPFC::Br8325	primary_expansion	forward	SDLPFC_Br8325_ANT_MID	uot	0.25	2.0	N	I_SPATIAL	0.005	0.0025	1500	0.0013117146296117255	0.0015372833760461224	0.0013047047073555156	0.0019207271869588131
spatialDLPFC	SDLPFC_Br8325_ANT_MID	within_donor_adjacent_position	spatialDLPFC::Br8325	primary_expansion	forward	SDLPFC_Br8325_ANT_MID	uot	0.25	2.0	N	I_SPATIAL	0.0025	0.00125	1500	0.0006549095524141161	0.0007674449104527318	0.0006513651110816076	0.0009587621832251541
spatialDLPFC	SDLPFC_Br8325_ANT_MID	within_donor_adjacent_position	spatialDLPFC::Br8325	primary_expansion	forward	SDLPFC_Br8325_ANT_MID	uot	0.25	2.0	N	I_SPATIAL	0.00125	0.000625	1500	0.00032724368012250666	0.00038340420381227403	0.0003254362450686233	0.00047898128279585803
spatialDLPFC	SDLPFC_Br8325_ANT_MID	within_donor_adjacent_position	spatialDLPFC::Br8325	primary_expansion	forward	SDLPFC_Br8325_ANT_MID	balanced_ot	0.25		R	I_EXPR	0.02	0.01	1500	0.0006571710219457066	0.0010435182226375302	0.0007260129132505904	0.0017821077386037572
spatialDLPFC	SDLPFC_Br8325_ANT_MID	within_donor_adjacent_position	spatialDLPFC::Br8325	primary_expansion	forward	SDLPFC_Br8325_ANT_MID	balanced_ot	0.25		R	I_EXPR	0.01	0.005	1500	0.00032869371908837296	0.0005219174670716923	0.0003630170363584124	0.0008914870646479921
spatialDLPFC	SDLPFC_Br8325_ANT_MID	within_donor_adjacent_position	spatialDLPFC::Br8325	primary_expansion	forward	SDLPFC_Br8325_ANT_MID	balanced_ot	0.25		R	I_EXPR	0.005	0.0025	1500	0.0001643732240655612	0.00026099807801700635	0.0001815111212721628	0.00044585070812509515
spatialDLPFC	SDLPFC_Br8325_ANT_MID	within_donor_adjacent_position	spatialDLPFC::Br8325	primary_expansion	forward	SDLPFC_Br8325_ANT_MID	balanced_ot	0.25		R	I_EXPR	0.0025	0.00125	1500	8.219318064953274e-05	0.00013050884227080417	9.075620217783179e-05	0.00022295200948689576
spatialDLPFC	SDLPFC_Br8325_ANT_MID	within_donor_adjacent_position	spatialDLPFC::Br8325	primary_expansion	forward	SDLPFC_Br8325_ANT_MID	balanced_ot	0.25		R	I_EXPR	0.00125	0.000625	1500	4.109822965935759e-05	6.525687192679598e-05	4.537826049934355e-05	0.00011148264637961777
spatialDLPFC	SDLPFC_Br8325_ANT_MID	within_donor_adjacent_position	spatialDLPFC::Br8325	primary_expansion	forward	SDLPFC_Br8325_ANT_MID	balanced_ot	0.25		R	I_SPATIAL	0.02	0.01	1500	0.006180641224310687	0.007164483139989769	0.006041765869409865	0.008096601637559165
spatialDLPFC	SDLPFC_Br8325_ANT_MID	within_donor_adjacent_position	spatialDLPFC::Br8325	primary_expansion	forward	SDLPFC_Br8325_ANT_MID	balanced_ot	0.25		R	I_SPATIAL	0.01	0.005	1500	0.0030704741163394235	0.0035541154979517563	0.003002852809178772	0.004014214677437431
spatialDLPFC	SDLPFC_Br8325_ANT_MID	within_donor_adjacent_position	spatialDLPFC::Br8325	primary_expansion	forward	SDLPFC_Br8325_ANT_MID	balanced_ot	0.25		R	I_SPATIAL	0.005	0.0025	1500	0.0015300662172196865	0.0017701024256214413	0.0014969544212206545	0.001998646612057923
spatialDLPFC	SDLPFC_Br8325_ANT_MID	within_donor_adjacent_position	spatialDLPFC::Br8325	primary_expansion	forward	SDLPFC_Br8325_ANT_MID	balanced_ot	0.25		R	I_SPATIAL	0.0025	0.00125	1500	0.0007637935608991841	0.000883343456514897	0.0007473635428154477	0.0009972189889716158
spatialDLPFC	SDLPFC_Br8325_ANT_MID	within_donor_adjacent_position	spatialDLPFC::Br8325	primary_expansion	forward	SDLPFC_Br8325_ANT_MID	balanced_ot	0.25		R	I_SPATIAL	0.00125	0.000625	1500	0.0003815795012095068	0.00044124808033761166	0.0003734039019607658	0.0004980855576868711
spatialDLPFC	SDLPFC_Br8325_ANT_MID	within_donor_adjacent_position	spatialDLPFC::Br8325	primary_expansion	forward	SDLPFC_Br8325_ANT_MID	balanced_ot	0.25		N	I_EXPR	0.02	0.01	1500	0.006044742823491842	0.006923674317312731	0.0059530511179844816	0.008141314983005932
spatialDLPFC	SDLPFC_Br8325_ANT_MID	within_donor_adjacent_position	spatialDLPFC::Br8325	primary_expansion	forward	SDLPFC_Br8325_ANT_MID	balanced_ot	0.25		N	I_EXPR	0.01	0.005	1500	0.003040969996381023	0.003485152021093678	0.002993895037044507	0.00410557338194708
spatialDLPFC	SDLPFC_Br8325_ANT_MID	within_donor_adjacent_position	spatialDLPFC::Br8325	primary_expansion	forward	SDLPFC_Br8325_ANT_MID	balanced_ot	0.25		N	I_EXPR	0.005	0.0025	1500	0.0015249840908698837	0.001749666161392525	0.0015013245305655746	0.0020616075172278235
spatialDLPFC	SDLPFC_Br8325_ANT_MID	within_donor_adjacent_position	spatialDLPFC::Br8325	primary_expansion	forward	SDLPFC_Br8325_ANT_MID	balanced_ot	0.25		N	I_EXPR	0.0025	0.00125	1500	0.000763749124356207	0.0008766009167431183	0.0007517609811407316	0.0010330189662349075
spatialDLPFC	SDLPFC_Br8325_ANT_MID	within_donor_adjacent_position	spatialDLPFC::Br8325	primary_expansion	forward	SDLPFC_Br8325_ANT_MID	balanced_ot	0.25		N	I_EXPR	0.00125	0.000625	1500	0.00038216085943927044	0.00043869385477752164	0.00037615571157949274	0.0005170645349618494
spatialDLPFC	SDLPFC_Br8325_ANT_MID	within_donor_adjacent_position	spatialDLPFC::Br8325	primary_expansion	forward	SDLPFC_Br8325_ANT_MID	balanced_ot	0.25		N	I_SPATIAL	0.02	0.01	1500	0.00619797456365981	0.00712899169273071	0.0060942354233093	0.008426693382277263
spatialDLPFC	SDLPFC_Br8325_ANT_MID	within_donor_adjacent_position	spatialDLPFC::Br8325	primary_expansion	forward	SDLPFC_Br8325_ANT_MID	balanced_ot	0.25		N	I_SPATIAL	0.01	0.005	1500	0.0030788132016674585	0.003537585192151458	0.003029188957536919	0.004176778786322758
spatialDLPFC	SDLPFC_Br8325_ANT_MID	within_donor_adjacent_position	spatialDLPFC::Br8325	primary_expansion	forward	SDLPFC_Br8325_ANT_MID	balanced_ot	0.25		N	I_SPATIAL	0.005	0.0025	1500	0.001535003328774783	0.0017620679270913984	0.0015101481535379172	0.002079407455516943
spatialDLPFC	SDLPFC_Br8325_ANT_MID	within_donor_adjacent_position	spatialDLPFC::Br8325	primary_expansion	forward	SDLPFC_Br8325_ANT_MID	balanced_ot	0.25		N	I_SPATIAL	0.0025	0.00125	1500	0.0007662263638839504	0.0008794660015919879	0.0007539668693994764	0.001037469438800208
spatialDLPFC	SDLPFC_Br8325_ANT_MID	within_donor_adjacent_position	spatialDLPFC::Br8325	primary_expansion	forward	SDLPFC_Br8325_ANT_MID	balanced_ot	0.25		N	I_SPATIAL	0.00125	0.000625	1500	0.0003827801289725323	0.0004393874921411674	0.00037670718171823583	0.0005181771521171119
spatialDLPFC	SDLPFC_Br8325_ANT_MID	within_donor_adjacent_position	spatialDLPFC::Br8325	primary_expansion	forward	SDLPFC_Br8325_ANT_MID	row_softmax	0.25		R	I_EXPR	0.02	0.01	1500	0.002068125514908853	0.002559836860075383	0.00205115646439763	0.003210484910313884
spatialDLPFC	SDLPFC_Br8325_ANT_MID	within_donor_adjacent_position	spatialDLPFC::Br8325	primary_expansion	forward	SDLPFC_Br8325_ANT_MID	row_softmax	0.25		R	I_EXPR	0.01	0.005	1500	0.001032469744059648	0.001277551683683301	0.001023971216040598	0.0016015487033245624
spatialDLPFC	SDLPFC_Br8325_ANT_MID	within_donor_adjacent_position	spatialDLPFC::Br8325	primary_expansion	forward	SDLPFC_Br8325_ANT_MID	row_softmax	0.25		R	I_EXPR	0.005	0.0025	1500	0.0005158415972169542	0.0006382264345800113	0.0005115845963014187	0.0007998502595468141
spatialDLPFC	SDLPFC_Br8325_ANT_MID	within_donor_adjacent_position	spatialDLPFC::Br8325	primary_expansion	forward	SDLPFC_Br8325_ANT_MID	row_softmax	0.25		R	I_EXPR	0.0025	0.00125	1500	0.00025782630113992664	0.0003189756865773309	0.00025569213865179487	0.0003996947805852912
spatialDLPFC	SDLPFC_Br8325_ANT_MID	within_donor_adjacent_position	spatialDLPFC::Br8325	primary_expansion	forward	SDLPFC_Br8325_ANT_MID	row_softmax	0.25		R	I_EXPR	0.00125	0.000625	1500	0.00012888971596745154	0.00015945347336843374	0.00012782104002758305	0.00019978980069845472
spatialDLPFC	SDLPFC_Br8325_ANT_MID	within_donor_adjacent_position	spatialDLPFC::Br8325	primary_expansion	forward	SDLPFC_Br8325_ANT_MID	row_softmax	0.25		R	I_SPATIAL	0.02	0.01	1500	0.005944637983110573	0.0065303624110377755	0.005675003904619923	0.007266160093149436
spatialDLPFC	SDLPFC_Br8325_ANT_MID	within_donor_adjacent_position	spatialDLPFC::Br8325	primary_expansion	forward	SDLPFC_Br8325_ANT_MID	row_softmax	0.25		R	I_SPATIAL	0.01	0.005	1500	0.0029566776980969565	0.003244782524871568	0.0028223620247232926	0.003609531328527087
spatialDLPFC	SDLPFC_Br8325_ANT_MID	within_donor_adjacent_position	spatialDLPFC::Br8325	primary_expansion	forward	SDLPFC_Br8325_ANT_MID	row_softmax	0.25		R	I_SPATIAL	0.005	0.0025	1500	0.0014743371017280748	0.0016171394090607352	0.0014074234036438977	0.001798940488850589
spatialDLPFC	SDLPFC_Br8325_ANT_MID	within_donor_adjacent_position	spatialDLPFC::Br8325	primary_expansion	forward	SDLPFC_Br8325_ANT_MID	row_softmax	0.25		R	I_SPATIAL	0.0025	0.00125	1500	0.0007361374699475587	0.0008072166033564098	0.0007027756741809733	0.0008980167212320597
spatialDLPFC	SDLPFC_Br8325_ANT_MID	within_donor_adjacent_position	spatialDLPFC::Br8325	primary_expansion	forward	SDLPFC_Br8325_ANT_MID	row_softmax	0.25		R	I_SPATIAL	0.00125	0.000625	1500	0.00036781121814580123	0.00040329551090116455	0.00035115425447241043	0.0004486453850142359
spatialDLPFC	SDLPFC_Br8325_ANT_MID	within_donor_adjacent_position	spatialDLPFC::Br8325	primary_expansion	forward	SDLPFC_Br8325_ANT_MID	row_softmax	0.25		N	I_EXPR	0.02	0.01	1500	0.006347940145090537	0.007207364556971718	0.0061249914360861695	0.008542098050740587
spatialDLPFC	SDLPFC_Br8325_ANT_MID	within_donor_adjacent_position	spatialDLPFC::Br8325	primary_expansion	forward	SDLPFC_Br8325_ANT_MID	row_softmax	0.25		N	I_EXPR	0.01	0.005	1500	0.003190024374890264	0.0036223025038091016	0.003075279789481734	0.004284109975811213
spatialDLPFC	SDLPFC_Br8325_ANT_MID	within_donor_adjacent_position	spatialDLPFC::Br8325	primary_expansion	forward	SDLPFC_Br8325_ANT_MID	row_softmax	0.25		N	I_EXPR	0.005	0.0025	1500	0.0015988432627620907	0.0018155595353018911	0.0015408617284607842	0.0021453853778498257
spatialDLPFC	SDLPFC_Br8325_ANT_MID	within_donor_adjacent_position	spatialDLPFC::Br8325	primary_expansion	forward	SDLPFC_Br8325_ANT_MID	row_softmax	0.25		N	I_EXPR	0.0025	0.00125	1500	0.0008003837673879047	0.0009088842991220683	0.000771239430231688	0.0010735273455696947
spatialDLPFC	SDLPFC_Br8325_ANT_MID	within_donor_adjacent_position	spatialDLPFC::Br8325	primary_expansion	forward	SDLPFC_Br8325_ANT_MID	row_softmax	0.25		N	I_EXPR	0.00125	0.000625	1500	0.0004004328092952104	0.00045467523724293865	0.0003858222501549225	0.0005369718848259928
spatialDLPFC	SDLPFC_Br8325_ANT_MID	within_donor_adjacent_position	spatialDLPFC::Br8325	primary_expansion	forward	SDLPFC_Br8325_ANT_MID	row_softmax	0.25		N	I_SPATIAL	0.02	0.01	1500	0.006471296979498093	0.007350007984412394	0.006228885037334445	0.008648942273194864
spatialDLPFC	SDLPFC_Br8325_ANT_MID	within_donor_adjacent_position	spatialDLPFC::Br8325	primary_expansion	forward	SDLPFC_Br8325_ANT_MID	row_softmax	0.25		N	I_SPATIAL	0.01	0.005	1500	0.0032209198814428215	0.0036561536267920073	0.0031012542466337897	0.004310854615227721
spatialDLPFC	SDLPFC_Br8325_ANT_MID	within_donor_adjacent_position	spatialDLPFC::Br8325	primary_expansion	forward	SDLPFC_Br8325_ANT_MID	row_softmax	0.25		N	I_SPATIAL	0.005	0.0025	1500	0.0016065694542597402	0.001823816441426235	0.0015473552569324133	0.0021520621236693193
spatialDLPFC	SDLPFC_Br8325_ANT_MID	within_donor_adjacent_position	spatialDLPFC::Br8325	primary_expansion	forward	SDLPFC_Br8325_ANT_MID	row_softmax	0.25		N	I_SPATIAL	0.0025	0.00125	1500	0.0008023146237569629	0.0009108558728457104	0.0007728628214810233	0.0010751944445201377
spatialDLPFC	SDLPFC_Br8325_ANT_MID	within_donor_adjacent_position	spatialDLPFC::Br8325	primary_expansion	forward	SDLPFC_Br8325_ANT_MID	row_softmax	0.25		N	I_SPATIAL	0.00125	0.000625	1500	0.00040091562884611933	0.00045517809637082423	0.00038622810830639084	0.0005373886613999603
spatialDLPFC	SDLPFC_Br8325_ANT_MID	within_donor_adjacent_position	spatialDLPFC::Br8325	primary_expansion	reverse	SDLPFC_Br8325_ANT_MID__reverse	uot	0.25	2.0	R	I_EXPR	0.02	0.01	1500	0.0009591673292698197	0.0012747766473013159	0.0010087603170973593	0.0018135954528714217
spatialDLPFC	SDLPFC_Br8325_ANT_MID	within_donor_adjacent_position	spatialDLPFC::Br8325	primary_expansion	reverse	SDLPFC_Br8325_ANT_MID__reverse	uot	0.25	2.0	R	I_EXPR	0.01	0.005	1500	0.00047936465606258775	0.0006371186605945633	0.0005041694935398858	0.0009066902822489292
spatialDLPFC	SDLPFC_Br8325_ANT_MID	within_donor_adjacent_position	spatialDLPFC::Br8325	primary_expansion	reverse	SDLPFC_Br8325_ANT_MID__reverse	uot	0.25	2.0	R	I_EXPR	0.005	0.0025	1500	0.00023961648940677363	0.00031849183608392113	0.0002520320771684572	0.0004533178416423409
spatialDLPFC	SDLPFC_Br8325_ANT_MID	within_donor_adjacent_position	spatialDLPFC::Br8325	primary_expansion	reverse	SDLPFC_Br8325_ANT_MID__reverse	uot	0.25	2.0	R	I_EXPR	0.0025	0.00125	1500	0.00011979178673012246	0.00015922977073908666	0.00012600287042223063	0.00022665204103828284
spatialDLPFC	SDLPFC_Br8325_ANT_MID	within_donor_adjacent_position	spatialDLPFC::Br8325	primary_expansion	reverse	SDLPFC_Br8325_ANT_MID__reverse	uot	0.25	2.0	R	I_EXPR	0.00125	0.000625	1500	5.98917804955283e-05	7.961345231772464e-05	6.299814311605107e-05	0.00011332429267803604
spatialDLPFC	SDLPFC_Br8325_ANT_MID	within_donor_adjacent_position	spatialDLPFC::Br8325	primary_expansion	reverse	SDLPFC_Br8325_ANT_MID__reverse	uot	0.25	2.0	R	I_SPATIAL	0.02	0.01	1500	0.0063228923056379786	0.007428525332195558	0.006241419671068059	0.008722473865798915
spatialDLPFC	SDLPFC_Br8325_ANT_MID	within_donor_adjacent_position	spatialDLPFC::Br8325	primary_expansion	reverse	SDLPFC_Br8325_ANT_MID__reverse	uot	0.25	2.0	R	I_SPATIAL	0.01	0.005	1500	0.0031388563151456285	0.003689529860831728	0.0031018260494547517	0.004328301178629151
spatialDLPFC	SDLPFC_Br8325_ANT_MID	within_donor_adjacent_position	spatialDLPFC::Br8325	primary_expansion	reverse	SDLPFC_Br8325_ANT_MID__reverse	uot	0.25	2.0	R	I_SPATIAL	0.005	0.0025	1500	0.0015641490817372232	0.0018389997149792507	0.0015462302825315455	0.0021559795494206766
spatialDLPFC	SDLPFC_Br8325_ANT_MID	within_donor_adjacent_position	spatialDLPFC::Br8325	primary_expansion	reverse	SDLPFC_Br8325_ANT_MID__reverse	uot	0.25	2.0	R	I_SPATIAL	0.0025	0.00125	1500	0.0007809367594046454	0.0009178215692323486	0.0007719491413569628	0.0010759546374951962
spatialDLPFC	SDLPFC_Br8325_ANT_MID	within_donor_adjacent_position	spatialDLPFC::Br8325	primary_expansion	reverse	SDLPFC_Br8325_ANT_MID__reverse	uot	0.25	2.0	R	I_SPATIAL	0.00125	0.000625	1500	0.00039015428181883675	0.0004584774495330501	0.000385683682408259	0.0005374714225507928
spatialDLPFC	SDLPFC_Br8325_ANT_MID	within_donor_adjacent_position	spatialDLPFC::Br8325	primary_expansion	reverse	SDLPFC_Br8325_ANT_MID__reverse	uot	0.25	2.0	N	I_EXPR	0.02	0.01	1500	0.005171105729054748	0.005993441438140975	0.005163647290764097	0.006916371389908621
spatialDLPFC	SDLPFC_Br8325_ANT_MID	within_donor_adjacent_position	spatialDLPFC::Br8325	primary_expansion	reverse	SDLPFC_Br8325_ANT_MID__reverse	uot	0.25	2.0	N	I_EXPR	0.01	0.005	1500	0.0026003434659774647	0.0030155297607170634	0.002597531495973188	0.0034854058494484096
spatialDLPFC	SDLPFC_Br8325_ANT_MID	within_donor_adjacent_position	spatialDLPFC::Br8325	primary_expansion	reverse	SDLPFC_Br8325_ANT_MID__reverse	uot	0.25	2.0	N	I_EXPR	0.005	0.0025	1500	0.0013040917734643354	0.001512865646202756	0.0013027260908245392	0.00174957140938592
spatialDLPFC	SDLPFC_Br8325_ANT_MID	within_donor_adjacent_position	spatialDLPFC::Br8325	primary_expansion	reverse	SDLPFC_Br8325_ANT_MID__reverse	uot	0.25	2.0	N	I_EXPR	0.0025	0.00125	1500	0.0006530519474209271	0.0007575898471214407	0.0006523573034863256	0.0008765090709920401
spatialDLPFC	SDLPFC_Br8325_ANT_MID	within_donor_adjacent_position	spatialDLPFC::Br8325	primary_expansion	reverse	SDLPFC_Br8325_ANT_MID__reverse	uot	0.25	2.0	N	I_EXPR	0.00125	0.000625	1500	0.0003267761818088751	0.00037908460248853087	0.00032642771551679865	0.0004386861573431251
spatialDLPFC	SDLPFC_Br8325_ANT_MID	within_donor_adjacent_position	spatialDLPFC::Br8325	primary_expansion	reverse	SDLPFC_Br8325_ANT_MID__reverse	uot	0.25	2.0	N	I_SPATIAL	0.02	0.01	1500	0.005300519928108014	0.006150834883180321	0.005291435684210133	0.007137417440889745
spatialDLPFC	SDLPFC_Br8325_ANT_MID	within_donor_adjacent_position	spatialDLPFC::Br8325	primary_expansion	reverse	SDLPFC_Br8325_ANT_MID__reverse	uot	0.25	2.0	N	I_SPATIAL	0.01	0.005	1500	0.0026330987969660933	0.0030538398251085696	0.0026294775837832026	0.00354069162091886
spatialDLPFC	SDLPFC_Br8325_ANT_MID	within_donor_adjacent_position	spatialDLPFC::Br8325	primary_expansion	reverse	SDLPFC_Br8325_ANT_MID__reverse	uot	0.25	2.0	N	I_SPATIAL	0.005	0.0025	1500	0.0013121115739927807	0.001522194764641406	0.0013107125968233164	0.0017633928298699318
spatialDLPFC	SDLPFC_Br8325_ANT_MID	within_donor_adjacent_position	spatialDLPFC::Br8325	primary_expansion	reverse	SDLPFC_Br8325_ANT_MID__reverse	uot	0.25	2.0	N	I_SPATIAL	0.0025	0.00125	1500	0.0006550726373406944	0.0007599168586835223	0.0006543538919973808	0.0008799643885911131
spatialDLPFC	SDLPFC_Br8325_ANT_MID	within_donor_adjacent_position	spatialDLPFC::Br8325	primary_expansion	reverse	SDLPFC_Br8325_ANT_MID__reverse	uot	0.25	2.0	N	I_SPATIAL	0.00125	0.000625	1500	0.00032725113449655	0.0003796758704104859	0.0003269268571971559	0.00043954996546975413
spatialDLPFC	SDLPFC_Br8325_ANT_MID	within_donor_adjacent_position	spatialDLPFC::Br8325	primary_expansion	reverse	SDLPFC_Br8325_ANT_MID__reverse	row_softmax	0.25		R	I_EXPR	0.02	0.01	1500	0.0026743678478294394	0.0033084069928683998	0.002662640776798077	0.003913812813960704
spatialDLPFC	SDLPFC_Br8325_ANT_MID	within_donor_adjacent_position	spatialDLPFC::Br8325	primary_expansion	reverse	SDLPFC_Br8325_ANT_MID__reverse	row_softmax	0.25		R	I_EXPR	0.01	0.005	1500	0.0013349383156272211	0.0016516098416288782	0.0013290015858261955	0.0019530275582056215
spatialDLPFC	SDLPFC_Br8325_ANT_MID	within_donor_adjacent_position	spatialDLPFC::Br8325	primary_expansion	reverse	SDLPFC_Br8325_ANT_MID__reverse	row_softmax	0.25		R	I_EXPR	0.005	0.0025	1500	0.0006669068573736227	0.0008251547065337043	0.0006639212136310545	0.0009755393202995087
spatialDLPFC	SDLPFC_Br8325_ANT_MID	within_donor_adjacent_position	spatialDLPFC::Br8325	primary_expansion	reverse	SDLPFC_Br8325_ANT_MID__reverse	row_softmax	0.25		R	I_EXPR	0.0025	0.00125	1500	0.00033330433378606664	0.0004124143923402475	0.0003318157312956709	0.00048752550645843296
spatialDLPFC	SDLPFC_Br8325_ANT_MID	within_donor_adjacent_position	spatialDLPFC::Br8325	primary_expansion	reverse	SDLPFC_Br8325_ANT_MID__reverse	row_softmax	0.25		R	I_EXPR	0.00125	0.000625	1500	0.00016661073922235543	0.00020616754249045378	0.00016587165222189105	0.00024370165161902851
spatialDLPFC	SDLPFC_Br8325_ANT_MID	within_donor_adjacent_position	spatialDLPFC::Br8325	primary_expansion	reverse	SDLPFC_Br8325_ANT_MID__reverse	row_softmax	0.25		R	I_SPATIAL	0.02	0.01	1500	0.0061070283383122675	0.007115068632362276	0.005932088807331833	0.007783554222632584
spatialDLPFC	SDLPFC_Br8325_ANT_MID	within_donor_adjacent_position	spatialDLPFC::Br8325	primary_expansion	reverse	SDLPFC_Br8325_ANT_MID__reverse	row_softmax	0.25		R	I_SPATIAL	0.01	0.005	1500	0.0030340294716758036	0.003531139639698799	0.002948786142600598	0.0038620991228971242
spatialDLPFC	SDLPFC_Br8325_ANT_MID	within_donor_adjacent_position	spatialDLPFC::Br8325	primary_expansion	reverse	SDLPFC_Br8325_ANT_MID__reverse	row_softmax	0.25		R	I_SPATIAL	0.005	0.0025	1500	0.00151290412011986	0.0017591736537401212	0.0014701122299137276	0.0019236904277948553
spatialDLPFC	SDLPFC_Br8325_ANT_MID	within_donor_adjacent_position	spatialDLPFC::Br8325	primary_expansion	reverse	SDLPFC_Br8325_ANT_MID__reverse	row_softmax	0.25		R	I_SPATIAL	0.0025	0.00125	1500	0.0007554772134288474	0.0008782354551685438	0.0007339900920510796	0.0009600113090934771
spatialDLPFC	SDLPFC_Br8325_ANT_MID	within_donor_adjacent_position	spatialDLPFC::Br8325	primary_expansion	reverse	SDLPFC_Br8325_ANT_MID__reverse	row_softmax	0.25		R	I_SPATIAL	0.00125	0.000625	1500	0.00037749505367043554	0.00043878018228776994	0.0003667290595602616	0.0004795479134351871
spatialDLPFC	SDLPFC_Br8325_ANT_MID	within_donor_adjacent_position	spatialDLPFC::Br8325	primary_expansion	reverse	SDLPFC_Br8325_ANT_MID__reverse	row_softmax	0.25		N	I_EXPR	0.02	0.01	1500	0.006762896528978825	0.00735505164870058	0.006698524354989043	0.008309261969087892
spatialDLPFC	SDLPFC_Br8325_ANT_MID	within_donor_adjacent_position	spatialDLPFC::Br8325	primary_expansion	reverse	SDLPFC_Br8325_ANT_MID__reverse	row_softmax	0.25		N	I_EXPR	0.01	0.005	1500	0.0033954049098341896	0.0036948873404767896	0.0033641904852902403	0.0041720949401685865
spatialDLPFC	SDLPFC_Br8325_ANT_MID	within_donor_adjacent_position	spatialDLPFC::Br8325	primary_expansion	reverse	SDLPFC_Br8325_ANT_MID__reverse	row_softmax	0.25		N	I_EXPR	0.005	0.0025	1500	0.0017020143698063097	0.0018518538741504158	0.0016858614867260417	0.0020904437582685183
spatialDLPFC	SDLPFC_Br8325_ANT_MID	within_donor_adjacent_position	spatialDLPFC::Br8325	primary_expansion	reverse	SDLPFC_Br8325_ANT_MID__reverse	row_softmax	0.25		N	I_EXPR	0.0025	0.00125	1500	0.0008519903897940265	0.000927271480360898	0.0008438766014010737	0.0010463214398087127
spatialDLPFC	SDLPFC_Br8325_ANT_MID	within_donor_adjacent_position	spatialDLPFC::Br8325	primary_expansion	reverse	SDLPFC_Br8325_ANT_MID__reverse	row_softmax	0.25		N	I_EXPR	0.00125	0.000625	1500	0.0004262203142115026	0.0004638045341944202	0.00042217529492129935	0.0005234356903015416
spatialDLPFC	SDLPFC_Br8325_ANT_MID	within_donor_adjacent_position	spatialDLPFC::Br8325	primary_expansion	reverse	SDLPFC_Br8325_ANT_MID__reverse	row_softmax	0.25		N	I_SPATIAL	0.02	0.01	1500	0.006884927851549842	0.007511498314794202	0.0068201561550270675	0.008450124227572799
spatialDLPFC	SDLPFC_Br8325_ANT_MID	within_donor_adjacent_position	spatialDLPFC::Br8325	primary_expansion	reverse	SDLPFC_Br8325_ANT_MID__reverse	row_softmax	0.25		N	I_SPATIAL	0.01	0.005	1500	0.003427341523363746	0.0037357106968924796	0.0033945966807027725	0.0042073750023445
spatialDLPFC	SDLPFC_Br8325_ANT_MID	within_donor_adjacent_position	spatialDLPFC::Br8325	primary_expansion	reverse	SDLPFC_Br8325_ANT_MID__reverse	row_softmax	0.25		N	I_SPATIAL	0.005	0.0025	1500	0.001709853858522741	0.0018629705857048406	0.0016934628887861972	0.0020992556024352323
spatialDLPFC	SDLPFC_Br8325_ANT_MID	within_donor_adjacent_position	spatialDLPFC::Br8325	primary_expansion	reverse	SDLPFC_Br8325_ANT_MID__reverse	row_softmax	0.25		N	I_SPATIAL	0.0025	0.00125	1500	0.0008539831142078532	0.0009298115860247095	0.0008457769144047639	0.0010485221960612797
spatialDLPFC	SDLPFC_Br8325_ANT_MID	within_donor_adjacent_position	spatialDLPFC::Br8325	primary_expansion	reverse	SDLPFC_Br8325_ANT_MID__reverse	row_softmax	0.25		N	I_SPATIAL	0.00125	0.000625	1500	0.00042674766956497703	0.000464450245442194	0.00042265036334276327	0.000523985788740122
spatialDLPFC	SDLPFC_Br8325_ANT_MID	within_donor_adjacent_position	spatialDLPFC::Br8325	primary_expansion	reverse	SDLPFC_Br8325_ANT_MID__reverse	balanced_ot	0.25		R	I_EXPR	0.02	0.01	1500	0.000667352598876034	0.0009509695758411631	0.0007203180435867734	0.002138504990112865
spatialDLPFC	SDLPFC_Br8325_ANT_MID	within_donor_adjacent_position	spatialDLPFC::Br8325	primary_expansion	reverse	SDLPFC_Br8325_ANT_MID__reverse	balanced_ot	0.25		R	I_EXPR	0.01	0.005	1500	0.00033375830293885887	0.00047530896553088606	0.000360173039513857	0.0010693864470451059
spatialDLPFC	SDLPFC_Br8325_ANT_MID	within_donor_adjacent_position	spatialDLPFC::Br8325	primary_expansion	reverse	SDLPFC_Br8325_ANT_MID__reverse	balanced_ot	0.25		R	I_EXPR	0.005	0.0025	1500	0.0001668994900249235	0.00023761012381645754	0.0001800899833779166	0.0005347263691865572
spatialDLPFC	SDLPFC_Br8325_ANT_MID	within_donor_adjacent_position	spatialDLPFC::Br8325	primary_expansion	reverse	SDLPFC_Br8325_ANT_MID__reverse	balanced_ot	0.25		R	I_EXPR	0.0025	0.00125	1500	8.345481252467072e-05	0.00011879392264949924	9.004585176681101e-05	0.0002673711875397656
spatialDLPFC	SDLPFC_Br8325_ANT_MID	within_donor_adjacent_position	spatialDLPFC::Br8325	primary_expansion	reverse	SDLPFC_Br8325_ANT_MID__reverse	balanced_ot	0.25		R	I_EXPR	0.00125	0.000625	1500	4.172867091241853e-05	5.939418234513872e-05	4.502313997826882e-05	0.0001336875711490688
spatialDLPFC	SDLPFC_Br8325_ANT_MID	within_donor_adjacent_position	spatialDLPFC::Br8325	primary_expansion	reverse	SDLPFC_Br8325_ANT_MID__reverse	balanced_ot	0.25		R	I_SPATIAL	0.02	0.01	1500	0.006085407658631225	0.007230517615790987	0.006051610435816368	0.008905426110975787
spatialDLPFC	SDLPFC_Br8325_ANT_MID	within_donor_adjacent_position	spatialDLPFC::Br8325	primary_expansion	reverse	SDLPFC_Br8325_ANT_MID__reverse	balanced_ot	0.25		R	I_SPATIAL	0.01	0.005	1500	0.0030240718674678013	0.003589929935267884	0.0030076879954573114	0.00441828557769353
spatialDLPFC	SDLPFC_Br8325_ANT_MID	within_donor_adjacent_position	spatialDLPFC::Br8325	primary_expansion	reverse	SDLPFC_Br8325_ANT_MID__reverse	balanced_ot	0.25		R	I_SPATIAL	0.005	0.0025	1500	0.0015078016065465465	0.0017886661993648792	0.0014993505090317711	0.0022008388701224408
spatialDLPFC	SDLPFC_Br8325_ANT_MID	within_donor_adjacent_position	spatialDLPFC::Br8325	primary_expansion	reverse	SDLPFC_Br8325_ANT_MID__reverse	balanced_ot	0.25		R	I_SPATIAL	0.0025	0.00125	1500	0.0007527235361430905	0.0008928932844228843	0.0007485562797224994	0.0010983783941489152
spatialDLPFC	SDLPFC_Br8325_ANT_MID	within_donor_adjacent_position	spatialDLPFC::Br8325	primary_expansion	reverse	SDLPFC_Br8325_ANT_MID__reverse	balanced_ot	0.25		R	I_SPATIAL	0.00125	0.000625	1500	0.0003760499914090142	0.0004461085807827354	0.0003739989489928698	0.0005486795641368089
spatialDLPFC	SDLPFC_Br8325_ANT_MID	within_donor_adjacent_position	spatialDLPFC::Br8325	primary_expansion	reverse	SDLPFC_Br8325_ANT_MID__reverse	balanced_ot	0.25		N	I_EXPR	0.02	0.01	1500	0.006013040761159903	0.007057769086666762	0.0059617007422283425	0.009180117342799976
spatialDLPFC	SDLPFC_Br8325_ANT_MID	within_donor_adjacent_position	spatialDLPFC::Br8325	primary_expansion	reverse	SDLPFC_Br8325_ANT_MID__reverse	balanced_ot	0.25		N	I_EXPR	0.01	0.005	1500	0.0030284527840631695	0.0035535670917586685	0.0029983152326396537	0.004624170025449486
spatialDLPFC	SDLPFC_Br8325_ANT_MID	within_donor_adjacent_position	spatialDLPFC::Br8325	primary_expansion	reverse	SDLPFC_Br8325_ANT_MID__reverse	balanced_ot	0.25		N	I_EXPR	0.005	0.0025	1500	0.0015184634432461987	0.0017827556575837856	0.0015035587809079575	0.002320643641530557
spatialDLPFC	SDLPFC_Br8325_ANT_MID	within_donor_adjacent_position	spatialDLPFC::Br8325	primary_expansion	reverse	SDLPFC_Br8325_ANT_MID__reverse	balanced_ot	0.25		N	I_EXPR	0.0025	0.00125	1500	0.0007602674856812633	0.0008930717229553986	0.0007528842108180882	0.0011624671088223597
spatialDLPFC	SDLPFC_Br8325_ANT_MID	within_donor_adjacent_position	spatialDLPFC::Br8325	primary_expansion	reverse	SDLPFC_Br8325_ANT_MID__reverse	balanced_ot	0.25		N	I_EXPR	0.00125	0.000625	1500	0.0003804225520782773	0.00044697002632732	0.00037671885879872523	0.0005817704229398547
spatialDLPFC	SDLPFC_Br8325_ANT_MID	within_donor_adjacent_position	spatialDLPFC::Br8325	primary_expansion	reverse	SDLPFC_Br8325_ANT_MID__reverse	balanced_ot	0.25		N	I_SPATIAL	0.02	0.01	1500	0.00615408439132509	0.007267264266587387	0.006103669189252857	0.009455461211844582
spatialDLPFC	SDLPFC_Br8325_ANT_MID	within_donor_adjacent_position	spatialDLPFC::Br8325	primary_expansion	reverse	SDLPFC_Br8325_ANT_MID__reverse	balanced_ot	0.25		N	I_SPATIAL	0.01	0.005	1500	0.0030623885328872466	0.0036069457632461987	0.003033805418226607	0.004693060901438621
spatialDLPFC	SDLPFC_Br8325_ANT_MID	within_donor_adjacent_position	spatialDLPFC::Br8325	primary_expansion	reverse	SDLPFC_Br8325_ANT_MID__reverse	balanced_ot	0.25		N	I_SPATIAL	0.005	0.0025	1500	0.001527233461060333	0.0017963245978563505	0.0015124315316924803	0.00233787152191566
spatialDLPFC	SDLPFC_Br8325_ANT_MID	within_donor_adjacent_position	spatialDLPFC::Br8325	primary_expansion	reverse	SDLPFC_Br8325_ANT_MID__reverse	balanced_ot	0.25		N	I_SPATIAL	0.0025	0.00125	1500	0.0007625363195806734	0.0008964760410410191	0.0007551023848717952	0.0011667743402361908
spatialDLPFC	SDLPFC_Br8325_ANT_MID	within_donor_adjacent_position	spatialDLPFC::Br8325	primary_expansion	reverse	SDLPFC_Br8325_ANT_MID__reverse	balanced_ot	0.25		N	I_SPATIAL	0.00125	0.000625	1500	0.0003809690980019582	0.00044781713388807954	0.0003772734001862292	0.0005828473527495034
spatialDLPFC	SDLPFC_Br8492_ANT_MID	within_donor_adjacent_position	spatialDLPFC::Br8492	primary_expansion	forward	SDLPFC_Br8492_ANT_MID	uot	0.25	2.0	R	I_EXPR	0.02	0.01	1500	0.000809157693645654	0.0009704715871987221	0.0008370821339754869	0.001545435502836506
spatialDLPFC	SDLPFC_Br8492_ANT_MID	within_donor_adjacent_position	spatialDLPFC::Br8492	primary_expansion	forward	SDLPFC_Br8492_ANT_MID	uot	0.25	2.0	R	I_EXPR	0.01	0.005	1500	0.00040441436873617947	0.00048502321386910223	0.00041837410366091135	0.0007723294337847904
spatialDLPFC	SDLPFC_Br8492_ANT_MID	within_donor_adjacent_position	spatialDLPFC::Br8492	primary_expansion	forward	SDLPFC_Br8492_ANT_MID	uot	0.25	2.0	R	I_EXPR	0.005	0.0025	1500	0.00020217598216609733	0.00024245847041431574	0.00020914532202807634	0.00038606765491245654
spatialDLPFC	SDLPFC_Br8492_ANT_MID	within_donor_adjacent_position	spatialDLPFC::Br8492	primary_expansion	forward	SDLPFC_Br8492_ANT_MID	uot	0.25	2.0	R	I_EXPR	0.0025	0.00125	1500	0.00010108018816524546	0.00012121595482544104	0.00010456223077382426	0.00019300957318618966
spatialDLPFC	SDLPFC_Br8492_ANT_MID	within_donor_adjacent_position	spatialDLPFC::Br8492	primary_expansion	forward	SDLPFC_Br8492_ANT_MID	uot	0.25	2.0	R	I_EXPR	0.00125	0.000625	1500	5.053814386873548e-05	6.06048390523384e-05	5.2278507865519275e-05	9.649872545313041e-05
spatialDLPFC	SDLPFC_Br8492_ANT_MID	within_donor_adjacent_position	spatialDLPFC::Br8492	primary_expansion	forward	SDLPFC_Br8492_ANT_MID	uot	0.25	2.0	R	I_SPATIAL	0.02	0.01	1500	0.006467519688905004	0.007700681169973148	0.006344945345095988	0.008217032418363893
spatialDLPFC	SDLPFC_Br8492_ANT_MID	within_donor_adjacent_position	spatialDLPFC::Br8492	primary_expansion	forward	SDLPFC_Br8492_ANT_MID	uot	0.25	2.0	R	I_SPATIAL	0.01	0.005	1500	0.0032159930982243734	0.0038214976095482254	0.003153349207922017	0.0040742735230636885
spatialDLPFC	SDLPFC_Br8492_ANT_MID	within_donor_adjacent_position	spatialDLPFC::Br8492	primary_expansion	forward	SDLPFC_Br8492_ANT_MID	uot	0.25	2.0	R	I_SPATIAL	0.005	0.0025	1500	0.0016031023346164647	0.0019037271081182286	0.0015719289216158457	0.0020286468419182884
spatialDLPFC	SDLPFC_Br8492_ANT_MID	within_donor_adjacent_position	spatialDLPFC::Br8492	primary_expansion	forward	SDLPFC_Br8492_ANT_MID	uot	0.25	2.0	R	I_SPATIAL	0.0025	0.00125	1500	0.00080030998746847	0.0009501229227531468	0.0007847824770011535	0.0010122121567813526
spatialDLPFC	SDLPFC_Br8492_ANT_MID	within_donor_adjacent_position	spatialDLPFC::Br8492	primary_expansion	forward	SDLPFC_Br8492_ANT_MID	uot	0.25	2.0	R	I_SPATIAL	0.00125	0.000625	1500	0.0003998018096533909	0.00047462287172331	0.00039209628181849463	0.000505578665514019
spatialDLPFC	SDLPFC_Br8492_ANT_MID	within_donor_adjacent_position	spatialDLPFC::Br8492	primary_expansion	forward	SDLPFC_Br8492_ANT_MID	uot	0.25	2.0	N	I_EXPR	0.02	0.01	1500	0.005328003981792874	0.006219755285729219	0.005211297747999763	0.00701601254171387
spatialDLPFC	SDLPFC_Br8492_ANT_MID	within_donor_adjacent_position	spatialDLPFC::Br8492	primary_expansion	forward	SDLPFC_Br8492_ANT_MID	uot	0.25	2.0	N	I_EXPR	0.01	0.005	1500	0.002681271904844738	0.0031324574536261748	0.002621615829134727	0.0035355548213801503
spatialDLPFC	SDLPFC_Br8492_ANT_MID	within_donor_adjacent_position	spatialDLPFC::Br8492	primary_expansion	forward	SDLPFC_Br8492_ANT_MID	uot	0.25	2.0	N	I_EXPR	0.005	0.0025	1500	0.0013450820586368047	0.0015719220790306678	0.0013148304791105122	0.0017747409788391641
spatialDLPFC	SDLPFC_Br8492_ANT_MID	within_donor_adjacent_position	spatialDLPFC::Br8492	primary_expansion	forward	SDLPFC_Br8492_ANT_MID	uot	0.25	2.0	N	I_EXPR	0.0025	0.00125	1500	0.0006736858474097147	0.0007873222411412096	0.0006584247850669589	0.0008891185608774517
spatialDLPFC	SDLPFC_Br8492_ANT_MID	within_donor_adjacent_position	spatialDLPFC::Br8492	primary_expansion	forward	SDLPFC_Br8492_ANT_MID	uot	0.25	2.0	N	I_EXPR	0.00125	0.000625	1500	0.0003371524650249481	0.00039400165464951905	0.00032946527391419024	0.00044499719769327243
spatialDLPFC	SDLPFC_Br8492_ANT_MID	within_donor_adjacent_position	spatialDLPFC::Br8492	primary_expansion	forward	SDLPFC_Br8492_ANT_MID	uot	0.25	2.0	N	I_SPATIAL	0.02	0.01	1500	0.005469774230922882	0.006398451530161055	0.005341008320451657	0.007241396409797433
spatialDLPFC	SDLPFC_Br8492_ANT_MID	within_donor_adjacent_position	spatialDLPFC::Br8492	primary_expansion	forward	SDLPFC_Br8492_ANT_MID	uot	0.25	2.0	N	I_SPATIAL	0.01	0.005	1500	0.00271758367399769	0.003175933572325681	0.002654043340281932	0.003591886664109806
spatialDLPFC	SDLPFC_Br8492_ANT_MID	within_donor_adjacent_position	spatialDLPFC::Br8492	primary_expansion	forward	SDLPFC_Br8492_ANT_MID	uot	0.25	2.0	N	I_SPATIAL	0.005	0.0025	1500	0.0013543389235470874	0.0015828604889072326	0.0013229374769492647	0.0017888229646553359
spatialDLPFC	SDLPFC_Br8492_ANT_MID	within_donor_adjacent_position	spatialDLPFC::Br8492	primary_expansion	forward	SDLPFC_Br8492_ANT_MID	uot	0.25	2.0	N	I_SPATIAL	0.0025	0.00125	1500	0.0006760487809644312	0.0007900768475678502	0.0006604515733589286	0.0008926387014202821
spatialDLPFC	SDLPFC_Br8492_ANT_MID	within_donor_adjacent_position	spatialDLPFC::Br8492	primary_expansion	forward	SDLPFC_Br8492_ANT_MID	uot	0.25	2.0	N	I_SPATIAL	0.00125	0.000625	1500	0.00033774460800575095	0.0003946925276762264	0.00032997197309800384	0.00044587736830080144
spatialDLPFC	SDLPFC_Br8492_ANT_MID	within_donor_adjacent_position	spatialDLPFC::Br8492	primary_expansion	forward	SDLPFC_Br8492_ANT_MID	row_softmax	0.25		R	I_EXPR	0.02	0.01	1500	0.0017676905088331255	0.002323817692429672	0.0018099174812478273	0.002824186112995125
spatialDLPFC	SDLPFC_Br8492_ANT_MID	within_donor_adjacent_position	spatialDLPFC::Br8492	primary_expansion	forward	SDLPFC_Br8492_ANT_MID	row_softmax	0.25		R	I_EXPR	0.01	0.005	1500	0.0008831837227864399	0.0011602805134705745	0.0009038924971325284	0.0014088127783202773
spatialDLPFC	SDLPFC_Br8492_ANT_MID	within_donor_adjacent_position	spatialDLPFC::Br8492	primary_expansion	forward	SDLPFC_Br8492_ANT_MID	row_softmax	0.25		R	I_EXPR	0.005	0.0025	1500	0.00044142787394023397	0.0005796966314926885	0.0004516800539337899	0.000703588054465459
spatialDLPFC	SDLPFC_Br8492_ANT_MID	within_donor_adjacent_position	spatialDLPFC::Br8492	primary_expansion	forward	SDLPFC_Br8492_ANT_MID	row_softmax	0.25		R	I_EXPR	0.0025	0.00125	1500	0.00022067298517812006	0.0002897362492799398	0.0002257735200183497	0.0003515898392048683
spatialDLPFC	SDLPFC_Br8492_ANT_MID	within_donor_adjacent_position	spatialDLPFC::Br8492	primary_expansion	forward	SDLPFC_Br8492_ANT_MID	row_softmax	0.25		R	I_EXPR	0.00125	0.000625	1500	0.00011032625318712529	0.00014483925156146162	0.00011287013863504768	0.00017574388762280202
spatialDLPFC	SDLPFC_Br8492_ANT_MID	within_donor_adjacent_position	spatialDLPFC::Br8492	primary_expansion	forward	SDLPFC_Br8492_ANT_MID	row_softmax	0.25		R	I_SPATIAL	0.02	0.01	1500	0.005837965749395984	0.006729383249409044	0.005665459561120687	0.007250847982061238
spatialDLPFC	SDLPFC_Br8492_ANT_MID	within_donor_adjacent_position	spatialDLPFC::Br8492	primary_expansion	forward	SDLPFC_Br8492_ANT_MID	row_softmax	0.25		R	I_SPATIAL	0.01	0.005	1500	0.0029032347344789228	0.0033453545715088962	0.00281785940587361	0.003600718491582307
spatialDLPFC	SDLPFC_Br8492_ANT_MID	within_donor_adjacent_position	spatialDLPFC::Br8492	primary_expansion	forward	SDLPFC_Br8492_ANT_MID	row_softmax	0.25		R	I_SPATIAL	0.005	0.0025	1500	0.00144779039464565	0.0016679476205933963	0.001405236996826446	0.001794229514987504
spatialDLPFC	SDLPFC_Br8492_ANT_MID	within_donor_adjacent_position	spatialDLPFC::Br8492	primary_expansion	forward	SDLPFC_Br8492_ANT_MID	row_softmax	0.25		R	I_SPATIAL	0.0025	0.00125	1500	0.0007229310451588742	0.000832766424017204	0.0007016984248915019	0.0008955859867848615
spatialDLPFC	SDLPFC_Br8492_ANT_MID	within_donor_adjacent_position	spatialDLPFC::Br8492	primary_expansion	forward	SDLPFC_Br8492_ANT_MID	row_softmax	0.25		R	I_SPATIAL	0.00125	0.000625	1500	0.00036119954133340983	0.0004160771999736165	0.00035061957473052395	0.0004474112586055514
spatialDLPFC	SDLPFC_Br8492_ANT_MID	within_donor_adjacent_position	spatialDLPFC::Br8492	primary_expansion	forward	SDLPFC_Br8492_ANT_MID	row_softmax	0.25		N	I_EXPR	0.02	0.01	1500	0.006083105580824413	0.00716164604406925	0.005928417114367439	0.008392355809316823
spatialDLPFC	SDLPFC_Br8492_ANT_MID	within_donor_adjacent_position	spatialDLPFC::Br8492	primary_expansion	forward	SDLPFC_Br8492_ANT_MID	row_softmax	0.25		N	I_EXPR	0.01	0.005	1500	0.0030559534759815486	0.0036000187819776376	0.0029768414876301355	0.004211952238780594
spatialDLPFC	SDLPFC_Br8492_ANT_MID	within_donor_adjacent_position	spatialDLPFC::Br8492	primary_expansion	forward	SDLPFC_Br8492_ANT_MID	row_softmax	0.25		N	I_EXPR	0.005	0.0025	1500	0.0015312606286192144	0.0018035919632571394	0.0014915998813219045	0.002109918660507636
spatialDLPFC	SDLPFC_Br8492_ANT_MID	within_donor_adjacent_position	spatialDLPFC::Br8492	primary_expansion	forward	SDLPFC_Br8492_ANT_MID	row_softmax	0.25		N	I_EXPR	0.0025	0.00125	1500	0.0007665593916286089	0.0009024747584081248	0.0007465972578186027	0.0010559553594657353
spatialDLPFC	SDLPFC_Br8492_ANT_MID	within_donor_adjacent_position	spatialDLPFC::Br8492	primary_expansion	forward	SDLPFC_Br8492_ANT_MID	row_softmax	0.25		N	I_EXPR	0.00125	0.000625	1500	0.00038350320605717587	0.00045144284338965345	0.00037349828603732284	0.0005282281925219713
spatialDLPFC	SDLPFC_Br8492_ANT_MID	within_donor_adjacent_position	spatialDLPFC::Br8492	primary_expansion	forward	SDLPFC_Br8492_ANT_MID	row_softmax	0.25		N	I_SPATIAL	0.02	0.01	1500	0.006194819342120233	0.007305800695646946	0.006030817170468081	0.00852039643023628
spatialDLPFC	SDLPFC_Br8492_ANT_MID	within_donor_adjacent_position	spatialDLPFC::Br8492	primary_expansion	forward	SDLPFC_Br8492_ANT_MID	row_softmax	0.25		N	I_SPATIAL	0.01	0.005	1500	0.003083618394734119	0.0036335067966074375	0.0030024398538292044	0.0042439671867339525
spatialDLPFC	SDLPFC_Br8492_ANT_MID	within_donor_adjacent_position	spatialDLPFC::Br8492	primary_expansion	forward	SDLPFC_Br8492_ANT_MID	row_softmax	0.25		N	I_SPATIAL	0.005	0.0025	1500	0.0015381031900344368	0.0018113943965266835	0.0014979990549348846	0.002117941042049161
spatialDLPFC	SDLPFC_Br8492_ANT_MID	within_donor_adjacent_position	spatialDLPFC::Br8492	primary_expansion	forward	SDLPFC_Br8492_ANT_MID	row_softmax	0.25		N	I_SPATIAL	0.0025	0.00125	1500	0.0007682645915074174	0.0009044921357807313	0.0007481970865972833	0.0010579609396560476
spatialDLPFC	SDLPFC_Br8492_ANT_MID	within_donor_adjacent_position	spatialDLPFC::Br8492	primary_expansion	forward	SDLPFC_Br8492_ANT_MID	row_softmax	0.25		N	I_SPATIAL	0.00125	0.000625	1500	0.00038390603746349524	0.00045195048763269866	0.0003738982497698626	0.0005287291058381105
spatialDLPFC	SDLPFC_Br8492_ANT_MID	within_donor_adjacent_position	spatialDLPFC::Br8492	primary_expansion	forward	SDLPFC_Br8492_ANT_MID	balanced_ot	0.25		R	I_EXPR	0.02	0.01	1500	0.0005519316313593594	0.0007352991538333996	0.0005856961480123676	0.0013831515531739873
spatialDLPFC	SDLPFC_Br8492_ANT_MID	within_donor_adjacent_position	spatialDLPFC::Br8492	primary_expansion	forward	SDLPFC_Br8492_ANT_MID	balanced_ot	0.25		R	I_EXPR	0.01	0.005	1500	0.00027597471656794497	0.00036762902617863577	0.0002928584102691022	0.0006916756445370689
spatialDLPFC	SDLPFC_Br8492_ANT_MID	within_donor_adjacent_position	spatialDLPFC::Br8492	primary_expansion	forward	SDLPFC_Br8492_ANT_MID	balanced_ot	0.25		R	I_EXPR	0.005	0.0025	1500	0.00013798956125291416	0.00018380930541660902	0.0001464317802023186	0.0003458620582525784
spatialDLPFC	SDLPFC_Br8492_ANT_MID	within_donor_adjacent_position	spatialDLPFC::Br8492	primary_expansion	forward	SDLPFC_Br8492_ANT_MID	balanced_ot	0.25		R	I_EXPR	0.0025	0.00125	1500	6.899532296864681e-05	9.190336632685602e-05	7.321653205209896e-05	0.00017293700311870092
spatialDLPFC	SDLPFC_Br8492_ANT_MID	within_donor_adjacent_position	spatialDLPFC::Br8492	primary_expansion	forward	SDLPFC_Br8492_ANT_MID	balanced_ot	0.25		R	I_EXPR	0.00125	0.000625	1500	3.4497799434039914e-05	4.595136163396884e-05	3.660843303370886e-05	8.646998881170476e-05
spatialDLPFC	SDLPFC_Br8492_ANT_MID	within_donor_adjacent_position	spatialDLPFC::Br8492	primary_expansion	forward	SDLPFC_Br8492_ANT_MID	balanced_ot	0.25		R	I_SPATIAL	0.02	0.01	1500	0.006269933331474107	0.007521248544433103	0.006192616098169073	0.008244400495857325
spatialDLPFC	SDLPFC_Br8492_ANT_MID	within_donor_adjacent_position	spatialDLPFC::Br8492	primary_expansion	forward	SDLPFC_Br8492_ANT_MID	balanced_ot	0.25		R	I_SPATIAL	0.01	0.005	1500	0.003115104317369612	0.003734659245228464	0.003077721084365316	0.004087759695292627
spatialDLPFC	SDLPFC_Br8492_ANT_MID	within_donor_adjacent_position	spatialDLPFC::Br8492	primary_expansion	forward	SDLPFC_Br8492_ANT_MID	balanced_ot	0.25		R	I_SPATIAL	0.005	0.0025	1500	0.0015531524826908638	0.0018601902691817995	0.0015342473451252473	0.002035377223806485
spatialDLPFC	SDLPFC_Br8492_ANT_MID	within_donor_adjacent_position	spatialDLPFC::Br8492	primary_expansion	forward	SDLPFC_Br8492_ANT_MID	balanced_ot	0.25		R	I_SPATIAL	0.0025	0.00125	1500	0.0007754234022271068	0.0009284212938371177	0.0007659745097825909	0.001015570833930022
spatialDLPFC	SDLPFC_Br8492_ANT_MID	within_donor_adjacent_position	spatialDLPFC::Br8492	primary_expansion	forward	SDLPFC_Br8492_ANT_MID	balanced_ot	0.25		R	I_SPATIAL	0.00125	0.000625	1500	0.00038741497886447124	0.00046381865600627725	0.0003827004860088865	0.0005072572064255493
spatialDLPFC	SDLPFC_Br8492_ANT_MID	within_donor_adjacent_position	spatialDLPFC::Br8492	primary_expansion	forward	SDLPFC_Br8492_ANT_MID	balanced_ot	0.25		N	I_EXPR	0.02	0.01	1500	0.00615579713828262	0.007311464262269285	0.00607950438803876	0.008367014893363478
spatialDLPFC	SDLPFC_Br8492_ANT_MID	within_donor_adjacent_position	spatialDLPFC::Br8492	primary_expansion	forward	SDLPFC_Br8492_ANT_MID	balanced_ot	0.25		N	I_EXPR	0.01	0.005	1500	0.003095231480402025	0.0036825165657205644	0.0030576975874949523	0.004220738796658425
spatialDLPFC	SDLPFC_Br8492_ANT_MID	within_donor_adjacent_position	spatialDLPFC::Br8492	primary_expansion	forward	SDLPFC_Br8492_ANT_MID	balanced_ot	0.25		N	I_EXPR	0.005	0.0025	1500	0.0015518522765144858	0.0018478743442935839	0.0015333679523229762	0.002119752836115848
spatialDLPFC	SDLPFC_Br8492_ANT_MID	within_donor_adjacent_position	spatialDLPFC::Br8492	primary_expansion	forward	SDLPFC_Br8492_ANT_MID	balanced_ot	0.25		N	I_EXPR	0.0025	0.00125	1500	0.0007769862645100309	0.0009255884839598319	0.0007678178176501454	0.0010622340447472226
spatialDLPFC	SDLPFC_Br8492_ANT_MID	within_donor_adjacent_position	spatialDLPFC::Br8492	primary_expansion	forward	SDLPFC_Br8492_ANT_MID	balanced_ot	0.25		N	I_EXPR	0.00125	0.000625	1500	0.000388758851290207	0.0004632082784784554	0.0003841928721874667	0.000531707594159303
spatialDLPFC	SDLPFC_Br8492_ANT_MID	within_donor_adjacent_position	spatialDLPFC::Br8492	primary_expansion	forward	SDLPFC_Br8492_ANT_MID	balanced_ot	0.25		N	I_SPATIAL	0.02	0.01	1500	0.006294331843819254	0.007526773672739141	0.006225189491635727	0.008670563141783928
spatialDLPFC	SDLPFC_Br8492_ANT_MID	within_donor_adjacent_position	spatialDLPFC::Br8492	primary_expansion	forward	SDLPFC_Br8492_ANT_MID	balanced_ot	0.25		N	I_SPATIAL	0.01	0.005	1500	0.003129211153752816	0.0037356334295382283	0.0030941166695561567	0.004296554408490093
spatialDLPFC	SDLPFC_Br8492_ANT_MID	within_donor_adjacent_position	spatialDLPFC::Br8492	primary_expansion	forward	SDLPFC_Br8492_ANT_MID	balanced_ot	0.25		N	I_SPATIAL	0.005	0.0025	1500	0.001560254388135917	0.0018611388206504094	0.0015424722886518759	0.0021386977514754623
spatialDLPFC	SDLPFC_Br8492_ANT_MID	within_donor_adjacent_position	spatialDLPFC::Br8492	primary_expansion	forward	SDLPFC_Br8492_ANT_MID	balanced_ot	0.25		N	I_SPATIAL	0.0025	0.00125	1500	0.0007790726969700367	0.0009289053958348282	0.0007700938387415543	0.0010669679913538617
spatialDLPFC	SDLPFC_Br8492_ANT_MID	within_donor_adjacent_position	spatialDLPFC::Br8492	primary_expansion	forward	SDLPFC_Br8492_ANT_MID	balanced_ot	0.25		N	I_SPATIAL	0.00125	0.000625	1500	0.0003892754772430123	0.00046403748711699517	0.00038476187963021406	0.0005328910819539505
spatialDLPFC	SDLPFC_Br8492_ANT_MID	within_donor_adjacent_position	spatialDLPFC::Br8492	primary_expansion	reverse	SDLPFC_Br8492_ANT_MID__reverse	uot	0.25	2.0	R	I_EXPR	0.02	0.01	1500	0.0008165337089511824	0.000949546452368823	0.0008409228369516984	0.0014545816093489165
spatialDLPFC	SDLPFC_Br8492_ANT_MID	within_donor_adjacent_position	spatialDLPFC::Br8492	primary_expansion	reverse	SDLPFC_Br8492_ANT_MID__reverse	uot	0.25	2.0	R	I_EXPR	0.01	0.005	1500	0.00040811250363106076	0.0004745814365171258	0.0004202917160597667	0.0007268454712342213
spatialDLPFC	SDLPFC_Br8492_ANT_MID	within_donor_adjacent_position	spatialDLPFC::Br8492	primary_expansion	reverse	SDLPFC_Br8492_ANT_MID__reverse	uot	0.25	2.0	R	I_EXPR	0.005	0.0025	1500	0.00020401766412118184	0.00023724274822024976	0.0002101034445875087	0.00036331142477614764
spatialDLPFC	SDLPFC_Br8492_ANT_MID	within_donor_adjacent_position	spatialDLPFC::Br8492	primary_expansion	reverse	SDLPFC_Br8492_ANT_MID__reverse	uot	0.25	2.0	R	I_EXPR	0.0025	0.00125	1500	0.00010199886905896938	0.00011860938246052212	0.00010504112108895318	0.00018162788565732944
spatialDLPFC	SDLPFC_Br8492_ANT_MID	within_donor_adjacent_position	spatialDLPFC::Br8492	primary_expansion	reverse	SDLPFC_Br8492_ANT_MID__reverse	uot	0.25	2.0	R	I_EXPR	0.00125	0.000625	1500	5.0996694806823666e-05	5.930169328258439e-05	5.251791051430806e-05	9.080698517705145e-05
spatialDLPFC	SDLPFC_Br8492_ANT_MID	within_donor_adjacent_position	spatialDLPFC::Br8492	primary_expansion	reverse	SDLPFC_Br8492_ANT_MID__reverse	uot	0.25	2.0	R	I_SPATIAL	0.02	0.01	1500	0.006461350270624158	0.00770295394523286	0.006367384420411265	0.00800982728125614
spatialDLPFC	SDLPFC_Br8492_ANT_MID	within_donor_adjacent_position	spatialDLPFC::Br8492	primary_expansion	reverse	SDLPFC_Br8492_ANT_MID__reverse	uot	0.25	2.0	R	I_SPATIAL	0.01	0.005	1500	0.003212584748895402	0.0038225974232888307	0.0031644136843862053	0.003974017079716634
spatialDLPFC	SDLPFC_Br8492_ANT_MID	within_donor_adjacent_position	spatialDLPFC::Br8492	primary_expansion	reverse	SDLPFC_Br8492_ANT_MID__reverse	uot	0.25	2.0	R	I_SPATIAL	0.005	0.0025	1500	0.0016013739764575373	0.0019045381037557179	0.0015774229674636177	0.001979357570566588
spatialDLPFC	SDLPFC_Br8492_ANT_MID	within_donor_adjacent_position	spatialDLPFC::Br8492	primary_expansion	reverse	SDLPFC_Br8492_ANT_MID__reverse	uot	0.25	2.0	R	I_SPATIAL	0.0025	0.00125	1500	0.0007993880314046632	0.0009504726981899024	0.0007875200167627054	0.0009877770227515008
spatialDLPFC	SDLPFC_Br8492_ANT_MID	within_donor_adjacent_position	spatialDLPFC::Br8492	primary_expansion	reverse	SDLPFC_Br8492_ANT_MID__reverse	uot	0.25	2.0	R	I_SPATIAL	0.00125	0.000625	1500	0.000399390184875053	0.0004747880534560203	0.0003934626885755337	0.0004934138320442171
spatialDLPFC	SDLPFC_Br8492_ANT_MID	within_donor_adjacent_position	spatialDLPFC::Br8492	primary_expansion	reverse	SDLPFC_Br8492_ANT_MID__reverse	uot	0.25	2.0	N	I_EXPR	0.02	0.01	1500	0.005275103928093142	0.0061194861901360375	0.005238837843508308	0.006923775902835683
spatialDLPFC	SDLPFC_Br8492_ANT_MID	within_donor_adjacent_position	spatialDLPFC::Br8492	primary_expansion	reverse	SDLPFC_Br8492_ANT_MID__reverse	uot	0.25	2.0	N	I_EXPR	0.01	0.005	1500	0.0026548746383235535	0.003081846459434272	0.0026355820350900737	0.003488443111661909
spatialDLPFC	SDLPFC_Br8492_ANT_MID	within_donor_adjacent_position	spatialDLPFC::Br8492	primary_expansion	reverse	SDLPFC_Br8492_ANT_MID__reverse	uot	0.25	2.0	N	I_EXPR	0.005	0.0025	1500	0.0013315223865824626	0.0015463713272511653	0.0013218631498038583	0.001750931388386383
spatialDLPFC	SDLPFC_Br8492_ANT_MID	within_donor_adjacent_position	spatialDLPFC::Br8492	primary_expansion	reverse	SDLPFC_Br8492_ANT_MID__reverse	uot	0.25	2.0	N	I_EXPR	0.0025	0.00125	1500	0.0006667139519482242	0.0007745607145037274	0.0006619535818995846	0.0008771489300487255
spatialDLPFC	SDLPFC_Br8492_ANT_MID	within_donor_adjacent_position	spatialDLPFC::Br8492	primary_expansion	reverse	SDLPFC_Br8492_ANT_MID__reverse	uot	0.25	2.0	N	I_EXPR	0.00125	0.000625	1500	0.0003336459289160655	0.0003876300018598186	0.00033123279520151986	0.0004389965609777371
spatialDLPFC	SDLPFC_Br8492_ANT_MID	within_donor_adjacent_position	spatialDLPFC::Br8492	primary_expansion	reverse	SDLPFC_Br8492_ANT_MID__reverse	uot	0.25	2.0	N	I_SPATIAL	0.02	0.01	1500	0.005413940139099486	0.006295848271958572	0.00537015271004375	0.0071461864932866985
spatialDLPFC	SDLPFC_Br8492_ANT_MID	within_donor_adjacent_position	spatialDLPFC::Br8492	primary_expansion	reverse	SDLPFC_Br8492_ANT_MID__reverse	uot	0.25	2.0	N	I_SPATIAL	0.01	0.005	1500	0.0026894156618518213	0.0031262457271986352	0.002668410537071658	0.003544086053445784
spatialDLPFC	SDLPFC_Br8492_ANT_MID	within_donor_adjacent_position	spatialDLPFC::Br8492	primary_expansion	reverse	SDLPFC_Br8492_ANT_MID__reverse	uot	0.25	2.0	N	I_SPATIAL	0.005	0.0025	1500	0.0013403344492033298	0.0015575649313468447	0.001330070388518341	0.0017648430730317832
spatialDLPFC	SDLPFC_Br8492_ANT_MID	within_donor_adjacent_position	spatialDLPFC::Br8492	primary_expansion	reverse	SDLPFC_Br8492_ANT_MID__reverse	uot	0.25	2.0	N	I_SPATIAL	0.0025	0.00125	1500	0.0006689911522511989	0.0007773697056848035	0.0006640054275408903	0.0008806280299114013
spatialDLPFC	SDLPFC_Br8492_ANT_MID	within_donor_adjacent_position	spatialDLPFC::Br8492	primary_expansion	reverse	SDLPFC_Br8492_ANT_MID__reverse	uot	0.25	2.0	N	I_SPATIAL	0.00125	0.000625	1500	0.00033424529226175705	0.00038833212805026594	0.0003317457585947031	0.0004398664488641835
spatialDLPFC	SDLPFC_Br8492_ANT_MID	within_donor_adjacent_position	spatialDLPFC::Br8492	primary_expansion	reverse	SDLPFC_Br8492_ANT_MID__reverse	row_softmax	0.25		R	I_EXPR	0.02	0.01	1500	0.0019650776477040154	0.0022100944507365194	0.0019428099727584946	0.0025411115199715176
spatialDLPFC	SDLPFC_Br8492_ANT_MID	within_donor_adjacent_position	spatialDLPFC::Br8492	primary_expansion	reverse	SDLPFC_Br8492_ANT_MID__reverse	row_softmax	0.25		R	I_EXPR	0.01	0.005	1500	0.0009817217503793865	0.0011040666105584952	0.0009705842312044787	0.0012694496658174374
spatialDLPFC	SDLPFC_Br8492_ANT_MID	within_donor_adjacent_position	spatialDLPFC::Br8492	primary_expansion	reverse	SDLPFC_Br8492_ANT_MID__reverse	row_softmax	0.25		R	I_EXPR	0.005	0.0025	1500	0.0004906449968494184	0.0005517840535713005	0.0004850870299908353	0.0006344467028676509
spatialDLPFC	SDLPFC_Br8492_ANT_MID	within_donor_adjacent_position	spatialDLPFC::Br8492	primary_expansion	reverse	SDLPFC_Br8492_ANT_MID__reverse	row_softmax	0.25		R	I_EXPR	0.0025	0.00125	1500	0.00024527001218536086	0.00027582955866338455	0.00024249225914033798	0.0003171535683956377
spatialDLPFC	SDLPFC_Br8492_ANT_MID	within_donor_adjacent_position	spatialDLPFC::Br8492	primary_expansion	reverse	SDLPFC_Br8492_ANT_MID__reverse	row_softmax	0.25		R	I_EXPR	0.00125	0.000625	1500	0.00012261864814673188	0.00013789914672060507	0.00012123331575000651	0.00015855930471109786
spatialDLPFC	SDLPFC_Br8492_ANT_MID	within_donor_adjacent_position	spatialDLPFC::Br8492	primary_expansion	reverse	SDLPFC_Br8492_ANT_MID__reverse	row_softmax	0.25		R	I_SPATIAL	0.02	0.01	1500	0.006074474050180789	0.007196700973481208	0.005958853301072779	0.007826111081515368
spatialDLPFC	SDLPFC_Br8492_ANT_MID	within_donor_adjacent_position	spatialDLPFC::Br8492	primary_expansion	reverse	SDLPFC_Br8492_ANT_MID__reverse	row_softmax	0.25		R	I_SPATIAL	0.01	0.005	1500	0.003019597270471531	0.003575525873492918	0.002962841424600318	0.0038846040401623503
spatialDLPFC	SDLPFC_Br8492_ANT_MID	within_donor_adjacent_position	spatialDLPFC::Br8492	primary_expansion	reverse	SDLPFC_Br8492_ANT_MID__reverse	row_softmax	0.25		R	I_SPATIAL	0.005	0.0025	1500	0.0015054767079329006	0.0017823231325909729	0.001477303624437181	0.0019352621089843973
spatialDLPFC	SDLPFC_Br8492_ANT_MID	within_donor_adjacent_position	spatialDLPFC::Br8492	primary_expansion	reverse	SDLPFC_Br8492_ANT_MID__reverse	row_softmax	0.25		R	I_SPATIAL	0.0025	0.00125	1500	0.0007516407815563034	0.0008898150682495263	0.0007376261500046928	0.0009658761476574778
spatialDLPFC	SDLPFC_Br8492_ANT_MID	within_donor_adjacent_position	spatialDLPFC::Br8492	primary_expansion	reverse	SDLPFC_Br8492_ANT_MID__reverse	row_softmax	0.25		R	I_SPATIAL	0.00125	0.000625	1500	0.0003755497188654069	0.00044457244360688073	0.00036855709687507766	0.00048249990163141916
spatialDLPFC	SDLPFC_Br8492_ANT_MID	within_donor_adjacent_position	spatialDLPFC::Br8492	primary_expansion	reverse	SDLPFC_Br8492_ANT_MID__reverse	row_softmax	0.25		N	I_EXPR	0.02	0.01	1500	0.006410923652273571	0.00784623793154929	0.00648111819021062	0.008598073153332842
spatialDLPFC	SDLPFC_Br8492_ANT_MID	within_donor_adjacent_position	spatialDLPFC::Br8492	primary_expansion	reverse	SDLPFC_Br8492_ANT_MID__reverse	row_softmax	0.25		N	I_EXPR	0.01	0.005	1500	0.0032230609404403712	0.003948668380546559	0.003256572467613126	0.004331753356613068
spatialDLPFC	SDLPFC_Br8492_ANT_MID	within_donor_adjacent_position	spatialDLPFC::Br8492	primary_expansion	reverse	SDLPFC_Br8492_ANT_MID__reverse	row_softmax	0.25		N	I_EXPR	0.005	0.0025	1500	0.0016160104624615764	0.001981456297882995	0.0016323205931951298	0.002174195972503719
spatialDLPFC	SDLPFC_Br8492_ANT_MID	within_donor_adjacent_position	spatialDLPFC::Br8492	primary_expansion	reverse	SDLPFC_Br8492_ANT_MID__reverse	row_softmax	0.25		N	I_EXPR	0.0025	0.00125	1500	0.0008091305200654446	0.000992499097526751	0.0008171727384940967	0.0010891907139471174
spatialDLPFC	SDLPFC_Br8492_ANT_MID	within_donor_adjacent_position	spatialDLPFC::Br8492	primary_expansion	reverse	SDLPFC_Br8492_ANT_MID__reverse	row_softmax	0.25		N	I_EXPR	0.00125	0.000625	1500	0.0004048436219444958	0.0004966182795039503	0.00040883995183467535	0.0005451194633945759
spatialDLPFC	SDLPFC_Br8492_ANT_MID	within_donor_adjacent_position	spatialDLPFC::Br8492	primary_expansion	reverse	SDLPFC_Br8492_ANT_MID__reverse	row_softmax	0.25		N	I_SPATIAL	0.02	0.01	1500	0.006542906358623361	0.00804558755471411	0.006611211206512453	0.008866414902482597
spatialDLPFC	SDLPFC_Br8492_ANT_MID	within_donor_adjacent_position	spatialDLPFC::Br8492	primary_expansion	reverse	SDLPFC_Br8492_ANT_MID__reverse	row_softmax	0.25		N	I_SPATIAL	0.01	0.005	1500	0.0032558316405039596	0.003999278862367219	0.00328909315425914	0.004398974556296861
spatialDLPFC	SDLPFC_Br8492_ANT_MID	within_donor_adjacent_position	spatialDLPFC::Br8492	primary_expansion	reverse	SDLPFC_Br8492_ANT_MID__reverse	row_softmax	0.25		N	I_SPATIAL	0.005	0.0025	1500	0.001623850372452508	0.0019937938245979552	0.001640450519923957	0.0021910018574434957
spatialDLPFC	SDLPFC_Br8492_ANT_MID	within_donor_adjacent_position	spatialDLPFC::Br8492	primary_expansion	reverse	SDLPFC_Br8492_ANT_MID__reverse	row_softmax	0.25		N	I_SPATIAL	0.0025	0.00125	1500	0.0008110664795391619	0.0009954378764951187	0.0008192051317191904	0.0010933909418531548
spatialDLPFC	SDLPFC_Br8492_ANT_MID	within_donor_adjacent_position	spatialDLPFC::Br8492	primary_expansion	reverse	SDLPFC_Br8492_ANT_MID__reverse	row_softmax	0.25		N	I_SPATIAL	0.00125	0.000625	1500	0.0004053190602706906	0.0004973544362158822	0.00040934803596410135	0.0005461695199185417
spatialDLPFC	SDLPFC_Br8492_ANT_MID	within_donor_adjacent_position	spatialDLPFC::Br8492	primary_expansion	reverse	SDLPFC_Br8492_ANT_MID__reverse	balanced_ot	0.25		R	I_EXPR	0.02	0.01	1500	0.0005435604723192603	0.0007330477941309121	0.0005830764676430542	0.0013374583272996266
spatialDLPFC	SDLPFC_Br8492_ANT_MID	within_donor_adjacent_position	spatialDLPFC::Br8492	primary_expansion	reverse	SDLPFC_Br8492_ANT_MID__reverse	balanced_ot	0.25		R	I_EXPR	0.01	0.005	1500	0.00027179223605772624	0.0003665639557981815	0.00029154748305731644	0.0006689308056147726
spatialDLPFC	SDLPFC_Br8492_ANT_MID	within_donor_adjacent_position	spatialDLPFC::Br8492	primary_expansion	reverse	SDLPFC_Br8492_ANT_MID__reverse	balanced_ot	0.25		R	I_EXPR	0.005	0.0025	1500	0.0001358990974483291	0.00018329279926984095	0.0001457760451801755	0.0003345156614797842
spatialDLPFC	SDLPFC_Br8492_ANT_MID	within_donor_adjacent_position	spatialDLPFC::Br8492	primary_expansion	reverse	SDLPFC_Br8492_ANT_MID__reverse	balanced_ot	0.25		R	I_EXPR	0.0025	0.00125	1500	6.795028893600527e-05	9.164909233534246e-05	7.288860029989411e-05	0.00016727035000973708
spatialDLPFC	SDLPFC_Br8492_ANT_MID	within_donor_adjacent_position	spatialDLPFC::Br8492	primary_expansion	reverse	SDLPFC_Br8492_ANT_MID__reverse	balanced_ot	0.25		R	I_EXPR	0.00125	0.000625	1500	3.397532145306031e-05	4.582522213717497e-05	3.644444225747787e-05	8.36383011918879e-05
spatialDLPFC	SDLPFC_Br8492_ANT_MID	within_donor_adjacent_position	spatialDLPFC::Br8492	primary_expansion	reverse	SDLPFC_Br8492_ANT_MID__reverse	balanced_ot	0.25		R	I_SPATIAL	0.02	0.01	1500	0.006241810816774141	0.007552692327112031	0.006195524961099553	0.007895028035295786
spatialDLPFC	SDLPFC_Br8492_ANT_MID	within_donor_adjacent_position	spatialDLPFC::Br8492	primary_expansion	reverse	SDLPFC_Br8492_ANT_MID__reverse	balanced_ot	0.25		R	I_SPATIAL	0.01	0.005	1500	0.003101487603119988	0.0037470105986700977	0.0030791371671643427	0.003916169948037167
spatialDLPFC	SDLPFC_Br8492_ANT_MID	within_donor_adjacent_position	spatialDLPFC::Br8492	primary_expansion	reverse	SDLPFC_Br8492_ANT_MID__reverse	balanced_ot	0.25		R	I_SPATIAL	0.005	0.0025	1500	0.0015457881960026679	0.0018665125610998587	0.0015349459978851998	0.00195032760261523
spatialDLPFC	SDLPFC_Br8492_ANT_MID	within_donor_adjacent_position	spatialDLPFC::Br8492	primary_expansion	reverse	SDLPFC_Br8492_ANT_MID__reverse	balanced_ot	0.25		R	I_SPATIAL	0.0025	0.00125	1500	0.0007718719652097137	0.000931515428200416	0.0007663215156634483	0.0009732382182275621
spatialDLPFC	SDLPFC_Br8492_ANT_MID	within_donor_adjacent_position	spatialDLPFC::Br8492	primary_expansion	reverse	SDLPFC_Br8492_ANT_MID__reverse	balanced_ot	0.25		R	I_SPATIAL	0.00125	0.000625	1500	0.0003856824716525338	0.00046531134895412644	0.00038287341265676547	0.0004861385401864791
spatialDLPFC	SDLPFC_Br8492_ANT_MID	within_donor_adjacent_position	spatialDLPFC::Br8492	primary_expansion	reverse	SDLPFC_Br8492_ANT_MID__reverse	balanced_ot	0.25		N	I_EXPR	0.02	0.01	1500	0.006124114012957818	0.007308821400818424	0.006078921239910492	0.008025350477868464
spatialDLPFC	SDLPFC_Br8492_ANT_MID	within_donor_adjacent_position	spatialDLPFC::Br8492	primary_expansion	reverse	SDLPFC_Br8492_ANT_MID__reverse	balanced_ot	0.25		N	I_EXPR	0.01	0.005	1500	0.0030798384085181764	0.0036809334281439773	0.0030574214390486124	0.004042888712885824
spatialDLPFC	SDLPFC_Br8492_ANT_MID	within_donor_adjacent_position	spatialDLPFC::Br8492	primary_expansion	reverse	SDLPFC_Br8492_ANT_MID__reverse	balanced_ot	0.25		N	I_EXPR	0.005	0.0025	1500	0.0015445510486469228	0.0018472815864490058	0.0015332338311256173	0.0020290466947154398
spatialDLPFC	SDLPFC_Br8492_ANT_MID	within_donor_adjacent_position	spatialDLPFC::Br8492	primary_expansion	reverse	SDLPFC_Br8492_ANT_MID__reverse	balanced_ot	0.25		N	I_EXPR	0.0025	0.00125	1500	0.0007733467149523654	0.0009253338831310459	0.0007677517564055381	0.0010164300091593252
spatialDLPFC	SDLPFC_Br8492_ANT_MID	within_donor_adjacent_position	spatialDLPFC::Br8492	primary_expansion	reverse	SDLPFC_Br8492_ANT_MID__reverse	balanced_ot	0.25		N	I_EXPR	0.00125	0.000625	1500	0.0003869415825883051	0.0004630908978249754	0.00038416009403619065	0.0005086922817090324
spatialDLPFC	SDLPFC_Br8492_ANT_MID	within_donor_adjacent_position	spatialDLPFC::Br8492	primary_expansion	reverse	SDLPFC_Br8492_ANT_MID__reverse	balanced_ot	0.25		N	I_SPATIAL	0.02	0.01	1500	0.006272916886210322	0.007523709128512784	0.0062247369681796205	0.008271700897223426
spatialDLPFC	SDLPFC_Br8492_ANT_MID	within_donor_adjacent_position	spatialDLPFC::Br8492	primary_expansion	reverse	SDLPFC_Br8492_ANT_MID__reverse	balanced_ot	0.25		N	I_SPATIAL	0.01	0.005	1500	0.0031165555002196075	0.003734707057301671	0.003093873007086914	0.004104315599779854
spatialDLPFC	SDLPFC_Br8492_ANT_MID	within_donor_adjacent_position	spatialDLPFC::Br8492	primary_expansion	reverse	SDLPFC_Br8492_ANT_MID__reverse	balanced_ot	0.25		N	I_SPATIAL	0.005	0.0025	1500	0.0015536179776593345	0.0018607484017752385	0.0015423462813768224	0.0020443822072803808
spatialDLPFC	SDLPFC_Br8492_ANT_MID	within_donor_adjacent_position	spatialDLPFC::Br8492	primary_expansion	reverse	SDLPFC_Br8492_ANT_MID__reverse	balanced_ot	0.25		N	I_SPATIAL	0.0025	0.00125	1500	0.0007755895383632658	0.0009287642646040983	0.0007700298107583	0.0010202587849882415
spatialDLPFC	SDLPFC_Br8492_ANT_MID	within_donor_adjacent_position	spatialDLPFC::Br8492	primary_expansion	reverse	SDLPFC_Br8492_ANT_MID__reverse	balanced_ot	0.25		N	I_SPATIAL	0.00125	0.000625	1500	0.00038747923743805894	0.0004639403910213919	0.0003847296091896942	0.0005096486514746751
spatialDLPFC	SDLPFC_Br8667_ANT_MID	within_donor_adjacent_position	spatialDLPFC::Br8667	primary_expansion	forward	SDLPFC_Br8667_ANT_MID	uot	0.25	2.0	R	I_EXPR	0.02	0.01	1500	0.001228984789379725	0.0015965883428350834	0.0012229739235617976	0.002296877613642377
spatialDLPFC	SDLPFC_Br8667_ANT_MID	within_donor_adjacent_position	spatialDLPFC::Br8667	primary_expansion	forward	SDLPFC_Br8667_ANT_MID	uot	0.25	2.0	R	I_EXPR	0.01	0.005	1500	0.0006141853639470481	0.000797938454323846	0.000611186901657023	0.0011475746876629398
spatialDLPFC	SDLPFC_Br8667_ANT_MID	within_donor_adjacent_position	spatialDLPFC::Br8667	primary_expansion	forward	SDLPFC_Br8667_ANT_MID	uot	0.25	2.0	R	I_EXPR	0.005	0.0025	1500	0.0003070158767001007	0.0003988977109333914	0.00030551841080444955	0.0005735713598845306
spatialDLPFC	SDLPFC_Br8667_ANT_MID	within_donor_adjacent_position	spatialDLPFC::Br8667	primary_expansion	forward	SDLPFC_Br8667_ANT_MID	uot	0.25	2.0	R	I_EXPR	0.0025	0.00125	1500	0.00015348872972647767	0.00019941954731104696	0.00015274044139533722	0.00028673168997095426
spatialDLPFC	SDLPFC_Br8667_ANT_MID	within_donor_adjacent_position	spatialDLPFC::Br8667	primary_expansion	forward	SDLPFC_Br8667_ANT_MID	uot	0.25	2.0	R	I_EXPR	0.00125	0.000625	1500	7.674162396921946e-05	9.970243955655107e-05	7.636552897015001e-05	0.00014335234712487886
spatialDLPFC	SDLPFC_Br8667_ANT_MID	within_donor_adjacent_position	spatialDLPFC::Br8667	primary_expansion	forward	SDLPFC_Br8667_ANT_MID	uot	0.25	2.0	R	I_SPATIAL	0.02	0.01	1500	0.006504491037363494	0.008018872629912355	0.006406286115419351	0.009143628722354365
spatialDLPFC	SDLPFC_Br8667_ANT_MID	within_donor_adjacent_position	spatialDLPFC::Br8667	primary_expansion	forward	SDLPFC_Br8667_ANT_MID	uot	0.25	2.0	R	I_SPATIAL	0.01	0.005	1500	0.0032304337933636777	0.003978639922577213	0.0031836062833481083	0.004533945040514148
spatialDLPFC	SDLPFC_Br8667_ANT_MID	within_donor_adjacent_position	spatialDLPFC::Br8667	primary_expansion	forward	SDLPFC_Br8667_ANT_MID	uot	0.25	2.0	R	I_SPATIAL	0.005	0.0025	1500	0.0016099484485316289	0.001982315238475673	0.001586956040082967	0.0022575741153199216
spatialDLPFC	SDLPFC_Br8667_ANT_MID	within_donor_adjacent_position	spatialDLPFC::Br8667	primary_expansion	forward	SDLPFC_Br8667_ANT_MID	uot	0.25	2.0	R	I_SPATIAL	0.0025	0.00125	1500	0.0008037085882356412	0.0009896231965172034	0.0007922708756854721	0.0011264437915210236
spatialDLPFC	SDLPFC_Br8667_ANT_MID	within_donor_adjacent_position	spatialDLPFC::Br8667	primary_expansion	forward	SDLPFC_Br8667_ANT_MID	uot	0.25	2.0	R	I_SPATIAL	0.00125	0.000625	1500	0.00040156321460730867	0.0004944475924353181	0.00039583423992492934	0.0005626377440335934
spatialDLPFC	SDLPFC_Br8667_ANT_MID	within_donor_adjacent_position	spatialDLPFC::Br8667	primary_expansion	forward	SDLPFC_Br8667_ANT_MID	uot	0.25	2.0	N	I_EXPR	0.02	0.01	1500	0.005069323631212479	0.006917936048252682	0.0052982748309885344	0.008704642243899269
spatialDLPFC	SDLPFC_Br8667_ANT_MID	within_donor_adjacent_position	spatialDLPFC::Br8667	primary_expansion	forward	SDLPFC_Br8667_ANT_MID	uot	0.25	2.0	N	I_EXPR	0.01	0.005	1500	0.002551909214564504	0.0034875186670775956	0.002665301714564606	0.004386329655756743
spatialDLPFC	SDLPFC_Br8667_ANT_MID	within_donor_adjacent_position	spatialDLPFC::Br8667	primary_expansion	forward	SDLPFC_Br8667_ANT_MID	uot	0.25	2.0	N	I_EXPR	0.005	0.0025	1500	0.0012801715736358303	0.0017498184486961197	0.0013367247417805294	0.002201714995780973
spatialDLPFC	SDLPFC_Br8667_ANT_MID	within_donor_adjacent_position	spatialDLPFC::Br8667	primary_expansion	forward	SDLPFC_Br8667_ANT_MID	uot	0.25	2.0	N	I_EXPR	0.0025	0.00125	1500	0.0006411203697747836	0.0008766772081091125	0.0006693849669963942	0.0011030029372801086
spatialDLPFC	SDLPFC_Br8667_ANT_MID	within_donor_adjacent_position	spatialDLPFC::Br8667	primary_expansion	forward	SDLPFC_Br8667_ANT_MID	uot	0.25	2.0	N	I_EXPR	0.00125	0.000625	1500	0.00032080685730724975	0.00043877372204145375	0.0003349486438131192	0.000552040488528182
spatialDLPFC	SDLPFC_Br8667_ANT_MID	within_donor_adjacent_position	spatialDLPFC::Br8667	primary_expansion	forward	SDLPFC_Br8667_ANT_MID	uot	0.25	2.0	N	I_SPATIAL	0.02	0.01	1500	0.00520034568550184	0.007122765558325235	0.005429710104054199	0.008982465750302024
spatialDLPFC	SDLPFC_Br8667_ANT_MID	within_donor_adjacent_position	spatialDLPFC::Br8667	primary_expansion	forward	SDLPFC_Br8667_ANT_MID	uot	0.25	2.0	N	I_SPATIAL	0.01	0.005	1500	0.0025831536338387084	0.003535679006453886	0.0026981583538915805	0.0044553541207713356
spatialDLPFC	SDLPFC_Br8667_ANT_MID	within_donor_adjacent_position	spatialDLPFC::Br8667	primary_expansion	forward	SDLPFC_Br8667_ANT_MID	uot	0.25	2.0	N	I_SPATIAL	0.005	0.0025	1500	0.0012879388575069732	0.0017626592654099587	0.001344938578023215	0.002218977883425908
spatialDLPFC	SDLPFC_Br8667_ANT_MID	within_donor_adjacent_position	spatialDLPFC::Br8667	primary_expansion	forward	SDLPFC_Br8667_ANT_MID	uot	0.25	2.0	N	I_SPATIAL	0.0025	0.00125	1500	0.0006430799944580378	0.0008799260113427996	0.0006714383718004171	0.0011073223636459946
spatialDLPFC	SDLPFC_Br8667_ANT_MID	within_donor_adjacent_position	spatialDLPFC::Br8667	primary_expansion	forward	SDLPFC_Br8667_ANT_MID	uot	0.25	2.0	N	I_SPATIAL	0.00125	0.000625	1500	0.00032130228238998974	0.00043963031967642253	0.00033546198418294603	0.0005531205519476516
spatialDLPFC	SDLPFC_Br8667_ANT_MID	within_donor_adjacent_position	spatialDLPFC::Br8667	primary_expansion	forward	SDLPFC_Br8667_ANT_MID	balanced_ot	0.25		R	I_EXPR	0.02	0.01	1500	0.0008515371818150535	0.0011545036882941782	0.0008722613031807415	0.002034899663130998
spatialDLPFC	SDLPFC_Br8667_ANT_MID	within_donor_adjacent_position	spatialDLPFC::Br8667	primary_expansion	forward	SDLPFC_Br8667_ANT_MID	balanced_ot	0.25		R	I_EXPR	0.01	0.005	1500	0.00042578290592126724	0.0005771020501902265	0.000436115647337588	0.0010183075113682038
spatialDLPFC	SDLPFC_Br8667_ANT_MID	within_donor_adjacent_position	spatialDLPFC::Br8667	primary_expansion	forward	SDLPFC_Br8667_ANT_MID	balanced_ot	0.25		R	I_EXPR	0.005	0.0025	1500	0.00021291264860300607	0.00028856297670332365	0.000218053978452448	0.0005093742217695463
spatialDLPFC	SDLPFC_Br8667_ANT_MID	within_donor_adjacent_position	spatialDLPFC::Br8667	primary_expansion	forward	SDLPFC_Br8667_ANT_MID	balanced_ot	0.25		R	I_EXPR	0.0025	0.00125	1500	0.00010645491391286015	0.00014428446338006653	0.00010902601920406633	0.00025474205389097254
spatialDLPFC	SDLPFC_Br8667_ANT_MID	within_donor_adjacent_position	spatialDLPFC::Br8667	primary_expansion	forward	SDLPFC_Br8667_ANT_MID	balanced_ot	0.25		R	I_EXPR	0.00125	0.000625	1500	5.322284861020875e-05	7.21429682641846e-05	5.4512763898126954e-05	0.00012738488553342103
spatialDLPFC	SDLPFC_Br8667_ANT_MID	within_donor_adjacent_position	spatialDLPFC::Br8667	primary_expansion	forward	SDLPFC_Br8667_ANT_MID	balanced_ot	0.25		R	I_SPATIAL	0.02	0.01	1500	0.006293859580778405	0.00780914882902253	0.006230751114047501	0.009147559878113934
spatialDLPFC	SDLPFC_Br8667_ANT_MID	within_donor_adjacent_position	spatialDLPFC::Br8667	primary_expansion	forward	SDLPFC_Br8667_ANT_MID	balanced_ot	0.25		R	I_SPATIAL	0.01	0.005	1500	0.0031250917321766656	0.0038776767542852038	0.0030964288640312663	0.004534235671840479
spatialDLPFC	SDLPFC_Br8667_ANT_MID	within_donor_adjacent_position	spatialDLPFC::Br8667	primary_expansion	forward	SDLPFC_Br8667_ANT_MID	balanced_ot	0.25		R	I_SPATIAL	0.005	0.0025	1500	0.0015581175337889884	0.0019316069192604653	0.0015435131567888127	0.0022572929649528088
spatialDLPFC	SDLPFC_Br8667_ANT_MID	within_donor_adjacent_position	spatialDLPFC::Br8667	primary_expansion	forward	SDLPFC_Br8667_ANT_MID	balanced_ot	0.25		R	I_SPATIAL	0.0025	0.00125	1500	0.0007776908271268368	0.0009635585066675945	0.0007705856913268712	0.0011262018071305938
spatialDLPFC	SDLPFC_Br8667_ANT_MID	within_donor_adjacent_position	spatialDLPFC::Br8667	primary_expansion	forward	SDLPFC_Br8667_ANT_MID	balanced_ot	0.25		R	I_SPATIAL	0.00125	0.000625	1500	0.00038851540751140605	0.00048122936561210923	0.0003850006519324402	0.000562491318172637
spatialDLPFC	SDLPFC_Br8667_ANT_MID	within_donor_adjacent_position	spatialDLPFC::Br8667	primary_expansion	forward	SDLPFC_Br8667_ANT_MID	balanced_ot	0.25		N	I_EXPR	0.02	0.01	1500	0.0061930070004467585	0.007644738508095317	0.006156476155542346	0.00893405634671494
spatialDLPFC	SDLPFC_Br8667_ANT_MID	within_donor_adjacent_position	spatialDLPFC::Br8667	primary_expansion	forward	SDLPFC_Br8667_ANT_MID	balanced_ot	0.25		N	I_EXPR	0.01	0.005	1500	0.00311503932223766	0.0038512416659773536	0.003096666503435202	0.004502173983746893
spatialDLPFC	SDLPFC_Br8667_ANT_MID	within_donor_adjacent_position	spatialDLPFC::Br8667	primary_expansion	forward	SDLPFC_Br8667_ANT_MID	balanced_ot	0.25		N	I_EXPR	0.005	0.0025	1500	0.0015620705653730796	0.0019333273403357137	0.0015529750713578754	0.0022599231363894553
spatialDLPFC	SDLPFC_Br8667_ANT_MID	within_donor_adjacent_position	spatialDLPFC::Br8667	primary_expansion	forward	SDLPFC_Br8667_ANT_MID	balanced_ot	0.25		N	I_EXPR	0.0025	0.00125	1500	0.0007820895488655301	0.000968341659582227	0.000777652399310778	0.0011321771176140759
spatialDLPFC	SDLPFC_Br8667_ANT_MID	within_donor_adjacent_position	spatialDLPFC::Br8667	primary_expansion	forward	SDLPFC_Br8667_ANT_MID	balanced_ot	0.25		N	I_EXPR	0.00125	0.000625	1500	0.00039141866341947207	0.0004845736705200573	0.0003891179644470701	0.0005666432480298904
spatialDLPFC	SDLPFC_Br8667_ANT_MID	within_donor_adjacent_position	spatialDLPFC::Br8667	primary_expansion	forward	SDLPFC_Br8667_ANT_MID	balanced_ot	0.25		N	I_SPATIAL	0.02	0.01	1500	0.006346821505655836	0.00787168376291149	0.006306163049312564	0.009218282013974321
spatialDLPFC	SDLPFC_Br8667_ANT_MID	within_donor_adjacent_position	spatialDLPFC::Br8667	primary_expansion	forward	SDLPFC_Br8667_ANT_MID	balanced_ot	0.25		N	I_SPATIAL	0.01	0.005	1500	0.003153197588730988	0.003905804140522582	0.0031340855698883167	0.004573256338668263
spatialDLPFC	SDLPFC_Br8667_ANT_MID	within_donor_adjacent_position	spatialDLPFC::Br8667	primary_expansion	forward	SDLPFC_Br8667_ANT_MID	balanced_ot	0.25		N	I_SPATIAL	0.005	0.0025	1500	0.0015721035966255307	0.0019463887306584722	0.001562329523680273	0.00227769662040693
spatialDLPFC	SDLPFC_Br8667_ANT_MID	within_donor_adjacent_position	spatialDLPFC::Br8667	primary_expansion	forward	SDLPFC_Br8667_ANT_MID	balanced_ot	0.25		N	I_SPATIAL	0.0025	0.00125	1500	0.0007846949806867697	0.0009715728060386629	0.0007799909226202592	0.001136620954451455
spatialDLPFC	SDLPFC_Br8667_ANT_MID	within_donor_adjacent_position	spatialDLPFC::Br8667	primary_expansion	forward	SDLPFC_Br8667_ANT_MID	balanced_ot	0.25		N	I_SPATIAL	0.00125	0.000625	1500	0.00039203158293690945	0.00048538172651774473	0.00038970258044607496	0.0005677543525012047
spatialDLPFC	SDLPFC_Br8667_ANT_MID	within_donor_adjacent_position	spatialDLPFC::Br8667	primary_expansion	forward	SDLPFC_Br8667_ANT_MID	row_softmax	0.25		R	I_EXPR	0.02	0.01	1500	0.0024123074624694627	0.002804688618875155	0.002283374256812388	0.0031602512844162312
spatialDLPFC	SDLPFC_Br8667_ANT_MID	within_donor_adjacent_position	spatialDLPFC::Br8667	primary_expansion	forward	SDLPFC_Br8667_ANT_MID	row_softmax	0.25		R	I_EXPR	0.01	0.005	1500	0.0012034301708387669	0.0013978218519220577	0.001138922087086488	0.00157470760732813
spatialDLPFC	SDLPFC_Br8667_ANT_MID	within_donor_adjacent_position	spatialDLPFC::Br8667	primary_expansion	forward	SDLPFC_Br8667_ANT_MID	row_softmax	0.25		R	I_EXPR	0.005	0.0025	1500	0.0006010637530250958	0.0006977908031746803	0.00056877196381383	0.000786003178619457
spatialDLPFC	SDLPFC_Br8667_ANT_MID	within_donor_adjacent_position	spatialDLPFC::Br8667	primary_expansion	forward	SDLPFC_Br8667_ANT_MID	row_softmax	0.25		R	I_EXPR	0.0025	0.00125	1500	0.0003003691630025393	0.00034861675672482847	0.0002842139717429807	0.0003926644170356328
spatialDLPFC	SDLPFC_Br8667_ANT_MID	within_donor_adjacent_position	spatialDLPFC::Br8667	primary_expansion	forward	SDLPFC_Br8667_ANT_MID	row_softmax	0.25		R	I_EXPR	0.00125	0.000625	1500	0.0001501393251867704	0.00017423874885519916	0.00014206401938370754	0.00019624797723788288
spatialDLPFC	SDLPFC_Br8667_ANT_MID	within_donor_adjacent_position	spatialDLPFC::Br8667	primary_expansion	forward	SDLPFC_Br8667_ANT_MID	row_softmax	0.25		R	I_SPATIAL	0.02	0.01	1500	0.005967431245932487	0.007479672116891291	0.005972190677710898	0.008878133949562994
spatialDLPFC	SDLPFC_Br8667_ANT_MID	within_donor_adjacent_position	spatialDLPFC::Br8667	primary_expansion	forward	SDLPFC_Br8667_ANT_MID	row_softmax	0.25		R	I_SPATIAL	0.01	0.005	1500	0.002968575485321049	0.0037091478646693156	0.002969476455881021	0.00440196238234172
spatialDLPFC	SDLPFC_Br8667_ANT_MID	within_donor_adjacent_position	spatialDLPFC::Br8667	primary_expansion	forward	SDLPFC_Br8667_ANT_MID	row_softmax	0.25		R	I_SPATIAL	0.005	0.0025	1500	0.0014797902948486944	0.0018465526918624352	0.0014806122601255423	0.002191752010686018
spatialDLPFC	SDLPFC_Br8667_ANT_MID	within_donor_adjacent_position	spatialDLPFC::Br8667	primary_expansion	forward	SDLPFC_Br8667_ANT_MID	row_softmax	0.25		R	I_SPATIAL	0.0025	0.00125	1500	0.0007388031218418262	0.0009212874478220465	0.0007392783531650605	0.0010935765140730864
spatialDLPFC	SDLPFC_Br8667_ANT_MID	within_donor_adjacent_position	spatialDLPFC::Br8667	primary_expansion	forward	SDLPFC_Br8667_ANT_MID	row_softmax	0.25		R	I_SPATIAL	0.00125	0.000625	1500	0.00036911407971233605	0.0004602072258708229	0.0003693827026137755	0.0005462143619469768
spatialDLPFC	SDLPFC_Br8667_ANT_MID	within_donor_adjacent_position	spatialDLPFC::Br8667	primary_expansion	forward	SDLPFC_Br8667_ANT_MID	row_softmax	0.25		N	I_EXPR	0.02	0.01	1500	0.006541254753977415	0.0079402034518068	0.006578767491375873	0.009269859915999183
spatialDLPFC	SDLPFC_Br8667_ANT_MID	within_donor_adjacent_position	spatialDLPFC::Br8667	primary_expansion	forward	SDLPFC_Br8667_ANT_MID	row_softmax	0.25		N	I_EXPR	0.01	0.005	1500	0.0032866453705349425	0.003993953625842208	0.0033047445537940532	0.004673397873993588
spatialDLPFC	SDLPFC_Br8667_ANT_MID	within_donor_adjacent_position	spatialDLPFC::Br8667	primary_expansion	forward	SDLPFC_Br8667_ANT_MID	row_softmax	0.25		N	I_EXPR	0.005	0.0025	1500	0.0016470063033454836	0.0020034109527883857	0.0016562466126128009	0.002346412985223847
spatialDLPFC	SDLPFC_Br8667_ANT_MID	within_donor_adjacent_position	spatialDLPFC::Br8667	primary_expansion	forward	SDLPFC_Br8667_ANT_MID	row_softmax	0.25		N	I_EXPR	0.0025	0.00125	1500	0.0008244012905356435	0.0010025295490087842	0.0008290961434397145	0.001175644698629512
spatialDLPFC	SDLPFC_Br8667_ANT_MID	within_donor_adjacent_position	spatialDLPFC::Br8667	primary_expansion	forward	SDLPFC_Br8667_ANT_MID	row_softmax	0.25		N	I_EXPR	0.00125	0.000625	1500	0.00041242571312923937	0.0005014600775885895	0.0004147918236515332	0.0005884346079880813
spatialDLPFC	SDLPFC_Br8667_ANT_MID	within_donor_adjacent_position	spatialDLPFC::Br8667	primary_expansion	forward	SDLPFC_Br8667_ANT_MID	row_softmax	0.25		N	I_SPATIAL	0.02	0.01	1500	0.0066634153076955555	0.008116549793127203	0.006703851194221206	0.009584205748512143
spatialDLPFC	SDLPFC_Br8667_ANT_MID	within_donor_adjacent_position	spatialDLPFC::Br8667	primary_expansion	forward	SDLPFC_Br8667_ANT_MID	row_softmax	0.25		N	I_SPATIAL	0.01	0.005	1500	0.0033129382403941144	0.004034830635886457	0.00333601480377524	0.004751977600161625
spatialDLPFC	SDLPFC_Br8667_ANT_MID	within_donor_adjacent_position	spatialDLPFC::Br8667	primary_expansion	forward	SDLPFC_Br8667_ANT_MID	row_softmax	0.25		N	I_SPATIAL	0.005	0.0025	1500	0.0016534998566371576	0.0020124032720802614	0.0016640641126629975	0.002366057344570399
spatialDLPFC	SDLPFC_Br8667_ANT_MID	within_donor_adjacent_position	spatialDLPFC::Br8667	primary_expansion	forward	SDLPFC_Br8667_ANT_MID	row_softmax	0.25		N	I_SPATIAL	0.0025	0.00125	1500	0.0008260829972449016	0.0010048723318801206	0.0008310504984175803	0.0011805585382549015
spatialDLPFC	SDLPFC_Br8667_ANT_MID	within_donor_adjacent_position	spatialDLPFC::Br8667	primary_expansion	forward	SDLPFC_Br8667_ANT_MID	row_softmax	0.25		N	I_SPATIAL	0.00125	0.000625	1500	0.0004128739086728717	0.0005020901425371431	0.0004152804053329781	0.0005896633224813744
spatialDLPFC	SDLPFC_Br8667_ANT_MID	within_donor_adjacent_position	spatialDLPFC::Br8667	primary_expansion	reverse	SDLPFC_Br8667_ANT_MID__reverse	uot	0.25	2.0	R	I_EXPR	0.02	0.01	1500	0.0011837627511966883	0.0016489689974566943	0.001240734022446977	0.002420519073206538
spatialDLPFC	SDLPFC_Br8667_ANT_MID	within_donor_adjacent_position	spatialDLPFC::Br8667	primary_expansion	reverse	SDLPFC_Br8667_ANT_MID__reverse	uot	0.25	2.0	R	I_EXPR	0.01	0.005	1500	0.000591630931649652	0.000824008106319	0.0006200390765406267	0.001209709701445851
spatialDLPFC	SDLPFC_Br8667_ANT_MID	within_donor_adjacent_position	spatialDLPFC::Br8667	primary_expansion	reverse	SDLPFC_Br8667_ANT_MID__reverse	uot	0.25	2.0	R	I_EXPR	0.005	0.0025	1500	0.0002957502791085759	0.0004118845849197913	0.00030993755335326163	0.000604713833398325
spatialDLPFC	SDLPFC_Br8667_ANT_MID	within_donor_adjacent_position	spatialDLPFC::Br8667	primary_expansion	reverse	SDLPFC_Br8667_ANT_MID__reverse	uot	0.25	2.0	R	I_EXPR	0.0025	0.00125	1500	0.00014785883849766446	0.00020591237909152907	0.00015494827902268448	0.0003023215395318444
spatialDLPFC	SDLPFC_Br8667_ANT_MID	within_donor_adjacent_position	spatialDLPFC::Br8667	primary_expansion	reverse	SDLPFC_Br8667_ANT_MID__reverse	uot	0.25	2.0	R	I_EXPR	0.00125	0.000625	1500	7.392534800984694e-05	0.00010294870187556539	7.746901481899347e-05	0.0001511519102828163
spatialDLPFC	SDLPFC_Br8667_ANT_MID	within_donor_adjacent_position	spatialDLPFC::Br8667	primary_expansion	reverse	SDLPFC_Br8667_ANT_MID__reverse	uot	0.25	2.0	R	I_SPATIAL	0.02	0.01	1500	0.00648477067934411	0.007935649455179739	0.0063978872712357315	0.008489395616153162
spatialDLPFC	SDLPFC_Br8667_ANT_MID	within_donor_adjacent_position	spatialDLPFC::Br8667	primary_expansion	reverse	SDLPFC_Br8667_ANT_MID__reverse	uot	0.25	2.0	R	I_SPATIAL	0.01	0.005	1500	0.0032232706382162996	0.003937313720011146	0.0031794689257098256	0.004212506109481738
spatialDLPFC	SDLPFC_Br8667_ANT_MID	within_donor_adjacent_position	spatialDLPFC::Br8667	primary_expansion	reverse	SDLPFC_Br8667_ANT_MID__reverse	uot	0.25	2.0	R	I_SPATIAL	0.005	0.0025	1500	0.001607271572239782	0.001961498175633678	0.0015849027734471245	0.0020982719848511534
spatialDLPFC	SDLPFC_Br8667_ANT_MID	within_donor_adjacent_position	spatialDLPFC::Br8667	primary_expansion	reverse	SDLPFC_Br8667_ANT_MID__reverse	uot	0.25	2.0	R	I_SPATIAL	0.0025	0.00125	1500	0.0008025495383046704	0.00097911417181511	0.000791248082321454	0.0010471467388411823
spatialDLPFC	SDLPFC_Br8667_ANT_MID	within_donor_adjacent_position	spatialDLPFC::Br8667	primary_expansion	reverse	SDLPFC_Br8667_ANT_MID__reverse	uot	0.25	2.0	R	I_SPATIAL	0.00125	0.000625	1500	0.0004009888511078128	0.0004891519932191232	0.0003953238008322367	0.0005230768090058026
spatialDLPFC	SDLPFC_Br8667_ANT_MID	within_donor_adjacent_position	spatialDLPFC::Br8667	primary_expansion	reverse	SDLPFC_Br8667_ANT_MID__reverse	uot	0.25	2.0	N	I_EXPR	0.02	0.01	1500	0.005333854945861207	0.006464146425361471	0.00530162580976439	0.007330801137653136
spatialDLPFC	SDLPFC_Br8667_ANT_MID	within_donor_adjacent_position	spatialDLPFC::Br8667	primary_expansion	reverse	SDLPFC_Br8667_ANT_MID__reverse	uot	0.25	2.0	N	I_EXPR	0.01	0.005	1500	0.002681640511447355	0.0032555817266764426	0.0026670637595474864	0.003694580743949111
spatialDLPFC	SDLPFC_Br8667_ANT_MID	within_donor_adjacent_position	spatialDLPFC::Br8667	primary_expansion	reverse	SDLPFC_Br8667_ANT_MID__reverse	uot	0.25	2.0	N	I_EXPR	0.005	0.0025	1500	0.0013443859878929433	0.001633608530987526	0.0013376276694058774	0.0018546599548946406
spatialDLPFC	SDLPFC_Br8667_ANT_MID	within_donor_adjacent_position	spatialDLPFC::Br8667	primary_expansion	reverse	SDLPFC_Br8667_ANT_MID__reverse	uot	0.25	2.0	N	I_EXPR	0.0025	0.00125	1500	0.0006731466776473313	0.000818288382489484	0.0006698419382778304	0.000929188194822297
spatialDLPFC	SDLPFC_Br8667_ANT_MID	within_donor_adjacent_position	spatialDLPFC::Br8667	primary_expansion	reverse	SDLPFC_Br8667_ANT_MID__reverse	uot	0.25	2.0	N	I_EXPR	0.00125	0.000625	1500	0.0003368258531535898	0.00040959112833023484	0.000335178511926076	0.0004650605759877226
spatialDLPFC	SDLPFC_Br8667_ANT_MID	within_donor_adjacent_position	spatialDLPFC::Br8667	primary_expansion	reverse	SDLPFC_Br8667_ANT_MID__reverse	uot	0.25	2.0	N	I_SPATIAL	0.02	0.01	1500	0.005457378444726021	0.006669240461535252	0.005433770499355155	0.0075697782984888735
spatialDLPFC	SDLPFC_Br8667_ANT_MID	within_donor_adjacent_position	spatialDLPFC::Br8667	primary_expansion	reverse	SDLPFC_Br8667_ANT_MID__reverse	uot	0.25	2.0	N	I_SPATIAL	0.01	0.005	1500	0.0027125806232072983	0.0033069760218590967	0.0027000978096352515	0.0037543933803319057
spatialDLPFC	SDLPFC_Br8667_ANT_MID	within_donor_adjacent_position	spatialDLPFC::Br8667	primary_expansion	reverse	SDLPFC_Br8667_ANT_MID__reverse	uot	0.25	2.0	N	I_SPATIAL	0.005	0.0025	1500	0.001352360777019915	0.0016465538600043915	0.001345885884088832	0.0018696306269595704
spatialDLPFC	SDLPFC_Br8667_ANT_MID	within_donor_adjacent_position	spatialDLPFC::Br8667	primary_expansion	reverse	SDLPFC_Br8667_ANT_MID__reverse	uot	0.25	2.0	N	I_SPATIAL	0.0025	0.00125	1500	0.0006751552617067075	0.00082185203034976	0.0006719064426780879	0.0009329338466788099
spatialDLPFC	SDLPFC_Br8667_ANT_MID	within_donor_adjacent_position	spatialDLPFC::Br8667	primary_expansion	reverse	SDLPFC_Br8667_ANT_MID__reverse	uot	0.25	2.0	N	I_SPATIAL	0.00125	0.000625	1500	0.00033729266191643735	0.00041048950073576036	0.0003356946271454706	0.00046599741439075105
spatialDLPFC	SDLPFC_Br8667_ANT_MID	within_donor_adjacent_position	spatialDLPFC::Br8667	primary_expansion	reverse	SDLPFC_Br8667_ANT_MID__reverse	row_softmax	0.25		R	I_EXPR	0.02	0.01	1500	0.003741114407151169	0.004523887554132358	0.003777293524509576	0.005186926228732825
spatialDLPFC	SDLPFC_Br8667_ANT_MID	within_donor_adjacent_position	spatialDLPFC::Br8667	primary_expansion	reverse	SDLPFC_Br8667_ANT_MID__reverse	row_softmax	0.25		R	I_EXPR	0.01	0.005	1500	0.0018647819683741637	0.0022560778398332494	0.0018829674765872314	0.0025864082595189364
spatialDLPFC	SDLPFC_Br8667_ANT_MID	within_donor_adjacent_position	spatialDLPFC::Br8667	primary_expansion	reverse	SDLPFC_Br8667_ANT_MID__reverse	row_softmax	0.25		R	I_EXPR	0.005	0.0025	1500	0.0009311673372344467	0.0011264027034448571	0.0009400674451200115	0.0012914295733740038
spatialDLPFC	SDLPFC_Br8667_ANT_MID	within_donor_adjacent_position	spatialDLPFC::Br8667	primary_expansion	reverse	SDLPFC_Br8667_ANT_MID__reverse	row_softmax	0.25		R	I_EXPR	0.0025	0.00125	1500	0.0004652775771925978	0.0005627527803472919	0.0004696801090457835	0.0006452714853745205
spatialDLPFC	SDLPFC_Br8667_ANT_MID	within_donor_adjacent_position	spatialDLPFC::Br8667	primary_expansion	reverse	SDLPFC_Br8667_ANT_MID__reverse	row_softmax	0.25		R	I_EXPR	0.00125	0.000625	1500	0.0002325319599131944	0.0002812796195039419	0.00023475170863873667	0.0003225248372709726
spatialDLPFC	SDLPFC_Br8667_ANT_MID	within_donor_adjacent_position	spatialDLPFC::Br8667	primary_expansion	reverse	SDLPFC_Br8667_ANT_MID__reverse	row_softmax	0.25		R	I_SPATIAL	0.02	0.01	1500	0.005945791675575023	0.00710223283770486	0.005844794393449864	0.008125649931452143
spatialDLPFC	SDLPFC_Br8667_ANT_MID	within_donor_adjacent_position	spatialDLPFC::Br8667	primary_expansion	reverse	SDLPFC_Br8667_ANT_MID__reverse	row_softmax	0.25		R	I_SPATIAL	0.01	0.005	1500	0.002957173699519389	0.0035234950819521492	0.0029061418014193047	0.004040057007403591
spatialDLPFC	SDLPFC_Br8667_ANT_MID	within_donor_adjacent_position	spatialDLPFC::Br8667	primary_expansion	reverse	SDLPFC_Br8667_ANT_MID__reverse	row_softmax	0.25		R	I_SPATIAL	0.005	0.0025	1500	0.0014749525685490293	0.001756528853687265	0.001449036947580661	0.0020144090607591776
spatialDLPFC	SDLPFC_Br8667_ANT_MID	within_donor_adjacent_position	spatialDLPFC::Br8667	primary_expansion	reverse	SDLPFC_Br8667_ANT_MID__reverse	row_softmax	0.25		R	I_SPATIAL	0.0025	0.00125	1500	0.0007366451604908831	0.0008768112972285889	0.0007235136551833647	0.0010058055652003752
spatialDLPFC	SDLPFC_Br8667_ANT_MID	within_donor_adjacent_position	spatialDLPFC::Br8667	primary_expansion	reverse	SDLPFC_Br8667_ANT_MID__reverse	row_softmax	0.25		R	I_SPATIAL	0.00125	0.000625	1500	0.0003681174693374726	0.0004380287283926334	0.00036150609049597187	0.0005025563492064107
spatialDLPFC	SDLPFC_Br8667_ANT_MID	within_donor_adjacent_position	spatialDLPFC::Br8667	primary_expansion	reverse	SDLPFC_Br8667_ANT_MID__reverse	row_softmax	0.25		N	I_EXPR	0.02	0.01	1500	0.007366515612247096	0.008818313213197784	0.007357798734744121	0.010761314161262433
spatialDLPFC	SDLPFC_Br8667_ANT_MID	within_donor_adjacent_position	spatialDLPFC::Br8667	primary_expansion	reverse	SDLPFC_Br8667_ANT_MID__reverse	row_softmax	0.25		N	I_EXPR	0.01	0.005	1500	0.0036970178688931496	0.004420931077976793	0.0036908458936703477	0.005398239539062047
spatialDLPFC	SDLPFC_Br8667_ANT_MID	within_donor_adjacent_position	spatialDLPFC::Br8667	primary_expansion	reverse	SDLPFC_Br8667_ANT_MID__reverse	row_softmax	0.25		N	I_EXPR	0.005	0.0025	1500	0.001851076146691662	0.002213238304269726	0.0018484439527326568	0.002703649341248513
spatialDLPFC	SDLPFC_Br8667_ANT_MID	within_donor_adjacent_position	spatialDLPFC::Br8667	primary_expansion	reverse	SDLPFC_Br8667_ANT_MID__reverse	row_softmax	0.25		N	I_EXPR	0.0025	0.00125	1500	0.0009262153528778898	0.0011074169120450148	0.0009249814170181265	0.0013529794650904055
spatialDLPFC	SDLPFC_Br8667_ANT_MID	within_donor_adjacent_position	spatialDLPFC::Br8667	primary_expansion	reverse	SDLPFC_Br8667_ANT_MID__reverse	row_softmax	0.25		N	I_EXPR	0.00125	0.000625	1500	0.0004633164475995132	0.0005539057696164148	0.0004626811206683574	0.0006767768833140712
spatialDLPFC	SDLPFC_Br8667_ANT_MID	within_donor_adjacent_position	spatialDLPFC::Br8667	primary_expansion	reverse	SDLPFC_Br8667_ANT_MID__reverse	row_softmax	0.25		N	I_SPATIAL	0.02	0.01	1500	0.0074642064076037625	0.008903151957767894	0.0074555616139646	0.010904046474988875
spatialDLPFC	SDLPFC_Br8667_ANT_MID	within_donor_adjacent_position	spatialDLPFC::Br8667	primary_expansion	reverse	SDLPFC_Br8667_ANT_MID__reverse	row_softmax	0.25		N	I_SPATIAL	0.01	0.005	1500	0.003721542725591373	0.004445471823405389	0.003715283721447598	0.005434198782987657
spatialDLPFC	SDLPFC_Br8667_ANT_MID	within_donor_adjacent_position	spatialDLPFC::Br8667	primary_expansion	reverse	SDLPFC_Br8667_ANT_MID__reverse	row_softmax	0.25		N	I_SPATIAL	0.005	0.0025	1500	0.0018568759781860003	0.0022195772550413586	0.001854553377114983	0.002712682093082422
spatialDLPFC	SDLPFC_Br8667_ANT_MID	within_donor_adjacent_position	spatialDLPFC::Br8667	primary_expansion	reverse	SDLPFC_Br8667_ANT_MID__reverse	row_softmax	0.25		N	I_SPATIAL	0.0025	0.00125	1500	0.0009277661315308843	0.0011089993621607784	0.0009265087972946203	0.0013552379707039062
spatialDLPFC	SDLPFC_Br8667_ANT_MID	within_donor_adjacent_position	spatialDLPFC::Br8667	primary_expansion	reverse	SDLPFC_Br8667_ANT_MID__reverse	row_softmax	0.25		N	I_SPATIAL	0.00125	0.000625	1500	0.0004636129116365937	0.0005543019526797864	0.0004630629617616104	0.0006773430187188355
HER2ST_manual_controlled	HER2ST_A1_CONTROLLED	within_section_controlled_combined	HER2ST::A	manual_truth_controlled	forward	HER2ST_A1_CONTROLLED	balanced_ot	0.25		R	I_EXPR	0.02	0.01	341	0.00048081552031402515	0.000937566543073173	0.0005853131396410473	0.00679344246388997
HER2ST_manual_controlled	HER2ST_A1_CONTROLLED	within_section_controlled_combined	HER2ST::A	manual_truth_controlled	forward	HER2ST_A1_CONTROLLED	balanced_ot	0.25		R	I_EXPR	0.01	0.005	341	0.00024095634606126657	0.00046942042331730614	0.0002931200838705598	0.003406106836772964
HER2ST_manual_controlled	HER2ST_A1_CONTROLLED	within_section_controlled_combined	HER2ST::A	manual_truth_controlled	forward	HER2ST_A1_CONTROLLED	balanced_ot	0.25		R	I_EXPR	0.005	0.0025	341	0.00012062676095600672	0.0002348696620288542	0.0001466760888516314	0.0017053852374248363
HER2ST_manual_controlled	HER2ST_A1_CONTROLLED	within_section_controlled_combined	HER2ST::A	manual_truth_controlled	forward	HER2ST_A1_CONTROLLED	balanced_ot	0.25		R	I_EXPR	0.0025	0.00125	341	6.035050243426502e-05	0.00011747471637683465	7.336707295357023e-05	0.0008532737403259611
HER2ST_manual_controlled	HER2ST_A1_CONTROLLED	within_section_controlled_combined	HER2ST::A	manual_truth_controlled	forward	HER2ST_A1_CONTROLLED	balanced_ot	0.25		R	I_EXPR	0.00125	0.000625	341	3.018452633248878e-05	5.874734728903103e-05	3.669079790250935e-05	0.0004267819238577072
HER2ST_manual_controlled	HER2ST_A1_CONTROLLED	within_section_controlled_combined	HER2ST::A	manual_truth_controlled	forward	HER2ST_A1_CONTROLLED	balanced_ot	0.25		R	I_SPATIAL	0.02	0.01	341	0.005766056099327737	0.00658097008137341	0.005696887277190722	0.007523243971096476
HER2ST_manual_controlled	HER2ST_A1_CONTROLLED	within_section_controlled_combined	HER2ST::A	manual_truth_controlled	forward	HER2ST_A1_CONTROLLED	balanced_ot	0.25		R	I_SPATIAL	0.01	0.005	341	0.002870022567585063	0.003273068807479984	0.002832231684540911	0.003736013628490271
HER2ST_manual_controlled	HER2ST_A1_CONTROLLED	within_section_controlled_combined	HER2ST::A	manual_truth_controlled	forward	HER2ST_A1_CONTROLLED	balanced_ot	0.25		R	I_SPATIAL	0.005	0.0025	341	0.00143061154690783	0.0016322768830430575	0.0014120999328696825	0.0018616406622660256
HER2ST_manual_controlled	HER2ST_A1_CONTROLLED	within_section_controlled_combined	HER2ST::A	manual_truth_controlled	forward	HER2ST_A1_CONTROLLED	balanced_ot	0.25		R	I_SPATIAL	0.0025	0.00125	341	0.0007140276032172663	0.0008150759889241901	0.0007050508303086059	0.0009292332820846704
HER2ST_manual_controlled	HER2ST_A1_CONTROLLED	within_section_controlled_combined	HER2ST::A	manual_truth_controlled	forward	HER2ST_A1_CONTROLLED	balanced_ot	0.25		R	I_SPATIAL	0.00125	0.000625	341	0.0003566933879913215	0.00040727262454561794	0.00035227616119697856	0.00046422043938729006
HER2ST_manual_controlled	HER2ST_A1_CONTROLLED	within_section_controlled_combined	HER2ST::A	manual_truth_controlled	forward	HER2ST_A1_CONTROLLED	balanced_ot	0.25		N	I_EXPR	0.02	0.01	341	0.005640999615758621	0.006411247007850599	0.005571301908614405	0.007299947166807188
HER2ST_manual_controlled	HER2ST_A1_CONTROLLED	within_section_controlled_combined	HER2ST::A	manual_truth_controlled	forward	HER2ST_A1_CONTROLLED	balanced_ot	0.25		N	I_EXPR	0.01	0.005	341	0.0028380703156849884	0.0032244772556992225	0.002801372904922746	0.0036756920473154475
HER2ST_manual_controlled	HER2ST_A1_CONTROLLED	within_section_controlled_combined	HER2ST::A	manual_truth_controlled	forward	HER2ST_A1_CONTROLLED	balanced_ot	0.25		N	I_EXPR	0.005	0.0025	341	0.001422268994058284	0.0016161564150523186	0.0014046516434354029	0.0018443397404247733
HER2ST_manual_controlled	HER2ST_A1_CONTROLLED	within_section_controlled_combined	HER2ST::A	manual_truth_controlled	forward	HER2ST_A1_CONTROLLED	balanced_ot	0.25		N	I_EXPR	0.0025	0.00125	341	0.0007125971349058648	0.0008089612341599193	0.000703320922839207	0.0009237982933416372
HER2ST_manual_controlled	HER2ST_A1_CONTROLLED	within_section_controlled_combined	HER2ST::A	manual_truth_controlled	forward	HER2ST_A1_CONTROLLED	balanced_ot	0.25		N	I_EXPR	0.00125	0.000625	341	0.000356708527219235	0.0004047011125151099	0.00035190978478879305	0.00046230687256003497
HER2ST_manual_controlled	HER2ST_A1_CONTROLLED	within_section_controlled_combined	HER2ST::A	manual_truth_controlled	forward	HER2ST_A1_CONTROLLED	balanced_ot	0.25		N	I_SPATIAL	0.02	0.01	341	0.005769026318755022	0.006562831206660941	0.005699323928269879	0.007508956797246528
HER2ST_manual_controlled	HER2ST_A1_CONTROLLED	within_section_controlled_combined	HER2ST::A	manual_truth_controlled	forward	HER2ST_A1_CONTROLLED	balanced_ot	0.25		N	I_SPATIAL	0.01	0.005	341	0.002869321575053609	0.0032551325397427522	0.0028333687967182506	0.003727961622982232
HER2ST_manual_controlled	HER2ST_A1_CONTROLLED	within_section_controlled_combined	HER2ST::A	manual_truth_controlled	forward	HER2ST_A1_CONTROLLED	balanced_ot	0.25		N	I_SPATIAL	0.005	0.0025	341	0.0014324341304100142	0.001623203529308552	0.0014126486116327293	0.0018574071065564299
HER2ST_manual_controlled	HER2ST_A1_CONTROLLED	within_section_controlled_combined	HER2ST::A	manual_truth_controlled	forward	HER2ST_A1_CONTROLLED	balanced_ot	0.25		N	I_SPATIAL	0.0025	0.00125	341	0.0007156576267101459	0.0008107230405701594	0.0007053201701882343	0.0009270651310049739
HER2ST_manual_controlled	HER2ST_A1_CONTROLLED	within_section_controlled_combined	HER2ST::A	manual_truth_controlled	forward	HER2ST_A1_CONTROLLED	balanced_ot	0.25		N	I_SPATIAL	0.00125	0.000625	341	0.0003575314834876685	0.00040514156560540667	0.0003524096287712619	0.00046312358369477883
HER2ST_manual_controlled	HER2ST_A1_CONTROLLED	within_section_controlled_combined	HER2ST::A	manual_truth_controlled	forward	HER2ST_A1_CONTROLLED	uot	0.25	2.0	R	I_EXPR	0.02	0.01	341	0.0005782332752637736	0.0006763653291389757	0.0005991452899366981	0.002306677250508327
HER2ST_manual_controlled	HER2ST_A1_CONTROLLED	within_section_controlled_combined	HER2ST::A	manual_truth_controlled	forward	HER2ST_A1_CONTROLLED	uot	0.25	2.0	R	I_EXPR	0.01	0.005	341	0.00028903406480046406	0.00033811871998180474	0.00029953227055067136	0.001157467574282427
HER2ST_manual_controlled	HER2ST_A1_CONTROLLED	within_section_controlled_combined	HER2ST::A	manual_truth_controlled	forward	HER2ST_A1_CONTROLLED	uot	0.25	2.0	R	I_EXPR	0.005	0.0025	341	0.00014451098475327077	0.0001690434051245943	0.0001497560583151212	0.000579766300909739
HER2ST_manual_controlled	HER2ST_A1_CONTROLLED	within_section_controlled_combined	HER2ST::A	manual_truth_controlled	forward	HER2ST_A1_CONTROLLED	uot	0.25	2.0	R	I_EXPR	0.0025	0.00125	341	7.225588462736021e-05	8.451771823490946e-05	7.48755118724572e-05	0.00029014146958927854
HER2ST_manual_controlled	HER2ST_A1_CONTROLLED	within_section_controlled_combined	HER2ST::A	manual_truth_controlled	forward	HER2ST_A1_CONTROLLED	uot	0.25	2.0	R	I_EXPR	0.00125	0.000625	341	3.612804475250934e-05	4.225786767025149e-05	3.743712682685995e-05	0.0001451352488812984
HER2ST_manual_controlled	HER2ST_A1_CONTROLLED	within_section_controlled_combined	HER2ST::A	manual_truth_controlled	forward	HER2ST_A1_CONTROLLED	uot	0.25	2.0	R	I_SPATIAL	0.02	0.01	341	0.005952816444005599	0.006924797178846202	0.005930590858457483	0.008162176405742383
HER2ST_manual_controlled	HER2ST_A1_CONTROLLED	within_section_controlled_combined	HER2ST::A	manual_truth_controlled	forward	HER2ST_A1_CONTROLLED	uot	0.25	2.0	R	I_SPATIAL	0.01	0.005	341	0.002957302593521684	0.0034415009833571484	0.0029481391036150864	0.004055339931774053
HER2ST_manual_controlled	HER2ST_A1_CONTROLLED	within_section_controlled_combined	HER2ST::A	manual_truth_controlled	forward	HER2ST_A1_CONTROLLED	uot	0.25	2.0	R	I_SPATIAL	0.005	0.0025	341	0.0014727583110903451	0.001715482864282738	0.0014698188731463266	0.0020212633012185593
HER2ST_manual_controlled	HER2ST_A1_CONTROLLED	within_section_controlled_combined	HER2ST::A	manual_truth_controlled	forward	HER2ST_A1_CONTROLLED	uot	0.25	2.0	R	I_SPATIAL	0.0025	0.00125	341	0.00073473367328027	0.0008564266910876809	0.0007338517315881811	0.0010090337832932583
HER2ST_manual_controlled	HER2ST_A1_CONTROLLED	within_section_controlled_combined	HER2ST::A	manual_truth_controlled	forward	HER2ST_A1_CONTROLLED	uot	0.25	2.0	R	I_SPATIAL	0.00125	0.000625	341	0.0003670339505041071	0.0004278849336222889	0.0003666620549665325	0.0005041178993280205
HER2ST_manual_controlled	HER2ST_A1_CONTROLLED	within_section_controlled_combined	HER2ST::A	manual_truth_controlled	forward	HER2ST_A1_CONTROLLED	uot	0.25	2.0	N	I_EXPR	0.02	0.01	341	0.0046851557500661774	0.00557440569366272	0.004757578009567897	0.00670464963286093
HER2ST_manual_controlled	HER2ST_A1_CONTROLLED	within_section_controlled_combined	HER2ST::A	manual_truth_controlled	forward	HER2ST_A1_CONTROLLED	uot	0.25	2.0	N	I_EXPR	0.01	0.005	341	0.0023561921155286635	0.0028058536234680607	0.002393076451830477	0.003372581958331592
HER2ST_manual_controlled	HER2ST_A1_CONTROLLED	within_section_controlled_combined	HER2ST::A	manual_truth_controlled	forward	HER2ST_A1_CONTROLLED	uot	0.25	2.0	N	I_EXPR	0.005	0.0025	341	0.001181219169570587	0.0014071833201419206	0.001200144817498604	0.0016913773590015995
HER2ST_manual_controlled	HER2ST_A1_CONTROLLED	within_section_controlled_combined	HER2ST::A	manual_truth_controlled	forward	HER2ST_A1_CONTROLLED	uot	0.25	2.0	N	I_EXPR	0.0025	0.00125	341	0.0005913913540081552	0.0007045076946850772	0.0006009780440869465	0.0008469630345694191
HER2ST_manual_controlled	HER2ST_A1_CONTROLLED	within_section_controlled_combined	HER2ST::A	manual_truth_controlled	forward	HER2ST_A1_CONTROLLED	uot	0.25	2.0	N	I_EXPR	0.00125	0.000625	341	0.0002958912425904094	0.000352482799018787	0.0003007159479964502	0.00042380044940577724
HER2ST_manual_controlled	HER2ST_A1_CONTROLLED	within_section_controlled_combined	HER2ST::A	manual_truth_controlled	forward	HER2ST_A1_CONTROLLED	uot	0.25	2.0	N	I_SPATIAL	0.02	0.01	341	0.004805671278606579	0.00571376455053282	0.0048740594127602305	0.0068704321703256625
HER2ST_manual_controlled	HER2ST_A1_CONTROLLED	within_section_controlled_combined	HER2ST::A	manual_truth_controlled	forward	HER2ST_A1_CONTROLLED	uot	0.25	2.0	N	I_SPATIAL	0.01	0.005	341	0.002384056701192274	0.0028377589445480206	0.0024221948905718644	0.0034139417142247316
HER2ST_manual_controlled	HER2ST_A1_CONTROLLED	within_section_controlled_combined	HER2ST::A	manual_truth_controlled	forward	HER2ST_A1_CONTROLLED	uot	0.25	2.0	N	I_SPATIAL	0.005	0.0025	341	0.0011879203743024548	0.0014145077965186843	0.0012074234459416413	0.001701675934281312
HER2ST_manual_controlled	HER2ST_A1_CONTROLLED	within_section_controlled_combined	HER2ST::A	manual_truth_controlled	forward	HER2ST_A1_CONTROLLED	uot	0.25	2.0	N	I_SPATIAL	0.0025	0.00125	341	0.0005929568356916662	0.0007063388326039224	0.0006027976754870482	0.0008495190495548476
HER2ST_manual_controlled	HER2ST_A1_CONTROLLED	within_section_controlled_combined	HER2ST::A	manual_truth_controlled	forward	HER2ST_A1_CONTROLLED	uot	0.25	2.0	N	I_SPATIAL	0.00125	0.000625	341	0.00029628261191925976	0.00035294058523811447	0.0003011708342993895	0.00042443900677297463
HER2ST_manual_controlled	HER2ST_A1_CONTROLLED	within_section_controlled_combined	HER2ST::A	manual_truth_controlled	forward	HER2ST_A1_CONTROLLED	row_softmax	0.25		R	I_EXPR	0.02	0.01	341	0.0007838910500297383	0.000998318874180102	0.0007975334321195511	0.0033076720444479416
HER2ST_manual_controlled	HER2ST_A1_CONTROLLED	within_section_controlled_combined	HER2ST::A	manual_truth_controlled	forward	HER2ST_A1_CONTROLLED	row_softmax	0.25		R	I_EXPR	0.01	0.005	341	0.0003918190813127826	0.0004985158699363775	0.0003986434055047978	0.0016601289069682933
HER2ST_manual_controlled	HER2ST_A1_CONTROLLED	within_section_controlled_combined	HER2ST::A	manual_truth_controlled	forward	HER2ST_A1_CONTROLLED	row_softmax	0.25		R	I_EXPR	0.005	0.0025	341	0.00019587798978481103	0.00024906517787863974	0.00019929103855162946	0.0008316407190309857
HER2ST_manual_controlled	HER2ST_A1_CONTROLLED	within_section_controlled_combined	HER2ST::A	manual_truth_controlled	forward	HER2ST_A1_CONTROLLED	row_softmax	0.25		R	I_EXPR	0.0025	0.00125	341	9.7931111949369e-05	0.00012448446893081435	9.963787501943501e-05	0.0004162149397786764
HER2ST_manual_controlled	HER2ST_A1_CONTROLLED	within_section_controlled_combined	HER2ST::A	manual_truth_controlled	forward	HER2ST_A1_CONTROLLED	row_softmax	0.25		R	I_EXPR	0.00125	0.000625	341	4.896359193825808e-05	6.223021174721215e-05	4.9817029238524946e-05	0.0002082061756052229
HER2ST_manual_controlled	HER2ST_A1_CONTROLLED	within_section_controlled_combined	HER2ST::A	manual_truth_controlled	forward	HER2ST_A1_CONTROLLED	row_softmax	0.25		R	I_SPATIAL	0.02	0.01	341	0.005596832432434803	0.006376446793707272	0.005544375141425418	0.007167663518908088
HER2ST_manual_controlled	HER2ST_A1_CONTROLLED	within_section_controlled_combined	HER2ST::A	manual_truth_controlled	forward	HER2ST_A1_CONTROLLED	row_softmax	0.25		R	I_SPATIAL	0.01	0.005	341	0.00278696535818395	0.003169115936888534	0.002756940310443111	0.0035629097901265566
HER2ST_manual_controlled	HER2ST_A1_CONTROLLED	within_section_controlled_combined	HER2ST::A	manual_truth_controlled	forward	HER2ST_A1_CONTROLLED	row_softmax	0.25		R	I_SPATIAL	0.005	0.0025	341	0.0013900174626072436	0.0015796427389467877	0.0013746924975367948	0.0017762699409398042
HER2ST_manual_controlled	HER2ST_A1_CONTROLLED	within_section_controlled_combined	HER2ST::A	manual_truth_controlled	forward	HER2ST_A1_CONTROLLED	row_softmax	0.25		R	I_SPATIAL	0.0025	0.00125	341	0.0006937777320864163	0.0007884043656233059	0.0006864055103779072	0.0008868394854304287
HER2ST_manual_controlled	HER2ST_A1_CONTROLLED	within_section_controlled_combined	HER2ST::A	manual_truth_controlled	forward	HER2ST_A1_CONTROLLED	row_softmax	0.25		R	I_SPATIAL	0.00125	0.000625	341	0.0003465817572363718	0.00039384687427433023	0.00034296803411287943	0.00044309596949639556
HER2ST_manual_controlled	HER2ST_A1_CONTROLLED	within_section_controlled_combined	HER2ST::A	manual_truth_controlled	forward	HER2ST_A1_CONTROLLED	row_softmax	0.25		N	I_EXPR	0.02	0.01	341	0.005523612670329422	0.00621626096923498	0.005476388939593779	0.007130270517867037
HER2ST_manual_controlled	HER2ST_A1_CONTROLLED	within_section_controlled_combined	HER2ST::A	manual_truth_controlled	forward	HER2ST_A1_CONTROLLED	row_softmax	0.25		N	I_EXPR	0.01	0.005	341	0.002778677922093288	0.0031264435109523395	0.002752705521287251	0.003586953529680939
HER2ST_manual_controlled	HER2ST_A1_CONTROLLED	within_section_controlled_combined	HER2ST::A	manual_truth_controlled	forward	HER2ST_A1_CONTROLLED	row_softmax	0.25		N	I_EXPR	0.005	0.0025	341	0.0013927265675403213	0.0015684441659433452	0.0013800122372621066	0.0017989406271574733
HER2ST_manual_controlled	HER2ST_A1_CONTROLLED	within_section_controlled_combined	HER2ST::A	manual_truth_controlled	forward	HER2ST_A1_CONTROLLED	row_softmax	0.25		N	I_EXPR	0.0025	0.00125	341	0.0006973290989595616	0.0007852105745435253	0.0006909255262390863	0.0009008373835765036
HER2ST_manual_controlled	HER2ST_A1_CONTROLLED	within_section_controlled_combined	HER2ST::A	manual_truth_controlled	forward	HER2ST_A1_CONTROLLED	row_softmax	0.25		N	I_EXPR	0.00125	0.000625	341	0.0003489445920244436	0.000392852180081362	0.0003456931327489048	0.00045076059384651057
HER2ST_manual_controlled	HER2ST_A1_CONTROLLED	within_section_controlled_combined	HER2ST::A	manual_truth_controlled	forward	HER2ST_A1_CONTROLLED	row_softmax	0.25		N	I_SPATIAL	0.02	0.01	341	0.0056425489328440085	0.006366287117964522	0.005594571382286835	0.0073053687045102145
HER2ST_manual_controlled	HER2ST_A1_CONTROLLED	within_section_controlled_combined	HER2ST::A	manual_truth_controlled	forward	HER2ST_A1_CONTROLLED	row_softmax	0.25		N	I_SPATIAL	0.01	0.005	341	0.0028067706043571733	0.003165240641704598	0.002782251175787287	0.003630732426937424
HER2ST_manual_controlled	HER2ST_A1_CONTROLLED	within_section_controlled_combined	HER2ST::A	manual_truth_controlled	forward	HER2ST_A1_CONTROLLED	row_softmax	0.25		N	I_SPATIAL	0.005	0.0025	341	0.0013996158168933922	0.0015769978735616856	0.0013873998139746298	0.0018098856234023718
HER2ST_manual_controlled	HER2ST_A1_CONTROLLED	within_section_controlled_combined	HER2ST::A	manual_truth_controlled	forward	HER2ST_A1_CONTROLLED	row_softmax	0.25		N	I_SPATIAL	0.0025	0.00125	341	0.0006990072506569701	0.0007871862027810009	0.000692772362571463	0.0009035736499351856
HER2ST_manual_controlled	HER2ST_A1_CONTROLLED	within_section_controlled_combined	HER2ST::A	manual_truth_controlled	forward	HER2ST_A1_CONTROLLED	row_softmax	0.25		N	I_SPATIAL	0.00125	0.000625	341	0.00034933673483715207	0.00039334608769047775	0.00034615485848230694	0.0004514446611988744
HER2ST_manual_controlled	HER2ST_A1_CONTROLLED	within_section_controlled_combined	HER2ST::A	manual_truth_controlled	reverse	HER2ST_A1_CONTROLLED__reverse	balanced_ot	0.25		R	I_EXPR	0.02	0.01	273	0.0005196493935886426	0.0009513074343443797	0.0006121120022045739	0.0062897124285575924
HER2ST_manual_controlled	HER2ST_A1_CONTROLLED	within_section_controlled_combined	HER2ST::A	manual_truth_controlled	reverse	HER2ST_A1_CONTROLLED__reverse	balanced_ot	0.25		R	I_EXPR	0.01	0.005	273	0.00026007084941672554	0.0004765064768322006	0.0003065505286996911	0.0031544255349678684
HER2ST_manual_controlled	HER2ST_A1_CONTROLLED	within_section_controlled_combined	HER2ST::A	manual_truth_controlled	reverse	HER2ST_A1_CONTROLLED__reverse	balanced_ot	0.25		R	I_EXPR	0.005	0.0025	273	0.00013009701784893503	0.00023846681276414803	0.00015339907895258937	0.0015795926966916988
HER2ST_manual_controlled	HER2ST_A1_CONTROLLED	within_section_controlled_combined	HER2ST::A	manual_truth_controlled	reverse	HER2ST_A1_CONTROLLED__reverse	balanced_ot	0.25		R	I_EXPR	0.0025	0.00125	273	6.506391472783773e-05	0.00011928684259413549	7.673051298355627e-05	0.0007903897493475733
HER2ST_manual_controlled	HER2ST_A1_CONTROLLED	within_section_controlled_combined	HER2ST::A	manual_truth_controlled	reverse	HER2ST_A1_CONTROLLED__reverse	balanced_ot	0.25		R	I_EXPR	0.00125	0.000625	273	3.253580252151598e-05	5.965678987819868e-05	3.837300033918333e-05	0.00039534302988935535
HER2ST_manual_controlled	HER2ST_A1_CONTROLLED	within_section_controlled_combined	HER2ST::A	manual_truth_controlled	reverse	HER2ST_A1_CONTROLLED__reverse	balanced_ot	0.25		R	I_SPATIAL	0.02	0.01	273	0.005784367056753571	0.0065537142239676435	0.005697875177033952	0.0073543814262095695
HER2ST_manual_controlled	HER2ST_A1_CONTROLLED	within_section_controlled_combined	HER2ST::A	manual_truth_controlled	reverse	HER2ST_A1_CONTROLLED__reverse	balanced_ot	0.25		R	I_SPATIAL	0.01	0.005	273	0.002873641097957675	0.003259822560562977	0.002832715356749085	0.0036534961114858965
HER2ST_manual_controlled	HER2ST_A1_CONTROLLED	within_section_controlled_combined	HER2ST::A	manual_truth_controlled	reverse	HER2ST_A1_CONTROLLED__reverse	balanced_ot	0.25		R	I_SPATIAL	0.005	0.0025	273	0.0014333074478856884	0.0016256421959023597	0.0014123397167755424	0.0018208545120344502
HER2ST_manual_controlled	HER2ST_A1_CONTROLLED	within_section_controlled_combined	HER2ST::A	manual_truth_controlled	reverse	HER2ST_A1_CONTROLLED__reverse	balanced_ot	0.25		R	I_SPATIAL	0.0025	0.00125	273	0.0007157763664361036	0.0008117558312959879	0.0007051702044430036	0.0009089538505063703
HER2ST_manual_controlled	HER2ST_A1_CONTROLLED	within_section_controlled_combined	HER2ST::A	manual_truth_controlled	reverse	HER2ST_A1_CONTROLLED__reverse	balanced_ot	0.25		R	I_SPATIAL	0.00125	0.000625	273	0.00035766986448622086	0.00040561165558760737	0.0003523357176227992	0.00045410778810447814
HER2ST_manual_controlled	HER2ST_A1_CONTROLLED	within_section_controlled_combined	HER2ST::A	manual_truth_controlled	reverse	HER2ST_A1_CONTROLLED__reverse	balanced_ot	0.25		N	I_EXPR	0.02	0.01	273	0.005654979037720852	0.006412087767857705	0.005570369677116211	0.007171233787927486
HER2ST_manual_controlled	HER2ST_A1_CONTROLLED	within_section_controlled_combined	HER2ST::A	manual_truth_controlled	reverse	HER2ST_A1_CONTROLLED__reverse	balanced_ot	0.25		N	I_EXPR	0.01	0.005	273	0.002844454183217495	0.003224980235496191	0.0028009040362631374	0.003609878102981556
HER2ST_manual_controlled	HER2ST_A1_CONTROLLED	within_section_controlled_combined	HER2ST::A	manual_truth_controlled	reverse	HER2ST_A1_CONTROLLED__reverse	balanced_ot	0.25		N	I_EXPR	0.005	0.0025	273	0.0014280214161818735	0.0016174784595927002	0.001404416629022114	0.0018110647768134253
HER2ST_manual_controlled	HER2ST_A1_CONTROLLED	within_section_controlled_combined	HER2ST::A	manual_truth_controlled	reverse	HER2ST_A1_CONTROLLED__reverse	balanced_ot	0.25		N	I_EXPR	0.0025	0.00125	273	0.0007154678892110685	0.0008099952641714935	0.0007032033158502731	0.0009070676186422108
HER2ST_manual_controlled	HER2ST_A1_CONTROLLED	within_section_controlled_combined	HER2ST::A	manual_truth_controlled	reverse	HER2ST_A1_CONTROLLED__reverse	balanced_ot	0.25		N	I_EXPR	0.00125	0.000625	273	0.00035809932571031014	0.00040531222758231135	0.0003518509608071822	0.0004539180901833035
HER2ST_manual_controlled	HER2ST_A1_CONTROLLED	within_section_controlled_combined	HER2ST::A	manual_truth_controlled	reverse	HER2ST_A1_CONTROLLED__reverse	balanced_ot	0.25		N	I_SPATIAL	0.02	0.01	273	0.005798737623012121	0.006571669043752471	0.005698382804476659	0.0073679815561135745
HER2ST_manual_controlled	HER2ST_A1_CONTROLLED	within_section_controlled_combined	HER2ST::A	manual_truth_controlled	reverse	HER2ST_A1_CONTROLLED__reverse	balanced_ot	0.25		N	I_SPATIAL	0.01	0.005	273	0.002885876998546758	0.0032653197931026764	0.0028328978290076243	0.003659126207400066
HER2ST_manual_controlled	HER2ST_A1_CONTROLLED	within_section_controlled_combined	HER2ST::A	manual_truth_controlled	reverse	HER2ST_A1_CONTROLLED__reverse	balanced_ot	0.25		N	I_SPATIAL	0.005	0.0025	273	0.0014395610048940364	0.0016275672617299527	0.001412413045570315	0.0018233768887839631
HER2ST_manual_controlled	HER2ST_A1_CONTROLLED	within_section_controlled_combined	HER2ST::A	manual_truth_controlled	reverse	HER2ST_A1_CONTROLLED__reverse	balanced_ot	0.25		N	I_SPATIAL	0.0025	0.00125	273	0.0007183996516361949	0.0008125167410533414	0.0007052024093887224	0.0009101456518880686
HER2ST_manual_controlled	HER2ST_A1_CONTROLLED	within_section_controlled_combined	HER2ST::A	manual_truth_controlled	reverse	HER2ST_A1_CONTROLLED__reverse	balanced_ot	0.25		N	I_SPATIAL	0.00125	0.000625	273	0.0003588322600981389	0.0004059425948429148	0.00035235076722734326	0.00045468759839924867
HER2ST_manual_controlled	HER2ST_A1_CONTROLLED	within_section_controlled_combined	HER2ST::A	manual_truth_controlled	reverse	HER2ST_A1_CONTROLLED__reverse	uot	0.25	2.0	R	I_EXPR	0.02	0.01	273	0.0005908576850200447	0.0006618755046506593	0.0006003748732823743	0.0018138845225213263
HER2ST_manual_controlled	HER2ST_A1_CONTROLLED	within_section_controlled_combined	HER2ST::A	manual_truth_controlled	reverse	HER2ST_A1_CONTROLLED__reverse	uot	0.25	2.0	R	I_EXPR	0.01	0.005	273	0.00029538569460885975	0.00033083926646836157	0.0003001518747767609	0.0009105314409800758
HER2ST_manual_controlled	HER2ST_A1_CONTROLLED	within_section_controlled_combined	HER2ST::A	manual_truth_controlled	reverse	HER2ST_A1_CONTROLLED__reverse	uot	0.25	2.0	R	I_EXPR	0.005	0.0025	273	0.00014768634978134783	0.00016539502961945412	0.0001500670781869237	0.00045616165082890163
HER2ST_manual_controlled	HER2ST_A1_CONTROLLED	within_section_controlled_combined	HER2ST::A	manual_truth_controlled	reverse	HER2ST_A1_CONTROLLED__reverse	uot	0.25	2.0	R	I_EXPR	0.0025	0.00125	273	7.384324015734277e-05	8.269136398059436e-05	7.503132907763737e-05	0.0002283045799927741
HER2ST_manual_controlled	HER2ST_A1_CONTROLLED	within_section_controlled_combined	HER2ST::A	manual_truth_controlled	reverse	HER2ST_A1_CONTROLLED__reverse	uot	0.25	2.0	R	I_EXPR	0.00125	0.000625	273	3.6921640785960955e-05	4.134414874846618e-05	3.7515111936302806e-05	0.00011420818497788602
HER2ST_manual_controlled	HER2ST_A1_CONTROLLED	within_section_controlled_combined	HER2ST::A	manual_truth_controlled	reverse	HER2ST_A1_CONTROLLED__reverse	uot	0.25	2.0	R	I_SPATIAL	0.02	0.01	273	0.006031844942239077	0.006927831585382995	0.005935401541595327	0.0076563184543953925
HER2ST_manual_controlled	HER2ST_A1_CONTROLLED	within_section_controlled_combined	HER2ST::A	manual_truth_controlled	reverse	HER2ST_A1_CONTROLLED__reverse	uot	0.25	2.0	R	I_SPATIAL	0.01	0.005	273	0.0029935368074160973	0.003439121737345303	0.002950561335226316	0.0038022725366661627
HER2ST_manual_controlled	HER2ST_A1_CONTROLLED	within_section_controlled_combined	HER2ST::A	manual_truth_controlled	reverse	HER2ST_A1_CONTROLLED__reverse	uot	0.25	2.0	R	I_SPATIAL	0.005	0.0025	273	0.0014914600641100838	0.0017137307828392371	0.0014710341630342666	0.0018946580043375002
HER2ST_manual_controlled	HER2ST_A1_CONTROLLED	within_section_controlled_combined	HER2ST::A	manual_truth_controlled	reverse	HER2ST_A1_CONTROLLED__reverse	uot	0.25	2.0	R	I_SPATIAL	0.0025	0.00125	273	0.0007447106124795998	0.0008555671959307235	0.0007344604262477391	0.000945714432598746
HER2ST_manual_controlled	HER2ST_A1_CONTROLLED	within_section_controlled_combined	HER2ST::A	manual_truth_controlled	reverse	HER2ST_A1_CONTROLLED__reverse	uot	0.25	2.0	R	I_SPATIAL	0.00125	0.000625	273	0.0003721008373958448	0.0004274598626884553	0.0003669666597926404	0.0004724541973795259
HER2ST_manual_controlled	HER2ST_A1_CONTROLLED	within_section_controlled_combined	HER2ST::A	manual_truth_controlled	reverse	HER2ST_A1_CONTROLLED__reverse	uot	0.25	2.0	N	I_EXPR	0.02	0.01	273	0.004753104230826794	0.0056032926060175636	0.0047643898578451594	0.00634343553431111
HER2ST_manual_controlled	HER2ST_A1_CONTROLLED	within_section_controlled_combined	HER2ST::A	manual_truth_controlled	reverse	HER2ST_A1_CONTROLLED__reverse	uot	0.25	2.0	N	I_EXPR	0.01	0.005	273	0.002392329577131731	0.002818242235059342	0.0023964874465480747	0.003194165145113342
HER2ST_manual_controlled	HER2ST_A1_CONTROLLED	within_section_controlled_combined	HER2ST::A	manual_truth_controlled	reverse	HER2ST_A1_CONTROLLED__reverse	uot	0.25	2.0	N	I_EXPR	0.005	0.0025	273	0.001201461874560521	0.0014134088410392611	0.0012018518838864671	0.001602725885498273
HER2ST_manual_controlled	HER2ST_A1_CONTROLLED	within_section_controlled_combined	HER2ST::A	manual_truth_controlled	reverse	HER2ST_A1_CONTROLLED__reverse	uot	0.25	2.0	N	I_EXPR	0.0025	0.00125	273	0.0006012162821120449	0.0007077822669828399	0.0006018319764702682	0.0008027777038903614
HER2ST_manual_controlled	HER2ST_A1_CONTROLLED	within_section_controlled_combined	HER2ST::A	manual_truth_controlled	reverse	HER2ST_A1_CONTROLLED__reverse	uot	0.25	2.0	N	I_EXPR	0.00125	0.000625	273	0.0003007171027263563	0.0003541609355358871	0.00030114301463401305	0.0004017430339507683
HER2ST_manual_controlled	HER2ST_A1_CONTROLLED	within_section_controlled_combined	HER2ST::A	manual_truth_controlled	reverse	HER2ST_A1_CONTROLLED__reverse	uot	0.25	2.0	N	I_SPATIAL	0.02	0.01	273	0.004891575682919258	0.005741199019368809	0.004880921376174047	0.006524238050588885
HER2ST_manual_controlled	HER2ST_A1_CONTROLLED	within_section_controlled_combined	HER2ST::A	manual_truth_controlled	reverse	HER2ST_A1_CONTROLLED__reverse	uot	0.25	2.0	N	I_SPATIAL	0.01	0.005	273	0.002428148281327275	0.0028528148026306277	0.002425619414931058	0.0032393601868270436
HER2ST_manual_controlled	HER2ST_A1_CONTROLLED	within_section_controlled_combined	HER2ST::A	manual_truth_controlled	reverse	HER2ST_A1_CONTROLLED__reverse	uot	0.25	2.0	N	I_SPATIAL	0.005	0.0025	273	0.0012089999580374674	0.0014220534958595567	0.0012091339763366207	0.0016140212601626466
HER2ST_manual_controlled	HER2ST_A1_CONTROLLED	within_section_controlled_combined	HER2ST::A	manual_truth_controlled	reverse	HER2ST_A1_CONTROLLED__reverse	uot	0.25	2.0	N	I_SPATIAL	0.0025	0.00125	273	0.0006032388042323603	0.0007099434263084619	0.0006036524871606462	0.0008055997839332695
HER2ST_manual_controlled	HER2ST_A1_CONTROLLED	within_section_controlled_combined	HER2ST::A	manual_truth_controlled	reverse	HER2ST_A1_CONTROLLED__reverse	uot	0.25	2.0	N	I_SPATIAL	0.00125	0.000625	273	0.00030130502081933484	0.0003547012264158943	0.00030159812457166536	0.0004024476639253019
HER2ST_manual_controlled	HER2ST_A1_CONTROLLED	within_section_controlled_combined	HER2ST::A	manual_truth_controlled	reverse	HER2ST_A1_CONTROLLED__reverse	row_softmax	0.25		R	I_EXPR	0.02	0.01	273	0.000784893107745777	0.0009601011882890106	0.0008055341502834628	0.0042315005833096185
HER2ST_manual_controlled	HER2ST_A1_CONTROLLED	within_section_controlled_combined	HER2ST::A	manual_truth_controlled	reverse	HER2ST_A1_CONTROLLED__reverse	row_softmax	0.25		R	I_EXPR	0.01	0.005	273	0.00039214340486352635	0.0004799965150302777	0.00040270201190507296	0.0021231836559674044
HER2ST_manual_controlled	HER2ST_A1_CONTROLLED	within_section_controlled_combined	HER2ST::A	manual_truth_controlled	reverse	HER2ST_A1_CONTROLLED__reverse	row_softmax	0.25		R	I_EXPR	0.005	0.0025	273	0.00019608997096446734	0.00024009659917805835	0.0002013348836104274	0.001063446857663829
HER2ST_manual_controlled	HER2ST_A1_CONTROLLED	within_section_controlled_combined	HER2ST::A	manual_truth_controlled	reverse	HER2ST_A1_CONTROLLED__reverse	row_softmax	0.25		R	I_EXPR	0.0025	0.00125	273	9.804956466105058e-05	0.00012007291544345337	0.0001006634242457418	0.0005321870399272918
HER2ST_manual_controlled	HER2ST_A1_CONTROLLED	within_section_controlled_combined	HER2ST::A	manual_truth_controlled	reverse	HER2ST_A1_CONTROLLED__reverse	row_softmax	0.25		R	I_EXPR	0.00125	0.000625	273	4.9025930097480166e-05	6.004261720220609e-05	5.0330709857110885e-05	0.00026620947757606203
HER2ST_manual_controlled	HER2ST_A1_CONTROLLED	within_section_controlled_combined	HER2ST::A	manual_truth_controlled	reverse	HER2ST_A1_CONTROLLED__reverse	row_softmax	0.25		R	I_SPATIAL	0.02	0.01	273	0.0059249800354391645	0.006746128720888873	0.005674231776480869	0.006998120689225118
HER2ST_manual_controlled	HER2ST_A1_CONTROLLED	within_section_controlled_combined	HER2ST::A	manual_truth_controlled	reverse	HER2ST_A1_CONTROLLED__reverse	row_softmax	0.25		R	I_SPATIAL	0.01	0.005	273	0.0029465238413266333	0.003350929772274352	0.0028214949636731143	0.0034752952284773965
HER2ST_manual_controlled	HER2ST_A1_CONTROLLED	within_section_controlled_combined	HER2ST::A	manual_truth_controlled	reverse	HER2ST_A1_CONTROLLED__reverse	row_softmax	0.25		R	I_SPATIAL	0.005	0.0025	273	0.0014688329212743639	0.0016702139758251592	0.001406871394391709	0.0017317055318322686
HER2ST_manual_controlled	HER2ST_A1_CONTROLLED	within_section_controlled_combined	HER2ST::A	manual_truth_controlled	reverse	HER2ST_A1_CONTROLLED__reverse	row_softmax	0.25		R	I_SPATIAL	0.0025	0.00125	273	0.0007333144910978112	0.0008339086204628807	0.0007024712212038505	0.0008643964364572504
HER2ST_manual_controlled	HER2ST_A1_CONTROLLED	within_section_controlled_combined	HER2ST::A	manual_truth_controlled	reverse	HER2ST_A1_CONTROLLED__reverse	row_softmax	0.25		R	I_SPATIAL	0.00125	0.000625	273	0.0003663821868503891	0.0004166549437152211	0.0003509950366628894	0.000431834650233282
HER2ST_manual_controlled	HER2ST_A1_CONTROLLED	within_section_controlled_combined	HER2ST::A	manual_truth_controlled	reverse	HER2ST_A1_CONTROLLED__reverse	row_softmax	0.25		N	I_EXPR	0.02	0.01	273	0.005801124086122119	0.006610896713348739	0.005604310045380522	0.006970057005742155
HER2ST_manual_controlled	HER2ST_A1_CONTROLLED	within_section_controlled_combined	HER2ST::A	manual_truth_controlled	reverse	HER2ST_A1_CONTROLLED__reverse	row_softmax	0.25		N	I_EXPR	0.01	0.005	273	0.0029153902287444838	0.0033272779280226466	0.002817175203402016	0.0035065567798055024
HER2ST_manual_controlled	HER2ST_A1_CONTROLLED	within_section_controlled_combined	HER2ST::A	manual_truth_controlled	reverse	HER2ST_A1_CONTROLLED__reverse	row_softmax	0.25		N	I_EXPR	0.005	0.0025	273	0.0014614255813680814	0.0016687456345414987	0.0014123730265924513	0.0017587711943605972
HER2ST_manual_controlled	HER2ST_A1_CONTROLLED	within_section_controlled_combined	HER2ST::A	manual_truth_controlled	reverse	HER2ST_A1_CONTROLLED__reverse	row_softmax	0.25		N	I_EXPR	0.0025	0.00125	273	0.0007316474163733979	0.0008355908906823886	0.0007071366036444278	0.0008807735135719824
HER2ST_manual_controlled	HER2ST_A1_CONTROLLED	within_section_controlled_combined	HER2ST::A	manual_truth_controlled	reverse	HER2ST_A1_CONTROLLED__reverse	row_softmax	0.25		N	I_EXPR	0.00125	0.000625	273	0.0003660576163119832	0.00041810030268498696	0.0003538063408224703	0.0004407342611034639
HER2ST_manual_controlled	HER2ST_A1_CONTROLLED	within_section_controlled_combined	HER2ST::A	manual_truth_controlled	reverse	HER2ST_A1_CONTROLLED__reverse	row_softmax	0.25		N	I_SPATIAL	0.02	0.01	273	0.00592586659841542	0.006776280300823615	0.005726435233258764	0.007148486379506001
HER2ST_manual_controlled	HER2ST_A1_CONTROLLED	within_section_controlled_combined	HER2ST::A	manual_truth_controlled	reverse	HER2ST_A1_CONTROLLED__reverse	row_softmax	0.25		N	I_SPATIAL	0.01	0.005	273	0.002945362780792452	0.0033671229799394358	0.0028477027813522304	0.0035512683440790233
HER2ST_manual_controlled	HER2ST_A1_CONTROLLED	within_section_controlled_combined	HER2ST::A	manual_truth_controlled	reverse	HER2ST_A1_CONTROLLED__reverse	row_softmax	0.25		N	I_SPATIAL	0.005	0.0025	273	0.00146891869636754	0.0016785311813703552	0.001420005226008179	0.0017699687868879851
HER2ST_manual_controlled	HER2ST_A1_CONTROLLED	within_section_controlled_combined	HER2ST::A	manual_truth_controlled	reverse	HER2ST_A1_CONTROLLED__reverse	row_softmax	0.25		N	I_SPATIAL	0.0025	0.00125	273	0.0007335206943905042	0.0008380324483063114	0.0007090447847898572	0.0008835723844009383
HER2ST_manual_controlled	HER2ST_A1_CONTROLLED	within_section_controlled_combined	HER2ST::A	manual_truth_controlled	reverse	HER2ST_A1_CONTROLLED__reverse	row_softmax	0.25		N	I_SPATIAL	0.00125	0.000625	273	0.0003665259359644523	0.0004187106924362814	0.000354283386512712	0.00044143177095073554
HER2ST_manual_controlled	HER2ST_B1_CONTROLLED	within_section_controlled_combined	HER2ST::B	manual_truth_controlled	forward	HER2ST_B1_CONTROLLED	balanced_ot	0.25		R	I_EXPR	0.02	0.01	269	0.0005339326618261131	0.002354187032477751	0.0009449955069758677	0.003439895758914471
HER2ST_manual_controlled	HER2ST_B1_CONTROLLED	within_section_controlled_combined	HER2ST::B	manual_truth_controlled	forward	HER2ST_B1_CONTROLLED	balanced_ot	0.25		R	I_EXPR	0.01	0.005	269	0.00026728339991339113	0.0011795393025533483	0.00047337923112109634	0.0017224575620201545
HER2ST_manual_controlled	HER2ST_B1_CONTROLLED	within_section_controlled_combined	HER2ST::B	manual_truth_controlled	forward	HER2ST_B1_CONTROLLED	balanced_ot	0.25		R	I_EXPR	0.005	0.0025	269	0.0001337210836571899	0.0005903815110136404	0.00023691034972034853	0.0008618544983313086
HER2ST_manual_controlled	HER2ST_B1_CONTROLLED	within_section_controlled_combined	HER2ST::B	manual_truth_controlled	forward	HER2ST_B1_CONTROLLED	balanced_ot	0.25		R	I_EXPR	0.0025	0.00125	269	6.688040756458071e-05	0.0002953437739560984	0.00011851039963749323	0.0004310834668234051
HER2ST_manual_controlled	HER2ST_B1_CONTROLLED	within_section_controlled_combined	HER2ST::B	manual_truth_controlled	forward	HER2ST_B1_CONTROLLED	balanced_ot	0.25		R	I_EXPR	0.00125	0.000625	269	3.344516497778588e-05	0.00014771014883432847	5.926900792584161e-05	0.0002155807668528921
HER2ST_manual_controlled	HER2ST_B1_CONTROLLED	within_section_controlled_combined	HER2ST::B	manual_truth_controlled	forward	HER2ST_B1_CONTROLLED	balanced_ot	0.25		R	I_SPATIAL	0.02	0.01	269	0.006088196287494371	0.007510437495841402	0.005987775379382904	0.008066000662284354
HER2ST_manual_controlled	HER2ST_B1_CONTROLLED	within_section_controlled_combined	HER2ST::B	manual_truth_controlled	forward	HER2ST_B1_CONTROLLED	balanced_ot	0.25		R	I_SPATIAL	0.01	0.005	269	0.0030263627447902177	0.0037269233634557477	0.0029758169898288097	0.003995999791830345
HER2ST_manual_controlled	HER2ST_B1_CONTROLLED	within_section_controlled_combined	HER2ST::B	manual_truth_controlled	forward	HER2ST_B1_CONTROLLED	balanced_ot	0.25		R	I_SPATIAL	0.005	0.0025	269	0.0015081904245712382	0.0018564867640074175	0.0014834250098538406	0.0019898563230875094
HER2ST_manual_controlled	HER2ST_B1_CONTROLLED	within_section_controlled_combined	HER2ST::B	manual_truth_controlled	forward	HER2ST_B1_CONTROLLED	balanced_ot	0.25		R	I_SPATIAL	0.0025	0.00125	269	0.0007529819262109444	0.0009265049259850334	0.0007405959783450636	0.000992898886737963
HER2ST_manual_controlled	HER2ST_B1_CONTROLLED	within_section_controlled_combined	HER2ST::B	manual_truth_controlled	forward	HER2ST_B1_CONTROLLED	balanced_ot	0.25		R	I_SPATIAL	0.00125	0.000625	269	0.0003762178361428286	0.00046281851268368466	0.00037001951076565603	0.0004959429527615817
HER2ST_manual_controlled	HER2ST_B1_CONTROLLED	within_section_controlled_combined	HER2ST::B	manual_truth_controlled	forward	HER2ST_B1_CONTROLLED	balanced_ot	0.25		N	I_EXPR	0.02	0.01	269	0.00578239864421358	0.007086076463913533	0.005700257294911403	0.007735968966346364
HER2ST_manual_controlled	HER2ST_B1_CONTROLLED	within_section_controlled_combined	HER2ST::B	manual_truth_controlled	forward	HER2ST_B1_CONTROLLED	balanced_ot	0.25		N	I_EXPR	0.01	0.005	269	0.0029079409412015615	0.0035691620120998817	0.0028672019444808774	0.0038995635530625285
HER2ST_manual_controlled	HER2ST_B1_CONTROLLED	within_section_controlled_combined	HER2ST::B	manual_truth_controlled	forward	HER2ST_B1_CONTROLLED	balanced_ot	0.25		N	I_EXPR	0.005	0.0025	269	0.0014581689623821591	0.001791225529651291	0.0014379078499584185	0.001957729445004408
HER2ST_manual_controlled	HER2ST_B1_CONTROLLED	within_section_controlled_combined	HER2ST::B	manual_truth_controlled	forward	HER2ST_B1_CONTROLLED	balanced_ot	0.25		N	I_EXPR	0.0025	0.00125	269	0.0007301357110959082	0.000897285051972376	0.000720034708637238	0.0009808582422089801
HER2ST_manual_controlled	HER2ST_B1_CONTROLLED	within_section_controlled_combined	HER2ST::B	manual_truth_controlled	forward	HER2ST_B1_CONTROLLED	balanced_ot	0.25		N	I_EXPR	0.00125	0.000625	269	0.0003653308620425666	0.0004490714899885375	0.00036028819716283413	0.0004909283278440031
HER2ST_manual_controlled	HER2ST_B1_CONTROLLED	within_section_controlled_combined	HER2ST::B	manual_truth_controlled	forward	HER2ST_B1_CONTROLLED	balanced_ot	0.25		N	I_SPATIAL	0.02	0.01	269	0.0059177444344138755	0.007304074350882611	0.00583911392772699	0.007991978953047905
HER2ST_manual_controlled	HER2ST_B1_CONTROLLED	within_section_controlled_combined	HER2ST::B	manual_truth_controlled	forward	HER2ST_B1_CONTROLLED	balanced_ot	0.25		N	I_SPATIAL	0.01	0.005	269	0.0029424315227638167	0.0036241151219119664	0.002901925169366553	0.003963566962762053
HER2ST_manual_controlled	HER2ST_B1_CONTROLLED	within_section_controlled_combined	HER2ST::B	manual_truth_controlled	forward	HER2ST_B1_CONTROLLED	balanced_ot	0.25		N	I_SPATIAL	0.005	0.0025	269	0.0014671110200493369	0.0018050023665351805	0.0014465887814589283	0.0019737303550634087
HER2ST_manual_controlled	HER2ST_B1_CONTROLLED	within_section_controlled_combined	HER2ST::B	manual_truth_controlled	forward	HER2ST_B1_CONTROLLED	balanced_ot	0.25		N	I_SPATIAL	0.0025	0.00125	269	0.0007325300482344839	0.0009007449112834806	0.0007222051680575292	0.0009848584743190137
HER2ST_manual_controlled	HER2ST_B1_CONTROLLED	within_section_controlled_combined	HER2ST::B	manual_truth_controlled	forward	HER2ST_B1_CONTROLLED	balanced_ot	0.25		N	I_SPATIAL	0.00125	0.000625	269	0.0003660002943583925	0.0004499365550053953	0.000360830815198869	0.0004919283814659415
HER2ST_manual_controlled	HER2ST_B1_CONTROLLED	within_section_controlled_combined	HER2ST::B	manual_truth_controlled	forward	HER2ST_B1_CONTROLLED	uot	0.25	2.0	R	I_EXPR	0.02	0.01	269	0.0005690011148099741	0.0009634918856571152	0.0006502516373256941	0.0012978693607322363
HER2ST_manual_controlled	HER2ST_B1_CONTROLLED	within_section_controlled_combined	HER2ST::B	manual_truth_controlled	forward	HER2ST_B1_CONTROLLED	uot	0.25	2.0	R	I_EXPR	0.01	0.005	269	0.0002844431895092747	0.00048207291920592866	0.00032513522361662256	0.0006496463891133889
HER2ST_manual_controlled	HER2ST_B1_CONTROLLED	within_section_controlled_combined	HER2ST::B	manual_truth_controlled	forward	HER2ST_B1_CONTROLLED	uot	0.25	2.0	R	I_EXPR	0.005	0.0025	269	0.00014220728573531861	0.00024111836464620905	0.00016257000518141683	0.0003250010547534473
HER2ST_manual_controlled	HER2ST_B1_CONTROLLED	within_section_controlled_combined	HER2ST::B	manual_truth_controlled	forward	HER2ST_B1_CONTROLLED	uot	0.25	2.0	R	I_EXPR	0.0025	0.00125	269	7.110006878095919e-05	0.00012057967911641057	8.128560489624359e-05	0.00016254498381143052
HER2ST_manual_controlled	HER2ST_B1_CONTROLLED	within_section_controlled_combined	HER2ST::B	manual_truth_controlled	forward	HER2ST_B1_CONTROLLED	uot	0.25	2.0	R	I_EXPR	0.00125	0.000625	269	3.554914067587897e-05	6.029496723845574e-05	4.064295336996787e-05	8.128360534826126e-05
HER2ST_manual_controlled	HER2ST_B1_CONTROLLED	within_section_controlled_combined	HER2ST::B	manual_truth_controlled	forward	HER2ST_B1_CONTROLLED	uot	0.25	2.0	R	I_SPATIAL	0.02	0.01	269	0.00635496934242504	0.008523986839994786	0.006356888490849599	0.009968853252149601
HER2ST_manual_controlled	HER2ST_B1_CONTROLLED	within_section_controlled_combined	HER2ST::B	manual_truth_controlled	forward	HER2ST_B1_CONTROLLED	uot	0.25	2.0	R	I_SPATIAL	0.01	0.005	269	0.003153941981286183	0.0042264800900215505	0.0031594366079625955	0.004948115501904269
HER2ST_manual_controlled	HER2ST_B1_CONTROLLED	within_section_controlled_combined	HER2ST::B	manual_truth_controlled	forward	HER2ST_B1_CONTROLLED	uot	0.25	2.0	R	I_SPATIAL	0.005	0.0025	269	0.0015720555016118228	0.0021045364035810095	0.001575007618038053	0.002465061311936004
HER2ST_manual_controlled	HER2ST_B1_CONTROLLED	within_section_controlled_combined	HER2ST::B	manual_truth_controlled	forward	HER2ST_B1_CONTROLLED	uot	0.25	2.0	R	I_SPATIAL	0.0025	0.00125	269	0.0007846466545370669	0.0010501361925816294	0.00078633123993768	0.0012303529012278114
HER2ST_manual_controlled	HER2ST_B1_CONTROLLED	within_section_controlled_combined	HER2ST::B	manual_truth_controlled	forward	HER2ST_B1_CONTROLLED	uot	0.25	2.0	R	I_SPATIAL	0.00125	0.000625	269	0.0003919785599826076	0.0005245367731562219	0.00039287305085094305	0.0006146381497295268
HER2ST_manual_controlled	HER2ST_B1_CONTROLLED	within_section_controlled_combined	HER2ST::B	manual_truth_controlled	forward	HER2ST_B1_CONTROLLED	uot	0.25	2.0	N	I_EXPR	0.02	0.01	269	0.00477012785793341	0.007185317899762912	0.005107792086922825	0.008595625591233887
HER2ST_manual_controlled	HER2ST_B1_CONTROLLED	within_section_controlled_combined	HER2ST::B	manual_truth_controlled	forward	HER2ST_B1_CONTROLLED	uot	0.25	2.0	N	I_EXPR	0.01	0.005	269	0.002401811269860759	0.003621530618763404	0.002569460863453031	0.0043295877485672535
HER2ST_manual_controlled	HER2ST_B1_CONTROLLED	within_section_controlled_combined	HER2ST::B	manual_truth_controlled	forward	HER2ST_B1_CONTROLLED	uot	0.25	2.0	N	I_EXPR	0.005	0.0025	269	0.0012052600773426654	0.0018180376945778716	0.0012886527611180615	0.0021728077987262584
HER2ST_manual_controlled	HER2ST_B1_CONTROLLED	within_section_controlled_combined	HER2ST::B	manual_truth_controlled	forward	HER2ST_B1_CONTROLLED	uot	0.25	2.0	N	I_EXPR	0.0025	0.00125	269	0.0006037018085513352	0.0009108437703797253	0.000645310594890608	0.0010884162679333875
HER2ST_manual_controlled	HER2ST_B1_CONTROLLED	within_section_controlled_combined	HER2ST::B	manual_truth_controlled	forward	HER2ST_B1_CONTROLLED	uot	0.25	2.0	N	I_EXPR	0.00125	0.000625	269	0.0003021194471408165	0.00045587896939457606	0.0003229018479999009	0.0005447123443736066
HER2ST_manual_controlled	HER2ST_B1_CONTROLLED	within_section_controlled_combined	HER2ST::B	manual_truth_controlled	forward	HER2ST_B1_CONTROLLED	uot	0.25	2.0	N	I_SPATIAL	0.02	0.01	269	0.004910726236352685	0.007420680947833084	0.005234428629530166	0.008854402107247477
HER2ST_manual_controlled	HER2ST_B1_CONTROLLED	within_section_controlled_combined	HER2ST::B	manual_truth_controlled	forward	HER2ST_B1_CONTROLLED	uot	0.25	2.0	N	I_SPATIAL	0.01	0.005	269	0.002436508421304073	0.0036801473271218027	0.0026011121431985577	0.004394273290728066
HER2ST_manual_controlled	HER2ST_B1_CONTROLLED	within_section_controlled_combined	HER2ST::B	manual_truth_controlled	forward	HER2ST_B1_CONTROLLED	uot	0.25	2.0	N	I_SPATIAL	0.005	0.0025	269	0.0012138726674441513	0.0018326917993119556	0.0012965632415096935	0.00218897864715083
HER2ST_manual_controlled	HER2ST_B1_CONTROLLED	within_section_controlled_combined	HER2ST::B	manual_truth_controlled	forward	HER2ST_B1_CONTROLLED	uot	0.25	2.0	N	I_SPATIAL	0.0025	0.00125	269	0.0006058549463347928	0.0009145072921399256	0.0006472878838404148	0.0010924589467695507
HER2ST_manual_controlled	HER2ST_B1_CONTROLLED	within_section_controlled_combined	HER2ST::B	manual_truth_controlled	forward	HER2ST_B1_CONTROLLED	uot	0.25	2.0	N	I_SPATIAL	0.00125	0.000625	269	0.0003026577294098	0.0004567948497315386	0.00032339617496022534	0.0005457230114511486
HER2ST_manual_controlled	HER2ST_B1_CONTROLLED	within_section_controlled_combined	HER2ST::B	manual_truth_controlled	forward	HER2ST_B1_CONTROLLED	row_softmax	0.25		R	I_EXPR	0.02	0.01	269	0.0009541568571567863	0.0015284419405937539	0.0010424329733010006	0.002592779985714003
HER2ST_manual_controlled	HER2ST_B1_CONTROLLED	within_section_controlled_combined	HER2ST::B	manual_truth_controlled	forward	HER2ST_B1_CONTROLLED	row_softmax	0.25		R	I_EXPR	0.01	0.005	269	0.00047699565394161735	0.0007656732120160881	0.000521512470455766	0.0012991156659057721
HER2ST_manual_controlled	HER2ST_B1_CONTROLLED	within_section_controlled_combined	HER2ST::B	manual_truth_controlled	forward	HER2ST_B1_CONTROLLED	row_softmax	0.25		R	I_EXPR	0.005	0.0025	269	0.0002384770158747965	0.00038320032854614807	0.0002608303896338927	0.0006502399777059107
HER2ST_manual_controlled	HER2ST_B1_CONTROLLED	within_section_controlled_combined	HER2ST::B	manual_truth_controlled	forward	HER2ST_B1_CONTROLLED	row_softmax	0.25		R	I_EXPR	0.0025	0.00125	269	0.00011923329101084064	0.0001916911785555021	0.0001304337661762351	0.00032529061297693304
HER2ST_manual_controlled	HER2ST_B1_CONTROLLED	within_section_controlled_combined	HER2ST::B	manual_truth_controlled	forward	HER2ST_B1_CONTROLLED	row_softmax	0.25		R	I_EXPR	0.00125	0.000625	269	5.961533910395789e-05	9.586835692357564e-05	6.522152782769426e-05	0.0001626879777157785
HER2ST_manual_controlled	HER2ST_B1_CONTROLLED	within_section_controlled_combined	HER2ST::B	manual_truth_controlled	forward	HER2ST_B1_CONTROLLED	row_softmax	0.25		R	I_SPATIAL	0.02	0.01	269	0.0058473146676062794	0.007082304539589282	0.005664501102693358	0.008054304647121398
HER2ST_manual_controlled	HER2ST_B1_CONTROLLED	within_section_controlled_combined	HER2ST::B	manual_truth_controlled	forward	HER2ST_B1_CONTROLLED	row_softmax	0.25		R	I_SPATIAL	0.01	0.005	269	0.0029088963713627255	0.0035151228073071463	0.002817253772737776	0.003999590285680365
HER2ST_manual_controlled	HER2ST_B1_CONTROLLED	within_section_controlled_combined	HER2ST::B	manual_truth_controlled	forward	HER2ST_B1_CONTROLLED	row_softmax	0.25		R	I_SPATIAL	0.005	0.0025	269	0.0014507663938157197	0.0017513124867260638	0.0014049051273750774	0.0019929334324907955
HER2ST_manual_controlled	HER2ST_B1_CONTROLLED	within_section_controlled_combined	HER2ST::B	manual_truth_controlled	forward	HER2ST_B1_CONTROLLED	row_softmax	0.25		R	I_SPATIAL	0.0025	0.00125	269	0.0007244638263958553	0.0008741715522253037	0.0007015250654407418	0.0009947549147431166
HER2ST_manual_controlled	HER2ST_B1_CONTROLLED	within_section_controlled_combined	HER2ST::B	manual_truth_controlled	forward	HER2ST_B1_CONTROLLED	row_softmax	0.25		R	I_SPATIAL	0.00125	0.000625	269	0.0003620022071670825	0.0004367151946570646	0.0003505310643228697	0.0004969499620291693
HER2ST_manual_controlled	HER2ST_B1_CONTROLLED	within_section_controlled_combined	HER2ST::B	manual_truth_controlled	forward	HER2ST_B1_CONTROLLED	row_softmax	0.25		N	I_EXPR	0.02	0.01	269	0.005623795700148605	0.006922367499165492	0.005512187613385563	0.007931587428993407
HER2ST_manual_controlled	HER2ST_B1_CONTROLLED	within_section_controlled_combined	HER2ST::B	manual_truth_controlled	forward	HER2ST_B1_CONTROLLED	row_softmax	0.25		N	I_EXPR	0.01	0.005	269	0.0028248337418037344	0.0034854854378671136	0.002770315907233804	0.00399086992394469
HER2ST_manual_controlled	HER2ST_B1_CONTROLLED	within_section_controlled_combined	HER2ST::B	manual_truth_controlled	forward	HER2ST_B1_CONTROLLED	row_softmax	0.25		N	I_EXPR	0.005	0.0025	269	0.001415703866496199	0.0017488732101868937	0.0013887384770536427	0.0020017261550888356
HER2ST_manual_controlled	HER2ST_B1_CONTROLLED	within_section_controlled_combined	HER2ST::B	manual_truth_controlled	forward	HER2ST_B1_CONTROLLED	row_softmax	0.25		N	I_EXPR	0.0025	0.00125	269	0.0007086154558123682	0.0008759737598539126	0.0006952673953696916	0.0010024386194555082
HER2ST_manual_controlled	HER2ST_B1_CONTROLLED	within_section_controlled_combined	HER2ST::B	manual_truth_controlled	forward	HER2ST_B1_CONTROLLED	row_softmax	0.25		N	I_EXPR	0.00125	0.000625	269	0.00035449860458864317	0.00043837173505447086	0.0003478585274385325	0.0005016135363858479
HER2ST_manual_controlled	HER2ST_B1_CONTROLLED	within_section_controlled_combined	HER2ST::B	manual_truth_controlled	forward	HER2ST_B1_CONTROLLED	row_softmax	0.25		N	I_SPATIAL	0.02	0.01	269	0.0057257420342600954	0.007124509545421979	0.0056275160126416195	0.008133595829642366
HER2ST_manual_controlled	HER2ST_B1_CONTROLLED	within_section_controlled_combined	HER2ST::B	manual_truth_controlled	forward	HER2ST_B1_CONTROLLED	row_softmax	0.25		N	I_SPATIAL	0.01	0.005	269	0.002850127288987407	0.0035352943862863944	0.0027991474299470303	0.004041373897760058
HER2ST_manual_controlled	HER2ST_B1_CONTROLLED	within_section_controlled_combined	HER2ST::B	manual_truth_controlled	forward	HER2ST_B1_CONTROLLED	row_softmax	0.25		N	I_SPATIAL	0.005	0.0025	269	0.0014218783989470459	0.0017612314480686285	0.001395945771141255	0.002014352265675958
HER2ST_manual_controlled	HER2ST_B1_CONTROLLED	within_section_controlled_combined	HER2ST::B	manual_truth_controlled	forward	HER2ST_B1_CONTROLLED	row_softmax	0.25		N	I_SPATIAL	0.0025	0.00125	269	0.0007101603239130556	0.0008790622975551371	0.0006970687217269898	0.0010055951543836976
HER2ST_manual_controlled	HER2ST_B1_CONTROLLED	within_section_controlled_combined	HER2ST::B	manual_truth_controlled	forward	HER2ST_B1_CONTROLLED	row_softmax	0.25		N	I_SPATIAL	0.00125	0.000625	269	0.00035488544226261297	0.0004391433651550588	0.0003483088481604343	0.0005024026704946628
HER2ST_manual_controlled	HER2ST_B1_CONTROLLED	within_section_controlled_combined	HER2ST::B	manual_truth_controlled	reverse	HER2ST_B1_CONTROLLED__reverse	balanced_ot	0.25		R	I_EXPR	0.02	0.01	215	0.0005871058042374207	0.002394479017440601	0.0010330095168939678	0.0032304275342254084
HER2ST_manual_controlled	HER2ST_B1_CONTROLLED	within_section_controlled_combined	HER2ST::B	manual_truth_controlled	reverse	HER2ST_B1_CONTROLLED__reverse	balanced_ot	0.25		R	I_EXPR	0.01	0.005	215	0.0002938119262877656	0.0012000271024965722	0.0005174844938580017	0.0016184367889641056
HER2ST_manual_controlled	HER2ST_B1_CONTROLLED	within_section_controlled_combined	HER2ST::B	manual_truth_controlled	reverse	HER2ST_B1_CONTROLLED__reverse	balanced_ot	0.25		R	I_EXPR	0.005	0.0025	215	0.0001469707782687626	0.000600711152348812	0.00025898755334014006	0.0008100235267328789
HER2ST_manual_controlled	HER2ST_B1_CONTROLLED	within_section_controlled_combined	HER2ST::B	manual_truth_controlled	reverse	HER2ST_B1_CONTROLLED__reverse	balanced_ot	0.25		R	I_EXPR	0.0025	0.00125	215	7.350156950854034e-05	0.0003005299584118478	0.00012955514487235923	0.00040521296168356683
HER2ST_manual_controlled	HER2ST_B1_CONTROLLED	within_section_controlled_combined	HER2ST::B	manual_truth_controlled	reverse	HER2ST_B1_CONTROLLED__reverse	balanced_ot	0.25		R	I_EXPR	0.00125	0.000625	215	3.6754870625382315e-05	0.0001503085768325455	6.479291828520754e-05	0.0002026567783284873
HER2ST_manual_controlled	HER2ST_B1_CONTROLLED	within_section_controlled_combined	HER2ST::B	manual_truth_controlled	reverse	HER2ST_B1_CONTROLLED__reverse	balanced_ot	0.25		R	I_SPATIAL	0.02	0.01	215	0.006016055841490556	0.007598592465134036	0.005995619219457429	0.007925719458515543
HER2ST_manual_controlled	HER2ST_B1_CONTROLLED	within_section_controlled_combined	HER2ST::B	manual_truth_controlled	reverse	HER2ST_B1_CONTROLLED__reverse	balanced_ot	0.25		R	I_SPATIAL	0.01	0.005	215	0.0029923560655417537	0.0037710216111010468	0.0029797854931563504	0.003930196276899975
HER2ST_manual_controlled	HER2ST_B1_CONTROLLED	within_section_controlled_combined	HER2ST::B	manual_truth_controlled	reverse	HER2ST_B1_CONTROLLED__reverse	balanced_ot	0.25		R	I_SPATIAL	0.005	0.0025	215	0.0014916386334585907	0.001878490952054447	0.0014854208455570262	0.0019570028435554536
HER2ST_manual_controlled	HER2ST_B1_CONTROLLED	within_section_controlled_combined	HER2ST::B	manual_truth_controlled	reverse	HER2ST_B1_CONTROLLED__reverse	balanced_ot	0.25		R	I_SPATIAL	0.0025	0.00125	215	0.0007445313347400245	0.0009374179581901116	0.000741596759401588	0.0009764863771089427
HER2ST_manual_controlled	HER2ST_B1_CONTROLLED	within_section_controlled_combined	HER2ST::B	manual_truth_controlled	reverse	HER2ST_B1_CONTROLLED__reverse	balanced_ot	0.25		R	I_SPATIAL	0.00125	0.000625	215	0.0003719441564794912	0.00046825045932690705	0.00037052061843295437	0.0004877405278542919
HER2ST_manual_controlled	HER2ST_B1_CONTROLLED	within_section_controlled_combined	HER2ST::B	manual_truth_controlled	reverse	HER2ST_B1_CONTROLLED__reverse	balanced_ot	0.25		N	I_EXPR	0.02	0.01	215	0.005752286357644174	0.007175163162606425	0.005703399751428369	0.007560649662660739
HER2ST_manual_controlled	HER2ST_B1_CONTROLLED	within_section_controlled_combined	HER2ST::B	manual_truth_controlled	reverse	HER2ST_B1_CONTROLLED__reverse	balanced_ot	0.25		N	I_EXPR	0.01	0.005	215	0.0028950737090827757	0.00361849367075503	0.002868675970781481	0.003808809542085139
HER2ST_manual_controlled	HER2ST_B1_CONTROLLED	within_section_controlled_combined	HER2ST::B	manual_truth_controlled	reverse	HER2ST_B1_CONTROLLED__reverse	balanced_ot	0.25		N	I_EXPR	0.005	0.0025	215	0.0014522939764454019	0.0018167877548646318	0.0014386195890739235	0.001911578204401044
HER2ST_manual_controlled	HER2ST_B1_CONTROLLED	within_section_controlled_combined	HER2ST::B	manual_truth_controlled	reverse	HER2ST_B1_CONTROLLED__reverse	balanced_ot	0.25		N	I_EXPR	0.0025	0.00125	215	0.0007273393208315964	0.0009101708618000677	0.000720384202406777	0.0009575890020509299
HER2ST_manual_controlled	HER2ST_B1_CONTROLLED	within_section_controlled_combined	HER2ST::B	manual_truth_controlled	reverse	HER2ST_B1_CONTROLLED__reverse	balanced_ot	0.25		N	I_EXPR	0.00125	0.000625	215	0.0003639681272991612	0.00045553059327428885	0.00036046134660271914	0.0004792452931639109
HER2ST_manual_controlled	HER2ST_B1_CONTROLLED	within_section_controlled_combined	HER2ST::B	manual_truth_controlled	reverse	HER2ST_B1_CONTROLLED__reverse	balanced_ot	0.25		N	I_SPATIAL	0.02	0.01	215	0.005893169567255284	0.00741175114021647	0.00584143132833213	0.007791059199699621
HER2ST_manual_controlled	HER2ST_B1_CONTROLLED	within_section_controlled_combined	HER2ST::B	manual_truth_controlled	reverse	HER2ST_B1_CONTROLLED__reverse	balanced_ot	0.25		N	I_SPATIAL	0.01	0.005	215	0.002933436465280985	0.0036765173457458653	0.002903192452116895	0.0038664189355497054
HER2ST_manual_controlled	HER2ST_B1_CONTROLLED	within_section_controlled_combined	HER2ST::B	manual_truth_controlled	reverse	HER2ST_B1_CONTROLLED__reverse	balanced_ot	0.25		N	I_SPATIAL	0.005	0.0025	215	0.0014618864888551746	0.0018310623992127907	0.001447248946006434	0.0019259836031962996
HER2ST_manual_controlled	HER2ST_B1_CONTROLLED	within_section_controlled_combined	HER2ST::B	manual_truth_controlled	reverse	HER2ST_B1_CONTROLLED__reverse	balanced_ot	0.25		N	I_SPATIAL	0.0025	0.00125	215	0.0007297383475061253	0.0009137395137046433	0.0007225417462004756	0.0009611918069359834
HER2ST_manual_controlled	HER2ST_B1_CONTROLLED	within_section_controlled_combined	HER2ST::B	manual_truth_controlled	reverse	HER2ST_B1_CONTROLLED__reverse	balanced_ot	0.25		N	I_SPATIAL	0.00125	0.000625	215	0.00036456833267664053	0.0004564227563479493	0.00036100073712266287	0.0004801467134661009
HER2ST_manual_controlled	HER2ST_B1_CONTROLLED	within_section_controlled_combined	HER2ST::B	manual_truth_controlled	reverse	HER2ST_B1_CONTROLLED__reverse	uot	0.25	2.0	R	I_EXPR	0.02	0.01	215	0.0005838058213180867	0.0009282141283528741	0.0006606218747963364	0.0011993949888553007
HER2ST_manual_controlled	HER2ST_B1_CONTROLLED	within_section_controlled_combined	HER2ST::B	manual_truth_controlled	reverse	HER2ST_B1_CONTROLLED__reverse	uot	0.25	2.0	R	I_EXPR	0.01	0.005	215	0.0002918387965152612	0.00046448099414707366	0.00033033400861478586	0.0006000914829118888
HER2ST_manual_controlled	HER2ST_B1_CONTROLLED	within_section_controlled_combined	HER2ST::B	manual_truth_controlled	reverse	HER2ST_B1_CONTROLLED__reverse	uot	0.25	2.0	R	I_EXPR	0.005	0.0025	215	0.0001459033872365496	0.00023233398458615876	0.00016517282209249388	0.00030014385322388684
HER2ST_manual_controlled	HER2ST_B1_CONTROLLED	within_section_controlled_combined	HER2ST::B	manual_truth_controlled	reverse	HER2ST_B1_CONTROLLED__reverse	uot	0.25	2.0	R	I_EXPR	0.0025	0.00125	215	7.294769520699242e-05	0.00011619036395412233	8.258787026424253e-05	0.00015009640591541031
HER2ST_manual_controlled	HER2ST_B1_CONTROLLED	within_section_controlled_combined	HER2ST::B	manual_truth_controlled	reverse	HER2ST_B1_CONTROLLED__reverse	uot	0.25	2.0	R	I_EXPR	0.00125	0.000625	215	3.647284556598275e-05	5.8101024891322766e-05	4.129430030640793e-05	7.505431655406843e-05
HER2ST_manual_controlled	HER2ST_B1_CONTROLLED	within_section_controlled_combined	HER2ST::B	manual_truth_controlled	reverse	HER2ST_B1_CONTROLLED__reverse	uot	0.25	2.0	R	I_SPATIAL	0.02	0.01	215	0.006361314855738119	0.007920737146737673	0.006338076636843158	0.008499116977736233
HER2ST_manual_controlled	HER2ST_B1_CONTROLLED	within_section_controlled_combined	HER2ST::B	manual_truth_controlled	reverse	HER2ST_B1_CONTROLLED__reverse	uot	0.25	2.0	R	I_SPATIAL	0.01	0.005	215	0.0031631806342924504	0.003934212468579831	0.003150206925689447	0.00421813339779117
HER2ST_manual_controlled	HER2ST_B1_CONTROLLED	within_section_controlled_combined	HER2ST::B	manual_truth_controlled	reverse	HER2ST_B1_CONTROLLED__reverse	uot	0.25	2.0	R	I_SPATIAL	0.005	0.0025	215	0.0015781977402839337	0.0019606029345889823	0.0015704356687637707	0.0021012600812108212
HER2ST_manual_controlled	HER2ST_B1_CONTROLLED	within_section_controlled_combined	HER2ST::B	manual_truth_controlled	reverse	HER2ST_B1_CONTROLLED__reverse	uot	0.25	2.0	R	I_SPATIAL	0.0025	0.00125	215	0.0007882565134167519	0.0009786801149304504	0.0007840558984224004	0.0010486845935092624
HER2ST_manual_controlled	HER2ST_B1_CONTROLLED	within_section_controlled_combined	HER2ST::B	manual_truth_controlled	reverse	HER2ST_B1_CONTROLLED__reverse	uot	0.25	2.0	R	I_SPATIAL	0.00125	0.000625	215	0.00039391776015987095	0.0004889352789722322	0.00039173801820555076	0.0005238567110075452
HER2ST_manual_controlled	HER2ST_B1_CONTROLLED	within_section_controlled_combined	HER2ST::B	manual_truth_controlled	reverse	HER2ST_B1_CONTROLLED__reverse	uot	0.25	2.0	N	I_EXPR	0.02	0.01	215	0.005066461320208592	0.006325192610202977	0.005086526562431804	0.007129321355839284
HER2ST_manual_controlled	HER2ST_B1_CONTROLLED	within_section_controlled_combined	HER2ST::B	manual_truth_controlled	reverse	HER2ST_B1_CONTROLLED__reverse	uot	0.25	2.0	N	I_EXPR	0.01	0.005	215	0.0025458951302194614	0.003184386618276588	0.002558698799495415	0.0035956625704206733
HER2ST_manual_controlled	HER2ST_B1_CONTROLLED	within_section_controlled_combined	HER2ST::B	manual_truth_controlled	reverse	HER2ST_B1_CONTROLLED__reverse	uot	0.25	2.0	N	I_EXPR	0.005	0.0025	215	0.0012761201417340242	0.001597683384614972	0.0012832381804979331	0.0018057520235776102
HER2ST_manual_controlled	HER2ST_B1_CONTROLLED	within_section_controlled_combined	HER2ST::B	manual_truth_controlled	reverse	HER2ST_B1_CONTROLLED__reverse	uot	0.25	2.0	N	I_EXPR	0.0025	0.00125	215	0.0006388532920906886	0.000800235693111402	0.0006425948506189197	0.0009048648692078084
HER2ST_manual_controlled	HER2ST_B1_CONTROLLED	within_section_controlled_combined	HER2ST::B	manual_truth_controlled	reverse	HER2ST_B1_CONTROLLED__reverse	uot	0.25	2.0	N	I_EXPR	0.00125	0.000625	215	0.0003196249583180228	0.0004004711439326426	0.00032154184714458083	0.00045293073610165667
HER2ST_manual_controlled	HER2ST_B1_CONTROLLED	within_section_controlled_combined	HER2ST::B	manual_truth_controlled	reverse	HER2ST_B1_CONTROLLED__reverse	uot	0.25	2.0	N	I_SPATIAL	0.02	0.01	215	0.005173474804124015	0.006504555047521348	0.005212063512267054	0.007384220998372276
HER2ST_manual_controlled	HER2ST_B1_CONTROLLED	within_section_controlled_combined	HER2ST::B	manual_truth_controlled	reverse	HER2ST_B1_CONTROLLED__reverse	uot	0.25	2.0	N	I_SPATIAL	0.01	0.005	215	0.0025712787737646064	0.0032293287371527738	0.002590075907445829	0.003659586081540868
HER2ST_manual_controlled	HER2ST_B1_CONTROLLED	within_section_controlled_combined	HER2ST::B	manual_truth_controlled	reverse	HER2ST_B1_CONTROLLED__reverse	uot	0.25	2.0	N	I_SPATIAL	0.005	0.0025	215	0.0012824662444248648	0.0016089674946010092	0.0012910803394685603	0.001821732646525386
HER2ST_manual_controlled	HER2ST_B1_CONTROLLED	within_section_controlled_combined	HER2ST::B	manual_truth_controlled	reverse	HER2ST_B1_CONTROLLED__reverse	uot	0.25	2.0	N	I_SPATIAL	0.0025	0.00125	215	0.0006404398298406341	0.0008030654700450613	0.0006445550205213679	0.0009088600090240909
HER2ST_manual_controlled	HER2ST_B1_CONTROLLED	within_section_controlled_combined	HER2ST::B	manual_truth_controlled	reverse	HER2ST_B1_CONTROLLED__reverse	uot	0.25	2.0	N	I_SPATIAL	0.00125	0.000625	215	0.00032002159358068355	0.0004011785891758829	0.00032203188582548455	0.0004539295210121858
HER2ST_manual_controlled	HER2ST_B1_CONTROLLED	within_section_controlled_combined	HER2ST::B	manual_truth_controlled	reverse	HER2ST_B1_CONTROLLED__reverse	row_softmax	0.25		R	I_EXPR	0.02	0.01	215	0.0010398221395881558	0.0017266130311521005	0.0011660892398509548	0.002747897041403332
HER2ST_manual_controlled	HER2ST_B1_CONTROLLED	within_section_controlled_combined	HER2ST::B	manual_truth_controlled	reverse	HER2ST_B1_CONTROLLED__reverse	row_softmax	0.25		R	I_EXPR	0.01	0.005	215	0.0005199653671375331	0.0008648539975683603	0.0005833654985562046	0.0013772479716292205
HER2ST_manual_controlled	HER2ST_B1_CONTROLLED	within_section_controlled_combined	HER2ST::B	manual_truth_controlled	reverse	HER2ST_B1_CONTROLLED__reverse	row_softmax	0.25		R	I_EXPR	0.005	0.0025	215	0.0002601351236457793	0.00043281437719313855	0.00029176314907846735	0.0006894495278720863
HER2ST_manual_controlled	HER2ST_B1_CONTROLLED	within_section_controlled_combined	HER2ST::B	manual_truth_controlled	reverse	HER2ST_B1_CONTROLLED__reverse	row_softmax	0.25		R	I_EXPR	0.0025	0.00125	215	0.00013010569811963113	0.0002165040962131598	0.00014590170726459572	0.0003449312343776584
HER2ST_manual_controlled	HER2ST_B1_CONTROLLED	within_section_controlled_combined	HER2ST::B	manual_truth_controlled	reverse	HER2ST_B1_CONTROLLED__reverse	row_softmax	0.25		R	I_EXPR	0.00125	0.000625	215	6.50623863362892e-05	0.00010827628308336409	7.295588914111011e-05	0.00017251723945017886
HER2ST_manual_controlled	HER2ST_B1_CONTROLLED	within_section_controlled_combined	HER2ST::B	manual_truth_controlled	reverse	HER2ST_B1_CONTROLLED__reverse	row_softmax	0.25		R	I_SPATIAL	0.02	0.01	215	0.005709304330348796	0.006899941297169459	0.0056806978416836405	0.007623680181906471
HER2ST_manual_controlled	HER2ST_B1_CONTROLLED	within_section_controlled_combined	HER2ST::B	manual_truth_controlled	reverse	HER2ST_B1_CONTROLLED__reverse	row_softmax	0.25		R	I_SPATIAL	0.01	0.005	215	0.0028399288152889247	0.0034277178393994057	0.0028246943309595323	0.003786295978286144
HER2ST_manual_controlled	HER2ST_B1_CONTROLLED	within_section_controlled_combined	HER2ST::B	manual_truth_controlled	reverse	HER2ST_B1_CONTROLLED__reverse	row_softmax	0.25		R	I_SPATIAL	0.005	0.0025	215	0.0014161937235005028	0.0017083214784735842	0.0014084623530039948	0.0018867879907877277
HER2ST_manual_controlled	HER2ST_B1_CONTROLLED	within_section_controlled_combined	HER2ST::B	manual_truth_controlled	reverse	HER2ST_B1_CONTROLLED__reverse	row_softmax	0.25		R	I_SPATIAL	0.0025	0.00125	215	0.0007070393464875847	0.0008527843344104763	0.0007032640014876878	0.0009418072826853528
HER2ST_manual_controlled	HER2ST_B1_CONTROLLED	within_section_controlled_combined	HER2ST::B	manual_truth_controlled	reverse	HER2ST_B1_CONTROLLED__reverse	row_softmax	0.25		R	I_SPATIAL	0.00125	0.000625	215	0.0003532555554903984	0.0004260509989815601	0.0003513907459423886	0.0004705073759430022
HER2ST_manual_controlled	HER2ST_B1_CONTROLLED	within_section_controlled_combined	HER2ST::B	manual_truth_controlled	reverse	HER2ST_B1_CONTROLLED__reverse	row_softmax	0.25		N	I_EXPR	0.02	0.01	215	0.005524070797926355	0.006756949914195957	0.005501828923871794	0.00797240576523566
HER2ST_manual_controlled	HER2ST_B1_CONTROLLED	within_section_controlled_combined	HER2ST::B	manual_truth_controlled	reverse	HER2ST_B1_CONTROLLED__reverse	row_softmax	0.25		N	I_EXPR	0.01	0.005	215	0.002779452163945207	0.0033992688182350834	0.002765633832702598	0.004012057082380855
HER2ST_manual_controlled	HER2ST_B1_CONTROLLED	within_section_controlled_combined	HER2ST::B	manual_truth_controlled	reverse	HER2ST_B1_CONTROLLED__reverse	row_softmax	0.25		N	I_EXPR	0.005	0.0025	215	0.0013937305435353304	0.0017048528185038664	0.001386525956545327	0.0020127669007575398
HER2ST_manual_controlled	HER2ST_B1_CONTROLLED	within_section_controlled_combined	HER2ST::B	manual_truth_controlled	reverse	HER2ST_B1_CONTROLLED__reverse	row_softmax	0.25		N	I_EXPR	0.0025	0.00125	215	0.0006978047366647084	0.0008537336963043712	0.0006941941539749131	0.0010081022548545243
HER2ST_manual_controlled	HER2ST_B1_CONTROLLED	within_section_controlled_combined	HER2ST::B	manual_truth_controlled	reverse	HER2ST_B1_CONTROLLED__reverse	row_softmax	0.25		N	I_EXPR	0.00125	0.000625	215	0.0003491375192660845	0.0004271940040772012	0.0003473304336848053	0.0005044887159013716
HER2ST_manual_controlled	HER2ST_B1_CONTROLLED	within_section_controlled_combined	HER2ST::B	manual_truth_controlled	reverse	HER2ST_B1_CONTROLLED__reverse	row_softmax	0.25		N	I_SPATIAL	0.02	0.01	215	0.005650726066228476	0.006925456587346764	0.005621495549947435	0.008192330744440155
HER2ST_manual_controlled	HER2ST_B1_CONTROLLED	within_section_controlled_combined	HER2ST::B	manual_truth_controlled	reverse	HER2ST_B1_CONTROLLED__reverse	row_softmax	0.25		N	I_SPATIAL	0.01	0.005	215	0.00281125067705146	0.0034411871609813676	0.0027955529699651	0.004067509858445768
HER2ST_manual_controlled	HER2ST_B1_CONTROLLED	within_section_controlled_combined	HER2ST::B	manual_truth_controlled	reverse	HER2ST_B1_CONTROLLED__reverse	row_softmax	0.25		N	I_SPATIAL	0.005	0.0025	215	0.0014015149333990132	0.0017153324801512763	0.0013940079915090383	0.002026722347031933
HER2ST_manual_controlled	HER2ST_B1_CONTROLLED	within_section_controlled_combined	HER2ST::B	manual_truth_controlled	reverse	HER2ST_B1_CONTROLLED__reverse	row_softmax	0.25		N	I_SPATIAL	0.0025	0.00125	215	0.000699733165433604	0.0008563536161759477	0.0006960651597157256	0.001011606113688374
HER2ST_manual_controlled	HER2ST_B1_CONTROLLED	within_section_controlled_combined	HER2ST::B	manual_truth_controlled	reverse	HER2ST_B1_CONTROLLED__reverse	row_softmax	0.25		N	I_SPATIAL	0.00125	0.000625	215	0.00034961091871799375	0.00042784898475918396	0.00034779823791795483	0.0005053646819306628
HER2ST_manual_controlled	HER2ST_C1_CONTROLLED	within_section_controlled_combined	HER2ST::C	manual_truth_controlled	forward	HER2ST_C1_CONTROLLED	balanced_ot	0.25		R	I_EXPR	0.02	0.01	167	0.0009518542744036574	0.002515441625668115	0.0012301885672921082	0.006316887744061919
HER2ST_manual_controlled	HER2ST_C1_CONTROLLED	within_section_controlled_combined	HER2ST::C	manual_truth_controlled	forward	HER2ST_C1_CONTROLLED	balanced_ot	0.25		R	I_EXPR	0.01	0.005	167	0.00047556950957274935	0.0012565215683017353	0.0006149499440013456	0.003155995537751722
HER2ST_manual_controlled	HER2ST_C1_CONTROLLED	within_section_controlled_combined	HER2ST::C	manual_truth_controlled	forward	HER2ST_C1_CONTROLLED	balanced_ot	0.25		R	I_EXPR	0.005	0.0025	167	0.00023768868099566064	0.0006279427852339541	0.0003074315524208164	0.001577341448479239
HER2ST_manual_controlled	HER2ST_C1_CONTROLLED	within_section_controlled_combined	HER2ST::C	manual_truth_controlled	forward	HER2ST_C1_CONTROLLED	balanced_ot	0.25		R	I_EXPR	0.0025	0.00125	167	0.00011881947876707033	0.000313889617582121	0.00015370399855694155	0.000788501091885395
HER2ST_manual_controlled	HER2ST_C1_CONTROLLED	within_section_controlled_combined	HER2ST::C	manual_truth_controlled	forward	HER2ST_C1_CONTROLLED	balanced_ot	0.25		R	I_EXPR	0.00125	0.000625	167	5.9403449093552704e-05	0.00015692408280208443	7.684893595725069e-05	0.0003942074411469571
HER2ST_manual_controlled	HER2ST_C1_CONTROLLED	within_section_controlled_combined	HER2ST::C	manual_truth_controlled	forward	HER2ST_C1_CONTROLLED	balanced_ot	0.25		R	I_SPATIAL	0.02	0.01	167	0.006043937008797523	0.007381161770170891	0.005925582452875656	0.00791777919814713
HER2ST_manual_controlled	HER2ST_C1_CONTROLLED	within_section_controlled_combined	HER2ST::C	manual_truth_controlled	forward	HER2ST_C1_CONTROLLED	balanced_ot	0.25		R	I_SPATIAL	0.01	0.005	167	0.003006564687693373	0.0036653012512003575	0.002946262941855071	0.0039275923842642104
HER2ST_manual_controlled	HER2ST_C1_CONTROLLED	within_section_controlled_combined	HER2ST::C	manual_truth_controlled	forward	HER2ST_C1_CONTROLLED	balanced_ot	0.25		R	I_SPATIAL	0.005	0.0025	167	0.0014997955184255082	0.0018262761898526349	0.00146902468179894	0.0019560311111433276
HER2ST_manual_controlled	HER2ST_C1_CONTROLLED	within_section_controlled_combined	HER2ST::C	manual_truth_controlled	forward	HER2ST_C1_CONTROLLED	balanced_ot	0.25		R	I_SPATIAL	0.0025	0.00125	167	0.0007491958994144852	0.0009114757069437609	0.000733488315983718	0.0009760816760719309
HER2ST_manual_controlled	HER2ST_C1_CONTROLLED	within_section_controlled_combined	HER2ST::C	manual_truth_controlled	forward	HER2ST_C1_CONTROLLED	balanced_ot	0.25		R	I_SPATIAL	0.00125	0.000625	167	0.0003743931225395566	0.0004553163845388501	0.0003664887897555548	0.00048755829234157355
HER2ST_manual_controlled	HER2ST_C1_CONTROLLED	within_section_controlled_combined	HER2ST::C	manual_truth_controlled	forward	HER2ST_C1_CONTROLLED	balanced_ot	0.25		N	I_EXPR	0.02	0.01	167	0.005889283198834884	0.00719451385987028	0.005771426205444721	0.007932542091066388
HER2ST_manual_controlled	HER2ST_C1_CONTROLLED	within_section_controlled_combined	HER2ST::C	manual_truth_controlled	forward	HER2ST_C1_CONTROLLED	balanced_ot	0.25		N	I_EXPR	0.01	0.005	167	0.0029604930573651003	0.0036233366156270493	0.002901478299305864	0.003997671744334996
HER2ST_manual_controlled	HER2ST_C1_CONTROLLED	within_section_controlled_combined	HER2ST::C	manual_truth_controlled	forward	HER2ST_C1_CONTROLLED	balanced_ot	0.25		N	I_EXPR	0.005	0.0025	167	0.0014842154795154446	0.0018181622671832847	0.0014547045028414952	0.0020067448936575707
HER2ST_manual_controlled	HER2ST_C1_CONTROLLED	within_section_controlled_combined	HER2ST::C	manual_truth_controlled	forward	HER2ST_C1_CONTROLLED	balanced_ot	0.25		N	I_EXPR	0.0025	0.00125	167	0.0007431006983388503	0.0009106925867934389	0.0007283471304951835	0.0010053570718403164
HER2ST_manual_controlled	HER2ST_C1_CONTROLLED	within_section_controlled_combined	HER2ST::C	manual_truth_controlled	forward	HER2ST_C1_CONTROLLED	balanced_ot	0.25		N	I_EXPR	0.00125	0.000625	167	0.0003717986770000877	0.0004557497324945077	0.00036442280885377117	0.0005031756142803371
HER2ST_manual_controlled	HER2ST_C1_CONTROLLED	within_section_controlled_combined	HER2ST::C	manual_truth_controlled	forward	HER2ST_C1_CONTROLLED	balanced_ot	0.25		N	I_SPATIAL	0.02	0.01	167	0.00601649232707642	0.007395006676552877	0.005899352079343034	0.00818752278168286
HER2ST_manual_controlled	HER2ST_C1_CONTROLLED	within_section_controlled_combined	HER2ST::C	manual_truth_controlled	forward	HER2ST_C1_CONTROLLED	balanced_ot	0.25		N	I_SPATIAL	0.01	0.005	167	0.0029922889492202506	0.0036741646760791984	0.0029334465584155475	0.004061416097090763
HER2ST_manual_controlled	HER2ST_C1_CONTROLLED	within_section_controlled_combined	HER2ST::C	manual_truth_controlled	forward	HER2ST_C1_CONTROLLED	balanced_ot	0.25		N	I_SPATIAL	0.005	0.0025	167	0.0014921646412204138	0.0018308239261479802	0.0014626960033646771	0.002022680930502118
HER2ST_manual_controlled	HER2ST_C1_CONTROLLED	within_section_controlled_combined	HER2ST::C	manual_truth_controlled	forward	HER2ST_C1_CONTROLLED	balanced_ot	0.25		N	I_SPATIAL	0.0025	0.00125	167	0.0007450880005390578	0.0009138625636656817	0.0007303449253472931	0.0010093410776916111
HER2ST_manual_controlled	HER2ST_C1_CONTROLLED	within_section_controlled_combined	HER2ST::C	manual_truth_controlled	forward	HER2ST_C1_CONTROLLED	balanced_ot	0.25		N	I_SPATIAL	0.00125	0.000625	167	0.0003722955019136353	0.00045654464977948095	0.0003649223079528369	0.0005041716141581407
HER2ST_manual_controlled	HER2ST_C1_CONTROLLED	within_section_controlled_combined	HER2ST::C	manual_truth_controlled	forward	HER2ST_C1_CONTROLLED	uot	0.25	2.0	R	I_EXPR	0.02	0.01	167	0.0006378286783532789	0.000932983617516069	0.0007290022155005532	0.002981342300935307
HER2ST_manual_controlled	HER2ST_C1_CONTROLLED	within_section_controlled_combined	HER2ST::C	manual_truth_controlled	forward	HER2ST_C1_CONTROLLED	uot	0.25	2.0	R	I_EXPR	0.01	0.005	167	0.00031873372670882655	0.0004657806903577633	0.0003641093519915739	0.0014896732232864895
HER2ST_manual_controlled	HER2ST_C1_CONTROLLED	within_section_controlled_combined	HER2ST::C	manual_truth_controlled	forward	HER2ST_C1_CONTROLLED	uot	0.25	2.0	R	I_EXPR	0.005	0.0025	167	0.00015932029680172373	0.0002327083700327025	0.00018195471803680798	0.0007445629293761411
HER2ST_manual_controlled	HER2ST_C1_CONTROLLED	within_section_controlled_combined	HER2ST::C	manual_truth_controlled	forward	HER2ST_C1_CONTROLLED	uot	0.25	2.0	R	I_EXPR	0.0025	0.00125	167	7.964224443390846e-05	0.00011630816731077057	9.095209057525085e-05	0.0003722100038813269
HER2ST_manual_controlled	HER2ST_C1_CONTROLLED	within_section_controlled_combined	HER2ST::C	manual_truth_controlled	forward	HER2ST_C1_CONTROLLED	uot	0.25	2.0	R	I_EXPR	0.00125	0.000625	167	3.9818481722539304e-05	5.814251672123708e-05	4.54696959057402e-05	0.00018608675537902934
HER2ST_manual_controlled	HER2ST_C1_CONTROLLED	within_section_controlled_combined	HER2ST::C	manual_truth_controlled	forward	HER2ST_C1_CONTROLLED	uot	0.25	2.0	R	I_SPATIAL	0.02	0.01	167	0.006361954384474546	0.007944418203646574	0.006270383058571747	0.009384869423889072
HER2ST_manual_controlled	HER2ST_C1_CONTROLLED	within_section_controlled_combined	HER2ST::C	manual_truth_controlled	forward	HER2ST_C1_CONTROLLED	uot	0.25	2.0	R	I_SPATIAL	0.01	0.005	167	0.003163770527240521	0.0039433671652198445	0.003117721969227637	0.004656681772447549
HER2ST_manual_controlled	HER2ST_C1_CONTROLLED	within_section_controlled_combined	HER2ST::C	manual_truth_controlled	forward	HER2ST_C1_CONTROLLED	uot	0.25	2.0	R	I_SPATIAL	0.005	0.0025	167	0.0015775920006277588	0.0019647417896894296	0.0015545294129120334	0.002319663989670203
HER2ST_manual_controlled	HER2ST_C1_CONTROLLED	within_section_controlled_combined	HER2ST::C	manual_truth_controlled	forward	HER2ST_C1_CONTROLLED	uot	0.25	2.0	R	I_SPATIAL	0.0025	0.00125	167	0.0007877237783401343	0.0009806405304055201	0.0007761856388694262	0.0011576716894587922
HER2ST_manual_controlled	HER2ST_C1_CONTROLLED	within_section_controlled_combined	HER2ST::C	manual_truth_controlled	forward	HER2ST_C1_CONTROLLED	uot	0.25	2.0	R	I_SPATIAL	0.00125	0.000625	167	0.000393593972974696	0.0004898882604632587	0.00038782350741437086	0.0005782968778664182
HER2ST_manual_controlled	HER2ST_C1_CONTROLLED	within_section_controlled_combined	HER2ST::C	manual_truth_controlled	forward	HER2ST_C1_CONTROLLED	uot	0.25	2.0	N	I_EXPR	0.02	0.01	167	0.005008047591429642	0.006511856432372348	0.005103246782969159	0.008017649923253538
HER2ST_manual_controlled	HER2ST_C1_CONTROLLED	within_section_controlled_combined	HER2ST::C	manual_truth_controlled	forward	HER2ST_C1_CONTROLLED	uot	0.25	2.0	N	I_EXPR	0.01	0.005	167	0.002518125664902398	0.0032735035900451066	0.0025662842973538133	0.004040826314970192
HER2ST_manual_controlled	HER2ST_C1_CONTROLLED	within_section_controlled_combined	HER2ST::C	manual_truth_controlled	forward	HER2ST_C1_CONTROLLED	uot	0.25	2.0	N	I_EXPR	0.005	0.0025	167	0.0012633523957196224	0.0016411031872867756	0.0012868291753281346	0.002028474952546447
HER2ST_manual_controlled	HER2ST_C1_CONTROLLED	within_section_controlled_combined	HER2ST::C	manual_truth_controlled	forward	HER2ST_C1_CONTROLLED	uot	0.25	2.0	N	I_EXPR	0.0025	0.00125	167	0.0006326316142781319	0.0008216400245570863	0.0006443401479180297	0.0010163016313279307
HER2ST_manual_controlled	HER2ST_C1_CONTROLLED	within_section_controlled_combined	HER2ST::C	manual_truth_controlled	forward	HER2ST_C1_CONTROLLED	uot	0.25	2.0	N	I_EXPR	0.00125	0.000625	167	0.0003165549019137022	0.0004110921901862762	0.00032240188183782606	0.0005086819223869228
HER2ST_manual_controlled	HER2ST_C1_CONTROLLED	within_section_controlled_combined	HER2ST::C	manual_truth_controlled	forward	HER2ST_C1_CONTROLLED	uot	0.25	2.0	N	I_SPATIAL	0.02	0.01	167	0.0051283483010500855	0.006652440311677423	0.005222107093947299	0.008285165551767622
HER2ST_manual_controlled	HER2ST_C1_CONTROLLED	within_section_controlled_combined	HER2ST::C	manual_truth_controlled	forward	HER2ST_C1_CONTROLLED	uot	0.25	2.0	N	I_SPATIAL	0.01	0.005	167	0.0025497113761783186	0.0033083500265671914	0.002595997492782386	0.0041079641112747485
HER2ST_manual_controlled	HER2ST_C1_CONTROLLED	within_section_controlled_combined	HER2ST::C	manual_truth_controlled	forward	HER2ST_C1_CONTROLLED	uot	0.25	2.0	N	I_SPATIAL	0.005	0.0025	167	0.0012710110856134535	0.0016498149984168803	0.001294259148130409	0.002045394554627231
HER2ST_manual_controlled	HER2ST_C1_CONTROLLED	within_section_controlled_combined	HER2ST::C	manual_truth_controlled	forward	HER2ST_C1_CONTROLLED	uot	0.25	2.0	N	I_SPATIAL	0.0025	0.00125	167	0.0006345462920084408	0.0008238179898856471	0.0006461976456191041	0.0010205594196028432
HER2ST_manual_controlled	HER2ST_C1_CONTROLLED	within_section_controlled_combined	HER2ST::C	manual_truth_controlled	forward	HER2ST_C1_CONTROLLED	uot	0.25	2.0	N	I_SPATIAL	0.00125	0.000625	167	0.00031703357233345324	0.0004116366820380039	0.0003228663276371595	0.0005097463677771581
HER2ST_manual_controlled	HER2ST_C1_CONTROLLED	within_section_controlled_combined	HER2ST::C	manual_truth_controlled	forward	HER2ST_C1_CONTROLLED	row_softmax	0.25		R	I_EXPR	0.02	0.01	167	0.001295754017170622	0.002063071688445	0.001391339020777377	0.005526759780654532
HER2ST_manual_controlled	HER2ST_C1_CONTROLLED	within_section_controlled_combined	HER2ST::C	manual_truth_controlled	forward	HER2ST_C1_CONTROLLED	row_softmax	0.25		R	I_EXPR	0.01	0.005	167	0.0006465485749630036	0.0010317255955984428	0.0006945376075184914	0.002770170305207256
HER2ST_manual_controlled	HER2ST_C1_CONTROLLED	within_section_controlled_combined	HER2ST::C	manual_truth_controlled	forward	HER2ST_C1_CONTROLLED	row_softmax	0.25		R	I_EXPR	0.005	0.0025	167	0.0003229432677331293	0.0005159112936939094	0.00034698662587359777	0.0013867797690059404
HER2ST_manual_controlled	HER2ST_C1_CONTROLLED	within_section_controlled_combined	HER2ST::C	manual_truth_controlled	forward	HER2ST_C1_CONTROLLED	row_softmax	0.25		R	I_EXPR	0.0025	0.00125	167	0.00016138901674474647	0.00025796790292458027	0.0001734228755852162	0.000693813156750199
HER2ST_manual_controlled	HER2ST_C1_CONTROLLED	within_section_controlled_combined	HER2ST::C	manual_truth_controlled	forward	HER2ST_C1_CONTROLLED	row_softmax	0.25		R	I_EXPR	0.00125	0.000625	167	8.067386959941764e-05	0.0001289870311525205	8.669384143632448e-05	0.00034701234797111655
HER2ST_manual_controlled	HER2ST_C1_CONTROLLED	within_section_controlled_combined	HER2ST::C	manual_truth_controlled	forward	HER2ST_C1_CONTROLLED	row_softmax	0.25		R	I_SPATIAL	0.02	0.01	167	0.005765661809213533	0.0069095171991119825	0.005586087176872545	0.0075486709705190535
HER2ST_manual_controlled	HER2ST_C1_CONTROLLED	within_section_controlled_combined	HER2ST::C	manual_truth_controlled	forward	HER2ST_C1_CONTROLLED	row_softmax	0.25		R	I_SPATIAL	0.01	0.005	167	0.0028682492228375247	0.003432246507211282	0.002778559821162557	0.0037471943915474157
HER2ST_manual_controlled	HER2ST_C1_CONTROLLED	within_section_controlled_combined	HER2ST::C	manual_truth_controlled	forward	HER2ST_C1_CONTROLLED	row_softmax	0.25		R	I_SPATIAL	0.005	0.0025	167	0.0014304871056990429	0.0017104947446431266	0.0013856855303865233	0.0018668462486651329
HER2ST_manual_controlled	HER2ST_C1_CONTROLLED	within_section_controlled_combined	HER2ST::C	manual_truth_controlled	forward	HER2ST_C1_CONTROLLED	row_softmax	0.25		R	I_SPATIAL	0.0025	0.00125	167	0.0007143591556497942	0.0008539409261777054	0.0006919473516294363	0.0009317396831092551
HER2ST_manual_controlled	HER2ST_C1_CONTROLLED	within_section_controlled_combined	HER2ST::C	manual_truth_controlled	forward	HER2ST_C1_CONTROLLED	row_softmax	0.25		R	I_SPATIAL	0.00125	0.000625	167	0.0003569607859724918	0.000426658693284811	0.0003457501781876621	0.00046544951872969645
HER2ST_manual_controlled	HER2ST_C1_CONTROLLED	within_section_controlled_combined	HER2ST::C	manual_truth_controlled	forward	HER2ST_C1_CONTROLLED	row_softmax	0.25		N	I_EXPR	0.02	0.01	167	0.005668538009479467	0.007321653335156248	0.005630690739916828	0.00808553373142285
HER2ST_manual_controlled	HER2ST_C1_CONTROLLED	within_section_controlled_combined	HER2ST::C	manual_truth_controlled	forward	HER2ST_C1_CONTROLLED	row_softmax	0.25		N	I_EXPR	0.01	0.005	167	0.0028481918147950525	0.003681053058646106	0.0028288578207491806	0.00406620720801917
HER2ST_manual_controlled	HER2ST_C1_CONTROLLED	within_section_controlled_combined	HER2ST::C	manual_truth_controlled	forward	HER2ST_C1_CONTROLLED	row_softmax	0.25		N	I_EXPR	0.005	0.0025	167	0.0014275848693740222	0.0018455054728530496	0.0014178257844001158	0.0020390008495336266
HER2ST_manual_controlled	HER2ST_C1_CONTROLLED	within_section_controlled_combined	HER2ST::C	manual_truth_controlled	forward	HER2ST_C1_CONTROLLED	row_softmax	0.25		N	I_EXPR	0.0025	0.00125	167	0.0007146656910073994	0.0009240003140461918	0.0007097645787401278	0.0010209793672740703
HER2ST_manual_controlled	HER2ST_C1_CONTROLLED	within_section_controlled_combined	HER2ST::C	manual_truth_controlled	forward	HER2ST_C1_CONTROLLED	row_softmax	0.25		N	I_EXPR	0.00125	0.000625	167	0.0003575512853220965	0.00046231240405846875	0.0003550956072301502	0.0005108599966148127
HER2ST_manual_controlled	HER2ST_C1_CONTROLLED	within_section_controlled_combined	HER2ST::C	manual_truth_controlled	forward	HER2ST_C1_CONTROLLED	row_softmax	0.25		N	I_SPATIAL	0.02	0.01	167	0.005792829678148016	0.007482494798797665	0.005740143403628686	0.008289059164954657
HER2ST_manual_controlled	HER2ST_C1_CONTROLLED	within_section_controlled_combined	HER2ST::C	manual_truth_controlled	forward	HER2ST_C1_CONTROLLED	row_softmax	0.25		N	I_SPATIAL	0.01	0.005	167	0.002877833386070184	0.0037210648030423497	0.002856213171787914	0.00411679885595001
HER2ST_manual_controlled	HER2ST_C1_CONTROLLED	within_section_controlled_combined	HER2ST::C	manual_truth_controlled	forward	HER2ST_C1_CONTROLLED	row_softmax	0.25		N	I_SPATIAL	0.005	0.0025	167	0.0014345789254592962	0.001855508578332814	0.0014246663723941912	0.002051515573137734
HER2ST_manual_controlled	HER2ST_C1_CONTROLLED	within_section_controlled_combined	HER2ST::C	manual_truth_controlled	forward	HER2ST_C1_CONTROLLED	row_softmax	0.25		N	I_SPATIAL	0.0025	0.00125	167	0.0007164142099199777	0.0009265011008040152	0.0007114750112890305	0.0010240592293500488
HER2ST_manual_controlled	HER2ST_C1_CONTROLLED	within_section_controlled_combined	HER2ST::C	manual_truth_controlled	forward	HER2ST_C1_CONTROLLED	row_softmax	0.25		N	I_SPATIAL	0.00125	0.000625	167	0.000357988415395312	0.00046293760169546615	0.00035552328565832355	0.0005116320249268948
HER2ST_manual_controlled	HER2ST_C1_CONTROLLED	within_section_controlled_combined	HER2ST::C	manual_truth_controlled	reverse	HER2ST_C1_CONTROLLED__reverse	balanced_ot	0.25		R	I_EXPR	0.02	0.01	134	0.0010864078709009579	0.0023154341140263456	0.0012839080963855435	0.0063280905132647456
HER2ST_manual_controlled	HER2ST_C1_CONTROLLED	within_section_controlled_combined	HER2ST::C	manual_truth_controlled	reverse	HER2ST_C1_CONTROLLED__reverse	balanced_ot	0.25		R	I_EXPR	0.01	0.005	134	0.0005434757851551413	0.0011579212422537465	0.0006418539522062281	0.0031615917217093113
HER2ST_manual_controlled	HER2ST_C1_CONTROLLED	within_section_controlled_combined	HER2ST::C	manual_truth_controlled	reverse	HER2ST_C1_CONTROLLED__reverse	balanced_ot	0.25		R	I_EXPR	0.005	0.0025	134	0.0002718041889963347	0.0005789970403581869	0.0003208944684883961	0.0015801381814533185
HER2ST_manual_controlled	HER2ST_C1_CONTROLLED	within_section_controlled_combined	HER2ST::C	manual_truth_controlled	reverse	HER2ST_C1_CONTROLLED__reverse	balanced_ot	0.25		R	I_EXPR	0.0025	0.00125	134	0.00013591845829914073	0.00028950578351863367	0.00016043816563839593	0.000789899111588801
HER2ST_manual_controlled	HER2ST_C1_CONTROLLED	within_section_controlled_combined	HER2ST::C	manual_truth_controlled	reverse	HER2ST_C1_CONTROLLED__reverse	balanced_ot	0.25		R	I_EXPR	0.00125	0.000625	134	6.79632919505888e-05	0.00014475447648131548	8.021669706434291e-05	0.0003949063608946118
HER2ST_manual_controlled	HER2ST_C1_CONTROLLED	within_section_controlled_combined	HER2ST::C	manual_truth_controlled	reverse	HER2ST_C1_CONTROLLED__reverse	balanced_ot	0.25		R	I_SPATIAL	0.02	0.01	134	0.0060729144867707335	0.007313206591839534	0.005926385747353963	0.007652733282129559
HER2ST_manual_controlled	HER2ST_C1_CONTROLLED	within_section_controlled_combined	HER2ST::C	manual_truth_controlled	reverse	HER2ST_C1_CONTROLLED__reverse	balanced_ot	0.25		R	I_SPATIAL	0.01	0.005	134	0.003021056263167206	0.0036288650197207114	0.002946675491908447	0.0037974930259092013
HER2ST_manual_controlled	HER2ST_C1_CONTROLLED	within_section_controlled_combined	HER2ST::C	manual_truth_controlled	reverse	HER2ST_C1_CONTROLLED__reverse	balanced_ot	0.25		R	I_SPATIAL	0.005	0.0025	134	0.001506676175245229	0.0018075578514106844	0.00146923368108096	0.001891568914370691
HER2ST_manual_controlled	HER2ST_C1_CONTROLLED	within_section_controlled_combined	HER2ST::C	manual_truth_controlled	reverse	HER2ST_C1_CONTROLLED__reverse	balanced_ot	0.25		R	I_SPATIAL	0.0025	0.00125	134	0.0007523749417054318	0.0009020676967802512	0.0007335934666332101	0.0009439951941222999
HER2ST_manual_controlled	HER2ST_C1_CONTROLLED	within_section_controlled_combined	HER2ST::C	manual_truth_controlled	reverse	HER2ST_C1_CONTROLLED__reverse	balanced_ot	0.25		R	I_SPATIAL	0.00125	0.000625	134	0.0003759466686550589	0.00045060696612623786	0.0003665415045957759	0.00047155092444522176
HER2ST_manual_controlled	HER2ST_C1_CONTROLLED	within_section_controlled_combined	HER2ST::C	manual_truth_controlled	reverse	HER2ST_C1_CONTROLLED__reverse	balanced_ot	0.25		N	I_EXPR	0.02	0.01	134	0.005869188454750573	0.007167539452321953	0.005774883568553159	0.0075474627575496805
HER2ST_manual_controlled	HER2ST_C1_CONTROLLED	within_section_controlled_combined	HER2ST::C	manual_truth_controlled	reverse	HER2ST_C1_CONTROLLED__reverse	balanced_ot	0.25		N	I_EXPR	0.01	0.005	134	0.002949706854610128	0.0036112348020759357	0.0029032094211867833	0.00380230606711947
HER2ST_manual_controlled	HER2ST_C1_CONTROLLED	within_section_controlled_combined	HER2ST::C	manual_truth_controlled	reverse	HER2ST_C1_CONTROLLED__reverse	balanced_ot	0.25		N	I_EXPR	0.005	0.0025	134	0.0014787248566241324	0.001812533690034697	0.0014555703277655727	0.0019083484293646825
HER2ST_manual_controlled	HER2ST_C1_CONTROLLED	within_section_controlled_combined	HER2ST::C	manual_truth_controlled	reverse	HER2ST_C1_CONTROLLED__reverse	balanced_ot	0.25		N	I_EXPR	0.0025	0.00125	134	0.0007403418778008182	0.0009080034919574117	0.0007287801056950031	0.0009559902679795007
HER2ST_manual_controlled	HER2ST_C1_CONTROLLED	within_section_controlled_combined	HER2ST::C	manual_truth_controlled	reverse	HER2ST_C1_CONTROLLED__reverse	balanced_ot	0.25		N	I_EXPR	0.00125	0.000625	134	0.0003704159755907057	0.0004544368586939611	0.0003646393054726222	0.00047845160308898974
HER2ST_manual_controlled	HER2ST_C1_CONTROLLED	within_section_controlled_combined	HER2ST::C	manual_truth_controlled	reverse	HER2ST_C1_CONTROLLED__reverse	balanced_ot	0.25		N	I_SPATIAL	0.02	0.01	134	0.005992661509187185	0.007382363494495358	0.005902828256637712	0.007780721838492244
HER2ST_manual_controlled	HER2ST_C1_CONTROLLED	within_section_controlled_combined	HER2ST::C	manual_truth_controlled	reverse	HER2ST_C1_CONTROLLED__reverse	balanced_ot	0.25		N	I_SPATIAL	0.01	0.005	134	0.0029811816420125797	0.003667073179998052	0.0029351806148213986	0.0038606750724557094
HER2ST_manual_controlled	HER2ST_C1_CONTROLLED	within_section_controlled_combined	HER2ST::C	manual_truth_controlled	reverse	HER2ST_C1_CONTROLLED__reverse	balanced_ot	0.25		N	I_SPATIAL	0.005	0.0025	134	0.0014865715635563935	0.001826487884221915	0.001463562170091204	0.0019229685212842702
HER2ST_manual_controlled	HER2ST_C1_CONTROLLED	within_section_controlled_combined	HER2ST::C	manual_truth_controlled	reverse	HER2ST_C1_CONTROLLED__reverse	balanced_ot	0.25		N	I_SPATIAL	0.0025	0.00125	134	0.0007423035614373265	0.0009114920229785026	0.000730777957744411	0.000959648561977526
HER2ST_manual_controlled	HER2ST_C1_CONTROLLED	within_section_controlled_combined	HER2ST::C	manual_truth_controlled	reverse	HER2ST_C1_CONTROLLED__reverse	balanced_ot	0.25		N	I_SPATIAL	0.00125	0.000625	134	0.0003709063960768696	0.00045530899035277963	0.00036513881636630495	0.000479366176351995
HER2ST_manual_controlled	HER2ST_C1_CONTROLLED	within_section_controlled_combined	HER2ST::C	manual_truth_controlled	reverse	HER2ST_C1_CONTROLLED__reverse	uot	0.25	2.0	R	I_EXPR	0.02	0.01	134	0.0006666103744628453	0.0009496305106464104	0.0007313016574628117	0.0026813540378228706
HER2ST_manual_controlled	HER2ST_C1_CONTROLLED	within_section_controlled_combined	HER2ST::C	manual_truth_controlled	reverse	HER2ST_C1_CONTROLLED__reverse	uot	0.25	2.0	R	I_EXPR	0.01	0.005	134	0.00033292339789462615	0.0004739279225314459	0.0003653033279406521	0.0013397689173561187
HER2ST_manual_controlled	HER2ST_C1_CONTROLLED	within_section_controlled_combined	HER2ST::C	manual_truth_controlled	reverse	HER2ST_C1_CONTROLLED__reverse	uot	0.25	2.0	R	I_EXPR	0.005	0.0025	134	0.00016636472622108604	0.00023673704669761945	0.00018256314685790014	0.0006696315948378161
HER2ST_manual_controlled	HER2ST_C1_CONTROLLED	within_section_controlled_combined	HER2ST::C	manual_truth_controlled	reverse	HER2ST_C1_CONTROLLED__reverse	uot	0.25	2.0	R	I_EXPR	0.0025	0.00125	134	8.315793003602067e-05	0.00011831115815856159	9.125919169283873e-05	0.0003347493364604079
HER2ST_manual_controlled	HER2ST_C1_CONTROLLED	within_section_controlled_combined	HER2ST::C	manual_truth_controlled	reverse	HER2ST_C1_CONTROLLED__reverse	uot	0.25	2.0	R	I_EXPR	0.00125	0.000625	134	4.157283378346408e-05	5.914115961821615e-05	4.5623988231422936e-05	0.00016735764660374638
HER2ST_manual_controlled	HER2ST_C1_CONTROLLED	within_section_controlled_combined	HER2ST::C	manual_truth_controlled	reverse	HER2ST_C1_CONTROLLED__reverse	uot	0.25	2.0	R	I_SPATIAL	0.02	0.01	134	0.006418411523854237	0.007808720245474435	0.00623921198049592	0.008484237359016576
HER2ST_manual_controlled	HER2ST_C1_CONTROLLED	within_section_controlled_combined	HER2ST::C	manual_truth_controlled	reverse	HER2ST_C1_CONTROLLED__reverse	uot	0.25	2.0	R	I_SPATIAL	0.01	0.005	134	0.0031930246043881992	0.0038778107960159925	0.0031022525388054675	0.004208019110020345
HER2ST_manual_controlled	HER2ST_C1_CONTROLLED	within_section_controlled_combined	HER2ST::C	manual_truth_controlled	reverse	HER2ST_C1_CONTROLLED__reverse	uot	0.25	2.0	R	I_SPATIAL	0.005	0.0025	134	0.001592561438626417	0.001932305316433358	0.0015468228544252953	0.002095556379025673
HER2ST_manual_controlled	HER2ST_C1_CONTROLLED	within_section_controlled_combined	HER2ST::C	manual_truth_controlled	reverse	HER2ST_C1_CONTROLLED__reverse	uot	0.25	2.0	R	I_SPATIAL	0.0025	0.00125	134	0.0007953044174310014	0.0009645073008212906	0.0007723393443245175	0.0010456737758106306
HER2ST_manual_controlled	HER2ST_C1_CONTROLLED	within_section_controlled_combined	HER2ST::C	manual_truth_controlled	reverse	HER2ST_C1_CONTROLLED__reverse	uot	0.25	2.0	R	I_SPATIAL	0.00125	0.000625	134	0.0003974082003471629	0.00048184349332649784	0.00038590209086852595	0.0005223118899120445
HER2ST_manual_controlled	HER2ST_C1_CONTROLLED	within_section_controlled_combined	HER2ST::C	manual_truth_controlled	reverse	HER2ST_C1_CONTROLLED__reverse	uot	0.25	2.0	N	I_EXPR	0.02	0.01	134	0.005114023566307394	0.006398041618196307	0.005080621331768003	0.007177907980366975
HER2ST_manual_controlled	HER2ST_C1_CONTROLLED	within_section_controlled_combined	HER2ST::C	manual_truth_controlled	reverse	HER2ST_C1_CONTROLLED__reverse	uot	0.25	2.0	N	I_EXPR	0.01	0.005	134	0.002574093730295148	0.0032190752538530042	0.0025548794264764743	0.0036184246705619236
HER2ST_manual_controlled	HER2ST_C1_CONTROLLED	within_section_controlled_combined	HER2ST::C	manual_truth_controlled	reverse	HER2ST_C1_CONTROLLED__reverse	uot	0.25	2.0	N	I_EXPR	0.005	0.0025	134	0.0012911419055654798	0.0016146575209954393	0.0012811044979794443	0.0018166442111379382
HER2ST_manual_controlled	HER2ST_C1_CONTROLLED	within_section_controlled_combined	HER2ST::C	manual_truth_controlled	reverse	HER2ST_C1_CONTROLLED__reverse	uot	0.25	2.0	N	I_EXPR	0.0025	0.00125	134	0.0006463831641868372	0.0008086115721092665	0.000641471920685597	0.0009101881808277801
HER2ST_manual_controlled	HER2ST_C1_CONTROLLED	within_section_controlled_combined	HER2ST::C	manual_truth_controlled	reverse	HER2ST_C1_CONTROLLED__reverse	uot	0.25	2.0	N	I_EXPR	0.00125	0.000625	134	0.0003233869335665491	0.0004046268438475391	0.0003209662567163989	0.00045556162742734684
HER2ST_manual_controlled	HER2ST_C1_CONTROLLED	within_section_controlled_combined	HER2ST::C	manual_truth_controlled	reverse	HER2ST_C1_CONTROLLED__reverse	uot	0.25	2.0	N	I_SPATIAL	0.02	0.01	134	0.005236189114678196	0.0065624027038112456	0.005198721673656058	0.007417841664675033
HER2ST_manual_controlled	HER2ST_C1_CONTROLLED	within_section_controlled_combined	HER2ST::C	manual_truth_controlled	reverse	HER2ST_C1_CONTROLLED__reverse	uot	0.25	2.0	N	I_SPATIAL	0.01	0.005	134	0.0026016422054493072	0.003260313553677212	0.0025844026034935914	0.0036784021429413527
HER2ST_manual_controlled	HER2ST_C1_CONTROLLED	within_section_controlled_combined	HER2ST::C	manual_truth_controlled	reverse	HER2ST_C1_CONTROLLED__reverse	uot	0.25	2.0	N	I_SPATIAL	0.005	0.0025	134	0.001297454082453596	0.0016249575248198144	0.0012884861909780128	0.0018316382075882556
HER2ST_manual_controlled	HER2ST_C1_CONTROLLED	within_section_controlled_combined	HER2ST::C	manual_truth_controlled	reverse	HER2ST_C1_CONTROLLED__reverse	uot	0.25	2.0	N	I_SPATIAL	0.0025	0.00125	134	0.0006479458461097257	0.000811182857195601	0.000643317283797539	0.0009139366559389946
HER2ST_manual_controlled	HER2ST_C1_CONTROLLED	within_section_controlled_combined	HER2ST::C	manual_truth_controlled	reverse	HER2ST_C1_CONTROLLED__reverse	uot	0.25	2.0	N	I_SPATIAL	0.00125	0.000625	134	0.0003237776056571083	0.00040526966506453	0.0003214276647292102	0.00045649874456646876
HER2ST_manual_controlled	HER2ST_C1_CONTROLLED	within_section_controlled_combined	HER2ST::C	manual_truth_controlled	reverse	HER2ST_C1_CONTROLLED__reverse	row_softmax	0.25		R	I_EXPR	0.02	0.01	134	0.0012859701189624764	0.0018160811604230275	0.0013231669214094008	0.006251082226779223
HER2ST_manual_controlled	HER2ST_C1_CONTROLLED	within_section_controlled_combined	HER2ST::C	manual_truth_controlled	reverse	HER2ST_C1_CONTROLLED__reverse	row_softmax	0.25		R	I_EXPR	0.01	0.005	134	0.0006420495923378366	0.0009062212939935341	0.0006607078812331484	0.003130627944001375
HER2ST_manual_controlled	HER2ST_C1_CONTROLLED	within_section_controlled_combined	HER2ST::C	manual_truth_controlled	reverse	HER2ST_C1_CONTROLLED__reverse	row_softmax	0.25		R	I_EXPR	0.005	0.0025	134	0.00032079143016446835	0.00045265720750037477	0.0003301358677408971	0.0015665742933329385
HER2ST_manual_controlled	HER2ST_C1_CONTROLLED	within_section_controlled_combined	HER2ST::C	manual_truth_controlled	reverse	HER2ST_C1_CONTROLLED__reverse	row_softmax	0.25		R	I_EXPR	0.0025	0.00125	134	0.00016033743666337932	0.00022621541734633223	0.00016501351240037402	0.0007836007860496918
HER2ST_manual_controlled	HER2ST_C1_CONTROLLED	within_section_controlled_combined	HER2ST::C	manual_truth_controlled	reverse	HER2ST_C1_CONTROLLED__reverse	row_softmax	0.25		R	I_EXPR	0.00125	0.000625	134	8.015415431604316e-05	0.00011307943269418149	8.249316314548189e-05	0.0003918786222723565
HER2ST_manual_controlled	HER2ST_C1_CONTROLLED	within_section_controlled_combined	HER2ST::C	manual_truth_controlled	reverse	HER2ST_C1_CONTROLLED__reverse	row_softmax	0.25		R	I_SPATIAL	0.02	0.01	134	0.005851192950478508	0.006788233307198743	0.005638831476607849	0.007135029306372848
HER2ST_manual_controlled	HER2ST_C1_CONTROLLED	within_section_controlled_combined	HER2ST::C	manual_truth_controlled	reverse	HER2ST_C1_CONTROLLED__reverse	row_softmax	0.25		R	I_SPATIAL	0.01	0.005	134	0.002907432333351356	0.0033741714469816713	0.002804584570100545	0.0035479972956330517
HER2ST_manual_controlled	HER2ST_C1_CONTROLLED	within_section_controlled_combined	HER2ST::C	manual_truth_controlled	reverse	HER2ST_C1_CONTROLLED__reverse	row_softmax	0.25		R	I_SPATIAL	0.005	0.0025	134	0.0014492159256670233	0.0016821234091337523	0.001398610228973851	0.0017691197991717897
HER2ST_manual_controlled	HER2ST_C1_CONTROLLED	within_section_controlled_combined	HER2ST::C	manual_truth_controlled	reverse	HER2ST_C1_CONTROLLED__reverse	row_softmax	0.25		R	I_SPATIAL	0.0025	0.00125	134	0.0007234859436074535	0.0008398241180983719	0.0006983883740143759	0.0008833403114053626
HER2ST_manual_controlled	HER2ST_C1_CONTROLLED	within_section_controlled_combined	HER2ST::C	manual_truth_controlled	reverse	HER2ST_C1_CONTROLLED__reverse	row_softmax	0.25		R	I_SPATIAL	0.00125	0.000625	134	0.0003614628471836541	0.00041960303633656814	0.00034896542097162997	0.00044136527796267744
HER2ST_manual_controlled	HER2ST_C1_CONTROLLED	within_section_controlled_combined	HER2ST::C	manual_truth_controlled	reverse	HER2ST_C1_CONTROLLED__reverse	row_softmax	0.25		N	I_EXPR	0.02	0.01	134	0.005677404479257143	0.006663824389607671	0.005555331237582086	0.007060693649719514
HER2ST_manual_controlled	HER2ST_C1_CONTROLLED	within_section_controlled_combined	HER2ST::C	manual_truth_controlled	reverse	HER2ST_C1_CONTROLLED__reverse	row_softmax	0.25		N	I_EXPR	0.01	0.005	134	0.002854437318582287	0.0033535409585761316	0.0027918233752960374	0.003549217683524153
HER2ST_manual_controlled	HER2ST_C1_CONTROLLED	within_section_controlled_combined	HER2ST::C	manual_truth_controlled	reverse	HER2ST_C1_CONTROLLED__reverse	row_softmax	0.25		N	I_EXPR	0.005	0.0025	134	0.0014312041450829918	0.0016822285788117026	0.001399475250095563	0.0017793251139930112
HER2ST_manual_controlled	HER2ST_C1_CONTROLLED	within_section_controlled_combined	HER2ST::C	manual_truth_controlled	reverse	HER2ST_C1_CONTROLLED__reverse	row_softmax	0.25		N	I_EXPR	0.0025	0.00125	134	0.0007165829216133274	0.0008424871871513021	0.0007006316113057869	0.0008908413780835608
HER2ST_manual_controlled	HER2ST_C1_CONTROLLED	within_section_controlled_combined	HER2ST::C	manual_truth_controlled	reverse	HER2ST_C1_CONTROLLED__reverse	row_softmax	0.25		N	I_EXPR	0.00125	0.000625	134	0.00035849610151915943	0.0004215873180280853	0.000350539583221269	0.0004457153594541402
HER2ST_manual_controlled	HER2ST_C1_CONTROLLED	within_section_controlled_combined	HER2ST::C	manual_truth_controlled	reverse	HER2ST_C1_CONTROLLED__reverse	row_softmax	0.25		N	I_SPATIAL	0.02	0.01	134	0.005797618326619906	0.006839821619865585	0.005670152475385742	0.007211518566704295
HER2ST_manual_controlled	HER2ST_C1_CONTROLLED	within_section_controlled_combined	HER2ST::C	manual_truth_controlled	reverse	HER2ST_C1_CONTROLLED__reverse	row_softmax	0.25		N	I_SPATIAL	0.01	0.005	134	0.0028846594439959307	0.0033975067149434727	0.0028205175310425574	0.0035869289398903835
HER2ST_manual_controlled	HER2ST_C1_CONTROLLED	within_section_controlled_combined	HER2ST::C	manual_truth_controlled	reverse	HER2ST_C1_CONTROLLED__reverse	row_softmax	0.25		N	I_SPATIAL	0.005	0.0025	134	0.0014385424585693467	0.0016932322517267146	0.0014066487970422735	0.0017887532421812758
HER2ST_manual_controlled	HER2ST_C1_CONTROLLED	within_section_controlled_combined	HER2ST::C	manual_truth_controlled	reverse	HER2ST_C1_CONTROLLED__reverse	row_softmax	0.25		N	I_SPATIAL	0.0025	0.00125	134	0.0007183371975374468	0.0008452399549253294	0.0007024252728129395	0.0008931984298297084
HER2ST_manual_controlled	HER2ST_C1_CONTROLLED	within_section_controlled_combined	HER2ST::C	manual_truth_controlled	reverse	HER2ST_C1_CONTROLLED__reverse	row_softmax	0.25		N	I_SPATIAL	0.00125	0.000625	134	0.00035893526176308317	0.00042227576611109975	0.0003509880503329372	0.00044630462380932956
HER2ST_manual_controlled	HER2ST_D1_CONTROLLED	within_section_controlled_combined	HER2ST::D	manual_truth_controlled	forward	HER2ST_D1_CONTROLLED	balanced_ot	0.25		R	I_EXPR	0.02	0.01	255	0.0004942082148748059	0.0010443248098255164	0.000614963103060765	0.0031266108228425404
HER2ST_manual_controlled	HER2ST_D1_CONTROLLED	within_section_controlled_combined	HER2ST::D	manual_truth_controlled	forward	HER2ST_D1_CONTROLLED	balanced_ot	0.25		R	I_EXPR	0.01	0.005	255	0.0002472922185197626	0.0005228471793217797	0.0003077642577110611	0.0015624411161709365
HER2ST_manual_controlled	HER2ST_D1_CONTROLLED	within_section_controlled_combined	HER2ST::D	manual_truth_controlled	forward	HER2ST_D1_CONTROLLED	balanced_ot	0.25		R	I_EXPR	0.005	0.0025	255	0.0001236931602108643	0.0002615949755602798	0.0001539527839227028	0.000780999458802828
HER2ST_manual_controlled	HER2ST_D1_CONTROLLED	within_section_controlled_combined	HER2ST::D	manual_truth_controlled	forward	HER2ST_D1_CONTROLLED	balanced_ot	0.25		R	I_EXPR	0.0025	0.00125	255	6.185834205543888e-05	0.00013084035980938838	7.699405751918682e-05	0.00039044382577819363
HER2ST_manual_controlled	HER2ST_D1_CONTROLLED	within_section_controlled_combined	HER2ST::D	manual_truth_controlled	forward	HER2ST_D1_CONTROLLED	balanced_ot	0.25		R	I_EXPR	0.00125	0.000625	255	3.093211069474971e-05	6.543088256387906e-05	3.850144547068512e-05	0.0001952078600284378
HER2ST_manual_controlled	HER2ST_D1_CONTROLLED	within_section_controlled_combined	HER2ST::D	manual_truth_controlled	forward	HER2ST_D1_CONTROLLED	balanced_ot	0.25		R	I_SPATIAL	0.02	0.01	255	0.006028527233889441	0.007122320044209557	0.00590073956644465	0.007782061869954647
HER2ST_manual_controlled	HER2ST_D1_CONTROLLED	within_section_controlled_combined	HER2ST::D	manual_truth_controlled	forward	HER2ST_D1_CONTROLLED	balanced_ot	0.25		R	I_SPATIAL	0.01	0.005	255	0.0030031885855660847	0.003535283015525727	0.002932382556437013	0.003857659812677168
HER2ST_manual_controlled	HER2ST_D1_CONTROLLED	within_section_controlled_combined	HER2ST::D	manual_truth_controlled	forward	HER2ST_D1_CONTROLLED	balanced_ot	0.25		R	I_SPATIAL	0.005	0.0025	255	0.0014966026610931413	0.001759949008590378	0.0014617341330954534	0.0019205487966708257
HER2ST_manual_controlled	HER2ST_D1_CONTROLLED	within_section_controlled_combined	HER2ST::D	manual_truth_controlled	forward	HER2ST_D1_CONTROLLED	balanced_ot	0.25		R	I_SPATIAL	0.0025	0.00125	255	0.0007470582927209924	0.0008781601724547592	0.000729757411340121	0.00095821182003347
HER2ST_manual_controlled	HER2ST_D1_CONTROLLED	within_section_controlled_combined	HER2ST::D	manual_truth_controlled	forward	HER2ST_D1_CONTROLLED	balanced_ot	0.25		R	I_SPATIAL	0.00125	0.000625	255	0.0003732124462782426	0.00043862743453202557	0.0003646018455210212	0.00047859122749184757
HER2ST_manual_controlled	HER2ST_D1_CONTROLLED	within_section_controlled_combined	HER2ST::D	manual_truth_controlled	forward	HER2ST_D1_CONTROLLED	balanced_ot	0.25		N	I_EXPR	0.02	0.01	255	0.005860606208865249	0.006960297506773754	0.005762933174157273	0.007545456339868119
HER2ST_manual_controlled	HER2ST_D1_CONTROLLED	within_section_controlled_combined	HER2ST::D	manual_truth_controlled	forward	HER2ST_D1_CONTROLLED	balanced_ot	0.25		N	I_EXPR	0.01	0.005	255	0.0029513774329912347	0.0035058928812118522	0.0028989238617309976	0.003805034889289341
HER2ST_manual_controlled	HER2ST_D1_CONTROLLED	within_section_controlled_combined	HER2ST::D	manual_truth_controlled	forward	HER2ST_D1_CONTROLLED	balanced_ot	0.25		N	I_EXPR	0.005	0.0025	255	0.0014807043579114772	0.0017594332819281663	0.00145386881742426	0.0019106559266649282
HER2ST_manual_controlled	HER2ST_D1_CONTROLLED	within_section_controlled_combined	HER2ST::D	manual_truth_controlled	forward	HER2ST_D1_CONTROLLED	balanced_ot	0.25		N	I_EXPR	0.0025	0.00125	255	0.000741736520138632	0.0008814685274203435	0.0007280404190509101	0.0009573703290102092
HER2ST_manual_controlled	HER2ST_D1_CONTROLLED	within_section_controlled_combined	HER2ST::D	manual_truth_controlled	forward	HER2ST_D1_CONTROLLED	balanced_ot	0.25		N	I_EXPR	0.00125	0.000625	255	0.00037121536987399985	0.0004411797191663608	0.00036429720276465497	0.00047919672768821094
HER2ST_manual_controlled	HER2ST_D1_CONTROLLED	within_section_controlled_combined	HER2ST::D	manual_truth_controlled	forward	HER2ST_D1_CONTROLLED	balanced_ot	0.25		N	I_SPATIAL	0.02	0.01	255	0.0060156008727907245	0.007181124949068161	0.005905096802747293	0.007807876813523863
HER2ST_manual_controlled	HER2ST_D1_CONTROLLED	within_section_controlled_combined	HER2ST::D	manual_truth_controlled	forward	HER2ST_D1_CONTROLLED	balanced_ot	0.25		N	I_SPATIAL	0.01	0.005	255	0.002985184050808454	0.0035625794346854016	0.0029344715148786854	0.0038706389312202164
HER2ST_manual_controlled	HER2ST_D1_CONTROLLED	within_section_controlled_combined	HER2ST::D	manual_truth_controlled	forward	HER2ST_D1_CONTROLLED	balanced_ot	0.25		N	I_SPATIAL	0.005	0.0025	255	0.001487897519296769	0.0017736695835540305	0.0014627541552722065	0.001927056872337939
HER2ST_manual_controlled	HER2ST_D1_CONTROLLED	within_section_controlled_combined	HER2ST::D	manual_truth_controlled	forward	HER2ST_D1_CONTROLLED	balanced_ot	0.25		N	I_SPATIAL	0.0025	0.00125	255	0.00074335397961987	0.0008850404724431045	0.0007302615692784501	0.000961470559667917
HER2ST_manual_controlled	HER2ST_D1_CONTROLLED	within_section_controlled_combined	HER2ST::D	manual_truth_controlled	forward	HER2ST_D1_CONTROLLED	balanced_ot	0.25		N	I_SPATIAL	0.00125	0.000625	255	0.0003715279629147055	0.00044207269936443925	0.00036485247893547075	0.0004802217847694061
HER2ST_manual_controlled	HER2ST_D1_CONTROLLED	within_section_controlled_combined	HER2ST::D	manual_truth_controlled	forward	HER2ST_D1_CONTROLLED	uot	0.25	2.0	R	I_EXPR	0.02	0.01	255	0.0005742544771102051	0.0006367598630761921	0.0005864422812014904	0.001088206145509903
HER2ST_manual_controlled	HER2ST_D1_CONTROLLED	within_section_controlled_combined	HER2ST::D	manual_truth_controlled	forward	HER2ST_D1_CONTROLLED	uot	0.25	2.0	R	I_EXPR	0.01	0.005	255	0.00028703969155517234	0.000318277485209382	0.00029312832392210694	0.0005433192280601245
HER2ST_manual_controlled	HER2ST_D1_CONTROLLED	within_section_controlled_combined	HER2ST::D	manual_truth_controlled	forward	HER2ST_D1_CONTROLLED	uot	0.25	2.0	R	I_EXPR	0.005	0.0025	255	0.0001434979649051678	0.0001591131335209088	0.0001465409483190133	0.0002714619494597356
HER2ST_manual_controlled	HER2ST_D1_CONTROLLED	within_section_controlled_combined	HER2ST::D	manual_truth_controlled	forward	HER2ST_D1_CONTROLLED	uot	0.25	2.0	R	I_EXPR	0.0025	0.00125	255	7.174351277228407e-05	7.955016414591754e-05	7.326466918175032e-05	0.00013568134609536915
HER2ST_manual_controlled	HER2ST_D1_CONTROLLED	within_section_controlled_combined	HER2ST::D	manual_truth_controlled	forward	HER2ST_D1_CONTROLLED	uot	0.25	2.0	R	I_EXPR	0.00125	0.000625	255	3.587038874493113e-05	3.9773480098632785e-05	3.663088307909783e-05	6.78282382694807e-05
HER2ST_manual_controlled	HER2ST_D1_CONTROLLED	within_section_controlled_combined	HER2ST::D	manual_truth_controlled	forward	HER2ST_D1_CONTROLLED	uot	0.25	2.0	R	I_SPATIAL	0.02	0.01	255	0.0062720061661231345	0.007480911881169372	0.006139233813729698	0.008313012209947696
HER2ST_manual_controlled	HER2ST_D1_CONTROLLED	within_section_controlled_combined	HER2ST::D	manual_truth_controlled	forward	HER2ST_D1_CONTROLLED	uot	0.25	2.0	R	I_SPATIAL	0.01	0.005	255	0.0031146931459575923	0.003708687791588222	0.003050993238927063	0.00413135009856431
HER2ST_manual_controlled	HER2ST_D1_CONTROLLED	within_section_controlled_combined	HER2ST::D	manual_truth_controlled	forward	HER2ST_D1_CONTROLLED	uot	0.25	2.0	R	I_SPATIAL	0.005	0.0025	255	0.0015520568785412291	0.0018466254154116768	0.001520879863654041	0.0020594186547788183
HER2ST_manual_controlled	HER2ST_D1_CONTROLLED	within_section_controlled_combined	HER2ST::D	manual_truth_controlled	forward	HER2ST_D1_CONTROLLED	uot	0.25	2.0	R	I_SPATIAL	0.0025	0.00125	255	0.000774710196628887	0.0009213988541590022	0.0007592903799315834	0.0010281492750459642
HER2ST_manual_controlled	HER2ST_D1_CONTROLLED	within_section_controlled_combined	HER2ST::D	manual_truth_controlled	forward	HER2ST_D1_CONTROLLED	uot	0.25	2.0	R	I_SPATIAL	0.00125	0.000625	255	0.0003870260594541146	0.00046022199001465584	0.00037935842212660743	0.0005136851295129831
HER2ST_manual_controlled	HER2ST_D1_CONTROLLED	within_section_controlled_combined	HER2ST::D	manual_truth_controlled	forward	HER2ST_D1_CONTROLLED	uot	0.25	2.0	N	I_EXPR	0.02	0.01	255	0.005021053848447148	0.0060191587792980715	0.004959895469254632	0.006785961930282004
HER2ST_manual_controlled	HER2ST_D1_CONTROLLED	within_section_controlled_combined	HER2ST::D	manual_truth_controlled	forward	HER2ST_D1_CONTROLLED	uot	0.25	2.0	N	I_EXPR	0.01	0.005	255	0.0025252841662693243	0.0030328347570070862	0.002495783687732394	0.00341450201469898
HER2ST_manual_controlled	HER2ST_D1_CONTROLLED	within_section_controlled_combined	HER2ST::D	manual_truth_controlled	forward	HER2ST_D1_CONTROLLED	uot	0.25	2.0	N	I_EXPR	0.005	0.0025	255	0.0012656540433629497	0.0015227176668221646	0.0012518819154702008	0.0017126597146735444
HER2ST_manual_controlled	HER2ST_D1_CONTROLLED	within_section_controlled_combined	HER2ST::D	manual_truth_controlled	forward	HER2ST_D1_CONTROLLED	uot	0.25	2.0	N	I_EXPR	0.0025	0.00125	255	0.0006335794462737228	0.0007629439169532251	0.000626942568127462	0.0008576856144404498
HER2ST_manual_controlled	HER2ST_D1_CONTROLLED	within_section_controlled_combined	HER2ST::D	manual_truth_controlled	forward	HER2ST_D1_CONTROLLED	uot	0.25	2.0	N	I_EXPR	0.00125	0.000625	255	0.00031697775691582155	0.0003818337186631161	0.00031372223046330166	0.0004291821950771687
HER2ST_manual_controlled	HER2ST_D1_CONTROLLED	within_section_controlled_combined	HER2ST::D	manual_truth_controlled	forward	HER2ST_D1_CONTROLLED	uot	0.25	2.0	N	I_SPATIAL	0.02	0.01	255	0.00512271495837805	0.006203185123134945	0.005088750191232147	0.0069599694191073746
HER2ST_manual_controlled	HER2ST_D1_CONTROLLED	within_section_controlled_combined	HER2ST::D	manual_truth_controlled	forward	HER2ST_D1_CONTROLLED	uot	0.25	2.0	N	I_SPATIAL	0.01	0.005	255	0.0025493411487066834	0.003079416100078459	0.002527987846128857	0.003458001987495725
HER2ST_manual_controlled	HER2ST_D1_CONTROLLED	within_section_controlled_combined	HER2ST::D	manual_truth_controlled	forward	HER2ST_D1_CONTROLLED	uot	0.25	2.0	N	I_SPATIAL	0.005	0.0025	255	0.0012716685428315116	0.0015341956237097886	0.0012599321738303076	0.0017235345890112455
HER2ST_manual_controlled	HER2ST_D1_CONTROLLED	within_section_controlled_combined	HER2ST::D	manual_truth_controlled	forward	HER2ST_D1_CONTROLLED	uot	0.25	2.0	N	I_SPATIAL	0.0025	0.00125	255	0.0006350830867332579	0.000765723674792538	0.0006289551274240285	0.0008604043255900426
HER2ST_manual_controlled	HER2ST_D1_CONTROLLED	within_section_controlled_combined	HER2ST::D	manual_truth_controlled	forward	HER2ST_D1_CONTROLLED	uot	0.25	2.0	N	I_SPATIAL	0.00125	0.000625	255	0.0003173536667752778	0.00038251879979178113	0.00031422535595816286	0.0004298618729599765
HER2ST_manual_controlled	HER2ST_D1_CONTROLLED	within_section_controlled_combined	HER2ST::D	manual_truth_controlled	forward	HER2ST_D1_CONTROLLED	row_softmax	0.25		R	I_EXPR	0.02	0.01	255	0.0007169674648753896	0.0008857713096020893	0.0007408250268905809	0.0026143482582261057
HER2ST_manual_controlled	HER2ST_D1_CONTROLLED	within_section_controlled_combined	HER2ST::D	manual_truth_controlled	forward	HER2ST_D1_CONTROLLED	row_softmax	0.25		R	I_EXPR	0.01	0.005	255	0.00035836011411326463	0.00044307192089260833	0.00037042067891715437	0.0013089623114378973
HER2ST_manual_controlled	HER2ST_D1_CONTROLLED	within_section_controlled_combined	HER2ST::D	manual_truth_controlled	forward	HER2ST_D1_CONTROLLED	row_softmax	0.25		R	I_EXPR	0.005	0.0025	255	0.0001791491102416848	0.00022158205733068182	0.00018521243011813366	0.0006549275580148195
HER2ST_manual_controlled	HER2ST_D1_CONTROLLED	within_section_controlled_combined	HER2ST::D	manual_truth_controlled	forward	HER2ST_D1_CONTROLLED	row_softmax	0.25		R	I_EXPR	0.0025	0.00125	255	8.956681209877016e-05	0.0001108024499099977	9.260673965179635e-05	0.00032757529517982127
HER2ST_manual_controlled	HER2ST_D1_CONTROLLED	within_section_controlled_combined	HER2ST::D	manual_truth_controlled	forward	HER2ST_D1_CONTROLLED	row_softmax	0.25		R	I_EXPR	0.00125	0.000625	255	4.4781470507288015e-05	5.540408475326484e-05	4.6303501978767175e-05	0.0001638155179795164
HER2ST_manual_controlled	HER2ST_D1_CONTROLLED	within_section_controlled_combined	HER2ST::D	manual_truth_controlled	forward	HER2ST_D1_CONTROLLED	row_softmax	0.25		R	I_SPATIAL	0.02	0.01	255	0.0058282177750735385	0.006775083071752468	0.005643768953435913	0.007249958388058541
HER2ST_manual_controlled	HER2ST_D1_CONTROLLED	within_section_controlled_combined	HER2ST::D	manual_truth_controlled	forward	HER2ST_D1_CONTROLLED	row_softmax	0.25		R	I_SPATIAL	0.01	0.005	255	0.0029015215151040603	0.0033641037510462332	0.0028063559603388414	0.0035982104708498627
HER2ST_manual_controlled	HER2ST_D1_CONTROLLED	within_section_controlled_combined	HER2ST::D	manual_truth_controlled	forward	HER2ST_D1_CONTROLLED	row_softmax	0.25		R	I_SPATIAL	0.005	0.0025	255	0.0014463358327882622	0.001676312757899069	0.001399323639577566	0.0017924811551988929
HER2ST_manual_controlled	HER2ST_D1_CONTROLLED	within_section_controlled_combined	HER2ST::D	manual_truth_controlled	forward	HER2ST_D1_CONTROLLED	row_softmax	0.25		R	I_SPATIAL	0.0025	0.00125	255	0.0007219174983305927	0.0008367565440713798	0.0006987016838156062	0.0008945764352372441
HER2ST_manual_controlled	HER2ST_D1_CONTROLLED	within_section_controlled_combined	HER2ST::D	manual_truth_controlled	forward	HER2ST_D1_CONTROLLED	row_softmax	0.25		R	I_SPATIAL	0.00125	0.000625	255	0.0003606467349085531	0.0004180288314319723	0.00034911122068493515	0.00044687294673816206
HER2ST_manual_controlled	HER2ST_D1_CONTROLLED	within_section_controlled_combined	HER2ST::D	manual_truth_controlled	forward	HER2ST_D1_CONTROLLED	row_softmax	0.25		N	I_EXPR	0.02	0.01	255	0.005612019358560117	0.006735768658495062	0.0055757784437224555	0.007011563544440002
HER2ST_manual_controlled	HER2ST_D1_CONTROLLED	within_section_controlled_combined	HER2ST::D	manual_truth_controlled	forward	HER2ST_D1_CONTROLLED	row_softmax	0.25		N	I_EXPR	0.01	0.005	255	0.0028200503142575936	0.003397092784752227	0.002803175272907809	0.003532682243070104
HER2ST_manual_controlled	HER2ST_D1_CONTROLLED	within_section_controlled_combined	HER2ST::D	manual_truth_controlled	forward	HER2ST_D1_CONTROLLED	row_softmax	0.25		N	I_EXPR	0.005	0.0025	255	0.0014131591589576105	0.0017039168690389853	0.0014054425593101089	0.0017731484306864876
HER2ST_manual_controlled	HER2ST_D1_CONTROLLED	within_section_controlled_combined	HER2ST::D	manual_truth_controlled	forward	HER2ST_D1_CONTROLLED	row_softmax	0.25		N	I_EXPR	0.0025	0.00125	255	0.000707426855265958	0.0008534671455519186	0.0007036890405583358	0.0008882819541035251
HER2ST_manual_controlled	HER2ST_D1_CONTROLLED	within_section_controlled_combined	HER2ST::D	manual_truth_controlled	forward	HER2ST_D1_CONTROLLED	row_softmax	0.25		N	I_EXPR	0.00125	0.000625	255	0.00035392530096844873	0.00042711130788000717	0.0003520869783283073	0.0004445686535162409
HER2ST_manual_controlled	HER2ST_D1_CONTROLLED	within_section_controlled_combined	HER2ST::D	manual_truth_controlled	forward	HER2ST_D1_CONTROLLED	row_softmax	0.25		N	I_SPATIAL	0.02	0.01	255	0.005739310409519887	0.006932142399042238	0.005700126430040659	0.007230635706307381
HER2ST_manual_controlled	HER2ST_D1_CONTROLLED	within_section_controlled_combined	HER2ST::D	manual_truth_controlled	forward	HER2ST_D1_CONTROLLED	row_softmax	0.25		N	I_SPATIAL	0.01	0.005	255	0.0028484531010450264	0.003444097079507133	0.002834273846024851	0.003587519548860438
HER2ST_manual_controlled	HER2ST_D1_CONTROLLED	within_section_controlled_combined	HER2ST::D	manual_truth_controlled	forward	HER2ST_D1_CONTROLLED	row_softmax	0.25		N	I_SPATIAL	0.005	0.0025	255	0.0014199644558190087	0.0017160222675835027	0.001413217415816421	0.0017868577133185093
HER2ST_manual_controlled	HER2ST_D1_CONTROLLED	within_section_controlled_combined	HER2ST::D	manual_truth_controlled	forward	HER2ST_D1_CONTROLLED	row_softmax	0.25		N	I_SPATIAL	0.0025	0.00125	255	0.0007091194188545454	0.0008564934941448241	0.0007056327569313236	0.0008917092730200069
HER2ST_manual_controlled	HER2ST_D1_CONTROLLED	within_section_controlled_combined	HER2ST::D	manual_truth_controlled	forward	HER2ST_D1_CONTROLLED	row_softmax	0.25		N	I_SPATIAL	0.00125	0.000625	255	0.0003543491546415139	0.00042786789538789855	0.00035257289163092556	0.00044542548095725655
HER2ST_manual_controlled	HER2ST_D1_CONTROLLED	within_section_controlled_combined	HER2ST::D	manual_truth_controlled	reverse	HER2ST_D1_CONTROLLED__reverse	balanced_ot	0.25		R	I_EXPR	0.02	0.01	204	0.0005498418601668815	0.0011910987217355977	0.0006655301798837362	0.0031340497232149535
HER2ST_manual_controlled	HER2ST_D1_CONTROLLED	within_section_controlled_combined	HER2ST::D	manual_truth_controlled	reverse	HER2ST_D1_CONTROLLED__reverse	balanced_ot	0.25		R	I_EXPR	0.01	0.005	204	0.00027517217199406793	0.0005962556426142558	0.0003330808909807454	0.0015661465843336312
HER2ST_manual_controlled	HER2ST_D1_CONTROLLED	within_section_controlled_combined	HER2ST::D	manual_truth_controlled	reverse	HER2ST_D1_CONTROLLED__reverse	balanced_ot	0.25		R	I_EXPR	0.005	0.0025	204	0.00013764884183248326	0.00029830445392409953	0.0001666193849655295	0.0007828486381035332
HER2ST_manual_controlled	HER2ST_D1_CONTROLLED	within_section_controlled_combined	HER2ST::D	manual_truth_controlled	reverse	HER2ST_D1_CONTROLLED__reverse	balanced_ot	0.25		R	I_EXPR	0.0025	0.00125	204	6.884010834501726e-05	0.00014919638786867832	8.332942961522014e-05	0.0003913675205394317
HER2ST_manual_controlled	HER2ST_D1_CONTROLLED	within_section_controlled_combined	HER2ST::D	manual_truth_controlled	reverse	HER2ST_D1_CONTROLLED__reverse	balanced_ot	0.25		R	I_EXPR	0.00125	0.000625	204	3.442397978154102e-05	7.460924716510031e-05	4.1669649400413385e-05	0.00019566947400748426
HER2ST_manual_controlled	HER2ST_D1_CONTROLLED	within_section_controlled_combined	HER2ST::D	manual_truth_controlled	reverse	HER2ST_D1_CONTROLLED__reverse	balanced_ot	0.25		R	I_SPATIAL	0.02	0.01	204	0.005968310130967625	0.007302788088723146	0.005874071197954713	0.00832353861536968
HER2ST_manual_controlled	HER2ST_D1_CONTROLLED	within_section_controlled_combined	HER2ST::D	manual_truth_controlled	reverse	HER2ST_D1_CONTROLLED__reverse	balanced_ot	0.25		R	I_SPATIAL	0.01	0.005	204	0.0029683498798750915	0.003620103625500925	0.0029192673448062956	0.004129703529742668
HER2ST_manual_controlled	HER2ST_D1_CONTROLLED	within_section_controlled_combined	HER2ST::D	manual_truth_controlled	reverse	HER2ST_D1_CONTROLLED__reverse	balanced_ot	0.25		R	I_SPATIAL	0.005	0.0025	204	0.0014788335535823457	0.001802452628686212	0.0014552306036965212	0.0020568834301631835
HER2ST_manual_controlled	HER2ST_D1_CONTROLLED	within_section_controlled_combined	HER2ST::D	manual_truth_controlled	reverse	HER2ST_D1_CONTROLLED__reverse	balanced_ot	0.25		R	I_SPATIAL	0.0025	0.00125	204	0.0007380877209625472	0.0008994925679730708	0.0007265191541989583	0.0010264556766553334
HER2ST_manual_controlled	HER2ST_D1_CONTROLLED	within_section_controlled_combined	HER2ST::D	manual_truth_controlled	reverse	HER2ST_D1_CONTROLLED__reverse	balanced_ot	0.25		R	I_SPATIAL	0.00125	0.000625	204	0.00036871237787572495	0.0004493662532066664	0.0003629860839459653	0.0005127320850789854
HER2ST_manual_controlled	HER2ST_D1_CONTROLLED	within_section_controlled_combined	HER2ST::D	manual_truth_controlled	reverse	HER2ST_D1_CONTROLLED__reverse	balanced_ot	0.25		N	I_EXPR	0.02	0.01	204	0.0058131818606975685	0.0071117591481786625	0.005739313906333236	0.008179601732023286
HER2ST_manual_controlled	HER2ST_D1_CONTROLLED	within_section_controlled_combined	HER2ST::D	manual_truth_controlled	reverse	HER2ST_D1_CONTROLLED__reverse	balanced_ot	0.25		N	I_EXPR	0.01	0.005	204	0.0029241718058358127	0.0035870863426270346	0.002886910261185076	0.004121143599869746
HER2ST_manual_controlled	HER2ST_D1_CONTROLLED	within_section_controlled_combined	HER2ST::D	manual_truth_controlled	reverse	HER2ST_D1_CONTROLLED__reverse	balanced_ot	0.25		N	I_EXPR	0.005	0.0025	204	0.0014662286573195247	0.0018014955810521415	0.0014478106719827244	0.0020685681162600326
HER2ST_manual_controlled	HER2ST_D1_CONTROLLED	within_section_controlled_combined	HER2ST::D	manual_truth_controlled	reverse	HER2ST_D1_CONTROLLED__reverse	balanced_ot	0.25		N	I_EXPR	0.0025	0.00125	204	0.0007339818457824715	0.0009027457270117592	0.0007249983218636155	0.0010362896440878455
HER2ST_manual_controlled	HER2ST_D1_CONTROLLED	within_section_controlled_combined	HER2ST::D	manual_truth_controlled	reverse	HER2ST_D1_CONTROLLED__reverse	balanced_ot	0.25		N	I_EXPR	0.00125	0.000625	204	0.00036720791432491416	0.0004518740110368204	0.0003627728815709554	0.0005186470307075365
HER2ST_manual_controlled	HER2ST_D1_CONTROLLED	within_section_controlled_combined	HER2ST::D	manual_truth_controlled	reverse	HER2ST_D1_CONTROLLED__reverse	balanced_ot	0.25		N	I_SPATIAL	0.02	0.01	204	0.005943102956511546	0.007352756596741793	0.005879793687753218	0.008436272938276075
HER2ST_manual_controlled	HER2ST_D1_CONTROLLED	within_section_controlled_combined	HER2ST::D	manual_truth_controlled	reverse	HER2ST_D1_CONTROLLED__reverse	balanced_ot	0.25		N	I_SPATIAL	0.01	0.005	204	0.0029553408106389968	0.0036484078074759713	0.002922036877617183	0.004185529738209963
HER2ST_manual_controlled	HER2ST_D1_CONTROLLED	within_section_controlled_combined	HER2ST::D	manual_truth_controlled	reverse	HER2ST_D1_CONTROLLED__reverse	balanced_ot	0.25		N	I_SPATIAL	0.005	0.0025	204	0.001473224132250337	0.0018176327350372698	0.0014565905107606966	0.0020846647396362407
HER2ST_manual_controlled	HER2ST_D1_CONTROLLED	within_section_controlled_combined	HER2ST::D	manual_truth_controlled	reverse	HER2ST_D1_CONTROLLED__reverse	balanced_ot	0.25		N	I_SPATIAL	0.0025	0.00125	204	0.0007357186566170705	0.0009067795263269483	0.0007271930804572497	0.0010403138061071415
HER2ST_manual_controlled	HER2ST_D1_CONTROLLED	within_section_controlled_combined	HER2ST::D	manual_truth_controlled	reverse	HER2ST_D1_CONTROLLED__reverse	balanced_ot	0.25		N	I_SPATIAL	0.00125	0.000625	204	0.00036764211803754084	0.00045288180995683693	0.0003633215658982631	0.0005196530709900901
HER2ST_manual_controlled	HER2ST_D1_CONTROLLED	within_section_controlled_combined	HER2ST::D	manual_truth_controlled	reverse	HER2ST_D1_CONTROLLED__reverse	uot	0.25	2.0	R	I_EXPR	0.02	0.01	204	0.0005761170162623725	0.0006453106895227324	0.0005873416672901248	0.0009956817089827991
HER2ST_manual_controlled	HER2ST_D1_CONTROLLED	within_section_controlled_combined	HER2ST::D	manual_truth_controlled	reverse	HER2ST_D1_CONTROLLED__reverse	uot	0.25	2.0	R	I_EXPR	0.01	0.005	204	0.00028797199769757363	0.0003225482488876976	0.00029357856787398933	0.0004975427542938509
HER2ST_manual_controlled	HER2ST_D1_CONTROLLED	within_section_controlled_combined	HER2ST::D	manual_truth_controlled	reverse	HER2ST_D1_CONTROLLED__reverse	uot	0.25	2.0	R	I_EXPR	0.005	0.0025	204	0.00014396437947969615	0.00016124736080223696	0.00014676620394764322	0.0002486956937862208
HER2ST_manual_controlled	HER2ST_D1_CONTROLLED	within_section_controlled_combined	HER2ST::D	manual_truth_controlled	reverse	HER2ST_D1_CONTROLLED__reverse	uot	0.25	2.0	R	I_EXPR	0.0025	0.00125	204	7.197678747264795e-05	8.061698966117906e-05	7.337733020460834e-05	0.00012432878080162173
HER2ST_manual_controlled	HER2ST_D1_CONTROLLED	within_section_controlled_combined	HER2ST::D	manual_truth_controlled	reverse	HER2ST_D1_CONTROLLED__reverse	uot	0.25	2.0	R	I_EXPR	0.00125	0.000625	204	3.598704330286875e-05	4.03068239090549e-05	3.668722207628738e-05	6.21596051500001e-05
HER2ST_manual_controlled	HER2ST_D1_CONTROLLED	within_section_controlled_combined	HER2ST::D	manual_truth_controlled	reverse	HER2ST_D1_CONTROLLED__reverse	uot	0.25	2.0	R	I_SPATIAL	0.02	0.01	204	0.006115995609076298	0.00764266062012301	0.006126686243810246	0.008156805772294901
HER2ST_manual_controlled	HER2ST_D1_CONTROLLED	within_section_controlled_combined	HER2ST::D	manual_truth_controlled	reverse	HER2ST_D1_CONTROLLED__reverse	uot	0.25	2.0	R	I_SPATIAL	0.01	0.005	204	0.003038408447881795	0.003785821770449969	0.0030448313743536423	0.004046621419325515
HER2ST_manual_controlled	HER2ST_D1_CONTROLLED	within_section_controlled_combined	HER2ST::D	manual_truth_controlled	reverse	HER2ST_D1_CONTROLLED__reverse	uot	0.25	2.0	R	I_SPATIAL	0.005	0.0025	204	0.0015143285179899388	0.0018860861537980207	0.0015178260799034188	0.0020154171667612015
HER2ST_manual_controlled	HER2ST_D1_CONTROLLED	within_section_controlled_combined	HER2ST::D	manual_truth_controlled	reverse	HER2ST_D1_CONTROLLED__reverse	uot	0.25	2.0	R	I_SPATIAL	0.0025	0.00125	204	0.0007559561989724818	0.000941377292045534	0.0007577703019898353	0.001005741668055013
HER2ST_manual_controlled	HER2ST_D1_CONTROLLED	within_section_controlled_combined	HER2ST::D	manual_truth_controlled	reverse	HER2ST_D1_CONTROLLED__reverse	uot	0.25	2.0	R	I_SPATIAL	0.00125	0.000625	204	0.00037767675025644656	0.00047027302482722415	0.0003786000824004826	0.000502379913445024
HER2ST_manual_controlled	HER2ST_D1_CONTROLLED	within_section_controlled_combined	HER2ST::D	manual_truth_controlled	reverse	HER2ST_D1_CONTROLLED__reverse	uot	0.25	2.0	N	I_EXPR	0.02	0.01	204	0.004899006437029405	0.006060186236820187	0.004952734489619674	0.006760505123235734
HER2ST_manual_controlled	HER2ST_D1_CONTROLLED	within_section_controlled_combined	HER2ST::D	manual_truth_controlled	reverse	HER2ST_D1_CONTROLLED__reverse	uot	0.25	2.0	N	I_EXPR	0.01	0.005	204	0.002464442402835977	0.003053893510551781	0.0024921337256946243	0.003413979835778285
HER2ST_manual_controlled	HER2ST_D1_CONTROLLED	within_section_controlled_combined	HER2ST::D	manual_truth_controlled	reverse	HER2ST_D1_CONTROLLED__reverse	uot	0.25	2.0	N	I_EXPR	0.005	0.0025	204	0.0012359749618211149	0.0015332476059406596	0.001250038884280803	0.0017155199061065641
HER2ST_manual_controlled	HER2ST_D1_CONTROLLED	within_section_controlled_combined	HER2ST::D	manual_truth_controlled	reverse	HER2ST_D1_CONTROLLED__reverse	uot	0.25	2.0	N	I_EXPR	0.0025	0.00125	204	0.0006189282857380288	0.0007682044053665704	0.0006260164223913639	0.0008599157320372216
HER2ST_manual_controlled	HER2ST_D1_CONTROLLED	within_section_controlled_combined	HER2ST::D	manual_truth_controlled	reverse	HER2ST_D1_CONTROLLED__reverse	uot	0.25	2.0	N	I_EXPR	0.00125	0.000625	204	0.0003096996392426473	0.0003844991736111665	0.0003132579902519718	0.0004304981100794625
HER2ST_manual_controlled	HER2ST_D1_CONTROLLED	within_section_controlled_combined	HER2ST::D	manual_truth_controlled	reverse	HER2ST_D1_CONTROLLED__reverse	uot	0.25	2.0	N	I_SPATIAL	0.02	0.01	204	0.00504453543602113	0.006269254060835393	0.005080988010816626	0.007037058856568674
HER2ST_manual_controlled	HER2ST_D1_CONTROLLED	within_section_controlled_combined	HER2ST::D	manual_truth_controlled	reverse	HER2ST_D1_CONTROLLED__reverse	uot	0.25	2.0	N	I_SPATIAL	0.01	0.005	204	0.0025012702818251295	0.003105902491409473	0.0025241866518379463	0.003483196157126227
HER2ST_manual_controlled	HER2ST_D1_CONTROLLED	within_section_controlled_combined	HER2ST::D	manual_truth_controlled	reverse	HER2ST_D1_CONTROLLED__reverse	uot	0.25	2.0	N	I_SPATIAL	0.005	0.0025	204	0.001245139729182213	0.0015459607217942193	0.0012580513244241903	0.001732849485745382
HER2ST_manual_controlled	HER2ST_D1_CONTROLLED	within_section_controlled_combined	HER2ST::D	manual_truth_controlled	reverse	HER2ST_D1_CONTROLLED__reverse	uot	0.25	2.0	N	I_SPATIAL	0.0025	0.00125	204	0.0006212079224215623	0.0007713850974805146	0.0006280195128763883	0.0008642481040488296
HER2ST_manual_controlled	HER2ST_D1_CONTROLLED	within_section_controlled_combined	HER2ST::D	manual_truth_controlled	reverse	HER2ST_D1_CONTROLLED__reverse	uot	0.25	2.0	N	I_SPATIAL	0.00125	0.000625	204	0.0003102643733622672	0.000385294345968264	0.0003137587501183993	0.0004315812007003125
HER2ST_manual_controlled	HER2ST_D1_CONTROLLED	within_section_controlled_combined	HER2ST::D	manual_truth_controlled	reverse	HER2ST_D1_CONTROLLED__reverse	row_softmax	0.25		R	I_EXPR	0.02	0.01	204	0.0006830196699454409	0.0009338393366075126	0.0007349680912830212	0.002356684144163236
HER2ST_manual_controlled	HER2ST_D1_CONTROLLED	within_section_controlled_combined	HER2ST::D	manual_truth_controlled	reverse	HER2ST_D1_CONTROLLED__reverse	row_softmax	0.25		R	I_EXPR	0.01	0.005	204	0.0003416323225492133	0.0004673146392365206	0.00036755745799495865	0.0011800249988045176
HER2ST_manual_controlled	HER2ST_D1_CONTROLLED	within_section_controlled_combined	HER2ST::D	manual_truth_controlled	reverse	HER2ST_D1_CONTROLLED__reverse	row_softmax	0.25		R	I_EXPR	0.005	0.0025	204	0.00017084682339998328	0.00023375622306500134	0.0001837971607830778	0.0005904334062735502
HER2ST_manual_controlled	HER2ST_D1_CONTROLLED	within_section_controlled_combined	HER2ST::D	manual_truth_controlled	reverse	HER2ST_D1_CONTROLLED__reverse	row_softmax	0.25		R	I_EXPR	0.0025	0.00125	204	8.543108118488769e-05	0.00011690285522496265	9.190319980852813e-05	0.0002953219549339483
HER2ST_manual_controlled	HER2ST_D1_CONTROLLED	within_section_controlled_combined	HER2ST::D	manual_truth_controlled	reverse	HER2ST_D1_CONTROLLED__reverse	row_softmax	0.25		R	I_EXPR	0.00125	0.000625	204	4.271745553882246e-05	5.8457620415370675e-05	4.595275565111805e-05	0.00014768729395598612
HER2ST_manual_controlled	HER2ST_D1_CONTROLLED	within_section_controlled_combined	HER2ST::D	manual_truth_controlled	reverse	HER2ST_D1_CONTROLLED__reverse	row_softmax	0.25		R	I_SPATIAL	0.02	0.01	204	0.0057935552671121255	0.007176695098821924	0.005788027459191445	0.007544235740532886
HER2ST_manual_controlled	HER2ST_D1_CONTROLLED	within_section_controlled_combined	HER2ST::D	manual_truth_controlled	reverse	HER2ST_D1_CONTROLLED__reverse	row_softmax	0.25		R	I_SPATIAL	0.01	0.005	204	0.0028784857462591717	0.003566604669995164	0.0028774117016678482	0.003740083354197045
HER2ST_manual_controlled	HER2ST_D1_CONTROLLED	within_section_controlled_combined	HER2ST::D	manual_truth_controlled	reverse	HER2ST_D1_CONTROLLED__reverse	row_softmax	0.25		R	I_SPATIAL	0.005	0.0025	204	0.0014346993777181612	0.0017770799354368545	0.00143458674276183	0.0018621845491734988
HER2ST_manual_controlled	HER2ST_D1_CONTROLLED	within_section_controlled_combined	HER2ST::D	manual_truth_controlled	reverse	HER2ST_D1_CONTROLLED__reverse	row_softmax	0.25		R	I_SPATIAL	0.0025	0.00125	204	0.0007162632020718213	0.0008869845309758507	0.0007162675988044789	0.0009291406785760925
HER2ST_manual_controlled	HER2ST_D1_CONTROLLED	within_section_controlled_combined	HER2ST::D	manual_truth_controlled	reverse	HER2ST_D1_CONTROLLED__reverse	row_softmax	0.25		R	I_SPATIAL	0.00125	0.000625	204	0.0003578940695139345	0.00044310391807726973	0.00035787799605922315	0.00046408346482341805
HER2ST_manual_controlled	HER2ST_D1_CONTROLLED	within_section_controlled_combined	HER2ST::D	manual_truth_controlled	reverse	HER2ST_D1_CONTROLLED__reverse	row_softmax	0.25		N	I_EXPR	0.02	0.01	204	0.005738481167978723	0.006980144681016192	0.005734439985088422	0.00765158285626193
HER2ST_manual_controlled	HER2ST_D1_CONTROLLED	within_section_controlled_combined	HER2ST::D	manual_truth_controlled	reverse	HER2ST_D1_CONTROLLED__reverse	row_softmax	0.25		N	I_EXPR	0.01	0.005	204	0.002884753516915203	0.0035150809818624658	0.002883769093122468	0.00385955665114891
HER2ST_manual_controlled	HER2ST_D1_CONTROLLED	within_section_controlled_combined	HER2ST::D	manual_truth_controlled	reverse	HER2ST_D1_CONTROLLED__reverse	row_softmax	0.25		N	I_EXPR	0.005	0.0025	204	0.0014463667139991935	0.0017638358130648245	0.0014460556990298268	0.0019382994539682604
HER2ST_manual_controlled	HER2ST_D1_CONTROLLED	within_section_controlled_combined	HER2ST::D	manual_truth_controlled	reverse	HER2ST_D1_CONTROLLED__reverse	row_softmax	0.25		N	I_EXPR	0.0025	0.00125	204	0.0007241846938716438	0.0008834971541479372	0.0007240750032019759	0.0009712900588148601
HER2ST_manual_controlled	HER2ST_D1_CONTROLLED	within_section_controlled_combined	HER2ST::D	manual_truth_controlled	reverse	HER2ST_D1_CONTROLLED__reverse	row_softmax	0.25		N	I_EXPR	0.00125	0.000625	204	0.00036234295477383235	0.0004421440678178245	0.0003622998584312681	0.0004861813722454622
HER2ST_manual_controlled	HER2ST_D1_CONTROLLED	within_section_controlled_combined	HER2ST::D	manual_truth_controlled	reverse	HER2ST_D1_CONTROLLED__reverse	row_softmax	0.25		N	I_SPATIAL	0.02	0.01	204	0.0058679837628453566	0.007182991921856113	0.005869046397176639	0.007926865413170357
HER2ST_manual_controlled	HER2ST_D1_CONTROLLED	within_section_controlled_combined	HER2ST::D	manual_truth_controlled	reverse	HER2ST_D1_CONTROLLED__reverse	row_softmax	0.25		N	I_SPATIAL	0.01	0.005	204	0.002918204944906598	0.0035657912319533806	0.0029174213105251662	0.003928372091066717
HER2ST_manual_controlled	HER2ST_D1_CONTROLLED	within_section_controlled_combined	HER2ST::D	manual_truth_controlled	reverse	HER2ST_D1_CONTROLLED__reverse	row_softmax	0.25		N	I_SPATIAL	0.005	0.0025	204	0.0014544491777016156	0.0017765132778784513	0.0014544700001705509	0.0019555029887872184
HER2ST_manual_controlled	HER2ST_D1_CONTROLLED	within_section_controlled_combined	HER2ST::D	manual_truth_controlled	reverse	HER2ST_D1_CONTROLLED__reverse	row_softmax	0.25		N	I_SPATIAL	0.0025	0.00125	204	0.0007261917410278083	0.00088666651434465	0.0007261786500636095	0.0009755909217041964
HER2ST_manual_controlled	HER2ST_D1_CONTROLLED	within_section_controlled_combined	HER2ST::D	manual_truth_controlled	reverse	HER2ST_D1_CONTROLLED__reverse	row_softmax	0.25		N	I_SPATIAL	0.00125	0.000625	204	0.00036284471702927143	0.00044293640681848103	0.00036282576659033976	0.000487256587509652
HER2ST_manual_controlled	HER2ST_E1_CONTROLLED	within_section_controlled_combined	HER2ST::E	manual_truth_controlled	forward	HER2ST_E1_CONTROLLED	balanced_ot	0.25		R	I_EXPR	0.02	0.01	534	0.0005626732724812625	0.0009325663315407496	0.0006008897547978536	0.0017781773546593168
HER2ST_manual_controlled	HER2ST_E1_CONTROLLED	within_section_controlled_combined	HER2ST::E	manual_truth_controlled	forward	HER2ST_E1_CONTROLLED	balanced_ot	0.25		R	I_EXPR	0.01	0.005	534	0.00028167072296181566	0.0004671753035634332	0.00030089720854815526	0.0008912265785999524
HER2ST_manual_controlled	HER2ST_E1_CONTROLLED	within_section_controlled_combined	HER2ST::E	manual_truth_controlled	forward	HER2ST_E1_CONTROLLED	balanced_ot	0.25		R	I_EXPR	0.005	0.0025	534	0.0001409190282656941	0.0002338111005453922	0.0001505619378444015	0.0004461486815277055
HER2ST_manual_controlled	HER2ST_E1_CONTROLLED	within_section_controlled_combined	HER2ST::E	manual_truth_controlled	forward	HER2ST_E1_CONTROLLED	balanced_ot	0.25		R	I_EXPR	0.0025	0.00125	534	7.048047232120728e-05	0.00011696148400994205	7.530933727663153e-05	0.00022320831362365588
HER2ST_manual_controlled	HER2ST_E1_CONTROLLED	within_section_controlled_combined	HER2ST::E	manual_truth_controlled	forward	HER2ST_E1_CONTROLLED	balanced_ot	0.25		R	I_EXPR	0.00125	0.000625	534	3.524546462740409e-05	5.849474371615475e-05	3.7661758128134995e-05	0.0001116376143379117
HER2ST_manual_controlled	HER2ST_E1_CONTROLLED	within_section_controlled_combined	HER2ST::E	manual_truth_controlled	forward	HER2ST_E1_CONTROLLED	balanced_ot	0.25		R	I_SPATIAL	0.02	0.01	534	0.00587177177827897	0.0069972537107498385	0.005867756328308271	0.007632745697789722
HER2ST_manual_controlled	HER2ST_E1_CONTROLLED	within_section_controlled_combined	HER2ST::E	manual_truth_controlled	forward	HER2ST_E1_CONTROLLED	balanced_ot	0.25		R	I_SPATIAL	0.01	0.005	534	0.002920558679971979	0.003475070790273202	0.002917002619836329	0.003793139352615184
HER2ST_manual_controlled	HER2ST_E1_CONTROLLED	within_section_controlled_combined	HER2ST::E	manual_truth_controlled	forward	HER2ST_E1_CONTROLLED	balanced_ot	0.25		R	I_SPATIAL	0.005	0.0025	534	0.0014575835228584726	0.0017321321075167487	0.001454317945677472	0.0018908443995149001
HER2ST_manual_controlled	HER2ST_E1_CONTROLLED	within_section_controlled_combined	HER2ST::E	manual_truth_controlled	forward	HER2ST_E1_CONTROLLED	balanced_ot	0.25		R	I_SPATIAL	0.0025	0.00125	534	0.0007278238126982003	0.0008648309413016204	0.0007261178561199737	0.0009439921511548994
HER2ST_manual_controlled	HER2ST_E1_CONTROLLED	within_section_controlled_combined	HER2ST::E	manual_truth_controlled	forward	HER2ST_E1_CONTROLLED	balanced_ot	0.25		R	I_SPATIAL	0.00125	0.000625	534	0.0003636360587836647	0.00043210818655339974	0.00036279923806419604	0.0004716387269007647
HER2ST_manual_controlled	HER2ST_E1_CONTROLLED	within_section_controlled_combined	HER2ST::E	manual_truth_controlled	forward	HER2ST_E1_CONTROLLED	balanced_ot	0.25		N	I_EXPR	0.02	0.01	534	0.0057364920368136165	0.006824950658514008	0.005725382443787356	0.007567669154287636
HER2ST_manual_controlled	HER2ST_E1_CONTROLLED	within_section_controlled_combined	HER2ST::E	manual_truth_controlled	forward	HER2ST_E1_CONTROLLED	balanced_ot	0.25		N	I_EXPR	0.01	0.005	534	0.002883768811358646	0.00343380499760025	0.0028790596360262523	0.003807231688655427
HER2ST_manual_controlled	HER2ST_E1_CONTROLLED	within_section_controlled_combined	HER2ST::E	manual_truth_controlled	forward	HER2ST_E1_CONTROLLED	balanced_ot	0.25		N	I_EXPR	0.005	0.0025	534	0.0014457936978806713	0.0017221217875698525	0.0014436554635924796	0.001909466729164994
HER2ST_manual_controlled	HER2ST_E1_CONTROLLED	within_section_controlled_combined	HER2ST::E	manual_truth_controlled	forward	HER2ST_E1_CONTROLLED	balanced_ot	0.25		N	I_EXPR	0.0025	0.00125	534	0.0007242133661987481	0.000862498302738067	0.0007228633439332137	0.0009561926417268615
HER2ST_manual_controlled	HER2ST_E1_CONTROLLED	within_section_controlled_combined	HER2ST::E	manual_truth_controlled	forward	HER2ST_E1_CONTROLLED	balanced_ot	0.25		N	I_EXPR	0.00125	0.000625	534	0.0003624115939086159	0.00043164826519688417	0.0003616911376049768	0.00047846130923064696
HER2ST_manual_controlled	HER2ST_E1_CONTROLLED	within_section_controlled_combined	HER2ST::E	manual_truth_controlled	forward	HER2ST_E1_CONTROLLED	balanced_ot	0.25		N	I_SPATIAL	0.02	0.01	534	0.005862245829372394	0.007001756407851776	0.005858548700716261	0.007754912214294199
HER2ST_manual_controlled	HER2ST_E1_CONTROLLED	within_section_controlled_combined	HER2ST::E	manual_truth_controlled	forward	HER2ST_E1_CONTROLLED	balanced_ot	0.25		N	I_SPATIAL	0.01	0.005	534	0.002916586361110433	0.003481336293856448	0.0029123418038274757	0.0038540083134914757
HER2ST_manual_controlled	HER2ST_E1_CONTROLLED	within_section_controlled_combined	HER2ST::E	manual_truth_controlled	forward	HER2ST_E1_CONTROLLED	balanced_ot	0.25		N	I_SPATIAL	0.005	0.0025	534	0.001454657538738354	0.0017347263456663127	0.0014519756952041246	0.0019211515523602988
HER2ST_manual_controlled	HER2ST_E1_CONTROLLED	within_section_controlled_combined	HER2ST::E	manual_truth_controlled	forward	HER2ST_E1_CONTROLLED	balanced_ot	0.25		N	I_SPATIAL	0.0025	0.00125	534	0.0007264069531093403	0.0008657210564718686	0.0007249433845625049	0.0009591138675306229
HER2ST_manual_controlled	HER2ST_E1_CONTROLLED	within_section_controlled_combined	HER2ST::E	manual_truth_controlled	forward	HER2ST_E1_CONTROLLED	balanced_ot	0.25		N	I_SPATIAL	0.00125	0.000625	534	0.00036293873963949927	0.00043245092138122644	0.0003622111415745157	0.00047919161868985354
HER2ST_manual_controlled	HER2ST_E1_CONTROLLED	within_section_controlled_combined	HER2ST::E	manual_truth_controlled	forward	HER2ST_E1_CONTROLLED	uot	0.25	2.0	R	I_EXPR	0.02	0.01	534	0.0005817075627363515	0.0006503103951692674	0.0005842558634086524	0.0007781076144522141
HER2ST_manual_controlled	HER2ST_E1_CONTROLLED	within_section_controlled_combined	HER2ST::E	manual_truth_controlled	forward	HER2ST_E1_CONTROLLED	uot	0.25	2.0	R	I_EXPR	0.01	0.005	534	0.00029076161567379087	0.0003250872005465479	0.0002920484051375963	0.0003891154133108889
HER2ST_manual_controlled	HER2ST_E1_CONTROLLED	within_section_controlled_combined	HER2ST::E	manual_truth_controlled	forward	HER2ST_E1_CONTROLLED	uot	0.25	2.0	R	I_EXPR	0.005	0.0025	534	0.00014535776993990893	0.00016252976317734604	0.0001460043430167756	0.00019457356480078854
HER2ST_manual_controlled	HER2ST_E1_CONTROLLED	within_section_controlled_combined	HER2ST::E	manual_truth_controlled	forward	HER2ST_E1_CONTROLLED	uot	0.25	2.0	R	I_EXPR	0.0025	0.00125	534	7.267312541412495e-05	8.126142669655464e-05	7.299720880907175e-05	9.729076973933619e-05
HER2ST_manual_controlled	HER2ST_E1_CONTROLLED	within_section_controlled_combined	HER2ST::E	manual_truth_controlled	forward	HER2ST_E1_CONTROLLED	uot	0.25	2.0	R	I_EXPR	0.00125	0.000625	534	3.633512648870305e-05	4.062984883948806e-05	3.6497364460143265e-05	4.864638528810876e-05
HER2ST_manual_controlled	HER2ST_E1_CONTROLLED	within_section_controlled_combined	HER2ST::E	manual_truth_controlled	forward	HER2ST_E1_CONTROLLED	uot	0.25	2.0	R	I_SPATIAL	0.02	0.01	534	0.006109098415597161	0.007745143202592171	0.006155084130158588	0.008882665438739997
HER2ST_manual_controlled	HER2ST_E1_CONTROLLED	within_section_controlled_combined	HER2ST::E	manual_truth_controlled	forward	HER2ST_E1_CONTROLLED	uot	0.25	2.0	R	I_SPATIAL	0.01	0.005	534	0.003037069900476968	0.0038437037090433106	0.003059556438010788	0.004411736853438756
HER2ST_manual_controlled	HER2ST_E1_CONTROLLED	within_section_controlled_combined	HER2ST::E	manual_truth_controlled	forward	HER2ST_E1_CONTROLLED	uot	0.25	2.0	R	I_SPATIAL	0.005	0.0025	534	0.0015146112717089118	0.0019151684260230106	0.0015253207085916757	0.002198602059850255
HER2ST_manual_controlled	HER2ST_E1_CONTROLLED	within_section_controlled_combined	HER2ST::E	manual_truth_controlled	forward	HER2ST_E1_CONTROLLED	uot	0.25	2.0	R	I_SPATIAL	0.0025	0.00125	534	0.0007563262832168408	0.0009559183792874688	0.0007615506974893967	0.001097487727303822
HER2ST_manual_controlled	HER2ST_E1_CONTROLLED	within_section_controlled_combined	HER2ST::E	manual_truth_controlled	forward	HER2ST_E1_CONTROLLED	uot	0.25	2.0	R	I_SPATIAL	0.00125	0.000625	534	0.0003779154877734903	0.00047754335884333464	0.0003804985138665745	0.0005482909521519872
HER2ST_manual_controlled	HER2ST_E1_CONTROLLED	within_section_controlled_combined	HER2ST::E	manual_truth_controlled	forward	HER2ST_E1_CONTROLLED	uot	0.25	2.0	N	I_EXPR	0.02	0.01	534	0.004828513012011978	0.0062876648146551585	0.0049893976148137256	0.0076056872392455625
HER2ST_manual_controlled	HER2ST_E1_CONTROLLED	within_section_controlled_combined	HER2ST::E	manual_truth_controlled	forward	HER2ST_E1_CONTROLLED	uot	0.25	2.0	N	I_EXPR	0.01	0.005	534	0.002425887681729233	0.0031702819224711945	0.002509881923622816	0.0038295987565412143
HER2ST_manual_controlled	HER2ST_E1_CONTROLLED	within_section_controlled_combined	HER2ST::E	manual_truth_controlled	forward	HER2ST_E1_CONTROLLED	uot	0.25	2.0	N	I_EXPR	0.005	0.0025	534	0.0012158804988949552	0.0015918087486785784	0.001258769570015296	0.001921624485260049
HER2ST_manual_controlled	HER2ST_E1_CONTROLLED	within_section_controlled_combined	HER2ST::E	manual_truth_controlled	forward	HER2ST_E1_CONTROLLED	uot	0.25	2.0	N	I_EXPR	0.0025	0.00125	534	0.0006086741244552103	0.0007975783051035614	0.0006303464577246716	0.0009625260189791518
HER2ST_manual_controlled	HER2ST_E1_CONTROLLED	within_section_controlled_combined	HER2ST::E	manual_truth_controlled	forward	HER2ST_E1_CONTROLLED	uot	0.25	2.0	N	I_EXPR	0.00125	0.000625	534	0.0003045525552921288	0.00039920851123706415	0.0003154142111250542	0.00048169112193953363
HER2ST_manual_controlled	HER2ST_E1_CONTROLLED	within_section_controlled_combined	HER2ST::E	manual_truth_controlled	forward	HER2ST_E1_CONTROLLED	uot	0.25	2.0	N	I_SPATIAL	0.02	0.01	534	0.004934191164999803	0.006501779524542485	0.00511305191819827	0.007824126986328894
HER2ST_manual_controlled	HER2ST_E1_CONTROLLED	within_section_controlled_combined	HER2ST::E	manual_truth_controlled	forward	HER2ST_E1_CONTROLLED	uot	0.25	2.0	N	I_SPATIAL	0.01	0.005	534	0.0024556112199668875	0.003224073842510746	0.002540792741692938	0.003884333907989491
HER2ST_manual_controlled	HER2ST_E1_CONTROLLED	within_section_controlled_combined	HER2ST::E	manual_truth_controlled	forward	HER2ST_E1_CONTROLLED	uot	0.25	2.0	N	I_SPATIAL	0.005	0.0025	534	0.0012235274088267679	0.0016052564618068174	0.0012664977348816088	0.0019353106915690826
HER2ST_manual_controlled	HER2ST_E1_CONTROLLED	within_section_controlled_combined	HER2ST::E	manual_truth_controlled	forward	HER2ST_E1_CONTROLLED	uot	0.25	2.0	N	I_SPATIAL	0.0025	0.00125	534	0.0006106978850434184	0.0008009402166602893	0.0006322785563054558	0.0009659444881341102
HER2ST_manual_controlled	HER2ST_E1_CONTROLLED	within_section_controlled_combined	HER2ST::E	manual_truth_controlled	forward	HER2ST_E1_CONTROLLED	uot	0.25	2.0	N	I_SPATIAL	0.00125	0.000625	534	0.0003050829527739389	0.00040004898921067097	0.0003158972459905398	0.00048254493301536864
HER2ST_manual_controlled	HER2ST_E1_CONTROLLED	within_section_controlled_combined	HER2ST::E	manual_truth_controlled	forward	HER2ST_E1_CONTROLLED	row_softmax	0.25		R	I_EXPR	0.02	0.01	534	0.0007109379363646869	0.0008768549907935927	0.0007099882554400884	0.0014571122191992618
HER2ST_manual_controlled	HER2ST_E1_CONTROLLED	within_section_controlled_combined	HER2ST::E	manual_truth_controlled	forward	HER2ST_E1_CONTROLLED	row_softmax	0.25		R	I_EXPR	0.01	0.005	534	0.0003555756996102288	0.00043886851742520677	0.00035518268137408465	0.0007301521177706479
HER2ST_manual_controlled	HER2ST_E1_CONTROLLED	within_section_controlled_combined	HER2ST::E	manual_truth_controlled	forward	HER2ST_E1_CONTROLLED	row_softmax	0.25		R	I_EXPR	0.005	0.0025	534	0.00017781454863615112	0.0002195448761986942	0.00017763858173176523	0.00036547586126693145
HER2ST_manual_controlled	HER2ST_E1_CONTROLLED	within_section_controlled_combined	HER2ST::E	manual_truth_controlled	forward	HER2ST_E1_CONTROLLED	row_softmax	0.25		R	I_EXPR	0.0025	0.00125	534	8.891480892167026e-05	0.00010980015121659041	8.883111471916017e-05	0.00018283798197111424
HER2ST_manual_controlled	HER2ST_E1_CONTROLLED	within_section_controlled_combined	HER2ST::E	manual_truth_controlled	forward	HER2ST_E1_CONTROLLED	row_softmax	0.25		R	I_EXPR	0.00125	0.000625	534	4.445963473172593e-05	5.4907001322921917e-05	4.441851495276614e-05	9.144401783217985e-05
HER2ST_manual_controlled	HER2ST_E1_CONTROLLED	within_section_controlled_combined	HER2ST::E	manual_truth_controlled	forward	HER2ST_E1_CONTROLLED	row_softmax	0.25		R	I_SPATIAL	0.02	0.01	534	0.005887304456209264	0.007060521419014192	0.005764842019095623	0.007676112260196942
HER2ST_manual_controlled	HER2ST_E1_CONTROLLED	within_section_controlled_combined	HER2ST::E	manual_truth_controlled	forward	HER2ST_E1_CONTROLLED	row_softmax	0.25		R	I_SPATIAL	0.01	0.005	534	0.0029256172272560292	0.0035041763580000397	0.0028663930780185843	0.0038119697878750956
HER2ST_manual_controlled	HER2ST_E1_CONTROLLED	within_section_controlled_combined	HER2ST::E	manual_truth_controlled	forward	HER2ST_E1_CONTROLLED	row_softmax	0.25		R	I_SPATIAL	0.005	0.0025	534	0.001458343401341984	0.0017461515394476795	0.0014292210124875883	0.0018995267842268637
HER2ST_manual_controlled	HER2ST_E1_CONTROLLED	within_section_controlled_combined	HER2ST::E	manual_truth_controlled	forward	HER2ST_E1_CONTROLLED	row_softmax	0.25		R	I_SPATIAL	0.0025	0.00125	534	0.00072805873534566	0.0008716132494191455	0.0007136206260294862	0.0009481515083688991
HER2ST_manual_controlled	HER2ST_E1_CONTROLLED	within_section_controlled_combined	HER2ST::E	manual_truth_controlled	forward	HER2ST_E1_CONTROLLED	row_softmax	0.25		R	I_SPATIAL	0.00125	0.000625	534	0.0003637513137928095	0.00043544206957813706	0.0003565633101787933	0.000473673117586375
HER2ST_manual_controlled	HER2ST_E1_CONTROLLED	within_section_controlled_combined	HER2ST::E	manual_truth_controlled	forward	HER2ST_E1_CONTROLLED	row_softmax	0.25		N	I_EXPR	0.02	0.01	534	0.0058045754803353325	0.006886911815826597	0.005689338099160561	0.007727414748136288
HER2ST_manual_controlled	HER2ST_E1_CONTROLLED	within_section_controlled_combined	HER2ST::E	manual_truth_controlled	forward	HER2ST_E1_CONTROLLED	row_softmax	0.25		N	I_EXPR	0.01	0.005	534	0.002920855104314514	0.0034680298202104005	0.002860561165008277	0.003892414747517487
HER2ST_manual_controlled	HER2ST_E1_CONTROLLED	within_section_controlled_combined	HER2ST::E	manual_truth_controlled	forward	HER2ST_E1_CONTROLLED	row_softmax	0.25		N	I_EXPR	0.005	0.0025	534	0.0014646520358287593	0.0017404731159834715	0.0014342841382650666	0.0019533855720448813
HER2ST_manual_controlled	HER2ST_E1_CONTROLLED	within_section_controlled_combined	HER2ST::E	manual_truth_controlled	forward	HER2ST_E1_CONTROLLED	row_softmax	0.25		N	I_EXPR	0.0025	0.00125	534	0.0007335573730032137	0.0008716642847601331	0.000718146821203705	0.0009784880899902449
HER2ST_manual_controlled	HER2ST_E1_CONTROLLED	within_section_controlled_combined	HER2ST::E	manual_truth_controlled	forward	HER2ST_E1_CONTROLLED	row_softmax	0.25		N	I_EXPR	0.00125	0.000625	534	0.0003671006231341544	0.00043618960184956657	0.0003593250798560388	0.0004896933380417559
HER2ST_manual_controlled	HER2ST_E1_CONTROLLED	within_section_controlled_combined	HER2ST::E	manual_truth_controlled	forward	HER2ST_E1_CONTROLLED	row_softmax	0.25		N	I_SPATIAL	0.02	0.01	534	0.0059538934803554915	0.007078542667183719	0.005818501272159676	0.007959728068111366
HER2ST_manual_controlled	HER2ST_E1_CONTROLLED	within_section_controlled_combined	HER2ST::E	manual_truth_controlled	forward	HER2ST_E1_CONTROLLED	row_softmax	0.25		N	I_SPATIAL	0.01	0.005	534	0.0029587517555362793	0.0035162958907408275	0.002892841542612747	0.003950380323347227
HER2ST_manual_controlled	HER2ST_E1_CONTROLLED	within_section_controlled_combined	HER2ST::E	manual_truth_controlled	forward	HER2ST_E1_CONTROLLED	row_softmax	0.25		N	I_SPATIAL	0.005	0.0025	534	0.0014743224235436792	0.001751928745697199	0.0014423530728454826	0.0019678338592525125
HER2ST_manual_controlled	HER2ST_E1_CONTROLLED	within_section_controlled_combined	HER2ST::E	manual_truth_controlled	forward	HER2ST_E1_CONTROLLED	row_softmax	0.25		N	I_SPATIAL	0.0025	0.00125	534	0.0007358883299336805	0.0008745281867517598	0.0007201639986727159	0.0009820861453097537
HER2ST_manual_controlled	HER2ST_E1_CONTROLLED	within_section_controlled_combined	HER2ST::E	manual_truth_controlled	forward	HER2ST_E1_CONTROLLED	row_softmax	0.25		N	I_SPATIAL	0.00125	0.000625	534	0.0003676671875300037	0.0004369055770945832	0.0003598293794298469	0.0004905928531039423
HER2ST_manual_controlled	HER2ST_E1_CONTROLLED	within_section_controlled_combined	HER2ST::E	manual_truth_controlled	reverse	HER2ST_E1_CONTROLLED__reverse	balanced_ot	0.25		R	I_EXPR	0.02	0.01	427	0.0005712414645056066	0.0009079339768351092	0.0006340083801440666	0.0016455828799864442
HER2ST_manual_controlled	HER2ST_E1_CONTROLLED	within_section_controlled_combined	HER2ST::E	manual_truth_controlled	reverse	HER2ST_E1_CONTROLLED__reverse	balanced_ot	0.25		R	I_EXPR	0.01	0.005	427	0.00028594577937959267	0.0004550592096184239	0.00031749778010112907	0.0008252522094221014
HER2ST_manual_controlled	HER2ST_E1_CONTROLLED	within_section_controlled_combined	HER2ST::E	manual_truth_controlled	reverse	HER2ST_E1_CONTROLLED__reverse	balanced_ot	0.25		R	I_EXPR	0.005	0.0025	427	0.00014305430469624574	0.00022780331801204975	0.0001588725636510015	0.00041324263875599647
HER2ST_manual_controlled	HER2ST_E1_CONTROLLED	within_section_controlled_combined	HER2ST::E	manual_truth_controlled	reverse	HER2ST_E1_CONTROLLED__reverse	balanced_ot	0.25		R	I_EXPR	0.0025	0.00125	427	7.154752161627112e-05	0.00011397017354579608	7.946723217885632e-05	0.00020677563452131242
HER2ST_manual_controlled	HER2ST_E1_CONTROLLED	within_section_controlled_combined	HER2ST::E	manual_truth_controlled	reverse	HER2ST_E1_CONTROLLED__reverse	balanced_ot	0.25		R	I_EXPR	0.00125	0.000625	427	3.577886283825783e-05	5.700222841562551e-05	3.974135746385897e-05	0.00010342638645303007
HER2ST_manual_controlled	HER2ST_E1_CONTROLLED	within_section_controlled_combined	HER2ST::E	manual_truth_controlled	reverse	HER2ST_E1_CONTROLLED__reverse	balanced_ot	0.25		R	I_SPATIAL	0.02	0.01	427	0.005883871690326356	0.00702327545073456	0.005870292743702974	0.007508516977324715
HER2ST_manual_controlled	HER2ST_E1_CONTROLLED	within_section_controlled_combined	HER2ST::E	manual_truth_controlled	reverse	HER2ST_E1_CONTROLLED__reverse	balanced_ot	0.25		R	I_SPATIAL	0.01	0.005	427	0.0029232416938578753	0.0034884097407544934	0.0029182360492376663	0.003727710871368232
HER2ST_manual_controlled	HER2ST_E1_CONTROLLED	within_section_controlled_combined	HER2ST::E	manual_truth_controlled	reverse	HER2ST_E1_CONTROLLED__reverse	balanced_ot	0.25		R	I_SPATIAL	0.005	0.0025	427	0.001458589326164344	0.001738778243072914	0.001454925894035553	0.0018572658189323912
HER2ST_manual_controlled	HER2ST_E1_CONTROLLED	within_section_controlled_combined	HER2ST::E	manual_truth_controlled	reverse	HER2ST_E1_CONTROLLED__reverse	balanced_ot	0.25		R	I_SPATIAL	0.0025	0.00125	427	0.0007281758256027415	0.0008682073846453457	0.0007264196941577168	0.0009269913835815367
HER2ST_manual_controlled	HER2ST_E1_CONTROLLED	within_section_controlled_combined	HER2ST::E	manual_truth_controlled	reverse	HER2ST_E1_CONTROLLED__reverse	balanced_ot	0.25		R	I_SPATIAL	0.00125	0.000625	427	0.0003638086945398334	0.00043379760783566915	0.00036294962309746696	0.0004630860413678453
HER2ST_manual_controlled	HER2ST_E1_CONTROLLED	within_section_controlled_combined	HER2ST::E	manual_truth_controlled	reverse	HER2ST_E1_CONTROLLED__reverse	balanced_ot	0.25		N	I_EXPR	0.02	0.01	427	0.0057383728037958106	0.006795051953414995	0.005727895076878955	0.007410483101752758
HER2ST_manual_controlled	HER2ST_E1_CONTROLLED	within_section_controlled_combined	HER2ST::E	manual_truth_controlled	reverse	HER2ST_E1_CONTROLLED__reverse	balanced_ot	0.25		N	I_EXPR	0.01	0.005	427	0.0028863163103371487	0.0034194936927157914	0.0028803484291501534	0.003731328520875747
HER2ST_manual_controlled	HER2ST_E1_CONTROLLED	within_section_controlled_combined	HER2ST::E	manual_truth_controlled	reverse	HER2ST_E1_CONTROLLED__reverse	balanced_ot	0.25		N	I_EXPR	0.005	0.0025	427	0.0014475827168652956	0.0017150389350903497	0.001444308049382861	0.0018722327866314325
HER2ST_manual_controlled	HER2ST_E1_CONTROLLED	within_section_controlled_combined	HER2ST::E	manual_truth_controlled	reverse	HER2ST_E1_CONTROLLED__reverse	balanced_ot	0.25		N	I_EXPR	0.0025	0.00125	427	0.0007252117712224827	0.0008590496867726598	0.0007231916749682586	0.00093776440727324
HER2ST_manual_controlled	HER2ST_E1_CONTROLLED	within_section_controlled_combined	HER2ST::E	manual_truth_controlled	reverse	HER2ST_E1_CONTROLLED__reverse	balanced_ot	0.25		N	I_EXPR	0.00125	0.000625	427	0.00036296254868081946	0.0004299082403046427	0.000361855814861536	0.00046929494533475664
HER2ST_manual_controlled	HER2ST_E1_CONTROLLED	within_section_controlled_combined	HER2ST::E	manual_truth_controlled	reverse	HER2ST_E1_CONTROLLED__reverse	balanced_ot	0.25		N	I_SPATIAL	0.02	0.01	427	0.005888095136591035	0.006980017673413542	0.005861321915643944	0.007623569551209192
HER2ST_manual_controlled	HER2ST_E1_CONTROLLED	within_section_controlled_combined	HER2ST::E	manual_truth_controlled	reverse	HER2ST_E1_CONTROLLED__reverse	balanced_ot	0.25		N	I_SPATIAL	0.01	0.005	427	0.002923715424048828	0.003467074366393143	0.0029136956976469077	0.0037844717584434007
HER2ST_manual_controlled	HER2ST_E1_CONTROLLED	within_section_controlled_combined	HER2ST::E	manual_truth_controlled	reverse	HER2ST_E1_CONTROLLED__reverse	balanced_ot	0.25		N	I_SPATIAL	0.005	0.0025	427	0.0014565459959429918	0.0017273347700335233	0.0014526444983680618	0.0018855060272046106
HER2ST_manual_controlled	HER2ST_E1_CONTROLLED	within_section_controlled_combined	HER2ST::E	manual_truth_controlled	reverse	HER2ST_E1_CONTROLLED__reverse	balanced_ot	0.25		N	I_SPATIAL	0.0025	0.00125	427	0.0007272151039104224	0.000862123625785144	0.0007252757571725813	0.0009410788927937527
HER2ST_manual_controlled	HER2ST_E1_CONTROLLED	within_section_controlled_combined	HER2ST::E	manual_truth_controlled	reverse	HER2ST_E1_CONTROLLED__reverse	balanced_ot	0.25		N	I_SPATIAL	0.00125	0.000625	427	0.00036342864285104123	0.0004306767244970281	0.0003623768269826547	0.0004701219023535272
HER2ST_manual_controlled	HER2ST_E1_CONTROLLED	within_section_controlled_combined	HER2ST::E	manual_truth_controlled	reverse	HER2ST_E1_CONTROLLED__reverse	uot	0.25	2.0	R	I_EXPR	0.02	0.01	427	0.0005816612845719911	0.0006457770417291141	0.0005845095212279528	0.0007451605468238538
HER2ST_manual_controlled	HER2ST_E1_CONTROLLED	within_section_controlled_combined	HER2ST::E	manual_truth_controlled	reverse	HER2ST_E1_CONTROLLED__reverse	uot	0.25	2.0	R	I_EXPR	0.01	0.005	427	0.0002907491150281691	0.00032281058570361813	0.00029217630920453194	0.0003725743295896399
HER2ST_manual_controlled	HER2ST_E1_CONTROLLED	within_section_controlled_combined	HER2ST::E	manual_truth_controlled	reverse	HER2ST_E1_CONTROLLED__reverse	uot	0.25	2.0	R	I_EXPR	0.005	0.0025	427	0.00014535418754781448	0.00016138584120038872	0.00014606856508597	0.00018628580107839113
HER2ST_manual_controlled	HER2ST_E1_CONTROLLED	within_section_controlled_combined	HER2ST::E	manual_truth_controlled	reverse	HER2ST_E1_CONTROLLED__reverse	uot	0.25	2.0	R	I_EXPR	0.0025	0.00125	427	7.267200038513631e-05	8.068806171827677e-05	7.302938787107916e-05	9.314257593482464e-05
HER2ST_manual_controlled	HER2ST_E1_CONTROLLED	within_section_controlled_combined	HER2ST::E	manual_truth_controlled	reverse	HER2ST_E1_CONTROLLED__reverse	uot	0.25	2.0	R	I_EXPR	0.00125	0.000625	427	3.633473544627243e-05	4.0342811853058814e-05	3.6513470773986784e-05	4.65712067297059e-05
HER2ST_manual_controlled	HER2ST_E1_CONTROLLED	within_section_controlled_combined	HER2ST::E	manual_truth_controlled	reverse	HER2ST_E1_CONTROLLED__reverse	uot	0.25	2.0	R	I_SPATIAL	0.02	0.01	427	0.006294795965286967	0.007361867118139459	0.006154621784945349	0.008149565611541232
HER2ST_manual_controlled	HER2ST_E1_CONTROLLED	within_section_controlled_combined	HER2ST::E	manual_truth_controlled	reverse	HER2ST_E1_CONTROLLED__reverse	uot	0.25	2.0	R	I_SPATIAL	0.01	0.005	427	0.003123545751265133	0.003655791618856855	0.0030592825461055804	0.00404676974737819
HER2ST_manual_controlled	HER2ST_E1_CONTROLLED	within_section_controlled_combined	HER2ST::E	manual_truth_controlled	reverse	HER2ST_E1_CONTROLLED__reverse	uot	0.25	2.0	R	I_SPATIAL	0.005	0.0025	427	0.0015558745344279353	0.0018214292889680284	0.0015251728314560147	0.0020164821109161556
HER2ST_manual_controlled	HER2ST_E1_CONTROLLED	within_section_controlled_combined	HER2ST::E	manual_truth_controlled	reverse	HER2ST_E1_CONTROLLED__reverse	uot	0.25	2.0	R	I_SPATIAL	0.0025	0.00125	427	0.0007764704420105981	0.0009091000441094263	0.0007614739845916528	0.0010065217695279381
HER2ST_manual_controlled	HER2ST_E1_CONTROLLED	within_section_controlled_combined	HER2ST::E	manual_truth_controlled	reverse	HER2ST_E1_CONTROLLED__reverse	uot	0.25	2.0	R	I_SPATIAL	0.00125	0.000625	427	0.00038786947806020177	0.0004541470212058412	0.0003804594685808427	0.0005028318610207703
HER2ST_manual_controlled	HER2ST_E1_CONTROLLED	within_section_controlled_combined	HER2ST::E	manual_truth_controlled	reverse	HER2ST_E1_CONTROLLED__reverse	uot	0.25	2.0	N	I_EXPR	0.02	0.01	427	0.00494463853594193	0.005977544388225406	0.004985187212976204	0.00673299249423061
HER2ST_manual_controlled	HER2ST_E1_CONTROLLED	within_section_controlled_combined	HER2ST::E	manual_truth_controlled	reverse	HER2ST_E1_CONTROLLED__reverse	uot	0.25	2.0	N	I_EXPR	0.01	0.005	427	0.002486560556333586	0.003008157727214492	0.0025078064649449237	0.0033907070591126156
HER2ST_manual_controlled	HER2ST_E1_CONTROLLED	within_section_controlled_combined	HER2ST::E	manual_truth_controlled	reverse	HER2ST_E1_CONTROLLED__reverse	uot	0.25	2.0	N	I_EXPR	0.005	0.0025	427	0.001248554193770091	0.0015089535507561106	0.0012577389147647104	0.0017014829714579547
HER2ST_manual_controlled	HER2ST_E1_CONTROLLED	within_section_controlled_combined	HER2ST::E	manual_truth_controlled	reverse	HER2ST_E1_CONTROLLED__reverse	uot	0.25	2.0	N	I_EXPR	0.0025	0.00125	427	0.0006250047568967463	0.0007556981595260174	0.0006298328630049407	0.0008522795792949561
HER2ST_manual_controlled	HER2ST_E1_CONTROLLED	within_section_controlled_combined	HER2ST::E	manual_truth_controlled	reverse	HER2ST_E1_CONTROLLED__reverse	uot	0.25	2.0	N	I_EXPR	0.00125	0.000625	427	0.00031266966737251317	0.0003781547648637516	0.0003151578361057787	0.0004265250326340864
HER2ST_manual_controlled	HER2ST_E1_CONTROLLED	within_section_controlled_combined	HER2ST::E	manual_truth_controlled	reverse	HER2ST_E1_CONTROLLED__reverse	uot	0.25	2.0	N	I_SPATIAL	0.02	0.01	427	0.005075617607243062	0.006135078320395435	0.005109066608825922	0.006930371193500082
HER2ST_manual_controlled	HER2ST_E1_CONTROLLED	within_section_controlled_combined	HER2ST::E	manual_truth_controlled	reverse	HER2ST_E1_CONTROLLED__reverse	uot	0.25	2.0	N	I_SPATIAL	0.01	0.005	427	0.002521698481752979	0.003047520743892355	0.0025387729765104935	0.0034401112782941317
HER2ST_manual_controlled	HER2ST_E1_CONTROLLED	within_section_controlled_combined	HER2ST::E	manual_truth_controlled	reverse	HER2ST_E1_CONTROLLED__reverse	uot	0.25	2.0	N	I_SPATIAL	0.005	0.0025	427	0.00125608682515986	0.001518783026898471	0.0012654808854235089	0.0017138338503065772
HER2ST_manual_controlled	HER2ST_E1_CONTROLLED	within_section_controlled_combined	HER2ST::E	manual_truth_controlled	reverse	HER2ST_E1_CONTROLLED__reverse	uot	0.25	2.0	N	I_SPATIAL	0.0025	0.00125	427	0.0006268584520191334	0.0007581499445539923	0.0006317683930402193	0.0008553672887743754
HER2ST_manual_controlled	HER2ST_E1_CONTROLLED	within_section_controlled_combined	HER2ST::E	manual_truth_controlled	reverse	HER2ST_E1_CONTROLLED__reverse	uot	0.25	2.0	N	I_SPATIAL	0.00125	0.000625	427	0.00031313368696684045	0.0003787668085373217	0.0003156417302276452	0.0004272969571732599
HER2ST_manual_controlled	HER2ST_E1_CONTROLLED	within_section_controlled_combined	HER2ST::E	manual_truth_controlled	reverse	HER2ST_E1_CONTROLLED__reverse	row_softmax	0.25		R	I_EXPR	0.02	0.01	427	0.0006819779152684943	0.0008621270995023216	0.0007077285093588387	0.0012433880253568533
HER2ST_manual_controlled	HER2ST_E1_CONTROLLED	within_section_controlled_combined	HER2ST::E	manual_truth_controlled	reverse	HER2ST_E1_CONTROLLED__reverse	row_softmax	0.25		R	I_EXPR	0.01	0.005	427	0.00034111016564595	0.000431620318940116	0.0003540585257148601	0.0006231092504165947
HER2ST_manual_controlled	HER2ST_E1_CONTROLLED	within_section_controlled_combined	HER2ST::E	manual_truth_controlled	reverse	HER2ST_E1_CONTROLLED__reverse	row_softmax	0.25		R	I_EXPR	0.005	0.0025	427	0.0001706081491681619	0.0002159498094916714	0.0001770779535786529	0.00031190926030425517
HER2ST_manual_controlled	HER2ST_E1_CONTROLLED	within_section_controlled_combined	HER2ST::E	manual_truth_controlled	reverse	HER2ST_E1_CONTROLLED__reverse	row_softmax	0.25		R	I_EXPR	0.0025	0.00125	427	8.531735351415658e-05	0.00010800985581303334	8.855116482961643e-05	0.00015604339501666296
HER2ST_manual_controlled	HER2ST_E1_CONTROLLED	within_section_controlled_combined	HER2ST::E	manual_truth_controlled	reverse	HER2ST_E1_CONTROLLED__reverse	row_softmax	0.25		R	I_EXPR	0.00125	0.000625	427	4.266199601335778e-05	5.4013665513293094e-05	4.427863161541019e-05	7.80439050205792e-05
HER2ST_manual_controlled	HER2ST_E1_CONTROLLED	within_section_controlled_combined	HER2ST::E	manual_truth_controlled	reverse	HER2ST_E1_CONTROLLED__reverse	row_softmax	0.25		R	I_SPATIAL	0.02	0.01	427	0.005899905948268213	0.0065458678188184075	0.0056794621840896	0.007417699141226413
HER2ST_manual_controlled	HER2ST_E1_CONTROLLED	within_section_controlled_combined	HER2ST::E	manual_truth_controlled	reverse	HER2ST_E1_CONTROLLED__reverse	row_softmax	0.25		R	I_SPATIAL	0.01	0.005	427	0.002930619466650946	0.0032520169699716906	0.002823830768368129	0.0036840595981646683
HER2ST_manual_controlled	HER2ST_E1_CONTROLLED	within_section_controlled_combined	HER2ST::E	manual_truth_controlled	reverse	HER2ST_E1_CONTROLLED__reverse	row_softmax	0.25		R	I_SPATIAL	0.005	0.0025	427	0.001460366047830517	0.001620611859485977	0.0014079751261867066	0.0018358571914176447
HER2ST_manual_controlled	HER2ST_E1_CONTROLLED	within_section_controlled_combined	HER2ST::E	manual_truth_controlled	reverse	HER2ST_E1_CONTROLLED__reverse	row_softmax	0.25		R	I_SPATIAL	0.0025	0.00125	427	0.0007291572726647351	0.0008089070826072345	0.0007030067487649128	0.0009163907161057295
HER2ST_manual_controlled	HER2ST_E1_CONTROLLED	within_section_controlled_combined	HER2ST::E	manual_truth_controlled	reverse	HER2ST_E1_CONTROLLED__reverse	row_softmax	0.25		R	I_SPATIAL	0.00125	0.000625	427	0.0003643966578557272	0.0004041022963148936	0.00035125868671126046	0.0004578151591779227
HER2ST_manual_controlled	HER2ST_E1_CONTROLLED	within_section_controlled_combined	HER2ST::E	manual_truth_controlled	reverse	HER2ST_E1_CONTROLLED__reverse	row_softmax	0.25		N	I_EXPR	0.02	0.01	427	0.005740989885833484	0.00640646800112899	0.005591332434573602	0.007399798307941193
HER2ST_manual_controlled	HER2ST_E1_CONTROLLED	within_section_controlled_combined	HER2ST::E	manual_truth_controlled	reverse	HER2ST_E1_CONTROLLED__reverse	row_softmax	0.25		N	I_EXPR	0.01	0.005	427	0.0028886259142751535	0.003223686628726538	0.0028112632034218324	0.0037227486591726593
HER2ST_manual_controlled	HER2ST_E1_CONTROLLED	within_section_controlled_combined	HER2ST::E	manual_truth_controlled	reverse	HER2ST_E1_CONTROLLED__reverse	row_softmax	0.25		N	I_EXPR	0.005	0.0025	427	0.0014488706168201962	0.0016169928409635465	0.0014095636803825996	0.0018671042022046405
HER2ST_manual_controlled	HER2ST_E1_CONTROLLED	within_section_controlled_combined	HER2ST::E	manual_truth_controlled	reverse	HER2ST_E1_CONTROLLED__reverse	row_softmax	0.25		N	I_EXPR	0.0025	0.00125	427	0.000725555841125838	0.0008097918153744772	0.0007057691993261239	0.0009349867138289926
HER2ST_manual_controlled	HER2ST_E1_CONTROLLED	within_section_controlled_combined	HER2ST::E	manual_truth_controlled	reverse	HER2ST_E1_CONTROLLED__reverse	row_softmax	0.25		N	I_EXPR	0.00125	0.000625	427	0.00036307893007674167	0.0004052207569756056	0.0003531319625851077	0.0004678522752160021
HER2ST_manual_controlled	HER2ST_E1_CONTROLLED	within_section_controlled_combined	HER2ST::E	manual_truth_controlled	reverse	HER2ST_E1_CONTROLLED__reverse	row_softmax	0.25		N	I_SPATIAL	0.02	0.01	427	0.005889447822871962	0.006575547747305237	0.005718297931363099	0.0075853166435543365
HER2ST_manual_controlled	HER2ST_E1_CONTROLLED	within_section_controlled_combined	HER2ST::E	manual_truth_controlled	reverse	HER2ST_E1_CONTROLLED__reverse	row_softmax	0.25		N	I_SPATIAL	0.01	0.005	427	0.0029258481325651967	0.003265319181071318	0.0028429967074773193	0.0037691486594629733
HER2ST_manual_controlled	HER2ST_E1_CONTROLLED	within_section_controlled_combined	HER2ST::E	manual_truth_controlled	reverse	HER2ST_E1_CONTROLLED__reverse	row_softmax	0.25		N	I_SPATIAL	0.005	0.0025	427	0.0014580980156197107	0.0016274035149490293	0.001417496515827192	0.0018787017691772265
HER2ST_manual_controlled	HER2ST_E1_CONTROLLED	within_section_controlled_combined	HER2ST::E	manual_truth_controlled	reverse	HER2ST_E1_CONTROLLED__reverse	row_softmax	0.25		N	I_SPATIAL	0.0025	0.00125	427	0.0007278904691355913	0.0008123946552042185	0.000707752188220773	0.0009378788179130132
HER2ST_manual_controlled	HER2ST_E1_CONTROLLED	within_section_controlled_combined	HER2ST::E	manual_truth_controlled	reverse	HER2ST_E1_CONTROLLED__reverse	row_softmax	0.25		N	I_SPATIAL	0.00125	0.000625	427	0.0003636561214731945	0.00040587146560202425	0.0003536276813448321	0.0004685727763073305
spatialDLPFC	SDLPFC_Br8667_ANT_MID	within_donor_adjacent_position	spatialDLPFC::Br8667	primary_expansion	reverse	SDLPFC_Br8667_ANT_MID__reverse	balanced_ot	0.25		R	I_EXPR	0.02	0.01	1500	0.0007596672406675047	0.001036433982382898	0.0008069392238803372	0.002296345874009562
spatialDLPFC	SDLPFC_Br8667_ANT_MID	within_donor_adjacent_position	spatialDLPFC::Br8667	primary_expansion	reverse	SDLPFC_Br8667_ANT_MID__reverse	balanced_ot	0.25		R	I_EXPR	0.01	0.005	1500	0.00037973137782694726	0.000517840092476856	0.00040342669242718744	0.0011477709603896452
spatialDLPFC	SDLPFC_Br8667_ANT_MID	within_donor_adjacent_position	spatialDLPFC::Br8667	primary_expansion	reverse	SDLPFC_Br8667_ANT_MID__reverse	balanced_ot	0.25		R	I_EXPR	0.005	0.0025	1500	0.00018986329820437837	0.0002588257038889289	0.00020170256872276642	0.0005737858818056555
spatialDLPFC	SDLPFC_Br8667_ANT_MID	within_donor_adjacent_position	spatialDLPFC::Br8667	primary_expansion	reverse	SDLPFC_Br8667_ANT_MID__reverse	balanced_ot	0.25		R	I_EXPR	0.0025	0.00125	1500	9.495232423898756e-05	0.00012938922415095435	0.0001008485853044328	0.00028686720461214825
spatialDLPFC	SDLPFC_Br8667_ANT_MID	within_donor_adjacent_position	spatialDLPFC::Br8667	primary_expansion	reverse	SDLPFC_Br8667_ANT_MID__reverse	balanced_ot	0.25		R	I_EXPR	0.00125	0.000625	1500	4.748132515708859e-05	6.468871248395008e-05	5.0423618174435673e-05	0.00014342706607272366
spatialDLPFC	SDLPFC_Br8667_ANT_MID	within_donor_adjacent_position	spatialDLPFC::Br8667	primary_expansion	reverse	SDLPFC_Br8667_ANT_MID__reverse	balanced_ot	0.25		R	I_SPATIAL	0.02	0.01	1500	0.006258259718764134	0.007771167799513018	0.006221836721816031	0.009140039544513713
spatialDLPFC	SDLPFC_Br8667_ANT_MID	within_donor_adjacent_position	spatialDLPFC::Br8667	primary_expansion	reverse	SDLPFC_Br8667_ANT_MID__reverse	balanced_ot	0.25		R	I_SPATIAL	0.01	0.005	1500	0.0031111975171612435	0.0038568866596531723	0.0030920784965761477	0.004531648733480689
spatialDLPFC	SDLPFC_Br8667_ANT_MID	within_donor_adjacent_position	spatialDLPFC::Br8667	primary_expansion	reverse	SDLPFC_Br8667_ANT_MID__reverse	balanced_ot	0.25		R	I_SPATIAL	0.005	0.0025	1500	0.0015511852547605474	0.001920601994229523	0.001541364350378601	0.0022562934720994116
spatialDLPFC	SDLPFC_Br8667_ANT_MID	within_donor_adjacent_position	spatialDLPFC::Br8667	primary_expansion	reverse	SDLPFC_Br8667_ANT_MID__reverse	balanced_ot	0.25		R	I_SPATIAL	0.0025	0.00125	1500	0.0007744546376762765	0.0009584410756727285	0.0007695178352173171	0.0011257720512714594
spatialDLPFC	SDLPFC_Br8667_ANT_MID	within_donor_adjacent_position	spatialDLPFC::Br8667	primary_expansion	reverse	SDLPFC_Br8667_ANT_MID__reverse	balanced_ot	0.25		R	I_SPATIAL	0.00125	0.000625	1500	0.00038693777117204523	0.00047875509884885844	0.0003844683534583456	0.0005622938510311326
spatialDLPFC	SDLPFC_Br8667_ANT_MID	within_donor_adjacent_position	spatialDLPFC::Br8667	primary_expansion	reverse	SDLPFC_Br8667_ANT_MID__reverse	balanced_ot	0.25		N	I_EXPR	0.02	0.01	1500	0.006193516425639981	0.007484307822083945	0.006145995577235247	0.009981036520950112
spatialDLPFC	SDLPFC_Br8667_ANT_MID	within_donor_adjacent_position	spatialDLPFC::Br8667	primary_expansion	reverse	SDLPFC_Br8667_ANT_MID__reverse	balanced_ot	0.25		N	I_EXPR	0.01	0.005	1500	0.0031118847650803694	0.0037702640565561826	0.003091308214088247	0.005029458365912023
spatialDLPFC	SDLPFC_Br8667_ANT_MID	within_donor_adjacent_position	spatialDLPFC::Br8667	primary_expansion	reverse	SDLPFC_Br8667_ANT_MID__reverse	balanced_ot	0.25		N	I_EXPR	0.005	0.0025	1500	0.001560514737246856	0.0018923647889928987	0.0015502659997477357	0.00252451152633038
spatialDLPFC	SDLPFC_Br8667_ANT_MID	within_donor_adjacent_position	spatialDLPFC::Br8667	primary_expansion	reverse	SDLPFC_Br8667_ANT_MID__reverse	balanced_ot	0.25		N	I_EXPR	0.0025	0.00125	1500	0.0007815064828871304	0.000947928869791687	0.0007762903097551224	0.0012647058950657278
spatialDLPFC	SDLPFC_Br8667_ANT_MID	within_donor_adjacent_position	spatialDLPFC::Br8667	primary_expansion	reverse	SDLPFC_Br8667_ANT_MID__reverse	balanced_ot	0.25		N	I_EXPR	0.00125	0.000625	1500	0.00039105338562295955	0.0004743328768022737	0.00038843502261813714	0.0006329658361718084
spatialDLPFC	SDLPFC_Br8667_ANT_MID	within_donor_adjacent_position	spatialDLPFC::Br8667	primary_expansion	reverse	SDLPFC_Br8667_ANT_MID__reverse	balanced_ot	0.25		N	I_SPATIAL	0.02	0.01	1500	0.006342412857582077	0.007707392776845519	0.006294708010363064	0.010295495496464071
spatialDLPFC	SDLPFC_Br8667_ANT_MID	within_donor_adjacent_position	spatialDLPFC::Br8667	primary_expansion	reverse	SDLPFC_Br8667_ANT_MID__reverse	balanced_ot	0.25		N	I_SPATIAL	0.01	0.005	1500	0.003151494393227471	0.0038238737475292705	0.003128483613489712	0.005108059546201733
spatialDLPFC	SDLPFC_Br8667_ANT_MID	within_donor_adjacent_position	spatialDLPFC::Br8667	primary_expansion	reverse	SDLPFC_Br8667_ANT_MID__reverse	balanced_ot	0.25		N	I_SPATIAL	0.005	0.0025	1500	0.0015705808555452954	0.0019047448890127025	0.0015595595154233107	0.0025441577321535817
spatialDLPFC	SDLPFC_Br8667_ANT_MID	within_donor_adjacent_position	spatialDLPFC::Br8667	primary_expansion	reverse	SDLPFC_Br8667_ANT_MID__reverse	balanced_ot	0.25		N	I_SPATIAL	0.0025	0.00125	1500	0.000783956263840252	0.0009508850763063473	0.0007786135947853981	0.0012696165726431851
spatialDLPFC	SDLPFC_Br8667_ANT_MID	within_donor_adjacent_position	spatialDLPFC::Br8667	primary_expansion	reverse	SDLPFC_Br8667_ANT_MID__reverse	balanced_ot	0.25		N	I_SPATIAL	0.00125	0.000625	1500	0.0003916695633792637	0.00047507197376139306	0.0003890158272513394	0.0006341930478771558
HER2ST_manual_controlled	HER2ST_F1_CONTROLLED	within_section_controlled_combined	HER2ST::F	manual_truth_controlled	forward	HER2ST_F1_CONTROLLED	uot	0.25	2.0	R	I_EXPR	0.02	0.01	659	0.0005818234854405717	0.0006536986633222114	0.0005882618352367873	0.0009550182287897446
HER2ST_manual_controlled	HER2ST_F1_CONTROLLED	within_section_controlled_combined	HER2ST::F	manual_truth_controlled	forward	HER2ST_F1_CONTROLLED	uot	0.25	2.0	R	I_EXPR	0.01	0.005	659	0.00029081373917795594	0.0003267538784282935	0.0002940484321913328	0.0004781447969884232
HER2ST_manual_controlled	HER2ST_F1_CONTROLLED	within_section_controlled_combined	HER2ST::F	manual_truth_controlled	forward	HER2ST_F1_CONTROLLED	uot	0.25	2.0	R	I_EXPR	0.005	0.0025	659	0.00014538237647917317	0.00016335309378334888	0.00014700361328986	0.00023923152300707546
HER2ST_manual_controlled	HER2ST_F1_CONTROLLED	within_section_controlled_combined	HER2ST::F	manual_truth_controlled	forward	HER2ST_F1_CONTROLLED	uot	0.25	2.0	R	I_EXPR	0.0025	0.00125	659	7.26850685930407e-05	8.167058628726283e-05	7.349665761812441e-05	0.0001196555681942268
HER2ST_manual_controlled	HER2ST_F1_CONTROLLED	within_section_controlled_combined	HER2ST::F	manual_truth_controlled	forward	HER2ST_F1_CONTROLLED	uot	0.25	2.0	R	I_EXPR	0.00125	0.000625	659	3.634100836283131e-05	4.08338005721065e-05	3.6747041900131055e-05	5.983774013736725e-05
HER2ST_manual_controlled	HER2ST_F1_CONTROLLED	within_section_controlled_combined	HER2ST::F	manual_truth_controlled	forward	HER2ST_F1_CONTROLLED	uot	0.25	2.0	R	I_SPATIAL	0.02	0.01	659	0.006041287285667975	0.007924455144238871	0.006152061409975466	0.009546427868489743
HER2ST_manual_controlled	HER2ST_F1_CONTROLLED	within_section_controlled_combined	HER2ST::F	manual_truth_controlled	forward	HER2ST_F1_CONTROLLED	uot	0.25	2.0	R	I_SPATIAL	0.01	0.005	659	0.0030008284106088495	0.003928060799907796	0.003058297261080274	0.004737235617139849
HER2ST_manual_controlled	HER2ST_F1_CONTROLLED	within_section_controlled_combined	HER2ST::F	manual_truth_controlled	forward	HER2ST_F1_CONTROLLED	uot	0.25	2.0	R	I_SPATIAL	0.005	0.0025	659	0.0014958115173596893	0.001955641109053626	0.0015247508041316778	0.0023597883494722812
HER2ST_manual_controlled	HER2ST_F1_CONTROLLED	within_section_controlled_combined	HER2ST::F	manual_truth_controlled	forward	HER2ST_F1_CONTROLLED	uot	0.25	2.0	R	I_SPATIAL	0.0025	0.00125	659	0.0007467581257141261	0.0009760037802563857	0.000761280178592686	0.0011777052510901162
HER2ST_manual_controlled	HER2ST_F1_CONTROLLED	within_section_controlled_combined	HER2ST::F	manual_truth_controlled	forward	HER2ST_F1_CONTROLLED	uot	0.25	2.0	R	I_SPATIAL	0.00125	0.000625	659	0.0003730925356000243	0.0004876469772245487	0.0003803668126020464	0.0005883061520873346
HER2ST_manual_controlled	HER2ST_F1_CONTROLLED	within_section_controlled_combined	HER2ST::F	manual_truth_controlled	forward	HER2ST_F1_CONTROLLED	uot	0.25	2.0	N	I_EXPR	0.02	0.01	659	0.004796944480085261	0.006303786486189552	0.005005453520693537	0.008518404229153724
HER2ST_manual_controlled	HER2ST_F1_CONTROLLED	within_section_controlled_combined	HER2ST::F	manual_truth_controlled	forward	HER2ST_F1_CONTROLLED	uot	0.25	2.0	N	I_EXPR	0.01	0.005	659	0.002411627617689664	0.0031746527435647653	0.0025176689532109037	0.004290740901367048
HER2ST_manual_controlled	HER2ST_F1_CONTROLLED	within_section_controlled_combined	HER2ST::F	manual_truth_controlled	forward	HER2ST_F1_CONTROLLED	uot	0.25	2.0	N	I_EXPR	0.005	0.0025	659	0.001210128615650352	0.0015923583076228771	0.0012625999967713212	0.0021534003798689264
HER2ST_manual_controlled	HER2ST_F1_CONTROLLED	within_section_controlled_combined	HER2ST::F	manual_truth_controlled	forward	HER2ST_F1_CONTROLLED	uot	0.25	2.0	N	I_EXPR	0.0025	0.00125	659	0.0006061536688949171	0.0007974277567507802	0.0006322452348698023	0.001078710182937333
HER2ST_manual_controlled	HER2ST_F1_CONTROLLED	within_section_controlled_combined	HER2ST::F	manual_truth_controlled	forward	HER2ST_F1_CONTROLLED	uot	0.25	2.0	N	I_EXPR	0.00125	0.000625	659	0.00030334959535595574	0.0003991852125482394	0.0003163593941223481	0.0005398582899401773
HER2ST_manual_controlled	HER2ST_F1_CONTROLLED	within_section_controlled_combined	HER2ST::F	manual_truth_controlled	forward	HER2ST_F1_CONTROLLED	uot	0.25	2.0	N	I_SPATIAL	0.02	0.01	659	0.00491253684758382	0.006513991925791338	0.00512693249768525	0.008775353312407171
HER2ST_manual_controlled	HER2ST_F1_CONTROLLED	within_section_controlled_combined	HER2ST::F	manual_truth_controlled	forward	HER2ST_F1_CONTROLLED	uot	0.25	2.0	N	I_SPATIAL	0.01	0.005	659	0.0024445402740119635	0.0032277304294343113	0.002548038965991368	0.004355246944903286
HER2ST_manual_controlled	HER2ST_F1_CONTROLLED	within_section_controlled_combined	HER2ST::F	manual_truth_controlled	forward	HER2ST_F1_CONTROLLED	uot	0.25	2.0	N	I_SPATIAL	0.005	0.0025	659	0.0012188703509180545	0.0016062194677059106	0.0012701924617242245	0.0021695250390922093
HER2ST_manual_controlled	HER2ST_F1_CONTROLLED	within_section_controlled_combined	HER2ST::F	manual_truth_controlled	forward	HER2ST_F1_CONTROLLED	uot	0.25	2.0	N	I_SPATIAL	0.0025	0.00125	659	0.0006083391030396942	0.0008012087979421613	0.0006341433179871519	0.0010827413574491952
HER2ST_manual_controlled	HER2ST_F1_CONTROLLED	within_section_controlled_combined	HER2ST::F	manual_truth_controlled	forward	HER2ST_F1_CONTROLLED	uot	0.25	2.0	N	I_SPATIAL	0.00125	0.000625	659	0.0003038959533937699	0.0004001304695597183	0.00031683390694042893	0.0005408660829611383
HER2ST_manual_controlled	HER2ST_F1_CONTROLLED	within_section_controlled_combined	HER2ST::F	manual_truth_controlled	forward	HER2ST_F1_CONTROLLED	row_softmax	0.25		R	I_EXPR	0.02	0.01	659	0.0006397333836316918	0.0007697147343962194	0.0006494025627573769	0.001581224884341684
HER2ST_manual_controlled	HER2ST_F1_CONTROLLED	within_section_controlled_combined	HER2ST::F	manual_truth_controlled	forward	HER2ST_F1_CONTROLLED	row_softmax	0.25		R	I_EXPR	0.01	0.005	659	0.000319991851601465	0.00038514659418438263	0.00032477156876542165	0.0007929119672701314
HER2ST_manual_controlled	HER2ST_F1_CONTROLLED	within_section_controlled_combined	HER2ST::F	manual_truth_controlled	forward	HER2ST_F1_CONTROLLED	row_softmax	0.25		R	I_EXPR	0.005	0.0025	659	0.00016000126775165356	0.00019264568803573648	0.00016240339617420928	0.0003970331681578419
HER2ST_manual_controlled	HER2ST_F1_CONTROLLED	within_section_controlled_combined	HER2ST::F	manual_truth_controlled	forward	HER2ST_F1_CONTROLLED	row_softmax	0.25		R	I_EXPR	0.0025	0.00125	659	8.000196914864498e-05	9.634095572495512e-05	8.120610804284508e-05	0.00019866108310125433
HER2ST_manual_controlled	HER2ST_F1_CONTROLLED	within_section_controlled_combined	HER2ST::F	manual_truth_controlled	forward	HER2ST_F1_CONTROLLED	row_softmax	0.25		R	I_EXPR	0.00125	0.000625	659	4.000131964300785e-05	4.817499920795776e-05	4.060415757337569e-05	9.936669953357473e-05
HER2ST_manual_controlled	HER2ST_F1_CONTROLLED	within_section_controlled_combined	HER2ST::F	manual_truth_controlled	forward	HER2ST_F1_CONTROLLED	row_softmax	0.25		R	I_SPATIAL	0.02	0.01	659	0.005656462960730784	0.007026932283239374	0.005619376435337012	0.007697055622790635
HER2ST_manual_controlled	HER2ST_F1_CONTROLLED	within_section_controlled_combined	HER2ST::F	manual_truth_controlled	forward	HER2ST_F1_CONTROLLED	row_softmax	0.25		R	I_SPATIAL	0.01	0.005	659	0.0028125450524099783	0.003487974312957232	0.0027944418951588593	0.003818898032919347
HER2ST_manual_controlled	HER2ST_F1_CONTROLLED	within_section_controlled_combined	HER2ST::F	manual_truth_controlled	forward	HER2ST_F1_CONTROLLED	row_softmax	0.25		R	I_SPATIAL	0.005	0.0025	659	0.0014033904420903986	0.001737769353893832	0.0013934396324143026	0.001902173490260107
HER2ST_manual_controlled	HER2ST_F1_CONTROLLED	within_section_controlled_combined	HER2ST::F	manual_truth_controlled	forward	HER2ST_F1_CONTROLLED	row_softmax	0.25		R	I_SPATIAL	0.0025	0.00125	659	0.0007006182583775615	0.0008673353089691108	0.0006957780301858022	0.000949280317210579
HER2ST_manual_controlled	HER2ST_F1_CONTROLLED	within_section_controlled_combined	HER2ST::F	manual_truth_controlled	forward	HER2ST_F1_CONTROLLED	row_softmax	0.25		R	I_SPATIAL	0.00125	0.000625	659	0.0003500219696258302	0.0004332810546649973	0.00034765402327109927	0.00047418939804311336
HER2ST_manual_controlled	HER2ST_F1_CONTROLLED	within_section_controlled_combined	HER2ST::F	manual_truth_controlled	forward	HER2ST_F1_CONTROLLED	row_softmax	0.25		N	I_EXPR	0.02	0.01	659	0.005605190432988695	0.006852576718626195	0.005560040629878636	0.007484718489321941
HER2ST_manual_controlled	HER2ST_F1_CONTROLLED	within_section_controlled_combined	HER2ST::F	manual_truth_controlled	forward	HER2ST_F1_CONTROLLED	row_softmax	0.25		N	I_EXPR	0.01	0.005	659	0.0028184624651012304	0.0034502053238165864	0.002794889130935549	0.003771450783174327
HER2ST_manual_controlled	HER2ST_F1_CONTROLLED	within_section_controlled_combined	HER2ST::F	manual_truth_controlled	forward	HER2ST_F1_CONTROLLED	row_softmax	0.25		N	I_EXPR	0.005	0.0025	659	0.0014132406365790844	0.0017317483573522148	0.0014011894354738238	0.0018931193290610093
HER2ST_manual_controlled	HER2ST_F1_CONTROLLED	within_section_controlled_combined	HER2ST::F	manual_truth_controlled	forward	HER2ST_F1_CONTROLLED	row_softmax	0.25		N	I_EXPR	0.0025	0.00125	659	0.0007076280065557547	0.0008675375376017635	0.0007015345471192762	0.0009484155178682188
HER2ST_manual_controlled	HER2ST_F1_CONTROLLED	within_section_controlled_combined	HER2ST::F	manual_truth_controlled	forward	HER2ST_F1_CONTROLLED	row_softmax	0.25		N	I_EXPR	0.00125	0.000625	659	0.00035406411418988977	0.00043417216954504394	0.00035100265914319277	0.0004746726471134243
HER2ST_manual_controlled	HER2ST_F1_CONTROLLED	within_section_controlled_combined	HER2ST::F	manual_truth_controlled	forward	HER2ST_F1_CONTROLLED	row_softmax	0.25		N	I_SPATIAL	0.02	0.01	659	0.005724913862464248	0.007038444911388895	0.005680795039029701	0.007722734105627742
HER2ST_manual_controlled	HER2ST_F1_CONTROLLED	within_section_controlled_combined	HER2ST::F	manual_truth_controlled	forward	HER2ST_F1_CONTROLLED	row_softmax	0.25		N	I_SPATIAL	0.01	0.005	659	0.002849178691751992	0.0034984505046975535	0.002825076743773665	0.0038310761233127538
HER2ST_manual_controlled	HER2ST_F1_CONTROLLED	within_section_controlled_combined	HER2ST::F	manual_truth_controlled	forward	HER2ST_F1_CONTROLLED	row_softmax	0.25		N	I_SPATIAL	0.005	0.0025	659	0.0014205502730559982	0.0017438357266004898	0.0014087367386201323	0.0019080254429503702
HER2ST_manual_controlled	HER2ST_F1_CONTROLLED	within_section_controlled_combined	HER2ST::F	manual_truth_controlled	forward	HER2ST_F1_CONTROLLED	row_softmax	0.25		N	I_SPATIAL	0.0025	0.00125	659	0.0007093319953454911	0.0008705706445623337	0.0007034213641130772	0.0009521420332645631
HER2ST_manual_controlled	HER2ST_F1_CONTROLLED	within_section_controlled_combined	HER2ST::F	manual_truth_controlled	forward	HER2ST_F1_CONTROLLED	row_softmax	0.25		N	I_SPATIAL	0.00125	0.000625	659	0.00035446535417660893	0.00043492801210367755	0.00035147437029633586	0.00047560427388584745
HER2ST_manual_controlled	HER2ST_F1_CONTROLLED	within_section_controlled_combined	HER2ST::F	manual_truth_controlled	forward	HER2ST_F1_CONTROLLED	balanced_ot	0.25		R	I_EXPR	0.02	0.01	659	0.0004286766114372466	0.0007831212464604933	0.0005068229437756656	0.003081539360831188
HER2ST_manual_controlled	HER2ST_F1_CONTROLLED	within_section_controlled_combined	HER2ST::F	manual_truth_controlled	forward	HER2ST_F1_CONTROLLED	balanced_ot	0.25		R	I_EXPR	0.01	0.005	659	0.00021459856060125667	0.00039217533404513116	0.0002537209987825522	0.0015448764816044596
HER2ST_manual_controlled	HER2ST_F1_CONTROLLED	within_section_controlled_combined	HER2ST::F	manual_truth_controlled	forward	HER2ST_F1_CONTROLLED	balanced_ot	0.25		R	I_EXPR	0.005	0.0025	659	0.00010736445987008755	0.00019624163868802954	0.00012693805257667562	0.0007734655944339977
HER2ST_manual_controlled	HER2ST_F1_CONTROLLED	within_section_controlled_combined	HER2ST::F	manual_truth_controlled	forward	HER2ST_F1_CONTROLLED	balanced_ot	0.25		R	I_EXPR	0.0025	0.00125	659	5.3698548017551585e-05	9.815933007241795e-05	6.348843152647175e-05	0.0003869896409361189
HER2ST_manual_controlled	HER2ST_F1_CONTROLLED	within_section_controlled_combined	HER2ST::F	manual_truth_controlled	forward	HER2ST_F1_CONTROLLED	balanced_ot	0.25		R	I_EXPR	0.00125	0.000625	659	2.6853328238951385e-05	4.908932286115333e-05	3.174907045800987e-05	0.00019355904915123744
HER2ST_manual_controlled	HER2ST_F1_CONTROLLED	within_section_controlled_combined	HER2ST::F	manual_truth_controlled	forward	HER2ST_F1_CONTROLLED	balanced_ot	0.25		R	I_SPATIAL	0.02	0.01	659	0.0058512950834348106	0.007312343412652336	0.005852776734286526	0.007685363984744594
HER2ST_manual_controlled	HER2ST_F1_CONTROLLED	within_section_controlled_combined	HER2ST::F	manual_truth_controlled	forward	HER2ST_F1_CONTROLLED	balanced_ot	0.25		R	I_SPATIAL	0.01	0.005	659	0.002907671380556746	0.0036256089464993045	0.0029097434039231946	0.003811331555005437
HER2ST_manual_controlled	HER2ST_F1_CONTROLLED	within_section_controlled_combined	HER2ST::F	manual_truth_controlled	forward	HER2ST_F1_CONTROLLED	balanced_ot	0.25		R	I_SPATIAL	0.005	0.0025	659	0.0014487757231608862	0.0018054617034369057	0.001450742942589446	0.0018979035412856624
HER2ST_manual_controlled	HER2ST_F1_CONTROLLED	within_section_controlled_combined	HER2ST::F	manual_truth_controlled	forward	HER2ST_F1_CONTROLLED	balanced_ot	0.25		R	I_SPATIAL	0.0025	0.00125	659	0.000723269065927725	0.0009008783838277939	0.0007243433222323882	0.0009470205454246724
HER2ST_manual_controlled	HER2ST_F1_CONTROLLED	within_section_controlled_combined	HER2ST::F	manual_truth_controlled	forward	HER2ST_F1_CONTROLLED	balanced_ot	0.25		R	I_SPATIAL	0.00125	0.000625	659	0.0003615167659085161	0.0004499769986295721	0.00036191512095231146	0.0004730286308642647
HER2ST_manual_controlled	HER2ST_F1_CONTROLLED	within_section_controlled_combined	HER2ST::F	manual_truth_controlled	forward	HER2ST_F1_CONTROLLED	balanced_ot	0.25		N	I_EXPR	0.02	0.01	659	0.005717360101866877	0.00707422500254365	0.005728689416424281	0.007529825385940786
HER2ST_manual_controlled	HER2ST_F1_CONTROLLED	within_section_controlled_combined	HER2ST::F	manual_truth_controlled	forward	HER2ST_F1_CONTROLLED	balanced_ot	0.25		N	I_EXPR	0.01	0.005	659	0.002875374533985988	0.0035628780016280447	0.0028805145989953033	0.003795191270799243
HER2ST_manual_controlled	HER2ST_F1_CONTROLLED	within_section_controlled_combined	HER2ST::F	manual_truth_controlled	forward	HER2ST_F1_CONTROLLED	balanced_ot	0.25		N	I_EXPR	0.005	0.0025	659	0.0014421668692727679	0.0017880709844326186	0.001444331418770317	0.0019052379647065375
HER2ST_manual_controlled	HER2ST_F1_CONTROLLED	within_section_controlled_combined	HER2ST::F	manual_truth_controlled	forward	HER2ST_F1_CONTROLLED	balanced_ot	0.25		N	I_EXPR	0.0025	0.00125	659	0.0007219695364062119	0.0008958329481620419	0.0007231880095840373	0.0009545387332902699
HER2ST_manual_controlled	HER2ST_F1_CONTROLLED	within_section_controlled_combined	HER2ST::F	manual_truth_controlled	forward	HER2ST_F1_CONTROLLED	balanced_ot	0.25		N	I_EXPR	0.00125	0.000625	659	0.00036129795230257713	0.0004484157402780301	0.00036185006225233473	0.00047775046255709195
HER2ST_manual_controlled	HER2ST_F1_CONTROLLED	within_section_controlled_combined	HER2ST::F	manual_truth_controlled	forward	HER2ST_F1_CONTROLLED	balanced_ot	0.25		N	I_SPATIAL	0.02	0.01	659	0.005845900954602983	0.007299939171679883	0.005860020103197505	0.007776767174666421
HER2ST_manual_controlled	HER2ST_F1_CONTROLLED	within_section_controlled_combined	HER2ST::F	manual_truth_controlled	forward	HER2ST_F1_CONTROLLED	balanced_ot	0.25		N	I_SPATIAL	0.01	0.005	659	0.00290799906333262	0.0036230988844608023	0.0029133484823465248	0.0038569205640013164
HER2ST_manual_controlled	HER2ST_F1_CONTROLLED	within_section_controlled_combined	HER2ST::F	manual_truth_controlled	forward	HER2ST_F1_CONTROLLED	balanced_ot	0.25		N	I_SPATIAL	0.005	0.0025	659	0.0014502752954735783	0.0018035833155486	0.001452539982330582	0.0019206699040845213
HER2ST_manual_controlled	HER2ST_F1_CONTROLLED	within_section_controlled_combined	HER2ST::F	manual_truth_controlled	forward	HER2ST_F1_CONTROLLED	balanced_ot	0.25		N	I_SPATIAL	0.0025	0.00125	659	0.0007242093616050225	0.0008998108337934896	0.0007252401991280588	0.000958396693163602
HER2ST_manual_controlled	HER2ST_F1_CONTROLLED	within_section_controlled_combined	HER2ST::F	manual_truth_controlled	forward	HER2ST_F1_CONTROLLED	balanced_ot	0.25		N	I_SPATIAL	0.00125	0.000625	659	0.0003618751987762623	0.00044941154287274885	0.00036236311419342635	0.00047871495140651367
HER2ST_manual_controlled	HER2ST_F1_CONTROLLED	within_section_controlled_combined	HER2ST::F	manual_truth_controlled	reverse	HER2ST_F1_CONTROLLED__reverse	uot	0.25	2.0	R	I_EXPR	0.02	0.01	527	0.0005842212800061926	0.0006428816988093718	0.0005879681336056972	0.0008428840486725542
HER2ST_manual_controlled	HER2ST_F1_CONTROLLED	within_section_controlled_combined	HER2ST::F	manual_truth_controlled	reverse	HER2ST_F1_CONTROLLED__reverse	uot	0.25	2.0	R	I_EXPR	0.01	0.005	527	0.0002920247321417509	0.00032134699071220674	0.000293902784977829	0.0004216608640919244
HER2ST_manual_controlled	HER2ST_F1_CONTROLLED	within_section_controlled_combined	HER2ST::F	manual_truth_controlled	reverse	HER2ST_F1_CONTROLLED__reverse	uot	0.25	2.0	R	I_EXPR	0.005	0.0025	527	0.00014599089654057613	0.00016065005525126139	0.0001469310924593003	0.00021088529612536014
HER2ST_manual_controlled	HER2ST_F1_CONTROLLED	within_section_controlled_combined	HER2ST::F	manual_truth_controlled	reverse	HER2ST_F1_CONTROLLED__reverse	uot	0.25	2.0	R	I_EXPR	0.0025	0.00125	527	7.299008233283149e-05	8.031917424742e-05	7.34604732347666e-05	0.00010545638284189167
HER2ST_manual_controlled	HER2ST_F1_CONTROLLED	within_section_controlled_combined	HER2ST::F	manual_truth_controlled	reverse	HER2ST_F1_CONTROLLED__reverse	uot	0.25	2.0	R	I_EXPR	0.00125	0.000625	527	3.649369873323323e-05	4.015811651906777e-05	3.672896864220637e-05	5.2731627478852535e-05
HER2ST_manual_controlled	HER2ST_F1_CONTROLLED	within_section_controlled_combined	HER2ST::F	manual_truth_controlled	reverse	HER2ST_F1_CONTROLLED__reverse	uot	0.25	2.0	R	I_SPATIAL	0.02	0.01	527	0.006265436007832095	0.007393034016582817	0.006134457927832964	0.008335379131453328
HER2ST_manual_controlled	HER2ST_F1_CONTROLLED	within_section_controlled_combined	HER2ST::F	manual_truth_controlled	reverse	HER2ST_F1_CONTROLLED__reverse	uot	0.25	2.0	R	I_SPATIAL	0.01	0.005	527	0.0031147699826676468	0.0036686448231750633	0.0030495769533195782	0.00413883681149556
HER2ST_manual_controlled	HER2ST_F1_CONTROLLED	within_section_controlled_combined	HER2ST::F	manual_truth_controlled	reverse	HER2ST_F1_CONTROLLED__reverse	uot	0.25	2.0	R	I_SPATIAL	0.005	0.0025	527	0.0015529044776799827	0.0018278677403630735	0.0015204105481568093	0.002062263820454355
HER2ST_manual_controlled	HER2ST_F1_CONTROLLED	within_section_controlled_combined	HER2ST::F	manual_truth_controlled	reverse	HER2ST_F1_CONTROLLED__reverse	uot	0.25	2.0	R	I_SPATIAL	0.0025	0.00125	527	0.000775239632956061	0.0009123048261842647	0.0007591150034056645	0.0010293495661559348
HER2ST_manual_controlled	HER2ST_F1_CONTROLLED	within_section_controlled_combined	HER2ST::F	manual_truth_controlled	reverse	HER2ST_F1_CONTROLLED__reverse	uot	0.25	2.0	R	I_SPATIAL	0.00125	0.000625	527	0.00038720713652573357	0.0004557460213114312	0.00037928545817401884	0.0005142330993349823
HER2ST_manual_controlled	HER2ST_F1_CONTROLLED	within_section_controlled_combined	HER2ST::F	manual_truth_controlled	reverse	HER2ST_F1_CONTROLLED__reverse	uot	0.25	2.0	N	I_EXPR	0.02	0.01	527	0.004981249925864388	0.005873066982342699	0.004980832369307124	0.007080621798528557
HER2ST_manual_controlled	HER2ST_F1_CONTROLLED	within_section_controlled_combined	HER2ST::F	manual_truth_controlled	reverse	HER2ST_F1_CONTROLLED__reverse	uot	0.25	2.0	N	I_EXPR	0.01	0.005	527	0.002504965992203105	0.0029589243907540324	0.002505281714086368	0.0035661645934044776
HER2ST_manual_controlled	HER2ST_F1_CONTROLLED	within_section_controlled_combined	HER2ST::F	manual_truth_controlled	reverse	HER2ST_F1_CONTROLLED__reverse	uot	0.25	2.0	N	I_EXPR	0.005	0.0025	527	0.0012557928330415664	0.001485608756156459	0.0012563870842176013	0.0017895700261262597
HER2ST_manual_controlled	HER2ST_F1_CONTROLLED	within_section_controlled_combined	HER2ST::F	manual_truth_controlled	reverse	HER2ST_F1_CONTROLLED__reverse	uot	0.25	2.0	N	I_EXPR	0.0025	0.00125	527	0.0006287897833241765	0.0007443480224011121	0.0006291339121261911	0.0008964097127753982
HER2ST_manual_controlled	HER2ST_F1_CONTROLLED	within_section_controlled_combined	HER2ST::F	manual_truth_controlled	reverse	HER2ST_F1_CONTROLLED__reverse	uot	0.25	2.0	N	I_EXPR	0.00125	0.000625	527	0.000314597448635747	0.0003725425814036372	0.00031480251026151814	0.0004486095274443744
HER2ST_manual_controlled	HER2ST_F1_CONTROLLED	within_section_controlled_combined	HER2ST::F	manual_truth_controlled	reverse	HER2ST_F1_CONTROLLED__reverse	uot	0.25	2.0	N	I_SPATIAL	0.02	0.01	527	0.005090110827559023	0.006053910148473515	0.005101687117419317	0.007288179448850152
HER2ST_manual_controlled	HER2ST_F1_CONTROLLED	within_section_controlled_combined	HER2ST::F	manual_truth_controlled	reverse	HER2ST_F1_CONTROLLED__reverse	uot	0.25	2.0	N	I_SPATIAL	0.01	0.005	527	0.002531535198042482	0.0030062232835676027	0.002535495610502451	0.003618061639355064
HER2ST_manual_controlled	HER2ST_F1_CONTROLLED	within_section_controlled_combined	HER2ST::F	manual_truth_controlled	reverse	HER2ST_F1_CONTROLLED__reverse	uot	0.25	2.0	N	I_SPATIAL	0.005	0.0025	527	0.001262468674820853	0.001497442726210564	0.0012639403461582358	0.0018025454679900038
HER2ST_manual_controlled	HER2ST_F1_CONTROLLED	within_section_controlled_combined	HER2ST::F	manual_truth_controlled	reverse	HER2ST_F1_CONTROLLED__reverse	uot	0.25	2.0	N	I_SPATIAL	0.0025	0.00125	527	0.0006304113210351188	0.0007472643307515628	0.0006310221751375596	0.0008996499577975449
HER2ST_manual_controlled	HER2ST_F1_CONTROLLED	within_section_controlled_combined	HER2ST::F	manual_truth_controlled	reverse	HER2ST_F1_CONTROLLED__reverse	uot	0.25	2.0	N	I_SPATIAL	0.00125	0.000625	527	0.00031500275419438624	0.00037326865716146165	0.0003152745658902421	0.0004494195898542027
HER2ST_manual_controlled	HER2ST_F1_CONTROLLED	within_section_controlled_combined	HER2ST::F	manual_truth_controlled	reverse	HER2ST_F1_CONTROLLED__reverse	row_softmax	0.25		R	I_EXPR	0.02	0.01	527	0.0006572222032414113	0.0008104341439961547	0.0006854288729332134	0.0022543575236636205
HER2ST_manual_controlled	HER2ST_F1_CONTROLLED	within_section_controlled_combined	HER2ST::F	manual_truth_controlled	reverse	HER2ST_F1_CONTROLLED__reverse	row_softmax	0.25		R	I_EXPR	0.01	0.005	527	0.00032873362271931513	0.00040528191386598084	0.0003427854143646867	0.0011305245825859495
HER2ST_manual_controlled	HER2ST_F1_CONTROLLED	within_section_controlled_combined	HER2ST::F	manual_truth_controlled	reverse	HER2ST_F1_CONTROLLED__reverse	row_softmax	0.25		R	I_EXPR	0.005	0.0025	527	0.00016437196267208405	0.0002026572986676315	0.00017141052372278098	0.0005661007862394272
HER2ST_manual_controlled	HER2ST_F1_CONTROLLED	within_section_controlled_combined	HER2ST::F	manual_truth_controlled	reverse	HER2ST_F1_CONTROLLED__reverse	row_softmax	0.25		R	I_EXPR	0.0025	0.00125	527	8.218727087603283e-05	0.00010133274380121724	8.57097242941343e-05	0.0002832602715143687
HER2ST_manual_controlled	HER2ST_F1_CONTROLLED	within_section_controlled_combined	HER2ST::F	manual_truth_controlled	reverse	HER2ST_F1_CONTROLLED__reverse	row_softmax	0.25		R	I_EXPR	0.00125	0.000625	527	4.1093954216144916e-05	5.0667389736607415e-05	4.2855978694586286e-05	0.00014168263788615431
HER2ST_manual_controlled	HER2ST_F1_CONTROLLED	within_section_controlled_combined	HER2ST::F	manual_truth_controlled	reverse	HER2ST_F1_CONTROLLED__reverse	row_softmax	0.25		R	I_SPATIAL	0.02	0.01	527	0.006022200851394211	0.006816721149610262	0.005782179512711446	0.007165181628119187
HER2ST_manual_controlled	HER2ST_F1_CONTROLLED	within_section_controlled_combined	HER2ST::F	manual_truth_controlled	reverse	HER2ST_F1_CONTROLLED__reverse	row_softmax	0.25		R	I_SPATIAL	0.01	0.005	527	0.0029955663521440768	0.0033874909859602253	0.002874686379088523	0.0035557375982905545
HER2ST_manual_controlled	HER2ST_F1_CONTROLLED	within_section_controlled_combined	HER2ST::F	manual_truth_controlled	reverse	HER2ST_F1_CONTROLLED__reverse	row_softmax	0.25		R	I_SPATIAL	0.005	0.0025	527	0.0014940635714375179	0.0016877866207246656	0.0014332747109424755	0.0017712080919038069
HER2ST_manual_controlled	HER2ST_F1_CONTROLLED	within_section_controlled_combined	HER2ST::F	manual_truth_controlled	reverse	HER2ST_F1_CONTROLLED__reverse	row_softmax	0.25		R	I_SPATIAL	0.0025	0.00125	527	0.000745753831633754	0.0008424068432699031	0.0007156243076014298	0.0008839454065753134
HER2ST_manual_controlled	HER2ST_F1_CONTROLLED	within_section_controlled_combined	HER2ST::F	manual_truth_controlled	reverse	HER2ST_F1_CONTROLLED__reverse	row_softmax	0.25		R	I_SPATIAL	0.00125	0.000625	527	0.00037255919605168786	0.00042085072803051674	0.00035755935210641013	0.0004415588565924758
HER2ST_manual_controlled	HER2ST_F1_CONTROLLED	within_section_controlled_combined	HER2ST::F	manual_truth_controlled	reverse	HER2ST_F1_CONTROLLED__reverse	row_softmax	0.25		N	I_EXPR	0.02	0.01	527	0.005906793198008717	0.00665442190586822	0.005698897362683782	0.0069997961010272525
HER2ST_manual_controlled	HER2ST_F1_CONTROLLED	within_section_controlled_combined	HER2ST::F	manual_truth_controlled	reverse	HER2ST_F1_CONTROLLED__reverse	row_softmax	0.25		N	I_EXPR	0.01	0.005	527	0.0029706494792498287	0.0033497381217706015	0.002865474881295856	0.0035265864601835176
HER2ST_manual_controlled	HER2ST_F1_CONTROLLED	within_section_controlled_combined	HER2ST::F	manual_truth_controlled	reverse	HER2ST_F1_CONTROLLED__reverse	row_softmax	0.25		N	I_EXPR	0.005	0.0025	527	0.0014892570844173545	0.0016808326639907623	0.0014367764119655325	0.0017700564456811106
HER2ST_manual_controlled	HER2ST_F1_CONTROLLED	within_section_controlled_combined	HER2ST::F	manual_truth_controlled	reverse	HER2ST_F1_CONTROLLED__reverse	row_softmax	0.25		N	I_EXPR	0.0025	0.00125	527	0.0007457444651613879	0.0008419127008700133	0.000719402415962795	0.0008867261141047446
HER2ST_manual_controlled	HER2ST_F1_CONTROLLED	within_section_controlled_combined	HER2ST::F	manual_truth_controlled	reverse	HER2ST_F1_CONTROLLED__reverse	row_softmax	0.25		N	I_EXPR	0.00125	0.000625	527	0.00037315239135580477	0.0004213307592550945	0.000359955290068734	0.0004437884176592554
HER2ST_manual_controlled	HER2ST_F1_CONTROLLED	within_section_controlled_combined	HER2ST::F	manual_truth_controlled	reverse	HER2ST_F1_CONTROLLED__reverse	row_softmax	0.25		N	I_SPATIAL	0.02	0.01	527	0.0060457217175748	0.0068394489027890975	0.0058292816198939	0.007218268762256336
HER2ST_manual_controlled	HER2ST_F1_CONTROLLED	within_section_controlled_combined	HER2ST::F	manual_truth_controlled	reverse	HER2ST_F1_CONTROLLED__reverse	row_softmax	0.25		N	I_SPATIAL	0.01	0.005	527	0.0030056532008790383	0.003397375318986611	0.0028980707617614356	0.003581262404014916
HER2ST_manual_controlled	HER2ST_F1_CONTROLLED	within_section_controlled_combined	HER2ST::F	manual_truth_controlled	reverse	HER2ST_F1_CONTROLLED__reverse	row_softmax	0.25		N	I_SPATIAL	0.005	0.0025	527	0.0014982621182399452	0.001692827130622014	0.001444926064789714	0.001783721446237816
HER2ST_manual_controlled	HER2ST_F1_CONTROLLED	within_section_controlled_combined	HER2ST::F	manual_truth_controlled	reverse	HER2ST_F1_CONTROLLED__reverse	row_softmax	0.25		N	I_SPATIAL	0.0025	0.00125	527	0.0007479988916882654	0.0008449129591794243	0.0007214397592497326	0.0008901405160255651
HER2ST_manual_controlled	HER2ST_F1_CONTROLLED	within_section_controlled_combined	HER2ST::F	manual_truth_controlled	reverse	HER2ST_F1_CONTROLLED__reverse	row_softmax	0.25		N	I_SPATIAL	0.00125	0.000625	527	0.0003737167903513616	0.0004220807822047695	0.000360464629134471	0.00044464110801508533
HER2ST_manual_controlled	HER2ST_F1_CONTROLLED	within_section_controlled_combined	HER2ST::F	manual_truth_controlled	reverse	HER2ST_F1_CONTROLLED__reverse	balanced_ot	0.25		R	I_EXPR	0.02	0.01	527	0.0004492970567920666	0.0007679408008355955	0.000526819200888719	0.002963320086702289
HER2ST_manual_controlled	HER2ST_F1_CONTROLLED	within_section_controlled_combined	HER2ST::F	manual_truth_controlled	reverse	HER2ST_F1_CONTROLLED__reverse	balanced_ot	0.25		R	I_EXPR	0.01	0.005	527	0.00022483678247646853	0.0003847180592696987	0.0002637442758007711	0.0014857862845004373
HER2ST_manual_controlled	HER2ST_F1_CONTROLLED	within_section_controlled_combined	HER2ST::F	manual_truth_controlled	reverse	HER2ST_F1_CONTROLLED__reverse	balanced_ot	0.25		R	I_EXPR	0.005	0.0025	527	0.0001124655134534804	0.0001925440269026718	0.00013195599345825875	0.000743925499227102
HER2ST_manual_controlled	HER2ST_F1_CONTROLLED	within_section_controlled_combined	HER2ST::F	manual_truth_controlled	reverse	HER2ST_F1_CONTROLLED__reverse	balanced_ot	0.25		R	I_EXPR	0.0025	0.00125	527	5.624454147540347e-05	9.631550146660282e-05	6.599897913994058e-05	0.0003722209322164599
HER2ST_manual_controlled	HER2ST_F1_CONTROLLED	within_section_controlled_combined	HER2ST::F	manual_truth_controlled	reverse	HER2ST_F1_CONTROLLED__reverse	balanced_ot	0.25		R	I_EXPR	0.00125	0.000625	527	2.812527579024096e-05	4.816864814460171e-05	3.3004738498499133e-05	0.00018617501655706443
HER2ST_manual_controlled	HER2ST_F1_CONTROLLED	within_section_controlled_combined	HER2ST::F	manual_truth_controlled	reverse	HER2ST_F1_CONTROLLED__reverse	balanced_ot	0.25		R	I_SPATIAL	0.02	0.01	527	0.005922405247830792	0.007197376988532289	0.00585577733246826	0.007731592636671052
HER2ST_manual_controlled	HER2ST_F1_CONTROLLED	within_section_controlled_combined	HER2ST::F	manual_truth_controlled	reverse	HER2ST_F1_CONTROLLED__reverse	balanced_ot	0.25		R	I_SPATIAL	0.01	0.005	527	0.0029401632955365327	0.0035701559535724807	0.0029112406633131846	0.0038346537826315368
HER2ST_manual_controlled	HER2ST_F1_CONTROLLED	within_section_controlled_combined	HER2ST::F	manual_truth_controlled	reverse	HER2ST_F1_CONTROLLED__reverse	balanced_ot	0.25		R	I_SPATIAL	0.005	0.0025	527	0.0014654669619483935	0.0017774389809362273	0.0014514908882260179	0.001909608968336405
HER2ST_manual_controlled	HER2ST_F1_CONTROLLED	within_section_controlled_combined	HER2ST::F	manual_truth_controlled	reverse	HER2ST_F1_CONTROLLED__reverse	balanced_ot	0.25		R	I_SPATIAL	0.0025	0.00125	527	0.0007321336344027685	0.0008868180507830599	0.0007247171042007883	0.000952883406923725
HER2ST_manual_controlled	HER2ST_F1_CONTROLLED	within_section_controlled_combined	HER2ST::F	manual_truth_controlled	reverse	HER2ST_F1_CONTROLLED__reverse	balanced_ot	0.25		R	I_SPATIAL	0.00125	0.000625	527	0.0003659163598852181	0.00044293487244208627	0.0003621019612265227	0.0004759624828123339
HER2ST_manual_controlled	HER2ST_F1_CONTROLLED	within_section_controlled_combined	HER2ST::F	manual_truth_controlled	reverse	HER2ST_F1_CONTROLLED__reverse	balanced_ot	0.25		N	I_EXPR	0.02	0.01	527	0.005792082086822701	0.006986292905762654	0.0057322500271086135	0.007544215059510312
HER2ST_manual_controlled	HER2ST_F1_CONTROLLED	within_section_controlled_combined	HER2ST::F	manual_truth_controlled	reverse	HER2ST_F1_CONTROLLED__reverse	balanced_ot	0.25		N	I_EXPR	0.01	0.005	527	0.002914109950455483	0.0035144410842215183	0.0028823007609619874	0.0038025281791977945
HER2ST_manual_controlled	HER2ST_F1_CONTROLLED	within_section_controlled_combined	HER2ST::F	manual_truth_controlled	reverse	HER2ST_F1_CONTROLLED__reverse	balanced_ot	0.25		N	I_EXPR	0.005	0.0025	527	0.0014608507655866272	0.0017636046810942541	0.0014452261110531254	0.0019089619350529765
HER2ST_manual_controlled	HER2ST_F1_CONTROLLED	within_section_controlled_combined	HER2ST::F	manual_truth_controlled	reverse	HER2ST_F1_CONTROLLED__reverse	balanced_ot	0.25		N	I_EXPR	0.0025	0.00125	527	0.0007312339061791466	0.0008834333207223962	0.0007236357682834937	0.0009564139182027219
HER2ST_manual_controlled	HER2ST_F1_CONTROLLED	within_section_controlled_combined	HER2ST::F	manual_truth_controlled	reverse	HER2ST_F1_CONTROLLED__reverse	balanced_ot	0.25		N	I_EXPR	0.00125	0.000625	527	0.00036585590862093316	0.00044211162956547654	0.0003620740469882313	0.00047869126396781587
HER2ST_manual_controlled	HER2ST_F1_CONTROLLED	within_section_controlled_combined	HER2ST::F	manual_truth_controlled	reverse	HER2ST_F1_CONTROLLED__reverse	balanced_ot	0.25		N	I_SPATIAL	0.02	0.01	527	0.005920446940388292	0.007186274271685927	0.005863632480456819	0.007793066955883036
HER2ST_manual_controlled	HER2ST_F1_CONTROLLED	within_section_controlled_combined	HER2ST::F	manual_truth_controlled	reverse	HER2ST_F1_CONTROLLED__reverse	balanced_ot	0.25		N	I_SPATIAL	0.01	0.005	527	0.002945572379095532	0.0035680115654681908	0.0029151481488140863	0.0038647981039936327
HER2ST_manual_controlled	HER2ST_F1_CONTROLLED	within_section_controlled_combined	HER2ST::F	manual_truth_controlled	reverse	HER2ST_F1_CONTROLLED__reverse	balanced_ot	0.25		N	I_SPATIAL	0.005	0.0025	527	0.001467552330536793	0.0017774056315506793	0.001453438094239102	0.0019245224517219566
HER2ST_manual_controlled	HER2ST_F1_CONTROLLED	within_section_controlled_combined	HER2ST::F	manual_truth_controlled	reverse	HER2ST_F1_CONTROLLED__reverse	balanced_ot	0.25		N	I_SPATIAL	0.0025	0.00125	527	0.0007324764330530962	0.0008867956728644214	0.0007256888375948997	0.0009603025721618933
HER2ST_manual_controlled	HER2ST_F1_CONTROLLED	within_section_controlled_combined	HER2ST::F	manual_truth_controlled	reverse	HER2ST_F1_CONTROLLED__reverse	balanced_ot	0.25		N	I_SPATIAL	0.00125	0.000625	527	0.0003661112165774195	0.0004429183961075182	0.00036258732244488773	0.00047966270122088073
HER2ST_manual_controlled	HER2ST_G2_CONTROLLED	within_section_controlled_combined	HER2ST::G	manual_truth_controlled	forward	HER2ST_G2_CONTROLLED	balanced_ot	0.25		R	I_EXPR	0.02	0.01	402	0.000535490994882558	0.001240349731679211	0.000689415866082819	0.0027705302059355796
HER2ST_manual_controlled	HER2ST_G2_CONTROLLED	within_section_controlled_combined	HER2ST::G	manual_truth_controlled	forward	HER2ST_G2_CONTROLLED	balanced_ot	0.25		R	I_EXPR	0.01	0.005	402	0.00026792569079507134	0.0006217674410605746	0.0003452308787965427	0.0013872814195369293
HER2ST_manual_controlled	HER2ST_G2_CONTROLLED	within_section_controlled_combined	HER2ST::G	manual_truth_controlled	forward	HER2ST_G2_CONTROLLED	balanced_ot	0.25		R	I_EXPR	0.005	0.0025	402	0.0001340079618679299	0.00031128280432805606	0.00017274647950085129	0.0006941440041550644
HER2ST_manual_controlled	HER2ST_G2_CONTROLLED	within_section_controlled_combined	HER2ST::G	manual_truth_controlled	forward	HER2ST_G2_CONTROLLED	balanced_ot	0.25		R	I_EXPR	0.0025	0.00125	402	6.701527027007343e-05	0.00015574129760012283	8.640604023315357e-05	0.00034719772470655203
HER2ST_manual_controlled	HER2ST_G2_CONTROLLED	within_section_controlled_combined	HER2ST::G	manual_truth_controlled	forward	HER2ST_G2_CONTROLLED	balanced_ot	0.25		R	I_EXPR	0.00125	0.000625	402	3.3510457448666345e-05	7.789563697786894e-05	4.3211225217347284e-05	0.00017363028786565924
HER2ST_manual_controlled	HER2ST_G2_CONTROLLED	within_section_controlled_combined	HER2ST::G	manual_truth_controlled	forward	HER2ST_G2_CONTROLLED	balanced_ot	0.25		R	I_SPATIAL	0.02	0.01	402	0.006177113996106243	0.007248391348487477	0.006061102990123406	0.008200879224079905
HER2ST_manual_controlled	HER2ST_G2_CONTROLLED	within_section_controlled_combined	HER2ST::G	manual_truth_controlled	forward	HER2ST_G2_CONTROLLED	balanced_ot	0.25		R	I_SPATIAL	0.01	0.005	402	0.0030675928801854914	0.0036027093336155787	0.0030129113705027796	0.004071076818645324
HER2ST_manual_controlled	HER2ST_G2_CONTROLLED	within_section_controlled_combined	HER2ST::G	manual_truth_controlled	forward	HER2ST_G2_CONTROLLED	balanced_ot	0.25		R	I_SPATIAL	0.005	0.0025	402	0.0015291267341407137	0.0017951170938027877	0.0015020769568543015	0.0020282313037010085
HER2ST_manual_controlled	HER2ST_G2_CONTROLLED	within_section_controlled_combined	HER2ST::G	manual_truth_controlled	forward	HER2ST_G2_CONTROLLED	balanced_ot	0.25		R	I_SPATIAL	0.0025	0.00125	402	0.000763369257495154	0.0008963376707966305	0.0007499480934047422	0.0010122931379537717
HER2ST_manual_controlled	HER2ST_G2_CONTROLLED	within_section_controlled_combined	HER2ST::G	manual_truth_controlled	forward	HER2ST_G2_CONTROLLED	balanced_ot	0.25		R	I_SPATIAL	0.00125	0.000625	402	0.0003814080175233313	0.00044786362172113216	0.00037470195219490367	0.0005056914793255256
HER2ST_manual_controlled	HER2ST_G2_CONTROLLED	within_section_controlled_combined	HER2ST::G	manual_truth_controlled	forward	HER2ST_G2_CONTROLLED	balanced_ot	0.25		N	I_EXPR	0.02	0.01	402	0.006005814093874927	0.007026945031198861	0.005896724729400152	0.007946232351321872
HER2ST_manual_controlled	HER2ST_G2_CONTROLLED	within_section_controlled_combined	HER2ST::G	manual_truth_controlled	forward	HER2ST_G2_CONTROLLED	balanced_ot	0.25		N	I_EXPR	0.01	0.005	402	0.00302449356245543	0.003537654245611846	0.0029654378847372245	0.004001249697271658
HER2ST_manual_controlled	HER2ST_G2_CONTROLLED	within_section_controlled_combined	HER2ST::G	manual_truth_controlled	forward	HER2ST_G2_CONTROLLED	balanced_ot	0.25		N	I_EXPR	0.005	0.0025	402	0.0015174570672004902	0.001774904109933244	0.0014870182953884486	0.0020076907515024613
HER2ST_manual_controlled	HER2ST_G2_CONTROLLED	within_section_controlled_combined	HER2ST::G	manual_truth_controlled	forward	HER2ST_G2_CONTROLLED	balanced_ot	0.25		N	I_EXPR	0.0025	0.00125	402	0.0007599419684346357	0.000888828892254397	0.000744587932152155	0.0010056225137991225
HER2ST_manual_controlled	HER2ST_G2_CONTROLLED	within_section_controlled_combined	HER2ST::G	manual_truth_controlled	forward	HER2ST_G2_CONTROLLED	balanced_ot	0.25		N	I_EXPR	0.00125	0.000625	402	0.00038029697664614256	0.00044475968625969905	0.00037256414940469096	0.0005032573431701568
HER2ST_manual_controlled	HER2ST_G2_CONTROLLED	within_section_controlled_combined	HER2ST::G	manual_truth_controlled	forward	HER2ST_G2_CONTROLLED	balanced_ot	0.25		N	I_SPATIAL	0.02	0.01	402	0.006165207752942452	0.007197416235393514	0.006035276476290245	0.008174256005627281
HER2ST_manual_controlled	HER2ST_G2_CONTROLLED	within_section_controlled_combined	HER2ST::G	manual_truth_controlled	forward	HER2ST_G2_CONTROLLED	balanced_ot	0.25		N	I_SPATIAL	0.01	0.005	402	0.003063887154260504	0.0035799542243216465	0.0030000764821384415	0.004058296158124167
HER2ST_manual_controlled	HER2ST_G2_CONTROLLED	within_section_controlled_combined	HER2ST::G	manual_truth_controlled	forward	HER2ST_G2_CONTROLLED	balanced_ot	0.25		N	I_SPATIAL	0.005	0.0025	402	0.0015269016090180892	0.0017853301728663889	0.0014956794098498242	0.00202197104525634
HER2ST_manual_controlled	HER2ST_G2_CONTROLLED	within_section_controlled_combined	HER2ST::G	manual_truth_controlled	forward	HER2ST_G2_CONTROLLED	balanced_ot	0.25		N	I_SPATIAL	0.0025	0.00125	402	0.0007624329248934138	0.0008915029631408304	0.0007467532970235223	0.0010091951977162913
HER2ST_manual_controlled	HER2ST_G2_CONTROLLED	within_section_controlled_combined	HER2ST::G	manual_truth_controlled	forward	HER2ST_G2_CONTROLLED	balanced_ot	0.25		N	I_SPATIAL	0.00125	0.000625	402	0.0003809500197606697	0.00044545070705968225	0.00037310547355091255	0.0005041505128348825
HER2ST_manual_controlled	HER2ST_G2_CONTROLLED	within_section_controlled_combined	HER2ST::G	manual_truth_controlled	forward	HER2ST_G2_CONTROLLED	row_softmax	0.25		R	I_EXPR	0.02	0.01	402	0.0007809358195793885	0.0009428497240063666	0.0008004443532044839	0.0027017456223346063
HER2ST_manual_controlled	HER2ST_G2_CONTROLLED	within_section_controlled_combined	HER2ST::G	manual_truth_controlled	forward	HER2ST_G2_CONTROLLED	row_softmax	0.25		R	I_EXPR	0.01	0.005	402	0.00039056240068601595	0.00047177501694292494	0.000400351738463637	0.0013537929772296686
HER2ST_manual_controlled	HER2ST_G2_CONTROLLED	within_section_controlled_combined	HER2ST::G	manual_truth_controlled	forward	HER2ST_G2_CONTROLLED	row_softmax	0.25		R	I_EXPR	0.005	0.0025	402	0.00019527831384498864	0.00023597514222970084	0.00020020829416406212	0.0006776271327829602
HER2ST_manual_controlled	HER2ST_G2_CONTROLLED	within_section_controlled_combined	HER2ST::G	manual_truth_controlled	forward	HER2ST_G2_CONTROLLED	row_softmax	0.25		R	I_EXPR	0.0025	0.00125	402	9.763842617885038e-05	0.0001180094890716685	0.00010011226251247991	0.0003389963013308809
HER2ST_manual_controlled	HER2ST_G2_CONTROLLED	within_section_controlled_combined	HER2ST::G	manual_truth_controlled	forward	HER2ST_G2_CONTROLLED	row_softmax	0.25		R	I_EXPR	0.00125	0.000625	402	4.881903068628002e-05	5.9010226863642414e-05	5.005816110245157e-05	0.00016954384272636658
HER2ST_manual_controlled	HER2ST_G2_CONTROLLED	within_section_controlled_combined	HER2ST::G	manual_truth_controlled	forward	HER2ST_G2_CONTROLLED	row_softmax	0.25		R	I_SPATIAL	0.02	0.01	402	0.0058865859560097746	0.00689693067482277	0.005772156355174441	0.007718463255097826
HER2ST_manual_controlled	HER2ST_G2_CONTROLLED	within_section_controlled_combined	HER2ST::G	manual_truth_controlled	forward	HER2ST_G2_CONTROLLED	row_softmax	0.25		R	I_SPATIAL	0.01	0.005	402	0.0029252613916592694	0.003428617401916863	0.0028705534349324126	0.0038343382258796276
HER2ST_manual_controlled	HER2ST_G2_CONTROLLED	within_section_controlled_combined	HER2ST::G	manual_truth_controlled	forward	HER2ST_G2_CONTROLLED	row_softmax	0.25		R	I_SPATIAL	0.005	0.0025	402	0.0014586434209805503	0.0017096481763331042	0.001431422584700141	0.0019109701823962636
HER2ST_manual_controlled	HER2ST_G2_CONTROLLED	within_section_controlled_combined	HER2ST::G	manual_truth_controlled	forward	HER2ST_G2_CONTROLLED	row_softmax	0.25		R	I_SPATIAL	0.0025	0.00125	402	0.0007281325871429255	0.000853669510599992	0.0007147509683153204	0.0009539384457212393
HER2ST_manual_controlled	HER2ST_G2_CONTROLLED	within_section_controlled_combined	HER2ST::G	manual_truth_controlled	forward	HER2ST_G2_CONTROLLED	row_softmax	0.25		R	I_SPATIAL	0.00125	0.000625	402	0.0003637688598671641	0.0004265462607021042	0.00035713583835000895	0.00047658294907320677
HER2ST_manual_controlled	HER2ST_G2_CONTROLLED	within_section_controlled_combined	HER2ST::G	manual_truth_controlled	forward	HER2ST_G2_CONTROLLED	row_softmax	0.25		N	I_EXPR	0.02	0.01	402	0.005751872137454194	0.0069197470029650635	0.005725187995244799	0.007481947176131485
HER2ST_manual_controlled	HER2ST_G2_CONTROLLED	within_section_controlled_combined	HER2ST::G	manual_truth_controlled	forward	HER2ST_G2_CONTROLLED	row_softmax	0.25		N	I_EXPR	0.01	0.005	402	0.002891476063535847	0.0034814863723913562	0.00287778857761522	0.003766249309994152
HER2ST_manual_controlled	HER2ST_G2_CONTROLLED	within_section_controlled_combined	HER2ST::G	manual_truth_controlled	forward	HER2ST_G2_CONTROLLED	row_softmax	0.25		N	I_EXPR	0.005	0.0025	402	0.001449642447323024	0.0017461825813300637	0.0014427210981836122	0.0018894751014534856
HER2ST_manual_controlled	HER2ST_G2_CONTROLLED	within_section_controlled_combined	HER2ST::G	manual_truth_controlled	forward	HER2ST_G2_CONTROLLED	row_softmax	0.25		N	I_EXPR	0.0025	0.00125	402	0.0007257997603551823	0.000874458631076802	0.0007223205931778939	0.0009463290825494434
HER2ST_manual_controlled	HER2ST_G2_CONTROLLED	within_section_controlled_combined	HER2ST::G	manual_truth_controlled	forward	HER2ST_G2_CONTROLLED	row_softmax	0.25		N	I_EXPR	0.00125	0.000625	402	0.0003631448186534325	0.00043757144437167985	0.000361400843221625	0.0004735629130789832
HER2ST_manual_controlled	HER2ST_G2_CONTROLLED	within_section_controlled_combined	HER2ST::G	manual_truth_controlled	forward	HER2ST_G2_CONTROLLED	row_softmax	0.25		N	I_SPATIAL	0.02	0.01	402	0.00588147873668588	0.007091711096952573	0.005848539221729023	0.007686154984782541
HER2ST_manual_controlled	HER2ST_G2_CONTROLLED	within_section_controlled_combined	HER2ST::G	manual_truth_controlled	forward	HER2ST_G2_CONTROLLED	row_softmax	0.25		N	I_SPATIAL	0.01	0.005	402	0.0029234842019816975	0.0035241157319693974	0.0029086301715890313	0.0038173028276873447
HER2ST_manual_controlled	HER2ST_G2_CONTROLLED	within_section_controlled_combined	HER2ST::G	manual_truth_controlled	forward	HER2ST_G2_CONTROLLED	row_softmax	0.25		N	I_SPATIAL	0.005	0.0025	402	0.0014575171459413217	0.0017569520114441995	0.0014504316526679508	0.0019022385785509967
HER2ST_manual_controlled	HER2ST_G2_CONTROLLED	within_section_controlled_combined	HER2ST::G	manual_truth_controlled	forward	HER2ST_G2_CONTROLLED	row_softmax	0.25		N	I_SPATIAL	0.0025	0.00125	402	0.0007277617463192343	0.0008771794474055831	0.0007242483721049957	0.00094951995827318
HER2ST_manual_controlled	HER2ST_G2_CONTROLLED	within_section_controlled_combined	HER2ST::G	manual_truth_controlled	forward	HER2ST_G2_CONTROLLED	row_softmax	0.25		N	I_SPATIAL	0.00125	0.000625	402	0.00036363530427081846	0.0004382570924256707	0.0003618828210181514	0.00047436063144318453
HER2ST_manual_controlled	HER2ST_G2_CONTROLLED	within_section_controlled_combined	HER2ST::G	manual_truth_controlled	forward	HER2ST_G2_CONTROLLED	uot	0.25	2.0	R	I_EXPR	0.02	0.01	402	0.0005931872161931209	0.000686651196886047	0.0006051074131315845	0.0009323613180950816
HER2ST_manual_controlled	HER2ST_G2_CONTROLLED	within_section_controlled_combined	HER2ST::G	manual_truth_controlled	forward	HER2ST_G2_CONTROLLED	uot	0.25	2.0	R	I_EXPR	0.01	0.005	402	0.0002965445931524599	0.0003432094584282506	0.00030248899254092993	0.0004665098076403675
HER2ST_manual_controlled	HER2ST_G2_CONTROLLED	within_section_controlled_combined	HER2ST::G	manual_truth_controlled	forward	HER2ST_G2_CONTROLLED	uot	0.25	2.0	R	I_EXPR	0.005	0.0025	402	0.00014826005843993748	0.00017157571044751767	0.00015122834596896793	0.0002333372642707386
HER2ST_manual_controlled	HER2ST_G2_CONTROLLED	within_section_controlled_combined	HER2ST::G	manual_truth_controlled	forward	HER2ST_G2_CONTROLLED	uot	0.25	2.0	R	I_EXPR	0.0025	0.00125	402	7.412697274324738e-05	8.578060265340999e-05	7.56101394124699e-05	0.00011668923139208471
HER2ST_manual_controlled	HER2ST_G2_CONTROLLED	within_section_controlled_combined	HER2ST::G	manual_truth_controlled	forward	HER2ST_G2_CONTROLLED	uot	0.25	2.0	R	I_EXPR	0.00125	0.000625	402	3.706272106399594e-05	4.2888485267341176e-05	3.7804061229520205e-05	5.8349766157344226e-05
HER2ST_manual_controlled	HER2ST_G2_CONTROLLED	within_section_controlled_combined	HER2ST::G	manual_truth_controlled	forward	HER2ST_G2_CONTROLLED	uot	0.25	2.0	R	I_SPATIAL	0.02	0.01	402	0.0063228692355052855	0.007722852061450949	0.006304884715156367	0.008573907785091674
HER2ST_manual_controlled	HER2ST_G2_CONTROLLED	within_section_controlled_combined	HER2ST::G	manual_truth_controlled	forward	HER2ST_G2_CONTROLLED	uot	0.25	2.0	R	I_SPATIAL	0.01	0.005	402	0.0031418054811731895	0.0038355686400967566	0.003133956464252767	0.004254650005355837
HER2ST_manual_controlled	HER2ST_G2_CONTROLLED	within_section_controlled_combined	HER2ST::G	manual_truth_controlled	forward	HER2ST_G2_CONTROLLED	uot	0.25	2.0	R	I_SPATIAL	0.005	0.0025	402	0.0015662101554842294	0.0019114474153516824	0.0015623889530846482	0.0021193145883368143
HER2ST_manual_controlled	HER2ST_G2_CONTROLLED	within_section_controlled_combined	HER2ST::G	manual_truth_controlled	forward	HER2ST_G2_CONTROLLED	uot	0.25	2.0	R	I_SPATIAL	0.0025	0.00125	402	0.0007817604531196639	0.0009543285256566183	0.0007800510575187255	0.0010576620118426868
HER2ST_manual_controlled	HER2ST_G2_CONTROLLED	within_section_controlled_combined	HER2ST::G	manual_truth_controlled	forward	HER2ST_G2_CONTROLLED	uot	0.25	2.0	R	I_SPATIAL	0.00125	0.000625	402	0.00039050058369867414	0.0004768136492931055	0.0003897401882185249	0.0005283330977658625
HER2ST_manual_controlled	HER2ST_G2_CONTROLLED	within_section_controlled_combined	HER2ST::G	manual_truth_controlled	forward	HER2ST_G2_CONTROLLED	uot	0.25	2.0	N	I_EXPR	0.02	0.01	402	0.004994334412010771	0.006242813444158317	0.005103649020387911	0.007000814605334983
HER2ST_manual_controlled	HER2ST_G2_CONTROLLED	within_section_controlled_combined	HER2ST::G	manual_truth_controlled	forward	HER2ST_G2_CONTROLLED	uot	0.25	2.0	N	I_EXPR	0.01	0.005	402	0.0025127768376925555	0.0031430841898384323	0.002567412039995382	0.003525969687801456
HER2ST_manual_controlled	HER2ST_G2_CONTROLLED	within_section_controlled_combined	HER2ST::G	manual_truth_controlled	forward	HER2ST_G2_CONTROLLED	uot	0.25	2.0	N	I_EXPR	0.005	0.0025	402	0.0012606529117773655	0.001577019671738356	0.0012876324397932293	0.0017694181597873305
HER2ST_manual_controlled	HER2ST_G2_CONTROLLED	within_section_controlled_combined	HER2ST::G	manual_truth_controlled	forward	HER2ST_G2_CONTROLLED	uot	0.25	2.0	N	I_EXPR	0.0025	0.00125	402	0.0006314907216737732	0.0007898842326100506	0.0006448015496957019	0.0008863227630647265
HER2ST_manual_controlled	HER2ST_G2_CONTROLLED	within_section_controlled_combined	HER2ST::G	manual_truth_controlled	forward	HER2ST_G2_CONTROLLED	uot	0.25	2.0	N	I_EXPR	0.00125	0.000625	402	0.0003160369599617097	0.0003952860805304754	0.00032264753296218406	0.0004435654729156804
HER2ST_manual_controlled	HER2ST_G2_CONTROLLED	within_section_controlled_combined	HER2ST::G	manual_truth_controlled	forward	HER2ST_G2_CONTROLLED	uot	0.25	2.0	N	I_SPATIAL	0.02	0.01	402	0.005139486000459385	0.006419222396681308	0.005230220418251294	0.007208057597665398
HER2ST_manual_controlled	HER2ST_G2_CONTROLLED	within_section_controlled_combined	HER2ST::G	manual_truth_controlled	forward	HER2ST_G2_CONTROLLED	uot	0.25	2.0	N	I_SPATIAL	0.01	0.005	402	0.002549418924671198	0.0031872579351733764	0.00259905513798627	0.0035777794883640104
HER2ST_manual_controlled	HER2ST_G2_CONTROLLED	within_section_controlled_combined	HER2ST::G	manual_truth_controlled	forward	HER2ST_G2_CONTROLLED	uot	0.25	2.0	N	I_SPATIAL	0.005	0.0025	402	0.0012700011330435091	0.0015880703818544378	0.0012955433945080837	0.0017823705505173853
HER2ST_manual_controlled	HER2ST_G2_CONTROLLED	within_section_controlled_combined	HER2ST::G	manual_truth_controlled	forward	HER2ST_G2_CONTROLLED	uot	0.25	2.0	N	I_SPATIAL	0.0025	0.00125	402	0.0006338277709226624	0.0007926484359342932	0.000646779145219576	0.0008895608567548763
HER2ST_manual_controlled	HER2ST_G2_CONTROLLED	within_section_controlled_combined	HER2ST::G	manual_truth_controlled	forward	HER2ST_G2_CONTROLLED	uot	0.25	2.0	N	I_SPATIAL	0.00125	0.000625	402	0.00031662122093253453	0.0003959778914786484	0.00032314190453405886	0.0004443749957576393
HER2ST_manual_controlled	HER2ST_G2_CONTROLLED	within_section_controlled_combined	HER2ST::G	manual_truth_controlled	reverse	HER2ST_G2_CONTROLLED__reverse	uot	0.25	2.0	R	I_EXPR	0.02	0.01	322	0.0005913245389170548	0.0006918832206052195	0.0006040997421882195	0.000889169547735182
HER2ST_manual_controlled	HER2ST_G2_CONTROLLED	within_section_controlled_combined	HER2ST::G	manual_truth_controlled	reverse	HER2ST_G2_CONTROLLED__reverse	uot	0.25	2.0	R	I_EXPR	0.01	0.005	322	0.0002956010511915324	0.00034590450253933194	0.00030198713280377225	0.0004448371550279425
HER2ST_manual_controlled	HER2ST_G2_CONTROLLED	within_section_controlled_combined	HER2ST::G	manual_truth_controlled	reverse	HER2ST_G2_CONTROLLED__reverse	uot	0.25	2.0	R	I_EXPR	0.005	0.0025	322	0.0001477852316745406	0.00017294300846482246	0.0001509779111715161	0.00022248207914882926
HER2ST_manual_controlled	HER2ST_G2_CONTROLLED	within_section_controlled_combined	HER2ST::G	manual_truth_controlled	reverse	HER2ST_G2_CONTROLLED__reverse	uot	0.25	2.0	R	I_EXPR	0.0025	0.00125	322	7.388879075605632e-05	8.646919762169501e-05	7.548504579564534e-05	0.00011125695495499775
HER2ST_manual_controlled	HER2ST_G2_CONTROLLED	within_section_controlled_combined	HER2ST::G	manual_truth_controlled	reverse	HER2ST_G2_CONTROLLED__reverse	uot	0.25	2.0	R	I_EXPR	0.00125	0.000625	322	3.694344325879821e-05	4.3234024469863107e-05	3.7741546006001097e-05	5.563246303462236e-05
HER2ST_manual_controlled	HER2ST_G2_CONTROLLED	within_section_controlled_combined	HER2ST::G	manual_truth_controlled	reverse	HER2ST_G2_CONTROLLED__reverse	uot	0.25	2.0	R	I_SPATIAL	0.02	0.01	322	0.006534598380980349	0.007400555154458827	0.006298526091243892	0.008794149052817984
HER2ST_manual_controlled	HER2ST_G2_CONTROLLED	within_section_controlled_combined	HER2ST::G	manual_truth_controlled	reverse	HER2ST_G2_CONTROLLED__reverse	uot	0.25	2.0	R	I_SPATIAL	0.01	0.005	322	0.003246581419584876	0.0036740160757478494	0.003130810093583411	0.004361477794805484
HER2ST_manual_controlled	HER2ST_G2_CONTROLLED	within_section_controlled_combined	HER2ST::G	manual_truth_controlled	reverse	HER2ST_G2_CONTROLLED__reverse	uot	0.25	2.0	R	I_SPATIAL	0.005	0.0025	322	0.0016181818659061343	0.0018304609938856642	0.0015608237115209342	0.00217191078936826
HER2ST_manual_controlled	HER2ST_G2_CONTROLLED	within_section_controlled_combined	HER2ST::G	manual_truth_controlled	reverse	HER2ST_G2_CONTROLLED__reverse	uot	0.25	2.0	R	I_SPATIAL	0.0025	0.00125	322	0.0008078206515057173	0.0009135998027961242	0.0007792704110936311	0.0010837572200988587
HER2ST_manual_controlled	HER2ST_G2_CONTROLLED	within_section_controlled_combined	HER2ST::G	manual_truth_controlled	reverse	HER2ST_G2_CONTROLLED__reverse	uot	0.25	2.0	R	I_SPATIAL	0.00125	0.000625	322	0.00040359466044044914	0.0004563929845735609	0.0003893503514224468	0.0005413301715759609
HER2ST_manual_controlled	HER2ST_G2_CONTROLLED	within_section_controlled_combined	HER2ST::G	manual_truth_controlled	reverse	HER2ST_G2_CONTROLLED__reverse	uot	0.25	2.0	N	I_EXPR	0.02	0.01	322	0.005139286205205291	0.006039725680789448	0.005098770790358235	0.007219136142791314
HER2ST_manual_controlled	HER2ST_G2_CONTROLLED	within_section_controlled_combined	HER2ST::G	manual_truth_controlled	reverse	HER2ST_G2_CONTROLLED__reverse	uot	0.25	2.0	N	I_EXPR	0.01	0.005	322	0.0025884946625644558	0.003042135159444155	0.002564943524650209	0.0036393576019956757
HER2ST_manual_controlled	HER2ST_G2_CONTROLLED	within_section_controlled_combined	HER2ST::G	manual_truth_controlled	reverse	HER2ST_G2_CONTROLLED__reverse	uot	0.25	2.0	N	I_EXPR	0.005	0.0025	322	0.001298996565425599	0.0015268496665996837	0.0012863904679412913	0.0018271867991341891
HER2ST_manual_controlled	HER2ST_G2_CONTROLLED	within_section_controlled_combined	HER2ST::G	manual_truth_controlled	reverse	HER2ST_G2_CONTROLLED__reverse	uot	0.25	2.0	N	I_EXPR	0.0025	0.00125	322	0.0006505528141787671	0.0007648764095707961	0.0006441786297861603	0.0009154780073064846
HER2ST_manual_controlled	HER2ST_G2_CONTROLLED	within_section_controlled_combined	HER2ST::G	manual_truth_controlled	reverse	HER2ST_G2_CONTROLLED__reverse	uot	0.25	2.0	N	I_EXPR	0.00125	0.000625	322	0.00032550949563420927	0.00038280196489132	0.0003223355891219025	0.0004582111091997235
HER2ST_manual_controlled	HER2ST_G2_CONTROLLED	within_section_controlled_combined	HER2ST::G	manual_truth_controlled	reverse	HER2ST_G2_CONTROLLED__reverse	uot	0.25	2.0	N	I_SPATIAL	0.02	0.01	322	0.00527451740618016	0.006224809897487877	0.005225088426097804	0.007461354045724428
HER2ST_manual_controlled	HER2ST_G2_CONTROLLED	within_section_controlled_combined	HER2ST::G	manual_truth_controlled	reverse	HER2ST_G2_CONTROLLED__reverse	uot	0.25	2.0	N	I_SPATIAL	0.01	0.005	322	0.0026209196566677638	0.003088758534206841	0.0025965237402512283	0.00369990990109565
HER2ST_manual_controlled	HER2ST_G2_CONTROLLED	within_section_controlled_combined	HER2ST::G	manual_truth_controlled	reverse	HER2ST_G2_CONTROLLED__reverse	uot	0.25	2.0	N	I_SPATIAL	0.005	0.0025	322	0.0013067089514929272	0.0015385083911867348	0.0012942857907599764	0.0018423247374577
HER2ST_manual_controlled	HER2ST_G2_CONTROLLED	within_section_controlled_combined	HER2ST::G	manual_truth_controlled	reverse	HER2ST_G2_CONTROLLED__reverse	uot	0.25	2.0	N	I_SPATIAL	0.0025	0.00125	322	0.0006524188273943474	0.0007677915557719492	0.0006461523264811311	0.0009192624839513268
HER2ST_manual_controlled	HER2ST_G2_CONTROLLED	within_section_controlled_combined	HER2ST::G	manual_truth_controlled	reverse	HER2ST_G2_CONTROLLED__reverse	uot	0.25	2.0	N	I_SPATIAL	0.00125	0.000625	322	0.0003259760007272196	0.0003835307510372159	0.0003228289857686181	0.00045915722760385354
HER2ST_manual_controlled	HER2ST_G2_CONTROLLED	within_section_controlled_combined	HER2ST::G	manual_truth_controlled	reverse	HER2ST_G2_CONTROLLED__reverse	row_softmax	0.25		R	I_EXPR	0.02	0.01	322	0.0008150243488447566	0.0010102603465133324	0.0008551022980076144	0.0017841777335620825
HER2ST_manual_controlled	HER2ST_G2_CONTROLLED	within_section_controlled_combined	HER2ST::G	manual_truth_controlled	reverse	HER2ST_G2_CONTROLLED__reverse	row_softmax	0.25		R	I_EXPR	0.01	0.005	322	0.00040758885502068757	0.0005057157376958021	0.0004277253850763083	0.0008938267061150859
HER2ST_manual_controlled	HER2ST_G2_CONTROLLED	within_section_controlled_combined	HER2ST::G	manual_truth_controlled	reverse	HER2ST_G2_CONTROLLED__reverse	row_softmax	0.25		R	I_EXPR	0.005	0.0025	322	0.00020381405925825572	0.0002530046364528251	0.00021390637310164093	0.00044734847892933594
HER2ST_manual_controlled	HER2ST_G2_CONTROLLED	within_section_controlled_combined	HER2ST::G	manual_truth_controlled	reverse	HER2ST_G2_CONTROLLED__reverse	row_softmax	0.25		R	I_EXPR	0.0025	0.00125	322	0.00010191210278184492	0.0001265390557231144	0.00010696412518128576	0.0002237831031034377
HER2ST_manual_controlled	HER2ST_G2_CONTROLLED	within_section_controlled_combined	HER2ST::G	manual_truth_controlled	reverse	HER2ST_G2_CONTROLLED__reverse	row_softmax	0.25		R	I_EXPR	0.00125	0.000625	322	5.0957320212872616e-05	6.327871775355619e-05	5.3484799661641806e-05	0.00011191877706022825
HER2ST_manual_controlled	HER2ST_G2_CONTROLLED	within_section_controlled_combined	HER2ST::G	manual_truth_controlled	reverse	HER2ST_G2_CONTROLLED__reverse	row_softmax	0.25		R	I_SPATIAL	0.02	0.01	322	0.005996301823949869	0.0068677496272578735	0.005780287935159848	0.007566060898082927
HER2ST_manual_controlled	HER2ST_G2_CONTROLLED	within_section_controlled_combined	HER2ST::G	manual_truth_controlled	reverse	HER2ST_G2_CONTROLLED__reverse	row_softmax	0.25		R	I_SPATIAL	0.01	0.005	322	0.0029802488040360895	0.0034140598510199495	0.002874646492021432	0.0037601392627020893
HER2ST_manual_controlled	HER2ST_G2_CONTROLLED	within_section_controlled_combined	HER2ST::G	manual_truth_controlled	reverse	HER2ST_G2_CONTROLLED__reverse	row_softmax	0.25		R	I_SPATIAL	0.005	0.0025	322	0.0014857155788406849	0.0017021458727617394	0.001433475956125596	0.0018744791328477147
HER2ST_manual_controlled	HER2ST_G2_CONTROLLED	within_section_controlled_combined	HER2ST::G	manual_truth_controlled	reverse	HER2ST_G2_CONTROLLED__reverse	row_softmax	0.25		R	I_SPATIAL	0.0025	0.00125	322	0.0007417595225859702	0.0008498720243644773	0.0007157796206249696	0.0009358614758082566
HER2ST_manual_controlled	HER2ST_G2_CONTROLLED	within_section_controlled_combined	HER2ST::G	manual_truth_controlled	reverse	HER2ST_G2_CONTROLLED__reverse	row_softmax	0.25		R	I_SPATIAL	0.00125	0.000625	322	0.0003706056450240004	0.0004246364153499163	0.00035765068532003785	0.0004675863203354806
HER2ST_manual_controlled	HER2ST_G2_CONTROLLED	within_section_controlled_combined	HER2ST::G	manual_truth_controlled	reverse	HER2ST_G2_CONTROLLED__reverse	row_softmax	0.25		N	I_EXPR	0.02	0.01	322	0.005899444069323162	0.006848767344415322	0.005753868381720728	0.007321458820300841
HER2ST_manual_controlled	HER2ST_G2_CONTROLLED	within_section_controlled_combined	HER2ST::G	manual_truth_controlled	reverse	HER2ST_G2_CONTROLLED__reverse	row_softmax	0.25		N	I_EXPR	0.01	0.005	322	0.0029671276339412224	0.0034436984544560863	0.002892144632383988	0.0036843988192304914
HER2ST_manual_controlled	HER2ST_G2_CONTROLLED	within_section_controlled_combined	HER2ST::G	manual_truth_controlled	reverse	HER2ST_G2_CONTROLLED__reverse	row_softmax	0.25		N	I_EXPR	0.005	0.0025	322	0.001487956691299141	0.0017266792512540205	0.0014499015399213487	0.001848151415300975
HER2ST_manual_controlled	HER2ST_G2_CONTROLLED	within_section_controlled_combined	HER2ST::G	manual_truth_controlled	reverse	HER2ST_G2_CONTROLLED__reverse	row_softmax	0.25		N	I_EXPR	0.0025	0.00125	322	0.0007449797070572422	0.0008645465218001634	0.0007259115345811562	0.0009255660935923438
HER2ST_manual_controlled	HER2ST_G2_CONTROLLED	within_section_controlled_combined	HER2ST::G	manual_truth_controlled	reverse	HER2ST_G2_CONTROLLED__reverse	row_softmax	0.25		N	I_EXPR	0.00125	0.000625	322	0.00037274444021196865	0.0004325781663345251	0.00036319640884270495	0.0004631559377534835
HER2ST_manual_controlled	HER2ST_G2_CONTROLLED	within_section_controlled_combined	HER2ST::G	manual_truth_controlled	reverse	HER2ST_G2_CONTROLLED__reverse	row_softmax	0.25		N	I_SPATIAL	0.02	0.01	322	0.006036213229959588	0.007003588457328736	0.005877277525773457	0.007513817985280927
HER2ST_manual_controlled	HER2ST_G2_CONTROLLED	within_section_controlled_combined	HER2ST::G	manual_truth_controlled	reverse	HER2ST_G2_CONTROLLED__reverse	row_softmax	0.25		N	I_SPATIAL	0.01	0.005	322	0.0030004966593527712	0.0034829075442717743	0.0029229956505898175	0.0037324665227295986
HER2ST_manual_controlled	HER2ST_G2_CONTROLLED	within_section_controlled_combined	HER2ST::G	manual_truth_controlled	reverse	HER2ST_G2_CONTROLLED__reverse	row_softmax	0.25		N	I_SPATIAL	0.005	0.0025	322	0.0014960999079353544	0.0017364959269492285	0.001457614930685821	0.001860141593882724
HER2ST_manual_controlled	HER2ST_G2_CONTROLLED	within_section_controlled_combined	HER2ST::G	manual_truth_controlled	reverse	HER2ST_G2_CONTROLLED__reverse	row_softmax	0.25		N	I_SPATIAL	0.0025	0.00125	322	0.0007470196140265245	0.0008670092119729796	0.0007278401927482407	0.0009285515551811112
HER2ST_manual_controlled	HER2ST_G2_CONTROLLED	within_section_controlled_combined	HER2ST::G	manual_truth_controlled	reverse	HER2ST_G2_CONTROLLED__reverse	row_softmax	0.25		N	I_SPATIAL	0.00125	0.000625	322	0.00037325450804578415	0.0004331950115674704	0.00036367858260105934	0.00046390230417737446
HER2ST_manual_controlled	HER2ST_G2_CONTROLLED	within_section_controlled_combined	HER2ST::G	manual_truth_controlled	reverse	HER2ST_G2_CONTROLLED__reverse	balanced_ot	0.25		R	I_EXPR	0.02	0.01	322	0.0005986656236396683	0.0011465191560263174	0.000715568376563189	0.0025970673434997085
HER2ST_manual_controlled	HER2ST_G2_CONTROLLED	within_section_controlled_combined	HER2ST::G	manual_truth_controlled	reverse	HER2ST_G2_CONTROLLED__reverse	balanced_ot	0.25		R	I_EXPR	0.01	0.005	322	0.0002997048739473969	0.0005746229427519168	0.0003583430212587145	0.0013006726129540997
HER2ST_manual_controlled	HER2ST_G2_CONTROLLED	within_section_controlled_combined	HER2ST::G	manual_truth_controlled	reverse	HER2ST_G2_CONTROLLED__reverse	balanced_ot	0.25		R	I_EXPR	0.005	0.0025	322	0.0001499458939743461	0.00028765306061106154	0.00017931153889605406	0.0006508703882172308
HER2ST_manual_controlled	HER2ST_G2_CONTROLLED	within_section_controlled_combined	HER2ST::G	manual_truth_controlled	reverse	HER2ST_G2_CONTROLLED__reverse	balanced_ot	0.25		R	I_EXPR	0.0025	0.00125	322	7.499655348681893e-05	0.00014391201446676996	8.969082421553545e-05	0.00032556863391704964
HER2ST_manual_controlled	HER2ST_G2_CONTROLLED	within_section_controlled_combined	HER2ST::G	manual_truth_controlled	reverse	HER2ST_G2_CONTROLLED__reverse	balanced_ot	0.25		R	I_EXPR	0.00125	0.000625	322	3.7504172379529405e-05	7.197741623450204e-05	4.485417604557364e-05	0.00016281767229371253
HER2ST_manual_controlled	HER2ST_G2_CONTROLLED	within_section_controlled_combined	HER2ST::G	manual_truth_controlled	reverse	HER2ST_G2_CONTROLLED__reverse	balanced_ot	0.25		R	I_SPATIAL	0.02	0.01	322	0.0063493025630092376	0.007216469273267943	0.006058103919935475	0.007980219112452665
HER2ST_manual_controlled	HER2ST_G2_CONTROLLED	within_section_controlled_combined	HER2ST::G	manual_truth_controlled	reverse	HER2ST_G2_CONTROLLED__reverse	balanced_ot	0.25		R	I_SPATIAL	0.01	0.005	322	0.00315640567392672	0.0035833622672962317	0.003011460660622932	0.003959054092461347
HER2ST_manual_controlled	HER2ST_G2_CONTROLLED	within_section_controlled_combined	HER2ST::G	manual_truth_controlled	reverse	HER2ST_G2_CONTROLLED__reverse	balanced_ot	0.25		R	I_SPATIAL	0.005	0.0025	322	0.001573315932530538	0.0017852996514674372	0.0015013633204666163	0.0019718197742971556
HER2ST_manual_controlled	HER2ST_G2_CONTROLLED	within_section_controlled_combined	HER2ST::G	manual_truth_controlled	reverse	HER2ST_G2_CONTROLLED__reverse	balanced_ot	0.25		R	I_SPATIAL	0.0025	0.00125	322	0.0007855716217286431	0.0008909214780760718	0.0007495941733666196	0.0009839901399782529
HER2ST_manual_controlled	HER2ST_G2_CONTROLLED	within_section_controlled_combined	HER2ST::G	manual_truth_controlled	reverse	HER2ST_G2_CONTROLLED__reverse	balanced_ot	0.25		R	I_SPATIAL	0.00125	0.000625	322	0.00039251446192793194	0.00044502810534011774	0.00037452570872760314	0.00049151601669236
HER2ST_manual_controlled	HER2ST_G2_CONTROLLED	within_section_controlled_combined	HER2ST::G	manual_truth_controlled	reverse	HER2ST_G2_CONTROLLED__reverse	balanced_ot	0.25		N	I_EXPR	0.02	0.01	322	0.0061815380468429205	0.00693916351006323	0.005896587243843814	0.007641665339147035
HER2ST_manual_controlled	HER2ST_G2_CONTROLLED	within_section_controlled_combined	HER2ST::G	manual_truth_controlled	reverse	HER2ST_G2_CONTROLLED__reverse	balanced_ot	0.25		N	I_EXPR	0.01	0.005	322	0.003106549696631669	0.0034947116414723437	0.002965344315084264	0.0038505328039401387
HER2ST_manual_controlled	HER2ST_G2_CONTROLLED	within_section_controlled_combined	HER2ST::G	manual_truth_controlled	reverse	HER2ST_G2_CONTROLLED__reverse	balanced_ot	0.25		N	I_EXPR	0.005	0.0025	322	0.0015574360217125581	0.001753562185902651	0.0014869648313692884	0.0019327666111384105
HER2ST_manual_controlled	HER2ST_G2_CONTROLLED	within_section_controlled_combined	HER2ST::G	manual_truth_controlled	reverse	HER2ST_G2_CONTROLLED__reverse	balanced_ot	0.25		N	I_EXPR	0.0025	0.00125	322	0.0007799472431956023	0.0008783370755398639	0.0007445594560224472	0.0009682762853652261
HER2ST_manual_controlled	HER2ST_G2_CONTROLLED	within_section_controlled_combined	HER2ST::G	manual_truth_controlled	reverse	HER2ST_G2_CONTROLLED__reverse	balanced_ot	0.25		N	I_EXPR	0.00125	0.000625	322	0.00039028725204739447	0.0004395580813699995	0.00037254947026916466	0.0004846122599561967
HER2ST_manual_controlled	HER2ST_G2_CONTROLLED	within_section_controlled_combined	HER2ST::G	manual_truth_controlled	reverse	HER2ST_G2_CONTROLLED__reverse	balanced_ot	0.25		N	I_SPATIAL	0.02	0.01	322	0.006323234684815375	0.007139828329636287	0.00603491334796159	0.00788418096884737
HER2ST_manual_controlled	HER2ST_G2_CONTROLLED	within_section_controlled_combined	HER2ST::G	manual_truth_controlled	reverse	HER2ST_G2_CONTROLLED__reverse	balanced_ot	0.25		N	I_SPATIAL	0.01	0.005	322	0.003141857972583582	0.003544647460479178	0.0029999266585863022	0.00391124401894959
HER2ST_manual_controlled	HER2ST_G2_CONTROLLED	within_section_controlled_combined	HER2ST::G	manual_truth_controlled	reverse	HER2ST_G2_CONTROLLED__reverse	balanced_ot	0.25		N	I_SPATIAL	0.005	0.0025	322	0.0015665362928528469	0.0017660450456229724	0.0014956118386288135	0.0019479662959327722
HER2ST_manual_controlled	HER2ST_G2_CONTROLLED	within_section_controlled_combined	HER2ST::G	manual_truth_controlled	reverse	HER2ST_G2_CONTROLLED__reverse	balanced_ot	0.25		N	I_SPATIAL	0.0025	0.00125	322	0.0007822145796979427	0.0008814577952744525	0.0007467213030185821	0.0009720762055842881
HER2ST_manual_controlled	HER2ST_G2_CONTROLLED	within_section_controlled_combined	HER2ST::G	manual_truth_controlled	reverse	HER2ST_G2_CONTROLLED__reverse	balanced_ot	0.25		N	I_SPATIAL	0.00125	0.000625	322	0.00039084397797971196	0.0004403382620594864	0.00037308992013113367	0.0004855622402526522
HER2ST_manual_controlled	HER2ST_H1_CONTROLLED	within_section_controlled_combined	HER2ST::H	manual_truth_controlled	forward	HER2ST_H1_CONTROLLED	uot	0.25	2.0	R	I_EXPR	0.02	0.01	530	0.0005797119785191716	0.0006790557252846633	0.0005891613802464348	0.0007878172277100954
HER2ST_manual_controlled	HER2ST_H1_CONTROLLED	within_section_controlled_combined	HER2ST::H	manual_truth_controlled	forward	HER2ST_H1_CONTROLLED	uot	0.25	2.0	R	I_EXPR	0.01	0.005	530	0.000289772993225736	0.0003394355077772385	0.0002945128439292356	0.00039394186932603024
HER2ST_manual_controlled	HER2ST_H1_CONTROLLED	within_section_controlled_combined	HER2ST::H	manual_truth_controlled	forward	HER2ST_H1_CONTROLLED	uot	0.25	2.0	R	I_EXPR	0.005	0.0025	530	0.00014486576112415978	0.00016969470043374163	0.00014723948991934562	0.0001969793726493312
HER2ST_manual_controlled	HER2ST_H1_CONTROLLED	within_section_controlled_combined	HER2ST::H	manual_truth_controlled	forward	HER2ST_H1_CONTROLLED	uot	0.25	2.0	R	I_EXPR	0.0025	0.00125	530	7.242769884535435e-05	8.484159162964792e-05	7.361551507413876e-05	9.849181140081157e-05
HER2ST_manual_controlled	HER2ST_H1_CONTROLLED	within_section_controlled_combined	HER2ST::H	manual_truth_controlled	forward	HER2ST_H1_CONTROLLED	uot	0.25	2.0	R	I_EXPR	0.00125	0.000625	530	3.6212552881726565e-05	4.241989225670686e-05	3.680670015540048e-05	4.924643806051191e-05
HER2ST_manual_controlled	HER2ST_H1_CONTROLLED	within_section_controlled_combined	HER2ST::H	manual_truth_controlled	forward	HER2ST_H1_CONTROLLED	uot	0.25	2.0	R	I_SPATIAL	0.02	0.01	530	0.006230313875730219	0.00735747459380926	0.006168005785343367	0.008774458893641444
HER2ST_manual_controlled	HER2ST_H1_CONTROLLED	within_section_controlled_combined	HER2ST::H	manual_truth_controlled	forward	HER2ST_H1_CONTROLLED	uot	0.25	2.0	R	I_SPATIAL	0.01	0.005	530	0.003096617161448145	0.0036520431711563016	0.0030666315852030416	0.004362007753409277
HER2ST_manual_controlled	HER2ST_H1_CONTROLLED	within_section_controlled_combined	HER2ST::H	manual_truth_controlled	forward	HER2ST_H1_CONTROLLED	uot	0.25	2.0	R	I_SPATIAL	0.005	0.0025	530	0.00154479531925547	0.001819400054627967	0.0015290052992663551	0.0021747134969328057
HER2ST_manual_controlled	HER2ST_H1_CONTROLLED	within_section_controlled_combined	HER2ST::H	manual_truth_controlled	forward	HER2ST_H1_CONTROLLED	uot	0.25	2.0	R	I_SPATIAL	0.0025	0.00125	530	0.0007715221360769947	0.0009080510817357361	0.0007634288720357576	0.0010857860940054764
HER2ST_manual_controlled	HER2ST_H1_CONTROLLED	within_section_controlled_combined	HER2ST::H	manual_truth_controlled	forward	HER2ST_H1_CONTROLLED	uot	0.25	2.0	R	I_SPATIAL	0.00125	0.000625	530	0.0003855421652639348	0.0004536141047447204	0.0003814464794573881	0.0005425006295804714
HER2ST_manual_controlled	HER2ST_H1_CONTROLLED	within_section_controlled_combined	HER2ST::H	manual_truth_controlled	forward	HER2ST_H1_CONTROLLED	uot	0.25	2.0	N	I_EXPR	0.02	0.01	530	0.0048921250850251985	0.006028055872312885	0.004978915484501809	0.007756651365779914
HER2ST_manual_controlled	HER2ST_H1_CONTROLLED	within_section_controlled_combined	HER2ST::H	manual_truth_controlled	forward	HER2ST_H1_CONTROLLED	uot	0.25	2.0	N	I_EXPR	0.01	0.005	530	0.0024579146400733887	0.003034625101676508	0.0025038481469870397	0.003900123098537374
HER2ST_manual_controlled	HER2ST_H1_CONTROLLED	within_section_controlled_combined	HER2ST::H	manual_truth_controlled	forward	HER2ST_H1_CONTROLLED	uot	0.25	2.0	N	I_EXPR	0.005	0.0025	530	0.001232764998174195	0.0015225972491699211	0.001255548568983123	0.001955524353945443
HER2ST_manual_controlled	HER2ST_H1_CONTROLLED	within_section_controlled_combined	HER2ST::H	manual_truth_controlled	forward	HER2ST_H1_CONTROLLED	uot	0.25	2.0	N	I_EXPR	0.0025	0.00125	530	0.0006173819231630749	0.0007626249920993651	0.000628683861365105	0.0009791295088090245
HER2ST_manual_controlled	HER2ST_H1_CONTROLLED	within_section_controlled_combined	HER2ST::H	manual_truth_controlled	forward	HER2ST_H1_CONTROLLED	uot	0.25	2.0	N	I_EXPR	0.00125	0.000625	530	0.0003089505374314008	0.00038164474194917874	0.0003145697590622217	0.0004899115423362824
HER2ST_manual_controlled	HER2ST_H1_CONTROLLED	within_section_controlled_combined	HER2ST::H	manual_truth_controlled	forward	HER2ST_H1_CONTROLLED	uot	0.25	2.0	N	I_SPATIAL	0.02	0.01	530	0.004999314060870373	0.0061964252816197425	0.0050958040151436335	0.007933894266414176
HER2ST_manual_controlled	HER2ST_H1_CONTROLLED	within_section_controlled_combined	HER2ST::H	manual_truth_controlled	forward	HER2ST_H1_CONTROLLED	uot	0.25	2.0	N	I_SPATIAL	0.01	0.005	530	0.0024862807039316153	0.0030772380211478087	0.002533067639586587	0.003944423293414772
HER2ST_manual_controlled	HER2ST_H1_CONTROLLED	within_section_controlled_combined	HER2ST::H	manual_truth_controlled	forward	HER2ST_H1_CONTROLLED	uot	0.25	2.0	N	I_SPATIAL	0.005	0.0025	530	0.0012397746674930631	0.0015332501811048502	0.0012628534883360662	0.001966630911888024
HER2ST_manual_controlled	HER2ST_H1_CONTROLLED	within_section_controlled_combined	HER2ST::H	manual_truth_controlled	forward	HER2ST_H1_CONTROLLED	uot	0.25	2.0	N	I_SPATIAL	0.0025	0.00125	530	0.0006190438104915418	0.0007652882062686201	0.0006305101038886864	0.000981921084465724
HER2ST_manual_controlled	HER2ST_H1_CONTROLLED	within_section_controlled_combined	HER2ST::H	manual_truth_controlled	forward	HER2ST_H1_CONTROLLED	uot	0.25	2.0	N	I_SPATIAL	0.00125	0.000625	530	0.0003093434056237013	0.00038231054362701267	0.00031502632436620825	0.0004906107322856304
HER2ST_manual_controlled	HER2ST_H1_CONTROLLED	within_section_controlled_combined	HER2ST::H	manual_truth_controlled	forward	HER2ST_H1_CONTROLLED	row_softmax	0.25		R	I_EXPR	0.02	0.01	530	0.0007297660176686315	0.000878780352967761	0.0007326104803728612	0.0013601686718200563
HER2ST_manual_controlled	HER2ST_H1_CONTROLLED	within_section_controlled_combined	HER2ST::H	manual_truth_controlled	forward	HER2ST_H1_CONTROLLED	row_softmax	0.25		R	I_EXPR	0.01	0.005	530	0.0003649429332115078	0.00043990940445875224	0.000366491124520158	0.0006816772417640162
HER2ST_manual_controlled	HER2ST_H1_CONTROLLED	within_section_controlled_combined	HER2ST::H	manual_truth_controlled	forward	HER2ST_H1_CONTROLLED	row_softmax	0.25		R	I_EXPR	0.005	0.0025	530	0.00018250886929189949	0.00022008489950996977	0.00018329212776605812	0.00034123780889016295
HER2ST_manual_controlled	HER2ST_H1_CONTROLLED	within_section_controlled_combined	HER2ST::H	manual_truth_controlled	forward	HER2ST_H1_CONTROLLED	row_softmax	0.25		R	I_EXPR	0.0025	0.00125	530	9.126439314914719e-05	0.00011007502822006969	9.16577179216509e-05	0.00017071882386302908
HER2ST_manual_controlled	HER2ST_H1_CONTROLLED	within_section_controlled_combined	HER2ST::H	manual_truth_controlled	forward	HER2ST_H1_CONTROLLED	row_softmax	0.25		R	I_EXPR	0.00125	0.000625	530	4.563468450957671e-05	5.504566213499255e-05	4.58317739817532e-05	8.53844003110277e-05
HER2ST_manual_controlled	HER2ST_H1_CONTROLLED	within_section_controlled_combined	HER2ST::H	manual_truth_controlled	forward	HER2ST_H1_CONTROLLED	row_softmax	0.25		R	I_SPATIAL	0.02	0.01	530	0.005807630997880071	0.006771781441662658	0.005664895567789958	0.007237065091254357
HER2ST_manual_controlled	HER2ST_H1_CONTROLLED	within_section_controlled_combined	HER2ST::H	manual_truth_controlled	forward	HER2ST_H1_CONTROLLED	row_softmax	0.25		R	I_SPATIAL	0.01	0.005	530	0.002885624640968331	0.0033619201562374323	0.0028169721085381906	0.003594294676287861
HER2ST_manual_controlled	HER2ST_H1_CONTROLLED	within_section_controlled_combined	HER2ST::H	manual_truth_controlled	forward	HER2ST_H1_CONTROLLED	row_softmax	0.25		R	I_SPATIAL	0.005	0.0025	530	0.0014387071919738053	0.0016749178505383595	0.0014046470884871137	0.0017911227822871429
HER2ST_manual_controlled	HER2ST_H1_CONTROLLED	within_section_controlled_combined	HER2ST::H	manual_truth_controlled	forward	HER2ST_H1_CONTROLLED	row_softmax	0.25		R	I_SPATIAL	0.0025	0.00125	530	0.0007184040866354478	0.0008359502166264338	0.0007013674087048324	0.000894059813027641
HER2ST_manual_controlled	HER2ST_H1_CONTROLLED	within_section_controlled_combined	HER2ST::H	manual_truth_controlled	forward	HER2ST_H1_CONTROLLED	row_softmax	0.25		R	I_SPATIAL	0.00125	0.000625	530	0.000358964922017593	0.00041759845600622647	0.0003504451269259941	0.00044665689277686397
HER2ST_manual_controlled	HER2ST_H1_CONTROLLED	within_section_controlled_combined	HER2ST::H	manual_truth_controlled	forward	HER2ST_H1_CONTROLLED	row_softmax	0.25		N	I_EXPR	0.02	0.01	530	0.005725580542435901	0.00649683149180089	0.005540959355690165	0.007157391596402123
HER2ST_manual_controlled	HER2ST_H1_CONTROLLED	within_section_controlled_combined	HER2ST::H	manual_truth_controlled	forward	HER2ST_H1_CONTROLLED	row_softmax	0.25		N	I_EXPR	0.01	0.005	530	0.0028779486425470234	0.00327070681554771	0.0027851249331018097	0.003602339875373604
HER2ST_manual_controlled	HER2ST_H1_CONTROLLED	within_section_controlled_combined	HER2ST::H	manual_truth_controlled	forward	HER2ST_H1_CONTROLLED	row_softmax	0.25		N	I_EXPR	0.005	0.0025	530	0.0014427023889560919	0.0016409366077414398	0.0013962490969505446	0.0018071231823132605
HER2ST_manual_controlled	HER2ST_H1_CONTROLLED	within_section_controlled_combined	HER2ST::H	manual_truth_controlled	forward	HER2ST_H1_CONTROLLED	row_softmax	0.25		N	I_EXPR	0.0025	0.00125	530	0.0007223630966632149	0.0008218877074574163	0.000699049551734094	0.0009050540577563767
HER2ST_manual_controlled	HER2ST_H1_CONTROLLED	within_section_controlled_combined	HER2ST::H	manual_truth_controlled	forward	HER2ST_H1_CONTROLLED	row_softmax	0.25		N	I_EXPR	0.00125	0.000625	530	0.0003614154289174553	0.00041129439547659747	0.0003497564515668188	0.00045290066373705084
HER2ST_manual_controlled	HER2ST_H1_CONTROLLED	within_section_controlled_combined	HER2ST::H	manual_truth_controlled	forward	HER2ST_H1_CONTROLLED	row_softmax	0.25		N	I_SPATIAL	0.02	0.01	530	0.0058362952503716575	0.006666465650240778	0.005659841211433402	0.0073504915472814986
HER2ST_manual_controlled	HER2ST_H1_CONTROLLED	within_section_controlled_combined	HER2ST::H	manual_truth_controlled	forward	HER2ST_H1_CONTROLLED	row_softmax	0.25		N	I_SPATIAL	0.01	0.005	530	0.0029055677232338777	0.003313644335800073	0.00281483773676346	0.003650513146085503
HER2ST_manual_controlled	HER2ST_H1_CONTROLLED	within_section_controlled_combined	HER2ST::H	manual_truth_controlled	forward	HER2ST_H1_CONTROLLED	row_softmax	0.25		N	I_SPATIAL	0.005	0.0025	530	0.001449616729409351	0.0016513938591552154	0.001403676809927308	0.0018191170750611635
HER2ST_manual_controlled	HER2ST_H1_CONTROLLED	within_section_controlled_combined	HER2ST::H	manual_truth_controlled	forward	HER2ST_H1_CONTROLLED	row_softmax	0.25		N	I_SPATIAL	0.0025	0.00125	530	0.0007240154529274806	0.0008246965117699843	0.0007009063957385973	0.0009080473006584782
HER2ST_manual_controlled	HER2ST_H1_CONTROLLED	within_section_controlled_combined	HER2ST::H	manual_truth_controlled	forward	HER2ST_H1_CONTROLLED	row_softmax	0.25		N	I_SPATIAL	0.00125	0.000625	530	0.0003618103303203265	0.00041199659523142776	0.00035022062562805657	0.0004536489761976966
HER2ST_manual_controlled	HER2ST_H1_CONTROLLED	within_section_controlled_combined	HER2ST::H	manual_truth_controlled	forward	HER2ST_H1_CONTROLLED	balanced_ot	0.25		R	I_EXPR	0.02	0.01	530	0.0006188265301024927	0.0012253333792252893	0.0007035204288506176	0.0024787811727611246
HER2ST_manual_controlled	HER2ST_H1_CONTROLLED	within_section_controlled_combined	HER2ST::H	manual_truth_controlled	forward	HER2ST_H1_CONTROLLED	balanced_ot	0.25		R	I_EXPR	0.01	0.005	530	0.0003098114893311323	0.0006138189696372835	0.00035233014963011796	0.0012420591905763943
HER2ST_manual_controlled	HER2ST_H1_CONTROLLED	within_section_controlled_combined	HER2ST::H	manual_truth_controlled	forward	HER2ST_H1_CONTROLLED	balanced_ot	0.25		R	I_EXPR	0.005	0.0025	530	0.00015500530052428316	0.0003071983392916149	0.00017630787448193544	0.0006216971832836201
HER2ST_manual_controlled	HER2ST_H1_CONTROLLED	within_section_controlled_combined	HER2ST::H	manual_truth_controlled	forward	HER2ST_H1_CONTROLLED	balanced_ot	0.25		R	I_EXPR	0.0025	0.00125	530	7.752756226364458e-05	0.0001536714540694465	8.818967335862205e-05	0.0003110155419230896
HER2ST_manual_controlled	HER2ST_H1_CONTROLLED	within_section_controlled_combined	HER2ST::H	manual_truth_controlled	forward	HER2ST_H1_CONTROLLED	balanced_ot	0.25		R	I_EXPR	0.00125	0.000625	530	3.877000027531499e-05	7.68538142444231e-05	4.410378275666829e-05	0.00015554956463221975
HER2ST_manual_controlled	HER2ST_H1_CONTROLLED	within_section_controlled_combined	HER2ST::H	manual_truth_controlled	forward	HER2ST_H1_CONTROLLED	balanced_ot	0.25		R	I_SPATIAL	0.02	0.01	530	0.0060156830545486685	0.006923595258805496	0.005874500330208225	0.00776071936088036
HER2ST_manual_controlled	HER2ST_H1_CONTROLLED	within_section_controlled_combined	HER2ST::H	manual_truth_controlled	forward	HER2ST_H1_CONTROLLED	balanced_ot	0.25		R	I_SPATIAL	0.01	0.005	530	0.0029890948692566487	0.0034380703280065855	0.0029209893784454357	0.003853262942999745
HER2ST_manual_controlled	HER2ST_H1_CONTROLLED	within_section_controlled_combined	HER2ST::H	manual_truth_controlled	forward	HER2ST_H1_CONTROLLED	balanced_ot	0.25		R	I_SPATIAL	0.005	0.0025	530	0.0014899332838971796	0.0017127608187881727	0.0014564597920577716	0.0019199166902217418
HER2ST_manual_controlled	HER2ST_H1_CONTROLLED	within_section_controlled_combined	HER2ST::H	manual_truth_controlled	forward	HER2ST_H1_CONTROLLED	balanced_ot	0.25		R	I_SPATIAL	0.0025	0.00125	530	0.000743816484234934	0.0008548145805086844	0.0007272247150561595	0.0009582814788819016
HER2ST_manual_controlled	HER2ST_H1_CONTROLLED	within_section_controlled_combined	HER2ST::H	manual_truth_controlled	forward	HER2ST_H1_CONTROLLED	balanced_ot	0.25		R	I_SPATIAL	0.00125	0.000625	530	0.00037162150037826756	0.0004270105500181119	0.00036336147716361345	0.00047872175484135255
HER2ST_manual_controlled	HER2ST_H1_CONTROLLED	within_section_controlled_combined	HER2ST::H	manual_truth_controlled	forward	HER2ST_H1_CONTROLLED	balanced_ot	0.25		N	I_EXPR	0.02	0.01	530	0.0058711784926569815	0.006680504991167536	0.005728972836835032	0.0075968444218833
HER2ST_manual_controlled	HER2ST_H1_CONTROLLED	within_section_controlled_combined	HER2ST::H	manual_truth_controlled	forward	HER2ST_H1_CONTROLLED	balanced_ot	0.25		N	I_EXPR	0.01	0.005	530	0.002953016442342195	0.003361667140541182	0.0028802112244882138	0.0038236672831137987
HER2ST_manual_controlled	HER2ST_H1_CONTROLLED	within_section_controlled_combined	HER2ST::H	manual_truth_controlled	forward	HER2ST_H1_CONTROLLED	balanced_ot	0.25		N	I_EXPR	0.005	0.0025	530	0.001479941550282572	0.0016873899077662566	0.0014440664830735821	0.0019181574713915599
HER2ST_manual_controlled	HER2ST_H1_CONTROLLED	within_section_controlled_combined	HER2ST::H	manual_truth_controlled	forward	HER2ST_H1_CONTROLLED	balanced_ot	0.25		N	I_EXPR	0.0025	0.00125	530	0.0007410797799309911	0.0008453570538771717	0.0007230271764235046	0.0009606611604394851
HER2ST_manual_controlled	HER2ST_H1_CONTROLLED	within_section_controlled_combined	HER2ST::H	manual_truth_controlled	forward	HER2ST_H1_CONTROLLED	balanced_ot	0.25		N	I_EXPR	0.00125	0.000625	530	0.0003708185198627565	0.0004230949226700814	0.00036176250035017076	0.00048072636237732905
HER2ST_manual_controlled	HER2ST_H1_CONTROLLED	within_section_controlled_combined	HER2ST::H	manual_truth_controlled	forward	HER2ST_H1_CONTROLLED	balanced_ot	0.25		N	I_SPATIAL	0.02	0.01	530	0.006003893658206704	0.006872566433657793	0.0058566198821784175	0.0077998663539164135
HER2ST_manual_controlled	HER2ST_H1_CONTROLLED	within_section_controlled_combined	HER2ST::H	manual_truth_controlled	forward	HER2ST_H1_CONTROLLED	balanced_ot	0.25		N	I_SPATIAL	0.01	0.005	530	0.002986383752750745	0.0034109116130708744	0.002912125445022442	0.0038743192138880923
HER2ST_manual_controlled	HER2ST_H1_CONTROLLED	within_section_controlled_combined	HER2ST::H	manual_truth_controlled	forward	HER2ST_H1_CONTROLLED	balanced_ot	0.25		N	I_SPATIAL	0.005	0.0025	530	0.0014888639705577349	0.0016999735992980019	0.0014520453987987667	0.0019308278987803392
HER2ST_manual_controlled	HER2ST_H1_CONTROLLED	within_section_controlled_combined	HER2ST::H	manual_truth_controlled	forward	HER2ST_H1_CONTROLLED	balanced_ot	0.25		N	I_SPATIAL	0.0025	0.00125	530	0.0007433116300860851	0.000848374801068603	0.0007250218930170735	0.0009638287993746136
HER2ST_manual_controlled	HER2ST_H1_CONTROLLED	within_section_controlled_combined	HER2ST::H	manual_truth_controlled	forward	HER2ST_H1_CONTROLLED	balanced_ot	0.25		N	I_SPATIAL	0.00125	0.000625	530	0.0003713764843415523	0.00042389712747166523	0.00036226118455846655	0.0004815182743087615
HER2ST_manual_controlled	HER2ST_H1_CONTROLLED	within_section_controlled_combined	HER2ST::H	manual_truth_controlled	reverse	HER2ST_H1_CONTROLLED__reverse	uot	0.25	2.0	R	I_EXPR	0.02	0.01	424	0.000587291947503348	0.0006635225925658991	0.0005928092777779956	0.0007596093020271349
HER2ST_manual_controlled	HER2ST_H1_CONTROLLED	within_section_controlled_combined	HER2ST::H	manual_truth_controlled	reverse	HER2ST_H1_CONTROLLED__reverse	uot	0.25	2.0	R	I_EXPR	0.01	0.005	424	0.00029356083626265705	0.00033168171232191403	0.0002963389060174012	0.00037978043451571304
HER2ST_manual_controlled	HER2ST_H1_CONTROLLED	within_section_controlled_combined	HER2ST::H	manual_truth_controlled	reverse	HER2ST_H1_CONTROLLED__reverse	uot	0.25	2.0	R	I_EXPR	0.005	0.0025	424	0.0001467591727866963	0.00016582105649137275	0.00014815305181556759	0.00018988426469956462
HER2ST_manual_controlled	HER2ST_H1_CONTROLLED	within_section_controlled_combined	HER2ST::H	manual_truth_controlled	reverse	HER2ST_H1_CONTROLLED__reverse	uot	0.25	2.0	R	I_EXPR	0.0025	0.00125	424	7.337427507890512e-05	8.290558430111715e-05	7.40724290260888e-05	9.49406570293698e-05
HER2ST_manual_controlled	HER2ST_H1_CONTROLLED	within_section_controlled_combined	HER2ST::H	manual_truth_controlled	reverse	HER2ST_H1_CONTROLLED__reverse	uot	0.25	2.0	R	I_EXPR	0.00125	0.000625	424	3.668581352718389e-05	4.1451559650642906e-05	3.703519101030047e-05	4.7469963403161936e-05
HER2ST_manual_controlled	HER2ST_H1_CONTROLLED	within_section_controlled_combined	HER2ST::H	manual_truth_controlled	reverse	HER2ST_H1_CONTROLLED__reverse	uot	0.25	2.0	R	I_SPATIAL	0.02	0.01	424	0.006193456953173267	0.0074939130384149575	0.0061627312374387105	0.008333800781342686
HER2ST_manual_controlled	HER2ST_H1_CONTROLLED	within_section_controlled_combined	HER2ST::H	manual_truth_controlled	reverse	HER2ST_H1_CONTROLLED__reverse	uot	0.25	2.0	R	I_SPATIAL	0.01	0.005	424	0.0030752810655362397	0.00372452773171682	0.003063973036154118	0.004139332576526666
HER2ST_manual_controlled	HER2ST_H1_CONTROLLED	within_section_controlled_combined	HER2ST::H	manual_truth_controlled	reverse	HER2ST_H1_CONTROLLED__reverse	uot	0.25	2.0	R	I_SPATIAL	0.005	0.0025	424	0.0015323068335608304	0.0018567063606716402	0.001527670924306649	0.00206286726534276
HER2ST_manual_controlled	HER2ST_H1_CONTROLLED	within_section_controlled_combined	HER2ST::H	manual_truth_controlled	reverse	HER2ST_H1_CONTROLLED__reverse	uot	0.25	2.0	R	I_SPATIAL	0.0025	0.00125	424	0.0007646736506859864	0.0009269691967119068	0.0007627604125735007	0.0010297354299630256
HER2ST_manual_controlled	HER2ST_H1_CONTROLLED	within_section_controlled_combined	HER2ST::H	manual_truth_controlled	reverse	HER2ST_H1_CONTROLLED__reverse	uot	0.25	2.0	R	I_SPATIAL	0.00125	0.000625	424	0.00038196784102340504	0.000463167629529271	0.000381111933411927	0.0005144433643892912
HER2ST_manual_controlled	HER2ST_H1_CONTROLLED	within_section_controlled_combined	HER2ST::H	manual_truth_controlled	reverse	HER2ST_H1_CONTROLLED__reverse	uot	0.25	2.0	N	I_EXPR	0.02	0.01	424	0.004813716361432257	0.006039032884105699	0.004973800640101706	0.006846077845817097
HER2ST_manual_controlled	HER2ST_H1_CONTROLLED	within_section_controlled_combined	HER2ST::H	manual_truth_controlled	reverse	HER2ST_H1_CONTROLLED__reverse	uot	0.25	2.0	N	I_EXPR	0.01	0.005	424	0.002425280460182352	0.0030375116726204026	0.002501317138297653	0.0034461141913556064
HER2ST_manual_controlled	HER2ST_H1_CONTROLLED	within_section_controlled_combined	HER2ST::H	manual_truth_controlled	reverse	HER2ST_H1_CONTROLLED__reverse	uot	0.25	2.0	N	I_EXPR	0.005	0.0025	424	0.001216470530555649	0.0015232644034862152	0.0012542897269510608	0.0017288368184316342
HER2ST_manual_controlled	HER2ST_H1_CONTROLLED	within_section_controlled_combined	HER2ST::H	manual_truth_controlled	reverse	HER2ST_H1_CONTROLLED__reverse	uot	0.25	2.0	N	I_EXPR	0.0025	0.00125	424	0.0006093690848318735	0.0007628922418557447	0.0006280561299932329	0.0008658646186796107
HER2ST_manual_controlled	HER2ST_H1_CONTROLLED	within_section_controlled_combined	HER2ST::H	manual_truth_controlled	reverse	HER2ST_H1_CONTROLLED__reverse	uot	0.25	2.0	N	I_EXPR	0.00125	0.000625	424	0.0003049418399584377	0.00038176152194697755	0.00031425630958649295	0.00043329401745522854
HER2ST_manual_controlled	HER2ST_H1_CONTROLLED	within_section_controlled_combined	HER2ST::H	manual_truth_controlled	reverse	HER2ST_H1_CONTROLLED__reverse	uot	0.25	2.0	N	I_SPATIAL	0.02	0.01	424	0.004947193762799394	0.006205230794606958	0.00509090412641082	0.007032214787917138
HER2ST_manual_controlled	HER2ST_H1_CONTROLLED	within_section_controlled_combined	HER2ST::H	manual_truth_controlled	reverse	HER2ST_H1_CONTROLLED__reverse	uot	0.25	2.0	N	I_SPATIAL	0.01	0.005	424	0.0024580269008923645	0.003079293268002664	0.002530590225219392	0.0034924987240402133
HER2ST_manual_controlled	HER2ST_H1_CONTROLLED	within_section_controlled_combined	HER2ST::H	manual_truth_controlled	reverse	HER2ST_H1_CONTROLLED__reverse	uot	0.25	2.0	N	I_SPATIAL	0.005	0.0025	424	0.0012242615038807118	0.0015338636749516678	0.001261607972583209	0.0017404161403858263
HER2ST_manual_controlled	HER2ST_H1_CONTROLLED	within_section_controlled_combined	HER2ST::H	manual_truth_controlled	reverse	HER2ST_H1_CONTROLLED__reverse	uot	0.25	2.0	N	I_SPATIAL	0.0025	0.00125	424	0.0006112302380399497	0.0007654916515261427	0.0006298856830515457	0.0008687594748159761
HER2ST_manual_controlled	HER2ST_H1_CONTROLLED	within_section_controlled_combined	HER2ST::H	manual_truth_controlled	reverse	HER2ST_H1_CONTROLLED__reverse	uot	0.25	2.0	N	I_SPATIAL	0.00125	0.000625	424	0.00030539028421978074	0.0003823979147979209	0.00031471370072457374	0.00043401773188676834
HER2ST_manual_controlled	HER2ST_H1_CONTROLLED	within_section_controlled_combined	HER2ST::H	manual_truth_controlled	reverse	HER2ST_H1_CONTROLLED__reverse	row_softmax	0.25		R	I_EXPR	0.02	0.01	424	0.0007510076793181488	0.0010158359401512191	0.0007985158154787648	0.0020550841886877408
HER2ST_manual_controlled	HER2ST_H1_CONTROLLED	within_section_controlled_combined	HER2ST::H	manual_truth_controlled	reverse	HER2ST_H1_CONTROLLED__reverse	row_softmax	0.25		R	I_EXPR	0.01	0.005	424	0.0003756584550782885	0.0005084304274524035	0.00039947449184878265	0.001029726555700921
HER2ST_manual_controlled	HER2ST_H1_CONTROLLED	within_section_controlled_combined	HER2ST::H	manual_truth_controlled	reverse	HER2ST_H1_CONTROLLED__reverse	row_softmax	0.25		R	I_EXPR	0.005	0.0025	424	0.00018784207047959365	0.0002543435757434258	0.00019979151178419144	0.0005154102259650046
HER2ST_manual_controlled	HER2ST_H1_CONTROLLED	within_section_controlled_combined	HER2ST::H	manual_truth_controlled	reverse	HER2ST_H1_CONTROLLED__reverse	row_softmax	0.25		R	I_EXPR	0.0025	0.00125	424	9.392424663801365e-05	0.00012720390771905283	9.99093389547478e-05	0.0002578419535560618
HER2ST_manual_controlled	HER2ST_H1_CONTROLLED	within_section_controlled_combined	HER2ST::H	manual_truth_controlled	reverse	HER2ST_H1_CONTROLLED__reverse	row_softmax	0.25		R	I_EXPR	0.00125	0.000625	424	4.6962922247865785e-05	6.360999464082103e-05	4.9958067732111706e-05	0.00012895517435491103
HER2ST_manual_controlled	HER2ST_H1_CONTROLLED	within_section_controlled_combined	HER2ST::H	manual_truth_controlled	reverse	HER2ST_H1_CONTROLLED__reverse	row_softmax	0.25		R	I_SPATIAL	0.02	0.01	424	0.006021560853181171	0.006892651996574102	0.005813880472316836	0.0071896287633541715
HER2ST_manual_controlled	HER2ST_H1_CONTROLLED	within_section_controlled_combined	HER2ST::H	manual_truth_controlled	reverse	HER2ST_H1_CONTROLLED__reverse	row_softmax	0.25		R	I_SPATIAL	0.01	0.005	424	0.00299284245069922	0.003423712345589681	0.002890643848128455	0.003570719990194175
HER2ST_manual_controlled	HER2ST_H1_CONTROLLED	within_section_controlled_combined	HER2ST::H	manual_truth_controlled	reverse	HER2ST_H1_CONTROLLED__reverse	row_softmax	0.25		R	I_SPATIAL	0.005	0.0025	424	0.00149197887947957	0.0017061324307666788	0.0014412809575349672	0.0017793676069893666
HER2ST_manual_controlled	HER2ST_H1_CONTROLLED	within_section_controlled_combined	HER2ST::H	manual_truth_controlled	reverse	HER2ST_H1_CONTROLLED__reverse	row_softmax	0.25		R	I_SPATIAL	0.0025	0.00125	424	0.0007448818853463338	0.0008515341871468356	0.0007196344726532606	0.0008882006269938792
HER2ST_manual_controlled	HER2ST_H1_CONTROLLED	within_section_controlled_combined	HER2ST::H	manual_truth_controlled	reverse	HER2ST_H1_CONTROLLED__reverse	row_softmax	0.25		R	I_SPATIAL	0.00125	0.000625	424	0.00037216443239478217	0.0004253847304049743	0.0003595662179777252	0.00044373066605247216
HER2ST_manual_controlled	HER2ST_H1_CONTROLLED	within_section_controlled_combined	HER2ST::H	manual_truth_controlled	reverse	HER2ST_H1_CONTROLLED__reverse	row_softmax	0.25		N	I_EXPR	0.02	0.01	424	0.005760099487080459	0.006814601848659278	0.005714242540703736	0.00713589646817901
HER2ST_manual_controlled	HER2ST_H1_CONTROLLED	within_section_controlled_combined	HER2ST::H	manual_truth_controlled	reverse	HER2ST_H1_CONTROLLED__reverse	row_softmax	0.25		N	I_EXPR	0.01	0.005	424	0.002896201760068085	0.0034314506009565054	0.0028726928161925055	0.0035926152515593644
HER2ST_manual_controlled	HER2ST_H1_CONTROLLED	within_section_controlled_combined	HER2ST::H	manual_truth_controlled	reverse	HER2ST_H1_CONTROLLED__reverse	row_softmax	0.25		N	I_EXPR	0.005	0.0025	424	0.00145217717544633	0.0017213160882210944	0.0014402681926813303	0.0018025421065933972
HER2ST_manual_controlled	HER2ST_H1_CONTROLLED	within_section_controlled_combined	HER2ST::H	manual_truth_controlled	reverse	HER2ST_H1_CONTROLLED__reverse	row_softmax	0.25		N	I_EXPR	0.0025	0.00125	424	0.0007271192164234387	0.000862197824347963	0.0007211182063724359	0.0009028334274811637
HER2ST_manual_controlled	HER2ST_H1_CONTROLLED	within_section_controlled_combined	HER2ST::H	manual_truth_controlled	reverse	HER2ST_H1_CONTROLLED__reverse	row_softmax	0.25		N	I_EXPR	0.00125	0.000625	424	0.00036381835415867994	0.000431488128275704	0.0003608056199541986	0.00045180627020121006
HER2ST_manual_controlled	HER2ST_H1_CONTROLLED	within_section_controlled_combined	HER2ST::H	manual_truth_controlled	reverse	HER2ST_H1_CONTROLLED__reverse	row_softmax	0.25		N	I_SPATIAL	0.02	0.01	424	0.005893183862450304	0.007000983378944684	0.0058407159499032565	0.007336039451161985
HER2ST_manual_controlled	HER2ST_H1_CONTROLLED	within_section_controlled_combined	HER2ST::H	manual_truth_controlled	reverse	HER2ST_H1_CONTROLLED__reverse	row_softmax	0.25		N	I_SPATIAL	0.01	0.005	424	0.0029294071599892156	0.0034776802299065534	0.0029043083995759834	0.0036426236839559845
HER2ST_manual_controlled	HER2ST_H1_CONTROLLED	within_section_controlled_combined	HER2ST::H	manual_truth_controlled	reverse	HER2ST_H1_CONTROLLED__reverse	row_softmax	0.25		N	I_SPATIAL	0.005	0.0025	424	0.0014604786614916144	0.00173325197390029	0.0014481720993288452	0.001815037122866756
HER2ST_manual_controlled	HER2ST_H1_CONTROLLED	within_section_controlled_combined	HER2ST::H	manual_truth_controlled	reverse	HER2ST_H1_CONTROLLED__reverse	row_softmax	0.25		N	I_SPATIAL	0.0025	0.00125	424	0.0007291935650037809	0.0008652325303393765	0.0007230941826418204	0.0009059540601469836
HER2ST_manual_controlled	HER2ST_H1_CONTROLLED	within_section_controlled_combined	HER2ST::H	manual_truth_controlled	reverse	HER2ST_H1_CONTROLLED__reverse	row_softmax	0.25		N	I_SPATIAL	0.00125	0.000625	424	0.00036433663162374597	0.0004322683494199116	0.00036129960397491314	0.0004525864273372027
HER2ST_manual_controlled	HER2ST_H1_CONTROLLED	within_section_controlled_combined	HER2ST::H	manual_truth_controlled	reverse	HER2ST_H1_CONTROLLED__reverse	balanced_ot	0.25		R	I_EXPR	0.02	0.01	424	0.0006768235661011085	0.0011851650066527295	0.0007395318721745811	0.00217415876178003
HER2ST_manual_controlled	HER2ST_H1_CONTROLLED	within_section_controlled_combined	HER2ST::H	manual_truth_controlled	reverse	HER2ST_H1_CONTROLLED__reverse	balanced_ot	0.25		R	I_EXPR	0.01	0.005	424	0.00033895381057189397	0.000593915707821866	0.0003703879890887387	0.0010895097777049699
HER2ST_manual_controlled	HER2ST_H1_CONTROLLED	within_section_controlled_combined	HER2ST::H	manual_truth_controlled	reverse	HER2ST_H1_CONTROLLED__reverse	balanced_ot	0.25		R	I_EXPR	0.005	0.0025	424	0.00016961270020954383	0.0002972914238390775	0.0001853498505367113	0.0005453625983030709
HER2ST_manual_controlled	HER2ST_H1_CONTROLLED	within_section_controlled_combined	HER2ST::H	manual_truth_controlled	reverse	HER2ST_H1_CONTROLLED__reverse	balanced_ot	0.25		R	I_EXPR	0.0025	0.00125	424	8.484035725568575e-05	0.00014872892048582395	9.271392985809512e-05	0.00027283329237118086
HER2ST_manual_controlled	HER2ST_H1_CONTROLLED	within_section_controlled_combined	HER2ST::H	manual_truth_controlled	reverse	HER2ST_H1_CONTROLLED__reverse	balanced_ot	0.25		R	I_EXPR	0.00125	0.000625	424	4.2428691196594786e-05	7.438527119392582e-05	4.636672171414007e-05	0.000136454648399525
HER2ST_manual_controlled	HER2ST_H1_CONTROLLED	within_section_controlled_combined	HER2ST::H	manual_truth_controlled	reverse	HER2ST_H1_CONTROLLED__reverse	balanced_ot	0.25		R	I_SPATIAL	0.02	0.01	424	0.006049950632192966	0.006856516164787448	0.005871928861154706	0.00771981454845803
HER2ST_manual_controlled	HER2ST_H1_CONTROLLED	within_section_controlled_combined	HER2ST::H	manual_truth_controlled	reverse	HER2ST_H1_CONTROLLED__reverse	balanced_ot	0.25		R	I_SPATIAL	0.01	0.005	424	0.0030109927370862806	0.0034072806060403385	0.0029196486374619786	0.0038370385070936887
HER2ST_manual_controlled	HER2ST_H1_CONTROLLED	within_section_controlled_combined	HER2ST::H	manual_truth_controlled	reverse	HER2ST_H1_CONTROLLED__reverse	balanced_ot	0.25		R	I_SPATIAL	0.005	0.0025	424	0.001502437874442396	0.0016979206262042515	0.0014557761292461394	0.00191282173028819
HER2ST_manual_controlled	HER2ST_H1_CONTROLLED	within_section_controlled_combined	HER2ST::H	manual_truth_controlled	reverse	HER2ST_H1_CONTROLLED__reverse	balanced_ot	0.25		R	I_SPATIAL	0.0025	0.00125	424	0.0007504151056011641	0.0008477007667337357	0.0007268795319261116	0.0009549929247447872
HER2ST_manual_controlled	HER2ST_H1_CONTROLLED	within_section_controlled_combined	HER2ST::H	manual_truth_controlled	reverse	HER2ST_H1_CONTROLLED__reverse	balanced_ot	0.25		R	I_SPATIAL	0.00125	0.000625	424	0.00037500682600173575	0.000423563652539482	0.00036318805213683415	0.00047714198623751976
HER2ST_manual_controlled	HER2ST_H1_CONTROLLED	within_section_controlled_combined	HER2ST::H	manual_truth_controlled	reverse	HER2ST_H1_CONTROLLED__reverse	balanced_ot	0.25		N	I_EXPR	0.02	0.01	424	0.005911084565915043	0.006646516111210216	0.005725575055969703	0.007575825689875011
HER2ST_manual_controlled	HER2ST_H1_CONTROLLED	within_section_controlled_combined	HER2ST::H	manual_truth_controlled	reverse	HER2ST_H1_CONTROLLED__reverse	balanced_ot	0.25		N	I_EXPR	0.01	0.005	424	0.002970590157652826	0.003346543478085491	0.002878557319877416	0.0038117000134161084
HER2ST_manual_controlled	HER2ST_H1_CONTROLLED	within_section_controlled_combined	HER2ST::H	manual_truth_controlled	reverse	HER2ST_H1_CONTROLLED__reverse	balanced_ot	0.25		N	I_EXPR	0.005	0.0025	424	0.0014892105550644015	0.0016790926379744624	0.0014432510396064546	0.0019118321887888656
HER2ST_manual_controlled	HER2ST_H1_CONTROLLED	within_section_controlled_combined	HER2ST::H	manual_truth_controlled	reverse	HER2ST_H1_CONTROLLED__reverse	balanced_ot	0.25		N	I_EXPR	0.0025	0.00125	424	0.0007456802106169164	0.0008408608989473826	0.0007226223563926006	0.0009574100720384914
HER2ST_manual_controlled	HER2ST_H1_CONTROLLED	within_section_controlled_combined	HER2ST::H	manual_truth_controlled	reverse	HER2ST_H1_CONTROLLED__reverse	balanced_ot	0.25		N	I_EXPR	0.00125	0.000625	424	0.00037309888765299466	0.0004207842003165153	0.00036156083673403186	0.0004790786335996786
HER2ST_manual_controlled	HER2ST_H1_CONTROLLED	within_section_controlled_combined	HER2ST::H	manual_truth_controlled	reverse	HER2ST_H1_CONTROLLED__reverse	balanced_ot	0.25		N	I_SPATIAL	0.02	0.01	424	0.006040598116483133	0.0068197051828300876	0.005853606227869302	0.007767273504933988
HER2ST_manual_controlled	HER2ST_H1_CONTROLLED	within_section_controlled_combined	HER2ST::H	manual_truth_controlled	reverse	HER2ST_H1_CONTROLLED__reverse	balanced_ot	0.25		N	I_SPATIAL	0.01	0.005	424	0.0030005422745741214	0.003388144720878824	0.002910567351370793	0.0038596064200534033
HER2ST_manual_controlled	HER2ST_H1_CONTROLLED	within_section_controlled_combined	HER2ST::H	manual_truth_controlled	reverse	HER2ST_H1_CONTROLLED__reverse	balanced_ot	0.25		N	I_SPATIAL	0.005	0.0025	424	0.0014967624966713109	0.0016891905725129348	0.0014512539245908139	0.0019237924947236888
HER2ST_manual_controlled	HER2ST_H1_CONTROLLED	within_section_controlled_combined	HER2ST::H	manual_truth_controlled	reverse	HER2ST_H1_CONTROLLED__reverse	balanced_ot	0.25		N	I_SPATIAL	0.0025	0.00125	424	0.0007476763357758237	0.0008436276174565607	0.0007246231217277043	0.0009603950472307726
HER2ST_manual_controlled	HER2ST_H1_CONTROLLED	within_section_controlled_combined	HER2ST::H	manual_truth_controlled	reverse	HER2ST_H1_CONTROLLED__reverse	balanced_ot	0.25		N	I_SPATIAL	0.00125	0.000625	424	0.0003736275668456281	0.0004214929031421542	0.0003620610386619199	0.00047982452460206476
Stereo-seq	ST_DEV_E11_5_E12_5	cross_stage	Stereo-seq::shared_developmental_series	legacy_replication	forward	ST_DEV_E11_5_E12_5	uot	0.25	2.0	R	I_EXPR	0.02	0.01	1500	0.0011542130190287958	0.0016444212757207545	0.001230010008240386	0.004367642336773638
Stereo-seq	ST_DEV_E11_5_E12_5	cross_stage	Stereo-seq::shared_developmental_series	legacy_replication	forward	ST_DEV_E11_5_E12_5	uot	0.25	2.0	R	I_EXPR	0.01	0.005	1500	0.0005769757800144252	0.0008222608484345687	0.0006149159795256671	0.002183423714694892
Stereo-seq	ST_DEV_E11_5_E12_5	cross_stage	Stereo-seq::shared_developmental_series	legacy_replication	forward	ST_DEV_E11_5_E12_5	uot	0.25	2.0	R	I_EXPR	0.005	0.0025	1500	0.00028852002455068105	0.0004111840981078231	0.00030743549087705504	0.0010915844396756425
Stereo-seq	ST_DEV_E11_5_E12_5	cross_stage	Stereo-seq::shared_developmental_series	legacy_replication	forward	ST_DEV_E11_5_E12_5	uot	0.25	2.0	R	I_EXPR	0.0025	0.00125	1500	0.00014425398757007135	0.00020558506892980844	0.0001537120915891697	0.0005457578028109839
Stereo-seq	ST_DEV_E11_5_E12_5	cross_stage	Stereo-seq::shared_developmental_series	legacy_replication	forward	ST_DEV_E11_5_E12_5	uot	0.25	2.0	R	I_EXPR	0.00125	0.000625	1500	7.21253909401735e-05	0.00010279077369281241	7.685463230761965e-05	0.00027287199928791186
Stereo-seq	ST_DEV_E11_5_E12_5	cross_stage	Stereo-seq::shared_developmental_series	legacy_replication	forward	ST_DEV_E11_5_E12_5	uot	0.25	2.0	R	I_SPATIAL	0.02	0.01	1500	0.0059104941468580245	0.007024313929009226	0.005968387394308761	0.008024761788176326
Stereo-seq	ST_DEV_E11_5_E12_5	cross_stage	Stereo-seq::shared_developmental_series	legacy_replication	forward	ST_DEV_E11_5_E12_5	uot	0.25	2.0	R	I_SPATIAL	0.01	0.005	1500	0.0029384516859782455	0.003489627651891866	0.0029649503248689642	0.003976911093877122
Stereo-seq	ST_DEV_E11_5_E12_5	cross_stage	Stereo-seq::shared_developmental_series	legacy_replication	forward	ST_DEV_E11_5_E12_5	uot	0.25	2.0	R	I_SPATIAL	0.005	0.0025	1500	0.0014648232702470648	0.0017392239162669287	0.001477713440880263	0.0019796866868856426
Stereo-seq	ST_DEV_E11_5_E12_5	cross_stage	Stereo-seq::shared_developmental_series	legacy_replication	forward	ST_DEV_E11_5_E12_5	uot	0.25	2.0	R	I_SPATIAL	0.0025	0.00125	1500	0.0007311319123651526	0.0008683251624427786	0.0007376723862494953	0.0009876632971410303
Stereo-seq	ST_DEV_E11_5_E12_5	cross_stage	Stereo-seq::shared_developmental_series	legacy_replication	forward	ST_DEV_E11_5_E12_5	uot	0.25	2.0	R	I_SPATIAL	0.00125	0.000625	1500	0.0003653410661267742	0.00043381304276449574	0.00036854085545349894	0.0004932881480998609
Stereo-seq	ST_DEV_E11_5_E12_5	cross_stage	Stereo-seq::shared_developmental_series	legacy_replication	forward	ST_DEV_E11_5_E12_5	uot	0.25	2.0	N	I_EXPR	0.02	0.01	1500	0.0047624739345030805	0.005954155021008713	0.004889223793522515	0.006957451722398533
Stereo-seq	ST_DEV_E11_5_E12_5	cross_stage	Stereo-seq::shared_developmental_series	legacy_replication	forward	ST_DEV_E11_5_E12_5	uot	0.25	2.0	N	I_EXPR	0.01	0.005	1500	0.0023965360996697567	0.003002120405522449	0.0024593643616222212	0.003507405420357967
Stereo-seq	ST_DEV_E11_5_E12_5	cross_stage	Stereo-seq::shared_developmental_series	legacy_replication	forward	ST_DEV_E11_5_E12_5	uot	0.25	2.0	N	I_EXPR	0.005	0.0025	1500	0.001202162522463913	0.001506171781716451	0.0012334071150049625	0.0017609614074718541
Stereo-seq	ST_DEV_E11_5_E12_5	cross_stage	Stereo-seq::shared_developmental_series	legacy_replication	forward	ST_DEV_E11_5_E12_5	uot	0.25	2.0	N	I_EXPR	0.0025	0.00125	1500	0.000602152695625757	0.0007541945691638971	0.000617639497462223	0.0008823046420502296
Stereo-seq	ST_DEV_E11_5_E12_5	cross_stage	Stereo-seq::shared_developmental_series	legacy_replication	forward	ST_DEV_E11_5_E12_5	uot	0.25	2.0	N	I_EXPR	0.00125	0.000625	1500	0.0003013178262304641	0.0003773740817620963	0.00030905433683855386	0.0004416094491604381
Stereo-seq	ST_DEV_E11_5_E12_5	cross_stage	Stereo-seq::shared_developmental_series	legacy_replication	forward	ST_DEV_E11_5_E12_5	uot	0.25	2.0	N	I_SPATIAL	0.02	0.01	1500	0.004880292167770426	0.006124833864997347	0.005009653022230816	0.007191947800554353
Stereo-seq	ST_DEV_E11_5_E12_5	cross_stage	Stereo-seq::shared_developmental_series	legacy_replication	forward	ST_DEV_E11_5_E12_5	uot	0.25	2.0	N	I_SPATIAL	0.01	0.005	1500	0.0024279214638153815	0.0030416921261172012	0.0024894673669619157	0.003566025436156593
Stereo-seq	ST_DEV_E11_5_E12_5	cross_stage	Stereo-seq::shared_developmental_series	legacy_replication	forward	ST_DEV_E11_5_E12_5	uot	0.25	2.0	N	I_SPATIAL	0.005	0.0025	1500	0.0012100074443149999	0.001514971680583125	0.0012409327162642865	0.0017756196741027625
Stereo-seq	ST_DEV_E11_5_E12_5	cross_stage	Stereo-seq::shared_developmental_series	legacy_replication	forward	ST_DEV_E11_5_E12_5	uot	0.25	2.0	N	I_SPATIAL	0.0025	0.00125	1500	0.0006040316237522535	0.0007564092325878584	0.0006195208937658492	0.0008859695122558517
Stereo-seq	ST_DEV_E11_5_E12_5	cross_stage	Stereo-seq::shared_developmental_series	legacy_replication	forward	ST_DEV_E11_5_E12_5	uot	0.25	2.0	N	I_SPATIAL	0.00125	0.000625	1500	0.0003017737977161617	0.00037792830656125016	0.00030952468332145236	0.0004425256633844128
Stereo-seq	ST_DEV_E11_5_E12_5	cross_stage	Stereo-seq::shared_developmental_series	legacy_replication	forward	ST_DEV_E11_5_E12_5	row_softmax	0.25		R	I_EXPR	0.02	0.01	1500	0.002335148882226046	0.002999209049160138	0.0024185042429956953	0.0034445568366815262
Stereo-seq	ST_DEV_E11_5_E12_5	cross_stage	Stereo-seq::shared_developmental_series	legacy_replication	forward	ST_DEV_E11_5_E12_5	row_softmax	0.25		R	I_EXPR	0.01	0.005	1500	0.0011653595100268239	0.001496981478670897	0.0012067685082386129	0.0017192413870686003
Stereo-seq	ST_DEV_E11_5_E12_5	cross_stage	Stereo-seq::shared_developmental_series	legacy_replication	forward	ST_DEV_E11_5_E12_5	row_softmax	0.25		R	I_EXPR	0.005	0.0025	1500	0.0005820187107488369	0.0007475890726421578	0.0006027669959653458	0.0008588606473304614
Stereo-seq	ST_DEV_E11_5_E12_5	cross_stage	Stereo-seq::shared_developmental_series	legacy_replication	forward	ST_DEV_E11_5_E12_5	row_softmax	0.25		R	I_EXPR	0.0025	0.00125	1500	0.00029082068827075133	0.00037354086896381535	0.00030122962727820293	0.00042923934407839093
Stereo-seq	ST_DEV_E11_5_E12_5	cross_stage	Stereo-seq::shared_developmental_series	legacy_replication	forward	ST_DEV_E11_5_E12_5	row_softmax	0.25		R	I_EXPR	0.00125	0.000625	1500	0.00014536323325641277	0.00018670639998352598	0.0001505763998515187	0.0002145718300704411
Stereo-seq	ST_DEV_E11_5_E12_5	cross_stage	Stereo-seq::shared_developmental_series	legacy_replication	forward	ST_DEV_E11_5_E12_5	row_softmax	0.25		R	I_SPATIAL	0.02	0.01	1500	0.005663629731632619	0.006603788299936679	0.005703687906180538	0.008013714910691371
Stereo-seq	ST_DEV_E11_5_E12_5	cross_stage	Stereo-seq::shared_developmental_series	legacy_replication	forward	ST_DEV_E11_5_E12_5	row_softmax	0.25		R	I_SPATIAL	0.01	0.005	1500	0.002815201327457245	0.0032809366495479405	0.0028341816965783543	0.00397488715266969
Stereo-seq	ST_DEV_E11_5_E12_5	cross_stage	Stereo-seq::shared_developmental_series	legacy_replication	forward	ST_DEV_E11_5_E12_5	row_softmax	0.25		R	I_SPATIAL	0.005	0.0025	1500	0.00140340404564409	0.0016348098170722478	0.0014127183364611696	0.001979534143496551
Stereo-seq	ST_DEV_E11_5_E12_5	cross_stage	Stereo-seq::shared_developmental_series	legacy_replication	forward	ST_DEV_E11_5_E12_5	row_softmax	0.25		R	I_SPATIAL	0.0025	0.00125	1500	0.0007006380064185195	0.0008160582813558515	0.0007052713649314493	0.0009877988996562913
Stereo-seq	ST_DEV_E11_5_E12_5	cross_stage	Stereo-seq::shared_developmental_series	legacy_replication	forward	ST_DEV_E11_5_E12_5	row_softmax	0.25		R	I_SPATIAL	0.00125	0.000625	1500	0.00035005557852843387	0.00040763694229569873	0.00035236437151427695	0.0004934084335976202
Stereo-seq	ST_DEV_E11_5_E12_5	cross_stage	Stereo-seq::shared_developmental_series	legacy_replication	forward	ST_DEV_E11_5_E12_5	row_softmax	0.25		N	I_EXPR	0.02	0.01	1500	0.0059860135715215776	0.007094448618788133	0.006045989034860782	0.008617220428117618
Stereo-seq	ST_DEV_E11_5_E12_5	cross_stage	Stereo-seq::shared_developmental_series	legacy_replication	forward	ST_DEV_E11_5_E12_5	row_softmax	0.25		N	I_EXPR	0.01	0.005	1500	0.003007439464468128	0.0035603839579195474	0.0030364583815479028	0.004339993959426149
Stereo-seq	ST_DEV_E11_5_E12_5	cross_stage	Stereo-seq::shared_developmental_series	legacy_replication	forward	ST_DEV_E11_5_E12_5	row_softmax	0.25		N	I_EXPR	0.005	0.0025	1500	0.001507925562330501	0.001786509652994524	0.0015216328585670447	0.0021779217584925793
Stereo-seq	ST_DEV_E11_5_E12_5	cross_stage	Stereo-seq::shared_developmental_series	legacy_replication	forward	ST_DEV_E11_5_E12_5	row_softmax	0.25		N	I_EXPR	0.0025	0.00125	1500	0.0007549372380888127	0.0008940494105179375	0.0007616720877645166	0.0010909523659795746
Stereo-seq	ST_DEV_E11_5_E12_5	cross_stage	Stereo-seq::shared_developmental_series	legacy_replication	forward	ST_DEV_E11_5_E12_5	row_softmax	0.25		N	I_EXPR	0.00125	0.000625	1500	0.000377709525629511	0.0004471924657190426	0.00038105055689038235	0.0005459752025015316
Stereo-seq	ST_DEV_E11_5_E12_5	cross_stage	Stereo-seq::shared_developmental_series	legacy_replication	forward	ST_DEV_E11_5_E12_5	row_softmax	0.25		N	I_SPATIAL	0.02	0.01	1500	0.006108766770685717	0.0072279550896853706	0.0061561677827060325	0.008873270025984674
Stereo-seq	ST_DEV_E11_5_E12_5	cross_stage	Stereo-seq::shared_developmental_series	legacy_replication	forward	ST_DEV_E11_5_E12_5	row_softmax	0.25		N	I_SPATIAL	0.01	0.005	1500	0.003038999786286162	0.00359506657313394	0.0030639975778547117	0.004404053650014166
Stereo-seq	ST_DEV_E11_5_E12_5	cross_stage	Stereo-seq::shared_developmental_series	legacy_replication	forward	ST_DEV_E11_5_E12_5	row_softmax	0.25		N	I_SPATIAL	0.005	0.0025	1500	0.0015158699653030328	0.0017940441496147235	0.0015285171196435599	0.0021939358083178837
Stereo-seq	ST_DEV_E11_5_E12_5	cross_stage	Stereo-seq::shared_developmental_series	legacy_replication	forward	ST_DEV_E11_5_E12_5	row_softmax	0.25		N	I_SPATIAL	0.0025	0.00125	1500	0.0007568522100531322	0.0008958899698236169	0.000763393080905182	0.0010949558191775321
Stereo-seq	ST_DEV_E11_5_E12_5	cross_stage	Stereo-seq::shared_developmental_series	legacy_replication	forward	ST_DEV_E11_5_E12_5	row_softmax	0.25		N	I_SPATIAL	0.00125	0.000625	1500	0.00037822131818784514	0.0004476623778641246	0.0003814807971847867	0.0005469761903047707
Stereo-seq	ST_DEV_E11_5_E12_5	cross_stage	Stereo-seq::shared_developmental_series	legacy_replication	forward	ST_DEV_E11_5_E12_5	balanced_ot	0.25		R	I_EXPR	0.02	0.01	1500	0.0010651444109870054	0.0015449914693211916	0.0011456159563016217	0.004689313759833794
Stereo-seq	ST_DEV_E11_5_E12_5	cross_stage	Stereo-seq::shared_developmental_series	legacy_replication	forward	ST_DEV_E11_5_E12_5	balanced_ot	0.25		R	I_EXPR	0.01	0.005	1500	0.0005325259308913272	0.0007715337939062863	0.0005726225544312997	0.0023461354105959384
Stereo-seq	ST_DEV_E11_5_E12_5	cross_stage	Stereo-seq::shared_developmental_series	legacy_replication	forward	ST_DEV_E11_5_E12_5	balanced_ot	0.25		R	I_EXPR	0.005	0.0025	1500	0.00026627516710380557	0.0003855532837815274	0.0002862644744187428	0.0011734022267747256
Stereo-seq	ST_DEV_E11_5_E12_5	cross_stage	Stereo-seq::shared_developmental_series	legacy_replication	forward	ST_DEV_E11_5_E12_5	balanced_ot	0.25		R	I_EXPR	0.0025	0.00125	1500	0.00013314779740197075	0.0001927277996090406	0.00014312046142545646	0.0005867833081582051
Stereo-seq	ST_DEV_E11_5_E12_5	cross_stage	Stereo-seq::shared_developmental_series	legacy_replication	forward	ST_DEV_E11_5_E12_5	balanced_ot	0.25		R	I_EXPR	0.00125	0.000625	1500	6.657716113742511e-05	9.635164861417844e-05	7.155728933918418e-05	0.0002934123533039741
Stereo-seq	ST_DEV_E11_5_E12_5	cross_stage	Stereo-seq::shared_developmental_series	legacy_replication	forward	ST_DEV_E11_5_E12_5	balanced_ot	0.25		R	I_SPATIAL	0.02	0.01	1500	0.005711823221863956	0.00681350780960855	0.005781543054656472	0.0077004859261955135
Stereo-seq	ST_DEV_E11_5_E12_5	cross_stage	Stereo-seq::shared_developmental_series	legacy_replication	forward	ST_DEV_E11_5_E12_5	balanced_ot	0.25		R	I_SPATIAL	0.01	0.005	1500	0.0028420465540115783	0.003383711986160284	0.0028723123077331854	0.003816633129349694
Stereo-seq	ST_DEV_E11_5_E12_5	cross_stage	Stereo-seq::shared_developmental_series	legacy_replication	forward	ST_DEV_E11_5_E12_5	balanced_ot	0.25		R	I_SPATIAL	0.005	0.0025	1500	0.0014175013812831223	0.0016859677888654868	0.0014315882907525938	0.0019000075611583774
Stereo-seq	ST_DEV_E11_5_E12_5	cross_stage	Stereo-seq::shared_developmental_series	legacy_replication	forward	ST_DEV_E11_5_E12_5	balanced_ot	0.25		R	I_SPATIAL	0.0025	0.00125	1500	0.0007077019353205608	0.0008417269543633739	0.0007146579390520381	0.0009479433972371747
Stereo-seq	ST_DEV_E11_5_E12_5	cross_stage	Stereo-seq::shared_developmental_series	legacy_replication	forward	ST_DEV_E11_5_E12_5	balanced_ot	0.25		R	I_SPATIAL	0.00125	0.000625	1500	0.00035365742800410124	0.00042044882021317784	0.0003570456430709238	0.00047345805707548004
Stereo-seq	ST_DEV_E11_5_E12_5	cross_stage	Stereo-seq::shared_developmental_series	legacy_replication	forward	ST_DEV_E11_5_E12_5	balanced_ot	0.25		N	I_EXPR	0.02	0.01	1500	0.005531735214274238	0.006699671384755826	0.005623557985450188	0.008476870704155308
Stereo-seq	ST_DEV_E11_5_E12_5	cross_stage	Stereo-seq::shared_developmental_series	legacy_replication	forward	ST_DEV_E11_5_E12_5	balanced_ot	0.25		N	I_EXPR	0.01	0.005	1500	0.0027816763871235323	0.0033738541424514646	0.0028285653591213536	0.004265619708014123
Stereo-seq	ST_DEV_E11_5_E12_5	cross_stage	Stereo-seq::shared_developmental_series	legacy_replication	forward	ST_DEV_E11_5_E12_5	balanced_ot	0.25		N	I_EXPR	0.005	0.0025	1500	0.0013941923913865619	0.0016936445260603908	0.0014185196896459834	0.0021396779112420996
Stereo-seq	ST_DEV_E11_5_E12_5	cross_stage	Stereo-seq::shared_developmental_series	legacy_replication	forward	ST_DEV_E11_5_E12_5	balanced_ot	0.25		N	I_EXPR	0.0025	0.00125	1500	0.0006979817829440723	0.0008489204841136516	0.0007103242984282939	0.0010715578912678036
Stereo-seq	ST_DEV_E11_5_E12_5	cross_stage	Stereo-seq::shared_developmental_series	legacy_replication	forward	ST_DEV_E11_5_E12_5	balanced_ot	0.25		N	I_EXPR	0.00125	0.000625	1500	0.00034931747930153155	0.0004248313708273357	0.0003554289139504673	0.0005362112246871298
Stereo-seq	ST_DEV_E11_5_E12_5	cross_stage	Stereo-seq::shared_developmental_series	legacy_replication	forward	ST_DEV_E11_5_E12_5	balanced_ot	0.25		N	I_SPATIAL	0.02	0.01	1500	0.005663046069125391	0.00690308330782875	0.00576048884496657	0.008697947186477038
Stereo-seq	ST_DEV_E11_5_E12_5	cross_stage	Stereo-seq::shared_developmental_series	legacy_replication	forward	ST_DEV_E11_5_E12_5	balanced_ot	0.25		N	I_SPATIAL	0.01	0.005	1500	0.0028172440233061175	0.0034268758736041433	0.002862793372926569	0.004320989751829573
Stereo-seq	ST_DEV_E11_5_E12_5	cross_stage	Stereo-seq::shared_developmental_series	legacy_replication	forward	ST_DEV_E11_5_E12_5	balanced_ot	0.25		N	I_SPATIAL	0.005	0.0025	1500	0.0014036185614943082	0.0017067716415366733	0.0014270764289478126	0.0021535188702767106
Stereo-seq	ST_DEV_E11_5_E12_5	cross_stage	Stereo-seq::shared_developmental_series	legacy_replication	forward	ST_DEV_E11_5_E12_5	balanced_ot	0.25		N	I_SPATIAL	0.0025	0.00125	1500	0.0007005010667755954	0.0008518942295666595	0.0007124634757806169	0.001075018034697251
Stereo-seq	ST_DEV_E11_5_E12_5	cross_stage	Stereo-seq::shared_developmental_series	legacy_replication	forward	ST_DEV_E11_5_E12_5	balanced_ot	0.25		N	I_SPATIAL	0.00125	0.000625	1500	0.0003499351375774441	0.00042557480519621316	0.0003559637037467104	0.0005370765079317984
Stereo-seq	ST_DEV_E11_5_E12_5	cross_stage	Stereo-seq::shared_developmental_series	legacy_replication	reverse	ST_DEV_E11_5_E12_5__reverse	uot	0.25	2.0	R	I_EXPR	0.02	0.01	1500	0.0011958338262030867	0.0016853684048697703	0.0012579974581111493	0.003012265052461782
Stereo-seq	ST_DEV_E11_5_E12_5	cross_stage	Stereo-seq::shared_developmental_series	legacy_replication	reverse	ST_DEV_E11_5_E12_5__reverse	uot	0.25	2.0	R	I_EXPR	0.01	0.005	1500	0.0005980120784781617	0.0008425762830601938	0.0006289329066964317	0.0015055261788170366
Stereo-seq	ST_DEV_E11_5_E12_5	cross_stage	Stereo-seq::shared_developmental_series	legacy_replication	reverse	ST_DEV_E11_5_E12_5__reverse	uot	0.25	2.0	R	I_EXPR	0.005	0.0025	1500	0.0002990240357404405	0.0004213665205524996	0.00031444967773066354	0.0007526120775291555
Stereo-seq	ST_DEV_E11_5_E12_5	cross_stage	Stereo-seq::shared_developmental_series	legacy_replication	reverse	ST_DEV_E11_5_E12_5__reverse	uot	0.25	2.0	R	I_EXPR	0.0025	0.00125	1500	0.00014951478451304579	0.00021068944400618885	0.00015722061163409086	0.00037626799463066674
Stereo-seq	ST_DEV_E11_5_E12_5	cross_stage	Stereo-seq::shared_developmental_series	legacy_replication	reverse	ST_DEV_E11_5_E12_5__reverse	uot	0.25	2.0	R	I_EXPR	0.00125	0.000625	1500	7.47536477958493e-05	0.00010534643965138247	7.860925239883021e-05	0.00018812444604095254
Stereo-seq	ST_DEV_E11_5_E12_5	cross_stage	Stereo-seq::shared_developmental_series	legacy_replication	reverse	ST_DEV_E11_5_E12_5__reverse	uot	0.25	2.0	R	I_SPATIAL	0.02	0.01	1500	0.005992685218869885	0.0072002643986789905	0.0060004012132667695	0.008259353223736754
Stereo-seq	ST_DEV_E11_5_E12_5	cross_stage	Stereo-seq::shared_developmental_series	legacy_replication	reverse	ST_DEV_E11_5_E12_5__reverse	uot	0.25	2.0	R	I_SPATIAL	0.01	0.005	1500	0.0029789524563936533	0.0035750364032192633	0.0029808456424174727	0.004092567108265725
Stereo-seq	ST_DEV_E11_5_E12_5	cross_stage	Stereo-seq::shared_developmental_series	legacy_replication	reverse	ST_DEV_E11_5_E12_5__reverse	uot	0.25	2.0	R	I_SPATIAL	0.005	0.0025	1500	0.0014849060901979102	0.001780168220810426	0.0014856331010723045	0.002037120298108251
Stereo-seq	ST_DEV_E11_5_E12_5	cross_stage	Stereo-seq::shared_developmental_series	legacy_replication	reverse	ST_DEV_E11_5_E12_5__reverse	uot	0.25	2.0	R	I_SPATIAL	0.0025	0.00125	1500	0.0007413175452707311	0.0008883096118719757	0.0007416252176926733	0.0010162810209009639
Stereo-seq	ST_DEV_E11_5_E12_5	cross_stage	Stereo-seq::shared_developmental_series	legacy_replication	reverse	ST_DEV_E11_5_E12_5__reverse	uot	0.25	2.0	R	I_SPATIAL	0.00125	0.000625	1500	0.0003702870252911375	0.0004437338182413589	0.00037051551696565694	0.0005075719160842041
Stereo-seq	ST_DEV_E11_5_E12_5	cross_stage	Stereo-seq::shared_developmental_series	legacy_replication	reverse	ST_DEV_E11_5_E12_5__reverse	uot	0.25	2.0	N	I_EXPR	0.02	0.01	1500	0.00488029409306827	0.0059571324055907445	0.0049233759483470405	0.007135827785172245
Stereo-seq	ST_DEV_E11_5_E12_5	cross_stage	Stereo-seq::shared_developmental_series	legacy_replication	reverse	ST_DEV_E11_5_E12_5__reverse	uot	0.25	2.0	N	I_EXPR	0.01	0.005	1500	0.0024543486501869024	0.0029995831260977764	0.0024766044250138833	0.0035948206424637496
Stereo-seq	ST_DEV_E11_5_E12_5	cross_stage	Stereo-seq::shared_developmental_series	legacy_replication	reverse	ST_DEV_E11_5_E12_5__reverse	uot	0.25	2.0	N	I_EXPR	0.005	0.0025	1500	0.001230321889840473	0.0015051394264216614	0.001242068398584327	0.00180419970329374
Stereo-seq	ST_DEV_E11_5_E12_5	cross_stage	Stereo-seq::shared_developmental_series	legacy_replication	reverse	ST_DEV_E11_5_E12_5__reverse	uot	0.25	2.0	N	I_EXPR	0.0025	0.00125	1500	0.0006159591709749345	0.0007538437839509051	0.0006219804720716508	0.0009038105363054557
Stereo-seq	ST_DEV_E11_5_E12_5	cross_stage	Stereo-seq::shared_developmental_series	legacy_replication	reverse	ST_DEV_E11_5_E12_5__reverse	uot	0.25	2.0	N	I_EXPR	0.00125	0.000625	1500	0.00030831918149769577	0.00037725625112127007	0.0003112274099861381	0.00045233442826655816
Stereo-seq	ST_DEV_E11_5_E12_5	cross_stage	Stereo-seq::shared_developmental_series	legacy_replication	reverse	ST_DEV_E11_5_E12_5__reverse	uot	0.25	2.0	N	I_SPATIAL	0.02	0.01	1500	0.005004203381922444	0.006128228165563873	0.005045130478198114	0.0073558371458638215
Stereo-seq	ST_DEV_E11_5_E12_5	cross_stage	Stereo-seq::shared_developmental_series	legacy_replication	reverse	ST_DEV_E11_5_E12_5__reverse	uot	0.25	2.0	N	I_SPATIAL	0.01	0.005	1500	0.0024864496779044886	0.003041984006896064	0.002507038868435002	0.0036498012117196976
Stereo-seq	ST_DEV_E11_5_E12_5	cross_stage	Stereo-seq::shared_developmental_series	legacy_replication	reverse	ST_DEV_E11_5_E12_5__reverse	uot	0.25	2.0	N	I_SPATIAL	0.005	0.0025	1500	0.0012390748044676554	0.0015154849810423488	0.0012496768362767361	0.0018179508592448446
Stereo-seq	ST_DEV_E11_5_E12_5	cross_stage	Stereo-seq::shared_developmental_series	legacy_replication	reverse	ST_DEV_E11_5_E12_5__reverse	uot	0.25	2.0	N	I_SPATIAL	0.0025	0.00125	1500	0.0006184303378838688	0.0007565216489249828	0.0006238825748250924	0.0009072498047561538
Stereo-seq	ST_DEV_E11_5_E12_5	cross_stage	Stereo-seq::shared_developmental_series	legacy_replication	reverse	ST_DEV_E11_5_E12_5__reverse	uot	0.25	2.0	N	I_SPATIAL	0.00125	0.000625	1500	0.0003089399144748297	0.00037792571743533785	0.0003117029336007678	0.0004531942463366116
Stereo-seq	ST_DEV_E11_5_E12_5	cross_stage	Stereo-seq::shared_developmental_series	legacy_replication	reverse	ST_DEV_E11_5_E12_5__reverse	row_softmax	0.25		R	I_EXPR	0.02	0.01	1500	0.0018334581274807782	0.002243002711695842	0.0018592780587512081	0.002936846469586483
Stereo-seq	ST_DEV_E11_5_E12_5	cross_stage	Stereo-seq::shared_developmental_series	legacy_replication	reverse	ST_DEV_E11_5_E12_5__reverse	row_softmax	0.25		R	I_EXPR	0.01	0.005	1500	0.0009147158144075798	0.0011188790449088847	0.0009276630635584069	0.0014665441231566673
Stereo-seq	ST_DEV_E11_5_E12_5	cross_stage	Stereo-seq::shared_developmental_series	legacy_replication	reverse	ST_DEV_E11_5_E12_5__reverse	row_softmax	0.25		R	I_EXPR	0.005	0.0025	1500	0.0004569140153121912	0.0005587373125112247	0.0004633412364210872	0.000732805168378739
Stereo-seq	ST_DEV_E11_5_E12_5	cross_stage	Stereo-seq::shared_developmental_series	legacy_replication	reverse	ST_DEV_E11_5_E12_5__reverse	row_softmax	0.25		R	I_EXPR	0.0025	0.00125	1500	0.00022836872520220873	0.0002791547769541604	0.0002315485003733965	0.0003662862191677228
Stereo-seq	ST_DEV_E11_5_E12_5	cross_stage	Stereo-seq::shared_developmental_series	legacy_replication	reverse	ST_DEV_E11_5_E12_5__reverse	row_softmax	0.25		R	I_EXPR	0.00125	0.000625	1500	0.00011415859871458777	0.00013952399974312822	0.00011574377621703632	0.0001831140608804366
Stereo-seq	ST_DEV_E11_5_E12_5	cross_stage	Stereo-seq::shared_developmental_series	legacy_replication	reverse	ST_DEV_E11_5_E12_5__reverse	row_softmax	0.25		R	I_SPATIAL	0.02	0.01	1500	0.005979060008408395	0.0069880394878708	0.00585310853309457	0.008278272262842407
Stereo-seq	ST_DEV_E11_5_E12_5	cross_stage	Stereo-seq::shared_developmental_series	legacy_replication	reverse	ST_DEV_E11_5_E12_5__reverse	row_softmax	0.25		R	I_SPATIAL	0.01	0.005	1500	0.002969341969956951	0.0034680117630775074	0.0029078714259685523	0.004101976479579724
Stereo-seq	ST_DEV_E11_5_E12_5	cross_stage	Stereo-seq::shared_developmental_series	legacy_replication	reverse	ST_DEV_E11_5_E12_5__reverse	row_softmax	0.25		R	I_SPATIAL	0.005	0.0025	1500	0.0014798806943539461	0.0017274864309340888	0.0014493093987424915	0.002041766879902447
Stereo-seq	ST_DEV_E11_5_E12_5	cross_stage	Stereo-seq::shared_developmental_series	legacy_replication	reverse	ST_DEV_E11_5_E12_5__reverse	row_softmax	0.25		R	I_SPATIAL	0.0025	0.00125	1500	0.0007387316326733461	0.0008618185665516384	0.0007235035767215674	0.0010185881597293538
Stereo-seq	ST_DEV_E11_5_E12_5	cross_stage	Stereo-seq::shared_developmental_series	legacy_replication	reverse	ST_DEV_E11_5_E12_5__reverse	row_softmax	0.25		R	I_SPATIAL	0.00125	0.000625	1500	0.0003690836878309109	0.00043057624102492127	0.000361464691664418	0.000508721399458934
Stereo-seq	ST_DEV_E11_5_E12_5	cross_stage	Stereo-seq::shared_developmental_series	legacy_replication	reverse	ST_DEV_E11_5_E12_5__reverse	row_softmax	0.25		N	I_EXPR	0.02	0.01	1500	0.006079059511920685	0.007093444824825621	0.006017248568768019	0.008078017025315989
Stereo-seq	ST_DEV_E11_5_E12_5	cross_stage	Stereo-seq::shared_developmental_series	legacy_replication	reverse	ST_DEV_E11_5_E12_5__reverse	row_softmax	0.25		N	I_EXPR	0.01	0.005	1500	0.00305782872846149	0.0035659295087959062	0.003024691960187339	0.004081383090708295
Stereo-seq	ST_DEV_E11_5_E12_5	cross_stage	Stereo-seq::shared_developmental_series	legacy_replication	reverse	ST_DEV_E11_5_E12_5__reverse	row_softmax	0.25		N	I_EXPR	0.005	0.0025	1500	0.0015323701845304507	0.001788888552873843	0.0015164060794621477	0.002051400669858027
Stereo-seq	ST_DEV_E11_5_E12_5	cross_stage	Stereo-seq::shared_developmental_series	legacy_replication	reverse	ST_DEV_E11_5_E12_5__reverse	row_softmax	0.25		N	I_EXPR	0.0025	0.00125	1500	0.0007672429648603412	0.0008962108676185083	0.0007592235375728714	0.0010283906732359502
Stereo-seq	ST_DEV_E11_5_E12_5	cross_stage	Stereo-seq::shared_developmental_series	legacy_replication	reverse	ST_DEV_E11_5_E12_5__reverse	row_softmax	0.25		N	I_EXPR	0.00125	0.000625	1500	0.00038385779845126933	0.000448453977458799	0.00037986757503170095	0.0005148697099077764
Stereo-seq	ST_DEV_E11_5_E12_5	cross_stage	Stereo-seq::shared_developmental_series	legacy_replication	reverse	ST_DEV_E11_5_E12_5__reverse	row_softmax	0.25		N	I_SPATIAL	0.02	0.01	1500	0.006213116793221698	0.007277584711256062	0.006148600159457289	0.008424469868603022
Stereo-seq	ST_DEV_E11_5_E12_5	cross_stage	Stereo-seq::shared_developmental_series	legacy_replication	reverse	ST_DEV_E11_5_E12_5__reverse	row_softmax	0.25		N	I_SPATIAL	0.01	0.005	1500	0.003089910100214495	0.003614878212931048	0.003057525148395774	0.004167978298334073
Stereo-seq	ST_DEV_E11_5_E12_5	cross_stage	Stereo-seq::shared_developmental_series	legacy_replication	reverse	ST_DEV_E11_5_E12_5__reverse	row_softmax	0.25		N	I_SPATIAL	0.005	0.0025	1500	0.0015405736182156297	0.001801314183957191	0.0015246140682533872	0.002073049470896542
Stereo-seq	ST_DEV_E11_5_E12_5	cross_stage	Stereo-seq::shared_developmental_series	legacy_replication	reverse	ST_DEV_E11_5_E12_5__reverse	row_softmax	0.25		N	I_SPATIAL	0.0025	0.00125	1500	0.0007692246180941278	0.0008993793946571315	0.00076127554017824	0.0010338035465720758
Stereo-seq	ST_DEV_E11_5_E12_5	cross_stage	Stereo-seq::shared_developmental_series	legacy_replication	reverse	ST_DEV_E11_5_E12_5__reverse	row_softmax	0.25		N	I_SPATIAL	0.00125	0.000625	1500	0.0003843757489848129	0.0004493255251768381	0.00038038058777759416	0.000516223191204642
Stereo-seq	ST_DEV_E11_5_E12_5	cross_stage	Stereo-seq::shared_developmental_series	legacy_replication	reverse	ST_DEV_E11_5_E12_5__reverse	balanced_ot	0.25		R	I_EXPR	0.02	0.01	1500	0.0011054051711563307	0.0015981790791479349	0.001178651135873792	0.008323975310750796
Stereo-seq	ST_DEV_E11_5_E12_5	cross_stage	Stereo-seq::shared_developmental_series	legacy_replication	reverse	ST_DEV_E11_5_E12_5__reverse	balanced_ot	0.25		R	I_EXPR	0.01	0.005	1500	0.000551674188094945	0.0007992072214231986	0.0005891709715725977	0.004171445387289298
Stereo-seq	ST_DEV_E11_5_E12_5	cross_stage	Stereo-seq::shared_developmental_series	legacy_replication	reverse	ST_DEV_E11_5_E12_5__reverse	balanced_ot	0.25		R	I_EXPR	0.005	0.0025	1500	0.0002755826903058295	0.0003996187237350569	0.00029454637824006527	0.0020880176065503947
Stereo-seq	ST_DEV_E11_5_E12_5	cross_stage	Stereo-seq::shared_developmental_series	legacy_replication	reverse	ST_DEV_E11_5_E12_5__reverse	balanced_ot	0.25		R	I_EXPR	0.0025	0.00125	1500	0.00013777950221535327	0.00019973600713612286	0.00014726337653354183	0.0010445741211814528
Stereo-seq	ST_DEV_E11_5_E12_5	cross_stage	Stereo-seq::shared_developmental_series	legacy_replication	reverse	ST_DEV_E11_5_E12_5__reverse	balanced_ot	0.25		R	I_EXPR	0.00125	0.000625	1500	6.88867700725943e-05	9.984963734317846e-05	7.362923535953405e-05	0.0005224273383076757
Stereo-seq	ST_DEV_E11_5_E12_5	cross_stage	Stereo-seq::shared_developmental_series	legacy_replication	reverse	ST_DEV_E11_5_E12_5__reverse	balanced_ot	0.25		R	I_SPATIAL	0.02	0.01	1500	0.005772623631419376	0.007030023210502521	0.005805564480926505	0.008168102290947733
Stereo-seq	ST_DEV_E11_5_E12_5	cross_stage	Stereo-seq::shared_developmental_series	legacy_replication	reverse	ST_DEV_E11_5_E12_5__reverse	balanced_ot	0.25		R	I_SPATIAL	0.01	0.005	1500	0.0028657366127077854	0.003488398512595438	0.0028842658225889982	0.004055502693322126
Stereo-seq	ST_DEV_E11_5_E12_5	cross_stage	Stereo-seq::shared_developmental_series	legacy_replication	reverse	ST_DEV_E11_5_E12_5__reverse	balanced_ot	0.25		R	I_SPATIAL	0.005	0.0025	1500	0.001427750744149669	0.0017375958742132096	0.0014375504043967334	0.0020206626225592
Stereo-seq	ST_DEV_E11_5_E12_5	cross_stage	Stereo-seq::shared_developmental_series	legacy_replication	reverse	ST_DEV_E11_5_E12_5__reverse	balanced_ot	0.25		R	I_SPATIAL	0.0025	0.00125	1500	0.0007130506974009917	0.0008666587035424964	0.0007176352510483423	0.0010085681916925354
Stereo-seq	ST_DEV_E11_5_E12_5	cross_stage	Stereo-seq::shared_developmental_series	legacy_replication	reverse	ST_DEV_E11_5_E12_5__reverse	balanced_ot	0.25		R	I_SPATIAL	0.00125	0.000625	1500	0.00035631020352534245	0.00043279986559578975	0.0003585333568670528	0.0005038439450957021
Stereo-seq	ST_DEV_E11_5_E12_5	cross_stage	Stereo-seq::shared_developmental_series	legacy_replication	reverse	ST_DEV_E11_5_E12_5__reverse	balanced_ot	0.25		N	I_EXPR	0.02	0.01	1500	0.005687089956698182	0.006789049285077921	0.005655856921940803	0.010174989200098598
Stereo-seq	ST_DEV_E11_5_E12_5	cross_stage	Stereo-seq::shared_developmental_series	legacy_replication	reverse	ST_DEV_E11_5_E12_5__reverse	balanced_ot	0.25		N	I_EXPR	0.01	0.005	1500	0.0028592514134469955	0.003420232510388464	0.002844820332756819	0.005112285796275848
Stereo-seq	ST_DEV_E11_5_E12_5	cross_stage	Stereo-seq::shared_developmental_series	legacy_replication	reverse	ST_DEV_E11_5_E12_5__reverse	balanced_ot	0.25		N	I_EXPR	0.005	0.0025	1500	0.0014327652018385217	0.0017166247104541622	0.0014266734473985356	0.0025622457912509757
Stereo-seq	ST_DEV_E11_5_E12_5	cross_stage	Stereo-seq::shared_developmental_series	legacy_replication	reverse	ST_DEV_E11_5_E12_5__reverse	balanced_ot	0.25		N	I_EXPR	0.0025	0.00125	1500	0.0007173692398432254	0.0008599420083740662	0.0007144077291237594	0.001282637857997157
Stereo-seq	ST_DEV_E11_5_E12_5	cross_stage	Stereo-seq::shared_developmental_series	legacy_replication	reverse	ST_DEV_E11_5_E12_5__reverse	balanced_ot	0.25		N	I_EXPR	0.00125	0.000625	1500	0.00035888374172835235	0.00043037486117569295	0.0003574722608349556	0.0006416958414984202
Stereo-seq	ST_DEV_E11_5_E12_5	cross_stage	Stereo-seq::shared_developmental_series	legacy_replication	reverse	ST_DEV_E11_5_E12_5__reverse	balanced_ot	0.25		N	I_SPATIAL	0.02	0.01	1500	0.005811451335186622	0.006990977438492772	0.00579361910122397	0.010367241950565778
Stereo-seq	ST_DEV_E11_5_E12_5	cross_stage	Stereo-seq::shared_developmental_series	legacy_replication	reverse	ST_DEV_E11_5_E12_5__reverse	balanced_ot	0.25		N	I_SPATIAL	0.01	0.005	1500	0.0028877565885947476	0.0034695362204003517	0.002879256440813094	0.0051603632232420215
Stereo-seq	ST_DEV_E11_5_E12_5	cross_stage	Stereo-seq::shared_developmental_series	legacy_replication	reverse	ST_DEV_E11_5_E12_5__reverse	balanced_ot	0.25		N	I_SPATIAL	0.005	0.0025	1500	0.0014398606467023692	0.0017292107651961557	0.0014352822484449597	0.0025742675540660386
Stereo-seq	ST_DEV_E11_5_E12_5	cross_stage	Stereo-seq::shared_developmental_series	legacy_replication	reverse	ST_DEV_E11_5_E12_5__reverse	balanced_ot	0.25		N	I_SPATIAL	0.0025	0.00125	1500	0.0007190780557594778	0.0008630648465521151	0.0007165599157258542	0.0012856436297628247
Stereo-seq	ST_DEV_E11_5_E12_5	cross_stage	Stereo-seq::shared_developmental_series	legacy_replication	reverse	ST_DEV_E11_5_E12_5__reverse	balanced_ot	0.25		N	I_SPATIAL	0.00125	0.000625	1500	0.0003592958529143672	0.00043114627533490026	0.00035801030282193893	0.0006424473894628718
Stereo-seq	ST_DEV_E12_5_E13_5	cross_stage	Stereo-seq::shared_developmental_series	legacy_replication	forward	ST_DEV_E12_5_E13_5	uot	0.25	2.0	R	I_EXPR	0.02	0.01	1500	0.0011458898206130126	0.0015601613136656347	0.0012143333562477773	0.004946435875688689
Stereo-seq	ST_DEV_E12_5_E13_5	cross_stage	Stereo-seq::shared_developmental_series	legacy_replication	forward	ST_DEV_E12_5_E13_5	uot	0.25	2.0	R	I_EXPR	0.01	0.005	1500	0.0005727582526089192	0.0007797111225133818	0.0006069764720382179	0.0024793004957174647
Stereo-seq	ST_DEV_E12_5_E13_5	cross_stage	Stereo-seq::shared_developmental_series	legacy_replication	forward	ST_DEV_E12_5_E13_5	uot	0.25	2.0	R	I_EXPR	0.005	0.0025	1500	0.00028634050264449374	0.00038976339165992444	0.00030344071190112413	0.0012411946705418165
Stereo-seq	ST_DEV_E12_5_E13_5	cross_stage	Stereo-seq::shared_developmental_series	legacy_replication	forward	ST_DEV_E12_5_E13_5	uot	0.25	2.0	R	I_EXPR	0.0025	0.00125	1500	0.0001431592430387604	0.00019492491668643164	0.00015170847267896912	0.0006209786656373336
Stereo-seq	ST_DEV_E12_5_E13_5	cross_stage	Stereo-seq::shared_developmental_series	legacy_replication	forward	ST_DEV_E12_5_E13_5	uot	0.25	2.0	R	I_EXPR	0.00125	0.000625	1500	7.157686919923354e-05	9.747450685460508e-05	7.585126580269605e-05	0.00031058406356966877
Stereo-seq	ST_DEV_E12_5_E13_5	cross_stage	Stereo-seq::shared_developmental_series	legacy_replication	forward	ST_DEV_E12_5_E13_5	uot	0.25	2.0	R	I_SPATIAL	0.02	0.01	1500	0.00612131456774035	0.007144664628874507	0.006063303321148474	0.008003069706336068
Stereo-seq	ST_DEV_E12_5_E13_5	cross_stage	Stereo-seq::shared_developmental_series	legacy_replication	forward	ST_DEV_E12_5_E13_5	uot	0.25	2.0	R	I_SPATIAL	0.01	0.005	1500	0.003044685815007799	0.0035462794487019773	0.00301304902405373	0.003977451740510487
Stereo-seq	ST_DEV_E12_5_E13_5	cross_stage	Stereo-seq::shared_developmental_series	legacy_replication	forward	ST_DEV_E12_5_E13_5	uot	0.25	2.0	R	I_SPATIAL	0.005	0.0025	1500	0.0015172819931020011	0.001765404557660655	0.0015019165566595163	0.0019827409484289237
Stereo-seq	ST_DEV_E12_5_E13_5	cross_stage	Stereo-seq::shared_developmental_series	legacy_replication	forward	ST_DEV_E12_5_E13_5	uot	0.25	2.0	R	I_SPATIAL	0.0025	0.00125	1500	0.0007573020267936138	0.0008813538898349412	0.0007498115293224119	0.0009898773644637514
Stereo-seq	ST_DEV_E12_5_E13_5	cross_stage	Stereo-seq::shared_developmental_series	legacy_replication	forward	ST_DEV_E12_5_E13_5	uot	0.25	2.0	R	I_SPATIAL	0.00125	0.000625	1500	0.00037832518982620835	0.0004402549415742568	0.00037461972840497606	0.0004945653301517246
Stereo-seq	ST_DEV_E12_5_E13_5	cross_stage	Stereo-seq::shared_developmental_series	legacy_replication	forward	ST_DEV_E12_5_E13_5	uot	0.25	2.0	N	I_EXPR	0.02	0.01	1500	0.0049824371994707985	0.0059107374619606825	0.004991944233596859	0.0069459217729631855
Stereo-seq	ST_DEV_E12_5_E13_5	cross_stage	Stereo-seq::shared_developmental_series	legacy_replication	forward	ST_DEV_E12_5_E13_5	uot	0.25	2.0	N	I_EXPR	0.01	0.005	1500	0.002506182424473382	0.002978222440902533	0.002510809623772295	0.003484031765518058
Stereo-seq	ST_DEV_E12_5_E13_5	cross_stage	Stereo-seq::shared_developmental_series	legacy_replication	forward	ST_DEV_E12_5_E13_5	uot	0.25	2.0	N	I_EXPR	0.005	0.0025	1500	0.0012568511743456772	0.0014946871073633055	0.0012591487951048445	0.0017448260052476143
Stereo-seq	ST_DEV_E12_5_E13_5	cross_stage	Stereo-seq::shared_developmental_series	legacy_replication	forward	ST_DEV_E12_5_E13_5	uot	0.25	2.0	N	I_EXPR	0.0025	0.00125	1500	0.0006293253795922394	0.0007488619235095398	0.0006305147742831459	0.0008731124701078638
Stereo-seq	ST_DEV_E12_5_E13_5	cross_stage	Stereo-seq::shared_developmental_series	legacy_replication	forward	ST_DEV_E12_5_E13_5	uot	0.25	2.0	N	I_EXPR	0.00125	0.000625	1500	0.0003149223278200524	0.00037479048586588486	0.00031549303019488926	0.0004367307054907903
Stereo-seq	ST_DEV_E12_5_E13_5	cross_stage	Stereo-seq::shared_developmental_series	legacy_replication	forward	ST_DEV_E12_5_E13_5	uot	0.25	2.0	N	I_SPATIAL	0.02	0.01	1500	0.005104891174273634	0.0060868099438888615	0.005112915398333727	0.007064712935758146
Stereo-seq	ST_DEV_E12_5_E13_5	cross_stage	Stereo-seq::shared_developmental_series	legacy_replication	forward	ST_DEV_E12_5_E13_5	uot	0.25	2.0	N	I_SPATIAL	0.01	0.005	1500	0.002535833514711386	0.0030198931702138648	0.0025410464198352438	0.003506406632566933
Stereo-seq	ST_DEV_E12_5_E13_5	cross_stage	Stereo-seq::shared_developmental_series	legacy_replication	forward	ST_DEV_E12_5_E13_5	uot	0.25	2.0	N	I_SPATIAL	0.005	0.0025	1500	0.0012645459696205056	0.0015055242393313443	0.0012667073622986103	0.0017504077369620142
Stereo-seq	ST_DEV_E12_5_E13_5	cross_stage	Stereo-seq::shared_developmental_series	legacy_replication	forward	ST_DEV_E12_5_E13_5	uot	0.25	2.0	N	I_SPATIAL	0.0025	0.00125	1500	0.0006312799295292411	0.0007515994407671257	0.000632404353124956	0.0008745089649322456
Stereo-seq	ST_DEV_E12_5_E13_5	cross_stage	Stereo-seq::shared_developmental_series	legacy_replication	forward	ST_DEV_E12_5_E13_5	uot	0.25	2.0	N	I_SPATIAL	0.00125	0.000625	1500	0.00031537073445560813	0.00037550168277478586	0.0003159654202171965	0.0004370802198993402
Stereo-seq	ST_DEV_E12_5_E13_5	cross_stage	Stereo-seq::shared_developmental_series	legacy_replication	forward	ST_DEV_E12_5_E13_5	row_softmax	0.25		R	I_EXPR	0.02	0.01	1500	0.002736381124930358	0.00310696223851249	0.002730209895551004	0.003563906965987576
Stereo-seq	ST_DEV_E12_5_E13_5	cross_stage	Stereo-seq::shared_developmental_series	legacy_replication	forward	ST_DEV_E12_5_E13_5	row_softmax	0.25		R	I_EXPR	0.01	0.005	1500	0.0013633967602418372	0.0015474494174971779	0.001360823043259171	0.0017751732890072603
Stereo-seq	ST_DEV_E12_5_E13_5	cross_stage	Stereo-seq::shared_developmental_series	legacy_replication	forward	ST_DEV_E12_5_E13_5	row_softmax	0.25		R	I_EXPR	0.005	0.0025	1500	0.0006802875490163375	0.00077258715166867	0.0006793482979735887	0.0008858998542040777
Stereo-seq	ST_DEV_E12_5_E13_5	cross_stage	Stereo-seq::shared_developmental_series	legacy_replication	forward	ST_DEV_E12_5_E13_5	row_softmax	0.25		R	I_EXPR	0.0025	0.00125	1500	0.0003398178698553479	0.0003860053347171721	0.0003394092504925215	0.00044252927756842413
Stereo-seq	ST_DEV_E12_5_E13_5	cross_stage	Stereo-seq::shared_developmental_series	legacy_replication	forward	ST_DEV_E12_5_E13_5	row_softmax	0.25		R	I_EXPR	0.00125	0.000625	1500	0.00016982938493356644	0.0001929228663844045	0.0001696385130807156	0.0002211595986059869
Stereo-seq	ST_DEV_E12_5_E13_5	cross_stage	Stereo-seq::shared_developmental_series	legacy_replication	forward	ST_DEV_E12_5_E13_5	row_softmax	0.25		R	I_SPATIAL	0.02	0.01	1500	0.0058747116093811075	0.006861484337802546	0.005780782617695486	0.007761558549200833
Stereo-seq	ST_DEV_E12_5_E13_5	cross_stage	Stereo-seq::shared_developmental_series	legacy_replication	forward	ST_DEV_E12_5_E13_5	row_softmax	0.25		R	I_SPATIAL	0.01	0.005	1500	0.002920724905208744	0.0034062996771675063	0.0028737080983152947	0.0038517810678228136
Stereo-seq	ST_DEV_E12_5_E13_5	cross_stage	Stereo-seq::shared_developmental_series	legacy_replication	forward	ST_DEV_E12_5_E13_5	row_softmax	0.25		R	I_SPATIAL	0.005	0.0025	1500	0.0014561602066241544	0.0016976489560979885	0.0014327175013966731	0.0019186916468679049
Stereo-seq	ST_DEV_E12_5_E13_5	cross_stage	Stereo-seq::shared_developmental_series	legacy_replication	forward	ST_DEV_E12_5_E13_5	row_softmax	0.25		R	I_SPATIAL	0.0025	0.00125	1500	0.0007271676570553851	0.0008472714949064776	0.0007153288310655797	0.0009575520900895311
Stereo-seq	ST_DEV_E12_5_E13_5	cross_stage	Stereo-seq::shared_developmental_series	legacy_replication	forward	ST_DEV_E12_5_E13_5	row_softmax	0.25		R	I_SPATIAL	0.00125	0.000625	1500	0.0003633558318536076	0.00042324683661440596	0.00035740746146766125	0.00047832836031852646
Stereo-seq	ST_DEV_E12_5_E13_5	cross_stage	Stereo-seq::shared_developmental_series	legacy_replication	forward	ST_DEV_E12_5_E13_5	row_softmax	0.25		N	I_EXPR	0.02	0.01	1500	0.006521338083093073	0.007453748318053843	0.006450855237621667	0.008830509448067306
Stereo-seq	ST_DEV_E12_5_E13_5	cross_stage	Stereo-seq::shared_developmental_series	legacy_replication	forward	ST_DEV_E12_5_E13_5	row_softmax	0.25		N	I_EXPR	0.01	0.005	1500	0.0032731945740656406	0.003749210794434792	0.0032383431816713285	0.004445683563455295
Stereo-seq	ST_DEV_E12_5_E13_5	cross_stage	Stereo-seq::shared_developmental_series	legacy_replication	forward	ST_DEV_E12_5_E13_5	row_softmax	0.25		N	I_EXPR	0.005	0.0025	1500	0.0016389589820337183	0.0018800387720797236	0.0016224356180361403	0.0022305129308391475
Stereo-seq	ST_DEV_E12_5_E13_5	cross_stage	Stereo-seq::shared_developmental_series	legacy_replication	forward	ST_DEV_E12_5_E13_5	row_softmax	0.25		N	I_EXPR	0.0025	0.00125	1500	0.0008200987248557395	0.0009414851613481636	0.0008120381531359293	0.0011171883085948227
Stereo-seq	ST_DEV_E12_5_E13_5	cross_stage	Stereo-seq::shared_developmental_series	legacy_replication	forward	ST_DEV_E12_5_E13_5	row_softmax	0.25		N	I_EXPR	0.00125	0.000625	1500	0.0004102891048966622	0.0004711120214666098	0.00040622471519067335	0.0005590781849884824
Stereo-seq	ST_DEV_E12_5_E13_5	cross_stage	Stereo-seq::shared_developmental_series	legacy_replication	forward	ST_DEV_E12_5_E13_5	row_softmax	0.25		N	I_SPATIAL	0.02	0.01	1500	0.006620760890244859	0.007636699294021119	0.006556447292163774	0.009079047636218921
Stereo-seq	ST_DEV_E12_5_E13_5	cross_stage	Stereo-seq::shared_developmental_series	legacy_replication	forward	ST_DEV_E12_5_E13_5	row_softmax	0.25		N	I_SPATIAL	0.01	0.005	1500	0.0032978112476435674	0.0037958979475248224	0.003264738898644891	0.004507779407899622
Stereo-seq	ST_DEV_E12_5_E13_5	cross_stage	Stereo-seq::shared_developmental_series	legacy_replication	forward	ST_DEV_E12_5_E13_5	row_softmax	0.25		N	I_SPATIAL	0.005	0.0025	1500	0.0016460596986204506	0.0018919979812486078	0.0016290342743123837	0.0022460460711395
Stereo-seq	ST_DEV_E12_5_E13_5	cross_stage	Stereo-seq::shared_developmental_series	legacy_replication	forward	ST_DEV_E12_5_E13_5	row_softmax	0.25		N	I_SPATIAL	0.0025	0.00125	1500	0.0008220209326033647	0.0009444867751659074	0.0008136878212871998	0.001121072055799044
Stereo-seq	ST_DEV_E12_5_E13_5	cross_stage	Stereo-seq::shared_developmental_series	legacy_replication	forward	ST_DEV_E12_5_E13_5	row_softmax	0.25		N	I_SPATIAL	0.00125	0.000625	1500	0.0004107696501919954	0.00047186101073461536	0.0004066371473479822	0.0005600493544768273
Stereo-seq	ST_DEV_E12_5_E13_5	cross_stage	Stereo-seq::shared_developmental_series	legacy_replication	forward	ST_DEV_E12_5_E13_5	balanced_ot	0.25		R	I_EXPR	0.02	0.01	1500	0.0009238611885185993	0.0012619227287795074	0.0009863332847537434	0.005356530104087037
Stereo-seq	ST_DEV_E12_5_E13_5	cross_stage	Stereo-seq::shared_developmental_series	legacy_replication	forward	ST_DEV_E12_5_E13_5	balanced_ot	0.25		R	I_EXPR	0.01	0.005	1500	0.0004618616930965934	0.0006306929617100928	0.0004930145991001024	0.0026737032181531795
Stereo-seq	ST_DEV_E12_5_E13_5	cross_stage	Stereo-seq::shared_developmental_series	legacy_replication	forward	ST_DEV_E12_5_E13_5	balanced_ot	0.25		R	I_EXPR	0.005	0.0025	1500	0.00023096249323382675	0.00031527873790654614	0.00024646895169808504	0.0013356650632730693
Stereo-seq	ST_DEV_E12_5_E13_5	cross_stage	Stereo-seq::shared_developmental_series	legacy_replication	forward	ST_DEV_E12_5_E13_5	balanced_ot	0.25		R	I_EXPR	0.0025	0.00125	1500	0.00011546214454102917	0.00015762233163628346	0.0001232248690458265	0.0006675344387988106
Stereo-seq	ST_DEV_E12_5_E13_5	cross_stage	Stereo-seq::shared_developmental_series	legacy_replication	forward	ST_DEV_E12_5_E13_5	balanced_ot	0.25		R	I_EXPR	0.00125	0.000625	1500	5.772524903000271e-05	7.880688180858973e-05	6.161003295111857e-05	0.00033369148135914715
Stereo-seq	ST_DEV_E12_5_E13_5	cross_stage	Stereo-seq::shared_developmental_series	legacy_replication	forward	ST_DEV_E12_5_E13_5	balanced_ot	0.25		R	I_SPATIAL	0.02	0.01	1500	0.005903766963748136	0.006902907889963053	0.005878256076671599	0.007735408456122509
Stereo-seq	ST_DEV_E12_5_E13_5	cross_stage	Stereo-seq::shared_developmental_series	legacy_replication	forward	ST_DEV_E12_5_E13_5	balanced_ot	0.25		R	I_SPATIAL	0.01	0.005	1500	0.0029333102497809092	0.003426886883895593	0.0029213242716074994	0.003838648040760642
Stereo-seq	ST_DEV_E12_5_E13_5	cross_stage	Stereo-seq::shared_developmental_series	legacy_replication	forward	ST_DEV_E12_5_E13_5	balanced_ot	0.25		R	I_SPATIAL	0.005	0.0025	1500	0.0014618663174226982	0.0017074356986709548	0.0014562522722134602	0.0019121077943602186
Stereo-seq	ST_DEV_E12_5_E13_5	cross_stage	Stereo-seq::shared_developmental_series	legacy_replication	forward	ST_DEV_E12_5_E13_5	balanced_ot	0.25		R	I_SPATIAL	0.0025	0.00125	1500	0.000730049463140708	0.0008523006875464041	0.0007270286875499957	0.0009542677117182993
Stereo-seq	ST_DEV_E12_5_E13_5	cross_stage	Stereo-seq::shared_developmental_series	legacy_replication	forward	ST_DEV_E12_5_E13_5	balanced_ot	0.25		R	I_SPATIAL	0.00125	0.000625	1500	0.00036480328913508813	0.0004257964638731971	0.00036324060714321106	0.0004766883161806365
Stereo-seq	ST_DEV_E12_5_E13_5	cross_stage	Stereo-seq::shared_developmental_series	legacy_replication	forward	ST_DEV_E12_5_E13_5	balanced_ot	0.25		N	I_EXPR	0.02	0.01	1500	0.005817076949157057	0.006805358367753709	0.00577403727836235	0.008757195509459565
Stereo-seq	ST_DEV_E12_5_E13_5	cross_stage	Stereo-seq::shared_developmental_series	legacy_replication	forward	ST_DEV_E12_5_E13_5	balanced_ot	0.25		N	I_EXPR	0.01	0.005	1500	0.0029248988610812415	0.0034273143098557243	0.0029038246717622376	0.004388223786548014
Stereo-seq	ST_DEV_E12_5_E13_5	cross_stage	Stereo-seq::shared_developmental_series	legacy_replication	forward	ST_DEV_E12_5_E13_5	balanced_ot	0.25		N	I_EXPR	0.005	0.0025	1500	0.0014660144816215747	0.001719378807085048	0.0014561518650705989	0.002196408558164803
Stereo-seq	ST_DEV_E12_5_E13_5	cross_stage	Stereo-seq::shared_developmental_series	legacy_replication	forward	ST_DEV_E12_5_E13_5	balanced_ot	0.25		N	I_EXPR	0.0025	0.00125	1500	0.0007341671989130908	0.0008610093090246205	0.0007291406906652712	0.0010987672907887443
Stereo-seq	ST_DEV_E12_5_E13_5	cross_stage	Stereo-seq::shared_developmental_series	legacy_replication	forward	ST_DEV_E12_5_E13_5	balanced_ot	0.25		N	I_EXPR	0.00125	0.000625	1500	0.0003673654426377794	0.0004308228763344924	0.0003648371488791732	0.0005495281014539279
Stereo-seq	ST_DEV_E12_5_E13_5	cross_stage	Stereo-seq::shared_developmental_series	legacy_replication	forward	ST_DEV_E12_5_E13_5	balanced_ot	0.25		N	I_SPATIAL	0.02	0.01	1500	0.005960710539313414	0.00699086693036311	0.0059109655247546345	0.008830592241072882
Stereo-seq	ST_DEV_E12_5_E13_5	cross_stage	Stereo-seq::shared_developmental_series	legacy_replication	forward	ST_DEV_E12_5_E13_5	balanced_ot	0.25		N	I_SPATIAL	0.01	0.005	1500	0.002959439066024335	0.0034712160849104433	0.0029380537194601797	0.004406462031968
Stereo-seq	ST_DEV_E12_5_E13_5	cross_stage	Stereo-seq::shared_developmental_series	legacy_replication	forward	ST_DEV_E12_5_E13_5	balanced_ot	0.25		N	I_SPATIAL	0.005	0.0025	1500	0.0014753366557850736	0.0017298305787190752	0.0014647090648817955	0.0022009790902463595
Stereo-seq	ST_DEV_E12_5_E13_5	cross_stage	Stereo-seq::shared_developmental_series	legacy_replication	forward	ST_DEV_E12_5_E13_5	balanced_ot	0.25		N	I_SPATIAL	0.0025	0.00125	1500	0.0007364972428886545	0.0008633628098444621	0.0007312799635722822	0.0010999175767657603
Stereo-seq	ST_DEV_E12_5_E13_5	cross_stage	Stereo-seq::shared_developmental_series	legacy_replication	forward	ST_DEV_E12_5_E13_5	balanced_ot	0.25		N	I_SPATIAL	0.00125	0.000625	1500	0.00036795532049886356	0.00043137213009547537	0.0003653719687007455	0.0005498167291170985
Stereo-seq	ST_DEV_E12_5_E13_5	cross_stage	Stereo-seq::shared_developmental_series	legacy_replication	reverse	ST_DEV_E12_5_E13_5__reverse	uot	0.25	2.0	R	I_EXPR	0.02	0.01	1500	0.0011112060660588103	0.00158700292707911	0.001181856177126003	0.003670625439767646
Stereo-seq	ST_DEV_E12_5_E13_5	cross_stage	Stereo-seq::shared_developmental_series	legacy_replication	reverse	ST_DEV_E12_5_E13_5__reverse	uot	0.25	2.0	R	I_EXPR	0.01	0.005	1500	0.0005555303118922515	0.0007932979052907262	0.0005908332430168309	0.0018336997490255213
Stereo-seq	ST_DEV_E12_5_E13_5	cross_stage	Stereo-seq::shared_developmental_series	legacy_replication	reverse	ST_DEV_E12_5_E13_5__reverse	uot	0.25	2.0	R	I_EXPR	0.005	0.0025	1500	0.00027774885118816463	0.00039657586171403154	0.0002953929235950852	0.000916447592179042
Stereo-seq	ST_DEV_E12_5_E13_5	cross_stage	Stereo-seq::shared_developmental_series	legacy_replication	reverse	ST_DEV_E12_5_E13_5__reverse	uot	0.25	2.0	R	I_EXPR	0.0025	0.00125	1500	0.00013887050847147156	0.0001982586273699825	0.00014769052193259845	0.0004581233414046598
Stereo-seq	ST_DEV_E12_5_E13_5	cross_stage	Stereo-seq::shared_developmental_series	legacy_replication	reverse	ST_DEV_E12_5_E13_5__reverse	uot	0.25	2.0	R	I_EXPR	0.00125	0.000625	1500	6.943428230597761e-05	9.912198449045758e-05	7.384377497986048e-05	0.00022903657097871907
Stereo-seq	ST_DEV_E12_5_E13_5	cross_stage	Stereo-seq::shared_developmental_series	legacy_replication	reverse	ST_DEV_E12_5_E13_5__reverse	uot	0.25	2.0	R	I_SPATIAL	0.02	0.01	1500	0.006044764815262617	0.0072106605555083145	0.006058029896113628	0.008281799397451663
Stereo-seq	ST_DEV_E12_5_E13_5	cross_stage	Stereo-seq::shared_developmental_series	legacy_replication	reverse	ST_DEV_E12_5_E13_5__reverse	uot	0.25	2.0	R	I_SPATIAL	0.01	0.005	1500	0.0030032405111568676	0.0035819562105617766	0.0030103872454775088	0.004108436053488512
Stereo-seq	ST_DEV_E12_5_E13_5	cross_stage	Stereo-seq::shared_developmental_series	legacy_replication	reverse	ST_DEV_E12_5_E13_5__reverse	uot	0.25	2.0	R	I_SPATIAL	0.005	0.0025	1500	0.0014965430368861442	0.0017842385825776535	0.0015005796455174003	0.002046161023555236
Stereo-seq	ST_DEV_E12_5_E13_5	cross_stage	Stereo-seq::shared_developmental_series	legacy_replication	reverse	ST_DEV_E12_5_E13_5__reverse	uot	0.25	2.0	R	I_SPATIAL	0.0025	0.00125	1500	0.0007473397072616702	0.0008904705473324098	0.0007491416032850944	0.001021072431219232
Stereo-seq	ST_DEV_E12_5_E13_5	cross_stage	Stereo-seq::shared_developmental_series	legacy_replication	reverse	ST_DEV_E12_5_E13_5__reverse	uot	0.25	2.0	R	I_SPATIAL	0.00125	0.000625	1500	0.0003733262379220076	0.00044473876995416794	0.00037428440048817226	0.0005100349685636621
Stereo-seq	ST_DEV_E12_5_E13_5	cross_stage	Stereo-seq::shared_developmental_series	legacy_replication	reverse	ST_DEV_E12_5_E13_5__reverse	uot	0.25	2.0	N	I_EXPR	0.02	0.01	1500	0.00489908030600968	0.005990069280498026	0.004978476680180698	0.0075502127399002346
Stereo-seq	ST_DEV_E12_5_E13_5	cross_stage	Stereo-seq::shared_developmental_series	legacy_replication	reverse	ST_DEV_E12_5_E13_5__reverse	uot	0.25	2.0	N	I_EXPR	0.01	0.005	1500	0.0024641386583263356	0.003009732258237683	0.002504014069806306	0.00380731330649157
Stereo-seq	ST_DEV_E12_5_E13_5	cross_stage	Stereo-seq::shared_developmental_series	legacy_replication	reverse	ST_DEV_E12_5_E13_5__reverse	uot	0.25	2.0	N	I_EXPR	0.005	0.0025	1500	0.0012361139678480583	0.0015089399057420254	0.0012557355291901156	0.0019117691315182715
Stereo-seq	ST_DEV_E12_5_E13_5	cross_stage	Stereo-seq::shared_developmental_series	legacy_replication	reverse	ST_DEV_E12_5_E13_5__reverse	uot	0.25	2.0	N	I_EXPR	0.0025	0.00125	1500	0.000618923690853747	0.0007554437671834537	0.0006288042621242576	0.0009579226937263126
Stereo-seq	ST_DEV_E12_5_E13_5	cross_stage	Stereo-seq::shared_developmental_series	legacy_replication	reverse	ST_DEV_E12_5_E13_5__reverse	uot	0.25	2.0	N	I_EXPR	0.00125	0.000625	1500	0.00030968258440544584	0.0003780049480606209	0.00031463680224405886	0.0004794720682489825
Stereo-seq	ST_DEV_E12_5_E13_5	cross_stage	Stereo-seq::shared_developmental_series	legacy_replication	reverse	ST_DEV_E12_5_E13_5__reverse	uot	0.25	2.0	N	I_SPATIAL	0.02	0.01	1500	0.0050175125041456835	0.00614485574760465	0.005098950375522488	0.007812175338412003
Stereo-seq	ST_DEV_E12_5_E13_5	cross_stage	Stereo-seq::shared_developmental_series	legacy_replication	reverse	ST_DEV_E12_5_E13_5__reverse	uot	0.25	2.0	N	I_SPATIAL	0.01	0.005	1500	0.002491784887422851	0.003049943558983065	0.0025341264860617753	0.0038727849597085646
Stereo-seq	ST_DEV_E12_5_E13_5	cross_stage	Stereo-seq::shared_developmental_series	legacy_replication	reverse	ST_DEV_E12_5_E13_5__reverse	uot	0.25	2.0	N	I_SPATIAL	0.005	0.0025	1500	0.0012429071564335216	0.0015192342731731468	0.0012632629952891636	0.0019281406820504355
Stereo-seq	ST_DEV_E12_5_E13_5	cross_stage	Stereo-seq::shared_developmental_series	legacy_replication	reverse	ST_DEV_E12_5_E13_5__reverse	uot	0.25	2.0	N	I_SPATIAL	0.0025	0.00125	1500	0.0006206405054046846	0.000758192514707512	0.0006306860638310518	0.0009620160662268424
Stereo-seq	ST_DEV_E12_5_E13_5	cross_stage	Stereo-seq::shared_developmental_series	legacy_replication	reverse	ST_DEV_E12_5_E13_5__reverse	uot	0.25	2.0	N	I_SPATIAL	0.00125	0.000625	1500	0.00031010207130678825	0.0003787408544487708	0.0003151072478164617	0.0004804954114531971
Stereo-seq	ST_DEV_E12_5_E13_5	cross_stage	Stereo-seq::shared_developmental_series	legacy_replication	reverse	ST_DEV_E12_5_E13_5__reverse	row_softmax	0.25		R	I_EXPR	0.02	0.01	1500	0.0018232318975396455	0.0023539391062422014	0.0018739478229770816	0.003036323577231544
Stereo-seq	ST_DEV_E12_5_E13_5	cross_stage	Stereo-seq::shared_developmental_series	legacy_replication	reverse	ST_DEV_E12_5_E13_5__reverse	row_softmax	0.25		R	I_EXPR	0.01	0.005	1500	0.000909872523150504	0.0011742605714441723	0.0009350704731007161	0.001512619388810396
Stereo-seq	ST_DEV_E12_5_E13_5	cross_stage	Stereo-seq::shared_developmental_series	legacy_replication	reverse	ST_DEV_E12_5_E13_5__reverse	row_softmax	0.25		R	I_EXPR	0.005	0.0025	1500	0.0004545149495125818	0.0005863650007079571	0.0004670622016308189	0.0007549315743673019
Stereo-seq	ST_DEV_E12_5_E13_5	cross_stage	Stereo-seq::shared_developmental_series	legacy_replication	reverse	ST_DEV_E12_5_E13_5__reverse	row_softmax	0.25		R	I_EXPR	0.0025	0.00125	1500	0.00022717654138436602	0.000293011382232158	0.0002334131886386637	0.00037712218668005534
Stereo-seq	ST_DEV_E12_5_E13_5	cross_stage	Stereo-seq::shared_developmental_series	legacy_replication	reverse	ST_DEV_E12_5_E13_5__reverse	row_softmax	0.25		R	I_EXPR	0.00125	0.000625	1500	0.0001135642617365538	0.00014646297268830873	0.00011667715887429875	0.0001884752962978028
Stereo-seq	ST_DEV_E12_5_E13_5	cross_stage	Stereo-seq::shared_developmental_series	legacy_replication	reverse	ST_DEV_E12_5_E13_5__reverse	row_softmax	0.25		R	I_SPATIAL	0.02	0.01	1500	0.005753885226221252	0.006814181122014607	0.00573012709281421	0.007742737154558526
Stereo-seq	ST_DEV_E12_5_E13_5	cross_stage	Stereo-seq::shared_developmental_series	legacy_replication	reverse	ST_DEV_E12_5_E13_5__reverse	row_softmax	0.25		R	I_SPATIAL	0.01	0.005	1500	0.0028607742624999002	0.0033843775618245114	0.0028481663741354584	0.0038389253837459395
Stereo-seq	ST_DEV_E12_5_E13_5	cross_stage	Stereo-seq::shared_developmental_series	legacy_replication	reverse	ST_DEV_E12_5_E13_5__reverse	row_softmax	0.25		R	I_SPATIAL	0.005	0.0025	1500	0.0014262935541968385	0.001686073735900215	0.0014198955546579034	0.001911887166233833
Stereo-seq	ST_DEV_E12_5_E13_5	cross_stage	Stereo-seq::shared_developmental_series	legacy_replication	reverse	ST_DEV_E12_5_E13_5__reverse	row_softmax	0.25		R	I_SPATIAL	0.0025	0.00125	1500	0.0007121846930528253	0.0008413546702079062	0.0007089053946210104	0.0009540572252726645
Stereo-seq	ST_DEV_E12_5_E13_5	cross_stage	Stereo-seq::shared_developmental_series	legacy_replication	reverse	ST_DEV_E12_5_E13_5__reverse	row_softmax	0.25		R	I_SPATIAL	0.00125	0.000625	1500	0.00035585842237484963	0.0004202581490509439	0.00035419267143986066	0.0004765579595780773
Stereo-seq	ST_DEV_E12_5_E13_5	cross_stage	Stereo-seq::shared_developmental_series	legacy_replication	reverse	ST_DEV_E12_5_E13_5__reverse	row_softmax	0.25		N	I_EXPR	0.02	0.01	1500	0.005901532854955659	0.00709885125160611	0.005947537189112198	0.008544066233008846
Stereo-seq	ST_DEV_E12_5_E13_5	cross_stage	Stereo-seq::shared_developmental_series	legacy_replication	reverse	ST_DEV_E12_5_E13_5__reverse	row_softmax	0.25		N	I_EXPR	0.01	0.005	1500	0.002963520443859573	0.003567801604556423	0.0029886816549130964	0.004307029845072561
Stereo-seq	ST_DEV_E12_5_E13_5	cross_stage	Stereo-seq::shared_developmental_series	legacy_replication	reverse	ST_DEV_E12_5_E13_5__reverse	row_softmax	0.25		N	I_EXPR	0.005	0.0025	1500	0.0014851871440674357	0.001788757327266738	0.001498107169709205	0.0021623655965732663
Stereo-seq	ST_DEV_E12_5_E13_5	cross_stage	Stereo-seq::shared_developmental_series	legacy_replication	reverse	ST_DEV_E12_5_E13_5__reverse	row_softmax	0.25		N	I_EXPR	0.0025	0.00125	1500	0.0007433507180936652	0.0008954477597508859	0.0007499999841059477	0.0010834073479725924
Stereo-seq	ST_DEV_E12_5_E13_5	cross_stage	Stereo-seq::shared_developmental_series	legacy_replication	reverse	ST_DEV_E12_5_E13_5__reverse	row_softmax	0.25		N	I_EXPR	0.00125	0.000625	1500	0.00037183755383860646	0.0004479917331885516	0.00037523719846271084	0.0005422618276299325
Stereo-seq	ST_DEV_E12_5_E13_5	cross_stage	Stereo-seq::shared_developmental_series	legacy_replication	reverse	ST_DEV_E12_5_E13_5__reverse	row_softmax	0.25		N	I_SPATIAL	0.02	0.01	1500	0.006011290336456702	0.00725324691649647	0.00606931175524772	0.008831924446172435
Stereo-seq	ST_DEV_E12_5_E13_5	cross_stage	Stereo-seq::shared_developmental_series	legacy_replication	reverse	ST_DEV_E12_5_E13_5__reverse	row_softmax	0.25		N	I_SPATIAL	0.01	0.005	1500	0.0029915821169900353	0.0036054804013471004	0.003019122594369442	0.004378892160488745
Stereo-seq	ST_DEV_E12_5_E13_5	cross_stage	Stereo-seq::shared_developmental_series	legacy_replication	reverse	ST_DEV_E12_5_E13_5__reverse	row_softmax	0.25		N	I_SPATIAL	0.005	0.0025	1500	0.0014913646225994106	0.0017976578601788553	0.001505717102530887	0.0021802995371752007
Stereo-seq	ST_DEV_E12_5_E13_5	cross_stage	Stereo-seq::shared_developmental_series	legacy_replication	reverse	ST_DEV_E12_5_E13_5__reverse	row_softmax	0.25		N	I_SPATIAL	0.0025	0.00125	1500	0.0007447880535722147	0.0008976139187655151	0.0007519024223031783	0.0010878881261215418
Stereo-seq	ST_DEV_E12_5_E13_5	cross_stage	Stereo-seq::shared_developmental_series	legacy_replication	reverse	ST_DEV_E12_5_E13_5__reverse	row_softmax	0.25		N	I_SPATIAL	0.00125	0.000625	1500	0.00037216211473455323	0.00044851775081847245	0.00037571280310571924	0.0005433820930018997
Stereo-seq	ST_DEV_E12_5_E13_5	cross_stage	Stereo-seq::shared_developmental_series	legacy_replication	reverse	ST_DEV_E12_5_E13_5__reverse	balanced_ot	0.25		R	I_EXPR	0.02	0.01	1500	0.0009408270571628594	0.0013461423390335328	0.001014075191157449	0.00500117110897388
Stereo-seq	ST_DEV_E12_5_E13_5	cross_stage	Stereo-seq::shared_developmental_series	legacy_replication	reverse	ST_DEV_E12_5_E13_5__reverse	balanced_ot	0.25		R	I_EXPR	0.01	0.005	1500	0.0004706604525413729	0.0006730300446652142	0.0005069976337070815	0.002481185833763114
Stereo-seq	ST_DEV_E12_5_E13_5	cross_stage	Stereo-seq::shared_developmental_series	legacy_replication	reverse	ST_DEV_E12_5_E13_5__reverse	balanced_ot	0.25		R	I_EXPR	0.005	0.0025	1500	0.0002353210136306375	0.00033650558450379407	0.00025348900302953845	0.0012356754914523394
Stereo-seq	ST_DEV_E12_5_E13_5	cross_stage	Stereo-seq::shared_developmental_series	legacy_replication	reverse	ST_DEV_E12_5_E13_5__reverse	balanced_ot	0.25		R	I_EXPR	0.0025	0.00125	1500	0.0001176642519757917	0.00016825155129767376	0.00012674216064020966	0.0006166006050505765
Stereo-seq	ST_DEV_E12_5_E13_5	cross_stage	Stereo-seq::shared_developmental_series	legacy_replication	reverse	ST_DEV_E12_5_E13_5__reverse	balanced_ot	0.25		R	I_EXPR	0.00125	0.000625	1500	5.88330557733452e-05	8.412545405060615e-05	6.337049298586343e-05	0.00030798997713572996
Stereo-seq	ST_DEV_E12_5_E13_5	cross_stage	Stereo-seq::shared_developmental_series	legacy_replication	reverse	ST_DEV_E12_5_E13_5__reverse	balanced_ot	0.25		R	I_SPATIAL	0.02	0.01	1500	0.00586946076676393	0.007022823177239466	0.005879958835966797	0.008266200213821117
Stereo-seq	ST_DEV_E12_5_E13_5	cross_stage	Stereo-seq::shared_developmental_series	legacy_replication	reverse	ST_DEV_E12_5_E13_5__reverse	balanced_ot	0.25		R	I_SPATIAL	0.01	0.005	1500	0.002914401942312854	0.003484529738899138	0.0029221369240941034	0.00410039802060605
Stereo-seq	ST_DEV_E12_5_E13_5	cross_stage	Stereo-seq::shared_developmental_series	legacy_replication	reverse	ST_DEV_E12_5_E13_5__reverse	balanced_ot	0.25		R	I_SPATIAL	0.005	0.0025	1500	0.001452762432523378	0.00173599872470361	0.001456649063320255	0.0020421112503035722
Stereo-seq	ST_DEV_E12_5_E13_5	cross_stage	Stereo-seq::shared_developmental_series	legacy_replication	reverse	ST_DEV_E12_5_E13_5__reverse	balanced_ot	0.25		R	I_SPATIAL	0.0025	0.00125	1500	0.0007250390748563334	0.0008662931729308669	0.0007272247169089223	0.0010190444049947493
Stereo-seq	ST_DEV_E12_5_E13_5	cross_stage	Stereo-seq::shared_developmental_series	legacy_replication	reverse	ST_DEV_E12_5_E13_5__reverse	balanced_ot	0.25		R	I_SPATIAL	0.00125	0.000625	1500	0.0003621769693888341	0.0004328580057885192	0.000363338029321781	0.0005090201330772777
Stereo-seq	ST_DEV_E12_5_E13_5	cross_stage	Stereo-seq::shared_developmental_series	legacy_replication	reverse	ST_DEV_E12_5_E13_5__reverse	balanced_ot	0.25		N	I_EXPR	0.02	0.01	1500	0.005754273212826596	0.0069336062122644405	0.005773768666988833	0.008620040576377516
Stereo-seq	ST_DEV_E12_5_E13_5	cross_stage	Stereo-seq::shared_developmental_series	legacy_replication	reverse	ST_DEV_E12_5_E13_5__reverse	balanced_ot	0.25		N	I_EXPR	0.01	0.005	1500	0.002893074040375148	0.003489563238458843	0.0029037066027819644	0.004344668267227073
Stereo-seq	ST_DEV_E12_5_E13_5	cross_stage	Stereo-seq::shared_developmental_series	legacy_replication	reverse	ST_DEV_E12_5_E13_5__reverse	balanced_ot	0.25		N	I_EXPR	0.005	0.0025	1500	0.0014518988772348183	0.0017496640286779608	0.0014560968631553279	0.0021810605874925406
Stereo-seq	ST_DEV_E12_5_E13_5	cross_stage	Stereo-seq::shared_developmental_series	legacy_replication	reverse	ST_DEV_E12_5_E13_5__reverse	balanced_ot	0.25		N	I_EXPR	0.0025	0.00125	1500	0.000727492172103951	0.0008760900300202529	0.0007291141819166522	0.0010927198622133472
Stereo-seq	ST_DEV_E12_5_E13_5	cross_stage	Stereo-seq::shared_developmental_series	legacy_replication	reverse	ST_DEV_E12_5_E13_5__reverse	balanced_ot	0.25		N	I_EXPR	0.00125	0.000625	1500	0.0003640748294566783	0.0004384215489197599	0.00036482414797695266	0.0005469083144267798
Stereo-seq	ST_DEV_E12_5_E13_5	cross_stage	Stereo-seq::shared_developmental_series	legacy_replication	reverse	ST_DEV_E12_5_E13_5__reverse	balanced_ot	0.25		N	I_SPATIAL	0.02	0.01	1500	0.005911465396482282	0.00711405982637907	0.005910830034543667	0.008901900410637252
Stereo-seq	ST_DEV_E12_5_E13_5	cross_stage	Stereo-seq::shared_developmental_series	legacy_replication	reverse	ST_DEV_E12_5_E13_5__reverse	balanced_ot	0.25		N	I_SPATIAL	0.01	0.005	1500	0.002934430214318407	0.003533060130114611	0.0029379687909952463	0.0044150360175697545
Stereo-seq	ST_DEV_E12_5_E13_5	cross_stage	Stereo-seq::shared_developmental_series	legacy_replication	reverse	ST_DEV_E12_5_E13_5__reverse	balanced_ot	0.25		N	I_SPATIAL	0.005	0.0025	1500	0.0014626330974833388	0.001760565317972731	0.0014646622820019405	0.002198640638815083
Stereo-seq	ST_DEV_E12_5_E13_5	cross_stage	Stereo-seq::shared_developmental_series	legacy_replication	reverse	ST_DEV_E12_5_E13_5__reverse	balanced_ot	0.25		N	I_SPATIAL	0.0025	0.00125	1500	0.0007299223418277552	0.0008790036158178986	0.0007312555117214458	0.0010971148791517166
Stereo-seq	ST_DEV_E12_5_E13_5	cross_stage	Stereo-seq::shared_developmental_series	legacy_replication	reverse	ST_DEV_E12_5_E13_5__reverse	balanced_ot	0.25		N	I_SPATIAL	0.00125	0.000625	1500	0.00036464953207829005	0.00043917845855476813	0.0003653594849610137	0.0005480070711819701
Stereo-seq	ST_DEV_E13_5_E14_5	cross_stage	Stereo-seq::shared_developmental_series	legacy_replication	forward	ST_DEV_E13_5_E14_5	uot	0.25	2.0	R	I_EXPR	0.02	0.01	1500	0.0010504730090683465	0.0015788192699397686	0.0011374359378039352	0.004348164426701153
Stereo-seq	ST_DEV_E13_5_E14_5	cross_stage	Stereo-seq::shared_developmental_series	legacy_replication	forward	ST_DEV_E13_5_E14_5	uot	0.25	2.0	R	I_EXPR	0.01	0.005	1500	0.0005251424607753214	0.0007895341396359517	0.0005686227221425569	0.0021695973120373336
Stereo-seq	ST_DEV_E13_5_E14_5	cross_stage	Stereo-seq::shared_developmental_series	legacy_replication	forward	ST_DEV_E13_5_E14_5	uot	0.25	2.0	R	I_EXPR	0.005	0.0025	1500	0.0002625387399034694	0.0003949049686656233	0.0002842874738177806	0.0010836800018263835
Stereo-seq	ST_DEV_E13_5_E14_5	cross_stage	Stereo-seq::shared_developmental_series	legacy_replication	forward	ST_DEV_E13_5_E14_5	uot	0.25	2.0	R	I_EXPR	0.0025	0.00125	1500	0.00013125489473462263	0.00019748684352972063	0.00014213775594068713	0.0005415606593381584
Stereo-seq	ST_DEV_E13_5_E14_5	cross_stage	Stereo-seq::shared_developmental_series	legacy_replication	forward	ST_DEV_E13_5_E14_5	uot	0.25	2.0	R	I_EXPR	0.00125	0.000625	1500	6.562291403842317e-05	9.875199590446533e-05	7.106738170572988e-05	0.00027071053308650605
Stereo-seq	ST_DEV_E13_5_E14_5	cross_stage	Stereo-seq::shared_developmental_series	legacy_replication	forward	ST_DEV_E13_5_E14_5	uot	0.25	2.0	R	I_SPATIAL	0.02	0.01	1500	0.006025959022982093	0.006932616141740904	0.005952122091254033	0.007510362098424393
Stereo-seq	ST_DEV_E13_5_E14_5	cross_stage	Stereo-seq::shared_developmental_series	legacy_replication	forward	ST_DEV_E13_5_E14_5	uot	0.25	2.0	R	I_SPATIAL	0.01	0.005	1500	0.002991535622199966	0.003443012775303771	0.0029584003078683154	0.0037306517443180935
Stereo-seq	ST_DEV_E13_5_E14_5	cross_stage	Stereo-seq::shared_developmental_series	legacy_replication	forward	ST_DEV_E13_5_E14_5	uot	0.25	2.0	R	I_SPATIAL	0.005	0.0025	1500	0.0014910777209466088	0.0017163271555843864	0.0014748261880330729	0.0018592454475479746
Stereo-seq	ST_DEV_E13_5_E14_5	cross_stage	Stereo-seq::shared_developmental_series	legacy_replication	forward	ST_DEV_E13_5_E14_5	uot	0.25	2.0	R	I_SPATIAL	0.0025	0.00125	1500	0.0007443168353868275	0.0008569107908017936	0.0007363247234882587	0.0009281071190786474
Stereo-seq	ST_DEV_E13_5_E14_5	cross_stage	Stereo-seq::shared_developmental_series	legacy_replication	forward	ST_DEV_E13_5_E14_5	uot	0.25	2.0	R	I_SPATIAL	0.00125	0.000625	1500	0.00037180564660268026	0.0004281325341303685	0.00036789091735658127	0.00046367508724596336
Stereo-seq	ST_DEV_E13_5_E14_5	cross_stage	Stereo-seq::shared_developmental_series	legacy_replication	forward	ST_DEV_E13_5_E14_5	uot	0.25	2.0	N	I_EXPR	0.02	0.01	1500	0.0048515423568194485	0.005973782928749893	0.0048859953649764655	0.006797301418799863
Stereo-seq	ST_DEV_E13_5_E14_5	cross_stage	Stereo-seq::shared_developmental_series	legacy_replication	forward	ST_DEV_E13_5_E14_5	uot	0.25	2.0	N	I_EXPR	0.01	0.005	1500	0.0024392407353816896	0.0030038884852542263	0.002456983772822823	0.003420990395446241
Stereo-seq	ST_DEV_E13_5_E14_5	cross_stage	Stereo-seq::shared_developmental_series	legacy_replication	forward	ST_DEV_E13_5_E14_5	uot	0.25	2.0	N	I_EXPR	0.005	0.0025	1500	0.0012233951588537385	0.0015066228257957465	0.0012320216056785878	0.0017161130359435554
Stereo-seq	ST_DEV_E13_5_E14_5	cross_stage	Stereo-seq::shared_developmental_series	legacy_replication	forward	ST_DEV_E13_5_E14_5	uot	0.25	2.0	N	I_EXPR	0.0025	0.00125	1500	0.0006124892400683746	0.0007547996040704253	0.0006168973801089014	0.0008594669907035852
Stereo-seq	ST_DEV_E13_5_E14_5	cross_stage	Stereo-seq::shared_developmental_series	legacy_replication	forward	ST_DEV_E13_5_E14_5	uot	0.25	2.0	N	I_EXPR	0.00125	0.000625	1500	0.00030643656259127315	0.00037768050618218116	0.0003086708574667106	0.00043008678696505187
Stereo-seq	ST_DEV_E13_5_E14_5	cross_stage	Stereo-seq::shared_developmental_series	legacy_replication	forward	ST_DEV_E13_5_E14_5	uot	0.25	2.0	N	I_SPATIAL	0.02	0.01	1500	0.004959550762452874	0.006120840548140003	0.005000033892408743	0.00697908454175851
Stereo-seq	ST_DEV_E13_5_E14_5	cross_stage	Stereo-seq::shared_developmental_series	legacy_replication	forward	ST_DEV_E13_5_E14_5	uot	0.25	2.0	N	I_SPATIAL	0.01	0.005	1500	0.002466767526241296	0.003040661619786356	0.002485490430652257	0.003466368500720898
Stereo-seq	ST_DEV_E13_5_E14_5	cross_stage	Stereo-seq::shared_developmental_series	legacy_replication	forward	ST_DEV_E13_5_E14_5	uot	0.25	2.0	N	I_SPATIAL	0.005	0.0025	1500	0.0012304237629385435	0.0015157357545708093	0.0012391479021288806	0.0017274502167999894
Stereo-seq	ST_DEV_E13_5_E14_5	cross_stage	Stereo-seq::shared_developmental_series	legacy_replication	forward	ST_DEV_E13_5_E14_5	uot	0.25	2.0	N	I_SPATIAL	0.0025	0.00125	1500	0.0006142631687065894	0.000756880203066697	0.0006186789413420317	0.0008623003541797839
Stereo-seq	ST_DEV_E13_5_E14_5	cross_stage	Stereo-seq::shared_developmental_series	legacy_replication	forward	ST_DEV_E13_5_E14_5	uot	0.25	2.0	N	I_SPATIAL	0.00125	0.000625	1500	0.0003069077083396462	0.00037813532214635217	0.00030911625108020314	0.0004307953806960452
Stereo-seq	ST_DEV_E13_5_E14_5	cross_stage	Stereo-seq::shared_developmental_series	legacy_replication	forward	ST_DEV_E13_5_E14_5	row_softmax	0.25		R	I_EXPR	0.02	0.01	1500	0.0015859228980347126	0.001991228505687828	0.001629229493156282	0.002450629091542921
Stereo-seq	ST_DEV_E13_5_E14_5	cross_stage	Stereo-seq::shared_developmental_series	legacy_replication	forward	ST_DEV_E13_5_E14_5	row_softmax	0.25		R	I_EXPR	0.01	0.005	1500	0.0007917936444667277	0.0009930373443213013	0.0008135186737506783	0.0012216875620346564
Stereo-seq	ST_DEV_E13_5_E14_5	cross_stage	Stereo-seq::shared_developmental_series	legacy_replication	forward	ST_DEV_E13_5_E14_5	row_softmax	0.25		R	I_EXPR	0.005	0.0025	1500	0.0003956582347754267	0.0004959543296763926	0.0004064866233475456	0.0006099428368477569
Stereo-seq	ST_DEV_E13_5_E14_5	cross_stage	Stereo-seq::shared_developmental_series	legacy_replication	forward	ST_DEV_E13_5_E14_5	row_softmax	0.25		R	I_EXPR	0.0025	0.00125	1500	0.00019775267346032352	0.00024785101194575737	0.00020317529281788603	0.00030476213815915163
Stereo-seq	ST_DEV_E13_5_E14_5	cross_stage	Stereo-seq::shared_developmental_series	legacy_replication	forward	ST_DEV_E13_5_E14_5	row_softmax	0.25		R	I_EXPR	0.00125	0.000625	1500	9.886660947415232e-05	0.0001238939986310178	0.00010157066141434508	0.0001523729168564551
Stereo-seq	ST_DEV_E13_5_E14_5	cross_stage	Stereo-seq::shared_developmental_series	legacy_replication	forward	ST_DEV_E13_5_E14_5	row_softmax	0.25		R	I_SPATIAL	0.02	0.01	1500	0.005910193908704283	0.006541722177197979	0.005693353769028207	0.0070808559265401645
Stereo-seq	ST_DEV_E13_5_E14_5	cross_stage	Stereo-seq::shared_developmental_series	legacy_replication	forward	ST_DEV_E13_5_E14_5	row_softmax	0.25		R	I_SPATIAL	0.01	0.005	1500	0.002935936323453093	0.0032474052869611108	0.002830356753645653	0.003511647754333519
Stereo-seq	ST_DEV_E13_5_E14_5	cross_stage	Stereo-seq::shared_developmental_series	legacy_replication	forward	ST_DEV_E13_5_E14_5	row_softmax	0.25		R	I_SPATIAL	0.005	0.0025	1500	0.001463759605124104	0.0016179251984738627	0.0014111335791798236	0.0017486921577358355
Stereo-seq	ST_DEV_E13_5_E14_5	cross_stage	Stereo-seq::shared_developmental_series	legacy_replication	forward	ST_DEV_E13_5_E14_5	row_softmax	0.25		R	I_SPATIAL	0.0025	0.00125	1500	0.0007307614886875049	0.0008076187093094242	0.0007045599544015181	0.0008729770358272402
Stereo-seq	ST_DEV_E13_5_E14_5	cross_stage	Stereo-seq::shared_developmental_series	legacy_replication	forward	ST_DEV_E13_5_E14_5	row_softmax	0.25		R	I_SPATIAL	0.00125	0.000625	1500	0.0003650965480189404	0.00040354982993667435	0.00035202881483335584	0.0004361532767216029
Stereo-seq	ST_DEV_E13_5_E14_5	cross_stage	Stereo-seq::shared_developmental_series	legacy_replication	forward	ST_DEV_E13_5_E14_5	row_softmax	0.25		N	I_EXPR	0.02	0.01	1500	0.005939308755909897	0.006806535034009556	0.005887505479722184	0.007784876103847105
Stereo-seq	ST_DEV_E13_5_E14_5	cross_stage	Stereo-seq::shared_developmental_series	legacy_replication	forward	ST_DEV_E13_5_E14_5	row_softmax	0.25		N	I_EXPR	0.01	0.005	1500	0.0029858958582838248	0.003422120058005432	0.0029585633748872267	0.003921416012177701
Stereo-seq	ST_DEV_E13_5_E14_5	cross_stage	Stereo-seq::shared_developmental_series	legacy_replication	forward	ST_DEV_E13_5_E14_5	row_softmax	0.25		N	I_EXPR	0.005	0.0025	1500	0.001496949872316073	0.0017158150207844006	0.0014830186191455575	0.00196799811345578
Stereo-seq	ST_DEV_E13_5_E14_5	cross_stage	Stereo-seq::shared_developmental_series	legacy_replication	forward	ST_DEV_E13_5_E14_5	row_softmax	0.25		N	I_EXPR	0.0025	0.00125	1500	0.0007495156101279031	0.0008594657329348495	0.0007424477912617459	0.0009858297266069768
Stereo-seq	ST_DEV_E13_5_E14_5	cross_stage	Stereo-seq::shared_developmental_series	legacy_replication	forward	ST_DEV_E13_5_E14_5	row_softmax	0.25		N	I_EXPR	0.00125	0.000625	1500	0.00037503323846336785	0.00043011180566985624	0.0003714590631228788	0.0004933753027664317
Stereo-seq	ST_DEV_E13_5_E14_5	cross_stage	Stereo-seq::shared_developmental_series	legacy_replication	forward	ST_DEV_E13_5_E14_5	row_softmax	0.25		N	I_SPATIAL	0.02	0.01	1500	0.006066518150647069	0.006959098841799911	0.006008199036284028	0.008021347065251934
Stereo-seq	ST_DEV_E13_5_E14_5	cross_stage	Stereo-seq::shared_developmental_series	legacy_replication	forward	ST_DEV_E13_5_E14_5	row_softmax	0.25		N	I_SPATIAL	0.01	0.005	1500	0.0030175685756594238	0.0034604009467977623	0.002988734925553862	0.003980561890140859
Stereo-seq	ST_DEV_E13_5_E14_5	cross_stage	Stereo-seq::shared_developmental_series	legacy_replication	forward	ST_DEV_E13_5_E14_5	row_softmax	0.25		N	I_SPATIAL	0.005	0.0025	1500	0.0015051834898531361	0.0017253957449192463	0.0014905613481969455	0.001982805673598948
Stereo-seq	ST_DEV_E13_5_E14_5	cross_stage	Stereo-seq::shared_developmental_series	legacy_replication	forward	ST_DEV_E13_5_E14_5	row_softmax	0.25		N	I_SPATIAL	0.0025	0.00125	1500	0.000751776884325472	0.0008617924192406843	0.0007443335126418074	0.0009895403472910576
Stereo-seq	ST_DEV_E13_5_E14_5	cross_stage	Stereo-seq::shared_developmental_series	legacy_replication	forward	ST_DEV_E13_5_E14_5	row_softmax	0.25		N	I_SPATIAL	0.00125	0.000625	1500	0.00037560291500668495	0.0004306639377116267	0.00037193049444357487	0.0004943044006485562
Stereo-seq	ST_DEV_E13_5_E14_5	cross_stage	Stereo-seq::shared_developmental_series	legacy_replication	forward	ST_DEV_E13_5_E14_5	balanced_ot	0.25		R	I_EXPR	0.02	0.01	1500	0.000879247803223384	0.0012642974497999197	0.0009340932057867671	0.005782632295154175
Stereo-seq	ST_DEV_E13_5_E14_5	cross_stage	Stereo-seq::shared_developmental_series	legacy_replication	forward	ST_DEV_E13_5_E14_5	balanced_ot	0.25		R	I_EXPR	0.01	0.005	1500	0.00043956760503054474	0.0006323387503901793	0.00046704831981957124	0.0028803434092916024
Stereo-seq	ST_DEV_E13_5_E14_5	cross_stage	Stereo-seq::shared_developmental_series	legacy_replication	forward	ST_DEV_E13_5_E14_5	balanced_ot	0.25		R	I_EXPR	0.005	0.0025	1500	0.00021972987339805456	0.00031614431151719455	0.00023352445112210637	0.0014373544914226823
Stereo-seq	ST_DEV_E13_5_E14_5	cross_stage	Stereo-seq::shared_developmental_series	legacy_replication	forward	ST_DEV_E13_5_E14_5	balanced_ot	0.25		R	I_EXPR	0.0025	0.00125	1500	0.00010985134536659523	0.0001580808303406224	0.00011676228896134218	0.0007179644978475761
Stereo-seq	ST_DEV_E13_5_E14_5	cross_stage	Stereo-seq::shared_developmental_series	legacy_replication	forward	ST_DEV_E13_5_E14_5	balanced_ot	0.25		R	I_EXPR	0.00125	0.000625	1500	5.492226379830689e-05	7.903509878722535e-05	5.838115793444868e-05	0.00035880302423565644
Stereo-seq	ST_DEV_E13_5_E14_5	cross_stage	Stereo-seq::shared_developmental_series	legacy_replication	forward	ST_DEV_E13_5_E14_5	balanced_ot	0.25		R	I_SPATIAL	0.02	0.01	1500	0.005849730645891083	0.006690943811538569	0.005768496630304886	0.0071660434358256
Stereo-seq	ST_DEV_E13_5_E14_5	cross_stage	Stereo-seq::shared_developmental_series	legacy_replication	forward	ST_DEV_E13_5_E14_5	balanced_ot	0.25		R	I_SPATIAL	0.01	0.005	1500	0.002906641107043461	0.00332545473040213	0.0028674622101888007	0.003553312083027097
Stereo-seq	ST_DEV_E13_5_E14_5	cross_stage	Stereo-seq::shared_developmental_series	legacy_replication	forward	ST_DEV_E13_5_E14_5	balanced_ot	0.25		R	I_SPATIAL	0.005	0.0025	1500	0.001448686454906641	0.0016576228388465919	0.0014295736221023177	0.0017693314091770194
Stereo-seq	ST_DEV_E13_5_E14_5	cross_stage	Stereo-seq::shared_developmental_series	legacy_replication	forward	ST_DEV_E13_5_E14_5	balanced_ot	0.25		R	I_SPATIAL	0.0025	0.00125	1500	0.0007233243095456092	0.0008276539204514117	0.0007137522030854222	0.0008828440919316444
Stereo-seq	ST_DEV_E13_5_E14_5	cross_stage	Stereo-seq::shared_developmental_series	legacy_replication	forward	ST_DEV_E13_5_E14_5	balanced_ot	0.25		R	I_SPATIAL	0.00125	0.000625	1500	0.0003613576227105554	0.0004135821506037726	0.00035661802785521944	0.00044096782453955605
Stereo-seq	ST_DEV_E13_5_E14_5	cross_stage	Stereo-seq::shared_developmental_series	legacy_replication	forward	ST_DEV_E13_5_E14_5	balanced_ot	0.25		N	I_EXPR	0.02	0.01	1500	0.00570237036213278	0.006669576667293141	0.005656637045645784	0.007739759304150644
Stereo-seq	ST_DEV_E13_5_E14_5	cross_stage	Stereo-seq::shared_developmental_series	legacy_replication	forward	ST_DEV_E13_5_E14_5	balanced_ot	0.25		N	I_EXPR	0.01	0.005	1500	0.0028676898286040314	0.0033546350403272397	0.002844133640611916	0.0038956498054345226
Stereo-seq	ST_DEV_E13_5_E14_5	cross_stage	Stereo-seq::shared_developmental_series	legacy_replication	forward	ST_DEV_E13_5_E14_5	balanced_ot	0.25		N	I_EXPR	0.005	0.0025	1500	0.0014380874354887273	0.0016825491531894542	0.001426056243285005	0.0019543400911090085
Stereo-seq	ST_DEV_E13_5_E14_5	cross_stage	Stereo-seq::shared_developmental_series	legacy_replication	forward	ST_DEV_E13_5_E14_5	balanced_ot	0.25		N	I_EXPR	0.0025	0.00125	1500	0.0007202828555126599	0.0008427052714007781	0.0007140299333285222	0.0009788057362950877
Stereo-seq	ST_DEV_E13_5_E14_5	cross_stage	Stereo-seq::shared_developmental_series	legacy_replication	forward	ST_DEV_E13_5_E14_5	balanced_ot	0.25		N	I_EXPR	0.00125	0.000625	1500	0.0003604018207551067	0.0004217362364755519	0.00035726598769600994	0.0004898105725794822
Stereo-seq	ST_DEV_E13_5_E14_5	cross_stage	Stereo-seq::shared_developmental_series	legacy_replication	forward	ST_DEV_E13_5_E14_5	balanced_ot	0.25		N	I_SPATIAL	0.02	0.01	1500	0.005837537518360826	0.006837865412002317	0.005785466753340721	0.00795028716151285
Stereo-seq	ST_DEV_E13_5_E14_5	cross_stage	Stereo-seq::shared_developmental_series	legacy_replication	forward	ST_DEV_E13_5_E14_5	balanced_ot	0.25		N	I_SPATIAL	0.01	0.005	1500	0.0029017567900548004	0.0033974870404691973	0.0028763371205453147	0.003948215830440674
Stereo-seq	ST_DEV_E13_5_E14_5	cross_stage	Stereo-seq::shared_developmental_series	legacy_replication	forward	ST_DEV_E13_5_E14_5	balanced_ot	0.25		N	I_SPATIAL	0.005	0.0025	1500	0.001446342258147703	0.0016936202474602687	0.001434106892579969	0.0019674646828016177
Stereo-seq	ST_DEV_E13_5_E14_5	cross_stage	Stereo-seq::shared_developmental_series	legacy_replication	forward	ST_DEV_E13_5_E14_5	balanced_ot	0.25		N	I_SPATIAL	0.0025	0.00125	1500	0.0007222761485238173	0.0008456920255919586	0.0007160425824734611	0.0009820794026569079
Stereo-seq	ST_DEV_E13_5_E14_5	cross_stage	Stereo-seq::shared_developmental_series	legacy_replication	forward	ST_DEV_E13_5_E14_5	balanced_ot	0.25		N	I_SPATIAL	0.00125	0.000625	1500	0.0003609146228441536	0.0004225051491222334	0.0003577691514601023	0.0004906285112424548
Stereo-seq	ST_DEV_E13_5_E14_5	cross_stage	Stereo-seq::shared_developmental_series	legacy_replication	reverse	ST_DEV_E13_5_E14_5__reverse	uot	0.25	2.0	R	I_EXPR	0.02	0.01	1500	0.0011368987455385388	0.0015183632936370066	0.0011891920876193583	0.003593836040759889
Stereo-seq	ST_DEV_E13_5_E14_5	cross_stage	Stereo-seq::shared_developmental_series	legacy_replication	reverse	ST_DEV_E13_5_E14_5__reverse	uot	0.25	2.0	R	I_EXPR	0.01	0.005	1500	0.0005680855319380256	0.0007590013957242187	0.000594389137019415	0.0017967494736598395
Stereo-seq	ST_DEV_E13_5_E14_5	cross_stage	Stereo-seq::shared_developmental_series	legacy_replication	reverse	ST_DEV_E13_5_E14_5__reverse	uot	0.25	2.0	R	I_EXPR	0.005	0.0025	1500	0.0002839283619598675	0.0003793548935709934	0.0002971428546743428	0.0008983239661199664
Stereo-seq	ST_DEV_E13_5_E14_5	cross_stage	Stereo-seq::shared_developmental_series	legacy_replication	reverse	ST_DEV_E13_5_E14_5__reverse	uot	0.25	2.0	R	I_EXPR	0.0025	0.00125	1500	0.00014192512721972336	0.00018964456989982716	0.0001485585010788781	0.00044914737506139763
Stereo-seq	ST_DEV_E13_5_E14_5	cross_stage	Stereo-seq::shared_developmental_series	legacy_replication	reverse	ST_DEV_E13_5_E14_5__reverse	uot	0.25	2.0	R	I_EXPR	0.00125	0.000625	1500	7.095693543197774e-05	9.482554992141494e-05	7.42760198257901e-05	0.00022456980134367058
Stereo-seq	ST_DEV_E13_5_E14_5	cross_stage	Stereo-seq::shared_developmental_series	legacy_replication	reverse	ST_DEV_E13_5_E14_5__reverse	uot	0.25	2.0	R	I_SPATIAL	0.02	0.01	1500	0.006046769762842009	0.006829227864942266	0.00595290392213828	0.00747483668214464
Stereo-seq	ST_DEV_E13_5_E14_5	cross_stage	Stereo-seq::shared_developmental_series	legacy_replication	reverse	ST_DEV_E13_5_E14_5__reverse	uot	0.25	2.0	R	I_SPATIAL	0.01	0.005	1500	0.0030059501590282978	0.0033921268790279525	0.0029587981216804334	0.0037116384998282562
Stereo-seq	ST_DEV_E13_5_E14_5	cross_stage	Stereo-seq::shared_developmental_series	legacy_replication	reverse	ST_DEV_E13_5_E14_5__reverse	uot	0.25	2.0	R	I_SPATIAL	0.005	0.0025	1500	0.0014987664922025833	0.0016904004970197133	0.001475026719038223	0.0018494567977217124
Stereo-seq	ST_DEV_E13_5_E14_5	cross_stage	Stereo-seq::shared_developmental_series	legacy_replication	reverse	ST_DEV_E13_5_E14_5__reverse	uot	0.25	2.0	R	I_SPATIAL	0.0025	0.00125	1500	0.0007481806248967331	0.0008435341400610658	0.0007364253713645621	0.0009231433739637339
Stereo-seq	ST_DEV_E13_5_E14_5	cross_stage	Stereo-seq::shared_developmental_series	legacy_replication	reverse	ST_DEV_E13_5_E14_5__reverse	uot	0.25	2.0	R	I_SPATIAL	0.00125	0.000625	1500	0.0003737896133981048	0.0004213516830867631	0.00036794133322265427	0.00046117591043131235
Stereo-seq	ST_DEV_E13_5_E14_5	cross_stage	Stereo-seq::shared_developmental_series	legacy_replication	reverse	ST_DEV_E13_5_E14_5__reverse	uot	0.25	2.0	N	I_EXPR	0.02	0.01	1500	0.004974541235585224	0.005659515274935977	0.004906803087295112	0.006582931979928163
Stereo-seq	ST_DEV_E13_5_E14_5	cross_stage	Stereo-seq::shared_developmental_series	legacy_replication	reverse	ST_DEV_E13_5_E14_5__reverse	uot	0.25	2.0	N	I_EXPR	0.01	0.005	1500	0.002502718181889271	0.0028476228484974678	0.0024675709183107583	0.003312666278380513
Stereo-seq	ST_DEV_E13_5_E14_5	cross_stage	Stereo-seq::shared_developmental_series	legacy_replication	reverse	ST_DEV_E13_5_E14_5__reverse	uot	0.25	2.0	N	I_EXPR	0.005	0.0025	1500	0.0012556812367797128	0.0014284808100503902	0.0012373613596951961	0.0016616802124348187
Stereo-seq	ST_DEV_E13_5_E14_5	cross_stage	Stereo-seq::shared_developmental_series	legacy_replication	reverse	ST_DEV_E13_5_E14_5__reverse	uot	0.25	2.0	N	I_EXPR	0.0025	0.00125	1500	0.0006286665189291635	0.0007155084249016974	0.0006195788532814549	0.0008321843415189788
Stereo-seq	ST_DEV_E13_5_E14_5	cross_stage	Stereo-seq::shared_developmental_series	legacy_replication	reverse	ST_DEV_E13_5_E14_5__reverse	uot	0.25	2.0	N	I_EXPR	0.00125	0.000625	1500	0.000314513620192739	0.0003580310343404536	0.00031001449790496563	0.00041642888902286806
Stereo-seq	ST_DEV_E13_5_E14_5	cross_stage	Stereo-seq::shared_developmental_series	legacy_replication	reverse	ST_DEV_E13_5_E14_5__reverse	uot	0.25	2.0	N	I_SPATIAL	0.02	0.01	1500	0.005099400780331671	0.005804576471846079	0.005022331071991512	0.006755113308267574
Stereo-seq	ST_DEV_E13_5_E14_5	cross_stage	Stereo-seq::shared_developmental_series	legacy_replication	reverse	ST_DEV_E13_5_E14_5__reverse	uot	0.25	2.0	N	I_SPATIAL	0.01	0.005	1500	0.0025324441313667647	0.002884604830306028	0.002496450070962234	0.0033557855061151064
Stereo-seq	ST_DEV_E13_5_E14_5	cross_stage	Stereo-seq::shared_developmental_series	legacy_replication	reverse	ST_DEV_E13_5_E14_5__reverse	uot	0.25	2.0	N	I_SPATIAL	0.005	0.0025	1500	0.0012623498918214134	0.0014376991018959881	0.001244580781898573	0.0016724697443312186
Stereo-seq	ST_DEV_E13_5_E14_5	cross_stage	Stereo-seq::shared_developmental_series	legacy_replication	reverse	ST_DEV_E13_5_E14_5__reverse	uot	0.25	2.0	N	I_SPATIAL	0.0025	0.00125	1500	0.0006303137822025583	0.0007176231621706418	0.0006213836950139546	0.0008348819934379684
Stereo-seq	ST_DEV_E13_5_E14_5	cross_stage	Stereo-seq::shared_developmental_series	legacy_replication	reverse	ST_DEV_E13_5_E14_5__reverse	uot	0.25	2.0	N	I_SPATIAL	0.00125	0.000625	1500	0.000314931662540356	0.0003585051656817776	0.00031046571147149424	0.00041710313850940175
Stereo-seq	ST_DEV_E13_5_E14_5	cross_stage	Stereo-seq::shared_developmental_series	legacy_replication	reverse	ST_DEV_E13_5_E14_5__reverse	row_softmax	0.25		R	I_EXPR	0.02	0.01	1500	0.0030848082172958936	0.003631109971645217	0.003143238373427514	0.004307602357590588
Stereo-seq	ST_DEV_E13_5_E14_5	cross_stage	Stereo-seq::shared_developmental_series	legacy_replication	reverse	ST_DEV_E13_5_E14_5__reverse	row_softmax	0.25		R	I_EXPR	0.01	0.005	1500	0.0015367538587743514	0.0018086049451034496	0.0015663689239204213	0.0021463755785664233
Stereo-seq	ST_DEV_E13_5_E14_5	cross_stage	Stereo-seq::shared_developmental_series	legacy_replication	reverse	ST_DEV_E13_5_E14_5__reverse	row_softmax	0.25		R	I_EXPR	0.005	0.0025	1500	0.0007670180545351134	0.0009025711348053325	0.0007818797703210916	0.0010713353072166012
Stereo-seq	ST_DEV_E13_5_E14_5	cross_stage	Stereo-seq::shared_developmental_series	legacy_replication	reverse	ST_DEV_E13_5_E14_5__reverse	row_softmax	0.25		R	I_EXPR	0.0025	0.00125	1500	0.0003832138855739294	0.00045084909395569703	0.00039061471960022794	0.000535205591325148
Stereo-seq	ST_DEV_E13_5_E14_5	cross_stage	Stereo-seq::shared_developmental_series	legacy_replication	reverse	ST_DEV_E13_5_E14_5__reverse	row_softmax	0.25		R	I_EXPR	0.00125	0.000625	1500	0.00019154936043504976	0.0002253157864704198	0.00019522618738420928	0.0002674873547035975
Stereo-seq	ST_DEV_E13_5_E14_5	cross_stage	Stereo-seq::shared_developmental_series	legacy_replication	reverse	ST_DEV_E13_5_E14_5__reverse	row_softmax	0.25		R	I_SPATIAL	0.02	0.01	1500	0.005643386764229664	0.0068074197651955505	0.0056616373569682325	0.007756280310558922
Stereo-seq	ST_DEV_E13_5_E14_5	cross_stage	Stereo-seq::shared_developmental_series	legacy_replication	reverse	ST_DEV_E13_5_E14_5__reverse	row_softmax	0.25		R	I_SPATIAL	0.01	0.005	1500	0.0028071613474733334	0.0033787402509886807	0.002814880494673563	0.0038511130432862858
Stereo-seq	ST_DEV_E13_5_E14_5	cross_stage	Stereo-seq::shared_developmental_series	legacy_replication	reverse	ST_DEV_E13_5_E14_5__reverse	row_softmax	0.25		R	I_SPATIAL	0.005	0.0025	1500	0.001399853349530449	0.0016826353724422231	0.0014034884620009258	0.0019188329812732025
Stereo-seq	ST_DEV_E13_5_E14_5	cross_stage	Stereo-seq::shared_developmental_series	legacy_replication	reverse	ST_DEV_E13_5_E14_5__reverse	row_softmax	0.25		R	I_SPATIAL	0.0025	0.00125	1500	0.00069892432875079	0.0008396172541129089	0.0007007603383393163	0.0009577401841903315
Stereo-seq	ST_DEV_E13_5_E14_5	cross_stage	Stereo-seq::shared_developmental_series	legacy_replication	reverse	ST_DEV_E13_5_E14_5__reverse	row_softmax	0.25		R	I_SPATIAL	0.00125	0.000625	1500	0.00034922365289002136	0.0004193836631606972	0.00035013468632434137	0.00047845164735549334
Stereo-seq	ST_DEV_E13_5_E14_5	cross_stage	Stereo-seq::shared_developmental_series	legacy_replication	reverse	ST_DEV_E13_5_E14_5__reverse	row_softmax	0.25		N	I_EXPR	0.02	0.01	1500	0.006772141372229235	0.007697382885301442	0.006674510753690013	0.009045232347694335
Stereo-seq	ST_DEV_E13_5_E14_5	cross_stage	Stereo-seq::shared_developmental_series	legacy_replication	reverse	ST_DEV_E13_5_E14_5__reverse	row_softmax	0.25		N	I_EXPR	0.01	0.005	1500	0.0033941723607594345	0.003868289341918285	0.003347945070351294	0.004540367007566905
Stereo-seq	ST_DEV_E13_5_E14_5	cross_stage	Stereo-seq::shared_developmental_series	legacy_replication	reverse	ST_DEV_E13_5_E14_5__reverse	row_softmax	0.25		N	I_EXPR	0.005	0.0025	1500	0.0016987905698162473	0.0019390394069843404	0.0016766775425332034	0.002274597761880427
Stereo-seq	ST_DEV_E13_5_E14_5	cross_stage	Stereo-seq::shared_developmental_series	legacy_replication	reverse	ST_DEV_E13_5_E14_5__reverse	row_softmax	0.25		N	I_EXPR	0.0025	0.00125	1500	0.000849860688426638	0.0009706758578302453	0.000839019076226271	0.0011384064089974106
Stereo-seq	ST_DEV_E13_5_E14_5	cross_stage	Stereo-seq::shared_developmental_series	legacy_replication	reverse	ST_DEV_E13_5_E14_5__reverse	row_softmax	0.25		N	I_EXPR	0.00125	0.000625	1500	0.0004250466109117126	0.00048564325933544923	0.0004196801344172704	0.0005694821221616493
Stereo-seq	ST_DEV_E13_5_E14_5	cross_stage	Stereo-seq::shared_developmental_series	legacy_replication	reverse	ST_DEV_E13_5_E14_5__reverse	row_softmax	0.25		N	I_SPATIAL	0.02	0.01	1500	0.006839870849702426	0.007850156297451779	0.006762130118356341	0.009207372671373918
Stereo-seq	ST_DEV_E13_5_E14_5	cross_stage	Stereo-seq::shared_developmental_series	legacy_replication	reverse	ST_DEV_E13_5_E14_5__reverse	row_softmax	0.25		N	I_SPATIAL	0.01	0.005	1500	0.003408239567146831	0.003906791419702149	0.003369848289897177	0.0045783594552706395
Stereo-seq	ST_DEV_E13_5_E14_5	cross_stage	Stereo-seq::shared_developmental_series	legacy_replication	reverse	ST_DEV_E13_5_E14_5__reverse	row_softmax	0.25		N	I_SPATIAL	0.005	0.0025	1500	0.001702264569577367	0.0019485628651099557	0.0016821533335775575	0.0022835197985697554
Stereo-seq	ST_DEV_E13_5_E14_5	cross_stage	Stereo-seq::shared_developmental_series	legacy_replication	reverse	ST_DEV_E13_5_E14_5__reverse	row_softmax	0.25		N	I_SPATIAL	0.0025	0.00125	1500	0.0008507949590409872	0.0009731880081087098	0.0008403879699735787	0.0011406385452400701
Stereo-seq	ST_DEV_E13_5_E14_5	cross_stage	Stereo-seq::shared_developmental_series	legacy_replication	reverse	ST_DEV_E13_5_E14_5__reverse	row_softmax	0.25		N	I_SPATIAL	0.00125	0.000625	1500	0.00042528049027279653	0.0004862536653538252	0.00042002235018107797	0.0005700401763392757
Stereo-seq	ST_DEV_E13_5_E14_5	cross_stage	Stereo-seq::shared_developmental_series	legacy_replication	reverse	ST_DEV_E13_5_E14_5__reverse	balanced_ot	0.25		R	I_EXPR	0.02	0.01	1500	0.0008620351172681129	0.0011605790305457607	0.0009028475962621843	0.005159175962668653
Stereo-seq	ST_DEV_E13_5_E14_5	cross_stage	Stereo-seq::shared_developmental_series	legacy_replication	reverse	ST_DEV_E13_5_E14_5__reverse	balanced_ot	0.25		R	I_EXPR	0.01	0.005	1500	0.0004309018074089122	0.000580571299521546	0.00045140511517862276	0.0025772166452643504
Stereo-seq	ST_DEV_E13_5_E14_5	cross_stage	Stereo-seq::shared_developmental_series	legacy_replication	reverse	ST_DEV_E13_5_E14_5__reverse	balanced_ot	0.25		R	I_EXPR	0.005	0.0025	1500	0.0002154214554531082	0.0002901941371104181	0.00022569763246059737	0.00128797747183789
Stereo-seq	ST_DEV_E13_5_E14_5	cross_stage	Stereo-seq::shared_developmental_series	legacy_replication	reverse	ST_DEV_E13_5_E14_5__reverse	balanced_ot	0.25		R	I_EXPR	0.0025	0.00125	1500	0.00010770330289947136	0.00014507416195167568	0.00011284755583802826	0.0006438163102708375
Stereo-seq	ST_DEV_E13_5_E14_5	cross_stage	Stereo-seq::shared_developmental_series	legacy_replication	reverse	ST_DEV_E13_5_E14_5__reverse	balanced_ot	0.25		R	I_EXPR	0.00125	0.000625	1500	5.384978859578002e-05	7.253133527204506e-05	5.6423459016932074e-05	0.00032186336404258035
Stereo-seq	ST_DEV_E13_5_E14_5	cross_stage	Stereo-seq::shared_developmental_series	legacy_replication	reverse	ST_DEV_E13_5_E14_5__reverse	balanced_ot	0.25		R	I_SPATIAL	0.02	0.01	1500	0.005837640559245094	0.006633208379111034	0.005774545844587446	0.007197364318265909
Stereo-seq	ST_DEV_E13_5_E14_5	cross_stage	Stereo-seq::shared_developmental_series	legacy_replication	reverse	ST_DEV_E13_5_E14_5__reverse	balanced_ot	0.25		R	I_SPATIAL	0.01	0.005	1500	0.0029041027799040463	0.0032995674467290984	0.002870437171497523	0.003573679926340407
Stereo-seq	ST_DEV_E13_5_E14_5	cross_stage	Stereo-seq::shared_developmental_series	legacy_replication	reverse	ST_DEV_E13_5_E14_5__reverse	balanced_ot	0.25		R	I_SPATIAL	0.005	0.0025	1500	0.0014478350994768265	0.0016451016083879617	0.0014310488537403654	0.0017806323894331547
Stereo-seq	ST_DEV_E13_5_E14_5	cross_stage	Stereo-seq::shared_developmental_series	legacy_replication	reverse	ST_DEV_E13_5_E14_5__reverse	balanced_ot	0.25		R	I_SPATIAL	0.0025	0.00125	1500	0.0007229542453065076	0.0008210288796001719	0.00071448679142106	0.000888767518906212
Stereo-seq	ST_DEV_E13_5_E14_5	cross_stage	Stereo-seq::shared_developmental_series	legacy_replication	reverse	ST_DEV_E13_5_E14_5__reverse	balanced_ot	0.25		R	I_SPATIAL	0.00125	0.000625	1500	0.0003612092917835098	0.00041018922777389186	0.00035698456988342536	0.0004439970238788902
Stereo-seq	ST_DEV_E13_5_E14_5	cross_stage	Stereo-seq::shared_developmental_series	legacy_replication	reverse	ST_DEV_E13_5_E14_5__reverse	balanced_ot	0.25		N	I_EXPR	0.02	0.01	1500	0.005767880684921868	0.00659829795049577	0.005689060595726525	0.007516113839029038
Stereo-seq	ST_DEV_E13_5_E14_5	cross_stage	Stereo-seq::shared_developmental_series	legacy_replication	reverse	ST_DEV_E13_5_E14_5__reverse	balanced_ot	0.25		N	I_EXPR	0.01	0.005	1500	0.002899362989885088	0.0033187452872014494	0.0028605556168581313	0.0037780009049010323
Stereo-seq	ST_DEV_E13_5_E14_5	cross_stage	Stereo-seq::shared_developmental_series	legacy_replication	reverse	ST_DEV_E13_5_E14_5__reverse	balanced_ot	0.25		N	I_EXPR	0.005	0.0025	1500	0.0014532391542443077	0.0016638402244653768	0.0014343203114157068	0.0018940229823520831
Stereo-seq	ST_DEV_E13_5_E14_5	cross_stage	Stereo-seq::shared_developmental_series	legacy_replication	reverse	ST_DEV_E13_5_E14_5__reverse	balanced_ot	0.25		N	I_EXPR	0.0025	0.00125	1500	0.0007276070488707643	0.0008333191750745042	0.0007181753217205144	0.0009482714451845376
Stereo-seq	ST_DEV_E13_5_E14_5	cross_stage	Stereo-seq::shared_developmental_series	legacy_replication	reverse	ST_DEV_E13_5_E14_5__reverse	balanced_ot	0.25		N	I_EXPR	0.00125	0.000625	1500	0.0003640468894949611	0.0004170522313377802	0.0003593420336150109	0.00047445125850362164
Stereo-seq	ST_DEV_E13_5_E14_5	cross_stage	Stereo-seq::shared_developmental_series	legacy_replication	reverse	ST_DEV_E13_5_E14_5__reverse	balanced_ot	0.25		N	I_SPATIAL	0.02	0.01	1500	0.005904021109405621	0.006751902003811226	0.00581961054901223	0.007676668498300128
Stereo-seq	ST_DEV_E13_5_E14_5	cross_stage	Stereo-seq::shared_developmental_series	legacy_replication	reverse	ST_DEV_E13_5_E14_5__reverse	balanced_ot	0.25		N	I_SPATIAL	0.01	0.005	1500	0.002932373973793701	0.0033586457477511643	0.002893188872410275	0.003818252554145513
Stereo-seq	ST_DEV_E13_5_E14_5	cross_stage	Stereo-seq::shared_developmental_series	legacy_replication	reverse	ST_DEV_E13_5_E14_5__reverse	balanced_ot	0.25		N	I_SPATIAL	0.005	0.0025	1500	0.001461298266519053	0.0016746891545242565	0.0014424784516069674	0.0019041404336179594
Stereo-seq	ST_DEV_E13_5_E14_5	cross_stage	Stereo-seq::shared_developmental_series	legacy_replication	reverse	ST_DEV_E13_5_E14_5__reverse	balanced_ot	0.25		N	I_SPATIAL	0.0025	0.00125	1500	0.0007294934756659733	0.0008361630747542786	0.0007202148456844312	0.0009508007050417331
Stereo-seq	ST_DEV_E13_5_E14_5	cross_stage	Stereo-seq::shared_developmental_series	legacy_replication	reverse	ST_DEV_E13_5_E14_5__reverse	balanced_ot	0.25		N	I_SPATIAL	0.00125	0.000625	1500	0.000364524385033193	0.00041777780405175696	0.00035985191544938807	0.0004750835319754531
Stereo-seq	ST_DEV_E14_5_E15_5	cross_stage	Stereo-seq::shared_developmental_series	legacy_replication	forward	ST_DEV_E14_5_E15_5	uot	0.25	2.0	R	I_EXPR	0.02	0.01	1500	0.0011688320477757162	0.0015194058265731174	0.0012079208131141827	0.004641556332476555
Stereo-seq	ST_DEV_E14_5_E15_5	cross_stage	Stereo-seq::shared_developmental_series	legacy_replication	forward	ST_DEV_E14_5_E15_5	uot	0.25	2.0	R	I_EXPR	0.01	0.005	1500	0.0005842577108319455	0.000759948988257458	0.0006038480982334459	0.0023209620058895477
Stereo-seq	ST_DEV_E14_5_E15_5	cross_stage	Stereo-seq::shared_developmental_series	legacy_replication	forward	ST_DEV_E14_5_E15_5	uot	0.25	2.0	R	I_EXPR	0.005	0.0025	1500	0.00029211166274779627	0.0003800355169014704	0.0003018959524912155	0.0011605097636368652
Stereo-seq	ST_DEV_E14_5_E15_5	cross_stage	Stereo-seq::shared_developmental_series	legacy_replication	forward	ST_DEV_E14_5_E15_5	uot	0.25	2.0	R	I_EXPR	0.0025	0.00125	1500	0.00014605153013237774	0.00019003294984443967	0.00015094094957007	0.000580259822355099
Stereo-seq	ST_DEV_E14_5_E15_5	cross_stage	Stereo-seq::shared_developmental_series	legacy_replication	forward	ST_DEV_E14_5_E15_5	uot	0.25	2.0	R	I_EXPR	0.00125	0.000625	1500	7.302468714529025e-05	9.502027222858838e-05	7.54687174303226e-05	0.0002901307573181256
Stereo-seq	ST_DEV_E14_5_E15_5	cross_stage	Stereo-seq::shared_developmental_series	legacy_replication	forward	ST_DEV_E14_5_E15_5	uot	0.25	2.0	R	I_SPATIAL	0.02	0.01	1500	0.005957013396586406	0.006614682486625436	0.005843348409078746	0.007413929594112236
Stereo-seq	ST_DEV_E14_5_E15_5	cross_stage	Stereo-seq::shared_developmental_series	legacy_replication	forward	ST_DEV_E14_5_E15_5	uot	0.25	2.0	R	I_SPATIAL	0.01	0.005	1500	0.002958655931991715	0.0032893367500672287	0.002904386613257066	0.0036814548838524632
Stereo-seq	ST_DEV_E14_5_E15_5	cross_stage	Stereo-seq::shared_developmental_series	legacy_replication	forward	ST_DEV_E14_5_E15_5	uot	0.25	2.0	R	I_SPATIAL	0.005	0.0025	1500	0.0014747394828390425	0.0016392116569275018	0.001447913495219889	0.0018343898962088145
Stereo-seq	ST_DEV_E14_5_E15_5	cross_stage	Stereo-seq::shared_developmental_series	legacy_replication	forward	ST_DEV_E14_5_E15_5	uot	0.25	2.0	R	I_SPATIAL	0.0025	0.00125	1500	0.0007360969594871391	0.0008182396738007665	0.0007228920400748129	0.0009156154329394945
Stereo-seq	ST_DEV_E14_5_E15_5	cross_stage	Stereo-seq::shared_developmental_series	legacy_replication	forward	ST_DEV_E14_5_E15_5	uot	0.25	2.0	R	I_SPATIAL	0.00125	0.000625	1500	0.00036770695779805656	0.00040883547412089226	0.0003611805010094987	0.00045741462482323434
Stereo-seq	ST_DEV_E14_5_E15_5	cross_stage	Stereo-seq::shared_developmental_series	legacy_replication	forward	ST_DEV_E14_5_E15_5	uot	0.25	2.0	N	I_EXPR	0.02	0.01	1500	0.004812237655224594	0.005581387309620332	0.0047844252089227525	0.006447797763065245
Stereo-seq	ST_DEV_E14_5_E15_5	cross_stage	Stereo-seq::shared_developmental_series	legacy_replication	forward	ST_DEV_E14_5_E15_5	uot	0.25	2.0	N	I_EXPR	0.01	0.005	1500	0.0024224384245041227	0.0028121689965344317	0.0024058395436082625	0.003245591345608396
Stereo-seq	ST_DEV_E14_5_E15_5	cross_stage	Stereo-seq::shared_developmental_series	legacy_replication	forward	ST_DEV_E14_5_E15_5	uot	0.25	2.0	N	I_EXPR	0.005	0.0025	1500	0.0012146071760042744	0.0014100140356309656	0.001206359614854861	0.0016282385336765035
Stereo-seq	ST_DEV_E14_5_E15_5	cross_stage	Stereo-seq::shared_developmental_series	legacy_replication	forward	ST_DEV_E14_5_E15_5	uot	0.25	2.0	N	I_EXPR	0.0025	0.00125	1500	0.0006080645582799999	0.0007058906730377558	0.0006040440146284763	0.000815480236484898
Stereo-seq	ST_DEV_E14_5_E15_5	cross_stage	Stereo-seq::shared_developmental_series	legacy_replication	forward	ST_DEV_E14_5_E15_5	uot	0.25	2.0	N	I_EXPR	0.00125	0.000625	1500	0.00030424633074387395	0.0003531645104811081	0.0003022385976113426	0.00040808069641083943
Stereo-seq	ST_DEV_E14_5_E15_5	cross_stage	Stereo-seq::shared_developmental_series	legacy_replication	forward	ST_DEV_E14_5_E15_5	uot	0.25	2.0	N	I_SPATIAL	0.02	0.01	1500	0.0049376745921094044	0.005727132608471122	0.004895604112618292	0.0066229031810329676
Stereo-seq	ST_DEV_E14_5_E15_5	cross_stage	Stereo-seq::shared_developmental_series	legacy_replication	forward	ST_DEV_E14_5_E15_5	uot	0.25	2.0	N	I_SPATIAL	0.01	0.005	1500	0.002449945463619227	0.0028458579642256445	0.0024336309147820145	0.003289310417685979
Stereo-seq	ST_DEV_E14_5_E15_5	cross_stage	Stereo-seq::shared_developmental_series	legacy_replication	forward	ST_DEV_E14_5_E15_5	uot	0.25	2.0	N	I_SPATIAL	0.005	0.0025	1500	0.0012214456863899362	0.001418129476129308	0.0012133073407617856	0.001639163560019844
Stereo-seq	ST_DEV_E14_5_E15_5	cross_stage	Stereo-seq::shared_developmental_series	legacy_replication	forward	ST_DEV_E14_5_E15_5	uot	0.25	2.0	N	I_SPATIAL	0.0025	0.00125	1500	0.0006097719198341411	0.0007077414936570848	0.0006057809641270117	0.0008182110679595454
Stereo-seq	ST_DEV_E14_5_E15_5	cross_stage	Stereo-seq::shared_developmental_series	legacy_replication	forward	ST_DEV_E14_5_E15_5	uot	0.25	2.0	N	I_SPATIAL	0.00125	0.000625	1500	0.0003046616879466104	0.00035362032935636967	0.00030267282827045773	0.0004087632841997644
Stereo-seq	ST_DEV_E14_5_E15_5	cross_stage	Stereo-seq::shared_developmental_series	legacy_replication	forward	ST_DEV_E14_5_E15_5	row_softmax	0.25		R	I_EXPR	0.02	0.01	1500	0.0031548866715637464	0.003618625325443952	0.003168762691485554	0.004120513830131434
Stereo-seq	ST_DEV_E14_5_E15_5	cross_stage	Stereo-seq::shared_developmental_series	legacy_replication	forward	ST_DEV_E14_5_E15_5	row_softmax	0.25		R	I_EXPR	0.01	0.005	1500	0.0015737636509496318	0.001803155098728263	0.0015801383907286185	0.002053234236019627
Stereo-seq	ST_DEV_E14_5_E15_5	cross_stage	Stereo-seq::shared_developmental_series	legacy_replication	forward	ST_DEV_E14_5_E15_5	row_softmax	0.25		R	I_EXPR	0.005	0.0025	1500	0.0007859139840371691	0.0009003930001958663	0.0007890133781830338	0.0010248708950463777
Stereo-seq	ST_DEV_E14_5_E15_5	cross_stage	Stereo-seq::shared_developmental_series	legacy_replication	forward	ST_DEV_E14_5_E15_5	row_softmax	0.25		R	I_EXPR	0.0025	0.00125	1500	0.00039269866275143893	0.0004498855338063031	0.0003942433705962424	0.0005120000759219796
Stereo-seq	ST_DEV_E14_5_E15_5	cross_stage	Stereo-seq::shared_developmental_series	legacy_replication	forward	ST_DEV_E14_5_E15_5	row_softmax	0.25		R	I_EXPR	0.00125	0.000625	1500	0.00019627868342973176	0.0002248461175795389	0.00019705593465164554	0.0002558912496759117
Stereo-seq	ST_DEV_E14_5_E15_5	cross_stage	Stereo-seq::shared_developmental_series	legacy_replication	forward	ST_DEV_E14_5_E15_5	row_softmax	0.25		R	I_SPATIAL	0.02	0.01	1500	0.005895595234873285	0.0065877956170765075	0.005657489870595621	0.007258749715382856
Stereo-seq	ST_DEV_E14_5_E15_5	cross_stage	Stereo-seq::shared_developmental_series	legacy_replication	forward	ST_DEV_E14_5_E15_5	row_softmax	0.25		R	I_SPATIAL	0.01	0.005	1500	0.002928849034375914	0.0032668140642220563	0.0028120044161897544	0.0036025712239590737
Stereo-seq	ST_DEV_E14_5_E15_5	cross_stage	Stereo-seq::shared_developmental_series	legacy_replication	forward	ST_DEV_E14_5_E15_5	row_softmax	0.25		R	I_SPATIAL	0.005	0.0025	1500	0.0014599199564569545	0.0016261015611002212	0.0014018563912357577	0.0017946479292387028
Stereo-seq	ST_DEV_E14_5_E15_5	cross_stage	Stereo-seq::shared_developmental_series	legacy_replication	forward	ST_DEV_E14_5_E15_5	row_softmax	0.25		R	I_SPATIAL	0.0025	0.00125	1500	0.0007287194811914054	0.0008115969254907279	0.000699896531880909	0.0008956719990336394
Stereo-seq	ST_DEV_E14_5_E15_5	cross_stage	Stereo-seq::shared_developmental_series	legacy_replication	forward	ST_DEV_E14_5_E15_5	row_softmax	0.25		R	I_SPATIAL	0.00125	0.000625	1500	0.0003640481189984107	0.00040541745714064146	0.00034969094591373725	0.00044742368193081733
Stereo-seq	ST_DEV_E14_5_E15_5	cross_stage	Stereo-seq::shared_developmental_series	legacy_replication	forward	ST_DEV_E14_5_E15_5	row_softmax	0.25		N	I_EXPR	0.02	0.01	1500	0.006917349888386779	0.007880619681279274	0.006755406547008199	0.008986842143844617
Stereo-seq	ST_DEV_E14_5_E15_5	cross_stage	Stereo-seq::shared_developmental_series	legacy_replication	forward	ST_DEV_E14_5_E15_5	row_softmax	0.25		N	I_EXPR	0.01	0.005	1500	0.0034731699965470588	0.003955729799803371	0.0033900717420646343	0.0045075701794058025
Stereo-seq	ST_DEV_E14_5_E15_5	cross_stage	Stereo-seq::shared_developmental_series	legacy_replication	forward	ST_DEV_E14_5_E15_5	row_softmax	0.25		N	I_EXPR	0.005	0.0025	1500	0.0017406846021784962	0.001981973956263619	0.0016981675892753063	0.002257363539263719
Stereo-seq	ST_DEV_E14_5_E15_5	cross_stage	Stereo-seq::shared_developmental_series	legacy_replication	forward	ST_DEV_E14_5_E15_5	row_softmax	0.25		N	I_EXPR	0.0025	0.00125	1500	0.0008711871165556189	0.0009924408616057007	0.0008498718411329671	0.0011295757416838847
Stereo-seq	ST_DEV_E14_5_E15_5	cross_stage	Stereo-seq::shared_developmental_series	legacy_replication	forward	ST_DEV_E14_5_E15_5	row_softmax	0.25		N	I_EXPR	0.00125	0.000625	1500	0.0004358024065624623	0.0004965784603063139	0.00042513354855132753	0.000565011416211756
Stereo-seq	ST_DEV_E14_5_E15_5	cross_stage	Stereo-seq::shared_developmental_series	legacy_replication	forward	ST_DEV_E14_5_E15_5	row_softmax	0.25		N	I_SPATIAL	0.02	0.01	1500	0.00703417463251952	0.008024144638782241	0.006856944741551101	0.009102199613782388
Stereo-seq	ST_DEV_E14_5_E15_5	cross_stage	Stereo-seq::shared_developmental_series	legacy_replication	forward	ST_DEV_E14_5_E15_5	row_softmax	0.25		N	I_SPATIAL	0.01	0.005	1500	0.0035036163311042805	0.003995874388816879	0.0034154509494935315	0.004536443049829525
Stereo-seq	ST_DEV_E14_5_E15_5	cross_stage	Stereo-seq::shared_developmental_series	legacy_replication	forward	ST_DEV_E14_5_E15_5	row_softmax	0.25		N	I_SPATIAL	0.005	0.0025	1500	0.0017477203554465033	0.0019937379572719394	0.0017045121600952717	0.002264554928600584
Stereo-seq	ST_DEV_E14_5_E15_5	cross_stage	Stereo-seq::shared_developmental_series	legacy_replication	forward	ST_DEV_E14_5_E15_5	row_softmax	0.25		N	I_SPATIAL	0.0025	0.00125	1500	0.000872875948483658	0.000995193520545298	0.0008514579382065387	0.001131365882516388
Stereo-seq	ST_DEV_E14_5_E15_5	cross_stage	Stereo-seq::shared_developmental_series	legacy_replication	forward	ST_DEV_E14_5_E15_5	row_softmax	0.25		N	I_SPATIAL	0.00125	0.000625	1500	0.0004362386052561494	0.0004973381560985573	0.0004255300875566237	0.000565458947101032
Stereo-seq	ST_DEV_E14_5_E15_5	cross_stage	Stereo-seq::shared_developmental_series	legacy_replication	forward	ST_DEV_E14_5_E15_5	balanced_ot	0.25		R	I_EXPR	0.02	0.01	1500	0.0008822540126304698	0.001220261956492092	0.0009395555469862756	0.006301742439755582
Stereo-seq	ST_DEV_E14_5_E15_5	cross_stage	Stereo-seq::shared_developmental_series	legacy_replication	forward	ST_DEV_E14_5_E15_5	balanced_ot	0.25		R	I_EXPR	0.01	0.005	1500	0.00044117555371787204	0.0006099314010487344	0.000469736822398677	0.0031421739791292706
Stereo-seq	ST_DEV_E14_5_E15_5	cross_stage	Stereo-seq::shared_developmental_series	legacy_replication	forward	ST_DEV_E14_5_E15_5	balanced_ot	0.25		R	I_EXPR	0.005	0.0025	1500	0.00022058479278409292	0.00030496301749508454	0.0002348573715550016	0.0015688452851426269
Stereo-seq	ST_DEV_E14_5_E15_5	cross_stage	Stereo-seq::shared_developmental_series	legacy_replication	forward	ST_DEV_E14_5_E15_5	balanced_ot	0.25		R	I_EXPR	0.0025	0.00125	1500	0.00011029653854606567	0.00015244693319032803	0.00011742583094224963	0.0007838531436284228
Stereo-seq	ST_DEV_E14_5_E15_5	cross_stage	Stereo-seq::shared_developmental_series	legacy_replication	forward	ST_DEV_E14_5_E15_5	balanced_ot	0.25		R	I_EXPR	0.00125	0.000625	1500	5.514566113114236e-05	7.621431986018478e-05	5.871219241177089e-05	0.0003917830416528759
Stereo-seq	ST_DEV_E14_5_E15_5	cross_stage	Stereo-seq::shared_developmental_series	legacy_replication	forward	ST_DEV_E14_5_E15_5	balanced_ot	0.25		R	I_SPATIAL	0.02	0.01	1500	0.00578014151372905	0.006418488705764642	0.0056674699564669	0.0072200329076271596
Stereo-seq	ST_DEV_E14_5_E15_5	cross_stage	Stereo-seq::shared_developmental_series	legacy_replication	forward	ST_DEV_E14_5_E15_5	balanced_ot	0.25		R	I_SPATIAL	0.01	0.005	1500	0.0028737036658007097	0.003191647194984938	0.0028173076917347947	0.0035864187444660535
Stereo-seq	ST_DEV_E14_5_E15_5	cross_stage	Stereo-seq::shared_developmental_series	legacy_replication	forward	ST_DEV_E14_5_E15_5	balanced_ot	0.25		R	I_SPATIAL	0.005	0.0025	1500	0.0014327512426005147	0.0015907677787036815	0.0014045868921154154	0.001787345905781929
Stereo-seq	ST_DEV_E14_5_E15_5	cross_stage	Stereo-seq::shared_developmental_series	legacy_replication	forward	ST_DEV_E14_5_E15_5	balanced_ot	0.25		R	I_SPATIAL	0.0025	0.00125	1500	0.0007149985977837301	0.0007942309054693232	0.0007012814972035238	0.0008922111955774794
Stereo-seq	ST_DEV_E14_5_E15_5	cross_stage	Stereo-seq::shared_developmental_series	legacy_replication	forward	ST_DEV_E14_5_E15_5	balanced_ot	0.25		R	I_SPATIAL	0.00125	0.000625	1500	0.00035720378160651524	0.00039689060266314	0.0003503883664082257	0.0004457404801669122
Stereo-seq	ST_DEV_E14_5_E15_5	cross_stage	Stereo-seq::shared_developmental_series	legacy_replication	forward	ST_DEV_E14_5_E15_5	balanced_ot	0.25		N	I_EXPR	0.02	0.01	1500	0.005594584635952046	0.006450605284520432	0.005535805304503536	0.007739712762400695
Stereo-seq	ST_DEV_E14_5_E15_5	cross_stage	Stereo-seq::shared_developmental_series	legacy_replication	forward	ST_DEV_E14_5_E15_5	balanced_ot	0.25		N	I_EXPR	0.01	0.005	1500	0.002812199031770918	0.0032438461498158332	0.0027831481390282737	0.0038946710723771314
Stereo-seq	ST_DEV_E14_5_E15_5	cross_stage	Stereo-seq::shared_developmental_series	legacy_replication	forward	ST_DEV_E14_5_E15_5	balanced_ot	0.25		N	I_EXPR	0.005	0.0025	1500	0.0014096646577793901	0.001627442579099149	0.0013954208658627568	0.0019535853186627124
Stereo-seq	ST_DEV_E14_5_E15_5	cross_stage	Stereo-seq::shared_developmental_series	legacy_replication	forward	ST_DEV_E14_5_E15_5	balanced_ot	0.25		N	I_EXPR	0.0025	0.00125	1500	0.0007057457588238724	0.0008150905076198238	0.0006986765394193923	0.0009783622286164738
Stereo-seq	ST_DEV_E14_5_E15_5	cross_stage	Stereo-seq::shared_developmental_series	legacy_replication	forward	ST_DEV_E14_5_E15_5	balanced_ot	0.25		N	I_EXPR	0.00125	0.000625	1500	0.0003531345218177702	0.00040790659627035046	0.00034958036804111055	0.0004895734075204404
Stereo-seq	ST_DEV_E14_5_E15_5	cross_stage	Stereo-seq::shared_developmental_series	legacy_replication	forward	ST_DEV_E14_5_E15_5	balanced_ot	0.25		N	I_SPATIAL	0.02	0.01	1500	0.005710229290994607	0.006617972783282674	0.005660082324557241	0.007941014415185558
Stereo-seq	ST_DEV_E14_5_E15_5	cross_stage	Stereo-seq::shared_developmental_series	legacy_replication	forward	ST_DEV_E14_5_E15_5	balanced_ot	0.25		N	I_SPATIAL	0.01	0.005	1500	0.0028423222132018845	0.003286378947096683	0.0028142114292346748	0.003944953653935386
Stereo-seq	ST_DEV_E14_5_E15_5	cross_stage	Stereo-seq::shared_developmental_series	legacy_replication	forward	ST_DEV_E14_5_E15_5	balanced_ot	0.25		N	I_SPATIAL	0.005	0.0025	1500	0.0014176206075490793	0.0016377720419196119	0.0014031861242558754	0.0019661536945198947
Stereo-seq	ST_DEV_E14_5_E15_5	cross_stage	Stereo-seq::shared_developmental_series	legacy_replication	forward	ST_DEV_E14_5_E15_5	balanced_ot	0.25		N	I_SPATIAL	0.0025	0.00125	1500	0.0007078660212672409	0.0008177628210199448	0.0007006178369990654	0.0009815028381577435
Stereo-seq	ST_DEV_E14_5_E15_5	cross_stage	Stereo-seq::shared_developmental_series	legacy_replication	forward	ST_DEV_E14_5_E15_5	balanced_ot	0.25		N	I_SPATIAL	0.00125	0.000625	1500	0.0003536853524441528	0.0004085229989547985	0.0003500656840468313	0.0004903584980372956
Stereo-seq	ST_DEV_E14_5_E15_5	cross_stage	Stereo-seq::shared_developmental_series	legacy_replication	reverse	ST_DEV_E14_5_E15_5__reverse	uot	0.25	2.0	R	I_EXPR	0.02	0.01	1500	0.0010868150601361821	0.0015838594965323024	0.001159827162452712	0.003799853961076194
Stereo-seq	ST_DEV_E14_5_E15_5	cross_stage	Stereo-seq::shared_developmental_series	legacy_replication	reverse	ST_DEV_E14_5_E15_5__reverse	uot	0.25	2.0	R	I_EXPR	0.01	0.005	1500	0.0005435245362111945	0.0007921087446646501	0.0005798851860330572	0.0018965026202168956
Stereo-seq	ST_DEV_E14_5_E15_5	cross_stage	Stereo-seq::shared_developmental_series	legacy_replication	reverse	ST_DEV_E14_5_E15_5__reverse	uot	0.25	2.0	R	I_EXPR	0.005	0.0025	1500	0.00027181188671712296	0.00039619252004118017	0.0002899353950312355	0.0009473968188456574
Stereo-seq	ST_DEV_E14_5_E15_5	cross_stage	Stereo-seq::shared_developmental_series	legacy_replication	reverse	ST_DEV_E14_5_E15_5__reverse	uot	0.25	2.0	R	I_EXPR	0.0025	0.00125	1500	0.00013591354096378964	0.00019813071202708706	0.00014496588619724766	0.00047348498621331445
Stereo-seq	ST_DEV_E14_5_E15_5	cross_stage	Stereo-seq::shared_developmental_series	legacy_replication	reverse	ST_DEV_E14_5_E15_5__reverse	uot	0.25	2.0	R	I_EXPR	0.00125	0.000625	1500	6.795866301402049e-05	9.906895292475524e-05	7.248248822154379e-05	0.00023668916160249527
Stereo-seq	ST_DEV_E14_5_E15_5	cross_stage	Stereo-seq::shared_developmental_series	legacy_replication	reverse	ST_DEV_E14_5_E15_5__reverse	uot	0.25	2.0	R	I_SPATIAL	0.02	0.01	1500	0.0058784543938097235	0.006700360478730884	0.0058351376086576345	0.007478512434383653
Stereo-seq	ST_DEV_E14_5_E15_5	cross_stage	Stereo-seq::shared_developmental_series	legacy_replication	reverse	ST_DEV_E14_5_E15_5__reverse	uot	0.25	2.0	R	I_SPATIAL	0.01	0.005	1500	0.0029200340870592302	0.0033288517489727734	0.002900366076554068	0.0037168956823996294
Stereo-seq	ST_DEV_E14_5_E15_5	cross_stage	Stereo-seq::shared_developmental_series	legacy_replication	reverse	ST_DEV_E14_5_E15_5__reverse	uot	0.25	2.0	R	I_SPATIAL	0.005	0.0025	1500	0.0014555961371752833	0.0016590835145439322	0.0014459241934940588	0.001852879344497577
Stereo-seq	ST_DEV_E14_5_E15_5	cross_stage	Stereo-seq::shared_developmental_series	legacy_replication	reverse	ST_DEV_E14_5_E15_5__reverse	uot	0.25	2.0	R	I_SPATIAL	0.0025	0.00125	1500	0.0007266631934548919	0.0008282989937361231	0.00072190258546118	0.000925051442184649
Stereo-seq	ST_DEV_E14_5_E15_5	cross_stage	Stereo-seq::shared_developmental_series	legacy_replication	reverse	ST_DEV_E14_5_E15_5__reverse	uot	0.25	2.0	R	I_SPATIAL	0.00125	0.000625	1500	0.0003630670386679349	0.0004138865741309039	0.0003606870683048066	0.00046217878780946197
Stereo-seq	ST_DEV_E14_5_E15_5	cross_stage	Stereo-seq::shared_developmental_series	legacy_replication	reverse	ST_DEV_E14_5_E15_5__reverse	uot	0.25	2.0	N	I_EXPR	0.02	0.01	1500	0.004702419039812799	0.005750614936636243	0.0047702341371754445	0.007084102320166956
Stereo-seq	ST_DEV_E14_5_E15_5	cross_stage	Stereo-seq::shared_developmental_series	legacy_replication	reverse	ST_DEV_E14_5_E15_5__reverse	uot	0.25	2.0	N	I_EXPR	0.01	0.005	1500	0.002364539016730301	0.0028977548704450886	0.002398463410823562	0.003559833939910237
Stereo-seq	ST_DEV_E14_5_E15_5	cross_stage	Stereo-seq::shared_developmental_series	legacy_replication	reverse	ST_DEV_E14_5_E15_5__reverse	uot	0.25	2.0	N	I_EXPR	0.005	0.0025	1500	0.0011858002793625785	0.0014550247736292248	0.0012026003663827393	0.001784384805880441
Stereo-seq	ST_DEV_E14_5_E15_5	cross_stage	Stereo-seq::shared_developmental_series	legacy_replication	reverse	ST_DEV_E14_5_E15_5__reverse	uot	0.25	2.0	N	I_EXPR	0.0025	0.00125	1500	0.0005936704188810391	0.0007286977922320991	0.000602146468420576	0.0008933117134017832
Stereo-seq	ST_DEV_E14_5_E15_5	cross_stage	Stereo-seq::shared_developmental_series	legacy_replication	reverse	ST_DEV_E14_5_E15_5__reverse	uot	0.25	2.0	N	I_EXPR	0.00125	0.000625	1500	0.0002970307834850456	0.0003647293199539979	0.00030128532758509803	0.0004469357268742349
Stereo-seq	ST_DEV_E14_5_E15_5	cross_stage	Stereo-seq::shared_developmental_series	legacy_replication	reverse	ST_DEV_E14_5_E15_5__reverse	uot	0.25	2.0	N	I_SPATIAL	0.02	0.01	1500	0.004808698371866782	0.005912605282430244	0.004879103971423863	0.007227974089874927
Stereo-seq	ST_DEV_E14_5_E15_5	cross_stage	Stereo-seq::shared_developmental_series	legacy_replication	reverse	ST_DEV_E14_5_E15_5__reverse	uot	0.25	2.0	N	I_SPATIAL	0.01	0.005	1500	0.0023897484140734167	0.002937016611450163	0.00242567754855122	0.003595759206760572
Stereo-seq	ST_DEV_E14_5_E15_5	cross_stage	Stereo-seq::shared_developmental_series	legacy_replication	reverse	ST_DEV_E14_5_E15_5__reverse	uot	0.25	2.0	N	I_SPATIAL	0.005	0.0025	1500	0.001191996473400307	0.0014641618103017218	0.001209403779903643	0.00179335425663693
Stereo-seq	ST_DEV_E14_5_E15_5	cross_stage	Stereo-seq::shared_developmental_series	legacy_replication	reverse	ST_DEV_E14_5_E15_5__reverse	uot	0.25	2.0	N	I_SPATIAL	0.0025	0.00125	1500	0.0005952277708224274	0.0007310394874230556	0.00060384733323309	0.0008955522356950686
Stereo-seq	ST_DEV_E14_5_E15_5	cross_stage	Stereo-seq::shared_developmental_series	legacy_replication	reverse	ST_DEV_E14_5_E15_5__reverse	uot	0.25	2.0	N	I_SPATIAL	0.00125	0.000625	1500	0.0002974383568111982	0.00036525971497453937	0.0003017105367170322	0.0004474959688364034
Stereo-seq	ST_DEV_E14_5_E15_5	cross_stage	Stereo-seq::shared_developmental_series	legacy_replication	reverse	ST_DEV_E14_5_E15_5__reverse	row_softmax	0.25		R	I_EXPR	0.02	0.01	1500	0.0014058898314523896	0.001711311630272578	0.0014309765166169886	0.002413010733750384
Stereo-seq	ST_DEV_E14_5_E15_5	cross_stage	Stereo-seq::shared_developmental_series	legacy_replication	reverse	ST_DEV_E14_5_E15_5__reverse	row_softmax	0.25		R	I_EXPR	0.01	0.005	1500	0.0007021043421453295	0.0008541260688799079	0.0007146531419706393	0.0012069743732208583
Stereo-seq	ST_DEV_E14_5_E15_5	cross_stage	Stereo-seq::shared_developmental_series	legacy_replication	reverse	ST_DEV_E14_5_E15_5__reverse	row_softmax	0.25		R	I_EXPR	0.005	0.0025	1500	0.0003508801536367507	0.0004266910221095602	0.0003571191396205552	0.0006036027653694862
Stereo-seq	ST_DEV_E14_5_E15_5	cross_stage	Stereo-seq::shared_developmental_series	legacy_replication	reverse	ST_DEV_E14_5_E15_5__reverse	row_softmax	0.25		R	I_EXPR	0.0025	0.00125	1500	0.00017539709795386652	0.00021329088885258302	0.00017850787829167886	0.0003018299590403328
Stereo-seq	ST_DEV_E14_5_E15_5	cross_stage	Stereo-seq::shared_developmental_series	legacy_replication	reverse	ST_DEV_E14_5_E15_5__reverse	row_softmax	0.25		R	I_EXPR	0.00125	0.000625	1500	8.768780589524395e-05	0.00010662218272848161	8.924103626661041e-05	0.00015092208403302634
Stereo-seq	ST_DEV_E14_5_E15_5	cross_stage	Stereo-seq::shared_developmental_series	legacy_replication	reverse	ST_DEV_E14_5_E15_5__reverse	row_softmax	0.25		R	I_SPATIAL	0.02	0.01	1500	0.005777513217245515	0.006437953445934512	0.005635874438841294	0.00717824256767709
Stereo-seq	ST_DEV_E14_5_E15_5	cross_stage	Stereo-seq::shared_developmental_series	legacy_replication	reverse	ST_DEV_E14_5_E15_5__reverse	row_softmax	0.25		R	I_SPATIAL	0.01	0.005	1500	0.00287293917873276	0.0031969655264829514	0.0028017408068869436	0.0035622087175710008
Stereo-seq	ST_DEV_E14_5_E15_5	cross_stage	Stereo-seq::shared_developmental_series	legacy_replication	reverse	ST_DEV_E14_5_E15_5__reverse	row_softmax	0.25		R	I_SPATIAL	0.005	0.0025	1500	0.0014320014332065785	0.0015925613045299138	0.0013968578787582082	0.001774437109354416
Stereo-seq	ST_DEV_E14_5_E15_5	cross_stage	Stereo-seq::shared_developmental_series	legacy_replication	reverse	ST_DEV_E14_5_E15_5__reverse	row_softmax	0.25		R	I_SPATIAL	0.0025	0.00125	1500	0.0007147857916869748	0.0007949402937754478	0.0006974302628950796	0.0008855644331456793
Stereo-seq	ST_DEV_E14_5_E15_5	cross_stage	Stereo-seq::shared_developmental_series	legacy_replication	reverse	ST_DEV_E14_5_E15_5__reverse	row_softmax	0.25		R	I_SPATIAL	0.00125	0.000625	1500	0.0003571341558809469	0.00039718621729931407	0.00034846601500444037	0.000442370436010848
Stereo-seq	ST_DEV_E14_5_E15_5	cross_stage	Stereo-seq::shared_developmental_series	legacy_replication	reverse	ST_DEV_E14_5_E15_5__reverse	row_softmax	0.25		N	I_EXPR	0.02	0.01	1500	0.0057585646868863975	0.0065423828376004415	0.005692270974899803	0.00726554580288602
Stereo-seq	ST_DEV_E14_5_E15_5	cross_stage	Stereo-seq::shared_developmental_series	legacy_replication	reverse	ST_DEV_E14_5_E15_5__reverse	row_softmax	0.25		N	I_EXPR	0.01	0.005	1500	0.002893803335205394	0.0032902967129938465	0.0028608825130077083	0.0036561165786187567
Stereo-seq	ST_DEV_E14_5_E15_5	cross_stage	Stereo-seq::shared_developmental_series	legacy_replication	reverse	ST_DEV_E14_5_E15_5__reverse	row_softmax	0.25		N	I_EXPR	0.005	0.0025	1500	0.0014509387657210683	0.0016498236382528867	0.0014341618763202212	0.0018339091764633317
Stereo-seq	ST_DEV_E14_5_E15_5	cross_stage	Stereo-seq::shared_developmental_series	legacy_replication	reverse	ST_DEV_E14_5_E15_5__reverse	row_softmax	0.25		N	I_EXPR	0.0025	0.00125	1500	0.0007266025599295253	0.0008263236470540039	0.000718015409561574	0.0009184176639362839
Stereo-seq	ST_DEV_E14_5_E15_5	cross_stage	Stereo-seq::shared_developmental_series	legacy_replication	reverse	ST_DEV_E14_5_E15_5__reverse	row_softmax	0.25		N	I_EXPR	0.00125	0.000625	1500	0.0003636018152323857	0.0004134844409346476	0.0003592418729938506	0.00045957505966830376
Stereo-seq	ST_DEV_E14_5_E15_5	cross_stage	Stereo-seq::shared_developmental_series	legacy_replication	reverse	ST_DEV_E14_5_E15_5__reverse	row_softmax	0.25		N	I_SPATIAL	0.02	0.01	1500	0.005881721110155003	0.006701454117962385	0.0058124452344667146	0.007453555362485479
Stereo-seq	ST_DEV_E14_5_E15_5	cross_stage	Stereo-seq::shared_developmental_series	legacy_replication	reverse	ST_DEV_E14_5_E15_5__reverse	row_softmax	0.25		N	I_SPATIAL	0.01	0.005	1500	0.0029264644969210574	0.0033302422751153404	0.0028909234556391042	0.0037030906005035575
Stereo-seq	ST_DEV_E14_5_E15_5	cross_stage	Stereo-seq::shared_developmental_series	legacy_replication	reverse	ST_DEV_E14_5_E15_5__reverse	row_softmax	0.25		N	I_SPATIAL	0.005	0.0025	1500	0.001459554488375188	0.0016601482841042171	0.0014416721252084837	0.0018456472967690227
Stereo-seq	ST_DEV_E14_5_E15_5	cross_stage	Stereo-seq::shared_developmental_series	legacy_replication	reverse	ST_DEV_E14_5_E15_5__reverse	row_softmax	0.25		N	I_SPATIAL	0.0025	0.00125	1500	0.000728847077072731	0.0008288329381703618	0.0007198929862015938	0.0009213516092037422
Stereo-seq	ST_DEV_E14_5_E15_5	cross_stage	Stereo-seq::shared_developmental_series	legacy_replication	reverse	ST_DEV_E14_5_E15_5__reverse	row_softmax	0.25		N	I_SPATIAL	0.00125	0.000625	1500	0.0003641851741416105	0.0004141069850389876	0.0003597112636300359	0.0004603081058399183
Stereo-seq	ST_DEV_E14_5_E15_5	cross_stage	Stereo-seq::shared_developmental_series	legacy_replication	reverse	ST_DEV_E14_5_E15_5__reverse	balanced_ot	0.25		R	I_EXPR	0.02	0.01	1500	0.0009137211042137534	0.0012458742362756719	0.000977789205862661	0.006712825059954328
Stereo-seq	ST_DEV_E14_5_E15_5	cross_stage	Stereo-seq::shared_developmental_series	legacy_replication	reverse	ST_DEV_E14_5_E15_5__reverse	balanced_ot	0.25		R	I_EXPR	0.01	0.005	1500	0.0004571162885265482	0.0006219952381904621	0.0004888874319323476	0.0033479305151171064
Stereo-seq	ST_DEV_E14_5_E15_5	cross_stage	Stereo-seq::shared_developmental_series	legacy_replication	reverse	ST_DEV_E14_5_E15_5__reverse	balanced_ot	0.25		R	I_EXPR	0.005	0.0025	1500	0.00022854875236726535	0.0003108402993073027	0.0002444413494911799	0.0016717476626990917
Stereo-seq	ST_DEV_E14_5_E15_5	cross_stage	Stereo-seq::shared_developmental_series	legacy_replication	reverse	ST_DEV_E14_5_E15_5__reverse	balanced_ot	0.25		R	I_EXPR	0.0025	0.00125	1500	0.00011426238059781342	0.00015541842062589807	0.00012222001565768392	0.000835307287376337
Stereo-seq	ST_DEV_E14_5_E15_5	cross_stage	Stereo-seq::shared_developmental_series	legacy_replication	reverse	ST_DEV_E14_5_E15_5__reverse	balanced_ot	0.25		R	I_EXPR	0.00125	0.000625	1500	5.7124677783015914e-05	7.770877248825237e-05	6.110988046679522e-05	0.00041751043014704933
Stereo-seq	ST_DEV_E14_5_E15_5	cross_stage	Stereo-seq::shared_developmental_series	legacy_replication	reverse	ST_DEV_E14_5_E15_5__reverse	balanced_ot	0.25		R	I_SPATIAL	0.02	0.01	1500	0.005686041783011362	0.006506915990584403	0.005655230599197379	0.007177483480053362
Stereo-seq	ST_DEV_E14_5_E15_5	cross_stage	Stereo-seq::shared_developmental_series	legacy_replication	reverse	ST_DEV_E14_5_E15_5__reverse	balanced_ot	0.25		R	I_SPATIAL	0.01	0.005	1500	0.0028251842292769816	0.0032322012489097844	0.0028112537225480536	0.0035676679769760145
Stereo-seq	ST_DEV_E14_5_E15_5	cross_stage	Stereo-seq::shared_developmental_series	legacy_replication	reverse	ST_DEV_E14_5_E15_5__reverse	balanced_ot	0.25		R	I_SPATIAL	0.005	0.0025	1500	0.001408828904951939	0.001611510709415156	0.0014015761624317155	0.0017785811460445029
Stereo-seq	ST_DEV_E14_5_E15_5	cross_stage	Stereo-seq::shared_developmental_series	legacy_replication	reverse	ST_DEV_E14_5_E15_5__reverse	balanced_ot	0.25		R	I_SPATIAL	0.0025	0.00125	1500	0.0007035800517661137	0.0008045816563089966	0.000699780186696497	0.0008879802254267294
Stereo-seq	ST_DEV_E14_5_E15_5	cross_stage	Stereo-seq::shared_developmental_series	legacy_replication	reverse	ST_DEV_E14_5_E15_5__reverse	balanced_ot	0.25		R	I_SPATIAL	0.00125	0.000625	1500	0.00035146959233267654	0.0004019805730196722	0.0003496387242449599	0.00044366232155972405
Stereo-seq	ST_DEV_E14_5_E15_5	cross_stage	Stereo-seq::shared_developmental_series	legacy_replication	reverse	ST_DEV_E14_5_E15_5__reverse	balanced_ot	0.25		N	I_EXPR	0.02	0.01	1500	0.005535433536662105	0.006433472806917088	0.005514929557271122	0.00746662964730521
Stereo-seq	ST_DEV_E14_5_E15_5	cross_stage	Stereo-seq::shared_developmental_series	legacy_replication	reverse	ST_DEV_E14_5_E15_5__reverse	balanced_ot	0.25		N	I_EXPR	0.01	0.005	1500	0.0027837714885434054	0.003236536784761095	0.002772513069799893	0.003742046543118386
Stereo-seq	ST_DEV_E14_5_E15_5	cross_stage	Stereo-seq::shared_developmental_series	legacy_replication	reverse	ST_DEV_E14_5_E15_5__reverse	balanced_ot	0.25		N	I_EXPR	0.005	0.0025	1500	0.001395840363545119	0.0016246587216872687	0.0013900532037766894	0.0018731691979555498
Stereo-seq	ST_DEV_E14_5_E15_5	cross_stage	Stereo-seq::shared_developmental_series	legacy_replication	reverse	ST_DEV_E14_5_E15_5__reverse	balanced_ot	0.25		N	I_EXPR	0.0025	0.00125	1500	0.0006989915926215375	0.0008134932964128825	0.0006959800741777267	0.0009371161800842317
Stereo-seq	ST_DEV_E14_5_E15_5	cross_stage	Stereo-seq::shared_developmental_series	legacy_replication	reverse	ST_DEV_E14_5_E15_5__reverse	balanced_ot	0.25		N	I_EXPR	0.00125	0.000625	1500	0.00034977906087611956	0.00040702662782697314	0.0003482289689323155	0.00046868965452920443
Stereo-seq	ST_DEV_E14_5_E15_5	cross_stage	Stereo-seq::shared_developmental_series	legacy_replication	reverse	ST_DEV_E14_5_E15_5__reverse	balanced_ot	0.25		N	I_SPATIAL	0.02	0.01	1500	0.005662828809355865	0.006590723573003956	0.005637579097755848	0.007533027081787485
Stereo-seq	ST_DEV_E14_5_E15_5	cross_stage	Stereo-seq::shared_developmental_series	legacy_replication	reverse	ST_DEV_E14_5_E15_5__reverse	balanced_ot	0.25		N	I_SPATIAL	0.01	0.005	1500	0.002815573214943514	0.0032758766446799497	0.002803169435472628	0.0037586999915132967
Stereo-seq	ST_DEV_E14_5_E15_5	cross_stage	Stereo-seq::shared_developmental_series	legacy_replication	reverse	ST_DEV_E14_5_E15_5__reverse	balanced_ot	0.25		N	I_SPATIAL	0.005	0.0025	1500	0.0014035035450740978	0.0016339076729322136	0.0013977167252603238	0.0018773410913087841
Stereo-seq	ST_DEV_E14_5_E15_5	cross_stage	Stereo-seq::shared_developmental_series	legacy_replication	reverse	ST_DEV_E14_5_E15_5__reverse	balanced_ot	0.25		N	I_SPATIAL	0.0025	0.00125	1500	0.0007009686466619529	0.0008158098877280124	0.0006978959332627947	0.0009381589461097027
Stereo-seq	ST_DEV_E14_5_E15_5	cross_stage	Stereo-seq::shared_developmental_series	legacy_replication	reverse	ST_DEV_E14_5_E15_5__reverse	balanced_ot	0.25		N	I_SPATIAL	0.00125	0.000625	1500	0.0003502732341497221	0.0004076086799761812	0.0003487079255313334	0.00046895034710297146
Stereo-seq	ST_DEV_E15_5_E16_5	cross_stage	Stereo-seq::shared_developmental_series	legacy_replication	forward	ST_DEV_E15_5_E16_5	uot	0.25	2.0	R	I_EXPR	0.02	0.01	1500	0.0013624667150155935	0.001896699823061668	0.00140926213002868	0.0038485996211798748
Stereo-seq	ST_DEV_E15_5_E16_5	cross_stage	Stereo-seq::shared_developmental_series	legacy_replication	forward	ST_DEV_E15_5_E16_5	uot	0.25	2.0	R	I_EXPR	0.01	0.005	1500	0.000681404962475428	0.0009489259639114337	0.0007046239034718254	0.001920569741598157
Stereo-seq	ST_DEV_E15_5_E16_5	cross_stage	Stereo-seq::shared_developmental_series	legacy_replication	forward	ST_DEV_E15_5_E16_5	uot	0.25	2.0	R	I_EXPR	0.005	0.0025	1500	0.00034068370164257525	0.0004742818541647446	0.0003523097969143912	0.0009593457481399886
Stereo-seq	ST_DEV_E15_5_E16_5	cross_stage	Stereo-seq::shared_developmental_series	legacy_replication	forward	ST_DEV_E15_5_E16_5	uot	0.25	2.0	R	I_EXPR	0.0025	0.00125	1500	0.00017033874450395715	0.00023709551594918013	0.00017615431399922667	0.0004794372407699155
Stereo-seq	ST_DEV_E15_5_E16_5	cross_stage	Stereo-seq::shared_developmental_series	legacy_replication	forward	ST_DEV_E15_5_E16_5	uot	0.25	2.0	R	I_EXPR	0.00125	0.000625	1500	8.516926861607056e-05	0.00011853638953550574	8.807700730761209e-05	0.00023965960240339947
Stereo-seq	ST_DEV_E15_5_E16_5	cross_stage	Stereo-seq::shared_developmental_series	legacy_replication	forward	ST_DEV_E15_5_E16_5	uot	0.25	2.0	R	I_SPATIAL	0.02	0.01	1500	0.00595724297269513	0.006821732878012571	0.005907101839368525	0.008252105573445023
Stereo-seq	ST_DEV_E15_5_E16_5	cross_stage	Stereo-seq::shared_developmental_series	legacy_replication	forward	ST_DEV_E15_5_E16_5	uot	0.25	2.0	R	I_SPATIAL	0.01	0.005	1500	0.0029580274188362285	0.0033871069866669833	0.002935274256996582	0.004091303299133504
Stereo-seq	ST_DEV_E15_5_E16_5	cross_stage	Stereo-seq::shared_developmental_series	legacy_replication	forward	ST_DEV_E15_5_E16_5	uot	0.25	2.0	R	I_SPATIAL	0.005	0.0025	1500	0.001474261720279711	0.00168715789617811	0.0014631142834254736	0.002037014005397255
Stereo-seq	ST_DEV_E15_5_E16_5	cross_stage	Stereo-seq::shared_developmental_series	legacy_replication	forward	ST_DEV_E15_5_E16_5	uot	0.25	2.0	R	I_SPATIAL	0.0025	0.00125	1500	0.0007359101754264945	0.0008423009889477471	0.0007304321747702035	0.0010163575555422696
Stereo-seq	ST_DEV_E15_5_E16_5	cross_stage	Stereo-seq::shared_developmental_series	legacy_replication	forward	ST_DEV_E15_5_E16_5	uot	0.25	2.0	R	I_SPATIAL	0.00125	0.000625	1500	0.0003676390568823853	0.0004208489440979229	0.00036493555200931265	0.0005076430436937216
Stereo-seq	ST_DEV_E15_5_E16_5	cross_stage	Stereo-seq::shared_developmental_series	legacy_replication	forward	ST_DEV_E15_5_E16_5	uot	0.25	2.0	N	I_EXPR	0.02	0.01	1500	0.004906426656630389	0.005990395558653438	0.004940629691439353	0.007627922171836535
Stereo-seq	ST_DEV_E15_5_E16_5	cross_stage	Stereo-seq::shared_developmental_series	legacy_replication	forward	ST_DEV_E15_5_E16_5	uot	0.25	2.0	N	I_EXPR	0.01	0.005	1500	0.0024660754917342465	0.0030132201582437177	0.0024847958766688865	0.003835677734752409
Stereo-seq	ST_DEV_E15_5_E16_5	cross_stage	Stereo-seq::shared_developmental_series	legacy_replication	forward	ST_DEV_E15_5_E16_5	uot	0.25	2.0	N	I_EXPR	0.005	0.0025	1500	0.0012367551077798388	0.0015115267462382743	0.0012460551796680968	0.0019233042266850369
Stereo-seq	ST_DEV_E15_5_E16_5	cross_stage	Stereo-seq::shared_developmental_series	legacy_replication	forward	ST_DEV_E15_5_E16_5	uot	0.25	2.0	N	I_EXPR	0.0025	0.00125	1500	0.0006194520414136719	0.000756913950225881	0.0006239465449697309	0.0009630238257091406
Stereo-seq	ST_DEV_E15_5_E16_5	cross_stage	Stereo-seq::shared_developmental_series	legacy_replication	forward	ST_DEV_E15_5_E16_5	uot	0.25	2.0	N	I_EXPR	0.00125	0.000625	1500	0.00030998401124878984	0.0003787203761214743	0.00031220358637030414	0.0004818563113923525
Stereo-seq	ST_DEV_E15_5_E16_5	cross_stage	Stereo-seq::shared_developmental_series	legacy_replication	forward	ST_DEV_E15_5_E16_5	uot	0.25	2.0	N	I_SPATIAL	0.02	0.01	1500	0.005026177641367706	0.006136897265510942	0.0050588858984128016	0.0078045438331899855
Stereo-seq	ST_DEV_E15_5_E16_5	cross_stage	Stereo-seq::shared_developmental_series	legacy_replication	forward	ST_DEV_E15_5_E16_5	uot	0.25	2.0	N	I_SPATIAL	0.01	0.005	1500	0.0024984197835698965	0.0030498251014679737	0.002514354762191375	0.003879800903242171
Stereo-seq	ST_DEV_E15_5_E16_5	cross_stage	Stereo-seq::shared_developmental_series	legacy_replication	forward	ST_DEV_E15_5_E16_5	uot	0.25	2.0	N	I_SPATIAL	0.005	0.0025	1500	0.0012444720682809217	0.0015201107532046606	0.0012534443580096155	0.0019343364772297473
Stereo-seq	ST_DEV_E15_5_E16_5	cross_stage	Stereo-seq::shared_developmental_series	legacy_replication	forward	ST_DEV_E15_5_E16_5	uot	0.25	2.0	N	I_SPATIAL	0.0025	0.00125	1500	0.0006213254958278656	0.0007589726869079976	0.000625793745278812	0.000965783792165414
Stereo-seq	ST_DEV_E15_5_E16_5	cross_stage	Stereo-seq::shared_developmental_series	legacy_replication	forward	ST_DEV_E15_5_E16_5	uot	0.25	2.0	N	I_SPATIAL	0.00125	0.000625	1500	0.0003104426746410726	0.00037923085668758723	0.0003126653755345091	0.00048254636203027434
Stereo-seq	ST_DEV_E15_5_E16_5	cross_stage	Stereo-seq::shared_developmental_series	legacy_replication	forward	ST_DEV_E15_5_E16_5	row_softmax	0.25		R	I_EXPR	0.02	0.01	1500	0.0021992153160991386	0.0027619191766427567	0.0022481867360748544	0.003920169810059377
Stereo-seq	ST_DEV_E15_5_E16_5	cross_stage	Stereo-seq::shared_developmental_series	legacy_replication	forward	ST_DEV_E15_5_E16_5	row_softmax	0.25		R	I_EXPR	0.01	0.005	1500	0.0010971409937569094	0.0013782112695781027	0.001122185990320798	0.0019542260213667112
Stereo-seq	ST_DEV_E15_5_E16_5	cross_stage	Stereo-seq::shared_developmental_series	legacy_replication	forward	ST_DEV_E15_5_E16_5	row_softmax	0.25		R	I_EXPR	0.005	0.0025	1500	0.0005482326392632257	0.000688417945583192	0.0005606175063025376	0.0009756474084058536
Stereo-seq	ST_DEV_E15_5_E16_5	cross_stage	Stereo-seq::shared_developmental_series	legacy_replication	forward	ST_DEV_E15_5_E16_5	row_softmax	0.25		R	I_EXPR	0.0025	0.00125	1500	0.00027403588086017446	0.0003440370312243352	0.00028019005385957455	0.0004874586902762743
Stereo-seq	ST_DEV_E15_5_E16_5	cross_stage	Stereo-seq::shared_developmental_series	legacy_replication	forward	ST_DEV_E15_5_E16_5	row_softmax	0.25		R	I_EXPR	0.00125	0.000625	1500	0.00013698322555809355	0.0001719755323925844	0.00014006537288230585	0.0002436381657647876
Stereo-seq	ST_DEV_E15_5_E16_5	cross_stage	Stereo-seq::shared_developmental_series	legacy_replication	forward	ST_DEV_E15_5_E16_5	row_softmax	0.25		R	I_SPATIAL	0.02	0.01	1500	0.005722860720900858	0.006742141174848423	0.005717876972598392	0.008119197047658356
Stereo-seq	ST_DEV_E15_5_E16_5	cross_stage	Stereo-seq::shared_developmental_series	legacy_replication	forward	ST_DEV_E15_5_E16_5	row_softmax	0.25		R	I_SPATIAL	0.01	0.005	1500	0.0028427253433218834	0.003347967492682766	0.002841432121640436	0.004025814567276422
Stereo-seq	ST_DEV_E15_5_E16_5	cross_stage	Stereo-seq::shared_developmental_series	legacy_replication	forward	ST_DEV_E15_5_E16_5	row_softmax	0.25		R	I_SPATIAL	0.005	0.0025	1500	0.0014165813576104622	0.0016680372052963255	0.0014163810546996849	0.0020045449189624704
Stereo-seq	ST_DEV_E15_5_E16_5	cross_stage	Stereo-seq::shared_developmental_series	legacy_replication	forward	ST_DEV_E15_5_E16_5	row_softmax	0.25		R	I_SPATIAL	0.0025	0.00125	1500	0.0007073538186236387	0.0008324011310177606	0.0007071119282389228	0.001000190445645535
Stereo-seq	ST_DEV_E15_5_E16_5	cross_stage	Stereo-seq::shared_developmental_series	legacy_replication	forward	ST_DEV_E15_5_E16_5	row_softmax	0.25		R	I_SPATIAL	0.00125	0.000625	1500	0.0003534021495756322	0.0004157899993548277	0.0003532869552097458	0.0004995756616427265
Stereo-seq	ST_DEV_E15_5_E16_5	cross_stage	Stereo-seq::shared_developmental_series	legacy_replication	forward	ST_DEV_E15_5_E16_5	row_softmax	0.25		N	I_EXPR	0.02	0.01	1500	0.0061876793449968815	0.007310385716870813	0.006162237435092228	0.009171654703513311
Stereo-seq	ST_DEV_E15_5_E16_5	cross_stage	Stereo-seq::shared_developmental_series	legacy_replication	forward	ST_DEV_E15_5_E16_5	row_softmax	0.25		N	I_EXPR	0.01	0.005	1500	0.0031061138465314974	0.003671190882000859	0.0030960486607755086	0.004610307401496088
Stereo-seq	ST_DEV_E15_5_E16_5	cross_stage	Stereo-seq::shared_developmental_series	legacy_replication	forward	ST_DEV_E15_5_E16_5	row_softmax	0.25		N	I_EXPR	0.005	0.0025	1500	0.0015568483345907058	0.0018414380201580035	0.00155179679226102	0.0023112918237858937
Stereo-seq	ST_DEV_E15_5_E16_5	cross_stage	Stereo-seq::shared_developmental_series	legacy_replication	forward	ST_DEV_E15_5_E16_5	row_softmax	0.25		N	I_EXPR	0.0025	0.00125	1500	0.000779455168034565	0.0009218121399443332	0.0007768466108343703	0.0011571874752703303
Stereo-seq	ST_DEV_E15_5_E16_5	cross_stage	Stereo-seq::shared_developmental_series	legacy_replication	forward	ST_DEV_E15_5_E16_5	row_softmax	0.25		N	I_EXPR	0.00125	0.000625	1500	0.00038995445944733193	0.00046128588120961865	0.0003886609813866843	0.0005789800054669101
Stereo-seq	ST_DEV_E15_5_E16_5	cross_stage	Stereo-seq::shared_developmental_series	legacy_replication	forward	ST_DEV_E15_5_E16_5	row_softmax	0.25		N	I_SPATIAL	0.02	0.01	1500	0.006301109178343305	0.007452830591608948	0.006284296363083052	0.009370258996062183
Stereo-seq	ST_DEV_E15_5_E16_5	cross_stage	Stereo-seq::shared_developmental_series	legacy_replication	forward	ST_DEV_E15_5_E16_5	row_softmax	0.25		N	I_SPATIAL	0.01	0.005	1500	0.0031350924716920464	0.003710935313585919	0.003126558163323787	0.004659944254640077
Stereo-seq	ST_DEV_E15_5_E16_5	cross_stage	Stereo-seq::shared_developmental_series	legacy_replication	forward	ST_DEV_E15_5_E16_5	row_softmax	0.25		N	I_SPATIAL	0.005	0.0025	1500	0.0015640887420083336	0.0018503562931761444	0.001559423536528423	0.00232370371662207
Stereo-seq	ST_DEV_E15_5_E16_5	cross_stage	Stereo-seq::shared_developmental_series	legacy_replication	forward	ST_DEV_E15_5_E16_5	row_softmax	0.25		N	I_SPATIAL	0.0025	0.00125	1500	0.0007811777487417588	0.0009240592573057432	0.0007787531625959454	0.001160291085652839
Stereo-seq	ST_DEV_E15_5_E16_5	cross_stage	Stereo-seq::shared_developmental_series	legacy_replication	forward	ST_DEV_E15_5_E16_5	row_softmax	0.25		N	I_SPATIAL	0.00125	0.000625	1500	0.0003903771538492942	0.00046173900962207225	0.00038913761715381884	0.0005797562280153142
Stereo-seq	ST_DEV_E15_5_E16_5	cross_stage	Stereo-seq::shared_developmental_series	legacy_replication	forward	ST_DEV_E15_5_E16_5	balanced_ot	0.25		R	I_EXPR	0.02	0.01	1500	0.0011307420835461465	0.001680202587114178	0.0012275947649130806	0.008398506255758404
Stereo-seq	ST_DEV_E15_5_E16_5	cross_stage	Stereo-seq::shared_developmental_series	legacy_replication	forward	ST_DEV_E15_5_E16_5	balanced_ot	0.25		R	I_EXPR	0.01	0.005	1500	0.0005658598677396305	0.0008388545487131532	0.0006137756270410802	0.0041967630784601325
Stereo-seq	ST_DEV_E15_5_E16_5	cross_stage	Stereo-seq::shared_developmental_series	legacy_replication	forward	ST_DEV_E15_5_E16_5	balanced_ot	0.25		R	I_EXPR	0.005	0.0025	1500	0.0002829630173364529	0.00041960472162209597	0.00030688152346814026	0.0020975741290111412
Stereo-seq	ST_DEV_E15_5_E16_5	cross_stage	Stereo-seq::shared_developmental_series	legacy_replication	forward	ST_DEV_E15_5_E16_5	balanced_ot	0.25		R	I_EXPR	0.0025	0.00125	1500	0.00014146835259359056	0.00020977568832700373	0.00015343909152969128	0.0010485619781542361
Stereo-seq	ST_DEV_E15_5_E16_5	cross_stage	Stereo-seq::shared_developmental_series	legacy_replication	forward	ST_DEV_E15_5_E16_5	balanced_ot	0.25		R	I_EXPR	0.00125	0.000625	1500	7.072059665743272e-05	0.00010488115746538092	7.671911597464972e-05	0.0005242217963688813
Stereo-seq	ST_DEV_E15_5_E16_5	cross_stage	Stereo-seq::shared_developmental_series	legacy_replication	forward	ST_DEV_E15_5_E16_5	balanced_ot	0.25		R	I_SPATIAL	0.02	0.01	1500	0.00578256353250324	0.006618368300052651	0.005729947459633562	0.007960863573120057
Stereo-seq	ST_DEV_E15_5_E16_5	cross_stage	Stereo-seq::shared_developmental_series	legacy_replication	forward	ST_DEV_E15_5_E16_5	balanced_ot	0.25		R	I_SPATIAL	0.01	0.005	1500	0.002874110648136567	0.0032835817027113447	0.0028475376084325164	0.003947010364497543
Stereo-seq	ST_DEV_E15_5_E16_5	cross_stage	Stereo-seq::shared_developmental_series	legacy_replication	forward	ST_DEV_E15_5_E16_5	balanced_ot	0.25		R	I_SPATIAL	0.005	0.0025	1500	0.001432838955244374	0.0016358626170575661	0.0014194532901872065	0.0019652221762987204
Stereo-seq	ST_DEV_E15_5_E16_5	cross_stage	Stereo-seq::shared_developmental_series	legacy_replication	forward	ST_DEV_E15_5_E16_5	balanced_ot	0.25		R	I_SPATIAL	0.0025	0.00125	1500	0.0007152114503237124	0.0008165771474701436	0.0007086530443987744	0.0009805491508226964
Stereo-seq	ST_DEV_E15_5_E16_5	cross_stage	Stereo-seq::shared_developmental_series	legacy_replication	forward	ST_DEV_E15_5_E16_5	balanced_ot	0.25		R	I_SPATIAL	0.00125	0.000625	1500	0.0003572895351381832	0.0004080387823697434	0.000354058775696887	0.0004897608292584124
Stereo-seq	ST_DEV_E15_5_E16_5	cross_stage	Stereo-seq::shared_developmental_series	legacy_replication	forward	ST_DEV_E15_5_E16_5	balanced_ot	0.25		N	I_EXPR	0.02	0.01	1500	0.0057179773098915785	0.006752617005690549	0.005650152309532197	0.008349248247178165
Stereo-seq	ST_DEV_E15_5_E16_5	cross_stage	Stereo-seq::shared_developmental_series	legacy_replication	forward	ST_DEV_E15_5_E16_5	balanced_ot	0.25		N	I_EXPR	0.01	0.005	1500	0.0028752710057922517	0.003397793746428855	0.0028414216336597052	0.004174772243396859
Stereo-seq	ST_DEV_E15_5_E16_5	cross_stage	Stereo-seq::shared_developmental_series	legacy_replication	forward	ST_DEV_E15_5_E16_5	balanced_ot	0.25		N	I_EXPR	0.005	0.0025	1500	0.0014418816911589815	0.001705981592999304	0.0014248367331956648	0.002094424600501193
Stereo-seq	ST_DEV_E15_5_E16_5	cross_stage	Stereo-seq::shared_developmental_series	legacy_replication	forward	ST_DEV_E15_5_E16_5	balanced_ot	0.25		N	I_EXPR	0.0025	0.00125	1500	0.000721625252212832	0.0008541755708923786	0.0007134548496725991	0.0010490184418992135
Stereo-seq	ST_DEV_E15_5_E16_5	cross_stage	Stereo-seq::shared_developmental_series	legacy_replication	forward	ST_DEV_E15_5_E16_5	balanced_ot	0.25		N	I_EXPR	0.00125	0.000625	1500	0.00036104798012945766	0.0004273989802643621	0.00035698717866481413	0.0005249616072486512
Stereo-seq	ST_DEV_E15_5_E16_5	cross_stage	Stereo-seq::shared_developmental_series	legacy_replication	forward	ST_DEV_E15_5_E16_5	balanced_ot	0.25		N	I_SPATIAL	0.02	0.01	1500	0.005855228491579966	0.006931365664962411	0.005783519844022174	0.008524308708369684
Stereo-seq	ST_DEV_E15_5_E16_5	cross_stage	Stereo-seq::shared_developmental_series	legacy_replication	forward	ST_DEV_E15_5_E16_5	balanced_ot	0.25		N	I_SPATIAL	0.01	0.005	1500	0.0029089014172273405	0.003443282044478963	0.0028747558540879936	0.00423255647995858
Stereo-seq	ST_DEV_E15_5_E16_5	cross_stage	Stereo-seq::shared_developmental_series	legacy_replication	forward	ST_DEV_E15_5_E16_5	balanced_ot	0.25		N	I_SPATIAL	0.005	0.0025	1500	0.0014495285330028457	0.0017172715980304774	0.001433169628409821	0.002108941096503586
Stereo-seq	ST_DEV_E15_5_E16_5	cross_stage	Stereo-seq::shared_developmental_series	legacy_replication	forward	ST_DEV_E15_5_E16_5	balanced_ot	0.25		N	I_SPATIAL	0.0025	0.00125	1500	0.0007235316173644624	0.0008570603175345711	0.0007155380329487331	0.0010526478784851387
Stereo-seq	ST_DEV_E15_5_E16_5	cross_stage	Stereo-seq::shared_developmental_series	legacy_replication	forward	ST_DEV_E15_5_E16_5	balanced_ot	0.25		N	I_SPATIAL	0.00125	0.000625	1500	0.0003615563445405535	0.0004282633921197491	0.00035750796588002355	0.0005258691284297455
Stereo-seq	ST_DEV_E15_5_E16_5	cross_stage	Stereo-seq::shared_developmental_series	legacy_replication	reverse	ST_DEV_E15_5_E16_5__reverse	uot	0.25	2.0	R	I_EXPR	0.02	0.01	1500	0.0014039379376457788	0.0018433184784765405	0.0014427480701126683	0.004567391090266874
Stereo-seq	ST_DEV_E15_5_E16_5	cross_stage	Stereo-seq::shared_developmental_series	legacy_replication	reverse	ST_DEV_E15_5_E16_5__reverse	uot	0.25	2.0	R	I_EXPR	0.01	0.005	1500	0.0007019969638870431	0.0009218030105663549	0.0007213347133132503	0.0022870796924910138
Stereo-seq	ST_DEV_E15_5_E16_5	cross_stage	Stereo-seq::shared_developmental_series	legacy_replication	reverse	ST_DEV_E15_5_E16_5__reverse	uot	0.25	2.0	R	I_EXPR	0.005	0.0025	1500	0.00035102343861398547	0.0004609264628520672	0.000360657189064792	0.001144357972215015
Stereo-seq	ST_DEV_E15_5_E16_5	cross_stage	Stereo-seq::shared_developmental_series	legacy_replication	reverse	ST_DEV_E15_5_E16_5__reverse	uot	0.25	2.0	R	I_EXPR	0.0025	0.00125	1500	0.00017552908413574764	0.00023046935025152233	0.0001803260164276588	0.000572379978235233
Stereo-seq	ST_DEV_E15_5_E16_5	cross_stage	Stereo-seq::shared_developmental_series	legacy_replication	reverse	ST_DEV_E15_5_E16_5__reverse	uot	0.25	2.0	R	I_EXPR	0.00125	0.000625	1500	8.776887315096882e-05	0.00011523618990423568	9.016236101847923e-05	0.0002862398073092819
Stereo-seq	ST_DEV_E15_5_E16_5	cross_stage	Stereo-seq::shared_developmental_series	legacy_replication	reverse	ST_DEV_E15_5_E16_5__reverse	uot	0.25	2.0	R	I_SPATIAL	0.02	0.01	1500	0.00595114789064953	0.006777949448792332	0.005902784944669018	0.007666645831382671
Stereo-seq	ST_DEV_E15_5_E16_5	cross_stage	Stereo-seq::shared_developmental_series	legacy_replication	reverse	ST_DEV_E15_5_E16_5__reverse	uot	0.25	2.0	R	I_SPATIAL	0.01	0.005	1500	0.0029540753900419645	0.0033690245080271906	0.0029331329126065764	0.0038080720523498168
Stereo-seq	ST_DEV_E15_5_E16_5	cross_stage	Stereo-seq::shared_developmental_series	legacy_replication	reverse	ST_DEV_E15_5_E16_5__reverse	uot	0.25	2.0	R	I_SPATIAL	0.005	0.0025	1500	0.001472397168663227	0.0016804113772637492	0.001462048018258064	0.0018977821277288637
Stereo-seq	ST_DEV_E15_5_E16_5	cross_stage	Stereo-seq::shared_developmental_series	legacy_replication	reverse	ST_DEV_E15_5_E16_5__reverse	uot	0.25	2.0	R	I_SPATIAL	0.0025	0.00125	1500	0.0007347998134686075	0.0008389614318059296	0.0007299001608322293	0.0009473346602134957
Stereo-seq	ST_DEV_E15_5_E16_5	cross_stage	Stereo-seq::shared_developmental_series	legacy_replication	reverse	ST_DEV_E15_5_E16_5__reverse	uot	0.25	2.0	R	I_SPATIAL	0.00125	0.000625	1500	0.0003670328127011478	0.00041898254566696954	0.00036466982739703806	0.0004732787842338357
Stereo-seq	ST_DEV_E15_5_E16_5	cross_stage	Stereo-seq::shared_developmental_series	legacy_replication	reverse	ST_DEV_E15_5_E16_5__reverse	uot	0.25	2.0	N	I_EXPR	0.02	0.01	1500	0.004972962201230911	0.0059019778679468005	0.00494728216258735	0.006723697381507174
Stereo-seq	ST_DEV_E15_5_E16_5	cross_stage	Stereo-seq::shared_developmental_series	legacy_replication	reverse	ST_DEV_E15_5_E16_5__reverse	uot	0.25	2.0	N	I_EXPR	0.01	0.005	1500	0.002501229807098283	0.0029665969666585524	0.0024882651417952218	0.0033859622997138507
Stereo-seq	ST_DEV_E15_5_E16_5	cross_stage	Stereo-seq::shared_developmental_series	legacy_replication	reverse	ST_DEV_E15_5_E16_5__reverse	uot	0.25	2.0	N	I_EXPR	0.005	0.0025	1500	0.0012547171431036494	0.0014876519712774083	0.0012478264525439772	0.0016990752194611441
Stereo-seq	ST_DEV_E15_5_E16_5	cross_stage	Stereo-seq::shared_developmental_series	legacy_replication	reverse	ST_DEV_E15_5_E16_5__reverse	uot	0.25	2.0	N	I_EXPR	0.0025	0.00125	1500	0.0006282507844353505	0.0007450537684161826	0.0006248414460174409	0.0008510696506960161
Stereo-seq	ST_DEV_E15_5_E16_5	cross_stage	Stereo-seq::shared_developmental_series	legacy_replication	reverse	ST_DEV_E15_5_E16_5__reverse	uot	0.25	2.0	N	I_EXPR	0.00125	0.000625	1500	0.00031433283006817214	0.0003727354098614199	0.00031265336857237675	0.000425918750723041
Stereo-seq	ST_DEV_E15_5_E16_5	cross_stage	Stereo-seq::shared_developmental_series	legacy_replication	reverse	ST_DEV_E15_5_E16_5__reverse	uot	0.25	2.0	N	I_SPATIAL	0.02	0.01	1500	0.005098799436836726	0.006035810457874503	0.005066739920764696	0.006920775252631037
Stereo-seq	ST_DEV_E15_5_E16_5	cross_stage	Stereo-seq::shared_developmental_series	legacy_replication	reverse	ST_DEV_E15_5_E16_5__reverse	uot	0.25	2.0	N	I_SPATIAL	0.01	0.005	1500	0.0025338947381479443	0.003000330824440663	0.0025181243486864383	0.003435225508232483
Stereo-seq	ST_DEV_E15_5_E16_5	cross_stage	Stereo-seq::shared_developmental_series	legacy_replication	reverse	ST_DEV_E15_5_E16_5__reverse	uot	0.25	2.0	N	I_SPATIAL	0.005	0.0025	1500	0.001262883581978319	0.0014962504846833353	0.0012552906880956675	0.0017113902006100877
Stereo-seq	ST_DEV_E15_5_E16_5	cross_stage	Stereo-seq::shared_developmental_series	legacy_replication	reverse	ST_DEV_E15_5_E16_5__reverse	uot	0.25	2.0	N	I_SPATIAL	0.0025	0.00125	1500	0.0006302779084684552	0.0007470530142543163	0.0006267074094868617	0.0008541483769382154
Stereo-seq	ST_DEV_E15_5_E16_5	cross_stage	Stereo-seq::shared_developmental_series	legacy_replication	reverse	ST_DEV_E15_5_E16_5__reverse	uot	0.25	2.0	N	I_SPATIAL	0.00125	0.000625	1500	0.000314866245327543	0.00037325862842762885	0.0003131198468005468	0.0004266884276711845
Stereo-seq	ST_DEV_E15_5_E16_5	cross_stage	Stereo-seq::shared_developmental_series	legacy_replication	reverse	ST_DEV_E15_5_E16_5__reverse	row_softmax	0.25		R	I_EXPR	0.02	0.01	1500	0.0025488404638706204	0.003017141241323332	0.0025838863699876214	0.0035714138008828195
Stereo-seq	ST_DEV_E15_5_E16_5	cross_stage	Stereo-seq::shared_developmental_series	legacy_replication	reverse	ST_DEV_E15_5_E16_5__reverse	row_softmax	0.25		R	I_EXPR	0.01	0.005	1500	0.0012715755930263707	0.0015047197873768025	0.001289005110010042	0.001786198590684802
Stereo-seq	ST_DEV_E15_5_E16_5	cross_stage	Stereo-seq::shared_developmental_series	legacy_replication	reverse	ST_DEV_E15_5_E16_5__reverse	row_softmax	0.25		R	I_EXPR	0.005	0.0025	1500	0.0006350981196320447	0.000751400128478461	0.0006437718383666454	0.0008932160501089343
Stereo-seq	ST_DEV_E15_5_E16_5	cross_stage	Stereo-seq::shared_developmental_series	legacy_replication	reverse	ST_DEV_E15_5_E16_5__reverse	row_softmax	0.25		R	I_EXPR	0.0025	0.00125	1500	0.00031734556343120677	0.0003754480184149158	0.0003217037167962526	0.0004466369815597727
Stereo-seq	ST_DEV_E15_5_E16_5	cross_stage	Stereo-seq::shared_developmental_series	legacy_replication	reverse	ST_DEV_E15_5_E16_5__reverse	row_softmax	0.25		R	I_EXPR	0.00125	0.000625	1500	0.0001586327287144593	0.00018766065004464626	0.00016080636642491224	0.00022332563571739118
Stereo-seq	ST_DEV_E15_5_E16_5	cross_stage	Stereo-seq::shared_developmental_series	legacy_replication	reverse	ST_DEV_E15_5_E16_5__reverse	row_softmax	0.25		R	I_SPATIAL	0.02	0.01	1500	0.005983945359967733	0.006557836319739676	0.005710949658737986	0.007110029656337073
Stereo-seq	ST_DEV_E15_5_E16_5	cross_stage	Stereo-seq::shared_developmental_series	legacy_replication	reverse	ST_DEV_E15_5_E16_5__reverse	row_softmax	0.25		R	I_SPATIAL	0.01	0.005	1500	0.0029732433744665155	0.003257191519770503	0.0028382709777062622	0.0035284795365357947
Stereo-seq	ST_DEV_E15_5_E16_5	cross_stage	Stereo-seq::shared_developmental_series	legacy_replication	reverse	ST_DEV_E15_5_E16_5__reverse	row_softmax	0.25		R	I_SPATIAL	0.005	0.0025	1500	0.0014816758772520677	0.0016227771783724526	0.0014148748244892755	0.0017576588526631856
Stereo-seq	ST_DEV_E15_5_E16_5	cross_stage	Stereo-seq::shared_developmental_series	legacy_replication	reverse	ST_DEV_E15_5_E16_5__reverse	row_softmax	0.25		R	I_SPATIAL	0.0025	0.00125	1500	0.0007393540659602714	0.0008100011087887447	0.0007063771059321832	0.0008771907549231593
Stereo-seq	ST_DEV_E15_5_E16_5	cross_stage	Stereo-seq::shared_developmental_series	legacy_replication	reverse	ST_DEV_E15_5_E16_5__reverse	row_softmax	0.25		R	I_SPATIAL	0.00125	0.000625	1500	0.00036933405932638573	0.0004046462698539818	0.0003529241021481447	0.0004381894971618181
Stereo-seq	ST_DEV_E15_5_E16_5	cross_stage	Stereo-seq::shared_developmental_series	legacy_replication	reverse	ST_DEV_E15_5_E16_5__reverse	row_softmax	0.25		N	I_EXPR	0.02	0.01	1500	0.006466967998248229	0.007401451639298041	0.006327063173878682	0.00815089902769826
Stereo-seq	ST_DEV_E15_5_E16_5	cross_stage	Stereo-seq::shared_developmental_series	legacy_replication	reverse	ST_DEV_E15_5_E16_5__reverse	row_softmax	0.25		N	I_EXPR	0.01	0.005	1500	0.00324652494210339	0.0037202105337985933	0.0031777773986317553	0.004090056651393042
Stereo-seq	ST_DEV_E15_5_E16_5	cross_stage	Stereo-seq::shared_developmental_series	legacy_replication	reverse	ST_DEV_E15_5_E16_5__reverse	row_softmax	0.25		N	I_EXPR	0.005	0.0025	1500	0.0016270519883278935	0.0018645852396189427	0.0015924911071140664	0.002048714715815982
Stereo-seq	ST_DEV_E15_5_E16_5	cross_stage	Stereo-seq::shared_developmental_series	legacy_replication	reverse	ST_DEV_E15_5_E16_5__reverse	row_softmax	0.25		N	I_EXPR	0.0025	0.00125	1500	0.0008146944572590999	0.0009331676320084157	0.00079715136558142	0.0010252797264448485
Stereo-seq	ST_DEV_E15_5_E16_5	cross_stage	Stereo-seq::shared_developmental_series	legacy_replication	reverse	ST_DEV_E15_5_E16_5__reverse	row_softmax	0.25		N	I_EXPR	0.00125	0.000625	1500	0.0004075733756930706	0.0004668590493561311	0.00039880279797469166	0.0005128703200636831
Stereo-seq	ST_DEV_E15_5_E16_5	cross_stage	Stereo-seq::shared_developmental_series	legacy_replication	reverse	ST_DEV_E15_5_E16_5__reverse	row_softmax	0.25		N	I_SPATIAL	0.02	0.01	1500	0.006588899822934433	0.007536797918928719	0.006443710763032712	0.008268407481163087
Stereo-seq	ST_DEV_E15_5_E16_5	cross_stage	Stereo-seq::shared_developmental_series	legacy_replication	reverse	ST_DEV_E15_5_E16_5__reverse	row_softmax	0.25		N	I_SPATIAL	0.01	0.005	1500	0.003279366378298617	0.0037529731325020867	0.0032069343398626127	0.004119550707079323
Stereo-seq	ST_DEV_E15_5_E16_5	cross_stage	Stereo-seq::shared_developmental_series	legacy_replication	reverse	ST_DEV_E15_5_E16_5__reverse	row_softmax	0.25		N	I_SPATIAL	0.005	0.0025	1500	0.0016347022137810192	0.0018724219524959619	0.0015997800712236397	0.002056084708114107
Stereo-seq	ST_DEV_E15_5_E16_5	cross_stage	Stereo-seq::shared_developmental_series	legacy_replication	reverse	ST_DEV_E15_5_E16_5__reverse	row_softmax	0.25		N	I_SPATIAL	0.0025	0.00125	1500	0.0008164357446661878	0.000935155403381074	0.0007989736093049619	0.001027122251595092
Stereo-seq	ST_DEV_E15_5_E16_5	cross_stage	Stereo-seq::shared_developmental_series	legacy_replication	reverse	ST_DEV_E15_5_E16_5__reverse	row_softmax	0.25		N	I_SPATIAL	0.00125	0.000625	1500	0.0004080262291525054	0.0004672887985855106	0.0003992583669067335	0.0005133309530078731
Stereo-seq	ST_DEV_E15_5_E16_5	cross_stage	Stereo-seq::shared_developmental_series	legacy_replication	reverse	ST_DEV_E15_5_E16_5__reverse	balanced_ot	0.25		R	I_EXPR	0.02	0.01	1500	0.0011163266587142038	0.0016628890074465441	0.0012185220119772296	0.008192563729222519
Stereo-seq	ST_DEV_E15_5_E16_5	cross_stage	Stereo-seq::shared_developmental_series	legacy_replication	reverse	ST_DEV_E15_5_E16_5__reverse	balanced_ot	0.25		R	I_EXPR	0.01	0.005	1500	0.0005583481334683143	0.0008311876258275131	0.0006092675072322889	0.00409514438353224
Stereo-seq	ST_DEV_E15_5_E16_5	cross_stage	Stereo-seq::shared_developmental_series	legacy_replication	reverse	ST_DEV_E15_5_E16_5__reverse	balanced_ot	0.25		R	I_EXPR	0.005	0.0025	1500	0.0002791908294066123	0.0004156122948227541	0.00030463478626757755	0.00204711835016932
Stereo-seq	ST_DEV_E15_5_E16_5	cross_stage	Stereo-seq::shared_developmental_series	legacy_replication	reverse	ST_DEV_E15_5_E16_5__reverse	balanced_ot	0.25		R	I_EXPR	0.0025	0.00125	1500	0.0001395995012114595	0.00020780909790220884	0.0001523175891358839	0.0010234247579874755
Stereo-seq	ST_DEV_E15_5_E16_5	cross_stage	Stereo-seq::shared_developmental_series	legacy_replication	reverse	ST_DEV_E15_5_E16_5__reverse	balanced_ot	0.25		R	I_EXPR	0.00125	0.000625	1500	6.980089342365478e-05	0.0001039049640612086	7.615883753949755e-05	0.0005116760171393778
Stereo-seq	ST_DEV_E15_5_E16_5	cross_stage	Stereo-seq::shared_developmental_series	legacy_replication	reverse	ST_DEV_E15_5_E16_5__reverse	balanced_ot	0.25		R	I_SPATIAL	0.02	0.01	1500	0.0057441868210611115	0.00660781157489574	0.005718950600319895	0.007450784286901314
Stereo-seq	ST_DEV_E15_5_E16_5	cross_stage	Stereo-seq::shared_developmental_series	legacy_replication	reverse	ST_DEV_E15_5_E16_5__reverse	balanced_ot	0.25		R	I_SPATIAL	0.01	0.005	1500	0.0028550334833617698	0.003283575292099581	0.0028420834005764726	0.0036979745483452548
Stereo-seq	ST_DEV_E15_5_E16_5	cross_stage	Stereo-seq::shared_developmental_series	legacy_replication	reverse	ST_DEV_E15_5_E16_5__reverse	balanced_ot	0.25		R	I_SPATIAL	0.005	0.0025	1500	0.0014230776166151422	0.0016369166801728098	0.0014167375651912314	0.001842271271323799
Stereo-seq	ST_DEV_E15_5_E16_5	cross_stage	Stereo-seq::shared_developmental_series	legacy_replication	reverse	ST_DEV_E15_5_E16_5__reverse	balanced_ot	0.25		R	I_SPATIAL	0.0025	0.00125	1500	0.0007105479550491951	0.0008172323262837001	0.0007072980584399262	0.0009194703463562384
Stereo-seq	ST_DEV_E15_5_E16_5	cross_stage	Stereo-seq::shared_developmental_series	legacy_replication	reverse	ST_DEV_E15_5_E16_5__reverse	balanced_ot	0.25		R	I_SPATIAL	0.00125	0.000625	1500	0.00035496991304331696	0.00040820862806359627	0.00035338200534232257	0.0004593193976476308
Stereo-seq	ST_DEV_E15_5_E16_5	cross_stage	Stereo-seq::shared_developmental_series	legacy_replication	reverse	ST_DEV_E15_5_E16_5__reverse	balanced_ot	0.25		N	I_EXPR	0.02	0.01	1500	0.005663836891383141	0.006685804158587868	0.005654278489198385	0.01034991597673885
Stereo-seq	ST_DEV_E15_5_E16_5	cross_stage	Stereo-seq::shared_developmental_series	legacy_replication	reverse	ST_DEV_E15_5_E16_5__reverse	balanced_ot	0.25		N	I_EXPR	0.01	0.005	1500	0.002850505528863655	0.0033646053734074513	0.002843571013062208	0.005168166178857731
Stereo-seq	ST_DEV_E15_5_E16_5	cross_stage	Stereo-seq::shared_developmental_series	legacy_replication	reverse	ST_DEV_E15_5_E16_5__reverse	balanced_ot	0.25		N	I_EXPR	0.005	0.0025	1500	0.0014303312905971962	0.0016876437396485333	0.001425933780905567	0.00258206222756329
Stereo-seq	ST_DEV_E15_5_E16_5	cross_stage	Stereo-seq::shared_developmental_series	legacy_replication	reverse	ST_DEV_E15_5_E16_5__reverse	balanced_ot	0.25		N	I_EXPR	0.0025	0.00125	1500	0.0007165448280192967	0.000844880515918323	0.0007140090580884395	0.0012904884633975567
Stereo-seq	ST_DEV_E15_5_E16_5	cross_stage	Stereo-seq::shared_developmental_series	legacy_replication	reverse	ST_DEV_E15_5_E16_5__reverse	balanced_ot	0.25		N	I_EXPR	0.00125	0.000625	1500	0.00035859357307290585	0.00042276745155560514	0.0003572657127638953	0.0006451040392774231
Stereo-seq	ST_DEV_E15_5_E16_5	cross_stage	Stereo-seq::shared_developmental_series	legacy_replication	reverse	ST_DEV_E15_5_E16_5__reverse	balanced_ot	0.25		N	I_SPATIAL	0.02	0.01	1500	0.005815259186523673	0.006845000041431581	0.005788389276405221	0.010275253305150622
Stereo-seq	ST_DEV_E15_5_E16_5	cross_stage	Stereo-seq::shared_developmental_series	legacy_replication	reverse	ST_DEV_E15_5_E16_5__reverse	balanced_ot	0.25		N	I_SPATIAL	0.01	0.005	1500	0.0028889463133570468	0.003403153555853546	0.0028770905322892623	0.005149543111416363
Stereo-seq	ST_DEV_E15_5_E16_5	cross_stage	Stereo-seq::shared_developmental_series	legacy_replication	reverse	ST_DEV_E15_5_E16_5__reverse	balanced_ot	0.25		N	I_SPATIAL	0.005	0.0025	1500	0.0014404245618722437	0.0016969308481472637	0.0014343129341708339	0.0025774153906205776
Stereo-seq	ST_DEV_E15_5_E16_5	cross_stage	Stereo-seq::shared_developmental_series	legacy_replication	reverse	ST_DEV_E15_5_E16_5__reverse	balanced_ot	0.25		N	I_SPATIAL	0.0025	0.00125	1500	0.0007188902798261095	0.0008473052810522901	0.0007161038030764354	0.0012893270400417191
Stereo-seq	ST_DEV_E15_5_E16_5	cross_stage	Stereo-seq::shared_developmental_series	legacy_replication	reverse	ST_DEV_E15_5_E16_5__reverse	balanced_ot	0.25		N	I_SPATIAL	0.00125	0.000625	1500	0.0003591226184476308	0.00042336294674020944	0.00035778939573686793	0.0006448135195744868
Stereo-seq	ST_E15_5_S1_S2	same_age_sections	ST_E15_5_S1_S2	legacy_replication	forward	ST_E15_5_S1_S2	uot	0.25	2.0	R	I_EXPR	0.02	0.01	1500	0.0010181530847679472	0.001420638597893419	0.0010690164250975159	0.0020213077853311664
Stereo-seq	ST_E15_5_S1_S2	same_age_sections	ST_E15_5_S1_S2	legacy_replication	forward	ST_E15_5_S1_S2	uot	0.25	2.0	R	I_EXPR	0.01	0.005	1500	0.0005091647123567728	0.0007103882799396826	0.0005344687090137704	0.0010102877529802802
Stereo-seq	ST_E15_5_S1_S2	same_age_sections	ST_E15_5_S1_S2	legacy_replication	forward	ST_E15_5_S1_S2	uot	0.25	2.0	R	I_EXPR	0.005	0.0025	1500	0.00025460847701764226	0.0003551268025485313	0.00026722442488363396	0.0005050516154285313
Stereo-seq	ST_E15_5_S1_S2	same_age_sections	ST_E15_5_S1_S2	legacy_replication	forward	ST_E15_5_S1_S2	uot	0.25	2.0	R	I_EXPR	0.0025	0.00125	1500	0.0001273107427282474	0.00017754037239398266	0.00013360972533044095	0.0002525026519386911
Stereo-seq	ST_E15_5_S1_S2	same_age_sections	ST_E15_5_S1_S2	legacy_replication	forward	ST_E15_5_S1_S2	uot	0.25	2.0	R	I_EXPR	0.00125	0.000625	1500	6.365699179270761e-05	8.876442798867773e-05	6.680424015374053e-05	0.000126245525410233
Stereo-seq	ST_E15_5_S1_S2	same_age_sections	ST_E15_5_S1_S2	legacy_replication	forward	ST_E15_5_S1_S2	uot	0.25	2.0	R	I_SPATIAL	0.02	0.01	1500	0.006457405870022975	0.007420757579542642	0.006292487943531457	0.00846591158046528
Stereo-seq	ST_E15_5_S1_S2	same_age_sections	ST_E15_5_S1_S2	legacy_replication	forward	ST_E15_5_S1_S2	uot	0.25	2.0	R	I_SPATIAL	0.01	0.005	1500	0.0032092044579075047	0.003685330389286889	0.0031268258399989738	0.004202757197928786
Stereo-seq	ST_E15_5_S1_S2	same_age_sections	ST_E15_5_S1_S2	legacy_replication	forward	ST_E15_5_S1_S2	uot	0.25	2.0	R	I_SPATIAL	0.005	0.0025	1500	0.0015995400012983833	0.0018359737726879911	0.0015585975714972756	0.0020939206653532196
Stereo-seq	ST_E15_5_S1_S2	same_age_sections	ST_E15_5_S1_S2	legacy_replication	forward	ST_E15_5_S1_S2	uot	0.25	2.0	R	I_SPATIAL	0.0025	0.00125	1500	0.0007984069527503723	0.000916414469647068	0.0007780998285765491	0.001045104559002273
Stereo-seq	ST_E15_5_S1_S2	same_age_sections	ST_E15_5_S1_S2	legacy_replication	forward	ST_E15_5_S1_S2	uot	0.25	2.0	R	I_SPATIAL	0.00125	0.000625	1500	0.000398912589812482	0.0004578149893516927	0.00038875077790929155	0.0005220890828070852
Stereo-seq	ST_E15_5_S1_S2	same_age_sections	ST_E15_5_S1_S2	legacy_replication	forward	ST_E15_5_S1_S2	uot	0.25	2.0	N	I_EXPR	0.02	0.01	1500	0.005193717718157687	0.006260651680220816	0.005146972822399092	0.007360260217743577
Stereo-seq	ST_E15_5_S1_S2	same_age_sections	ST_E15_5_S1_S2	legacy_replication	forward	ST_E15_5_S1_S2	uot	0.25	2.0	N	I_EXPR	0.01	0.005	1500	0.002615053913245253	0.003151104237665581	0.0025894023855803773	0.0037083248156306423
Stereo-seq	ST_E15_5_S1_S2	same_age_sections	ST_E15_5_S1_S2	legacy_replication	forward	ST_E15_5_S1_S2	uot	0.25	2.0	N	I_EXPR	0.005	0.0025	1500	0.0013119385084939968	0.0015815318288620365	0.0012987142729940252	0.00186124833438076
Stereo-seq	ST_E15_5_S1_S2	same_age_sections	ST_E15_5_S1_S2	legacy_replication	forward	ST_E15_5_S1_S2	uot	0.25	2.0	N	I_EXPR	0.0025	0.00125	1500	0.000656960282894191	0.0007923467170785697	0.000650364824477578	0.0009323995400699618
Stereo-seq	ST_E15_5_S1_S2	same_age_sections	ST_E15_5_S1_S2	legacy_replication	forward	ST_E15_5_S1_S2	uot	0.25	2.0	N	I_EXPR	0.00125	0.000625	1500	0.0003287338545549776	0.0003965661491595067	0.0003254349014718839	0.00046664433051453317
Stereo-seq	ST_E15_5_S1_S2	same_age_sections	ST_E15_5_S1_S2	legacy_replication	forward	ST_E15_5_S1_S2	uot	0.25	2.0	N	I_SPATIAL	0.02	0.01	1500	0.005331049749334392	0.006435167757148223	0.005276537042822704	0.007589490770497135
Stereo-seq	ST_E15_5_S1_S2	same_age_sections	ST_E15_5_S1_S2	legacy_replication	forward	ST_E15_5_S1_S2	uot	0.25	2.0	N	I_SPATIAL	0.01	0.005	1500	0.0026482833520304607	0.0031965342183026997	0.0026217908227239334	0.0037653764489984634
Stereo-seq	ST_E15_5_S1_S2	same_age_sections	ST_E15_5_S1_S2	legacy_replication	forward	ST_E15_5_S1_S2	uot	0.25	2.0	N	I_SPATIAL	0.005	0.0025	1500	0.001320005737822154	0.00159311465943203	0.0013068114137142644	0.00187549925077246
Stereo-seq	ST_E15_5_S1_S2	same_age_sections	ST_E15_5_S1_S2	legacy_replication	forward	ST_E15_5_S1_S2	uot	0.25	2.0	N	I_SPATIAL	0.0025	0.00125	1500	0.0006589880332351737	0.0007952280047639031	0.0006523891089795552	0.0009359621669851135
Stereo-seq	ST_E15_5_S1_S2	same_age_sections	ST_E15_5_S1_S2	legacy_replication	forward	ST_E15_5_S1_S2	uot	0.25	2.0	N	I_SPATIAL	0.00125	0.000625	1500	0.00032924077232321207	0.00039728203451834407	0.0003259409661214046	0.00046753498681712625
Stereo-seq	ST_E15_5_S1_S2	same_age_sections	ST_E15_5_S1_S2	legacy_replication	forward	ST_E15_5_S1_S2	row_softmax	0.25		R	I_EXPR	0.02	0.01	1500	0.0017860161035301745	0.0020648139365275235	0.0017718435206938053	0.002487435712753231
Stereo-seq	ST_E15_5_S1_S2	same_age_sections	ST_E15_5_S1_S2	legacy_replication	forward	ST_E15_5_S1_S2	row_softmax	0.25		R	I_EXPR	0.01	0.005	1500	0.0008922663374768763	0.0010313517152501898	0.0008851600975338358	0.0012421310564449967
Stereo-seq	ST_E15_5_S1_S2	same_age_sections	ST_E15_5_S1_S2	legacy_replication	forward	ST_E15_5_S1_S2	row_softmax	0.25		R	I_EXPR	0.005	0.0025	1500	0.0004459005973230895	0.000515411727964962	0.00044238985939748065	0.0006206676207327021
Stereo-seq	ST_E15_5_S1_S2	same_age_sections	ST_E15_5_S1_S2	legacy_replication	forward	ST_E15_5_S1_S2	row_softmax	0.25		R	I_EXPR	0.0025	0.00125	1500	0.00022289678623873112	0.0002576398193813585	0.00022114740767719746	0.0003102343407201261
Stereo-seq	ST_E15_5_S1_S2	same_age_sections	ST_E15_5_S1_S2	legacy_replication	forward	ST_E15_5_S1_S2	row_softmax	0.25		R	I_EXPR	0.00125	0.000625	1500	0.00011143624402196425	0.00012880339446135074	0.00011056182618684034	0.00015509245082250542
Stereo-seq	ST_E15_5_S1_S2	same_age_sections	ST_E15_5_S1_S2	legacy_replication	forward	ST_E15_5_S1_S2	row_softmax	0.25		R	I_SPATIAL	0.02	0.01	1500	0.005983040781885286	0.006813670869698364	0.005869687117117355	0.007810009566572521
Stereo-seq	ST_E15_5_S1_S2	same_age_sections	ST_E15_5_S1_S2	legacy_replication	forward	ST_E15_5_S1_S2	row_softmax	0.25		R	I_SPATIAL	0.01	0.005	1500	0.0029732969778979747	0.003384533410484374	0.002917914649256835	0.0038797360864805753
Stereo-seq	ST_E15_5_S1_S2	same_age_sections	ST_E15_5_S1_S2	legacy_replication	forward	ST_E15_5_S1_S2	row_softmax	0.25		R	I_SPATIAL	0.005	0.0025	1500	0.0014822735017179238	0.0016870137589116807	0.001454758497474531	0.0019335640750825162
Stereo-seq	ST_E15_5_S1_S2	same_age_sections	ST_E15_5_S1_S2	legacy_replication	forward	ST_E15_5_S1_S2	row_softmax	0.25		R	I_SPATIAL	0.0025	0.00125	1500	0.0007401133844473951	0.0008422259460046562	0.0007263337048722687	0.0009652089361582822
Stereo-seq	ST_E15_5_S1_S2	same_age_sections	ST_E15_5_S1_S2	legacy_replication	forward	ST_E15_5_S1_S2	row_softmax	0.25		R	I_SPATIAL	0.00125	0.000625	1500	0.0003697920844568548	0.0004207911207989987	0.0003629059910707457	0.00048221153177626616
Stereo-seq	ST_E15_5_S1_S2	same_age_sections	ST_E15_5_S1_S2	legacy_replication	forward	ST_E15_5_S1_S2	row_softmax	0.25		N	I_EXPR	0.02	0.01	1500	0.006177175398906139	0.007089554766701247	0.006122636073060163	0.008125504560789065
Stereo-seq	ST_E15_5_S1_S2	same_age_sections	ST_E15_5_S1_S2	legacy_replication	forward	ST_E15_5_S1_S2	row_softmax	0.25		N	I_EXPR	0.01	0.005	1500	0.003106475680797318	0.003565806009350176	0.003077436665598011	0.004094876355224445
Stereo-seq	ST_E15_5_S1_S2	same_age_sections	ST_E15_5_S1_S2	legacy_replication	forward	ST_E15_5_S1_S2	row_softmax	0.25		N	I_EXPR	0.005	0.0025	1500	0.001557644617700036	0.0017884142389884327	0.0015427849158201334	0.002055527732045443
Stereo-seq	ST_E15_5_S1_S2	same_age_sections	ST_E15_5_S1_S2	legacy_replication	forward	ST_E15_5_S1_S2	row_softmax	0.25		N	I_EXPR	0.0025	0.00125	1500	0.0007798149264904015	0.00089574182293243	0.0007724138034578425	0.0010297931330010472
Stereo-seq	ST_E15_5_S1_S2	same_age_sections	ST_E15_5_S1_S2	legacy_replication	forward	ST_E15_5_S1_S2	row_softmax	0.25		N	I_EXPR	0.00125	0.000625	1500	0.0003901656100611378	0.0004482692950268378	0.0003864628107553503	0.0005154057556453642
Stereo-seq	ST_E15_5_S1_S2	same_age_sections	ST_E15_5_S1_S2	legacy_replication	forward	ST_E15_5_S1_S2	row_softmax	0.25		N	I_SPATIAL	0.02	0.01	1500	0.006318326379301641	0.007265654420971842	0.0062539647066935655	0.008388340675553687
Stereo-seq	ST_E15_5_S1_S2	same_age_sections	ST_E15_5_S1_S2	legacy_replication	forward	ST_E15_5_S1_S2	row_softmax	0.25		N	I_SPATIAL	0.01	0.005	1500	0.003140878092866663	0.0036098985564739366	0.0031102667926347655	0.004160465606024843
Stereo-seq	ST_E15_5_S1_S2	same_age_sections	ST_E15_5_S1_S2	legacy_replication	forward	ST_E15_5_S1_S2	row_softmax	0.25		N	I_SPATIAL	0.005	0.0025	1500	0.0015659056785970542	0.0017993782687172686	0.0015509925553002357	0.0020719181463957686
Stereo-seq	ST_E15_5_S1_S2	same_age_sections	ST_E15_5_S1_S2	legacy_replication	forward	ST_E15_5_S1_S2	row_softmax	0.25		N	I_SPATIAL	0.0025	0.00125	1500	0.000781825819387386	0.0008986036371723883	0.0007744657039354079	0.0010338870568497144
Stereo-seq	ST_E15_5_S1_S2	same_age_sections	ST_E15_5_S1_S2	legacy_replication	forward	ST_E15_5_S1_S2	row_softmax	0.25		N	I_SPATIAL	0.00125	0.000625	1500	0.0003906544067245913	0.00044904567792552216	0.00038697578285540405	0.0005164270845181149
Stereo-seq	ST_E15_5_S1_S2	same_age_sections	ST_E15_5_S1_S2	legacy_replication	forward	ST_E15_5_S1_S2	balanced_ot	0.25		R	I_EXPR	0.02	0.01	1500	0.0008671949606378277	0.0011066048641799843	0.000894809731644691	0.0019806667867160294
Stereo-seq	ST_E15_5_S1_S2	same_age_sections	ST_E15_5_S1_S2	legacy_replication	forward	ST_E15_5_S1_S2	balanced_ot	0.25		R	I_EXPR	0.01	0.005	1500	0.00043350700564780223	0.0005530086841509799	0.00044735956142145233	0.0009902106269419238
Stereo-seq	ST_E15_5_S1_S2	same_age_sections	ST_E15_5_S1_S2	legacy_replication	forward	ST_E15_5_S1_S2	balanced_ot	0.25		R	I_EXPR	0.005	0.0025	1500	0.0002167431160396955	0.00027642484638441074	0.00022366844709246887	0.00049507422518874
Stereo-seq	ST_E15_5_S1_S2	same_age_sections	ST_E15_5_S1_S2	legacy_replication	forward	ST_E15_5_S1_S2	balanced_ot	0.25		R	I_EXPR	0.0025	0.00125	1500	0.0001083689561052926	0.00013820821482981468	0.00011183139465111601	0.00024752929031916337
Stereo-seq	ST_E15_5_S1_S2	same_age_sections	ST_E15_5_S1_S2	legacy_replication	forward	ST_E15_5_S1_S2	balanced_ot	0.25		R	I_EXPR	0.00125	0.000625	1500	5.418382620550666e-05	6.910599545274585e-05	5.591499177938046e-05	0.00012376266172681307
Stereo-seq	ST_E15_5_S1_S2	same_age_sections	ST_E15_5_S1_S2	legacy_replication	forward	ST_E15_5_S1_S2	balanced_ot	0.25		R	I_SPATIAL	0.02	0.01	1500	0.006270716383276996	0.007250108170870704	0.006122121902287676	0.008083124220777612
Stereo-seq	ST_E15_5_S1_S2	same_age_sections	ST_E15_5_S1_S2	legacy_replication	forward	ST_E15_5_S1_S2	balanced_ot	0.25		R	I_SPATIAL	0.01	0.005	1500	0.0031162595062606347	0.0036017175337363884	0.0030423548035656014	0.004012879123437851
Stereo-seq	ST_E15_5_S1_S2	same_age_sections	ST_E15_5_S1_S2	legacy_replication	forward	ST_E15_5_S1_S2	balanced_ot	0.25		R	I_SPATIAL	0.005	0.0025	1500	0.001553162211516176	0.0017945654004351537	0.001516537688558339	0.0019993572538716626
Stereo-seq	ST_E15_5_S1_S2	same_age_sections	ST_E15_5_S1_S2	legacy_replication	forward	ST_E15_5_S1_S2	balanced_ot	0.25		R	I_SPATIAL	0.0025	0.00125	1500	0.0007752683284396547	0.0008957750661055881	0.0007571134649294553	0.0009979149645293077
Stereo-seq	ST_E15_5_S1_S2	same_age_sections	ST_E15_5_S1_S2	legacy_replication	forward	ST_E15_5_S1_S2	balanced_ot	0.25		R	I_SPATIAL	0.00125	0.000625	1500	0.0003873069746161234	0.00044749774073399876	0.00037826846517301444	0.0004985172364056261
Stereo-seq	ST_E15_5_S1_S2	same_age_sections	ST_E15_5_S1_S2	legacy_replication	forward	ST_E15_5_S1_S2	balanced_ot	0.25		N	I_EXPR	0.02	0.01	1500	0.006067906734397874	0.007091372872703114	0.0059648938052952296	0.008172437703130695
Stereo-seq	ST_E15_5_S1_S2	same_age_sections	ST_E15_5_S1_S2	legacy_replication	forward	ST_E15_5_S1_S2	balanced_ot	0.25		N	I_EXPR	0.01	0.005	1500	0.0030534281258913568	0.0035694121598135353	0.003000142491111873	0.004116827895257743
Stereo-seq	ST_E15_5_S1_S2	same_age_sections	ST_E15_5_S1_S2	legacy_replication	forward	ST_E15_5_S1_S2	balanced_ot	0.25		N	I_EXPR	0.005	0.0025	1500	0.0015321356626148666	0.0017907682658954455	0.0015045312666522998	0.0020661493382820536
Stereo-seq	ST_E15_5_S1_S2	same_age_sections	ST_E15_5_S1_S2	legacy_replication	forward	ST_E15_5_S1_S2	balanced_ot	0.25		N	I_EXPR	0.0025	0.00125	1500	0.0007673238265501561	0.0008967111075323864	0.0007533850921384897	0.001035020038489359
Stereo-seq	ST_E15_5_S1_S2	same_age_sections	ST_E15_5_S1_S2	legacy_replication	forward	ST_E15_5_S1_S2	balanced_ot	0.25		N	I_EXPR	0.00125	0.000625	1500	0.0003839590674909945	0.0004487324371811571	0.0003769729447110182	0.0005179971571626123
Stereo-seq	ST_E15_5_S1_S2	same_age_sections	ST_E15_5_S1_S2	legacy_replication	forward	ST_E15_5_S1_S2	balanced_ot	0.25		N	I_SPATIAL	0.02	0.01	1500	0.006222032292778257	0.0072855231665447445	0.006108761412981756	0.008428425043085514
Stereo-seq	ST_E15_5_S1_S2	same_age_sections	ST_E15_5_S1_S2	legacy_replication	forward	ST_E15_5_S1_S2	balanced_ot	0.25		N	I_SPATIAL	0.01	0.005	1500	0.0030922491288889317	0.003618183502523851	0.003036106174269858	0.004180316498320172
Stereo-seq	ST_E15_5_S1_S2	same_age_sections	ST_E15_5_S1_S2	legacy_replication	forward	ST_E15_5_S1_S2	balanced_ot	0.25		N	I_SPATIAL	0.005	0.0025	1500	0.0015419136928384084	0.0018025011971069616	0.0015135219119741775	0.002081829572198063
Stereo-seq	ST_E15_5_S1_S2	same_age_sections	ST_E15_5_S1_S2	legacy_replication	forward	ST_E15_5_S1_S2	balanced_ot	0.25		N	I_SPATIAL	0.0025	0.00125	1500	0.0007698428939325681	0.0008996893955647461	0.0007556326746250327	0.0010389214808378213
Stereo-seq	ST_E15_5_S1_S2	same_age_sections	ST_E15_5_S1_S2	legacy_replication	forward	ST_E15_5_S1_S2	balanced_ot	0.25		N	I_SPATIAL	0.00125	0.000625	1500	0.000384576257529088	0.0004494785281109966	0.00037753482660894726	0.0005189724370712838
Stereo-seq	ST_E15_5_S1_S2	same_age_sections	ST_E15_5_S1_S2	legacy_replication	reverse	ST_E15_5_S1_S2__reverse	uot	0.25	2.0	R	I_EXPR	0.02	0.01	1500	0.0010215911406892004	0.001416021379905347	0.0010749598414177346	0.0020408192582201203
Stereo-seq	ST_E15_5_S1_S2	same_age_sections	ST_E15_5_S1_S2	legacy_replication	reverse	ST_E15_5_S1_S2__reverse	uot	0.25	2.0	R	I_EXPR	0.01	0.005	1500	0.0005106528744764313	0.0007082214102863515	0.000537436617603791	0.001020203562201618
Stereo-seq	ST_E15_5_S1_S2	same_age_sections	ST_E15_5_S1_S2	legacy_replication	reverse	ST_E15_5_S1_S2__reverse	uot	0.25	2.0	R	I_EXPR	0.005	0.0025	1500	0.0002552919971709976	0.0003541629706078285	0.0002687074374193174	0.0005100494045773396
Stereo-seq	ST_E15_5_S1_S2	same_age_sections	ST_E15_5_S1_S2	legacy_replication	reverse	ST_E15_5_S1_S2__reverse	uot	0.25	2.0	R	I_EXPR	0.0025	0.00125	1500	0.00012763956308209178	0.00017709365723650683	0.00013435099594302793	0.00025501137633947947
Stereo-seq	ST_E15_5_S1_S2	same_age_sections	ST_E15_5_S1_S2	legacy_replication	reverse	ST_E15_5_S1_S2__reverse	uot	0.25	2.0	R	I_EXPR	0.00125	0.000625	1500	6.382129808513166e-05	8.854731177998126e-05	6.717481669408583e-05	0.0001275023448270637
Stereo-seq	ST_E15_5_S1_S2	same_age_sections	ST_E15_5_S1_S2	legacy_replication	reverse	ST_E15_5_S1_S2__reverse	uot	0.25	2.0	R	I_SPATIAL	0.02	0.01	1500	0.006462993931903378	0.007448808796907965	0.0062885151426380365	0.008440761090013786
Stereo-seq	ST_E15_5_S1_S2	same_age_sections	ST_E15_5_S1_S2	legacy_replication	reverse	ST_E15_5_S1_S2__reverse	uot	0.25	2.0	R	I_SPATIAL	0.01	0.005	1500	0.003210846222094316	0.003698880260838259	0.0031249379651492127	0.00418886065053274
Stereo-seq	ST_E15_5_S1_S2	same_age_sections	ST_E15_5_S1_S2	legacy_replication	reverse	ST_E15_5_S1_S2__reverse	uot	0.25	2.0	R	I_SPATIAL	0.005	0.0025	1500	0.0016003518684323714	0.0018423936715626739	0.0015576778828199575	0.0020866070974215676
Stereo-seq	ST_E15_5_S1_S2	same_age_sections	ST_E15_5_S1_S2	legacy_replication	reverse	ST_E15_5_S1_S2__reverse	uot	0.25	2.0	R	I_SPATIAL	0.0025	0.00125	1500	0.0007988577549742452	0.0009194869712807546	0.0007776460006135798	0.0010413541661581296
Stereo-seq	ST_E15_5_S1_S2	same_age_sections	ST_E15_5_S1_S2	legacy_replication	reverse	ST_E15_5_S1_S2__reverse	uot	0.25	2.0	R	I_SPATIAL	0.00125	0.000625	1500	0.0003990997347433987	0.00045933132342123	0.00038852536266214936	0.000520190601289172
Stereo-seq	ST_E15_5_S1_S2	same_age_sections	ST_E15_5_S1_S2	legacy_replication	reverse	ST_E15_5_S1_S2__reverse	uot	0.25	2.0	N	I_EXPR	0.02	0.01	1500	0.005225830677289796	0.0062233327665991225	0.005147626998214112	0.007361738148572303
Stereo-seq	ST_E15_5_S1_S2	same_age_sections	ST_E15_5_S1_S2	legacy_replication	reverse	ST_E15_5_S1_S2__reverse	uot	0.25	2.0	N	I_EXPR	0.01	0.005	1500	0.0026307139293715023	0.0031330701973288585	0.0025896909087020706	0.0037092541644305546
Stereo-seq	ST_E15_5_S1_S2	same_age_sections	ST_E15_5_S1_S2	legacy_replication	reverse	ST_E15_5_S1_S2__reverse	uot	0.25	2.0	N	I_EXPR	0.005	0.0025	1500	0.001320372918672918	0.0015726651876000696	0.0012988486844807184	0.001861813967222733
Stereo-seq	ST_E15_5_S1_S2	same_age_sections	ST_E15_5_S1_S2	legacy_replication	reverse	ST_E15_5_S1_S2__reverse	uot	0.25	2.0	N	I_EXPR	0.0025	0.00125	1500	0.000661333795300317	0.000787561570593407	0.0006504295350490538	0.0009327099812977064
Stereo-seq	ST_E15_5_S1_S2	same_age_sections	ST_E15_5_S1_S2	legacy_replication	reverse	ST_E15_5_S1_S2__reverse	uot	0.25	2.0	N	I_EXPR	0.00125	0.000625	1500	0.00033095362005649176	0.00039408842896634743	0.0003254666276483648	0.00046680771152295705
Stereo-seq	ST_E15_5_S1_S2	same_age_sections	ST_E15_5_S1_S2	legacy_replication	reverse	ST_E15_5_S1_S2__reverse	uot	0.25	2.0	N	I_SPATIAL	0.02	0.01	1500	0.005367484760516681	0.006397922410687072	0.005276867742254718	0.007593820545596192
Stereo-seq	ST_E15_5_S1_S2	same_age_sections	ST_E15_5_S1_S2	legacy_replication	reverse	ST_E15_5_S1_S2__reverse	uot	0.25	2.0	N	I_SPATIAL	0.01	0.005	1500	0.0026668758148976506	0.0031761742809407133	0.0026219985080452152	0.0037673183850895574
Stereo-seq	ST_E15_5_S1_S2	same_age_sections	ST_E15_5_S1_S2	legacy_replication	reverse	ST_E15_5_S1_S2__reverse	uot	0.25	2.0	N	I_SPATIAL	0.005	0.0025	1500	0.0013292437096115352	0.0015825248463530574	0.0013069255912677312	0.0018763336313090085
Stereo-seq	ST_E15_5_S1_S2	same_age_sections	ST_E15_5_S1_S2	legacy_replication	reverse	ST_E15_5_S1_S2__reverse	uot	0.25	2.0	N	I_SPATIAL	0.0025	0.00125	1500	0.000663577147474125	0.0007900259092315188	0.0006524487573763736	0.0009363414351290055
Stereo-seq	ST_E15_5_S1_S2	same_age_sections	ST_E15_5_S1_S2	legacy_replication	reverse	ST_E15_5_S1_S2__reverse	uot	0.25	2.0	N	I_SPATIAL	0.00125	0.000625	1500	0.0003315279544631406	0.0003947045135445772	0.00032597142599327016	0.00046771585420486705
Stereo-seq	ST_E15_5_S1_S2	same_age_sections	ST_E15_5_S1_S2	legacy_replication	reverse	ST_E15_5_S1_S2__reverse	row_softmax	0.25		R	I_EXPR	0.02	0.01	1500	0.0021346683049142676	0.0025637565083569676	0.002132924857641638	0.0031507040488663275
Stereo-seq	ST_E15_5_S1_S2	same_age_sections	ST_E15_5_S1_S2	legacy_replication	reverse	ST_E15_5_S1_S2__reverse	row_softmax	0.25		R	I_EXPR	0.01	0.005	1500	0.0010660693999967811	0.0012803707349027835	0.0010651863721298901	0.0015735027599060995
Stereo-seq	ST_E15_5_S1_S2	same_age_sections	ST_E15_5_S1_S2	legacy_replication	reverse	ST_E15_5_S1_S2__reverse	row_softmax	0.25		R	I_EXPR	0.005	0.0025	1500	0.0005327294053092497	0.0006398137113643707	0.0005322743028322982	0.0007862873843228934
Stereo-seq	ST_E15_5_S1_S2	same_age_sections	ST_E15_5_S1_S2	legacy_replication	reverse	ST_E15_5_S1_S2__reverse	row_softmax	0.25		R	I_EXPR	0.0025	0.00125	1500	0.0002662863683235044	0.0003198136935562033	0.0002660574576214239	0.00039303003857136523
Stereo-seq	ST_E15_5_S1_S2	same_age_sections	ST_E15_5_S1_S2	legacy_replication	reverse	ST_E15_5_S1_S2__reverse	row_softmax	0.25		R	I_EXPR	0.00125	0.000625	1500	0.00013312362996479872	0.000159883541988108	0.00013300880898470689	0.00019648655346597753
Stereo-seq	ST_E15_5_S1_S2	same_age_sections	ST_E15_5_S1_S2	legacy_replication	reverse	ST_E15_5_S1_S2__reverse	row_softmax	0.25		R	I_SPATIAL	0.02	0.01	1500	0.006173716563031296	0.007048101471434059	0.005948091675452574	0.007857718729942838
Stereo-seq	ST_E15_5_S1_S2	same_age_sections	ST_E15_5_S1_S2	legacy_replication	reverse	ST_E15_5_S1_S2__reverse	row_softmax	0.25		R	I_SPATIAL	0.01	0.005	1500	0.003067385370985615	0.003500870862731124	0.002956950542330625	0.0039011223275532405
Stereo-seq	ST_E15_5_S1_S2	same_age_sections	ST_E15_5_S1_S2	legacy_replication	reverse	ST_E15_5_S1_S2__reverse	row_softmax	0.25		R	I_SPATIAL	0.005	0.0025	1500	0.0015290679459320166	0.0017449103225944658	0.0014742336719017353	0.0019436869174771357
Stereo-seq	ST_E15_5_S1_S2	same_age_sections	ST_E15_5_S1_S2	legacy_replication	reverse	ST_E15_5_S1_S2__reverse	row_softmax	0.25		R	I_SPATIAL	0.0025	0.00125	1500	0.0007634674226278582	0.0008710518178115292	0.0007360605345303281	0.0009701263959761725
Stereo-seq	ST_E15_5_S1_S2	same_age_sections	ST_E15_5_S1_S2	legacy_replication	reverse	ST_E15_5_S1_S2__reverse	row_softmax	0.25		R	I_SPATIAL	0.00125	0.000625	1500	0.0003814513361233247	0.0004351756024148845	0.00036776670064463444	0.00048463329324499566
Stereo-seq	ST_E15_5_S1_S2	same_age_sections	ST_E15_5_S1_S2	legacy_replication	reverse	ST_E15_5_S1_S2__reverse	row_softmax	0.25		N	I_EXPR	0.02	0.01	1500	0.006571961400177153	0.007597381290889108	0.00640549224421845	0.008742350823571252
Stereo-seq	ST_E15_5_S1_S2	same_age_sections	ST_E15_5_S1_S2	legacy_replication	reverse	ST_E15_5_S1_S2__reverse	row_softmax	0.25		N	I_EXPR	0.01	0.005	1500	0.0033028927160893193	0.0038196502369427826	0.0032188274326250526	0.004401401331965766
Stereo-seq	ST_E15_5_S1_S2	same_age_sections	ST_E15_5_S1_S2	legacy_replication	reverse	ST_E15_5_S1_S2__reverse	row_softmax	0.25		N	I_EXPR	0.005	0.0025	1500	0.0016572967338230936	0.0019151318192402542	0.0016134691417646941	0.002208327190764368
Stereo-seq	ST_E15_5_S1_S2	same_age_sections	ST_E15_5_S1_S2	legacy_replication	reverse	ST_E15_5_S1_S2__reverse	row_softmax	0.25		N	I_EXPR	0.0025	0.00125	1500	0.0008298721294938795	0.0009588794326255233	0.0008077528479461143	0.0011060776570569223
Stereo-seq	ST_E15_5_S1_S2	same_age_sections	ST_E15_5_S1_S2	legacy_replication	reverse	ST_E15_5_S1_S2__reverse	row_softmax	0.25		N	I_EXPR	0.00125	0.000625	1500	0.00041527038185516817	0.00047976557417150347	0.00040413153546407885	0.0005535172854338462
Stereo-seq	ST_E15_5_S1_S2	same_age_sections	ST_E15_5_S1_S2	legacy_replication	reverse	ST_E15_5_S1_S2__reverse	row_softmax	0.25		N	I_SPATIAL	0.02	0.01	1500	0.006731621637990709	0.007766854650014984	0.006536407582301093	0.008988205408773571
Stereo-seq	ST_E15_5_S1_S2	same_age_sections	ST_E15_5_S1_S2	legacy_replication	reverse	ST_E15_5_S1_S2__reverse	row_softmax	0.25		N	I_SPATIAL	0.01	0.005	1500	0.0033444231536230032	0.0038611036362889662	0.0032515544815463287	0.004462866231603599
Stereo-seq	ST_E15_5_S1_S2	same_age_sections	ST_E15_5_S1_S2	legacy_replication	reverse	ST_E15_5_S1_S2__reverse	row_softmax	0.25		N	I_SPATIAL	0.005	0.0025	1500	0.0016672575779038388	0.0019253386340680977	0.0016216507006950375	0.002223686738828523
Stereo-seq	ST_E15_5_S1_S2	same_age_sections	ST_E15_5_S1_S2	legacy_replication	reverse	ST_E15_5_S1_S2__reverse	row_softmax	0.25		N	I_SPATIAL	0.0025	0.00125	1500	0.0008324243333512975	0.0009613543069113129	0.0008097982343974802	0.001109913941367037
Stereo-seq	ST_E15_5_S1_S2	same_age_sections	ST_E15_5_S1_S2	legacy_replication	reverse	ST_E15_5_S1_S2__reverse	row_softmax	0.25		N	I_SPATIAL	0.00125	0.000625	1500	0.0004159125792889642	0.0004803989801686051	0.0004046428902702916	0.0005544759859657831
Stereo-seq	ST_E15_5_S1_S2	same_age_sections	ST_E15_5_S1_S2	legacy_replication	reverse	ST_E15_5_S1_S2__reverse	balanced_ot	0.25		R	I_EXPR	0.02	0.01	1500	0.0008552734389159335	0.0010653048400956495	0.0008848801156785579	0.002160204775490732
Stereo-seq	ST_E15_5_S1_S2	same_age_sections	ST_E15_5_S1_S2	legacy_replication	reverse	ST_E15_5_S1_S2__reverse	balanced_ot	0.25		R	I_EXPR	0.01	0.005	1500	0.00042752394532221836	0.0005326895269678893	0.00044239263793470555	0.0010800969430762174
Stereo-seq	ST_E15_5_S1_S2	same_age_sections	ST_E15_5_S1_S2	legacy_replication	reverse	ST_E15_5_S1_S2__reverse	balanced_ot	0.25		R	I_EXPR	0.005	0.0025	1500	0.00021373377826049763	0.00026624144406332817	0.00022118446214596077	0.0005400461172459062
Stereo-seq	ST_E15_5_S1_S2	same_age_sections	ST_E15_5_S1_S2	legacy_replication	reverse	ST_E15_5_S1_S2__reverse	balanced_ot	0.25		R	I_EXPR	0.0025	0.00125	1500	0.00010685424532334892	0.00013309486030145846	0.00011058927431840304	0.00027002307181008526
Stereo-seq	ST_E15_5_S1_S2	same_age_sections	ST_E15_5_S1_S2	legacy_replication	reverse	ST_E15_5_S1_S2__reverse	balanced_ot	0.25		R	I_EXPR	0.00125	0.000625	1500	5.342292915269015e-05	6.654253210111085e-05	5.5293898777918065e-05	0.00013501148161097277
Stereo-seq	ST_E15_5_S1_S2	same_age_sections	ST_E15_5_S1_S2	legacy_replication	reverse	ST_E15_5_S1_S2__reverse	balanced_ot	0.25		R	I_SPATIAL	0.02	0.01	1500	0.00625795231149515	0.007292503560372628	0.0061116441562331925	0.008412415459457121
Stereo-seq	ST_E15_5_S1_S2	same_age_sections	ST_E15_5_S1_S2	legacy_replication	reverse	ST_E15_5_S1_S2__reverse	balanced_ot	0.25		R	I_SPATIAL	0.01	0.005	1500	0.0031079498300150693	0.0036207354409227687	0.0030372201138140695	0.004177090105501107
Stereo-seq	ST_E15_5_S1_S2	same_age_sections	ST_E15_5_S1_S2	legacy_replication	reverse	ST_E15_5_S1_S2__reverse	balanced_ot	0.25		R	I_SPATIAL	0.005	0.0025	1500	0.0015487223312606107	0.0018032368218337067	0.0015139960809633598	0.0020813467237977734
Stereo-seq	ST_E15_5_S1_S2	same_age_sections	ST_E15_5_S1_S2	legacy_replication	reverse	ST_E15_5_S1_S2__reverse	balanced_ot	0.25		R	I_SPATIAL	0.0025	0.00125	1500	0.0007730892152584669	0.0008999852338444417	0.0007558490560553673	0.0010388786723569332
Stereo-seq	ST_E15_5_S1_S2	same_age_sections	ST_E15_5_S1_S2	legacy_replication	reverse	ST_E15_5_S1_S2__reverse	balanced_ot	0.25		R	I_SPATIAL	0.00125	0.000625	1500	0.00038622224271526773	0.0004496297850474507	0.0003776378566835361	0.0005189912758242285
Stereo-seq	ST_E15_5_S1_S2	same_age_sections	ST_E15_5_S1_S2	legacy_replication	reverse	ST_E15_5_S1_S2__reverse	balanced_ot	0.25		N	I_EXPR	0.02	0.01	1500	0.0060779176264184505	0.007157221983346288	0.005954470451540071	0.008325144472873079
Stereo-seq	ST_E15_5_S1_S2	same_age_sections	ST_E15_5_S1_S2	legacy_replication	reverse	ST_E15_5_S1_S2__reverse	balanced_ot	0.25		N	I_EXPR	0.01	0.005	1500	0.0030571130566713106	0.0036037301066961405	0.002994833212225469	0.004190017953467244
Stereo-seq	ST_E15_5_S1_S2	same_age_sections	ST_E15_5_S1_S2	legacy_replication	reverse	ST_E15_5_S1_S2__reverse	balanced_ot	0.25		N	I_EXPR	0.005	0.0025	1500	0.0015327663494584414	0.001808532238662614	0.00150185199979619	0.002101920236626742
Stereo-seq	ST_E15_5_S1_S2	same_age_sections	ST_E15_5_S1_S2	legacy_replication	reverse	ST_E15_5_S1_S2__reverse	balanced_ot	0.25		N	I_EXPR	0.0025	0.00125	1500	0.0007674469413540896	0.0009058148490465979	0.0007520392821946497	0.0010526924583080751
Stereo-seq	ST_E15_5_S1_S2	same_age_sections	ST_E15_5_S1_S2	legacy_replication	reverse	ST_E15_5_S1_S2__reverse	balanced_ot	0.25		N	I_EXPR	0.00125	0.000625	1500	0.00038405818016667536	0.0004532956251151338	0.0003762984951955644	0.0005267798146714677
Stereo-seq	ST_E15_5_S1_S2	same_age_sections	ST_E15_5_S1_S2	legacy_replication	reverse	ST_E15_5_S1_S2__reverse	balanced_ot	0.25		N	I_SPATIAL	0.02	0.01	1500	0.006234917049438486	0.007362392457355673	0.006097542483295475	0.008547611662868063
Stereo-seq	ST_E15_5_S1_S2	same_age_sections	ST_E15_5_S1_S2	legacy_replication	reverse	ST_E15_5_S1_S2__reverse	balanced_ot	0.25		N	I_SPATIAL	0.01	0.005	1500	0.003096657110781434	0.0036550265808746323	0.003030598082792166	0.004245621229559249
Stereo-seq	ST_E15_5_S1_S2	same_age_sections	ST_E15_5_S1_S2	legacy_replication	reverse	ST_E15_5_S1_S2__reverse	balanced_ot	0.25		N	I_SPATIAL	0.005	0.0025	1500	0.001543241343787223	0.001821059839552533	0.001510792994806912	0.0021158152877391156
Stereo-seq	ST_E15_5_S1_S2	same_age_sections	ST_E15_5_S1_S2	legacy_replication	reverse	ST_E15_5_S1_S2__reverse	balanced_ot	0.25		N	I_SPATIAL	0.0025	0.00125	1500	0.0007701920994627531	0.0009089309707022748	0.0007542744585198576	0.0010561651482045066
Stereo-seq	ST_E15_5_S1_S2	same_age_sections	ST_E15_5_S1_S2	legacy_replication	reverse	ST_E15_5_S1_S2__reverse	balanced_ot	0.25		N	I_SPATIAL	0.00125	0.000625	1500	0.00038472996414442494	0.0004540753011963436	0.00037685727392738823	0.0005276479879388715
STARmap_PLUS	STAR_8M_D1_D2	same_age_replicates	STAR_8M_D1_D2	legacy_replication	forward	STAR_8M_D1_D2	uot	0.25	2.0	R	I_EXPR	0.02	0.01	1500	0.0010015167584486685	0.001205958550700393	0.001012513482894427	0.0015078011470946945
STARmap_PLUS	STAR_8M_D1_D2	same_age_replicates	STAR_8M_D1_D2	legacy_replication	forward	STAR_8M_D1_D2	uot	0.25	2.0	R	I_EXPR	0.01	0.005	1500	0.0005007363511478618	0.000603191250178897	0.0005063134280757863	0.0007542879465633288
STARmap_PLUS	STAR_8M_D1_D2	same_age_replicates	STAR_8M_D1_D2	legacy_replication	forward	STAR_8M_D1_D2	uot	0.25	2.0	R	I_EXPR	0.005	0.0025	1500	0.0002503883383207073	0.00030159438513431704	0.0002531708955018476	0.0003772412121611847
STARmap_PLUS	STAR_8M_D1_D2	same_age_replicates	STAR_8M_D1_D2	legacy_replication	forward	STAR_8M_D1_D2	uot	0.25	2.0	R	I_EXPR	0.0025	0.00125	1500	0.00012519909823911182	0.00015079683166956175	0.00012658898734553648	0.0001886449892050545
STARmap_PLUS	STAR_8M_D1_D2	same_age_replicates	STAR_8M_D1_D2	legacy_replication	forward	STAR_8M_D1_D2	uot	0.25	2.0	R	I_EXPR	0.00125	0.000625	1500	6.260030316583451e-05	7.539791708048692e-05	6.329537814555729e-05	9.432858013466713e-05
STARmap_PLUS	STAR_8M_D1_D2	same_age_replicates	STAR_8M_D1_D2	legacy_replication	forward	STAR_8M_D1_D2	uot	0.25	2.0	R	I_SPATIAL	0.02	0.01	1500	0.006524009730071667	0.008163360125728903	0.006461369143590767	0.009023895623318788
STARmap_PLUS	STAR_8M_D1_D2	same_age_replicates	STAR_8M_D1_D2	legacy_replication	forward	STAR_8M_D1_D2	uot	0.25	2.0	R	I_SPATIAL	0.01	0.005	1500	0.0032423608936256207	0.0040514875152046735	0.003211860853212458	0.004474311791852049
STARmap_PLUS	STAR_8M_D1_D2	same_age_replicates	STAR_8M_D1_D2	legacy_replication	forward	STAR_8M_D1_D2	uot	0.25	2.0	R	I_SPATIAL	0.005	0.0025	1500	0.0016165993199611494	0.0020182268658652846	0.0016012560190453084	0.002227834565086788
STARmap_PLUS	STAR_8M_D1_D2	same_age_replicates	STAR_8M_D1_D2	legacy_replication	forward	STAR_8M_D1_D2	uot	0.25	2.0	R	I_SPATIAL	0.0025	0.00125	1500	0.0008071581014805103	0.001007237960951818	0.0007994633467245083	0.0011115967576407512
STARmap_PLUS	STAR_8M_D1_D2	same_age_replicates	STAR_8M_D1_D2	legacy_replication	forward	STAR_8M_D1_D2	uot	0.25	2.0	R	I_SPATIAL	0.00125	0.000625	1500	0.0004032945020413488	0.0005031518272404719	0.0003994410220591296	0.0005552193974195074
STARmap_PLUS	STAR_8M_D1_D2	same_age_replicates	STAR_8M_D1_D2	legacy_replication	forward	STAR_8M_D1_D2	uot	0.25	2.0	N	I_EXPR	0.02	0.01	1500	0.005308955030730941	0.006634886916045425	0.0053743017511353915	0.007438806879891148
STARmap_PLUS	STAR_8M_D1_D2	same_age_replicates	STAR_8M_D1_D2	legacy_replication	forward	STAR_8M_D1_D2	uot	0.25	2.0	N	I_EXPR	0.01	0.005	1500	0.002670817952081638	0.003341686845317537	0.0027028772673852674	0.0037523004407654776
STARmap_PLUS	STAR_8M_D1_D2	same_age_replicates	STAR_8M_D1_D2	legacy_replication	forward	STAR_8M_D1_D2	uot	0.25	2.0	N	I_EXPR	0.005	0.0025	1500	0.0013399906445958126	0.0016767142333661573	0.0013553986442744984	0.0018844500265487653
STARmap_PLUS	STAR_8M_D1_D2	same_age_replicates	STAR_8M_D1_D2	legacy_replication	forward	STAR_8M_D1_D2	uot	0.25	2.0	N	I_EXPR	0.0025	0.00125	1500	0.0006709056667240743	0.0008401234633406649	0.0006786929674324134	0.0009443091470562755
STARmap_PLUS	STAR_8M_D1_D2	same_age_replicates	STAR_8M_D1_D2	legacy_replication	forward	STAR_8M_D1_D2	uot	0.25	2.0	N	I_EXPR	0.00125	0.000625	1500	0.0003356619085584355	0.00042051437214101373	0.00033959533722936655	0.0004726767562375679
STARmap_PLUS	STAR_8M_D1_D2	same_age_replicates	STAR_8M_D1_D2	legacy_replication	forward	STAR_8M_D1_D2	uot	0.25	2.0	N	I_SPATIAL	0.02	0.01	1500	0.0054358003033713855	0.006842826147419014	0.00550193623192418	0.0077068371396559416
STARmap_PLUS	STAR_8M_D1_D2	same_age_replicates	STAR_8M_D1_D2	legacy_replication	forward	STAR_8M_D1_D2	uot	0.25	2.0	N	I_SPATIAL	0.01	0.005	1500	0.002702238565259513	0.0033939960648982823	0.002734786129580178	0.003819288678178348
STARmap_PLUS	STAR_8M_D1_D2	same_age_replicates	STAR_8M_D1_D2	legacy_replication	forward	STAR_8M_D1_D2	uot	0.25	2.0	N	I_SPATIAL	0.005	0.0025	1500	0.001347282976059806	0.0016900235934161068	0.0013633761774223192	0.0019011968699121108
STARmap_PLUS	STAR_8M_D1_D2	same_age_replicates	STAR_8M_D1_D2	legacy_replication	forward	STAR_8M_D1_D2	uot	0.25	2.0	N	I_SPATIAL	0.0025	0.00125	1500	0.0006726212684678308	0.0008437162077643197	0.0006806873412602069	0.0009484958435055977
STARmap_PLUS	STAR_8M_D1_D2	same_age_replicates	STAR_8M_D1_D2	legacy_replication	forward	STAR_8M_D1_D2	uot	0.25	2.0	N	I_SPATIAL	0.00125	0.000625	1500	0.00033607196932924726	0.0004214217046536568	0.00034009392849565604	0.0004737234310767634
STARmap_PLUS	STAR_8M_D1_D2	same_age_replicates	STAR_8M_D1_D2	legacy_replication	forward	STAR_8M_D1_D2	row_softmax	0.25		R	I_EXPR	0.02	0.01	1500	0.0012439787439874877	0.0016257339454920168	0.0012520013673601037	0.0022501651850648043
STARmap_PLUS	STAR_8M_D1_D2	same_age_replicates	STAR_8M_D1_D2	legacy_replication	forward	STAR_8M_D1_D2	row_softmax	0.25		R	I_EXPR	0.01	0.005	1500	0.000622399111165733	0.000813264752457124	0.0006261423630349215	0.001124743274724683
STARmap_PLUS	STAR_8M_D1_D2	same_age_replicates	STAR_8M_D1_D2	legacy_replication	forward	STAR_8M_D1_D2	row_softmax	0.25		R	I_EXPR	0.005	0.0025	1500	0.0003112477944735903	0.0004067164976923963	0.00031310640138678205	0.0005622838687297889
STARmap_PLUS	STAR_8M_D1_D2	same_age_replicates	STAR_8M_D1_D2	legacy_replication	forward	STAR_8M_D1_D2	row_softmax	0.25		R	I_EXPR	0.0025	0.00125	1500	0.0001556359020217471	0.00020337909457330424	0.0001565619809920971	0.00028111959199613053
STARmap_PLUS	STAR_8M_D1_D2	same_age_replicates	STAR_8M_D1_D2	legacy_replication	forward	STAR_8M_D1_D2	row_softmax	0.25		R	I_EXPR	0.00125	0.000625	1500	7.782094400850246e-05	0.00010169660639506744	7.828318170059069e-05	0.00014055416542822205
STARmap_PLUS	STAR_8M_D1_D2	same_age_replicates	STAR_8M_D1_D2	legacy_replication	forward	STAR_8M_D1_D2	row_softmax	0.25		R	I_SPATIAL	0.02	0.01	1500	0.006072566581092899	0.007368615847828837	0.005978544880454296	0.00842822085858351
STARmap_PLUS	STAR_8M_D1_D2	same_age_replicates	STAR_8M_D1_D2	legacy_replication	forward	STAR_8M_D1_D2	row_softmax	0.25		R	I_SPATIAL	0.01	0.005	1500	0.003018489382690952	0.0036603061463697504	0.0029733058663216857	0.004185201135365551
STARmap_PLUS	STAR_8M_D1_D2	same_age_replicates	STAR_8M_D1_D2	legacy_replication	forward	STAR_8M_D1_D2	row_softmax	0.25		R	I_SPATIAL	0.005	0.0025	1500	0.0015053735159155247	0.0018255430712357963	0.0014826862993066168	0.0020854166123509183
STARmap_PLUS	STAR_8M_D1_D2	same_age_replicates	STAR_8M_D1_D2	legacy_replication	forward	STAR_8M_D1_D2	row_softmax	0.25		R	I_SPATIAL	0.0025	0.00125	1500	0.0007517585769011935	0.0009113447965254917	0.0007403545895882129	0.0010409161679161226
STARmap_PLUS	STAR_8M_D1_D2	same_age_replicates	STAR_8M_D1_D2	legacy_replication	forward	STAR_8M_D1_D2	row_softmax	0.25		R	I_SPATIAL	0.00125	0.000625	1500	0.0003756379742225736	0.0004553156013507993	0.00036993054869452176	0.0005200105334642194
STARmap_PLUS	STAR_8M_D1_D2	same_age_replicates	STAR_8M_D1_D2	legacy_replication	forward	STAR_8M_D1_D2	row_softmax	0.25		N	I_EXPR	0.02	0.01	1500	0.006070987435223333	0.007411752937521857	0.006014981657738299	0.008541694428711716
STARmap_PLUS	STAR_8M_D1_D2	same_age_replicates	STAR_8M_D1_D2	legacy_replication	forward	STAR_8M_D1_D2	row_softmax	0.25		N	I_EXPR	0.01	0.005	1500	0.003048528145748323	0.0037287651609374884	0.003022775763853801	0.004300333367888678
STARmap_PLUS	STAR_8M_D1_D2	same_age_replicates	STAR_8M_D1_D2	legacy_replication	forward	STAR_8M_D1_D2	row_softmax	0.25		N	I_EXPR	0.005	0.0025	1500	0.001527898000666175	0.0018695854664397841	0.0015152346245212811	0.0021575859486773646
STARmap_PLUS	STAR_8M_D1_D2	same_age_replicates	STAR_8M_D1_D2	legacy_replication	forward	STAR_8M_D1_D2	row_softmax	0.25		N	I_EXPR	0.0025	0.00125	1500	0.0007648859613403783	0.000936171367010676	0.0007585822252078303	0.0010806563385514793
STARmap_PLUS	STAR_8M_D1_D2	same_age_replicates	STAR_8M_D1_D2	legacy_replication	forward	STAR_8M_D1_D2	row_softmax	0.25		N	I_EXPR	0.00125	0.000625	1500	0.000382662993391261	0.0004684238395461207	0.00037953273900012794	0.0005407945085075004
STARmap_PLUS	STAR_8M_D1_D2	same_age_replicates	STAR_8M_D1_D2	legacy_replication	forward	STAR_8M_D1_D2	row_softmax	0.25		N	I_SPATIAL	0.02	0.01	1500	0.006193248823189143	0.00758753378692189	0.006138893387999539	0.008780728957427935
STARmap_PLUS	STAR_8M_D1_D2	same_age_replicates	STAR_8M_D1_D2	legacy_replication	forward	STAR_8M_D1_D2	row_softmax	0.25		N	I_SPATIAL	0.01	0.005	1500	0.003079321427756577	0.0037716319204467684	0.0030537533871819243	0.004360075218703674
STARmap_PLUS	STAR_8M_D1_D2	same_age_replicates	STAR_8M_D1_D2	legacy_replication	forward	STAR_8M_D1_D2	row_softmax	0.25		N	I_SPATIAL	0.005	0.0025	1500	0.0015356518398117473	0.0018804369663656955	0.0015229790540140834	0.0021725286676590634
STARmap_PLUS	STAR_8M_D1_D2	same_age_replicates	STAR_8M_D1_D2	legacy_replication	forward	STAR_8M_D1_D2	row_softmax	0.25		N	I_SPATIAL	0.0025	0.00125	1500	0.0007668191628988426	0.0009388775377768088	0.0007605183371792006	0.0010843918291273144
STARmap_PLUS	STAR_8M_D1_D2	same_age_replicates	STAR_8M_D1_D2	legacy_replication	forward	STAR_8M_D1_D2	row_softmax	0.25		N	I_SPATIAL	0.00125	0.000625	1500	0.00038314516820160314	0.000469100719580416	0.00038001676762582386	0.0005417283814497474
STARmap_PLUS	STAR_8M_D1_D2	same_age_replicates	STAR_8M_D1_D2	legacy_replication	forward	STAR_8M_D1_D2	balanced_ot	0.25		R	I_EXPR	0.02	0.01	1500	0.0008955434745245925	0.001340036878397374	0.0009784476558598535	0.002285249854261735
STARmap_PLUS	STAR_8M_D1_D2	same_age_replicates	STAR_8M_D1_D2	legacy_replication	forward	STAR_8M_D1_D2	balanced_ot	0.25		R	I_EXPR	0.01	0.005	1500	0.0004475630944330898	0.0006694849642100181	0.0004892427362558681	0.0011439217169873686
STARmap_PLUS	STAR_8M_D1_D2	same_age_replicates	STAR_8M_D1_D2	legacy_replication	forward	STAR_8M_D1_D2	balanced_ot	0.25		R	I_EXPR	0.005	0.0025	1500	0.00022374686163675037	0.0003344913013850283	0.0002446260600779955	0.0005722837772084679
STARmap_PLUS	STAR_8M_D1_D2	same_age_replicates	STAR_8M_D1_D2	legacy_replication	forward	STAR_8M_D1_D2	balanced_ot	0.25		R	I_EXPR	0.0025	0.00125	1500	0.00011187259116539352	0.00016724081253449762	0.00012231419875317407	0.0002862241555351053
STARmap_PLUS	STAR_8M_D1_D2	same_age_replicates	STAR_8M_D1_D2	legacy_replication	forward	STAR_8M_D1_D2	balanced_ot	0.25		R	I_EXPR	0.00125	0.000625	1500	5.593630422552998e-05	8.361921649567218e-05	6.115739155554535e-05	0.00014313261541195696
STARmap_PLUS	STAR_8M_D1_D2	same_age_replicates	STAR_8M_D1_D2	legacy_replication	forward	STAR_8M_D1_D2	balanced_ot	0.25		R	I_SPATIAL	0.02	0.01	1500	0.0063308282383138514	0.008027077962039214	0.006295972228009778	0.008905133105476066
STARmap_PLUS	STAR_8M_D1_D2	same_age_replicates	STAR_8M_D1_D2	legacy_replication	forward	STAR_8M_D1_D2	balanced_ot	0.25		R	I_SPATIAL	0.01	0.005	1500	0.0031459311142566252	0.003988798320183582	0.0031299103553631274	0.004416122030626577
STARmap_PLUS	STAR_8M_D1_D2	same_age_replicates	STAR_8M_D1_D2	legacy_replication	forward	STAR_8M_D1_D2	balanced_ot	0.25		R	I_SPATIAL	0.005	0.0025	1500	0.0015675078860208271	0.001988267514318645	0.0015604653653238862	0.0021990171738031448
STARmap_PLUS	STAR_8M_D1_D2	same_age_replicates	STAR_8M_D1_D2	legacy_replication	forward	STAR_8M_D1_D2	balanced_ot	0.25		R	I_SPATIAL	0.0025	0.00125	1500	0.0007823996071398161	0.0009926057924567915	0.000779113855102494	0.0010972557179655643
STARmap_PLUS	STAR_8M_D1_D2	same_age_replicates	STAR_8M_D1_D2	legacy_replication	forward	STAR_8M_D1_D2	balanced_ot	0.25		R	I_SPATIAL	0.00125	0.000625	1500	0.0003909341308650536	0.0004959208256206327	0.00038927767481980615	0.00054806571493906
STARmap_PLUS	STAR_8M_D1_D2	same_age_replicates	STAR_8M_D1_D2	legacy_replication	forward	STAR_8M_D1_D2	balanced_ot	0.25		N	I_EXPR	0.02	0.01	1500	0.006157678984116878	0.007796472960799048	0.00618414869516923	0.00868502027006056
STARmap_PLUS	STAR_8M_D1_D2	same_age_replicates	STAR_8M_D1_D2	legacy_replication	forward	STAR_8M_D1_D2	balanced_ot	0.25		N	I_EXPR	0.01	0.005	1500	0.0030980012815552014	0.00392571712649229	0.003109505481549886	0.004377443462570046
STARmap_PLUS	STAR_8M_D1_D2	same_age_replicates	STAR_8M_D1_D2	legacy_replication	forward	STAR_8M_D1_D2	balanced_ot	0.25		N	I_EXPR	0.005	0.0025	1500	0.0015525604809490633	0.001969617338929017	0.001559139507826495	0.002197532700815674
STARmap_PLUS	STAR_8M_D1_D2	same_age_replicates	STAR_8M_D1_D2	legacy_replication	forward	STAR_8M_D1_D2	balanced_ot	0.25		N	I_EXPR	0.0025	0.00125	1500	0.0007774060471664721	0.000986476446261113	0.0007806701993362912	0.0011009803339515347
STARmap_PLUS	STAR_8M_D1_D2	same_age_replicates	STAR_8M_D1_D2	legacy_replication	forward	STAR_8M_D1_D2	balanced_ot	0.25		N	I_EXPR	0.00125	0.000625	1500	0.00038894854667461385	0.0004936694688140662	0.0003906106914577512	0.0005510447223701811
STARmap_PLUS	STAR_8M_D1_D2	same_age_replicates	STAR_8M_D1_D2	legacy_replication	forward	STAR_8M_D1_D2	balanced_ot	0.25		N	I_SPATIAL	0.02	0.01	1500	0.006293007853154273	0.008017258053631867	0.006325476205877163	0.008969452206398928
STARmap_PLUS	STAR_8M_D1_D2	same_age_replicates	STAR_8M_D1_D2	legacy_replication	forward	STAR_8M_D1_D2	balanced_ot	0.25		N	I_SPATIAL	0.01	0.005	1500	0.003128995681589558	0.003980631453255642	0.0031448365677007807	0.004448559168273098
STARmap_PLUS	STAR_8M_D1_D2	same_age_replicates	STAR_8M_D1_D2	legacy_replication	forward	STAR_8M_D1_D2	balanced_ot	0.25		N	I_SPATIAL	0.005	0.0025	1500	0.0015606252405377854	0.0019833459318449494	0.0015679725046583632	0.0022153123115893738
STARmap_PLUS	STAR_8M_D1_D2	same_age_replicates	STAR_8M_D1_D2	legacy_replication	forward	STAR_8M_D1_D2	balanced_ot	0.25		N	I_SPATIAL	0.0025	0.00125	1500	0.0007793460193655264	0.0009899352840923596	0.0007828784944812249	0.0011054252312519372
STARmap_PLUS	STAR_8M_D1_D2	same_age_replicates	STAR_8M_D1_D2	legacy_replication	forward	STAR_8M_D1_D2	balanced_ot	0.25		N	I_SPATIAL	0.00125	0.000625	1500	0.00038943139532053166	0.0004945341432807884	0.0003911627652413864	0.0005521559475412454
STARmap_PLUS	STAR_8M_D1_D2	same_age_replicates	STAR_8M_D1_D2	legacy_replication	reverse	STAR_8M_D1_D2__reverse	uot	0.25	2.0	R	I_EXPR	0.02	0.01	1500	0.000989770052100177	0.0012117880389774331	0.0010098248640513117	0.0017615201100921827
STARmap_PLUS	STAR_8M_D1_D2	same_age_replicates	STAR_8M_D1_D2	legacy_replication	reverse	STAR_8M_D1_D2__reverse	uot	0.25	2.0	R	I_EXPR	0.01	0.005	1500	0.0004951549465628357	0.0006061312118425643	0.0005049655680091333	0.0008813887015930604
STARmap_PLUS	STAR_8M_D1_D2	same_age_replicates	STAR_8M_D1_D2	legacy_replication	reverse	STAR_8M_D1_D2__reverse	uot	0.25	2.0	R	I_EXPR	0.005	0.0025	1500	0.00024760844115485485	0.000303118343817322	0.000252496066706187	0.00044085389794102053
STARmap_PLUS	STAR_8M_D1_D2	same_age_replicates	STAR_8M_D1_D2	legacy_replication	reverse	STAR_8M_D1_D2__reverse	uot	0.25	2.0	R	I_EXPR	0.0025	0.00125	1500	0.00012378956774178868	0.00015155824254098728	0.00012625134857158988	0.00022046669346742576
STARmap_PLUS	STAR_8M_D1_D2	same_age_replicates	STAR_8M_D1_D2	legacy_replication	reverse	STAR_8M_D1_D2__reverse	uot	0.25	2.0	R	I_EXPR	0.00125	0.000625	1500	6.189111829876315e-05	7.577512183368353e-05	6.312650228987779e-05	0.0001102432649781218
STARmap_PLUS	STAR_8M_D1_D2	same_age_replicates	STAR_8M_D1_D2	legacy_replication	reverse	STAR_8M_D1_D2__reverse	uot	0.25	2.0	R	I_SPATIAL	0.02	0.01	1500	0.0065597033575998465	0.007954400592572727	0.006477697575822745	0.008709167821720721
STARmap_PLUS	STAR_8M_D1_D2	same_age_replicates	STAR_8M_D1_D2	legacy_replication	reverse	STAR_8M_D1_D2__reverse	uot	0.25	2.0	R	I_SPATIAL	0.01	0.005	1500	0.0032600677422212343	0.003953333048079074	0.0032198273945750616	0.004319015675931295
STARmap_PLUS	STAR_8M_D1_D2	same_age_replicates	STAR_8M_D1_D2	legacy_replication	reverse	STAR_8M_D1_D2__reverse	uot	0.25	2.0	R	I_SPATIAL	0.005	0.0025	1500	0.001624389902940965	0.0019704900342016733	0.0016051908197660817	0.0021507021595329593
STARmap_PLUS	STAR_8M_D1_D2	same_age_replicates	STAR_8M_D1_D2	legacy_replication	reverse	STAR_8M_D1_D2__reverse	uot	0.25	2.0	R	I_SPATIAL	0.0025	0.00125	1500	0.0008108368572410395	0.0009837054331658386	0.0008014187326895965	0.0010731563268699584
STARmap_PLUS	STAR_8M_D1_D2	same_age_replicates	STAR_8M_D1_D2	legacy_replication	reverse	STAR_8M_D1_D2__reverse	uot	0.25	2.0	R	I_SPATIAL	0.00125	0.000625	1500	0.0004050794900861308	0.0004914683957251303	0.00040041572464623965	0.0005360315343236427
STARmap_PLUS	STAR_8M_D1_D2	same_age_replicates	STAR_8M_D1_D2	legacy_replication	reverse	STAR_8M_D1_D2__reverse	uot	0.25	2.0	N	I_EXPR	0.02	0.01	1500	0.005387040909160904	0.006367267678619172	0.005383460122183175	0.007456982426615091
STARmap_PLUS	STAR_8M_D1_D2	same_age_replicates	STAR_8M_D1_D2	legacy_replication	reverse	STAR_8M_D1_D2__reverse	uot	0.25	2.0	N	I_EXPR	0.01	0.005	1500	0.002710057119960294	0.0032044330014391817	0.002707615490757458	0.0037534866648519663
STARmap_PLUS	STAR_8M_D1_D2	same_age_replicates	STAR_8M_D1_D2	legacy_replication	reverse	STAR_8M_D1_D2__reverse	uot	0.25	2.0	N	I_EXPR	0.005	0.0025	1500	0.0013591240910997074	0.0016080362133316353	0.0013578082943511843	0.0018830593602404892
STARmap_PLUS	STAR_8M_D1_D2	same_age_replicates	STAR_8M_D1_D2	legacy_replication	reverse	STAR_8M_D1_D2__reverse	uot	0.25	2.0	N	I_EXPR	0.0025	0.00125	1500	0.0006805635101941919	0.0008054816595382933	0.0006799080338676767	0.0009431138813508384
STARmap_PLUS	STAR_8M_D1_D2	same_age_replicates	STAR_8M_D1_D2	legacy_replication	reverse	STAR_8M_D1_D2__reverse	uot	0.25	2.0	N	I_EXPR	0.00125	0.000625	1500	0.0003405105392797679	0.0004031506819410804	0.0003402054442715611	0.00047195347193663707
STARmap_PLUS	STAR_8M_D1_D2	same_age_replicates	STAR_8M_D1_D2	legacy_replication	reverse	STAR_8M_D1_D2__reverse	uot	0.25	2.0	N	I_SPATIAL	0.02	0.01	1500	0.005514317398105649	0.00656229878298919	0.005512417895388412	0.00766030701506451
STARmap_PLUS	STAR_8M_D1_D2	same_age_replicates	STAR_8M_D1_D2	legacy_replication	reverse	STAR_8M_D1_D2__reverse	uot	0.25	2.0	N	I_SPATIAL	0.01	0.005	1500	0.0027417458578974227	0.0032549219391095367	0.0027398552374544626	0.0038043556902646876
STARmap_PLUS	STAR_8M_D1_D2	same_age_replicates	STAR_8M_D1_D2	legacy_replication	reverse	STAR_8M_D1_D2__reverse	uot	0.25	2.0	N	I_SPATIAL	0.005	0.0025	1500	0.0013666286369465855	0.0016208367359825079	0.0013658685856290475	0.0018957817973797985
STARmap_PLUS	STAR_8M_D1_D2	same_age_replicates	STAR_8M_D1_D2	legacy_replication	reverse	STAR_8M_D1_D2__reverse	uot	0.25	2.0	N	I_SPATIAL	0.0025	0.00125	1500	0.0006823960156810075	0.0008087683001060137	0.0006819231044697179	0.000946297048085434
STARmap_PLUS	STAR_8M_D1_D2	same_age_replicates	STAR_8M_D1_D2	legacy_replication	reverse	STAR_8M_D1_D2__reverse	uot	0.25	2.0	N	I_SPATIAL	0.00125	0.000625	1500	0.00034096868291789826	0.0004039724963637905	0.0003407092113812628	0.00047274964758249664
STARmap_PLUS	STAR_8M_D1_D2	same_age_replicates	STAR_8M_D1_D2	legacy_replication	reverse	STAR_8M_D1_D2__reverse	row_softmax	0.25		R	I_EXPR	0.02	0.01	1500	0.0012004732339649265	0.0015650439165465152	0.0012165742980107183	0.0025951857718376583
STARmap_PLUS	STAR_8M_D1_D2	same_age_replicates	STAR_8M_D1_D2	legacy_replication	reverse	STAR_8M_D1_D2__reverse	row_softmax	0.25		R	I_EXPR	0.01	0.005	1500	0.0006004345984551803	0.0007829328122899708	0.0006084121813380592	0.0012993795443773217
STARmap_PLUS	STAR_8M_D1_D2	same_age_replicates	STAR_8M_D1_D2	legacy_replication	reverse	STAR_8M_D1_D2__reverse	row_softmax	0.25		R	I_EXPR	0.005	0.0025	1500	0.0003002766141440193	0.0003915684806141285	0.0003042371033371875	0.0006501353228280893
STARmap_PLUS	STAR_8M_D1_D2	same_age_replicates	STAR_8M_D1_D2	legacy_replication	reverse	STAR_8M_D1_D2__reverse	row_softmax	0.25		R	I_EXPR	0.0025	0.00125	1500	0.0001501530975741357	0.00019580953146951303	0.00015212628075747352	0.00032517890733002787
STARmap_PLUS	STAR_8M_D1_D2	same_age_replicates	STAR_8M_D1_D2	legacy_replication	reverse	STAR_8M_D1_D2__reverse	row_softmax	0.25		R	I_EXPR	0.00125	0.000625	1500	7.508024182691652e-05	9.79110612822327e-05	7.606506917507952e-05	0.00016261725002283617
STARmap_PLUS	STAR_8M_D1_D2	same_age_replicates	STAR_8M_D1_D2	legacy_replication	reverse	STAR_8M_D1_D2__reverse	row_softmax	0.25		R	I_SPATIAL	0.02	0.01	1500	0.0060200608162330055	0.007030877196508516	0.0058835318809072916	0.008163228574261964
STARmap_PLUS	STAR_8M_D1_D2	same_age_replicates	STAR_8M_D1_D2	legacy_replication	reverse	STAR_8M_D1_D2__reverse	row_softmax	0.25		R	I_SPATIAL	0.01	0.005	1500	0.002993171994766518	0.0034950779053166763	0.00292610912108944	0.004054808405675693
STARmap_PLUS	STAR_8M_D1_D2	same_age_replicates	STAR_8M_D1_D2	legacy_replication	reverse	STAR_8M_D1_D2__reverse	row_softmax	0.25		R	I_SPATIAL	0.005	0.0025	1500	0.0014922168636851117	0.0017424868162113593	0.0014591660546309736	0.0020207335510528056
STARmap_PLUS	STAR_8M_D1_D2	same_age_replicates	STAR_8M_D1_D2	legacy_replication	reverse	STAR_8M_D1_D2__reverse	row_softmax	0.25		R	I_SPATIAL	0.0025	0.00125	1500	0.0007450695246043822	0.0008700143787618884	0.0007286141253729753	0.001008715228920606
STARmap_PLUS	STAR_8M_D1_D2	same_age_replicates	STAR_8M_D1_D2	legacy_replication	reverse	STAR_8M_D1_D2__reverse	row_softmax	0.25		R	I_SPATIAL	0.00125	0.000625	1500	0.000372259778071537	0.00043470002828089466	0.00036406523250470327	0.0005039449500299687
STARmap_PLUS	STAR_8M_D1_D2	same_age_replicates	STAR_8M_D1_D2	legacy_replication	reverse	STAR_8M_D1_D2__reverse	row_softmax	0.25		N	I_EXPR	0.02	0.01	1500	0.006032901514695729	0.007208095552886271	0.005992222895858762	0.008241353353324503
STARmap_PLUS	STAR_8M_D1_D2	same_age_replicates	STAR_8M_D1_D2	legacy_replication	reverse	STAR_8M_D1_D2__reverse	row_softmax	0.25		N	I_EXPR	0.01	0.005	1500	0.0030312388282495825	0.003622167736166546	0.00301136146907026	0.004148191879039421
STARmap_PLUS	STAR_8M_D1_D2	same_age_replicates	STAR_8M_D1_D2	legacy_replication	reverse	STAR_8M_D1_D2__reverse	row_softmax	0.25		N	I_EXPR	0.005	0.0025	1500	0.0015197794609246485	0.0018163726783606796	0.0015095191228196069	0.0020810472897924196
STARmap_PLUS	STAR_8M_D1_D2	same_age_replicates	STAR_8M_D1_D2	legacy_replication	reverse	STAR_8M_D1_D2__reverse	row_softmax	0.25		N	I_EXPR	0.0025	0.00125	1500	0.0007609222745881412	0.0009093530776744681	0.0007557225476410158	0.0010422691439401228
STARmap_PLUS	STAR_8M_D1_D2	same_age_replicates	STAR_8M_D1_D2	legacy_replication	reverse	STAR_8M_D1_D2__reverse	row_softmax	0.25		N	I_EXPR	0.00125	0.000625	1500	0.0003807258890070782	0.00045496857297999726	0.0003781024461782038	0.0005215719502026478
STARmap_PLUS	STAR_8M_D1_D2	same_age_replicates	STAR_8M_D1_D2	legacy_replication	reverse	STAR_8M_D1_D2__reverse	row_softmax	0.25		N	I_SPATIAL	0.02	0.01	1500	0.006161932221156392	0.00736522264977174	0.00611592583838012	0.00846586949664675
STARmap_PLUS	STAR_8M_D1_D2	same_age_replicates	STAR_8M_D1_D2	legacy_replication	reverse	STAR_8M_D1_D2__reverse	row_softmax	0.25		N	I_SPATIAL	0.01	0.005	1500	0.0030639142484968906	0.0036616922080887574	0.0030422844441337442	0.004204321280253182
STARmap_PLUS	STAR_8M_D1_D2	same_age_replicates	STAR_8M_D1_D2	legacy_replication	reverse	STAR_8M_D1_D2__reverse	row_softmax	0.25		N	I_SPATIAL	0.005	0.0025	1500	0.0015279047012655336	0.0018258741766596447	0.0015172499104455855	0.002095070750528605
STARmap_PLUS	STAR_8M_D1_D2	same_age_replicates	STAR_8M_D1_D2	legacy_replication	reverse	STAR_8M_D1_D2__reverse	row_softmax	0.25		N	I_SPATIAL	0.0025	0.00125	1500	0.0007630456000635275	0.0009117051186819794	0.0007576552614531255	0.0010457770112557382
STARmap_PLUS	STAR_8M_D1_D2	same_age_replicates	STAR_8M_D1_D2	legacy_replication	reverse	STAR_8M_D1_D2__reverse	row_softmax	0.25		N	I_SPATIAL	0.00125	0.000625	1500	0.00038125680934167567	0.00045555729797951285	0.00037858562448265273	0.0005224494365900378
STARmap_PLUS	STAR_8M_D1_D2	same_age_replicates	STAR_8M_D1_D2	legacy_replication	reverse	STAR_8M_D1_D2__reverse	balanced_ot	0.25		R	I_EXPR	0.02	0.01	1500	0.0008874240810156316	0.0013368910174623334	0.0009680256414391745	0.002765667241176166
STARmap_PLUS	STAR_8M_D1_D2	same_age_replicates	STAR_8M_D1_D2	legacy_replication	reverse	STAR_8M_D1_D2__reverse	balanced_ot	0.25		R	I_EXPR	0.01	0.005	1500	0.0004435945845006891	0.0006685924901455272	0.00048402800161187736	0.0013846913881547553
STARmap_PLUS	STAR_8M_D1_D2	same_age_replicates	STAR_8M_D1_D2	legacy_replication	reverse	STAR_8M_D1_D2__reverse	balanced_ot	0.25		R	I_EXPR	0.005	0.0025	1500	0.00022179876229640899	0.00033433241782941913	0.00024201774629056268	0.0006928076303500439
STARmap_PLUS	STAR_8M_D1_D2	same_age_replicates	STAR_8M_D1_D2	legacy_replication	reverse	STAR_8M_D1_D2__reverse	balanced_ot	0.25		R	I_EXPR	0.0025	0.00125	1500	0.00011089983678161874	0.00016716975279607333	0.00012100980522880866	0.00034651898432893724
STARmap_PLUS	STAR_8M_D1_D2	same_age_replicates	STAR_8M_D1_D2	legacy_replication	reverse	STAR_8M_D1_D2__reverse	balanced_ot	0.25		R	I_EXPR	0.00125	0.000625	1500	5.545246457543061e-05	8.358537805210646e-05	6.050513367442201e-05	0.00017328843426430029
STARmap_PLUS	STAR_8M_D1_D2	same_age_replicates	STAR_8M_D1_D2	legacy_replication	reverse	STAR_8M_D1_D2__reverse	balanced_ot	0.25		R	I_SPATIAL	0.02	0.01	1500	0.006340541542738434	0.007767480973620845	0.006322851100327215	0.008489242544593552
STARmap_PLUS	STAR_8M_D1_D2	same_age_replicates	STAR_8M_D1_D2	legacy_replication	reverse	STAR_8M_D1_D2__reverse	balanced_ot	0.25		R	I_SPATIAL	0.01	0.005	1500	0.003149642465542844	0.003861158818838364	0.003143078377862322	0.004208866246313574
STARmap_PLUS	STAR_8M_D1_D2	same_age_replicates	STAR_8M_D1_D2	legacy_replication	reverse	STAR_8M_D1_D2__reverse	balanced_ot	0.25		R	I_SPATIAL	0.005	0.0025	1500	0.0015706748033122667	0.0019245414620840625	0.0015669825142764812	0.0020955845566551696
STARmap_PLUS	STAR_8M_D1_D2	same_age_replicates	STAR_8M_D1_D2	legacy_replication	reverse	STAR_8M_D1_D2__reverse	balanced_ot	0.25		R	I_SPATIAL	0.0025	0.00125	1500	0.0007843985476965317	0.0009607474635451581	0.0007823558424158635	0.0010455923147079103
STARmap_PLUS	STAR_8M_D1_D2	same_age_replicates	STAR_8M_D1_D2	legacy_replication	reverse	STAR_8M_D1_D2__reverse	balanced_ot	0.25		R	I_SPATIAL	0.00125	0.000625	1500	0.0003919784589192153	0.00047999475001183234	0.00039089453410824166	0.0005222472462380173
STARmap_PLUS	STAR_8M_D1_D2	same_age_replicates	STAR_8M_D1_D2	legacy_replication	reverse	STAR_8M_D1_D2__reverse	balanced_ot	0.25		N	I_EXPR	0.02	0.01	1500	0.006245848425759359	0.007481994299033417	0.006201988994879649	0.008201110986824191
STARmap_PLUS	STAR_8M_D1_D2	same_age_replicates	STAR_8M_D1_D2	legacy_replication	reverse	STAR_8M_D1_D2__reverse	balanced_ot	0.25		N	I_EXPR	0.01	0.005	1500	0.0031398610724964506	0.0037637012053378374	0.0031186744074292723	0.0041296648395580315
STARmap_PLUS	STAR_8M_D1_D2	same_age_replicates	STAR_8M_D1_D2	legacy_replication	reverse	STAR_8M_D1_D2__reverse	balanced_ot	0.25		N	I_EXPR	0.005	0.0025	1500	0.001574159557991276	0.0018888211814574536	0.0015637871176727013	0.002072176786981351
STARmap_PLUS	STAR_8M_D1_D2	same_age_replicates	STAR_8M_D1_D2	legacy_replication	reverse	STAR_8M_D1_D2__reverse	balanced_ot	0.25		N	I_EXPR	0.0025	0.00125	1500	0.0007884905997830169	0.000946161024115025	0.0007830099163791221	0.0010379343553703648
STARmap_PLUS	STAR_8M_D1_D2	same_age_replicates	STAR_8M_D1_D2	legacy_replication	reverse	STAR_8M_D1_D2__reverse	balanced_ot	0.25		N	I_EXPR	0.00125	0.000625	1500	0.0003944895618437427	0.00047345555488740074	0.00039178454047340925	0.0005194299673540732
STARmap_PLUS	STAR_8M_D1_D2	same_age_replicates	STAR_8M_D1_D2	legacy_replication	reverse	STAR_8M_D1_D2__reverse	balanced_ot	0.25		N	I_SPATIAL	0.02	0.01	1500	0.006390838141885371	0.007683593759918793	0.006345370051978188	0.008438955770734455
STARmap_PLUS	STAR_8M_D1_D2	same_age_replicates	STAR_8M_D1_D2	legacy_replication	reverse	STAR_8M_D1_D2__reverse	balanced_ot	0.25		N	I_SPATIAL	0.01	0.005	1500	0.0031769744240963045	0.003815322324061463	0.003154518665360353	0.004189158664332493
STARmap_PLUS	STAR_8M_D1_D2	same_age_replicates	STAR_8M_D1_D2	legacy_replication	reverse	STAR_8M_D1_D2__reverse	balanced_ot	0.25		N	I_SPATIAL	0.005	0.0025	1500	0.0015832530313136211	0.0019010514429037698	0.0015727483745525928	0.0020870446556642244
STARmap_PLUS	STAR_8M_D1_D2	same_age_replicates	STAR_8M_D1_D2	legacy_replication	reverse	STAR_8M_D1_D2__reverse	balanced_ot	0.25		N	I_SPATIAL	0.0025	0.00125	1500	0.000790449669583846	0.0009490773639666808	0.0007852502747633471	0.001041647677398165
STARmap_PLUS	STAR_8M_D1_D2	same_age_replicates	STAR_8M_D1_D2	legacy_replication	reverse	STAR_8M_D1_D2__reverse	balanced_ot	0.25		N	I_SPATIAL	0.00125	0.000625	1500	0.00039497965629254375	0.00047417712447458846	0.0003923446302344034	0.0005203567125344368
