dataset	pair_id	pair_type	independent_unit_id	cohort_role	direction	pair_file_id	method	epsilon	tau	variant	stage	converged	iterations	seconds	arm	intervention	t
spatialDLPFC	SDLPFC_Br2720_ANT_MID	within_donor_adjacent_position	spatialDLPFC::Br2720	primary_expansion	forward	SDLPFC_Br2720_ANT_MID	balanced_ot	0.25		baseline	base	True	200	8.281204600003548			
spatialDLPFC	SDLPFC_Br2720_ANT_MID	within_donor_adjacent_position	spatialDLPFC::Br2720	primary_expansion	forward	SDLPFC_Br2720_ANT_MID	uot	0.25	2.0	baseline	base	True	85	3.482128100004047			
spatialDLPFC	SDLPFC_Br2720_ANT_MID	within_donor_adjacent_position	spatialDLPFC::Br2720	primary_expansion	forward	SDLPFC_Br2720_ANT_MID	uot	0.25	2.0	label_free_rigid	base	True	85	3.4887753000075463			
spatialDLPFC	SDLPFC_Br2720_ANT_MID	within_donor_adjacent_position	spatialDLPFC::Br2720	primary_expansion	forward	SDLPFC_Br2720_ANT_MID	uot	0.25	2.0	label_free_rigid	coordinate_response	True	85	3.478322799986927	R	I_SPATIAL	0.00125
spatialDLPFC	SDLPFC_Br2720_ANT_MID	within_donor_adjacent_position	spatialDLPFC::Br2720	primary_expansion	forward	SDLPFC_Br2720_ANT_MID	uot	0.25	2.0	label_free_rigid	coordinate_response	True	85	3.588252800007467	R	I_SPATIAL	0.000625
spatialDLPFC	SDLPFC_Br2720_ANT_MID	within_donor_adjacent_position	spatialDLPFC::Br2720	primary_expansion	forward	SDLPFC_Br2720_ANT_MID	uot	0.25	2.0	label_free_rigid	coordinate_response	True	85	3.517069599998649	R	I_SPATIAL	0.01
spatialDLPFC	SDLPFC_Br2720_ANT_MID	within_donor_adjacent_position	spatialDLPFC::Br2720	primary_expansion	forward	SDLPFC_Br2720_ANT_MID	uot	0.25	2.0	label_free_rigid	coordinate_response	True	85	3.4843755000038072	R	I_SPATIAL	1.0
spatialDLPFC	SDLPFC_Br2720_ANT_MID	within_donor_adjacent_position	spatialDLPFC::Br2720	primary_expansion	forward	SDLPFC_Br2720_ANT_MID	uot	0.25	2.0	label_free_rigid	coordinate_response	True	85	3.553015500001493	N	I_SPATIAL	0.00125
spatialDLPFC	SDLPFC_Br2720_ANT_MID	within_donor_adjacent_position	spatialDLPFC::Br2720	primary_expansion	forward	SDLPFC_Br2720_ANT_MID	uot	0.25	2.0	label_free_rigid	coordinate_response	True	85	3.532506999996258	N	I_SPATIAL	0.000625
spatialDLPFC	SDLPFC_Br2720_ANT_MID	within_donor_adjacent_position	spatialDLPFC::Br2720	primary_expansion	forward	SDLPFC_Br2720_ANT_MID	uot	0.25	2.0	label_free_rigid	coordinate_response	True	85	3.5328190000000177	N	I_SPATIAL	0.01
spatialDLPFC	SDLPFC_Br2720_ANT_MID	within_donor_adjacent_position	spatialDLPFC::Br2720	primary_expansion	forward	SDLPFC_Br2720_ANT_MID	uot	0.25	2.0	label_free_rigid	coordinate_response	True	80	3.373707299993839	N	I_SPATIAL	1.0
spatialDLPFC	SDLPFC_Br2720_ANT_MID	within_donor_adjacent_position	spatialDLPFC::Br2720	primary_expansion	forward	SDLPFC_Br2720_ANT_MID	row_softmax	0.25		baseline	base	True	1	0.0450427000032505			
spatialDLPFC	SDLPFC_Br2720_ANT_MID	within_donor_adjacent_position	spatialDLPFC::Br2720	primary_expansion	forward	SDLPFC_Br2720_ANT_MID	row_softmax	0.25		label_free_rigid	base	True	1	0.045192000005044974			
spatialDLPFC	SDLPFC_Br2720_ANT_MID	within_donor_adjacent_position	spatialDLPFC::Br2720	primary_expansion	forward	SDLPFC_Br2720_ANT_MID	row_softmax	0.25		label_free_rigid	coordinate_response	True	1	0.04568370000924915	R	I_SPATIAL	0.00125
spatialDLPFC	SDLPFC_Br2720_ANT_MID	within_donor_adjacent_position	spatialDLPFC::Br2720	primary_expansion	forward	SDLPFC_Br2720_ANT_MID	row_softmax	0.25		label_free_rigid	coordinate_response	True	1	0.03762289999576751	R	I_SPATIAL	0.000625
spatialDLPFC	SDLPFC_Br2720_ANT_MID	within_donor_adjacent_position	spatialDLPFC::Br2720	primary_expansion	forward	SDLPFC_Br2720_ANT_MID	row_softmax	0.25		label_free_rigid	coordinate_response	True	1	0.0392071000096621	R	I_SPATIAL	0.01
spatialDLPFC	SDLPFC_Br2720_ANT_MID	within_donor_adjacent_position	spatialDLPFC::Br2720	primary_expansion	forward	SDLPFC_Br2720_ANT_MID	row_softmax	0.25		label_free_rigid	coordinate_response	True	1	0.03796499999589287	R	I_SPATIAL	1.0
spatialDLPFC	SDLPFC_Br2720_ANT_MID	within_donor_adjacent_position	spatialDLPFC::Br2720	primary_expansion	forward	SDLPFC_Br2720_ANT_MID	row_softmax	0.25		label_free_rigid	coordinate_response	True	1	0.037266899991664104	N	I_SPATIAL	0.00125
spatialDLPFC	SDLPFC_Br2720_ANT_MID	within_donor_adjacent_position	spatialDLPFC::Br2720	primary_expansion	forward	SDLPFC_Br2720_ANT_MID	row_softmax	0.25		label_free_rigid	coordinate_response	True	1	0.037368399993283674	N	I_SPATIAL	0.000625
spatialDLPFC	SDLPFC_Br2720_ANT_MID	within_donor_adjacent_position	spatialDLPFC::Br2720	primary_expansion	forward	SDLPFC_Br2720_ANT_MID	row_softmax	0.25		label_free_rigid	coordinate_response	True	1	0.03854059999866877	N	I_SPATIAL	0.01
spatialDLPFC	SDLPFC_Br2720_ANT_MID	within_donor_adjacent_position	spatialDLPFC::Br2720	primary_expansion	forward	SDLPFC_Br2720_ANT_MID	row_softmax	0.25		label_free_rigid	coordinate_response	True	1	0.04120659999898635	N	I_SPATIAL	1.0
spatialDLPFC	SDLPFC_Br2720_ANT_MID	within_donor_adjacent_position	spatialDLPFC::Br2720	primary_expansion	reverse	SDLPFC_Br2720_ANT_MID__reverse	balanced_ot	0.25		baseline	base	True	200	8.267059300007531			
spatialDLPFC	SDLPFC_Br2720_ANT_MID	within_donor_adjacent_position	spatialDLPFC::Br2720	primary_expansion	forward	SDLPFC_Br2720_ANT_MID	balanced_ot	0.25		label_free_rigid	base	True	200	8.254719299991848			
spatialDLPFC	SDLPFC_Br2720_ANT_MID	within_donor_adjacent_position	spatialDLPFC::Br2720	primary_expansion	forward	SDLPFC_Br2720_ANT_MID	balanced_ot	0.25		label_free_rigid	coordinate_response	True	200	8.149759300009464	R	I_SPATIAL	0.00125
spatialDLPFC	SDLPFC_Br2720_ANT_MID	within_donor_adjacent_position	spatialDLPFC::Br2720	primary_expansion	forward	SDLPFC_Br2720_ANT_MID	balanced_ot	0.25		label_free_rigid	coordinate_response	True	200	8.228759300007368	R	I_SPATIAL	0.000625
spatialDLPFC	SDLPFC_Br2720_ANT_MID	within_donor_adjacent_position	spatialDLPFC::Br2720	primary_expansion	forward	SDLPFC_Br2720_ANT_MID	balanced_ot	0.25		label_free_rigid	coordinate_response	True	200	8.293467199997394	R	I_SPATIAL	0.01
spatialDLPFC	SDLPFC_Br2720_ANT_MID	within_donor_adjacent_position	spatialDLPFC::Br2720	primary_expansion	forward	SDLPFC_Br2720_ANT_MID	balanced_ot	0.25		label_free_rigid	coordinate_response	True	200	8.313414700009162	R	I_SPATIAL	1.0
spatialDLPFC	SDLPFC_Br2720_ANT_MID	within_donor_adjacent_position	spatialDLPFC::Br2720	primary_expansion	forward	SDLPFC_Br2720_ANT_MID	balanced_ot	0.25		label_free_rigid	coordinate_response	True	200	8.359354000000167	N	I_SPATIAL	0.00125
spatialDLPFC	SDLPFC_Br2720_ANT_MID	within_donor_adjacent_position	spatialDLPFC::Br2720	primary_expansion	forward	SDLPFC_Br2720_ANT_MID	balanced_ot	0.25		label_free_rigid	coordinate_response	True	200	8.218451199994888	N	I_SPATIAL	0.000625
spatialDLPFC	SDLPFC_Br2720_ANT_MID	within_donor_adjacent_position	spatialDLPFC::Br2720	primary_expansion	forward	SDLPFC_Br2720_ANT_MID	balanced_ot	0.25		label_free_rigid	coordinate_response	True	200	8.38209939999797	N	I_SPATIAL	0.01
spatialDLPFC	SDLPFC_Br2720_ANT_MID	within_donor_adjacent_position	spatialDLPFC::Br2720	primary_expansion	forward	SDLPFC_Br2720_ANT_MID	balanced_ot	0.25		label_free_rigid	coordinate_response	True	200	8.385044599999674	N	I_SPATIAL	1.0
spatialDLPFC	SDLPFC_Br2720_ANT_MID	within_donor_adjacent_position	spatialDLPFC::Br2720	primary_expansion	reverse	SDLPFC_Br2720_ANT_MID__reverse	uot	0.25	2.0	baseline	base	True	85	3.5906167999928584			
spatialDLPFC	SDLPFC_Br2720_ANT_MID	within_donor_adjacent_position	spatialDLPFC::Br2720	primary_expansion	reverse	SDLPFC_Br2720_ANT_MID__reverse	uot	0.25	2.0	label_free_rigid	base	True	85	3.487602399996831			
spatialDLPFC	SDLPFC_Br2720_ANT_MID	within_donor_adjacent_position	spatialDLPFC::Br2720	primary_expansion	reverse	SDLPFC_Br2720_ANT_MID__reverse	uot	0.25	2.0	label_free_rigid	coordinate_response	True	85	3.5191395999863744	R	I_SPATIAL	0.00125
spatialDLPFC	SDLPFC_Br2720_ANT_MID	within_donor_adjacent_position	spatialDLPFC::Br2720	primary_expansion	reverse	SDLPFC_Br2720_ANT_MID__reverse	uot	0.25	2.0	label_free_rigid	coordinate_response	True	85	3.4999964000016917	R	I_SPATIAL	0.000625
spatialDLPFC	SDLPFC_Br2720_ANT_MID	within_donor_adjacent_position	spatialDLPFC::Br2720	primary_expansion	reverse	SDLPFC_Br2720_ANT_MID__reverse	uot	0.25	2.0	label_free_rigid	coordinate_response	True	85	3.544448000000557	R	I_SPATIAL	0.01
spatialDLPFC	SDLPFC_Br2720_ANT_MID	within_donor_adjacent_position	spatialDLPFC::Br2720	primary_expansion	reverse	SDLPFC_Br2720_ANT_MID__reverse	uot	0.25	2.0	label_free_rigid	coordinate_response	True	85	3.5265613999945344	R	I_SPATIAL	1.0
spatialDLPFC	SDLPFC_Br2720_ANT_MID	within_donor_adjacent_position	spatialDLPFC::Br2720	primary_expansion	reverse	SDLPFC_Br2720_ANT_MID__reverse	uot	0.25	2.0	label_free_rigid	coordinate_response	True	85	3.4960671000008006	N	I_SPATIAL	0.00125
spatialDLPFC	SDLPFC_Br2720_ANT_MID	within_donor_adjacent_position	spatialDLPFC::Br2720	primary_expansion	reverse	SDLPFC_Br2720_ANT_MID__reverse	uot	0.25	2.0	label_free_rigid	coordinate_response	True	85	3.536890300005325	N	I_SPATIAL	0.000625
spatialDLPFC	SDLPFC_Br2720_ANT_MID	within_donor_adjacent_position	spatialDLPFC::Br2720	primary_expansion	reverse	SDLPFC_Br2720_ANT_MID__reverse	uot	0.25	2.0	label_free_rigid	coordinate_response	True	85	3.5566748999990523	N	I_SPATIAL	0.01
spatialDLPFC	SDLPFC_Br2720_ANT_MID	within_donor_adjacent_position	spatialDLPFC::Br2720	primary_expansion	reverse	SDLPFC_Br2720_ANT_MID__reverse	uot	0.25	2.0	label_free_rigid	coordinate_response	True	85	3.479718000002322	N	I_SPATIAL	1.0
spatialDLPFC	SDLPFC_Br2720_ANT_MID	within_donor_adjacent_position	spatialDLPFC::Br2720	primary_expansion	reverse	SDLPFC_Br2720_ANT_MID__reverse	row_softmax	0.25		baseline	base	True	1	0.036902300009387545			
spatialDLPFC	SDLPFC_Br2720_ANT_MID	within_donor_adjacent_position	spatialDLPFC::Br2720	primary_expansion	reverse	SDLPFC_Br2720_ANT_MID__reverse	row_softmax	0.25		label_free_rigid	base	True	1	0.03693419999035541			
spatialDLPFC	SDLPFC_Br2720_ANT_MID	within_donor_adjacent_position	spatialDLPFC::Br2720	primary_expansion	reverse	SDLPFC_Br2720_ANT_MID__reverse	row_softmax	0.25		label_free_rigid	coordinate_response	True	1	0.038184700009878725	R	I_SPATIAL	0.00125
spatialDLPFC	SDLPFC_Br2720_ANT_MID	within_donor_adjacent_position	spatialDLPFC::Br2720	primary_expansion	reverse	SDLPFC_Br2720_ANT_MID__reverse	row_softmax	0.25		label_free_rigid	coordinate_response	True	1	0.039030699990689754	R	I_SPATIAL	0.000625
spatialDLPFC	SDLPFC_Br2720_ANT_MID	within_donor_adjacent_position	spatialDLPFC::Br2720	primary_expansion	reverse	SDLPFC_Br2720_ANT_MID__reverse	row_softmax	0.25		label_free_rigid	coordinate_response	True	1	0.03690710000228137	R	I_SPATIAL	0.01
spatialDLPFC	SDLPFC_Br2720_ANT_MID	within_donor_adjacent_position	spatialDLPFC::Br2720	primary_expansion	reverse	SDLPFC_Br2720_ANT_MID__reverse	row_softmax	0.25		label_free_rigid	coordinate_response	True	1	0.037559599993983284	R	I_SPATIAL	1.0
spatialDLPFC	SDLPFC_Br2720_ANT_MID	within_donor_adjacent_position	spatialDLPFC::Br2720	primary_expansion	reverse	SDLPFC_Br2720_ANT_MID__reverse	row_softmax	0.25		label_free_rigid	coordinate_response	True	1	0.036862299995846115	N	I_SPATIAL	0.00125
spatialDLPFC	SDLPFC_Br2720_ANT_MID	within_donor_adjacent_position	spatialDLPFC::Br2720	primary_expansion	reverse	SDLPFC_Br2720_ANT_MID__reverse	row_softmax	0.25		label_free_rigid	coordinate_response	True	1	0.03745980000530835	N	I_SPATIAL	0.000625
spatialDLPFC	SDLPFC_Br2720_ANT_MID	within_donor_adjacent_position	spatialDLPFC::Br2720	primary_expansion	reverse	SDLPFC_Br2720_ANT_MID__reverse	row_softmax	0.25		label_free_rigid	coordinate_response	True	1	0.04327969999576453	N	I_SPATIAL	0.01
spatialDLPFC	SDLPFC_Br2720_ANT_MID	within_donor_adjacent_position	spatialDLPFC::Br2720	primary_expansion	reverse	SDLPFC_Br2720_ANT_MID__reverse	row_softmax	0.25		label_free_rigid	coordinate_response	True	1	0.03756969999813009	N	I_SPATIAL	1.0
spatialDLPFC	SDLPFC_Br2743_ANT_MID	within_donor_adjacent_position	spatialDLPFC::Br2743	primary_expansion	forward	SDLPFC_Br2743_ANT_MID	balanced_ot	0.25		baseline	base	True	200	8.183533999996143			
spatialDLPFC	SDLPFC_Br2720_ANT_MID	within_donor_adjacent_position	spatialDLPFC::Br2720	primary_expansion	reverse	SDLPFC_Br2720_ANT_MID__reverse	balanced_ot	0.25		label_free_rigid	base	True	200	8.311526199991931			
spatialDLPFC	SDLPFC_Br2720_ANT_MID	within_donor_adjacent_position	spatialDLPFC::Br2720	primary_expansion	reverse	SDLPFC_Br2720_ANT_MID__reverse	balanced_ot	0.25		label_free_rigid	coordinate_response	True	200	8.39004240000213	R	I_SPATIAL	0.00125
spatialDLPFC	SDLPFC_Br2720_ANT_MID	within_donor_adjacent_position	spatialDLPFC::Br2720	primary_expansion	reverse	SDLPFC_Br2720_ANT_MID__reverse	balanced_ot	0.25		label_free_rigid	coordinate_response	True	200	8.33530159998918	R	I_SPATIAL	0.000625
spatialDLPFC	SDLPFC_Br2720_ANT_MID	within_donor_adjacent_position	spatialDLPFC::Br2720	primary_expansion	reverse	SDLPFC_Br2720_ANT_MID__reverse	balanced_ot	0.25		label_free_rigid	coordinate_response	True	200	8.313750600005733	R	I_SPATIAL	0.01
spatialDLPFC	SDLPFC_Br2720_ANT_MID	within_donor_adjacent_position	spatialDLPFC::Br2720	primary_expansion	reverse	SDLPFC_Br2720_ANT_MID__reverse	balanced_ot	0.25		label_free_rigid	coordinate_response	True	200	8.315133399999468	R	I_SPATIAL	1.0
spatialDLPFC	SDLPFC_Br2720_ANT_MID	within_donor_adjacent_position	spatialDLPFC::Br2720	primary_expansion	reverse	SDLPFC_Br2720_ANT_MID__reverse	balanced_ot	0.25		label_free_rigid	coordinate_response	True	200	8.308347400001367	N	I_SPATIAL	0.00125
spatialDLPFC	SDLPFC_Br2720_ANT_MID	within_donor_adjacent_position	spatialDLPFC::Br2720	primary_expansion	reverse	SDLPFC_Br2720_ANT_MID__reverse	balanced_ot	0.25		label_free_rigid	coordinate_response	True	200	8.235532199993031	N	I_SPATIAL	0.000625
spatialDLPFC	SDLPFC_Br2720_ANT_MID	within_donor_adjacent_position	spatialDLPFC::Br2720	primary_expansion	reverse	SDLPFC_Br2720_ANT_MID__reverse	balanced_ot	0.25		label_free_rigid	coordinate_response	True	200	8.250881200001459	N	I_SPATIAL	0.01
spatialDLPFC	SDLPFC_Br2720_ANT_MID	within_donor_adjacent_position	spatialDLPFC::Br2720	primary_expansion	reverse	SDLPFC_Br2720_ANT_MID__reverse	balanced_ot	0.25		label_free_rigid	coordinate_response	True	200	8.187839000005624	N	I_SPATIAL	1.0
spatialDLPFC	SDLPFC_Br2743_ANT_MID	within_donor_adjacent_position	spatialDLPFC::Br2743	primary_expansion	forward	SDLPFC_Br2743_ANT_MID	uot	0.25	2.0	baseline	base	True	85	3.5128621000039857			
spatialDLPFC	SDLPFC_Br2743_ANT_MID	within_donor_adjacent_position	spatialDLPFC::Br2743	primary_expansion	forward	SDLPFC_Br2743_ANT_MID	uot	0.25	2.0	label_free_rigid	base	True	85	3.5070650999987265			
spatialDLPFC	SDLPFC_Br2743_ANT_MID	within_donor_adjacent_position	spatialDLPFC::Br2743	primary_expansion	forward	SDLPFC_Br2743_ANT_MID	uot	0.25	2.0	label_free_rigid	coordinate_response	True	85	3.4661993000045186	R	I_SPATIAL	0.00125
spatialDLPFC	SDLPFC_Br2743_ANT_MID	within_donor_adjacent_position	spatialDLPFC::Br2743	primary_expansion	forward	SDLPFC_Br2743_ANT_MID	uot	0.25	2.0	label_free_rigid	coordinate_response	True	85	3.5023470999876736	R	I_SPATIAL	0.000625
spatialDLPFC	SDLPFC_Br2743_ANT_MID	within_donor_adjacent_position	spatialDLPFC::Br2743	primary_expansion	forward	SDLPFC_Br2743_ANT_MID	uot	0.25	2.0	label_free_rigid	coordinate_response	True	85	3.4368929999909597	R	I_SPATIAL	0.01
spatialDLPFC	SDLPFC_Br2743_ANT_MID	within_donor_adjacent_position	spatialDLPFC::Br2743	primary_expansion	forward	SDLPFC_Br2743_ANT_MID	uot	0.25	2.0	label_free_rigid	coordinate_response	True	85	3.565371699995012	R	I_SPATIAL	1.0
spatialDLPFC	SDLPFC_Br2743_ANT_MID	within_donor_adjacent_position	spatialDLPFC::Br2743	primary_expansion	forward	SDLPFC_Br2743_ANT_MID	uot	0.25	2.0	label_free_rigid	coordinate_response	True	85	3.516136899997946	N	I_SPATIAL	0.00125
spatialDLPFC	SDLPFC_Br2743_ANT_MID	within_donor_adjacent_position	spatialDLPFC::Br2743	primary_expansion	forward	SDLPFC_Br2743_ANT_MID	uot	0.25	2.0	label_free_rigid	coordinate_response	True	85	3.4854128000006313	N	I_SPATIAL	0.000625
spatialDLPFC	SDLPFC_Br2743_ANT_MID	within_donor_adjacent_position	spatialDLPFC::Br2743	primary_expansion	forward	SDLPFC_Br2743_ANT_MID	uot	0.25	2.0	label_free_rigid	coordinate_response	True	85	3.515163500007475	N	I_SPATIAL	0.01
spatialDLPFC	SDLPFC_Br2743_ANT_MID	within_donor_adjacent_position	spatialDLPFC::Br2743	primary_expansion	forward	SDLPFC_Br2743_ANT_MID	uot	0.25	2.0	label_free_rigid	coordinate_response	True	80	3.3587184000061825	N	I_SPATIAL	1.0
spatialDLPFC	SDLPFC_Br2743_ANT_MID	within_donor_adjacent_position	spatialDLPFC::Br2743	primary_expansion	forward	SDLPFC_Br2743_ANT_MID	row_softmax	0.25		baseline	base	True	1	0.03738530000555329			
spatialDLPFC	SDLPFC_Br2743_ANT_MID	within_donor_adjacent_position	spatialDLPFC::Br2743	primary_expansion	forward	SDLPFC_Br2743_ANT_MID	row_softmax	0.25		label_free_rigid	base	True	1	0.038074399999459274			
spatialDLPFC	SDLPFC_Br2743_ANT_MID	within_donor_adjacent_position	spatialDLPFC::Br2743	primary_expansion	forward	SDLPFC_Br2743_ANT_MID	row_softmax	0.25		label_free_rigid	coordinate_response	True	1	0.03772350000508595	R	I_SPATIAL	0.00125
spatialDLPFC	SDLPFC_Br2743_ANT_MID	within_donor_adjacent_position	spatialDLPFC::Br2743	primary_expansion	forward	SDLPFC_Br2743_ANT_MID	row_softmax	0.25		label_free_rigid	coordinate_response	True	1	0.03954219998558983	R	I_SPATIAL	0.000625
spatialDLPFC	SDLPFC_Br2743_ANT_MID	within_donor_adjacent_position	spatialDLPFC::Br2743	primary_expansion	forward	SDLPFC_Br2743_ANT_MID	row_softmax	0.25		label_free_rigid	coordinate_response	True	1	0.037886900012381375	R	I_SPATIAL	0.01
spatialDLPFC	SDLPFC_Br2743_ANT_MID	within_donor_adjacent_position	spatialDLPFC::Br2743	primary_expansion	forward	SDLPFC_Br2743_ANT_MID	row_softmax	0.25		label_free_rigid	coordinate_response	True	1	0.038805599993793294	R	I_SPATIAL	1.0
spatialDLPFC	SDLPFC_Br2743_ANT_MID	within_donor_adjacent_position	spatialDLPFC::Br2743	primary_expansion	forward	SDLPFC_Br2743_ANT_MID	row_softmax	0.25		label_free_rigid	coordinate_response	True	1	0.037822199999936856	N	I_SPATIAL	0.00125
spatialDLPFC	SDLPFC_Br2743_ANT_MID	within_donor_adjacent_position	spatialDLPFC::Br2743	primary_expansion	forward	SDLPFC_Br2743_ANT_MID	row_softmax	0.25		label_free_rigid	coordinate_response	True	1	0.03763759999128524	N	I_SPATIAL	0.000625
spatialDLPFC	SDLPFC_Br2743_ANT_MID	within_donor_adjacent_position	spatialDLPFC::Br2743	primary_expansion	forward	SDLPFC_Br2743_ANT_MID	row_softmax	0.25		label_free_rigid	coordinate_response	True	1	0.03744410000217613	N	I_SPATIAL	0.01
spatialDLPFC	SDLPFC_Br2743_ANT_MID	within_donor_adjacent_position	spatialDLPFC::Br2743	primary_expansion	forward	SDLPFC_Br2743_ANT_MID	row_softmax	0.25		label_free_rigid	coordinate_response	True	1	0.03857679999782704	N	I_SPATIAL	1.0
spatialDLPFC	SDLPFC_Br2743_ANT_MID	within_donor_adjacent_position	spatialDLPFC::Br2743	primary_expansion	reverse	SDLPFC_Br2743_ANT_MID__reverse	balanced_ot	0.25		baseline	base	True	200	8.221389899990754			
spatialDLPFC	SDLPFC_Br2743_ANT_MID	within_donor_adjacent_position	spatialDLPFC::Br2743	primary_expansion	forward	SDLPFC_Br2743_ANT_MID	balanced_ot	0.25		label_free_rigid	base	True	200	8.223293100003502			
spatialDLPFC	SDLPFC_Br2743_ANT_MID	within_donor_adjacent_position	spatialDLPFC::Br2743	primary_expansion	forward	SDLPFC_Br2743_ANT_MID	balanced_ot	0.25		label_free_rigid	coordinate_response	True	200	8.239908100003959	R	I_SPATIAL	0.00125
spatialDLPFC	SDLPFC_Br2743_ANT_MID	within_donor_adjacent_position	spatialDLPFC::Br2743	primary_expansion	forward	SDLPFC_Br2743_ANT_MID	balanced_ot	0.25		label_free_rigid	coordinate_response	True	200	8.276651799998945	R	I_SPATIAL	0.000625
spatialDLPFC	SDLPFC_Br2743_ANT_MID	within_donor_adjacent_position	spatialDLPFC::Br2743	primary_expansion	forward	SDLPFC_Br2743_ANT_MID	balanced_ot	0.25		label_free_rigid	coordinate_response	True	200	8.292265500000212	R	I_SPATIAL	0.01
spatialDLPFC	SDLPFC_Br2743_ANT_MID	within_donor_adjacent_position	spatialDLPFC::Br2743	primary_expansion	forward	SDLPFC_Br2743_ANT_MID	balanced_ot	0.25		label_free_rigid	coordinate_response	True	200	8.173423600004753	R	I_SPATIAL	1.0
spatialDLPFC	SDLPFC_Br2743_ANT_MID	within_donor_adjacent_position	spatialDLPFC::Br2743	primary_expansion	forward	SDLPFC_Br2743_ANT_MID	balanced_ot	0.25		label_free_rigid	coordinate_response	True	200	8.25557980001031	N	I_SPATIAL	0.00125
spatialDLPFC	SDLPFC_Br2743_ANT_MID	within_donor_adjacent_position	spatialDLPFC::Br2743	primary_expansion	forward	SDLPFC_Br2743_ANT_MID	balanced_ot	0.25		label_free_rigid	coordinate_response	True	200	8.200271000008797	N	I_SPATIAL	0.000625
spatialDLPFC	SDLPFC_Br2743_ANT_MID	within_donor_adjacent_position	spatialDLPFC::Br2743	primary_expansion	forward	SDLPFC_Br2743_ANT_MID	balanced_ot	0.25		label_free_rigid	coordinate_response	True	200	8.237686500011478	N	I_SPATIAL	0.01
spatialDLPFC	SDLPFC_Br2743_ANT_MID	within_donor_adjacent_position	spatialDLPFC::Br2743	primary_expansion	forward	SDLPFC_Br2743_ANT_MID	balanced_ot	0.25		label_free_rigid	coordinate_response	True	200	8.190070700002252	N	I_SPATIAL	1.0
spatialDLPFC	SDLPFC_Br2743_ANT_MID	within_donor_adjacent_position	spatialDLPFC::Br2743	primary_expansion	reverse	SDLPFC_Br2743_ANT_MID__reverse	uot	0.25	2.0	baseline	base	True	85	3.530683899996802			
spatialDLPFC	SDLPFC_Br2743_ANT_MID	within_donor_adjacent_position	spatialDLPFC::Br2743	primary_expansion	reverse	SDLPFC_Br2743_ANT_MID__reverse	uot	0.25	2.0	label_free_rigid	base	True	85	3.550356899999315			
spatialDLPFC	SDLPFC_Br2743_ANT_MID	within_donor_adjacent_position	spatialDLPFC::Br2743	primary_expansion	reverse	SDLPFC_Br2743_ANT_MID__reverse	uot	0.25	2.0	label_free_rigid	coordinate_response	True	85	3.538612699994701	R	I_SPATIAL	0.00125
spatialDLPFC	SDLPFC_Br2743_ANT_MID	within_donor_adjacent_position	spatialDLPFC::Br2743	primary_expansion	reverse	SDLPFC_Br2743_ANT_MID__reverse	uot	0.25	2.0	label_free_rigid	coordinate_response	True	85	3.513202399990405	R	I_SPATIAL	0.000625
spatialDLPFC	SDLPFC_Br2743_ANT_MID	within_donor_adjacent_position	spatialDLPFC::Br2743	primary_expansion	reverse	SDLPFC_Br2743_ANT_MID__reverse	uot	0.25	2.0	label_free_rigid	coordinate_response	True	85	3.5600127000070643	R	I_SPATIAL	0.01
spatialDLPFC	SDLPFC_Br2743_ANT_MID	within_donor_adjacent_position	spatialDLPFC::Br2743	primary_expansion	reverse	SDLPFC_Br2743_ANT_MID__reverse	uot	0.25	2.0	label_free_rigid	coordinate_response	True	85	3.480125300004147	R	I_SPATIAL	1.0
spatialDLPFC	SDLPFC_Br2743_ANT_MID	within_donor_adjacent_position	spatialDLPFC::Br2743	primary_expansion	reverse	SDLPFC_Br2743_ANT_MID__reverse	uot	0.25	2.0	label_free_rigid	coordinate_response	True	85	3.5563148999935947	N	I_SPATIAL	0.00125
spatialDLPFC	SDLPFC_Br2743_ANT_MID	within_donor_adjacent_position	spatialDLPFC::Br2743	primary_expansion	reverse	SDLPFC_Br2743_ANT_MID__reverse	uot	0.25	2.0	label_free_rigid	coordinate_response	True	85	3.585067199994228	N	I_SPATIAL	0.000625
spatialDLPFC	SDLPFC_Br2743_ANT_MID	within_donor_adjacent_position	spatialDLPFC::Br2743	primary_expansion	reverse	SDLPFC_Br2743_ANT_MID__reverse	uot	0.25	2.0	label_free_rigid	coordinate_response	True	85	3.5344203999993624	N	I_SPATIAL	0.01
spatialDLPFC	SDLPFC_Br2743_ANT_MID	within_donor_adjacent_position	spatialDLPFC::Br2743	primary_expansion	reverse	SDLPFC_Br2743_ANT_MID__reverse	uot	0.25	2.0	label_free_rigid	coordinate_response	True	85	3.5162774000054924	N	I_SPATIAL	1.0
spatialDLPFC	SDLPFC_Br2743_ANT_MID	within_donor_adjacent_position	spatialDLPFC::Br2743	primary_expansion	reverse	SDLPFC_Br2743_ANT_MID__reverse	row_softmax	0.25		baseline	base	True	1	0.03818339999997988			
spatialDLPFC	SDLPFC_Br2743_ANT_MID	within_donor_adjacent_position	spatialDLPFC::Br2743	primary_expansion	reverse	SDLPFC_Br2743_ANT_MID__reverse	row_softmax	0.25		label_free_rigid	base	True	1	0.03801319999911357			
spatialDLPFC	SDLPFC_Br2743_ANT_MID	within_donor_adjacent_position	spatialDLPFC::Br2743	primary_expansion	reverse	SDLPFC_Br2743_ANT_MID__reverse	row_softmax	0.25		label_free_rigid	coordinate_response	True	1	0.036392699999851175	R	I_SPATIAL	0.00125
spatialDLPFC	SDLPFC_Br2743_ANT_MID	within_donor_adjacent_position	spatialDLPFC::Br2743	primary_expansion	reverse	SDLPFC_Br2743_ANT_MID__reverse	row_softmax	0.25		label_free_rigid	coordinate_response	True	1	0.03813529999752063	R	I_SPATIAL	0.000625
spatialDLPFC	SDLPFC_Br2743_ANT_MID	within_donor_adjacent_position	spatialDLPFC::Br2743	primary_expansion	reverse	SDLPFC_Br2743_ANT_MID__reverse	row_softmax	0.25		label_free_rigid	coordinate_response	True	1	0.03719960000307765	R	I_SPATIAL	0.01
spatialDLPFC	SDLPFC_Br2743_ANT_MID	within_donor_adjacent_position	spatialDLPFC::Br2743	primary_expansion	reverse	SDLPFC_Br2743_ANT_MID__reverse	row_softmax	0.25		label_free_rigid	coordinate_response	True	1	0.036801399997784756	R	I_SPATIAL	1.0
spatialDLPFC	SDLPFC_Br2743_ANT_MID	within_donor_adjacent_position	spatialDLPFC::Br2743	primary_expansion	reverse	SDLPFC_Br2743_ANT_MID__reverse	row_softmax	0.25		label_free_rigid	coordinate_response	True	1	0.037275599999702536	N	I_SPATIAL	0.00125
spatialDLPFC	SDLPFC_Br2743_ANT_MID	within_donor_adjacent_position	spatialDLPFC::Br2743	primary_expansion	reverse	SDLPFC_Br2743_ANT_MID__reverse	row_softmax	0.25		label_free_rigid	coordinate_response	True	1	0.03876880000461824	N	I_SPATIAL	0.000625
spatialDLPFC	SDLPFC_Br2743_ANT_MID	within_donor_adjacent_position	spatialDLPFC::Br2743	primary_expansion	reverse	SDLPFC_Br2743_ANT_MID__reverse	row_softmax	0.25		label_free_rigid	coordinate_response	True	1	0.03666260000318289	N	I_SPATIAL	0.01
spatialDLPFC	SDLPFC_Br2743_ANT_MID	within_donor_adjacent_position	spatialDLPFC::Br2743	primary_expansion	reverse	SDLPFC_Br2743_ANT_MID__reverse	row_softmax	0.25		label_free_rigid	coordinate_response	True	1	0.04102609999245033	N	I_SPATIAL	1.0
spatialDLPFC	SDLPFC_Br3942_ANT_MID	within_donor_adjacent_position	spatialDLPFC::Br3942	primary_expansion	forward	SDLPFC_Br3942_ANT_MID	balanced_ot	0.25		baseline	base	True	200	8.204656400004751			
spatialDLPFC	SDLPFC_Br2743_ANT_MID	within_donor_adjacent_position	spatialDLPFC::Br2743	primary_expansion	reverse	SDLPFC_Br2743_ANT_MID__reverse	balanced_ot	0.25		label_free_rigid	base	True	200	8.262997999991057			
spatialDLPFC	SDLPFC_Br2743_ANT_MID	within_donor_adjacent_position	spatialDLPFC::Br2743	primary_expansion	reverse	SDLPFC_Br2743_ANT_MID__reverse	balanced_ot	0.25		label_free_rigid	coordinate_response	True	200	8.122501200006809	R	I_SPATIAL	0.00125
spatialDLPFC	SDLPFC_Br2743_ANT_MID	within_donor_adjacent_position	spatialDLPFC::Br2743	primary_expansion	reverse	SDLPFC_Br2743_ANT_MID__reverse	balanced_ot	0.25		label_free_rigid	coordinate_response	True	200	8.191848400005256	R	I_SPATIAL	0.000625
spatialDLPFC	SDLPFC_Br2743_ANT_MID	within_donor_adjacent_position	spatialDLPFC::Br2743	primary_expansion	reverse	SDLPFC_Br2743_ANT_MID__reverse	balanced_ot	0.25		label_free_rigid	coordinate_response	True	200	8.246652500005439	R	I_SPATIAL	0.01
spatialDLPFC	SDLPFC_Br2743_ANT_MID	within_donor_adjacent_position	spatialDLPFC::Br2743	primary_expansion	reverse	SDLPFC_Br2743_ANT_MID__reverse	balanced_ot	0.25		label_free_rigid	coordinate_response	True	200	8.295076200010953	R	I_SPATIAL	1.0
spatialDLPFC	SDLPFC_Br2743_ANT_MID	within_donor_adjacent_position	spatialDLPFC::Br2743	primary_expansion	reverse	SDLPFC_Br2743_ANT_MID__reverse	balanced_ot	0.25		label_free_rigid	coordinate_response	True	200	8.362403100007214	N	I_SPATIAL	0.00125
spatialDLPFC	SDLPFC_Br2743_ANT_MID	within_donor_adjacent_position	spatialDLPFC::Br2743	primary_expansion	reverse	SDLPFC_Br2743_ANT_MID__reverse	balanced_ot	0.25		label_free_rigid	coordinate_response	True	200	8.299672599998303	N	I_SPATIAL	0.000625
spatialDLPFC	SDLPFC_Br2743_ANT_MID	within_donor_adjacent_position	spatialDLPFC::Br2743	primary_expansion	reverse	SDLPFC_Br2743_ANT_MID__reverse	balanced_ot	0.25		label_free_rigid	coordinate_response	True	200	8.245572700005141	N	I_SPATIAL	0.01
spatialDLPFC	SDLPFC_Br2743_ANT_MID	within_donor_adjacent_position	spatialDLPFC::Br2743	primary_expansion	reverse	SDLPFC_Br2743_ANT_MID__reverse	balanced_ot	0.25		label_free_rigid	coordinate_response	True	200	8.289788599999156	N	I_SPATIAL	1.0
spatialDLPFC	SDLPFC_Br3942_ANT_MID	within_donor_adjacent_position	spatialDLPFC::Br3942	primary_expansion	forward	SDLPFC_Br3942_ANT_MID	uot	0.25	2.0	baseline	base	True	85	3.5303023000014946			
spatialDLPFC	SDLPFC_Br3942_ANT_MID	within_donor_adjacent_position	spatialDLPFC::Br3942	primary_expansion	forward	SDLPFC_Br3942_ANT_MID	uot	0.25	2.0	label_free_rigid	base	True	85	3.5551960000011604			
spatialDLPFC	SDLPFC_Br3942_ANT_MID	within_donor_adjacent_position	spatialDLPFC::Br3942	primary_expansion	forward	SDLPFC_Br3942_ANT_MID	uot	0.25	2.0	label_free_rigid	coordinate_response	True	85	3.573037399997702	R	I_SPATIAL	0.00125
spatialDLPFC	SDLPFC_Br3942_ANT_MID	within_donor_adjacent_position	spatialDLPFC::Br3942	primary_expansion	forward	SDLPFC_Br3942_ANT_MID	uot	0.25	2.0	label_free_rigid	coordinate_response	True	85	3.518602700001793	R	I_SPATIAL	0.000625
spatialDLPFC	SDLPFC_Br3942_ANT_MID	within_donor_adjacent_position	spatialDLPFC::Br3942	primary_expansion	forward	SDLPFC_Br3942_ANT_MID	uot	0.25	2.0	label_free_rigid	coordinate_response	True	85	3.5130033000023104	R	I_SPATIAL	0.01
spatialDLPFC	SDLPFC_Br3942_ANT_MID	within_donor_adjacent_position	spatialDLPFC::Br3942	primary_expansion	forward	SDLPFC_Br3942_ANT_MID	uot	0.25	2.0	label_free_rigid	coordinate_response	True	85	3.5138584000087576	R	I_SPATIAL	1.0
spatialDLPFC	SDLPFC_Br3942_ANT_MID	within_donor_adjacent_position	spatialDLPFC::Br3942	primary_expansion	forward	SDLPFC_Br3942_ANT_MID	uot	0.25	2.0	label_free_rigid	coordinate_response	True	85	3.46819709999545	N	I_SPATIAL	0.00125
spatialDLPFC	SDLPFC_Br3942_ANT_MID	within_donor_adjacent_position	spatialDLPFC::Br3942	primary_expansion	forward	SDLPFC_Br3942_ANT_MID	uot	0.25	2.0	label_free_rigid	coordinate_response	True	85	3.5285529999964638	N	I_SPATIAL	0.000625
spatialDLPFC	SDLPFC_Br3942_ANT_MID	within_donor_adjacent_position	spatialDLPFC::Br3942	primary_expansion	forward	SDLPFC_Br3942_ANT_MID	uot	0.25	2.0	label_free_rigid	coordinate_response	True	85	3.4723615999973845	N	I_SPATIAL	0.01
spatialDLPFC	SDLPFC_Br3942_ANT_MID	within_donor_adjacent_position	spatialDLPFC::Br3942	primary_expansion	forward	SDLPFC_Br3942_ANT_MID	uot	0.25	2.0	label_free_rigid	coordinate_response	True	85	3.585634899995057	N	I_SPATIAL	1.0
spatialDLPFC	SDLPFC_Br3942_ANT_MID	within_donor_adjacent_position	spatialDLPFC::Br3942	primary_expansion	forward	SDLPFC_Br3942_ANT_MID	row_softmax	0.25		baseline	base	True	1	0.037336299996240996			
spatialDLPFC	SDLPFC_Br3942_ANT_MID	within_donor_adjacent_position	spatialDLPFC::Br3942	primary_expansion	forward	SDLPFC_Br3942_ANT_MID	row_softmax	0.25		label_free_rigid	base	True	1	0.04338100001041312			
spatialDLPFC	SDLPFC_Br3942_ANT_MID	within_donor_adjacent_position	spatialDLPFC::Br3942	primary_expansion	forward	SDLPFC_Br3942_ANT_MID	row_softmax	0.25		label_free_rigid	coordinate_response	True	1	0.03675010000006296	R	I_SPATIAL	0.00125
spatialDLPFC	SDLPFC_Br3942_ANT_MID	within_donor_adjacent_position	spatialDLPFC::Br3942	primary_expansion	forward	SDLPFC_Br3942_ANT_MID	row_softmax	0.25		label_free_rigid	coordinate_response	True	1	0.03887629999371711	R	I_SPATIAL	0.000625
spatialDLPFC	SDLPFC_Br3942_ANT_MID	within_donor_adjacent_position	spatialDLPFC::Br3942	primary_expansion	forward	SDLPFC_Br3942_ANT_MID	row_softmax	0.25		label_free_rigid	coordinate_response	True	1	0.03839610000432003	R	I_SPATIAL	0.01
spatialDLPFC	SDLPFC_Br3942_ANT_MID	within_donor_adjacent_position	spatialDLPFC::Br3942	primary_expansion	forward	SDLPFC_Br3942_ANT_MID	row_softmax	0.25		label_free_rigid	coordinate_response	True	1	0.03641199998673983	R	I_SPATIAL	1.0
spatialDLPFC	SDLPFC_Br3942_ANT_MID	within_donor_adjacent_position	spatialDLPFC::Br3942	primary_expansion	forward	SDLPFC_Br3942_ANT_MID	row_softmax	0.25		label_free_rigid	coordinate_response	True	1	0.03701010000077076	N	I_SPATIAL	0.00125
spatialDLPFC	SDLPFC_Br3942_ANT_MID	within_donor_adjacent_position	spatialDLPFC::Br3942	primary_expansion	forward	SDLPFC_Br3942_ANT_MID	row_softmax	0.25		label_free_rigid	coordinate_response	True	1	0.037621499999659136	N	I_SPATIAL	0.000625
spatialDLPFC	SDLPFC_Br3942_ANT_MID	within_donor_adjacent_position	spatialDLPFC::Br3942	primary_expansion	forward	SDLPFC_Br3942_ANT_MID	row_softmax	0.25		label_free_rigid	coordinate_response	True	1	0.03790509999089409	N	I_SPATIAL	0.01
spatialDLPFC	SDLPFC_Br3942_ANT_MID	within_donor_adjacent_position	spatialDLPFC::Br3942	primary_expansion	forward	SDLPFC_Br3942_ANT_MID	row_softmax	0.25		label_free_rigid	coordinate_response	True	1	0.03738750000775326	N	I_SPATIAL	1.0
spatialDLPFC	SDLPFC_Br3942_ANT_MID	within_donor_adjacent_position	spatialDLPFC::Br3942	primary_expansion	reverse	SDLPFC_Br3942_ANT_MID__reverse	balanced_ot	0.25		baseline	base	True	200	8.25831509999989			
spatialDLPFC	SDLPFC_Br3942_ANT_MID	within_donor_adjacent_position	spatialDLPFC::Br3942	primary_expansion	forward	SDLPFC_Br3942_ANT_MID	balanced_ot	0.25		label_free_rigid	base	True	200	8.338934600003995			
spatialDLPFC	SDLPFC_Br3942_ANT_MID	within_donor_adjacent_position	spatialDLPFC::Br3942	primary_expansion	forward	SDLPFC_Br3942_ANT_MID	balanced_ot	0.25		label_free_rigid	coordinate_response	True	200	8.294653499993728	R	I_SPATIAL	0.00125
spatialDLPFC	SDLPFC_Br3942_ANT_MID	within_donor_adjacent_position	spatialDLPFC::Br3942	primary_expansion	forward	SDLPFC_Br3942_ANT_MID	balanced_ot	0.25		label_free_rigid	coordinate_response	True	200	8.240143700008048	R	I_SPATIAL	0.000625
spatialDLPFC	SDLPFC_Br3942_ANT_MID	within_donor_adjacent_position	spatialDLPFC::Br3942	primary_expansion	forward	SDLPFC_Br3942_ANT_MID	balanced_ot	0.25		label_free_rigid	coordinate_response	True	200	8.283019199996488	R	I_SPATIAL	0.01
spatialDLPFC	SDLPFC_Br3942_ANT_MID	within_donor_adjacent_position	spatialDLPFC::Br3942	primary_expansion	forward	SDLPFC_Br3942_ANT_MID	balanced_ot	0.25		label_free_rigid	coordinate_response	True	200	8.315638100000797	R	I_SPATIAL	1.0
spatialDLPFC	SDLPFC_Br3942_ANT_MID	within_donor_adjacent_position	spatialDLPFC::Br3942	primary_expansion	forward	SDLPFC_Br3942_ANT_MID	balanced_ot	0.25		label_free_rigid	coordinate_response	True	200	8.200165700007346	N	I_SPATIAL	0.00125
spatialDLPFC	SDLPFC_Br3942_ANT_MID	within_donor_adjacent_position	spatialDLPFC::Br3942	primary_expansion	forward	SDLPFC_Br3942_ANT_MID	balanced_ot	0.25		label_free_rigid	coordinate_response	True	200	8.201207399994018	N	I_SPATIAL	0.000625
spatialDLPFC	SDLPFC_Br3942_ANT_MID	within_donor_adjacent_position	spatialDLPFC::Br3942	primary_expansion	forward	SDLPFC_Br3942_ANT_MID	balanced_ot	0.25		label_free_rigid	coordinate_response	True	200	8.267620700004045	N	I_SPATIAL	0.01
spatialDLPFC	SDLPFC_Br3942_ANT_MID	within_donor_adjacent_position	spatialDLPFC::Br3942	primary_expansion	forward	SDLPFC_Br3942_ANT_MID	balanced_ot	0.25		label_free_rigid	coordinate_response	True	200	8.2633019000059	N	I_SPATIAL	1.0
spatialDLPFC	SDLPFC_Br3942_ANT_MID	within_donor_adjacent_position	spatialDLPFC::Br3942	primary_expansion	reverse	SDLPFC_Br3942_ANT_MID__reverse	uot	0.25	2.0	baseline	base	True	85	3.6074643999891123			
spatialDLPFC	SDLPFC_Br3942_ANT_MID	within_donor_adjacent_position	spatialDLPFC::Br3942	primary_expansion	reverse	SDLPFC_Br3942_ANT_MID__reverse	uot	0.25	2.0	label_free_rigid	base	True	85	3.6255357999907574			
spatialDLPFC	SDLPFC_Br3942_ANT_MID	within_donor_adjacent_position	spatialDLPFC::Br3942	primary_expansion	reverse	SDLPFC_Br3942_ANT_MID__reverse	uot	0.25	2.0	label_free_rigid	coordinate_response	True	85	3.5595620999956736	R	I_SPATIAL	0.00125
spatialDLPFC	SDLPFC_Br3942_ANT_MID	within_donor_adjacent_position	spatialDLPFC::Br3942	primary_expansion	reverse	SDLPFC_Br3942_ANT_MID__reverse	uot	0.25	2.0	label_free_rigid	coordinate_response	True	85	3.921282000010251	R	I_SPATIAL	0.000625
spatialDLPFC	SDLPFC_Br3942_ANT_MID	within_donor_adjacent_position	spatialDLPFC::Br3942	primary_expansion	reverse	SDLPFC_Br3942_ANT_MID__reverse	uot	0.25	2.0	label_free_rigid	coordinate_response	True	85	3.5320349000103306	R	I_SPATIAL	0.01
spatialDLPFC	SDLPFC_Br3942_ANT_MID	within_donor_adjacent_position	spatialDLPFC::Br3942	primary_expansion	reverse	SDLPFC_Br3942_ANT_MID__reverse	uot	0.25	2.0	label_free_rigid	coordinate_response	True	85	3.5066344999941066	R	I_SPATIAL	1.0
spatialDLPFC	SDLPFC_Br3942_ANT_MID	within_donor_adjacent_position	spatialDLPFC::Br3942	primary_expansion	reverse	SDLPFC_Br3942_ANT_MID__reverse	uot	0.25	2.0	label_free_rigid	coordinate_response	True	85	3.5924212999962037	N	I_SPATIAL	0.00125
spatialDLPFC	SDLPFC_Br3942_ANT_MID	within_donor_adjacent_position	spatialDLPFC::Br3942	primary_expansion	reverse	SDLPFC_Br3942_ANT_MID__reverse	uot	0.25	2.0	label_free_rigid	coordinate_response	True	85	3.5079332999885082	N	I_SPATIAL	0.000625
spatialDLPFC	SDLPFC_Br3942_ANT_MID	within_donor_adjacent_position	spatialDLPFC::Br3942	primary_expansion	reverse	SDLPFC_Br3942_ANT_MID__reverse	uot	0.25	2.0	label_free_rigid	coordinate_response	True	85	3.4910036999935983	N	I_SPATIAL	0.01
spatialDLPFC	SDLPFC_Br3942_ANT_MID	within_donor_adjacent_position	spatialDLPFC::Br3942	primary_expansion	reverse	SDLPFC_Br3942_ANT_MID__reverse	uot	0.25	2.0	label_free_rigid	coordinate_response	True	85	3.4943159999966156	N	I_SPATIAL	1.0
spatialDLPFC	SDLPFC_Br3942_ANT_MID	within_donor_adjacent_position	spatialDLPFC::Br3942	primary_expansion	reverse	SDLPFC_Br3942_ANT_MID__reverse	row_softmax	0.25		baseline	base	True	1	0.04192699999839533			
spatialDLPFC	SDLPFC_Br3942_ANT_MID	within_donor_adjacent_position	spatialDLPFC::Br3942	primary_expansion	reverse	SDLPFC_Br3942_ANT_MID__reverse	row_softmax	0.25		label_free_rigid	base	True	1	0.03804610000224784			
spatialDLPFC	SDLPFC_Br3942_ANT_MID	within_donor_adjacent_position	spatialDLPFC::Br3942	primary_expansion	reverse	SDLPFC_Br3942_ANT_MID__reverse	row_softmax	0.25		label_free_rigid	coordinate_response	True	1	0.03701679999358021	R	I_SPATIAL	0.00125
spatialDLPFC	SDLPFC_Br3942_ANT_MID	within_donor_adjacent_position	spatialDLPFC::Br3942	primary_expansion	reverse	SDLPFC_Br3942_ANT_MID__reverse	row_softmax	0.25		label_free_rigid	coordinate_response	True	1	0.037940700000035577	R	I_SPATIAL	0.000625
spatialDLPFC	SDLPFC_Br3942_ANT_MID	within_donor_adjacent_position	spatialDLPFC::Br3942	primary_expansion	reverse	SDLPFC_Br3942_ANT_MID__reverse	row_softmax	0.25		label_free_rigid	coordinate_response	True	1	0.036441799995373	R	I_SPATIAL	0.01
spatialDLPFC	SDLPFC_Br3942_ANT_MID	within_donor_adjacent_position	spatialDLPFC::Br3942	primary_expansion	reverse	SDLPFC_Br3942_ANT_MID__reverse	row_softmax	0.25		label_free_rigid	coordinate_response	True	1	0.037231900001643226	R	I_SPATIAL	1.0
spatialDLPFC	SDLPFC_Br3942_ANT_MID	within_donor_adjacent_position	spatialDLPFC::Br3942	primary_expansion	reverse	SDLPFC_Br3942_ANT_MID__reverse	row_softmax	0.25		label_free_rigid	coordinate_response	True	1	0.037931200000457466	N	I_SPATIAL	0.00125
spatialDLPFC	SDLPFC_Br3942_ANT_MID	within_donor_adjacent_position	spatialDLPFC::Br3942	primary_expansion	reverse	SDLPFC_Br3942_ANT_MID__reverse	row_softmax	0.25		label_free_rigid	coordinate_response	True	1	0.03731390000029933	N	I_SPATIAL	0.000625
spatialDLPFC	SDLPFC_Br3942_ANT_MID	within_donor_adjacent_position	spatialDLPFC::Br3942	primary_expansion	reverse	SDLPFC_Br3942_ANT_MID__reverse	row_softmax	0.25		label_free_rigid	coordinate_response	True	1	0.037868999992497265	N	I_SPATIAL	0.01
spatialDLPFC	SDLPFC_Br3942_ANT_MID	within_donor_adjacent_position	spatialDLPFC::Br3942	primary_expansion	reverse	SDLPFC_Br3942_ANT_MID__reverse	row_softmax	0.25		label_free_rigid	coordinate_response	True	1	0.03796650000731461	N	I_SPATIAL	1.0
spatialDLPFC	SDLPFC_Br6423_ANT_MID	within_donor_adjacent_position	spatialDLPFC::Br6423	primary_expansion	forward	SDLPFC_Br6423_ANT_MID	balanced_ot	0.25		baseline	base	True	200	8.245247600003495			
spatialDLPFC	SDLPFC_Br3942_ANT_MID	within_donor_adjacent_position	spatialDLPFC::Br3942	primary_expansion	reverse	SDLPFC_Br3942_ANT_MID__reverse	balanced_ot	0.25		label_free_rigid	base	True	200	8.290630499992403			
spatialDLPFC	SDLPFC_Br3942_ANT_MID	within_donor_adjacent_position	spatialDLPFC::Br3942	primary_expansion	reverse	SDLPFC_Br3942_ANT_MID__reverse	balanced_ot	0.25		label_free_rigid	coordinate_response	True	200	8.32274819999293	R	I_SPATIAL	0.00125
spatialDLPFC	SDLPFC_Br3942_ANT_MID	within_donor_adjacent_position	spatialDLPFC::Br3942	primary_expansion	reverse	SDLPFC_Br3942_ANT_MID__reverse	balanced_ot	0.25		label_free_rigid	coordinate_response	True	200	8.481712399996468	R	I_SPATIAL	0.000625
spatialDLPFC	SDLPFC_Br3942_ANT_MID	within_donor_adjacent_position	spatialDLPFC::Br3942	primary_expansion	reverse	SDLPFC_Br3942_ANT_MID__reverse	balanced_ot	0.25		label_free_rigid	coordinate_response	True	200	8.678687499996158	R	I_SPATIAL	0.01
spatialDLPFC	SDLPFC_Br3942_ANT_MID	within_donor_adjacent_position	spatialDLPFC::Br3942	primary_expansion	reverse	SDLPFC_Br3942_ANT_MID__reverse	balanced_ot	0.25		label_free_rigid	coordinate_response	True	200	8.365576199998031	R	I_SPATIAL	1.0
spatialDLPFC	SDLPFC_Br3942_ANT_MID	within_donor_adjacent_position	spatialDLPFC::Br3942	primary_expansion	reverse	SDLPFC_Br3942_ANT_MID__reverse	balanced_ot	0.25		label_free_rigid	coordinate_response	True	200	8.347907899995334	N	I_SPATIAL	0.00125
spatialDLPFC	SDLPFC_Br3942_ANT_MID	within_donor_adjacent_position	spatialDLPFC::Br3942	primary_expansion	reverse	SDLPFC_Br3942_ANT_MID__reverse	balanced_ot	0.25		label_free_rigid	coordinate_response	True	200	8.20189300000493	N	I_SPATIAL	0.000625
spatialDLPFC	SDLPFC_Br3942_ANT_MID	within_donor_adjacent_position	spatialDLPFC::Br3942	primary_expansion	reverse	SDLPFC_Br3942_ANT_MID__reverse	balanced_ot	0.25		label_free_rigid	coordinate_response	True	200	8.22113539998827	N	I_SPATIAL	0.01
spatialDLPFC	SDLPFC_Br3942_ANT_MID	within_donor_adjacent_position	spatialDLPFC::Br3942	primary_expansion	reverse	SDLPFC_Br3942_ANT_MID__reverse	balanced_ot	0.25		label_free_rigid	coordinate_response	True	200	8.337405599988415	N	I_SPATIAL	1.0
spatialDLPFC	SDLPFC_Br6423_ANT_MID	within_donor_adjacent_position	spatialDLPFC::Br6423	primary_expansion	forward	SDLPFC_Br6423_ANT_MID	uot	0.25	2.0	baseline	base	True	85	3.4993548999918858			
spatialDLPFC	SDLPFC_Br6423_ANT_MID	within_donor_adjacent_position	spatialDLPFC::Br6423	primary_expansion	forward	SDLPFC_Br6423_ANT_MID	uot	0.25	2.0	label_free_rigid	base	True	85	3.5095222999952966			
spatialDLPFC	SDLPFC_Br6423_ANT_MID	within_donor_adjacent_position	spatialDLPFC::Br6423	primary_expansion	forward	SDLPFC_Br6423_ANT_MID	uot	0.25	2.0	label_free_rigid	coordinate_response	True	85	3.4335407000035048	R	I_SPATIAL	0.00125
spatialDLPFC	SDLPFC_Br6423_ANT_MID	within_donor_adjacent_position	spatialDLPFC::Br6423	primary_expansion	forward	SDLPFC_Br6423_ANT_MID	uot	0.25	2.0	label_free_rigid	coordinate_response	True	85	3.476423400003114	R	I_SPATIAL	0.000625
spatialDLPFC	SDLPFC_Br6423_ANT_MID	within_donor_adjacent_position	spatialDLPFC::Br6423	primary_expansion	forward	SDLPFC_Br6423_ANT_MID	uot	0.25	2.0	label_free_rigid	coordinate_response	True	85	3.5672945999976946	R	I_SPATIAL	0.01
spatialDLPFC	SDLPFC_Br6423_ANT_MID	within_donor_adjacent_position	spatialDLPFC::Br6423	primary_expansion	forward	SDLPFC_Br6423_ANT_MID	uot	0.25	2.0	label_free_rigid	coordinate_response	True	85	3.4438766999955988	R	I_SPATIAL	1.0
spatialDLPFC	SDLPFC_Br6423_ANT_MID	within_donor_adjacent_position	spatialDLPFC::Br6423	primary_expansion	forward	SDLPFC_Br6423_ANT_MID	uot	0.25	2.0	label_free_rigid	coordinate_response	True	85	3.498220900000888	N	I_SPATIAL	0.00125
spatialDLPFC	SDLPFC_Br6423_ANT_MID	within_donor_adjacent_position	spatialDLPFC::Br6423	primary_expansion	forward	SDLPFC_Br6423_ANT_MID	uot	0.25	2.0	label_free_rigid	coordinate_response	True	85	3.6140302999992855	N	I_SPATIAL	0.000625
spatialDLPFC	SDLPFC_Br6423_ANT_MID	within_donor_adjacent_position	spatialDLPFC::Br6423	primary_expansion	forward	SDLPFC_Br6423_ANT_MID	uot	0.25	2.0	label_free_rigid	coordinate_response	True	85	3.5545636000024388	N	I_SPATIAL	0.01
spatialDLPFC	SDLPFC_Br6423_ANT_MID	within_donor_adjacent_position	spatialDLPFC::Br6423	primary_expansion	forward	SDLPFC_Br6423_ANT_MID	uot	0.25	2.0	label_free_rigid	coordinate_response	True	80	3.2939421000046423	N	I_SPATIAL	1.0
spatialDLPFC	SDLPFC_Br6423_ANT_MID	within_donor_adjacent_position	spatialDLPFC::Br6423	primary_expansion	forward	SDLPFC_Br6423_ANT_MID	row_softmax	0.25		baseline	base	True	1	0.03800030000275001			
spatialDLPFC	SDLPFC_Br6423_ANT_MID	within_donor_adjacent_position	spatialDLPFC::Br6423	primary_expansion	forward	SDLPFC_Br6423_ANT_MID	row_softmax	0.25		label_free_rigid	base	True	1	0.0365419000008842			
spatialDLPFC	SDLPFC_Br6423_ANT_MID	within_donor_adjacent_position	spatialDLPFC::Br6423	primary_expansion	forward	SDLPFC_Br6423_ANT_MID	row_softmax	0.25		label_free_rigid	coordinate_response	True	1	0.03590740000072401	R	I_SPATIAL	0.00125
spatialDLPFC	SDLPFC_Br6423_ANT_MID	within_donor_adjacent_position	spatialDLPFC::Br6423	primary_expansion	forward	SDLPFC_Br6423_ANT_MID	row_softmax	0.25		label_free_rigid	coordinate_response	True	1	0.03923609999765176	R	I_SPATIAL	0.000625
spatialDLPFC	SDLPFC_Br6423_ANT_MID	within_donor_adjacent_position	spatialDLPFC::Br6423	primary_expansion	forward	SDLPFC_Br6423_ANT_MID	row_softmax	0.25		label_free_rigid	coordinate_response	True	1	0.03764749999390915	R	I_SPATIAL	0.01
spatialDLPFC	SDLPFC_Br6423_ANT_MID	within_donor_adjacent_position	spatialDLPFC::Br6423	primary_expansion	forward	SDLPFC_Br6423_ANT_MID	row_softmax	0.25		label_free_rigid	coordinate_response	True	1	0.03654330001154449	R	I_SPATIAL	1.0
spatialDLPFC	SDLPFC_Br6423_ANT_MID	within_donor_adjacent_position	spatialDLPFC::Br6423	primary_expansion	forward	SDLPFC_Br6423_ANT_MID	row_softmax	0.25		label_free_rigid	coordinate_response	True	1	0.03697739999915939	N	I_SPATIAL	0.00125
spatialDLPFC	SDLPFC_Br6423_ANT_MID	within_donor_adjacent_position	spatialDLPFC::Br6423	primary_expansion	forward	SDLPFC_Br6423_ANT_MID	row_softmax	0.25		label_free_rigid	coordinate_response	True	1	0.03702740000153426	N	I_SPATIAL	0.000625
spatialDLPFC	SDLPFC_Br6423_ANT_MID	within_donor_adjacent_position	spatialDLPFC::Br6423	primary_expansion	forward	SDLPFC_Br6423_ANT_MID	row_softmax	0.25		label_free_rigid	coordinate_response	True	1	0.037486100001842715	N	I_SPATIAL	0.01
spatialDLPFC	SDLPFC_Br6423_ANT_MID	within_donor_adjacent_position	spatialDLPFC::Br6423	primary_expansion	forward	SDLPFC_Br6423_ANT_MID	row_softmax	0.25		label_free_rigid	coordinate_response	True	1	0.0422757000051206	N	I_SPATIAL	1.0
spatialDLPFC	SDLPFC_Br6423_ANT_MID	within_donor_adjacent_position	spatialDLPFC::Br6423	primary_expansion	reverse	SDLPFC_Br6423_ANT_MID__reverse	balanced_ot	0.25		baseline	base	True	200	8.4995612000057			
spatialDLPFC	SDLPFC_Br6423_ANT_MID	within_donor_adjacent_position	spatialDLPFC::Br6423	primary_expansion	forward	SDLPFC_Br6423_ANT_MID	balanced_ot	0.25		label_free_rigid	base	True	200	8.336197299999185			
spatialDLPFC	SDLPFC_Br6423_ANT_MID	within_donor_adjacent_position	spatialDLPFC::Br6423	primary_expansion	forward	SDLPFC_Br6423_ANT_MID	balanced_ot	0.25		label_free_rigid	coordinate_response	True	200	8.189161499991314	R	I_SPATIAL	0.00125
spatialDLPFC	SDLPFC_Br6423_ANT_MID	within_donor_adjacent_position	spatialDLPFC::Br6423	primary_expansion	forward	SDLPFC_Br6423_ANT_MID	balanced_ot	0.25		label_free_rigid	coordinate_response	True	200	8.145692800011602	R	I_SPATIAL	0.000625
spatialDLPFC	SDLPFC_Br6423_ANT_MID	within_donor_adjacent_position	spatialDLPFC::Br6423	primary_expansion	forward	SDLPFC_Br6423_ANT_MID	balanced_ot	0.25		label_free_rigid	coordinate_response	True	200	8.199027199996635	R	I_SPATIAL	0.01
spatialDLPFC	SDLPFC_Br6423_ANT_MID	within_donor_adjacent_position	spatialDLPFC::Br6423	primary_expansion	forward	SDLPFC_Br6423_ANT_MID	balanced_ot	0.25		label_free_rigid	coordinate_response	True	200	8.381238000001758	R	I_SPATIAL	1.0
spatialDLPFC	SDLPFC_Br6423_ANT_MID	within_donor_adjacent_position	spatialDLPFC::Br6423	primary_expansion	forward	SDLPFC_Br6423_ANT_MID	balanced_ot	0.25		label_free_rigid	coordinate_response	True	200	8.283159500002512	N	I_SPATIAL	0.00125
spatialDLPFC	SDLPFC_Br6423_ANT_MID	within_donor_adjacent_position	spatialDLPFC::Br6423	primary_expansion	forward	SDLPFC_Br6423_ANT_MID	balanced_ot	0.25		label_free_rigid	coordinate_response	True	200	8.581248399990727	N	I_SPATIAL	0.000625
spatialDLPFC	SDLPFC_Br6423_ANT_MID	within_donor_adjacent_position	spatialDLPFC::Br6423	primary_expansion	forward	SDLPFC_Br6423_ANT_MID	balanced_ot	0.25		label_free_rigid	coordinate_response	True	200	8.75527979999606	N	I_SPATIAL	0.01
spatialDLPFC	SDLPFC_Br6423_ANT_MID	within_donor_adjacent_position	spatialDLPFC::Br6423	primary_expansion	forward	SDLPFC_Br6423_ANT_MID	balanced_ot	0.25		label_free_rigid	coordinate_response	True	200	8.44006380000792	N	I_SPATIAL	1.0
spatialDLPFC	SDLPFC_Br6423_ANT_MID	within_donor_adjacent_position	spatialDLPFC::Br6423	primary_expansion	reverse	SDLPFC_Br6423_ANT_MID__reverse	uot	0.25	2.0	baseline	base	True	85	3.568715899993549			
spatialDLPFC	SDLPFC_Br6423_ANT_MID	within_donor_adjacent_position	spatialDLPFC::Br6423	primary_expansion	reverse	SDLPFC_Br6423_ANT_MID__reverse	uot	0.25	2.0	label_free_rigid	base	True	85	3.6634845999942627			
spatialDLPFC	SDLPFC_Br6423_ANT_MID	within_donor_adjacent_position	spatialDLPFC::Br6423	primary_expansion	reverse	SDLPFC_Br6423_ANT_MID__reverse	uot	0.25	2.0	label_free_rigid	coordinate_response	True	85	3.722339899992221	R	I_SPATIAL	0.00125
spatialDLPFC	SDLPFC_Br6423_ANT_MID	within_donor_adjacent_position	spatialDLPFC::Br6423	primary_expansion	reverse	SDLPFC_Br6423_ANT_MID__reverse	uot	0.25	2.0	label_free_rigid	coordinate_response	True	85	3.6861963999981526	R	I_SPATIAL	0.000625
spatialDLPFC	SDLPFC_Br6423_ANT_MID	within_donor_adjacent_position	spatialDLPFC::Br6423	primary_expansion	reverse	SDLPFC_Br6423_ANT_MID__reverse	uot	0.25	2.0	label_free_rigid	coordinate_response	True	85	3.5743690999952378	R	I_SPATIAL	0.01
spatialDLPFC	SDLPFC_Br6423_ANT_MID	within_donor_adjacent_position	spatialDLPFC::Br6423	primary_expansion	reverse	SDLPFC_Br6423_ANT_MID__reverse	uot	0.25	2.0	label_free_rigid	coordinate_response	True	85	3.631152000001748	R	I_SPATIAL	1.0
spatialDLPFC	SDLPFC_Br6423_ANT_MID	within_donor_adjacent_position	spatialDLPFC::Br6423	primary_expansion	reverse	SDLPFC_Br6423_ANT_MID__reverse	uot	0.25	2.0	label_free_rigid	coordinate_response	True	85	3.5750181999901542	N	I_SPATIAL	0.00125
spatialDLPFC	SDLPFC_Br6423_ANT_MID	within_donor_adjacent_position	spatialDLPFC::Br6423	primary_expansion	reverse	SDLPFC_Br6423_ANT_MID__reverse	uot	0.25	2.0	label_free_rigid	coordinate_response	True	85	3.5718370999966282	N	I_SPATIAL	0.000625
spatialDLPFC	SDLPFC_Br6423_ANT_MID	within_donor_adjacent_position	spatialDLPFC::Br6423	primary_expansion	reverse	SDLPFC_Br6423_ANT_MID__reverse	uot	0.25	2.0	label_free_rigid	coordinate_response	True	85	3.553218300003209	N	I_SPATIAL	0.01
spatialDLPFC	SDLPFC_Br6423_ANT_MID	within_donor_adjacent_position	spatialDLPFC::Br6423	primary_expansion	reverse	SDLPFC_Br6423_ANT_MID__reverse	uot	0.25	2.0	label_free_rigid	coordinate_response	True	85	3.6855675999977393	N	I_SPATIAL	1.0
spatialDLPFC	SDLPFC_Br6423_ANT_MID	within_donor_adjacent_position	spatialDLPFC::Br6423	primary_expansion	reverse	SDLPFC_Br6423_ANT_MID__reverse	row_softmax	0.25		baseline	base	True	1	0.037837299998500384			
spatialDLPFC	SDLPFC_Br6423_ANT_MID	within_donor_adjacent_position	spatialDLPFC::Br6423	primary_expansion	reverse	SDLPFC_Br6423_ANT_MID__reverse	row_softmax	0.25		label_free_rigid	base	True	1	0.036936200005584396			
spatialDLPFC	SDLPFC_Br6423_ANT_MID	within_donor_adjacent_position	spatialDLPFC::Br6423	primary_expansion	reverse	SDLPFC_Br6423_ANT_MID__reverse	row_softmax	0.25		label_free_rigid	coordinate_response	True	1	0.037542299993219785	R	I_SPATIAL	0.00125
spatialDLPFC	SDLPFC_Br6423_ANT_MID	within_donor_adjacent_position	spatialDLPFC::Br6423	primary_expansion	reverse	SDLPFC_Br6423_ANT_MID__reverse	row_softmax	0.25		label_free_rigid	coordinate_response	True	1	0.0381100999948103	R	I_SPATIAL	0.000625
spatialDLPFC	SDLPFC_Br6423_ANT_MID	within_donor_adjacent_position	spatialDLPFC::Br6423	primary_expansion	reverse	SDLPFC_Br6423_ANT_MID__reverse	row_softmax	0.25		label_free_rigid	coordinate_response	True	1	0.03767320000042673	R	I_SPATIAL	0.01
spatialDLPFC	SDLPFC_Br6423_ANT_MID	within_donor_adjacent_position	spatialDLPFC::Br6423	primary_expansion	reverse	SDLPFC_Br6423_ANT_MID__reverse	row_softmax	0.25		label_free_rigid	coordinate_response	True	1	0.03625160000228789	R	I_SPATIAL	1.0
spatialDLPFC	SDLPFC_Br6423_ANT_MID	within_donor_adjacent_position	spatialDLPFC::Br6423	primary_expansion	reverse	SDLPFC_Br6423_ANT_MID__reverse	row_softmax	0.25		label_free_rigid	coordinate_response	True	1	0.04205680001177825	N	I_SPATIAL	0.00125
spatialDLPFC	SDLPFC_Br6423_ANT_MID	within_donor_adjacent_position	spatialDLPFC::Br6423	primary_expansion	reverse	SDLPFC_Br6423_ANT_MID__reverse	row_softmax	0.25		label_free_rigid	coordinate_response	True	1	0.037915600012638606	N	I_SPATIAL	0.000625
spatialDLPFC	SDLPFC_Br6423_ANT_MID	within_donor_adjacent_position	spatialDLPFC::Br6423	primary_expansion	reverse	SDLPFC_Br6423_ANT_MID__reverse	row_softmax	0.25		label_free_rigid	coordinate_response	True	1	0.03882000000157859	N	I_SPATIAL	0.01
spatialDLPFC	SDLPFC_Br6423_ANT_MID	within_donor_adjacent_position	spatialDLPFC::Br6423	primary_expansion	reverse	SDLPFC_Br6423_ANT_MID__reverse	row_softmax	0.25		label_free_rigid	coordinate_response	True	1	0.03669570000784006	N	I_SPATIAL	1.0
spatialDLPFC	SDLPFC_Br6432_ANT_MID	within_donor_adjacent_position	spatialDLPFC::Br6432	primary_expansion	forward	SDLPFC_Br6432_ANT_MID	balanced_ot	0.25		baseline	base	True	200	8.356428500002949			
spatialDLPFC	SDLPFC_Br6423_ANT_MID	within_donor_adjacent_position	spatialDLPFC::Br6423	primary_expansion	reverse	SDLPFC_Br6423_ANT_MID__reverse	balanced_ot	0.25		label_free_rigid	base	True	200	8.910855400012224			
spatialDLPFC	SDLPFC_Br6423_ANT_MID	within_donor_adjacent_position	spatialDLPFC::Br6423	primary_expansion	reverse	SDLPFC_Br6423_ANT_MID__reverse	balanced_ot	0.25		label_free_rigid	coordinate_response	True	200	8.476604299998144	R	I_SPATIAL	0.00125
spatialDLPFC	SDLPFC_Br6423_ANT_MID	within_donor_adjacent_position	spatialDLPFC::Br6423	primary_expansion	reverse	SDLPFC_Br6423_ANT_MID__reverse	balanced_ot	0.25		label_free_rigid	coordinate_response	True	200	8.491273999999976	R	I_SPATIAL	0.000625
spatialDLPFC	SDLPFC_Br6423_ANT_MID	within_donor_adjacent_position	spatialDLPFC::Br6423	primary_expansion	reverse	SDLPFC_Br6423_ANT_MID__reverse	balanced_ot	0.25		label_free_rigid	coordinate_response	True	200	8.644225399999414	R	I_SPATIAL	0.01
spatialDLPFC	SDLPFC_Br6423_ANT_MID	within_donor_adjacent_position	spatialDLPFC::Br6423	primary_expansion	reverse	SDLPFC_Br6423_ANT_MID__reverse	balanced_ot	0.25		label_free_rigid	coordinate_response	True	200	8.385831899999175	R	I_SPATIAL	1.0
spatialDLPFC	SDLPFC_Br6423_ANT_MID	within_donor_adjacent_position	spatialDLPFC::Br6423	primary_expansion	reverse	SDLPFC_Br6423_ANT_MID__reverse	balanced_ot	0.25		label_free_rigid	coordinate_response	True	200	8.454444600007264	N	I_SPATIAL	0.00125
spatialDLPFC	SDLPFC_Br6423_ANT_MID	within_donor_adjacent_position	spatialDLPFC::Br6423	primary_expansion	reverse	SDLPFC_Br6423_ANT_MID__reverse	balanced_ot	0.25		label_free_rigid	coordinate_response	True	200	8.500339899997925	N	I_SPATIAL	0.000625
spatialDLPFC	SDLPFC_Br6423_ANT_MID	within_donor_adjacent_position	spatialDLPFC::Br6423	primary_expansion	reverse	SDLPFC_Br6423_ANT_MID__reverse	balanced_ot	0.25		label_free_rigid	coordinate_response	True	200	8.349744599996484	N	I_SPATIAL	0.01
spatialDLPFC	SDLPFC_Br6423_ANT_MID	within_donor_adjacent_position	spatialDLPFC::Br6423	primary_expansion	reverse	SDLPFC_Br6423_ANT_MID__reverse	balanced_ot	0.25		label_free_rigid	coordinate_response	True	200	8.312699200003408	N	I_SPATIAL	1.0
spatialDLPFC	SDLPFC_Br6432_ANT_MID	within_donor_adjacent_position	spatialDLPFC::Br6432	primary_expansion	forward	SDLPFC_Br6432_ANT_MID	uot	0.25	2.0	baseline	base	True	85	3.529845299999579			
spatialDLPFC	SDLPFC_Br6432_ANT_MID	within_donor_adjacent_position	spatialDLPFC::Br6432	primary_expansion	forward	SDLPFC_Br6432_ANT_MID	uot	0.25	2.0	label_free_rigid	base	True	85	3.465245999992476			
spatialDLPFC	SDLPFC_Br6432_ANT_MID	within_donor_adjacent_position	spatialDLPFC::Br6432	primary_expansion	forward	SDLPFC_Br6432_ANT_MID	uot	0.25	2.0	label_free_rigid	coordinate_response	True	85	3.5854326999979094	R	I_SPATIAL	0.00125
spatialDLPFC	SDLPFC_Br6432_ANT_MID	within_donor_adjacent_position	spatialDLPFC::Br6432	primary_expansion	forward	SDLPFC_Br6432_ANT_MID	uot	0.25	2.0	label_free_rigid	coordinate_response	True	85	3.6145013000059407	R	I_SPATIAL	0.000625
spatialDLPFC	SDLPFC_Br6432_ANT_MID	within_donor_adjacent_position	spatialDLPFC::Br6432	primary_expansion	forward	SDLPFC_Br6432_ANT_MID	uot	0.25	2.0	label_free_rigid	coordinate_response	True	85	3.516788599998108	R	I_SPATIAL	0.01
spatialDLPFC	SDLPFC_Br6432_ANT_MID	within_donor_adjacent_position	spatialDLPFC::Br6432	primary_expansion	forward	SDLPFC_Br6432_ANT_MID	uot	0.25	2.0	label_free_rigid	coordinate_response	True	85	3.5580686000030255	R	I_SPATIAL	1.0
spatialDLPFC	SDLPFC_Br6432_ANT_MID	within_donor_adjacent_position	spatialDLPFC::Br6432	primary_expansion	forward	SDLPFC_Br6432_ANT_MID	uot	0.25	2.0	label_free_rigid	coordinate_response	True	85	3.5639824999962	N	I_SPATIAL	0.00125
spatialDLPFC	SDLPFC_Br6432_ANT_MID	within_donor_adjacent_position	spatialDLPFC::Br6432	primary_expansion	forward	SDLPFC_Br6432_ANT_MID	uot	0.25	2.0	label_free_rigid	coordinate_response	True	85	3.6094510999973863	N	I_SPATIAL	0.000625
spatialDLPFC	SDLPFC_Br6432_ANT_MID	within_donor_adjacent_position	spatialDLPFC::Br6432	primary_expansion	forward	SDLPFC_Br6432_ANT_MID	uot	0.25	2.0	label_free_rigid	coordinate_response	True	85	3.5237803000054555	N	I_SPATIAL	0.01
spatialDLPFC	SDLPFC_Br6432_ANT_MID	within_donor_adjacent_position	spatialDLPFC::Br6432	primary_expansion	forward	SDLPFC_Br6432_ANT_MID	uot	0.25	2.0	label_free_rigid	coordinate_response	True	80	3.30073750000156	N	I_SPATIAL	1.0
spatialDLPFC	SDLPFC_Br6432_ANT_MID	within_donor_adjacent_position	spatialDLPFC::Br6432	primary_expansion	forward	SDLPFC_Br6432_ANT_MID	row_softmax	0.25		baseline	base	True	1	0.0379739000054542			
spatialDLPFC	SDLPFC_Br6432_ANT_MID	within_donor_adjacent_position	spatialDLPFC::Br6432	primary_expansion	forward	SDLPFC_Br6432_ANT_MID	row_softmax	0.25		label_free_rigid	base	True	1	0.03883760000462644			
spatialDLPFC	SDLPFC_Br6432_ANT_MID	within_donor_adjacent_position	spatialDLPFC::Br6432	primary_expansion	forward	SDLPFC_Br6432_ANT_MID	row_softmax	0.25		label_free_rigid	coordinate_response	True	1	0.03787929999816697	R	I_SPATIAL	0.00125
spatialDLPFC	SDLPFC_Br6432_ANT_MID	within_donor_adjacent_position	spatialDLPFC::Br6432	primary_expansion	forward	SDLPFC_Br6432_ANT_MID	row_softmax	0.25		label_free_rigid	coordinate_response	True	1	0.040698900003917515	R	I_SPATIAL	0.000625
spatialDLPFC	SDLPFC_Br6432_ANT_MID	within_donor_adjacent_position	spatialDLPFC::Br6432	primary_expansion	forward	SDLPFC_Br6432_ANT_MID	row_softmax	0.25		label_free_rigid	coordinate_response	True	1	0.038471399995614775	R	I_SPATIAL	0.01
spatialDLPFC	SDLPFC_Br6432_ANT_MID	within_donor_adjacent_position	spatialDLPFC::Br6432	primary_expansion	forward	SDLPFC_Br6432_ANT_MID	row_softmax	0.25		label_free_rigid	coordinate_response	True	1	0.038401799989514984	R	I_SPATIAL	1.0
spatialDLPFC	SDLPFC_Br6432_ANT_MID	within_donor_adjacent_position	spatialDLPFC::Br6432	primary_expansion	forward	SDLPFC_Br6432_ANT_MID	row_softmax	0.25		label_free_rigid	coordinate_response	True	1	0.040686899999855086	N	I_SPATIAL	0.00125
spatialDLPFC	SDLPFC_Br6432_ANT_MID	within_donor_adjacent_position	spatialDLPFC::Br6432	primary_expansion	forward	SDLPFC_Br6432_ANT_MID	row_softmax	0.25		label_free_rigid	coordinate_response	True	1	0.03868309999234043	N	I_SPATIAL	0.000625
spatialDLPFC	SDLPFC_Br6432_ANT_MID	within_donor_adjacent_position	spatialDLPFC::Br6432	primary_expansion	forward	SDLPFC_Br6432_ANT_MID	row_softmax	0.25		label_free_rigid	coordinate_response	True	1	0.038186199992196634	N	I_SPATIAL	0.01
spatialDLPFC	SDLPFC_Br6432_ANT_MID	within_donor_adjacent_position	spatialDLPFC::Br6432	primary_expansion	forward	SDLPFC_Br6432_ANT_MID	row_softmax	0.25		label_free_rigid	coordinate_response	True	1	0.03750600000785198	N	I_SPATIAL	1.0
spatialDLPFC	SDLPFC_Br6432_ANT_MID	within_donor_adjacent_position	spatialDLPFC::Br6432	primary_expansion	reverse	SDLPFC_Br6432_ANT_MID__reverse	balanced_ot	0.25		baseline	base	True	200	8.567724599997746			
spatialDLPFC	SDLPFC_Br6432_ANT_MID	within_donor_adjacent_position	spatialDLPFC::Br6432	primary_expansion	forward	SDLPFC_Br6432_ANT_MID	balanced_ot	0.25		label_free_rigid	base	True	200	8.351129399990896			
spatialDLPFC	SDLPFC_Br6432_ANT_MID	within_donor_adjacent_position	spatialDLPFC::Br6432	primary_expansion	forward	SDLPFC_Br6432_ANT_MID	balanced_ot	0.25		label_free_rigid	coordinate_response	True	200	8.194080399989616	R	I_SPATIAL	0.00125
spatialDLPFC	SDLPFC_Br6432_ANT_MID	within_donor_adjacent_position	spatialDLPFC::Br6432	primary_expansion	forward	SDLPFC_Br6432_ANT_MID	balanced_ot	0.25		label_free_rigid	coordinate_response	True	200	8.332823399992776	R	I_SPATIAL	0.000625
spatialDLPFC	SDLPFC_Br6432_ANT_MID	within_donor_adjacent_position	spatialDLPFC::Br6432	primary_expansion	forward	SDLPFC_Br6432_ANT_MID	balanced_ot	0.25		label_free_rigid	coordinate_response	True	200	8.329665500001283	R	I_SPATIAL	0.01
spatialDLPFC	SDLPFC_Br6432_ANT_MID	within_donor_adjacent_position	spatialDLPFC::Br6432	primary_expansion	forward	SDLPFC_Br6432_ANT_MID	balanced_ot	0.25		label_free_rigid	coordinate_response	True	200	8.390169300007983	R	I_SPATIAL	1.0
spatialDLPFC	SDLPFC_Br6432_ANT_MID	within_donor_adjacent_position	spatialDLPFC::Br6432	primary_expansion	forward	SDLPFC_Br6432_ANT_MID	balanced_ot	0.25		label_free_rigid	coordinate_response	True	200	8.457788300001994	N	I_SPATIAL	0.00125
spatialDLPFC	SDLPFC_Br6432_ANT_MID	within_donor_adjacent_position	spatialDLPFC::Br6432	primary_expansion	forward	SDLPFC_Br6432_ANT_MID	balanced_ot	0.25		label_free_rigid	coordinate_response	True	200	8.617040400000405	N	I_SPATIAL	0.000625
spatialDLPFC	SDLPFC_Br6432_ANT_MID	within_donor_adjacent_position	spatialDLPFC::Br6432	primary_expansion	forward	SDLPFC_Br6432_ANT_MID	balanced_ot	0.25		label_free_rigid	coordinate_response	True	200	8.588407000002917	N	I_SPATIAL	0.01
spatialDLPFC	SDLPFC_Br6432_ANT_MID	within_donor_adjacent_position	spatialDLPFC::Br6432	primary_expansion	forward	SDLPFC_Br6432_ANT_MID	balanced_ot	0.25		label_free_rigid	coordinate_response	True	200	8.609235299998545	N	I_SPATIAL	1.0
spatialDLPFC	SDLPFC_Br6432_ANT_MID	within_donor_adjacent_position	spatialDLPFC::Br6432	primary_expansion	reverse	SDLPFC_Br6432_ANT_MID__reverse	uot	0.25	2.0	baseline	base	True	85	3.6827298999996856			
spatialDLPFC	SDLPFC_Br6432_ANT_MID	within_donor_adjacent_position	spatialDLPFC::Br6432	primary_expansion	reverse	SDLPFC_Br6432_ANT_MID__reverse	uot	0.25	2.0	label_free_rigid	base	True	85	3.8195757000066806			
spatialDLPFC	SDLPFC_Br6432_ANT_MID	within_donor_adjacent_position	spatialDLPFC::Br6432	primary_expansion	reverse	SDLPFC_Br6432_ANT_MID__reverse	uot	0.25	2.0	label_free_rigid	coordinate_response	True	85	3.824600099993404	R	I_SPATIAL	0.00125
spatialDLPFC	SDLPFC_Br6432_ANT_MID	within_donor_adjacent_position	spatialDLPFC::Br6432	primary_expansion	reverse	SDLPFC_Br6432_ANT_MID__reverse	uot	0.25	2.0	label_free_rigid	coordinate_response	True	85	3.793108600002597	R	I_SPATIAL	0.000625
spatialDLPFC	SDLPFC_Br6432_ANT_MID	within_donor_adjacent_position	spatialDLPFC::Br6432	primary_expansion	reverse	SDLPFC_Br6432_ANT_MID__reverse	uot	0.25	2.0	label_free_rigid	coordinate_response	True	85	3.864641099993605	R	I_SPATIAL	0.01
spatialDLPFC	SDLPFC_Br6432_ANT_MID	within_donor_adjacent_position	spatialDLPFC::Br6432	primary_expansion	reverse	SDLPFC_Br6432_ANT_MID__reverse	uot	0.25	2.0	label_free_rigid	coordinate_response	True	85	3.806801300001098	R	I_SPATIAL	1.0
spatialDLPFC	SDLPFC_Br6432_ANT_MID	within_donor_adjacent_position	spatialDLPFC::Br6432	primary_expansion	reverse	SDLPFC_Br6432_ANT_MID__reverse	uot	0.25	2.0	label_free_rigid	coordinate_response	True	85	3.6977404999925056	N	I_SPATIAL	0.00125
spatialDLPFC	SDLPFC_Br6432_ANT_MID	within_donor_adjacent_position	spatialDLPFC::Br6432	primary_expansion	reverse	SDLPFC_Br6432_ANT_MID__reverse	uot	0.25	2.0	label_free_rigid	coordinate_response	True	85	3.6906405999907292	N	I_SPATIAL	0.000625
spatialDLPFC	SDLPFC_Br6432_ANT_MID	within_donor_adjacent_position	spatialDLPFC::Br6432	primary_expansion	reverse	SDLPFC_Br6432_ANT_MID__reverse	uot	0.25	2.0	label_free_rigid	coordinate_response	True	85	3.7926389999920502	N	I_SPATIAL	0.01
spatialDLPFC	SDLPFC_Br6432_ANT_MID	within_donor_adjacent_position	spatialDLPFC::Br6432	primary_expansion	reverse	SDLPFC_Br6432_ANT_MID__reverse	uot	0.25	2.0	label_free_rigid	coordinate_response	True	85	3.700380700000096	N	I_SPATIAL	1.0
spatialDLPFC	SDLPFC_Br6432_ANT_MID	within_donor_adjacent_position	spatialDLPFC::Br6432	primary_expansion	reverse	SDLPFC_Br6432_ANT_MID__reverse	row_softmax	0.25		baseline	base	True	1	0.03859449998708442			
spatialDLPFC	SDLPFC_Br6432_ANT_MID	within_donor_adjacent_position	spatialDLPFC::Br6432	primary_expansion	reverse	SDLPFC_Br6432_ANT_MID__reverse	row_softmax	0.25		label_free_rigid	base	True	1	0.045226000002003275			
spatialDLPFC	SDLPFC_Br6432_ANT_MID	within_donor_adjacent_position	spatialDLPFC::Br6432	primary_expansion	reverse	SDLPFC_Br6432_ANT_MID__reverse	row_softmax	0.25		label_free_rigid	coordinate_response	True	1	0.04505970000172965	R	I_SPATIAL	0.00125
spatialDLPFC	SDLPFC_Br6432_ANT_MID	within_donor_adjacent_position	spatialDLPFC::Br6432	primary_expansion	reverse	SDLPFC_Br6432_ANT_MID__reverse	row_softmax	0.25		label_free_rigid	coordinate_response	True	1	0.040062500003841706	R	I_SPATIAL	0.000625
spatialDLPFC	SDLPFC_Br6432_ANT_MID	within_donor_adjacent_position	spatialDLPFC::Br6432	primary_expansion	reverse	SDLPFC_Br6432_ANT_MID__reverse	row_softmax	0.25		label_free_rigid	coordinate_response	True	1	0.038649900001473725	R	I_SPATIAL	0.01
spatialDLPFC	SDLPFC_Br6432_ANT_MID	within_donor_adjacent_position	spatialDLPFC::Br6432	primary_expansion	reverse	SDLPFC_Br6432_ANT_MID__reverse	row_softmax	0.25		label_free_rigid	coordinate_response	True	1	0.04463620000751689	R	I_SPATIAL	1.0
spatialDLPFC	SDLPFC_Br6432_ANT_MID	within_donor_adjacent_position	spatialDLPFC::Br6432	primary_expansion	reverse	SDLPFC_Br6432_ANT_MID__reverse	row_softmax	0.25		label_free_rigid	coordinate_response	True	1	0.038978700002189726	N	I_SPATIAL	0.00125
spatialDLPFC	SDLPFC_Br6432_ANT_MID	within_donor_adjacent_position	spatialDLPFC::Br6432	primary_expansion	reverse	SDLPFC_Br6432_ANT_MID__reverse	row_softmax	0.25		label_free_rigid	coordinate_response	True	1	0.03806639999675099	N	I_SPATIAL	0.000625
spatialDLPFC	SDLPFC_Br6432_ANT_MID	within_donor_adjacent_position	spatialDLPFC::Br6432	primary_expansion	reverse	SDLPFC_Br6432_ANT_MID__reverse	row_softmax	0.25		label_free_rigid	coordinate_response	True	1	0.043991600003209896	N	I_SPATIAL	0.01
spatialDLPFC	SDLPFC_Br6432_ANT_MID	within_donor_adjacent_position	spatialDLPFC::Br6432	primary_expansion	reverse	SDLPFC_Br6432_ANT_MID__reverse	row_softmax	0.25		label_free_rigid	coordinate_response	True	1	0.03820120000455063	N	I_SPATIAL	1.0
spatialDLPFC	SDLPFC_Br6471_ANT_MID	within_donor_adjacent_position	spatialDLPFC::Br6471	primary_expansion	forward	SDLPFC_Br6471_ANT_MID	balanced_ot	0.25		baseline	base	True	200	8.705697400000645			
spatialDLPFC	SDLPFC_Br6432_ANT_MID	within_donor_adjacent_position	spatialDLPFC::Br6432	primary_expansion	reverse	SDLPFC_Br6432_ANT_MID__reverse	balanced_ot	0.25		label_free_rigid	base	True	200	8.652889599994523			
spatialDLPFC	SDLPFC_Br6432_ANT_MID	within_donor_adjacent_position	spatialDLPFC::Br6432	primary_expansion	reverse	SDLPFC_Br6432_ANT_MID__reverse	balanced_ot	0.25		label_free_rigid	coordinate_response	True	200	8.546958499995526	R	I_SPATIAL	0.00125
spatialDLPFC	SDLPFC_Br6432_ANT_MID	within_donor_adjacent_position	spatialDLPFC::Br6432	primary_expansion	reverse	SDLPFC_Br6432_ANT_MID__reverse	balanced_ot	0.25		label_free_rigid	coordinate_response	True	200	8.684987800006638	R	I_SPATIAL	0.000625
spatialDLPFC	SDLPFC_Br6432_ANT_MID	within_donor_adjacent_position	spatialDLPFC::Br6432	primary_expansion	reverse	SDLPFC_Br6432_ANT_MID__reverse	balanced_ot	0.25		label_free_rigid	coordinate_response	True	200	8.79948119999608	R	I_SPATIAL	0.01
spatialDLPFC	SDLPFC_Br6432_ANT_MID	within_donor_adjacent_position	spatialDLPFC::Br6432	primary_expansion	reverse	SDLPFC_Br6432_ANT_MID__reverse	balanced_ot	0.25		label_free_rigid	coordinate_response	True	200	8.943092800007435	R	I_SPATIAL	1.0
spatialDLPFC	SDLPFC_Br6432_ANT_MID	within_donor_adjacent_position	spatialDLPFC::Br6432	primary_expansion	reverse	SDLPFC_Br6432_ANT_MID__reverse	balanced_ot	0.25		label_free_rigid	coordinate_response	True	200	8.719820400001481	N	I_SPATIAL	0.00125
spatialDLPFC	SDLPFC_Br6432_ANT_MID	within_donor_adjacent_position	spatialDLPFC::Br6432	primary_expansion	reverse	SDLPFC_Br6432_ANT_MID__reverse	balanced_ot	0.25		label_free_rigid	coordinate_response	True	200	8.820932499991613	N	I_SPATIAL	0.000625
spatialDLPFC	SDLPFC_Br6432_ANT_MID	within_donor_adjacent_position	spatialDLPFC::Br6432	primary_expansion	reverse	SDLPFC_Br6432_ANT_MID__reverse	balanced_ot	0.25		label_free_rigid	coordinate_response	True	200	8.597336200007703	N	I_SPATIAL	0.01
spatialDLPFC	SDLPFC_Br6432_ANT_MID	within_donor_adjacent_position	spatialDLPFC::Br6432	primary_expansion	reverse	SDLPFC_Br6432_ANT_MID__reverse	balanced_ot	0.25		label_free_rigid	coordinate_response	True	200	8.774436000006972	N	I_SPATIAL	1.0
spatialDLPFC	SDLPFC_Br6471_ANT_MID	within_donor_adjacent_position	spatialDLPFC::Br6471	primary_expansion	forward	SDLPFC_Br6471_ANT_MID	uot	0.25	2.0	baseline	base	True	85	3.7392508999910206			
spatialDLPFC	SDLPFC_Br6471_ANT_MID	within_donor_adjacent_position	spatialDLPFC::Br6471	primary_expansion	forward	SDLPFC_Br6471_ANT_MID	uot	0.25	2.0	label_free_rigid	base	True	85	3.748120599993854			
spatialDLPFC	SDLPFC_Br6471_ANT_MID	within_donor_adjacent_position	spatialDLPFC::Br6471	primary_expansion	forward	SDLPFC_Br6471_ANT_MID	uot	0.25	2.0	label_free_rigid	coordinate_response	True	85	3.664595599999302	R	I_SPATIAL	0.00125
spatialDLPFC	SDLPFC_Br6471_ANT_MID	within_donor_adjacent_position	spatialDLPFC::Br6471	primary_expansion	forward	SDLPFC_Br6471_ANT_MID	uot	0.25	2.0	label_free_rigid	coordinate_response	True	85	3.4698397999891313	R	I_SPATIAL	0.000625
spatialDLPFC	SDLPFC_Br6471_ANT_MID	within_donor_adjacent_position	spatialDLPFC::Br6471	primary_expansion	forward	SDLPFC_Br6471_ANT_MID	uot	0.25	2.0	label_free_rigid	coordinate_response	True	85	3.5965433999954257	R	I_SPATIAL	0.01
spatialDLPFC	SDLPFC_Br6471_ANT_MID	within_donor_adjacent_position	spatialDLPFC::Br6471	primary_expansion	forward	SDLPFC_Br6471_ANT_MID	uot	0.25	2.0	label_free_rigid	coordinate_response	True	85	3.6499184999993304	R	I_SPATIAL	1.0
spatialDLPFC	SDLPFC_Br6471_ANT_MID	within_donor_adjacent_position	spatialDLPFC::Br6471	primary_expansion	forward	SDLPFC_Br6471_ANT_MID	uot	0.25	2.0	label_free_rigid	coordinate_response	True	85	3.4983926999993855	N	I_SPATIAL	0.00125
spatialDLPFC	SDLPFC_Br6471_ANT_MID	within_donor_adjacent_position	spatialDLPFC::Br6471	primary_expansion	forward	SDLPFC_Br6471_ANT_MID	uot	0.25	2.0	label_free_rigid	coordinate_response	True	85	3.5097157999989577	N	I_SPATIAL	0.000625
spatialDLPFC	SDLPFC_Br6471_ANT_MID	within_donor_adjacent_position	spatialDLPFC::Br6471	primary_expansion	forward	SDLPFC_Br6471_ANT_MID	uot	0.25	2.0	label_free_rigid	coordinate_response	True	85	3.4817744999891147	N	I_SPATIAL	0.01
spatialDLPFC	SDLPFC_Br6471_ANT_MID	within_donor_adjacent_position	spatialDLPFC::Br6471	primary_expansion	forward	SDLPFC_Br6471_ANT_MID	uot	0.25	2.0	label_free_rigid	coordinate_response	True	85	3.5228295999986585	N	I_SPATIAL	1.0
spatialDLPFC	SDLPFC_Br6471_ANT_MID	within_donor_adjacent_position	spatialDLPFC::Br6471	primary_expansion	forward	SDLPFC_Br6471_ANT_MID	row_softmax	0.25		baseline	base	True	1	0.03702859999611974			
spatialDLPFC	SDLPFC_Br6471_ANT_MID	within_donor_adjacent_position	spatialDLPFC::Br6471	primary_expansion	forward	SDLPFC_Br6471_ANT_MID	row_softmax	0.25		label_free_rigid	base	True	1	0.03753339999821037			
spatialDLPFC	SDLPFC_Br6471_ANT_MID	within_donor_adjacent_position	spatialDLPFC::Br6471	primary_expansion	forward	SDLPFC_Br6471_ANT_MID	row_softmax	0.25		label_free_rigid	coordinate_response	True	1	0.042478099989239126	R	I_SPATIAL	0.00125
spatialDLPFC	SDLPFC_Br6471_ANT_MID	within_donor_adjacent_position	spatialDLPFC::Br6471	primary_expansion	forward	SDLPFC_Br6471_ANT_MID	row_softmax	0.25		label_free_rigid	coordinate_response	True	1	0.036818799999309704	R	I_SPATIAL	0.000625
spatialDLPFC	SDLPFC_Br6471_ANT_MID	within_donor_adjacent_position	spatialDLPFC::Br6471	primary_expansion	forward	SDLPFC_Br6471_ANT_MID	row_softmax	0.25		label_free_rigid	coordinate_response	True	1	0.042097400000784546	R	I_SPATIAL	0.01
spatialDLPFC	SDLPFC_Br6471_ANT_MID	within_donor_adjacent_position	spatialDLPFC::Br6471	primary_expansion	forward	SDLPFC_Br6471_ANT_MID	row_softmax	0.25		label_free_rigid	coordinate_response	True	1	0.037840900011360645	R	I_SPATIAL	1.0
spatialDLPFC	SDLPFC_Br6471_ANT_MID	within_donor_adjacent_position	spatialDLPFC::Br6471	primary_expansion	forward	SDLPFC_Br6471_ANT_MID	row_softmax	0.25		label_free_rigid	coordinate_response	True	1	0.03662549999717157	N	I_SPATIAL	0.00125
spatialDLPFC	SDLPFC_Br6471_ANT_MID	within_donor_adjacent_position	spatialDLPFC::Br6471	primary_expansion	forward	SDLPFC_Br6471_ANT_MID	row_softmax	0.25		label_free_rigid	coordinate_response	True	1	0.03760130000591744	N	I_SPATIAL	0.000625
spatialDLPFC	SDLPFC_Br6471_ANT_MID	within_donor_adjacent_position	spatialDLPFC::Br6471	primary_expansion	forward	SDLPFC_Br6471_ANT_MID	row_softmax	0.25		label_free_rigid	coordinate_response	True	1	0.03589920001104474	N	I_SPATIAL	0.01
spatialDLPFC	SDLPFC_Br6471_ANT_MID	within_donor_adjacent_position	spatialDLPFC::Br6471	primary_expansion	forward	SDLPFC_Br6471_ANT_MID	row_softmax	0.25		label_free_rigid	coordinate_response	True	1	0.037002500001108274	N	I_SPATIAL	1.0
spatialDLPFC	SDLPFC_Br6471_ANT_MID	within_donor_adjacent_position	spatialDLPFC::Br6471	primary_expansion	reverse	SDLPFC_Br6471_ANT_MID__reverse	balanced_ot	0.25		baseline	base	True	200	8.280463699993561			
spatialDLPFC	SDLPFC_Br6471_ANT_MID	within_donor_adjacent_position	spatialDLPFC::Br6471	primary_expansion	forward	SDLPFC_Br6471_ANT_MID	balanced_ot	0.25		label_free_rigid	base	True	200	8.735188599996036			
spatialDLPFC	SDLPFC_Br6471_ANT_MID	within_donor_adjacent_position	spatialDLPFC::Br6471	primary_expansion	forward	SDLPFC_Br6471_ANT_MID	balanced_ot	0.25		label_free_rigid	coordinate_response	True	200	8.687062199998763	R	I_SPATIAL	0.00125
spatialDLPFC	SDLPFC_Br6471_ANT_MID	within_donor_adjacent_position	spatialDLPFC::Br6471	primary_expansion	forward	SDLPFC_Br6471_ANT_MID	balanced_ot	0.25		label_free_rigid	coordinate_response	True	200	8.37193429999752	R	I_SPATIAL	0.000625
spatialDLPFC	SDLPFC_Br6471_ANT_MID	within_donor_adjacent_position	spatialDLPFC::Br6471	primary_expansion	forward	SDLPFC_Br6471_ANT_MID	balanced_ot	0.25		label_free_rigid	coordinate_response	True	200	8.536307500005933	R	I_SPATIAL	0.01
spatialDLPFC	SDLPFC_Br6471_ANT_MID	within_donor_adjacent_position	spatialDLPFC::Br6471	primary_expansion	forward	SDLPFC_Br6471_ANT_MID	balanced_ot	0.25		label_free_rigid	coordinate_response	True	200	8.235367299988866	R	I_SPATIAL	1.0
spatialDLPFC	SDLPFC_Br6471_ANT_MID	within_donor_adjacent_position	spatialDLPFC::Br6471	primary_expansion	forward	SDLPFC_Br6471_ANT_MID	balanced_ot	0.25		label_free_rigid	coordinate_response	True	200	8.32537289999891	N	I_SPATIAL	0.00125
spatialDLPFC	SDLPFC_Br6471_ANT_MID	within_donor_adjacent_position	spatialDLPFC::Br6471	primary_expansion	forward	SDLPFC_Br6471_ANT_MID	balanced_ot	0.25		label_free_rigid	coordinate_response	True	200	8.215019900002517	N	I_SPATIAL	0.000625
spatialDLPFC	SDLPFC_Br6471_ANT_MID	within_donor_adjacent_position	spatialDLPFC::Br6471	primary_expansion	forward	SDLPFC_Br6471_ANT_MID	balanced_ot	0.25		label_free_rigid	coordinate_response	True	200	8.28418820000661	N	I_SPATIAL	0.01
spatialDLPFC	SDLPFC_Br6471_ANT_MID	within_donor_adjacent_position	spatialDLPFC::Br6471	primary_expansion	forward	SDLPFC_Br6471_ANT_MID	balanced_ot	0.25		label_free_rigid	coordinate_response	True	200	8.230777799995849	N	I_SPATIAL	1.0
spatialDLPFC	SDLPFC_Br6471_ANT_MID	within_donor_adjacent_position	spatialDLPFC::Br6471	primary_expansion	reverse	SDLPFC_Br6471_ANT_MID__reverse	uot	0.25	2.0	baseline	base	True	85	3.5262944999994943			
spatialDLPFC	SDLPFC_Br6471_ANT_MID	within_donor_adjacent_position	spatialDLPFC::Br6471	primary_expansion	reverse	SDLPFC_Br6471_ANT_MID__reverse	uot	0.25	2.0	label_free_rigid	base	True	85	3.5439365999918664			
spatialDLPFC	SDLPFC_Br6471_ANT_MID	within_donor_adjacent_position	spatialDLPFC::Br6471	primary_expansion	reverse	SDLPFC_Br6471_ANT_MID__reverse	uot	0.25	2.0	label_free_rigid	coordinate_response	True	85	3.49778370000422	R	I_SPATIAL	0.00125
spatialDLPFC	SDLPFC_Br6471_ANT_MID	within_donor_adjacent_position	spatialDLPFC::Br6471	primary_expansion	reverse	SDLPFC_Br6471_ANT_MID__reverse	uot	0.25	2.0	label_free_rigid	coordinate_response	True	85	3.5691745999938576	R	I_SPATIAL	0.000625
spatialDLPFC	SDLPFC_Br6471_ANT_MID	within_donor_adjacent_position	spatialDLPFC::Br6471	primary_expansion	reverse	SDLPFC_Br6471_ANT_MID__reverse	uot	0.25	2.0	label_free_rigid	coordinate_response	True	85	3.548351699995692	R	I_SPATIAL	0.01
spatialDLPFC	SDLPFC_Br6471_ANT_MID	within_donor_adjacent_position	spatialDLPFC::Br6471	primary_expansion	reverse	SDLPFC_Br6471_ANT_MID__reverse	uot	0.25	2.0	label_free_rigid	coordinate_response	True	85	3.5152662999898894	R	I_SPATIAL	1.0
spatialDLPFC	SDLPFC_Br6471_ANT_MID	within_donor_adjacent_position	spatialDLPFC::Br6471	primary_expansion	reverse	SDLPFC_Br6471_ANT_MID__reverse	uot	0.25	2.0	label_free_rigid	coordinate_response	True	85	3.4966721999953734	N	I_SPATIAL	0.00125
spatialDLPFC	SDLPFC_Br6471_ANT_MID	within_donor_adjacent_position	spatialDLPFC::Br6471	primary_expansion	reverse	SDLPFC_Br6471_ANT_MID__reverse	uot	0.25	2.0	label_free_rigid	coordinate_response	True	85	3.5397801999934018	N	I_SPATIAL	0.000625
spatialDLPFC	SDLPFC_Br6471_ANT_MID	within_donor_adjacent_position	spatialDLPFC::Br6471	primary_expansion	reverse	SDLPFC_Br6471_ANT_MID__reverse	uot	0.25	2.0	label_free_rigid	coordinate_response	True	85	3.5207744000072125	N	I_SPATIAL	0.01
spatialDLPFC	SDLPFC_Br6471_ANT_MID	within_donor_adjacent_position	spatialDLPFC::Br6471	primary_expansion	reverse	SDLPFC_Br6471_ANT_MID__reverse	uot	0.25	2.0	label_free_rigid	coordinate_response	True	85	3.5382385999982944	N	I_SPATIAL	1.0
spatialDLPFC	SDLPFC_Br6471_ANT_MID	within_donor_adjacent_position	spatialDLPFC::Br6471	primary_expansion	reverse	SDLPFC_Br6471_ANT_MID__reverse	row_softmax	0.25		baseline	base	True	1	0.04159780000918545			
spatialDLPFC	SDLPFC_Br6471_ANT_MID	within_donor_adjacent_position	spatialDLPFC::Br6471	primary_expansion	reverse	SDLPFC_Br6471_ANT_MID__reverse	row_softmax	0.25		label_free_rigid	base	True	1	0.04253500000049826			
spatialDLPFC	SDLPFC_Br6471_ANT_MID	within_donor_adjacent_position	spatialDLPFC::Br6471	primary_expansion	reverse	SDLPFC_Br6471_ANT_MID__reverse	row_softmax	0.25		label_free_rigid	coordinate_response	True	1	0.03744909999659285	R	I_SPATIAL	0.00125
spatialDLPFC	SDLPFC_Br6471_ANT_MID	within_donor_adjacent_position	spatialDLPFC::Br6471	primary_expansion	reverse	SDLPFC_Br6471_ANT_MID__reverse	row_softmax	0.25		label_free_rigid	coordinate_response	True	1	0.03811880000284873	R	I_SPATIAL	0.000625
spatialDLPFC	SDLPFC_Br6471_ANT_MID	within_donor_adjacent_position	spatialDLPFC::Br6471	primary_expansion	reverse	SDLPFC_Br6471_ANT_MID__reverse	row_softmax	0.25		label_free_rigid	coordinate_response	True	1	0.04169329999422189	R	I_SPATIAL	0.01
spatialDLPFC	SDLPFC_Br6471_ANT_MID	within_donor_adjacent_position	spatialDLPFC::Br6471	primary_expansion	reverse	SDLPFC_Br6471_ANT_MID__reverse	row_softmax	0.25		label_free_rigid	coordinate_response	True	1	0.03855499999190215	R	I_SPATIAL	1.0
spatialDLPFC	SDLPFC_Br6471_ANT_MID	within_donor_adjacent_position	spatialDLPFC::Br6471	primary_expansion	reverse	SDLPFC_Br6471_ANT_MID__reverse	row_softmax	0.25		label_free_rigid	coordinate_response	True	1	0.035952499994891696	N	I_SPATIAL	0.00125
spatialDLPFC	SDLPFC_Br6471_ANT_MID	within_donor_adjacent_position	spatialDLPFC::Br6471	primary_expansion	reverse	SDLPFC_Br6471_ANT_MID__reverse	row_softmax	0.25		label_free_rigid	coordinate_response	True	1	0.04198840000026394	N	I_SPATIAL	0.000625
spatialDLPFC	SDLPFC_Br6471_ANT_MID	within_donor_adjacent_position	spatialDLPFC::Br6471	primary_expansion	reverse	SDLPFC_Br6471_ANT_MID__reverse	row_softmax	0.25		label_free_rigid	coordinate_response	True	1	0.04685270000481978	N	I_SPATIAL	0.01
spatialDLPFC	SDLPFC_Br6471_ANT_MID	within_donor_adjacent_position	spatialDLPFC::Br6471	primary_expansion	reverse	SDLPFC_Br6471_ANT_MID__reverse	row_softmax	0.25		label_free_rigid	coordinate_response	True	1	0.03616340000007767	N	I_SPATIAL	1.0
spatialDLPFC	SDLPFC_Br6522_ANT_MID	within_donor_adjacent_position	spatialDLPFC::Br6522	primary_expansion	forward	SDLPFC_Br6522_ANT_MID	balanced_ot	0.25		baseline	base	True	200	8.235667100001592			
spatialDLPFC	SDLPFC_Br6471_ANT_MID	within_donor_adjacent_position	spatialDLPFC::Br6471	primary_expansion	reverse	SDLPFC_Br6471_ANT_MID__reverse	balanced_ot	0.25		label_free_rigid	base	True	200	8.431810199996107			
spatialDLPFC	SDLPFC_Br6471_ANT_MID	within_donor_adjacent_position	spatialDLPFC::Br6471	primary_expansion	reverse	SDLPFC_Br6471_ANT_MID__reverse	balanced_ot	0.25		label_free_rigid	coordinate_response	True	200	8.301105599995935	R	I_SPATIAL	0.00125
spatialDLPFC	SDLPFC_Br6471_ANT_MID	within_donor_adjacent_position	spatialDLPFC::Br6471	primary_expansion	reverse	SDLPFC_Br6471_ANT_MID__reverse	balanced_ot	0.25		label_free_rigid	coordinate_response	True	200	8.276581300000544	R	I_SPATIAL	0.000625
spatialDLPFC	SDLPFC_Br6471_ANT_MID	within_donor_adjacent_position	spatialDLPFC::Br6471	primary_expansion	reverse	SDLPFC_Br6471_ANT_MID__reverse	balanced_ot	0.25		label_free_rigid	coordinate_response	True	200	8.322829099997762	R	I_SPATIAL	0.01
spatialDLPFC	SDLPFC_Br6471_ANT_MID	within_donor_adjacent_position	spatialDLPFC::Br6471	primary_expansion	reverse	SDLPFC_Br6471_ANT_MID__reverse	balanced_ot	0.25		label_free_rigid	coordinate_response	True	200	8.334488799999235	R	I_SPATIAL	1.0
spatialDLPFC	SDLPFC_Br6471_ANT_MID	within_donor_adjacent_position	spatialDLPFC::Br6471	primary_expansion	reverse	SDLPFC_Br6471_ANT_MID__reverse	balanced_ot	0.25		label_free_rigid	coordinate_response	True	200	8.369877099990845	N	I_SPATIAL	0.00125
spatialDLPFC	SDLPFC_Br6471_ANT_MID	within_donor_adjacent_position	spatialDLPFC::Br6471	primary_expansion	reverse	SDLPFC_Br6471_ANT_MID__reverse	balanced_ot	0.25		label_free_rigid	coordinate_response	True	200	8.31415060001018	N	I_SPATIAL	0.000625
spatialDLPFC	SDLPFC_Br6471_ANT_MID	within_donor_adjacent_position	spatialDLPFC::Br6471	primary_expansion	reverse	SDLPFC_Br6471_ANT_MID__reverse	balanced_ot	0.25		label_free_rigid	coordinate_response	True	200	8.229715299996315	N	I_SPATIAL	0.01
spatialDLPFC	SDLPFC_Br6471_ANT_MID	within_donor_adjacent_position	spatialDLPFC::Br6471	primary_expansion	reverse	SDLPFC_Br6471_ANT_MID__reverse	balanced_ot	0.25		label_free_rigid	coordinate_response	True	200	8.156804999991436	N	I_SPATIAL	1.0
spatialDLPFC	SDLPFC_Br6522_ANT_MID	within_donor_adjacent_position	spatialDLPFC::Br6522	primary_expansion	forward	SDLPFC_Br6522_ANT_MID	uot	0.25	2.0	baseline	base	True	85	3.505514899996342			
spatialDLPFC	SDLPFC_Br6522_ANT_MID	within_donor_adjacent_position	spatialDLPFC::Br6522	primary_expansion	forward	SDLPFC_Br6522_ANT_MID	uot	0.25	2.0	label_free_rigid	base	True	85	3.5406272999971407			
spatialDLPFC	SDLPFC_Br6522_ANT_MID	within_donor_adjacent_position	spatialDLPFC::Br6522	primary_expansion	forward	SDLPFC_Br6522_ANT_MID	uot	0.25	2.0	label_free_rigid	coordinate_response	True	85	3.469855000003008	R	I_SPATIAL	0.00125
spatialDLPFC	SDLPFC_Br6522_ANT_MID	within_donor_adjacent_position	spatialDLPFC::Br6522	primary_expansion	forward	SDLPFC_Br6522_ANT_MID	uot	0.25	2.0	label_free_rigid	coordinate_response	True	85	3.561091099996702	R	I_SPATIAL	0.000625
spatialDLPFC	SDLPFC_Br6522_ANT_MID	within_donor_adjacent_position	spatialDLPFC::Br6522	primary_expansion	forward	SDLPFC_Br6522_ANT_MID	uot	0.25	2.0	label_free_rigid	coordinate_response	True	85	3.554572199995164	R	I_SPATIAL	0.01
spatialDLPFC	SDLPFC_Br6522_ANT_MID	within_donor_adjacent_position	spatialDLPFC::Br6522	primary_expansion	forward	SDLPFC_Br6522_ANT_MID	uot	0.25	2.0	label_free_rigid	coordinate_response	True	85	3.5692325999989407	R	I_SPATIAL	1.0
spatialDLPFC	SDLPFC_Br6522_ANT_MID	within_donor_adjacent_position	spatialDLPFC::Br6522	primary_expansion	forward	SDLPFC_Br6522_ANT_MID	uot	0.25	2.0	label_free_rigid	coordinate_response	True	85	3.5039456999948015	N	I_SPATIAL	0.00125
spatialDLPFC	SDLPFC_Br6522_ANT_MID	within_donor_adjacent_position	spatialDLPFC::Br6522	primary_expansion	forward	SDLPFC_Br6522_ANT_MID	uot	0.25	2.0	label_free_rigid	coordinate_response	True	85	3.503309099993203	N	I_SPATIAL	0.000625
spatialDLPFC	SDLPFC_Br6522_ANT_MID	within_donor_adjacent_position	spatialDLPFC::Br6522	primary_expansion	forward	SDLPFC_Br6522_ANT_MID	uot	0.25	2.0	label_free_rigid	coordinate_response	True	85	3.508076300000539	N	I_SPATIAL	0.01
spatialDLPFC	SDLPFC_Br6522_ANT_MID	within_donor_adjacent_position	spatialDLPFC::Br6522	primary_expansion	forward	SDLPFC_Br6522_ANT_MID	uot	0.25	2.0	label_free_rigid	coordinate_response	True	85	3.519555799997761	N	I_SPATIAL	1.0
spatialDLPFC	SDLPFC_Br6522_ANT_MID	within_donor_adjacent_position	spatialDLPFC::Br6522	primary_expansion	forward	SDLPFC_Br6522_ANT_MID	row_softmax	0.25		baseline	base	True	1	0.03725510000367649			
spatialDLPFC	SDLPFC_Br6522_ANT_MID	within_donor_adjacent_position	spatialDLPFC::Br6522	primary_expansion	forward	SDLPFC_Br6522_ANT_MID	row_softmax	0.25		label_free_rigid	base	True	1	0.038052200005040504			
spatialDLPFC	SDLPFC_Br6522_ANT_MID	within_donor_adjacent_position	spatialDLPFC::Br6522	primary_expansion	forward	SDLPFC_Br6522_ANT_MID	row_softmax	0.25		label_free_rigid	coordinate_response	True	1	0.037089799996465445	R	I_SPATIAL	0.00125
spatialDLPFC	SDLPFC_Br6522_ANT_MID	within_donor_adjacent_position	spatialDLPFC::Br6522	primary_expansion	forward	SDLPFC_Br6522_ANT_MID	row_softmax	0.25		label_free_rigid	coordinate_response	True	1	0.03777239999908488	R	I_SPATIAL	0.000625
spatialDLPFC	SDLPFC_Br6522_ANT_MID	within_donor_adjacent_position	spatialDLPFC::Br6522	primary_expansion	forward	SDLPFC_Br6522_ANT_MID	row_softmax	0.25		label_free_rigid	coordinate_response	True	1	0.03757729999779258	R	I_SPATIAL	0.01
spatialDLPFC	SDLPFC_Br6522_ANT_MID	within_donor_adjacent_position	spatialDLPFC::Br6522	primary_expansion	forward	SDLPFC_Br6522_ANT_MID	row_softmax	0.25		label_free_rigid	coordinate_response	True	1	0.036612600000808015	R	I_SPATIAL	1.0
spatialDLPFC	SDLPFC_Br6522_ANT_MID	within_donor_adjacent_position	spatialDLPFC::Br6522	primary_expansion	forward	SDLPFC_Br6522_ANT_MID	row_softmax	0.25		label_free_rigid	coordinate_response	True	1	0.03623870000592433	N	I_SPATIAL	0.00125
spatialDLPFC	SDLPFC_Br6522_ANT_MID	within_donor_adjacent_position	spatialDLPFC::Br6522	primary_expansion	forward	SDLPFC_Br6522_ANT_MID	row_softmax	0.25		label_free_rigid	coordinate_response	True	1	0.04315280000446364	N	I_SPATIAL	0.000625
spatialDLPFC	SDLPFC_Br6522_ANT_MID	within_donor_adjacent_position	spatialDLPFC::Br6522	primary_expansion	forward	SDLPFC_Br6522_ANT_MID	row_softmax	0.25		label_free_rigid	coordinate_response	True	1	0.03702279999561142	N	I_SPATIAL	0.01
spatialDLPFC	SDLPFC_Br6522_ANT_MID	within_donor_adjacent_position	spatialDLPFC::Br6522	primary_expansion	forward	SDLPFC_Br6522_ANT_MID	row_softmax	0.25		label_free_rigid	coordinate_response	True	1	0.037650400001439266	N	I_SPATIAL	1.0
spatialDLPFC	SDLPFC_Br6522_ANT_MID	within_donor_adjacent_position	spatialDLPFC::Br6522	primary_expansion	reverse	SDLPFC_Br6522_ANT_MID__reverse	balanced_ot	0.25		baseline	base	True	200	8.373970200002077			
spatialDLPFC	SDLPFC_Br6522_ANT_MID	within_donor_adjacent_position	spatialDLPFC::Br6522	primary_expansion	forward	SDLPFC_Br6522_ANT_MID	balanced_ot	0.25		label_free_rigid	base	True	200	8.271723500001826			
spatialDLPFC	SDLPFC_Br6522_ANT_MID	within_donor_adjacent_position	spatialDLPFC::Br6522	primary_expansion	forward	SDLPFC_Br6522_ANT_MID	balanced_ot	0.25		label_free_rigid	coordinate_response	True	200	8.280539300001692	R	I_SPATIAL	0.00125
spatialDLPFC	SDLPFC_Br6522_ANT_MID	within_donor_adjacent_position	spatialDLPFC::Br6522	primary_expansion	forward	SDLPFC_Br6522_ANT_MID	balanced_ot	0.25		label_free_rigid	coordinate_response	True	200	8.174233599987929	R	I_SPATIAL	0.000625
spatialDLPFC	SDLPFC_Br6522_ANT_MID	within_donor_adjacent_position	spatialDLPFC::Br6522	primary_expansion	forward	SDLPFC_Br6522_ANT_MID	balanced_ot	0.25		label_free_rigid	coordinate_response	True	200	8.28821459999017	R	I_SPATIAL	0.01
spatialDLPFC	SDLPFC_Br6522_ANT_MID	within_donor_adjacent_position	spatialDLPFC::Br6522	primary_expansion	forward	SDLPFC_Br6522_ANT_MID	balanced_ot	0.25		label_free_rigid	coordinate_response	True	200	8.325340099996538	R	I_SPATIAL	1.0
spatialDLPFC	SDLPFC_Br6522_ANT_MID	within_donor_adjacent_position	spatialDLPFC::Br6522	primary_expansion	forward	SDLPFC_Br6522_ANT_MID	balanced_ot	0.25		label_free_rigid	coordinate_response	True	200	8.179977799998596	N	I_SPATIAL	0.00125
spatialDLPFC	SDLPFC_Br6522_ANT_MID	within_donor_adjacent_position	spatialDLPFC::Br6522	primary_expansion	forward	SDLPFC_Br6522_ANT_MID	balanced_ot	0.25		label_free_rigid	coordinate_response	True	200	8.30935940000927	N	I_SPATIAL	0.000625
spatialDLPFC	SDLPFC_Br6522_ANT_MID	within_donor_adjacent_position	spatialDLPFC::Br6522	primary_expansion	forward	SDLPFC_Br6522_ANT_MID	balanced_ot	0.25		label_free_rigid	coordinate_response	True	200	8.297412600004463	N	I_SPATIAL	0.01
spatialDLPFC	SDLPFC_Br6522_ANT_MID	within_donor_adjacent_position	spatialDLPFC::Br6522	primary_expansion	forward	SDLPFC_Br6522_ANT_MID	balanced_ot	0.25		label_free_rigid	coordinate_response	True	200	8.390271299998858	N	I_SPATIAL	1.0
spatialDLPFC	SDLPFC_Br6522_ANT_MID	within_donor_adjacent_position	spatialDLPFC::Br6522	primary_expansion	reverse	SDLPFC_Br6522_ANT_MID__reverse	uot	0.25	2.0	baseline	base	True	85	3.514078199994401			
spatialDLPFC	SDLPFC_Br6522_ANT_MID	within_donor_adjacent_position	spatialDLPFC::Br6522	primary_expansion	reverse	SDLPFC_Br6522_ANT_MID__reverse	uot	0.25	2.0	label_free_rigid	base	True	85	3.5168231000134256			
spatialDLPFC	SDLPFC_Br6522_ANT_MID	within_donor_adjacent_position	spatialDLPFC::Br6522	primary_expansion	reverse	SDLPFC_Br6522_ANT_MID__reverse	uot	0.25	2.0	label_free_rigid	coordinate_response	True	85	3.600277499994263	R	I_SPATIAL	0.00125
spatialDLPFC	SDLPFC_Br6522_ANT_MID	within_donor_adjacent_position	spatialDLPFC::Br6522	primary_expansion	reverse	SDLPFC_Br6522_ANT_MID__reverse	uot	0.25	2.0	label_free_rigid	coordinate_response	True	85	3.526335700007621	R	I_SPATIAL	0.000625
spatialDLPFC	SDLPFC_Br6522_ANT_MID	within_donor_adjacent_position	spatialDLPFC::Br6522	primary_expansion	reverse	SDLPFC_Br6522_ANT_MID__reverse	uot	0.25	2.0	label_free_rigid	coordinate_response	True	85	3.481269700001576	R	I_SPATIAL	0.01
spatialDLPFC	SDLPFC_Br6522_ANT_MID	within_donor_adjacent_position	spatialDLPFC::Br6522	primary_expansion	reverse	SDLPFC_Br6522_ANT_MID__reverse	uot	0.25	2.0	label_free_rigid	coordinate_response	True	85	3.549718299997039	R	I_SPATIAL	1.0
spatialDLPFC	SDLPFC_Br6522_ANT_MID	within_donor_adjacent_position	spatialDLPFC::Br6522	primary_expansion	reverse	SDLPFC_Br6522_ANT_MID__reverse	uot	0.25	2.0	label_free_rigid	coordinate_response	True	85	3.5050043999945046	N	I_SPATIAL	0.00125
spatialDLPFC	SDLPFC_Br6522_ANT_MID	within_donor_adjacent_position	spatialDLPFC::Br6522	primary_expansion	reverse	SDLPFC_Br6522_ANT_MID__reverse	uot	0.25	2.0	label_free_rigid	coordinate_response	True	85	3.4827758000028552	N	I_SPATIAL	0.000625
spatialDLPFC	SDLPFC_Br6522_ANT_MID	within_donor_adjacent_position	spatialDLPFC::Br6522	primary_expansion	reverse	SDLPFC_Br6522_ANT_MID__reverse	uot	0.25	2.0	label_free_rigid	coordinate_response	True	85	3.4850267000001622	N	I_SPATIAL	0.01
spatialDLPFC	SDLPFC_Br6522_ANT_MID	within_donor_adjacent_position	spatialDLPFC::Br6522	primary_expansion	reverse	SDLPFC_Br6522_ANT_MID__reverse	uot	0.25	2.0	label_free_rigid	coordinate_response	True	85	3.4576043999986723	N	I_SPATIAL	1.0
spatialDLPFC	SDLPFC_Br6522_ANT_MID	within_donor_adjacent_position	spatialDLPFC::Br6522	primary_expansion	reverse	SDLPFC_Br6522_ANT_MID__reverse	row_softmax	0.25		baseline	base	True	1	0.03659909999987576			
spatialDLPFC	SDLPFC_Br6522_ANT_MID	within_donor_adjacent_position	spatialDLPFC::Br6522	primary_expansion	reverse	SDLPFC_Br6522_ANT_MID__reverse	row_softmax	0.25		label_free_rigid	base	True	1	0.03758580000430811			
spatialDLPFC	SDLPFC_Br6522_ANT_MID	within_donor_adjacent_position	spatialDLPFC::Br6522	primary_expansion	reverse	SDLPFC_Br6522_ANT_MID__reverse	row_softmax	0.25		label_free_rigid	coordinate_response	True	1	0.04189089999999851	R	I_SPATIAL	0.00125
spatialDLPFC	SDLPFC_Br6522_ANT_MID	within_donor_adjacent_position	spatialDLPFC::Br6522	primary_expansion	reverse	SDLPFC_Br6522_ANT_MID__reverse	row_softmax	0.25		label_free_rigid	coordinate_response	True	1	0.042170999993686564	R	I_SPATIAL	0.000625
spatialDLPFC	SDLPFC_Br6522_ANT_MID	within_donor_adjacent_position	spatialDLPFC::Br6522	primary_expansion	reverse	SDLPFC_Br6522_ANT_MID__reverse	row_softmax	0.25		label_free_rigid	coordinate_response	True	1	0.04411280000931583	R	I_SPATIAL	0.01
spatialDLPFC	SDLPFC_Br6522_ANT_MID	within_donor_adjacent_position	spatialDLPFC::Br6522	primary_expansion	reverse	SDLPFC_Br6522_ANT_MID__reverse	row_softmax	0.25		label_free_rigid	coordinate_response	True	1	0.04235280001012143	R	I_SPATIAL	1.0
spatialDLPFC	SDLPFC_Br6522_ANT_MID	within_donor_adjacent_position	spatialDLPFC::Br6522	primary_expansion	reverse	SDLPFC_Br6522_ANT_MID__reverse	row_softmax	0.25		label_free_rigid	coordinate_response	True	1	0.041020300006493926	N	I_SPATIAL	0.00125
spatialDLPFC	SDLPFC_Br6522_ANT_MID	within_donor_adjacent_position	spatialDLPFC::Br6522	primary_expansion	reverse	SDLPFC_Br6522_ANT_MID__reverse	row_softmax	0.25		label_free_rigid	coordinate_response	True	1	0.036138700001174584	N	I_SPATIAL	0.000625
spatialDLPFC	SDLPFC_Br6522_ANT_MID	within_donor_adjacent_position	spatialDLPFC::Br6522	primary_expansion	reverse	SDLPFC_Br6522_ANT_MID__reverse	row_softmax	0.25		label_free_rigid	coordinate_response	True	1	0.037636499997461215	N	I_SPATIAL	0.01
spatialDLPFC	SDLPFC_Br6522_ANT_MID	within_donor_adjacent_position	spatialDLPFC::Br6522	primary_expansion	reverse	SDLPFC_Br6522_ANT_MID__reverse	row_softmax	0.25		label_free_rigid	coordinate_response	True	1	0.036320200000773184	N	I_SPATIAL	1.0
spatialDLPFC	SDLPFC_Br8325_ANT_MID	within_donor_adjacent_position	spatialDLPFC::Br8325	primary_expansion	forward	SDLPFC_Br8325_ANT_MID	balanced_ot	0.25		baseline	base	True	200	8.210123900003964			
spatialDLPFC	SDLPFC_Br6522_ANT_MID	within_donor_adjacent_position	spatialDLPFC::Br6522	primary_expansion	reverse	SDLPFC_Br6522_ANT_MID__reverse	balanced_ot	0.25		label_free_rigid	base	True	200	8.27328920000582			
spatialDLPFC	SDLPFC_Br6522_ANT_MID	within_donor_adjacent_position	spatialDLPFC::Br6522	primary_expansion	reverse	SDLPFC_Br6522_ANT_MID__reverse	balanced_ot	0.25		label_free_rigid	coordinate_response	True	200	8.328265599993756	R	I_SPATIAL	0.00125
spatialDLPFC	SDLPFC_Br6522_ANT_MID	within_donor_adjacent_position	spatialDLPFC::Br6522	primary_expansion	reverse	SDLPFC_Br6522_ANT_MID__reverse	balanced_ot	0.25		label_free_rigid	coordinate_response	True	200	8.292020199995022	R	I_SPATIAL	0.000625
spatialDLPFC	SDLPFC_Br6522_ANT_MID	within_donor_adjacent_position	spatialDLPFC::Br6522	primary_expansion	reverse	SDLPFC_Br6522_ANT_MID__reverse	balanced_ot	0.25		label_free_rigid	coordinate_response	True	200	8.372103100002278	R	I_SPATIAL	0.01
spatialDLPFC	SDLPFC_Br6522_ANT_MID	within_donor_adjacent_position	spatialDLPFC::Br6522	primary_expansion	reverse	SDLPFC_Br6522_ANT_MID__reverse	balanced_ot	0.25		label_free_rigid	coordinate_response	True	200	8.227540499996394	R	I_SPATIAL	1.0
spatialDLPFC	SDLPFC_Br6522_ANT_MID	within_donor_adjacent_position	spatialDLPFC::Br6522	primary_expansion	reverse	SDLPFC_Br6522_ANT_MID__reverse	balanced_ot	0.25		label_free_rigid	coordinate_response	True	200	8.1468246000004	N	I_SPATIAL	0.00125
spatialDLPFC	SDLPFC_Br6522_ANT_MID	within_donor_adjacent_position	spatialDLPFC::Br6522	primary_expansion	reverse	SDLPFC_Br6522_ANT_MID__reverse	balanced_ot	0.25		label_free_rigid	coordinate_response	True	200	8.1498614000011	N	I_SPATIAL	0.000625
spatialDLPFC	SDLPFC_Br6522_ANT_MID	within_donor_adjacent_position	spatialDLPFC::Br6522	primary_expansion	reverse	SDLPFC_Br6522_ANT_MID__reverse	balanced_ot	0.25		label_free_rigid	coordinate_response	True	200	8.239904300004127	N	I_SPATIAL	0.01
spatialDLPFC	SDLPFC_Br6522_ANT_MID	within_donor_adjacent_position	spatialDLPFC::Br6522	primary_expansion	reverse	SDLPFC_Br6522_ANT_MID__reverse	balanced_ot	0.25		label_free_rigid	coordinate_response	True	200	8.15319240000099	N	I_SPATIAL	1.0
spatialDLPFC	SDLPFC_Br8325_ANT_MID	within_donor_adjacent_position	spatialDLPFC::Br8325	primary_expansion	forward	SDLPFC_Br8325_ANT_MID	uot	0.25	2.0	baseline	base	True	85	3.508203399993363			
spatialDLPFC	SDLPFC_Br8325_ANT_MID	within_donor_adjacent_position	spatialDLPFC::Br8325	primary_expansion	forward	SDLPFC_Br8325_ANT_MID	uot	0.25	2.0	label_free_rigid	base	True	85	3.558225200002198			
spatialDLPFC	SDLPFC_Br8325_ANT_MID	within_donor_adjacent_position	spatialDLPFC::Br8325	primary_expansion	forward	SDLPFC_Br8325_ANT_MID	uot	0.25	2.0	label_free_rigid	coordinate_response	True	85	3.5250572999939322	R	I_SPATIAL	0.00125
spatialDLPFC	SDLPFC_Br8325_ANT_MID	within_donor_adjacent_position	spatialDLPFC::Br8325	primary_expansion	forward	SDLPFC_Br8325_ANT_MID	uot	0.25	2.0	label_free_rigid	coordinate_response	True	85	3.5490910000080476	R	I_SPATIAL	0.000625
spatialDLPFC	SDLPFC_Br8325_ANT_MID	within_donor_adjacent_position	spatialDLPFC::Br8325	primary_expansion	forward	SDLPFC_Br8325_ANT_MID	uot	0.25	2.0	label_free_rigid	coordinate_response	True	85	3.5147563999926206	R	I_SPATIAL	0.01
spatialDLPFC	SDLPFC_Br8325_ANT_MID	within_donor_adjacent_position	spatialDLPFC::Br8325	primary_expansion	forward	SDLPFC_Br8325_ANT_MID	uot	0.25	2.0	label_free_rigid	coordinate_response	True	85	3.5179538000083994	R	I_SPATIAL	1.0
spatialDLPFC	SDLPFC_Br8325_ANT_MID	within_donor_adjacent_position	spatialDLPFC::Br8325	primary_expansion	forward	SDLPFC_Br8325_ANT_MID	uot	0.25	2.0	label_free_rigid	coordinate_response	True	85	3.534398899995722	N	I_SPATIAL	0.00125
spatialDLPFC	SDLPFC_Br8325_ANT_MID	within_donor_adjacent_position	spatialDLPFC::Br8325	primary_expansion	forward	SDLPFC_Br8325_ANT_MID	uot	0.25	2.0	label_free_rigid	coordinate_response	True	85	3.4975459999986924	N	I_SPATIAL	0.000625
spatialDLPFC	SDLPFC_Br8325_ANT_MID	within_donor_adjacent_position	spatialDLPFC::Br8325	primary_expansion	forward	SDLPFC_Br8325_ANT_MID	uot	0.25	2.0	label_free_rigid	coordinate_response	True	85	3.5517436000081943	N	I_SPATIAL	0.01
spatialDLPFC	SDLPFC_Br8325_ANT_MID	within_donor_adjacent_position	spatialDLPFC::Br8325	primary_expansion	forward	SDLPFC_Br8325_ANT_MID	uot	0.25	2.0	label_free_rigid	coordinate_response	True	85	3.5256516999943415	N	I_SPATIAL	1.0
spatialDLPFC	SDLPFC_Br8325_ANT_MID	within_donor_adjacent_position	spatialDLPFC::Br8325	primary_expansion	forward	SDLPFC_Br8325_ANT_MID	row_softmax	0.25		baseline	base	True	1	0.045177300009527244			
spatialDLPFC	SDLPFC_Br8325_ANT_MID	within_donor_adjacent_position	spatialDLPFC::Br8325	primary_expansion	forward	SDLPFC_Br8325_ANT_MID	row_softmax	0.25		label_free_rigid	base	True	1	0.03865590000350494			
spatialDLPFC	SDLPFC_Br8325_ANT_MID	within_donor_adjacent_position	spatialDLPFC::Br8325	primary_expansion	forward	SDLPFC_Br8325_ANT_MID	row_softmax	0.25		label_free_rigid	coordinate_response	True	1	0.04154370000469498	R	I_SPATIAL	0.00125
spatialDLPFC	SDLPFC_Br8325_ANT_MID	within_donor_adjacent_position	spatialDLPFC::Br8325	primary_expansion	forward	SDLPFC_Br8325_ANT_MID	row_softmax	0.25		label_free_rigid	coordinate_response	True	1	0.037505400003283285	R	I_SPATIAL	0.000625
spatialDLPFC	SDLPFC_Br8325_ANT_MID	within_donor_adjacent_position	spatialDLPFC::Br8325	primary_expansion	forward	SDLPFC_Br8325_ANT_MID	row_softmax	0.25		label_free_rigid	coordinate_response	True	1	0.03482319999602623	R	I_SPATIAL	0.01
spatialDLPFC	SDLPFC_Br8325_ANT_MID	within_donor_adjacent_position	spatialDLPFC::Br8325	primary_expansion	forward	SDLPFC_Br8325_ANT_MID	row_softmax	0.25		label_free_rigid	coordinate_response	True	1	0.036425500002224	R	I_SPATIAL	1.0
spatialDLPFC	SDLPFC_Br8325_ANT_MID	within_donor_adjacent_position	spatialDLPFC::Br8325	primary_expansion	forward	SDLPFC_Br8325_ANT_MID	row_softmax	0.25		label_free_rigid	coordinate_response	True	1	0.04297279998718295	N	I_SPATIAL	0.00125
spatialDLPFC	SDLPFC_Br8325_ANT_MID	within_donor_adjacent_position	spatialDLPFC::Br8325	primary_expansion	forward	SDLPFC_Br8325_ANT_MID	row_softmax	0.25		label_free_rigid	coordinate_response	True	1	0.037449800001922995	N	I_SPATIAL	0.000625
spatialDLPFC	SDLPFC_Br8325_ANT_MID	within_donor_adjacent_position	spatialDLPFC::Br8325	primary_expansion	forward	SDLPFC_Br8325_ANT_MID	row_softmax	0.25		label_free_rigid	coordinate_response	True	1	0.03715599999122787	N	I_SPATIAL	0.01
spatialDLPFC	SDLPFC_Br8325_ANT_MID	within_donor_adjacent_position	spatialDLPFC::Br8325	primary_expansion	forward	SDLPFC_Br8325_ANT_MID	row_softmax	0.25		label_free_rigid	coordinate_response	True	1	0.036696500013931654	N	I_SPATIAL	1.0
spatialDLPFC	SDLPFC_Br8325_ANT_MID	within_donor_adjacent_position	spatialDLPFC::Br8325	primary_expansion	reverse	SDLPFC_Br8325_ANT_MID__reverse	balanced_ot	0.25		baseline	base	True	200	8.306434800004354			
spatialDLPFC	SDLPFC_Br8325_ANT_MID	within_donor_adjacent_position	spatialDLPFC::Br8325	primary_expansion	forward	SDLPFC_Br8325_ANT_MID	balanced_ot	0.25		label_free_rigid	base	True	200	8.225646699997014			
spatialDLPFC	SDLPFC_Br8325_ANT_MID	within_donor_adjacent_position	spatialDLPFC::Br8325	primary_expansion	forward	SDLPFC_Br8325_ANT_MID	balanced_ot	0.25		label_free_rigid	coordinate_response	True	200	8.216021100000944	R	I_SPATIAL	0.00125
spatialDLPFC	SDLPFC_Br8325_ANT_MID	within_donor_adjacent_position	spatialDLPFC::Br8325	primary_expansion	forward	SDLPFC_Br8325_ANT_MID	balanced_ot	0.25		label_free_rigid	coordinate_response	True	200	8.315321300004143	R	I_SPATIAL	0.000625
spatialDLPFC	SDLPFC_Br8325_ANT_MID	within_donor_adjacent_position	spatialDLPFC::Br8325	primary_expansion	forward	SDLPFC_Br8325_ANT_MID	balanced_ot	0.25		label_free_rigid	coordinate_response	True	200	8.312173600003007	R	I_SPATIAL	0.01
spatialDLPFC	SDLPFC_Br8325_ANT_MID	within_donor_adjacent_position	spatialDLPFC::Br8325	primary_expansion	forward	SDLPFC_Br8325_ANT_MID	balanced_ot	0.25		label_free_rigid	coordinate_response	True	200	8.118095700003323	R	I_SPATIAL	1.0
spatialDLPFC	SDLPFC_Br8325_ANT_MID	within_donor_adjacent_position	spatialDLPFC::Br8325	primary_expansion	forward	SDLPFC_Br8325_ANT_MID	balanced_ot	0.25		label_free_rigid	coordinate_response	True	200	8.233942399994703	N	I_SPATIAL	0.00125
spatialDLPFC	SDLPFC_Br8325_ANT_MID	within_donor_adjacent_position	spatialDLPFC::Br8325	primary_expansion	forward	SDLPFC_Br8325_ANT_MID	balanced_ot	0.25		label_free_rigid	coordinate_response	True	200	8.28852740000002	N	I_SPATIAL	0.000625
spatialDLPFC	SDLPFC_Br8325_ANT_MID	within_donor_adjacent_position	spatialDLPFC::Br8325	primary_expansion	forward	SDLPFC_Br8325_ANT_MID	balanced_ot	0.25		label_free_rigid	coordinate_response	True	200	8.30252830000245	N	I_SPATIAL	0.01
spatialDLPFC	SDLPFC_Br8325_ANT_MID	within_donor_adjacent_position	spatialDLPFC::Br8325	primary_expansion	forward	SDLPFC_Br8325_ANT_MID	balanced_ot	0.25		label_free_rigid	coordinate_response	True	200	8.316442099996493	N	I_SPATIAL	1.0
spatialDLPFC	SDLPFC_Br8325_ANT_MID	within_donor_adjacent_position	spatialDLPFC::Br8325	primary_expansion	reverse	SDLPFC_Br8325_ANT_MID__reverse	uot	0.25	2.0	baseline	base	True	85	3.504249300007359			
spatialDLPFC	SDLPFC_Br8325_ANT_MID	within_donor_adjacent_position	spatialDLPFC::Br8325	primary_expansion	reverse	SDLPFC_Br8325_ANT_MID__reverse	uot	0.25	2.0	label_free_rigid	base	True	85	3.5191970000014408			
spatialDLPFC	SDLPFC_Br8325_ANT_MID	within_donor_adjacent_position	spatialDLPFC::Br8325	primary_expansion	reverse	SDLPFC_Br8325_ANT_MID__reverse	uot	0.25	2.0	label_free_rigid	coordinate_response	True	85	3.5724136999924667	R	I_SPATIAL	0.00125
spatialDLPFC	SDLPFC_Br8325_ANT_MID	within_donor_adjacent_position	spatialDLPFC::Br8325	primary_expansion	reverse	SDLPFC_Br8325_ANT_MID__reverse	uot	0.25	2.0	label_free_rigid	coordinate_response	True	85	3.563134000010905	R	I_SPATIAL	0.000625
spatialDLPFC	SDLPFC_Br8325_ANT_MID	within_donor_adjacent_position	spatialDLPFC::Br8325	primary_expansion	reverse	SDLPFC_Br8325_ANT_MID__reverse	uot	0.25	2.0	label_free_rigid	coordinate_response	True	85	3.4968006999988575	R	I_SPATIAL	0.01
spatialDLPFC	SDLPFC_Br8325_ANT_MID	within_donor_adjacent_position	spatialDLPFC::Br8325	primary_expansion	reverse	SDLPFC_Br8325_ANT_MID__reverse	uot	0.25	2.0	label_free_rigid	coordinate_response	True	85	3.4707035000028554	R	I_SPATIAL	1.0
spatialDLPFC	SDLPFC_Br8325_ANT_MID	within_donor_adjacent_position	spatialDLPFC::Br8325	primary_expansion	reverse	SDLPFC_Br8325_ANT_MID__reverse	uot	0.25	2.0	label_free_rigid	coordinate_response	True	85	3.5319826000049943	N	I_SPATIAL	0.00125
spatialDLPFC	SDLPFC_Br8325_ANT_MID	within_donor_adjacent_position	spatialDLPFC::Br8325	primary_expansion	reverse	SDLPFC_Br8325_ANT_MID__reverse	uot	0.25	2.0	label_free_rigid	coordinate_response	True	85	3.5640402999997605	N	I_SPATIAL	0.000625
spatialDLPFC	SDLPFC_Br8325_ANT_MID	within_donor_adjacent_position	spatialDLPFC::Br8325	primary_expansion	reverse	SDLPFC_Br8325_ANT_MID__reverse	uot	0.25	2.0	label_free_rigid	coordinate_response	True	85	3.506041600005119	N	I_SPATIAL	0.01
spatialDLPFC	SDLPFC_Br8325_ANT_MID	within_donor_adjacent_position	spatialDLPFC::Br8325	primary_expansion	reverse	SDLPFC_Br8325_ANT_MID__reverse	uot	0.25	2.0	label_free_rigid	coordinate_response	True	85	3.5171745999978157	N	I_SPATIAL	1.0
spatialDLPFC	SDLPFC_Br8325_ANT_MID	within_donor_adjacent_position	spatialDLPFC::Br8325	primary_expansion	reverse	SDLPFC_Br8325_ANT_MID__reverse	row_softmax	0.25		baseline	base	True	1	0.03974000000744127			
spatialDLPFC	SDLPFC_Br8325_ANT_MID	within_donor_adjacent_position	spatialDLPFC::Br8325	primary_expansion	reverse	SDLPFC_Br8325_ANT_MID__reverse	row_softmax	0.25		label_free_rigid	base	True	1	0.03750769999169279			
spatialDLPFC	SDLPFC_Br8325_ANT_MID	within_donor_adjacent_position	spatialDLPFC::Br8325	primary_expansion	reverse	SDLPFC_Br8325_ANT_MID__reverse	row_softmax	0.25		label_free_rigid	coordinate_response	True	1	0.0373978999996325	R	I_SPATIAL	0.00125
spatialDLPFC	SDLPFC_Br8325_ANT_MID	within_donor_adjacent_position	spatialDLPFC::Br8325	primary_expansion	reverse	SDLPFC_Br8325_ANT_MID__reverse	row_softmax	0.25		label_free_rigid	coordinate_response	True	1	0.03742649999912828	R	I_SPATIAL	0.000625
spatialDLPFC	SDLPFC_Br8325_ANT_MID	within_donor_adjacent_position	spatialDLPFC::Br8325	primary_expansion	reverse	SDLPFC_Br8325_ANT_MID__reverse	row_softmax	0.25		label_free_rigid	coordinate_response	True	1	0.03640169999562204	R	I_SPATIAL	0.01
spatialDLPFC	SDLPFC_Br8325_ANT_MID	within_donor_adjacent_position	spatialDLPFC::Br8325	primary_expansion	reverse	SDLPFC_Br8325_ANT_MID__reverse	row_softmax	0.25		label_free_rigid	coordinate_response	True	1	0.03624269999272656	R	I_SPATIAL	1.0
spatialDLPFC	SDLPFC_Br8325_ANT_MID	within_donor_adjacent_position	spatialDLPFC::Br8325	primary_expansion	reverse	SDLPFC_Br8325_ANT_MID__reverse	row_softmax	0.25		label_free_rigid	coordinate_response	True	1	0.03789209999376908	N	I_SPATIAL	0.00125
spatialDLPFC	SDLPFC_Br8325_ANT_MID	within_donor_adjacent_position	spatialDLPFC::Br8325	primary_expansion	reverse	SDLPFC_Br8325_ANT_MID__reverse	row_softmax	0.25		label_free_rigid	coordinate_response	True	1	0.037372799997683614	N	I_SPATIAL	0.000625
spatialDLPFC	SDLPFC_Br8325_ANT_MID	within_donor_adjacent_position	spatialDLPFC::Br8325	primary_expansion	reverse	SDLPFC_Br8325_ANT_MID__reverse	row_softmax	0.25		label_free_rigid	coordinate_response	True	1	0.03983100000186823	N	I_SPATIAL	0.01
spatialDLPFC	SDLPFC_Br8325_ANT_MID	within_donor_adjacent_position	spatialDLPFC::Br8325	primary_expansion	reverse	SDLPFC_Br8325_ANT_MID__reverse	row_softmax	0.25		label_free_rigid	coordinate_response	True	1	0.03705939999781549	N	I_SPATIAL	1.0
spatialDLPFC	SDLPFC_Br8492_ANT_MID	within_donor_adjacent_position	spatialDLPFC::Br8492	primary_expansion	forward	SDLPFC_Br8492_ANT_MID	balanced_ot	0.25		baseline	base	True	200	8.245278000002145			
spatialDLPFC	SDLPFC_Br8325_ANT_MID	within_donor_adjacent_position	spatialDLPFC::Br8325	primary_expansion	reverse	SDLPFC_Br8325_ANT_MID__reverse	balanced_ot	0.25		label_free_rigid	base	True	200	8.340513600007398			
spatialDLPFC	SDLPFC_Br8325_ANT_MID	within_donor_adjacent_position	spatialDLPFC::Br8325	primary_expansion	reverse	SDLPFC_Br8325_ANT_MID__reverse	balanced_ot	0.25		label_free_rigid	coordinate_response	True	200	8.367550499999197	R	I_SPATIAL	0.00125
spatialDLPFC	SDLPFC_Br8325_ANT_MID	within_donor_adjacent_position	spatialDLPFC::Br8325	primary_expansion	reverse	SDLPFC_Br8325_ANT_MID__reverse	balanced_ot	0.25		label_free_rigid	coordinate_response	True	200	8.231211799997254	R	I_SPATIAL	0.000625
spatialDLPFC	SDLPFC_Br8325_ANT_MID	within_donor_adjacent_position	spatialDLPFC::Br8325	primary_expansion	reverse	SDLPFC_Br8325_ANT_MID__reverse	balanced_ot	0.25		label_free_rigid	coordinate_response	True	200	8.337721399992006	R	I_SPATIAL	0.01
spatialDLPFC	SDLPFC_Br8325_ANT_MID	within_donor_adjacent_position	spatialDLPFC::Br8325	primary_expansion	reverse	SDLPFC_Br8325_ANT_MID__reverse	balanced_ot	0.25		label_free_rigid	coordinate_response	True	200	8.18629620000138	R	I_SPATIAL	1.0
spatialDLPFC	SDLPFC_Br8325_ANT_MID	within_donor_adjacent_position	spatialDLPFC::Br8325	primary_expansion	reverse	SDLPFC_Br8325_ANT_MID__reverse	balanced_ot	0.25		label_free_rigid	coordinate_response	True	200	8.287794100004248	N	I_SPATIAL	0.00125
spatialDLPFC	SDLPFC_Br8325_ANT_MID	within_donor_adjacent_position	spatialDLPFC::Br8325	primary_expansion	reverse	SDLPFC_Br8325_ANT_MID__reverse	balanced_ot	0.25		label_free_rigid	coordinate_response	True	200	8.257444400005625	N	I_SPATIAL	0.000625
spatialDLPFC	SDLPFC_Br8325_ANT_MID	within_donor_adjacent_position	spatialDLPFC::Br8325	primary_expansion	reverse	SDLPFC_Br8325_ANT_MID__reverse	balanced_ot	0.25		label_free_rigid	coordinate_response	True	200	8.2493558999995	N	I_SPATIAL	0.01
spatialDLPFC	SDLPFC_Br8325_ANT_MID	within_donor_adjacent_position	spatialDLPFC::Br8325	primary_expansion	reverse	SDLPFC_Br8325_ANT_MID__reverse	balanced_ot	0.25		label_free_rigid	coordinate_response	True	200	8.22580860000744	N	I_SPATIAL	1.0
spatialDLPFC	SDLPFC_Br8492_ANT_MID	within_donor_adjacent_position	spatialDLPFC::Br8492	primary_expansion	forward	SDLPFC_Br8492_ANT_MID	uot	0.25	2.0	baseline	base	True	85	3.5164344999939203			
spatialDLPFC	SDLPFC_Br8492_ANT_MID	within_donor_adjacent_position	spatialDLPFC::Br8492	primary_expansion	forward	SDLPFC_Br8492_ANT_MID	uot	0.25	2.0	label_free_rigid	base	True	85	3.517731600004481			
spatialDLPFC	SDLPFC_Br8492_ANT_MID	within_donor_adjacent_position	spatialDLPFC::Br8492	primary_expansion	forward	SDLPFC_Br8492_ANT_MID	uot	0.25	2.0	label_free_rigid	coordinate_response	True	85	3.4352085999998963	R	I_SPATIAL	0.00125
spatialDLPFC	SDLPFC_Br8492_ANT_MID	within_donor_adjacent_position	spatialDLPFC::Br8492	primary_expansion	forward	SDLPFC_Br8492_ANT_MID	uot	0.25	2.0	label_free_rigid	coordinate_response	True	85	3.5410241999925347	R	I_SPATIAL	0.000625
spatialDLPFC	SDLPFC_Br8492_ANT_MID	within_donor_adjacent_position	spatialDLPFC::Br8492	primary_expansion	forward	SDLPFC_Br8492_ANT_MID	uot	0.25	2.0	label_free_rigid	coordinate_response	True	85	3.5275105999899097	R	I_SPATIAL	0.01
spatialDLPFC	SDLPFC_Br8492_ANT_MID	within_donor_adjacent_position	spatialDLPFC::Br8492	primary_expansion	forward	SDLPFC_Br8492_ANT_MID	uot	0.25	2.0	label_free_rigid	coordinate_response	True	85	3.454599500008044	R	I_SPATIAL	1.0
spatialDLPFC	SDLPFC_Br8492_ANT_MID	within_donor_adjacent_position	spatialDLPFC::Br8492	primary_expansion	forward	SDLPFC_Br8492_ANT_MID	uot	0.25	2.0	label_free_rigid	coordinate_response	True	85	3.495135699995444	N	I_SPATIAL	0.00125
spatialDLPFC	SDLPFC_Br8492_ANT_MID	within_donor_adjacent_position	spatialDLPFC::Br8492	primary_expansion	forward	SDLPFC_Br8492_ANT_MID	uot	0.25	2.0	label_free_rigid	coordinate_response	True	85	3.514315500011435	N	I_SPATIAL	0.000625
spatialDLPFC	SDLPFC_Br8492_ANT_MID	within_donor_adjacent_position	spatialDLPFC::Br8492	primary_expansion	forward	SDLPFC_Br8492_ANT_MID	uot	0.25	2.0	label_free_rigid	coordinate_response	True	85	3.5540946000110125	N	I_SPATIAL	0.01
spatialDLPFC	SDLPFC_Br8492_ANT_MID	within_donor_adjacent_position	spatialDLPFC::Br8492	primary_expansion	forward	SDLPFC_Br8492_ANT_MID	uot	0.25	2.0	label_free_rigid	coordinate_response	True	85	3.4805321999883745	N	I_SPATIAL	1.0
spatialDLPFC	SDLPFC_Br8492_ANT_MID	within_donor_adjacent_position	spatialDLPFC::Br8492	primary_expansion	forward	SDLPFC_Br8492_ANT_MID	row_softmax	0.25		baseline	base	True	1	0.04416700000001583			
spatialDLPFC	SDLPFC_Br8492_ANT_MID	within_donor_adjacent_position	spatialDLPFC::Br8492	primary_expansion	forward	SDLPFC_Br8492_ANT_MID	row_softmax	0.25		label_free_rigid	base	True	1	0.037955899999360554			
spatialDLPFC	SDLPFC_Br8492_ANT_MID	within_donor_adjacent_position	spatialDLPFC::Br8492	primary_expansion	forward	SDLPFC_Br8492_ANT_MID	row_softmax	0.25		label_free_rigid	coordinate_response	True	1	0.036911800008965656	R	I_SPATIAL	0.00125
spatialDLPFC	SDLPFC_Br8492_ANT_MID	within_donor_adjacent_position	spatialDLPFC::Br8492	primary_expansion	forward	SDLPFC_Br8492_ANT_MID	row_softmax	0.25		label_free_rigid	coordinate_response	True	1	0.036994800000684336	R	I_SPATIAL	0.000625
spatialDLPFC	SDLPFC_Br8492_ANT_MID	within_donor_adjacent_position	spatialDLPFC::Br8492	primary_expansion	forward	SDLPFC_Br8492_ANT_MID	row_softmax	0.25		label_free_rigid	coordinate_response	True	1	0.03682130000379402	R	I_SPATIAL	0.01
spatialDLPFC	SDLPFC_Br8492_ANT_MID	within_donor_adjacent_position	spatialDLPFC::Br8492	primary_expansion	forward	SDLPFC_Br8492_ANT_MID	row_softmax	0.25		label_free_rigid	coordinate_response	True	1	0.036811400001170114	R	I_SPATIAL	1.0
spatialDLPFC	SDLPFC_Br8492_ANT_MID	within_donor_adjacent_position	spatialDLPFC::Br8492	primary_expansion	forward	SDLPFC_Br8492_ANT_MID	row_softmax	0.25		label_free_rigid	coordinate_response	True	1	0.039639700000407174	N	I_SPATIAL	0.00125
spatialDLPFC	SDLPFC_Br8492_ANT_MID	within_donor_adjacent_position	spatialDLPFC::Br8492	primary_expansion	forward	SDLPFC_Br8492_ANT_MID	row_softmax	0.25		label_free_rigid	coordinate_response	True	1	0.03987510000297334	N	I_SPATIAL	0.000625
spatialDLPFC	SDLPFC_Br8492_ANT_MID	within_donor_adjacent_position	spatialDLPFC::Br8492	primary_expansion	forward	SDLPFC_Br8492_ANT_MID	row_softmax	0.25		label_free_rigid	coordinate_response	True	1	0.03895180000108667	N	I_SPATIAL	0.01
spatialDLPFC	SDLPFC_Br8492_ANT_MID	within_donor_adjacent_position	spatialDLPFC::Br8492	primary_expansion	forward	SDLPFC_Br8492_ANT_MID	row_softmax	0.25		label_free_rigid	coordinate_response	True	1	0.03709779999917373	N	I_SPATIAL	1.0
spatialDLPFC	SDLPFC_Br8492_ANT_MID	within_donor_adjacent_position	spatialDLPFC::Br8492	primary_expansion	reverse	SDLPFC_Br8492_ANT_MID__reverse	balanced_ot	0.25		baseline	base	True	200	8.241000199996051			
spatialDLPFC	SDLPFC_Br8492_ANT_MID	within_donor_adjacent_position	spatialDLPFC::Br8492	primary_expansion	forward	SDLPFC_Br8492_ANT_MID	balanced_ot	0.25		label_free_rigid	base	True	200	8.326821499998914			
spatialDLPFC	SDLPFC_Br8492_ANT_MID	within_donor_adjacent_position	spatialDLPFC::Br8492	primary_expansion	forward	SDLPFC_Br8492_ANT_MID	balanced_ot	0.25		label_free_rigid	coordinate_response	True	200	8.186355199999525	R	I_SPATIAL	0.00125
spatialDLPFC	SDLPFC_Br8492_ANT_MID	within_donor_adjacent_position	spatialDLPFC::Br8492	primary_expansion	forward	SDLPFC_Br8492_ANT_MID	balanced_ot	0.25		label_free_rigid	coordinate_response	True	200	8.272915999987163	R	I_SPATIAL	0.000625
spatialDLPFC	SDLPFC_Br8492_ANT_MID	within_donor_adjacent_position	spatialDLPFC::Br8492	primary_expansion	forward	SDLPFC_Br8492_ANT_MID	balanced_ot	0.25		label_free_rigid	coordinate_response	True	200	8.23543349999818	R	I_SPATIAL	0.01
spatialDLPFC	SDLPFC_Br8492_ANT_MID	within_donor_adjacent_position	spatialDLPFC::Br8492	primary_expansion	forward	SDLPFC_Br8492_ANT_MID	balanced_ot	0.25		label_free_rigid	coordinate_response	True	200	8.290641299987328	R	I_SPATIAL	1.0
spatialDLPFC	SDLPFC_Br8492_ANT_MID	within_donor_adjacent_position	spatialDLPFC::Br8492	primary_expansion	forward	SDLPFC_Br8492_ANT_MID	balanced_ot	0.25		label_free_rigid	coordinate_response	True	200	8.266989199997624	N	I_SPATIAL	0.00125
spatialDLPFC	SDLPFC_Br8492_ANT_MID	within_donor_adjacent_position	spatialDLPFC::Br8492	primary_expansion	forward	SDLPFC_Br8492_ANT_MID	balanced_ot	0.25		label_free_rigid	coordinate_response	True	200	8.313571100006811	N	I_SPATIAL	0.000625
spatialDLPFC	SDLPFC_Br8492_ANT_MID	within_donor_adjacent_position	spatialDLPFC::Br8492	primary_expansion	forward	SDLPFC_Br8492_ANT_MID	balanced_ot	0.25		label_free_rigid	coordinate_response	True	200	8.19653919999837	N	I_SPATIAL	0.01
spatialDLPFC	SDLPFC_Br8492_ANT_MID	within_donor_adjacent_position	spatialDLPFC::Br8492	primary_expansion	forward	SDLPFC_Br8492_ANT_MID	balanced_ot	0.25		label_free_rigid	coordinate_response	True	200	8.242389099992579	N	I_SPATIAL	1.0
spatialDLPFC	SDLPFC_Br8492_ANT_MID	within_donor_adjacent_position	spatialDLPFC::Br8492	primary_expansion	reverse	SDLPFC_Br8492_ANT_MID__reverse	uot	0.25	2.0	baseline	base	True	85	3.5054014999914216			
spatialDLPFC	SDLPFC_Br8492_ANT_MID	within_donor_adjacent_position	spatialDLPFC::Br8492	primary_expansion	reverse	SDLPFC_Br8492_ANT_MID__reverse	uot	0.25	2.0	label_free_rigid	base	True	85	3.625119700009236			
spatialDLPFC	SDLPFC_Br8492_ANT_MID	within_donor_adjacent_position	spatialDLPFC::Br8492	primary_expansion	reverse	SDLPFC_Br8492_ANT_MID__reverse	uot	0.25	2.0	label_free_rigid	coordinate_response	True	85	3.478064599999925	R	I_SPATIAL	0.00125
spatialDLPFC	SDLPFC_Br8492_ANT_MID	within_donor_adjacent_position	spatialDLPFC::Br8492	primary_expansion	reverse	SDLPFC_Br8492_ANT_MID__reverse	uot	0.25	2.0	label_free_rigid	coordinate_response	True	85	3.521625399996992	R	I_SPATIAL	0.000625
spatialDLPFC	SDLPFC_Br8492_ANT_MID	within_donor_adjacent_position	spatialDLPFC::Br8492	primary_expansion	reverse	SDLPFC_Br8492_ANT_MID__reverse	uot	0.25	2.0	label_free_rigid	coordinate_response	True	85	3.488913799999864	R	I_SPATIAL	0.01
spatialDLPFC	SDLPFC_Br8492_ANT_MID	within_donor_adjacent_position	spatialDLPFC::Br8492	primary_expansion	reverse	SDLPFC_Br8492_ANT_MID__reverse	uot	0.25	2.0	label_free_rigid	coordinate_response	True	85	3.529717299999902	R	I_SPATIAL	1.0
spatialDLPFC	SDLPFC_Br8492_ANT_MID	within_donor_adjacent_position	spatialDLPFC::Br8492	primary_expansion	reverse	SDLPFC_Br8492_ANT_MID__reverse	uot	0.25	2.0	label_free_rigid	coordinate_response	True	85	3.513279100006912	N	I_SPATIAL	0.00125
spatialDLPFC	SDLPFC_Br8492_ANT_MID	within_donor_adjacent_position	spatialDLPFC::Br8492	primary_expansion	reverse	SDLPFC_Br8492_ANT_MID__reverse	uot	0.25	2.0	label_free_rigid	coordinate_response	True	85	3.5593043999979272	N	I_SPATIAL	0.000625
spatialDLPFC	SDLPFC_Br8492_ANT_MID	within_donor_adjacent_position	spatialDLPFC::Br8492	primary_expansion	reverse	SDLPFC_Br8492_ANT_MID__reverse	uot	0.25	2.0	label_free_rigid	coordinate_response	True	85	3.5599147000029916	N	I_SPATIAL	0.01
spatialDLPFC	SDLPFC_Br8492_ANT_MID	within_donor_adjacent_position	spatialDLPFC::Br8492	primary_expansion	reverse	SDLPFC_Br8492_ANT_MID__reverse	uot	0.25	2.0	label_free_rigid	coordinate_response	True	85	3.588259800002561	N	I_SPATIAL	1.0
spatialDLPFC	SDLPFC_Br8492_ANT_MID	within_donor_adjacent_position	spatialDLPFC::Br8492	primary_expansion	reverse	SDLPFC_Br8492_ANT_MID__reverse	row_softmax	0.25		baseline	base	True	1	0.035393799989833497			
spatialDLPFC	SDLPFC_Br8492_ANT_MID	within_donor_adjacent_position	spatialDLPFC::Br8492	primary_expansion	reverse	SDLPFC_Br8492_ANT_MID__reverse	row_softmax	0.25		label_free_rigid	base	True	1	0.0374351999926148			
spatialDLPFC	SDLPFC_Br8492_ANT_MID	within_donor_adjacent_position	spatialDLPFC::Br8492	primary_expansion	reverse	SDLPFC_Br8492_ANT_MID__reverse	row_softmax	0.25		label_free_rigid	coordinate_response	True	1	0.03707130000111647	R	I_SPATIAL	0.00125
spatialDLPFC	SDLPFC_Br8492_ANT_MID	within_donor_adjacent_position	spatialDLPFC::Br8492	primary_expansion	reverse	SDLPFC_Br8492_ANT_MID__reverse	row_softmax	0.25		label_free_rigid	coordinate_response	True	1	0.03650839999318123	R	I_SPATIAL	0.000625
spatialDLPFC	SDLPFC_Br8492_ANT_MID	within_donor_adjacent_position	spatialDLPFC::Br8492	primary_expansion	reverse	SDLPFC_Br8492_ANT_MID__reverse	row_softmax	0.25		label_free_rigid	coordinate_response	True	1	0.0376754000026267	R	I_SPATIAL	0.01
spatialDLPFC	SDLPFC_Br8492_ANT_MID	within_donor_adjacent_position	spatialDLPFC::Br8492	primary_expansion	reverse	SDLPFC_Br8492_ANT_MID__reverse	row_softmax	0.25		label_free_rigid	coordinate_response	True	1	0.03826860000845045	R	I_SPATIAL	1.0
spatialDLPFC	SDLPFC_Br8492_ANT_MID	within_donor_adjacent_position	spatialDLPFC::Br8492	primary_expansion	reverse	SDLPFC_Br8492_ANT_MID__reverse	row_softmax	0.25		label_free_rigid	coordinate_response	True	1	0.036556999999447726	N	I_SPATIAL	0.00125
spatialDLPFC	SDLPFC_Br8492_ANT_MID	within_donor_adjacent_position	spatialDLPFC::Br8492	primary_expansion	reverse	SDLPFC_Br8492_ANT_MID__reverse	row_softmax	0.25		label_free_rigid	coordinate_response	True	1	0.03760310000507161	N	I_SPATIAL	0.000625
spatialDLPFC	SDLPFC_Br8492_ANT_MID	within_donor_adjacent_position	spatialDLPFC::Br8492	primary_expansion	reverse	SDLPFC_Br8492_ANT_MID__reverse	row_softmax	0.25		label_free_rigid	coordinate_response	True	1	0.038100400008261204	N	I_SPATIAL	0.01
spatialDLPFC	SDLPFC_Br8492_ANT_MID	within_donor_adjacent_position	spatialDLPFC::Br8492	primary_expansion	reverse	SDLPFC_Br8492_ANT_MID__reverse	row_softmax	0.25		label_free_rigid	coordinate_response	True	1	0.03663949998735916	N	I_SPATIAL	1.0
spatialDLPFC	SDLPFC_Br8667_ANT_MID	within_donor_adjacent_position	spatialDLPFC::Br8667	primary_expansion	forward	SDLPFC_Br8667_ANT_MID	balanced_ot	0.25		baseline	base	True	200	8.287172500000452			
spatialDLPFC	SDLPFC_Br8492_ANT_MID	within_donor_adjacent_position	spatialDLPFC::Br8492	primary_expansion	reverse	SDLPFC_Br8492_ANT_MID__reverse	balanced_ot	0.25		label_free_rigid	base	True	200	8.2558704999974			
spatialDLPFC	SDLPFC_Br8492_ANT_MID	within_donor_adjacent_position	spatialDLPFC::Br8492	primary_expansion	reverse	SDLPFC_Br8492_ANT_MID__reverse	balanced_ot	0.25		label_free_rigid	coordinate_response	True	200	8.277064599998994	R	I_SPATIAL	0.00125
spatialDLPFC	SDLPFC_Br8492_ANT_MID	within_donor_adjacent_position	spatialDLPFC::Br8492	primary_expansion	reverse	SDLPFC_Br8492_ANT_MID__reverse	balanced_ot	0.25		label_free_rigid	coordinate_response	True	200	8.217145800008439	R	I_SPATIAL	0.000625
spatialDLPFC	SDLPFC_Br8492_ANT_MID	within_donor_adjacent_position	spatialDLPFC::Br8492	primary_expansion	reverse	SDLPFC_Br8492_ANT_MID__reverse	balanced_ot	0.25		label_free_rigid	coordinate_response	True	200	8.37276360001124	R	I_SPATIAL	0.01
spatialDLPFC	SDLPFC_Br8492_ANT_MID	within_donor_adjacent_position	spatialDLPFC::Br8492	primary_expansion	reverse	SDLPFC_Br8492_ANT_MID__reverse	balanced_ot	0.25		label_free_rigid	coordinate_response	True	200	8.149401400005445	R	I_SPATIAL	1.0
spatialDLPFC	SDLPFC_Br8492_ANT_MID	within_donor_adjacent_position	spatialDLPFC::Br8492	primary_expansion	reverse	SDLPFC_Br8492_ANT_MID__reverse	balanced_ot	0.25		label_free_rigid	coordinate_response	True	200	8.288372800001525	N	I_SPATIAL	0.00125
spatialDLPFC	SDLPFC_Br8492_ANT_MID	within_donor_adjacent_position	spatialDLPFC::Br8492	primary_expansion	reverse	SDLPFC_Br8492_ANT_MID__reverse	balanced_ot	0.25		label_free_rigid	coordinate_response	True	200	8.314633499991032	N	I_SPATIAL	0.000625
spatialDLPFC	SDLPFC_Br8492_ANT_MID	within_donor_adjacent_position	spatialDLPFC::Br8492	primary_expansion	reverse	SDLPFC_Br8492_ANT_MID__reverse	balanced_ot	0.25		label_free_rigid	coordinate_response	True	200	8.266698100007488	N	I_SPATIAL	0.01
spatialDLPFC	SDLPFC_Br8492_ANT_MID	within_donor_adjacent_position	spatialDLPFC::Br8492	primary_expansion	reverse	SDLPFC_Br8492_ANT_MID__reverse	balanced_ot	0.25		label_free_rigid	coordinate_response	True	200	8.367399999988265	N	I_SPATIAL	1.0
spatialDLPFC	SDLPFC_Br8667_ANT_MID	within_donor_adjacent_position	spatialDLPFC::Br8667	primary_expansion	forward	SDLPFC_Br8667_ANT_MID	uot	0.25	2.0	baseline	base	True	85	3.5592124999966472			
spatialDLPFC	SDLPFC_Br8667_ANT_MID	within_donor_adjacent_position	spatialDLPFC::Br8667	primary_expansion	forward	SDLPFC_Br8667_ANT_MID	uot	0.25	2.0	label_free_rigid	base	True	85	3.4917634000012185			
spatialDLPFC	SDLPFC_Br8667_ANT_MID	within_donor_adjacent_position	spatialDLPFC::Br8667	primary_expansion	forward	SDLPFC_Br8667_ANT_MID	uot	0.25	2.0	label_free_rigid	coordinate_response	True	85	3.544373100012308	R	I_SPATIAL	0.00125
spatialDLPFC	SDLPFC_Br8667_ANT_MID	within_donor_adjacent_position	spatialDLPFC::Br8667	primary_expansion	forward	SDLPFC_Br8667_ANT_MID	uot	0.25	2.0	label_free_rigid	coordinate_response	True	85	3.4949980000092182	R	I_SPATIAL	0.000625
spatialDLPFC	SDLPFC_Br8667_ANT_MID	within_donor_adjacent_position	spatialDLPFC::Br8667	primary_expansion	forward	SDLPFC_Br8667_ANT_MID	uot	0.25	2.0	label_free_rigid	coordinate_response	True	85	3.531915800005663	R	I_SPATIAL	0.01
spatialDLPFC	SDLPFC_Br8667_ANT_MID	within_donor_adjacent_position	spatialDLPFC::Br8667	primary_expansion	forward	SDLPFC_Br8667_ANT_MID	uot	0.25	2.0	label_free_rigid	coordinate_response	True	85	3.5256454999907874	R	I_SPATIAL	1.0
spatialDLPFC	SDLPFC_Br8667_ANT_MID	within_donor_adjacent_position	spatialDLPFC::Br8667	primary_expansion	forward	SDLPFC_Br8667_ANT_MID	uot	0.25	2.0	label_free_rigid	coordinate_response	True	85	3.4892471000057412	N	I_SPATIAL	0.00125
spatialDLPFC	SDLPFC_Br8667_ANT_MID	within_donor_adjacent_position	spatialDLPFC::Br8667	primary_expansion	forward	SDLPFC_Br8667_ANT_MID	uot	0.25	2.0	label_free_rigid	coordinate_response	True	85	3.479100099997595	N	I_SPATIAL	0.000625
spatialDLPFC	SDLPFC_Br8667_ANT_MID	within_donor_adjacent_position	spatialDLPFC::Br8667	primary_expansion	forward	SDLPFC_Br8667_ANT_MID	uot	0.25	2.0	label_free_rigid	coordinate_response	True	85	3.5109617999987677	N	I_SPATIAL	0.01
spatialDLPFC	SDLPFC_Br8667_ANT_MID	within_donor_adjacent_position	spatialDLPFC::Br8667	primary_expansion	forward	SDLPFC_Br8667_ANT_MID	uot	0.25	2.0	label_free_rigid	coordinate_response	True	80	3.3086236999952234	N	I_SPATIAL	1.0
spatialDLPFC	SDLPFC_Br8667_ANT_MID	within_donor_adjacent_position	spatialDLPFC::Br8667	primary_expansion	forward	SDLPFC_Br8667_ANT_MID	row_softmax	0.25		baseline	base	True	1	0.03755069999897387			
spatialDLPFC	SDLPFC_Br8667_ANT_MID	within_donor_adjacent_position	spatialDLPFC::Br8667	primary_expansion	forward	SDLPFC_Br8667_ANT_MID	row_softmax	0.25		label_free_rigid	base	True	1	0.03752760001225397			
spatialDLPFC	SDLPFC_Br8667_ANT_MID	within_donor_adjacent_position	spatialDLPFC::Br8667	primary_expansion	forward	SDLPFC_Br8667_ANT_MID	row_softmax	0.25		label_free_rigid	coordinate_response	True	1	0.03694569999061059	R	I_SPATIAL	0.00125
spatialDLPFC	SDLPFC_Br8667_ANT_MID	within_donor_adjacent_position	spatialDLPFC::Br8667	primary_expansion	forward	SDLPFC_Br8667_ANT_MID	row_softmax	0.25		label_free_rigid	coordinate_response	True	1	0.037459500003024004	R	I_SPATIAL	0.000625
spatialDLPFC	SDLPFC_Br8667_ANT_MID	within_donor_adjacent_position	spatialDLPFC::Br8667	primary_expansion	forward	SDLPFC_Br8667_ANT_MID	row_softmax	0.25		label_free_rigid	coordinate_response	True	1	0.04462259999127127	R	I_SPATIAL	0.01
spatialDLPFC	SDLPFC_Br8667_ANT_MID	within_donor_adjacent_position	spatialDLPFC::Br8667	primary_expansion	forward	SDLPFC_Br8667_ANT_MID	row_softmax	0.25		label_free_rigid	coordinate_response	True	1	0.0368735999945784	R	I_SPATIAL	1.0
spatialDLPFC	SDLPFC_Br8667_ANT_MID	within_donor_adjacent_position	spatialDLPFC::Br8667	primary_expansion	forward	SDLPFC_Br8667_ANT_MID	row_softmax	0.25		label_free_rigid	coordinate_response	True	1	0.03763239999534562	N	I_SPATIAL	0.00125
spatialDLPFC	SDLPFC_Br8667_ANT_MID	within_donor_adjacent_position	spatialDLPFC::Br8667	primary_expansion	forward	SDLPFC_Br8667_ANT_MID	row_softmax	0.25		label_free_rigid	coordinate_response	True	1	0.036196899993228726	N	I_SPATIAL	0.000625
spatialDLPFC	SDLPFC_Br8667_ANT_MID	within_donor_adjacent_position	spatialDLPFC::Br8667	primary_expansion	forward	SDLPFC_Br8667_ANT_MID	row_softmax	0.25		label_free_rigid	coordinate_response	True	1	0.03785239999706391	N	I_SPATIAL	0.01
spatialDLPFC	SDLPFC_Br8667_ANT_MID	within_donor_adjacent_position	spatialDLPFC::Br8667	primary_expansion	forward	SDLPFC_Br8667_ANT_MID	row_softmax	0.25		label_free_rigid	coordinate_response	True	1	0.03656530000444036	N	I_SPATIAL	1.0
spatialDLPFC	SDLPFC_Br8667_ANT_MID	within_donor_adjacent_position	spatialDLPFC::Br8667	primary_expansion	reverse	SDLPFC_Br8667_ANT_MID__reverse	balanced_ot	0.25		baseline	base	True	200	8.253137399995467			
spatialDLPFC	SDLPFC_Br8667_ANT_MID	within_donor_adjacent_position	spatialDLPFC::Br8667	primary_expansion	forward	SDLPFC_Br8667_ANT_MID	balanced_ot	0.25		label_free_rigid	base	True	200	8.314527599999565			
spatialDLPFC	SDLPFC_Br8667_ANT_MID	within_donor_adjacent_position	spatialDLPFC::Br8667	primary_expansion	forward	SDLPFC_Br8667_ANT_MID	balanced_ot	0.25		label_free_rigid	coordinate_response	True	200	8.335994900000514	R	I_SPATIAL	0.00125
spatialDLPFC	SDLPFC_Br8667_ANT_MID	within_donor_adjacent_position	spatialDLPFC::Br8667	primary_expansion	forward	SDLPFC_Br8667_ANT_MID	balanced_ot	0.25		label_free_rigid	coordinate_response	True	200	8.338858500006609	R	I_SPATIAL	0.000625
spatialDLPFC	SDLPFC_Br8667_ANT_MID	within_donor_adjacent_position	spatialDLPFC::Br8667	primary_expansion	forward	SDLPFC_Br8667_ANT_MID	balanced_ot	0.25		label_free_rigid	coordinate_response	True	200	8.259171699988656	R	I_SPATIAL	0.01
spatialDLPFC	SDLPFC_Br8667_ANT_MID	within_donor_adjacent_position	spatialDLPFC::Br8667	primary_expansion	forward	SDLPFC_Br8667_ANT_MID	balanced_ot	0.25		label_free_rigid	coordinate_response	True	200	8.25031439999293	R	I_SPATIAL	1.0
spatialDLPFC	SDLPFC_Br8667_ANT_MID	within_donor_adjacent_position	spatialDLPFC::Br8667	primary_expansion	forward	SDLPFC_Br8667_ANT_MID	balanced_ot	0.25		label_free_rigid	coordinate_response	True	200	8.2858300999942	N	I_SPATIAL	0.00125
spatialDLPFC	SDLPFC_Br8667_ANT_MID	within_donor_adjacent_position	spatialDLPFC::Br8667	primary_expansion	forward	SDLPFC_Br8667_ANT_MID	balanced_ot	0.25		label_free_rigid	coordinate_response	True	200	8.26473850000184	N	I_SPATIAL	0.000625
spatialDLPFC	SDLPFC_Br8667_ANT_MID	within_donor_adjacent_position	spatialDLPFC::Br8667	primary_expansion	forward	SDLPFC_Br8667_ANT_MID	balanced_ot	0.25		label_free_rigid	coordinate_response	True	200	8.302370599994902	N	I_SPATIAL	0.01
spatialDLPFC	SDLPFC_Br8667_ANT_MID	within_donor_adjacent_position	spatialDLPFC::Br8667	primary_expansion	forward	SDLPFC_Br8667_ANT_MID	balanced_ot	0.25		label_free_rigid	coordinate_response	True	200	8.293982600007439	N	I_SPATIAL	1.0
spatialDLPFC	SDLPFC_Br8667_ANT_MID	within_donor_adjacent_position	spatialDLPFC::Br8667	primary_expansion	reverse	SDLPFC_Br8667_ANT_MID__reverse	uot	0.25	2.0	baseline	base	True	85	3.468892600008985			
spatialDLPFC	SDLPFC_Br8667_ANT_MID	within_donor_adjacent_position	spatialDLPFC::Br8667	primary_expansion	reverse	SDLPFC_Br8667_ANT_MID__reverse	uot	0.25	2.0	label_free_rigid	base	True	85	3.5960533000034047			
spatialDLPFC	SDLPFC_Br8667_ANT_MID	within_donor_adjacent_position	spatialDLPFC::Br8667	primary_expansion	reverse	SDLPFC_Br8667_ANT_MID__reverse	uot	0.25	2.0	label_free_rigid	coordinate_response	True	85	3.4858236000000034	R	I_SPATIAL	0.00125
spatialDLPFC	SDLPFC_Br8667_ANT_MID	within_donor_adjacent_position	spatialDLPFC::Br8667	primary_expansion	reverse	SDLPFC_Br8667_ANT_MID__reverse	uot	0.25	2.0	label_free_rigid	coordinate_response	True	85	3.4795253000047524	R	I_SPATIAL	0.000625
spatialDLPFC	SDLPFC_Br8667_ANT_MID	within_donor_adjacent_position	spatialDLPFC::Br8667	primary_expansion	reverse	SDLPFC_Br8667_ANT_MID__reverse	uot	0.25	2.0	label_free_rigid	coordinate_response	True	85	3.50002229999518	R	I_SPATIAL	0.01
spatialDLPFC	SDLPFC_Br8667_ANT_MID	within_donor_adjacent_position	spatialDLPFC::Br8667	primary_expansion	reverse	SDLPFC_Br8667_ANT_MID__reverse	uot	0.25	2.0	label_free_rigid	coordinate_response	True	85	3.5532563000015216	R	I_SPATIAL	1.0
spatialDLPFC	SDLPFC_Br8667_ANT_MID	within_donor_adjacent_position	spatialDLPFC::Br8667	primary_expansion	reverse	SDLPFC_Br8667_ANT_MID__reverse	uot	0.25	2.0	label_free_rigid	coordinate_response	True	85	3.474807699996745	N	I_SPATIAL	0.00125
spatialDLPFC	SDLPFC_Br8667_ANT_MID	within_donor_adjacent_position	spatialDLPFC::Br8667	primary_expansion	reverse	SDLPFC_Br8667_ANT_MID__reverse	uot	0.25	2.0	label_free_rigid	coordinate_response	True	85	3.5324512000079267	N	I_SPATIAL	0.000625
spatialDLPFC	SDLPFC_Br8667_ANT_MID	within_donor_adjacent_position	spatialDLPFC::Br8667	primary_expansion	reverse	SDLPFC_Br8667_ANT_MID__reverse	uot	0.25	2.0	label_free_rigid	coordinate_response	True	85	3.44677640000009	N	I_SPATIAL	0.01
spatialDLPFC	SDLPFC_Br8667_ANT_MID	within_donor_adjacent_position	spatialDLPFC::Br8667	primary_expansion	reverse	SDLPFC_Br8667_ANT_MID__reverse	uot	0.25	2.0	label_free_rigid	coordinate_response	True	85	3.473516300000483	N	I_SPATIAL	1.0
spatialDLPFC	SDLPFC_Br8667_ANT_MID	within_donor_adjacent_position	spatialDLPFC::Br8667	primary_expansion	reverse	SDLPFC_Br8667_ANT_MID__reverse	row_softmax	0.25		baseline	base	True	1	0.03780360000382643			
spatialDLPFC	SDLPFC_Br8667_ANT_MID	within_donor_adjacent_position	spatialDLPFC::Br8667	primary_expansion	reverse	SDLPFC_Br8667_ANT_MID__reverse	row_softmax	0.25		label_free_rigid	base	True	1	0.037355899999965914			
spatialDLPFC	SDLPFC_Br8667_ANT_MID	within_donor_adjacent_position	spatialDLPFC::Br8667	primary_expansion	reverse	SDLPFC_Br8667_ANT_MID__reverse	row_softmax	0.25		label_free_rigid	coordinate_response	True	1	0.03656599999521859	R	I_SPATIAL	0.00125
spatialDLPFC	SDLPFC_Br8667_ANT_MID	within_donor_adjacent_position	spatialDLPFC::Br8667	primary_expansion	reverse	SDLPFC_Br8667_ANT_MID__reverse	row_softmax	0.25		label_free_rigid	coordinate_response	True	1	0.0379250999976648	R	I_SPATIAL	0.000625
spatialDLPFC	SDLPFC_Br8667_ANT_MID	within_donor_adjacent_position	spatialDLPFC::Br8667	primary_expansion	reverse	SDLPFC_Br8667_ANT_MID__reverse	row_softmax	0.25		label_free_rigid	coordinate_response	True	1	0.03772279999975581	R	I_SPATIAL	0.01
spatialDLPFC	SDLPFC_Br8667_ANT_MID	within_donor_adjacent_position	spatialDLPFC::Br8667	primary_expansion	reverse	SDLPFC_Br8667_ANT_MID__reverse	row_softmax	0.25		label_free_rigid	coordinate_response	True	1	0.0360627000045497	R	I_SPATIAL	1.0
spatialDLPFC	SDLPFC_Br8667_ANT_MID	within_donor_adjacent_position	spatialDLPFC::Br8667	primary_expansion	reverse	SDLPFC_Br8667_ANT_MID__reverse	row_softmax	0.25		label_free_rigid	coordinate_response	True	1	0.03919029999815393	N	I_SPATIAL	0.00125
spatialDLPFC	SDLPFC_Br8667_ANT_MID	within_donor_adjacent_position	spatialDLPFC::Br8667	primary_expansion	reverse	SDLPFC_Br8667_ANT_MID__reverse	row_softmax	0.25		label_free_rigid	coordinate_response	True	1	0.03726959999767132	N	I_SPATIAL	0.000625
spatialDLPFC	SDLPFC_Br8667_ANT_MID	within_donor_adjacent_position	spatialDLPFC::Br8667	primary_expansion	reverse	SDLPFC_Br8667_ANT_MID__reverse	row_softmax	0.25		label_free_rigid	coordinate_response	True	1	0.03657669998938218	N	I_SPATIAL	0.01
spatialDLPFC	SDLPFC_Br8667_ANT_MID	within_donor_adjacent_position	spatialDLPFC::Br8667	primary_expansion	reverse	SDLPFC_Br8667_ANT_MID__reverse	row_softmax	0.25		label_free_rigid	coordinate_response	True	1	0.03706459999375511	N	I_SPATIAL	1.0
HER2ST_manual_controlled	HER2ST_A1_CONTROLLED	within_section_controlled_combined	HER2ST::A	manual_truth_controlled	forward	HER2ST_A1_CONTROLLED	balanced_ot	0.25		baseline	base	True	200	0.2049923000013223			
HER2ST_manual_controlled	HER2ST_A1_CONTROLLED	within_section_controlled_combined	HER2ST::A	manual_truth_controlled	forward	HER2ST_A1_CONTROLLED	balanced_ot	0.25		label_free_rigid	base	True	200	0.3866113999974914			
HER2ST_manual_controlled	HER2ST_A1_CONTROLLED	within_section_controlled_combined	HER2ST::A	manual_truth_controlled	forward	HER2ST_A1_CONTROLLED	balanced_ot	0.25		label_free_rigid	coordinate_response	True	200	0.35857349999423604	R	I_SPATIAL	0.00125
HER2ST_manual_controlled	HER2ST_A1_CONTROLLED	within_section_controlled_combined	HER2ST::A	manual_truth_controlled	forward	HER2ST_A1_CONTROLLED	balanced_ot	0.25		label_free_rigid	coordinate_response	True	200	0.3644899999926565	R	I_SPATIAL	0.000625
HER2ST_manual_controlled	HER2ST_A1_CONTROLLED	within_section_controlled_combined	HER2ST::A	manual_truth_controlled	forward	HER2ST_A1_CONTROLLED	balanced_ot	0.25		label_free_rigid	coordinate_response	True	200	0.3535743999964325	R	I_SPATIAL	0.01
HER2ST_manual_controlled	HER2ST_A1_CONTROLLED	within_section_controlled_combined	HER2ST::A	manual_truth_controlled	forward	HER2ST_A1_CONTROLLED	balanced_ot	0.25		label_free_rigid	coordinate_response	True	200	0.3567932000005385	R	I_SPATIAL	1.0
HER2ST_manual_controlled	HER2ST_A1_CONTROLLED	within_section_controlled_combined	HER2ST::A	manual_truth_controlled	forward	HER2ST_A1_CONTROLLED	balanced_ot	0.25		label_free_rigid	coordinate_response	True	200	0.3492421999981161	N	I_SPATIAL	0.00125
HER2ST_manual_controlled	HER2ST_A1_CONTROLLED	within_section_controlled_combined	HER2ST::A	manual_truth_controlled	forward	HER2ST_A1_CONTROLLED	balanced_ot	0.25		label_free_rigid	coordinate_response	True	200	0.19925539998803288	N	I_SPATIAL	0.000625
HER2ST_manual_controlled	HER2ST_A1_CONTROLLED	within_section_controlled_combined	HER2ST::A	manual_truth_controlled	forward	HER2ST_A1_CONTROLLED	balanced_ot	0.25		label_free_rigid	coordinate_response	True	200	0.3825499999948079	N	I_SPATIAL	0.01
HER2ST_manual_controlled	HER2ST_A1_CONTROLLED	within_section_controlled_combined	HER2ST::A	manual_truth_controlled	forward	HER2ST_A1_CONTROLLED	balanced_ot	0.25		label_free_rigid	coordinate_response	True	200	0.20526129999780096	N	I_SPATIAL	1.0
HER2ST_manual_controlled	HER2ST_A1_CONTROLLED	within_section_controlled_combined	HER2ST::A	manual_truth_controlled	forward	HER2ST_A1_CONTROLLED	balanced_ot	0.25		her2_oracle	base	True	200	0.19165789999533445			
HER2ST_manual_controlled	HER2ST_A1_CONTROLLED	within_section_controlled_combined	HER2ST::A	manual_truth_controlled	forward	HER2ST_A1_CONTROLLED	balanced_ot	0.25		her2_oracle	coordinate_response	True	200	0.3541361999959918	R	I_SPATIAL	0.00125
HER2ST_manual_controlled	HER2ST_A1_CONTROLLED	within_section_controlled_combined	HER2ST::A	manual_truth_controlled	forward	HER2ST_A1_CONTROLLED	balanced_ot	0.25		her2_oracle	coordinate_response	True	200	0.3507249999966007	R	I_SPATIAL	0.000625
HER2ST_manual_controlled	HER2ST_A1_CONTROLLED	within_section_controlled_combined	HER2ST::A	manual_truth_controlled	forward	HER2ST_A1_CONTROLLED	balanced_ot	0.25		her2_oracle	coordinate_response	True	200	0.36917589999211486	R	I_SPATIAL	0.01
HER2ST_manual_controlled	HER2ST_A1_CONTROLLED	within_section_controlled_combined	HER2ST::A	manual_truth_controlled	forward	HER2ST_A1_CONTROLLED	balanced_ot	0.25		her2_oracle	coordinate_response	True	200	0.3666228000074625	R	I_SPATIAL	1.0
HER2ST_manual_controlled	HER2ST_A1_CONTROLLED	within_section_controlled_combined	HER2ST::A	manual_truth_controlled	forward	HER2ST_A1_CONTROLLED	balanced_ot	0.25		her2_oracle	coordinate_response	True	200	0.1948800999962259	N	I_SPATIAL	0.00125
HER2ST_manual_controlled	HER2ST_A1_CONTROLLED	within_section_controlled_combined	HER2ST::A	manual_truth_controlled	forward	HER2ST_A1_CONTROLLED	balanced_ot	0.25		her2_oracle	coordinate_response	True	200	0.1933604999940144	N	I_SPATIAL	0.000625
HER2ST_manual_controlled	HER2ST_A1_CONTROLLED	within_section_controlled_combined	HER2ST::A	manual_truth_controlled	forward	HER2ST_A1_CONTROLLED	balanced_ot	0.25		her2_oracle	coordinate_response	True	200	0.20145330000377726	N	I_SPATIAL	0.01
HER2ST_manual_controlled	HER2ST_A1_CONTROLLED	within_section_controlled_combined	HER2ST::A	manual_truth_controlled	forward	HER2ST_A1_CONTROLLED	balanced_ot	0.25		her2_oracle	coordinate_response	True	200	0.20138939999742433	N	I_SPATIAL	1.0
HER2ST_manual_controlled	HER2ST_A1_CONTROLLED	within_section_controlled_combined	HER2ST::A	manual_truth_controlled	forward	HER2ST_A1_CONTROLLED	uot	0.25	2.0	baseline	base	True	80	0.08183950000966433			
HER2ST_manual_controlled	HER2ST_A1_CONTROLLED	within_section_controlled_combined	HER2ST::A	manual_truth_controlled	forward	HER2ST_A1_CONTROLLED	uot	0.25	2.0	label_free_rigid	base	True	80	0.07620330000645481			
HER2ST_manual_controlled	HER2ST_A1_CONTROLLED	within_section_controlled_combined	HER2ST::A	manual_truth_controlled	forward	HER2ST_A1_CONTROLLED	uot	0.25	2.0	label_free_rigid	coordinate_response	True	80	0.08043870000983588	R	I_SPATIAL	0.00125
HER2ST_manual_controlled	HER2ST_A1_CONTROLLED	within_section_controlled_combined	HER2ST::A	manual_truth_controlled	forward	HER2ST_A1_CONTROLLED	uot	0.25	2.0	label_free_rigid	coordinate_response	True	80	0.14770480000879616	R	I_SPATIAL	0.000625
HER2ST_manual_controlled	HER2ST_A1_CONTROLLED	within_section_controlled_combined	HER2ST::A	manual_truth_controlled	forward	HER2ST_A1_CONTROLLED	uot	0.25	2.0	label_free_rigid	coordinate_response	True	80	0.08205480000469834	R	I_SPATIAL	0.01
HER2ST_manual_controlled	HER2ST_A1_CONTROLLED	within_section_controlled_combined	HER2ST::A	manual_truth_controlled	forward	HER2ST_A1_CONTROLLED	uot	0.25	2.0	label_free_rigid	coordinate_response	True	80	0.14205379999475554	R	I_SPATIAL	1.0
HER2ST_manual_controlled	HER2ST_A1_CONTROLLED	within_section_controlled_combined	HER2ST::A	manual_truth_controlled	forward	HER2ST_A1_CONTROLLED	uot	0.25	2.0	label_free_rigid	coordinate_response	True	80	0.075953199993819	N	I_SPATIAL	0.00125
HER2ST_manual_controlled	HER2ST_A1_CONTROLLED	within_section_controlled_combined	HER2ST::A	manual_truth_controlled	forward	HER2ST_A1_CONTROLLED	uot	0.25	2.0	label_free_rigid	coordinate_response	True	80	0.1473991999955615	N	I_SPATIAL	0.000625
HER2ST_manual_controlled	HER2ST_A1_CONTROLLED	within_section_controlled_combined	HER2ST::A	manual_truth_controlled	forward	HER2ST_A1_CONTROLLED	uot	0.25	2.0	label_free_rigid	coordinate_response	True	80	0.07589739999093581	N	I_SPATIAL	0.01
HER2ST_manual_controlled	HER2ST_A1_CONTROLLED	within_section_controlled_combined	HER2ST::A	manual_truth_controlled	forward	HER2ST_A1_CONTROLLED	uot	0.25	2.0	label_free_rigid	coordinate_response	True	80	0.14123700000345707	N	I_SPATIAL	1.0
HER2ST_manual_controlled	HER2ST_A1_CONTROLLED	within_section_controlled_combined	HER2ST::A	manual_truth_controlled	forward	HER2ST_A1_CONTROLLED	uot	0.25	2.0	her2_oracle	base	True	80	0.07663959999626968			
HER2ST_manual_controlled	HER2ST_A1_CONTROLLED	within_section_controlled_combined	HER2ST::A	manual_truth_controlled	forward	HER2ST_A1_CONTROLLED	uot	0.25	2.0	her2_oracle	coordinate_response	True	80	0.07548270000552293	R	I_SPATIAL	0.00125
HER2ST_manual_controlled	HER2ST_A1_CONTROLLED	within_section_controlled_combined	HER2ST::A	manual_truth_controlled	forward	HER2ST_A1_CONTROLLED	uot	0.25	2.0	her2_oracle	coordinate_response	True	80	0.15858940000180155	R	I_SPATIAL	0.000625
HER2ST_manual_controlled	HER2ST_A1_CONTROLLED	within_section_controlled_combined	HER2ST::A	manual_truth_controlled	forward	HER2ST_A1_CONTROLLED	uot	0.25	2.0	her2_oracle	coordinate_response	True	80	0.07637039999826811	R	I_SPATIAL	0.01
HER2ST_manual_controlled	HER2ST_A1_CONTROLLED	within_section_controlled_combined	HER2ST::A	manual_truth_controlled	forward	HER2ST_A1_CONTROLLED	uot	0.25	2.0	her2_oracle	coordinate_response	True	80	0.15619639999931678	R	I_SPATIAL	1.0
HER2ST_manual_controlled	HER2ST_A1_CONTROLLED	within_section_controlled_combined	HER2ST::A	manual_truth_controlled	forward	HER2ST_A1_CONTROLLED	uot	0.25	2.0	her2_oracle	coordinate_response	True	80	0.08559349999995902	N	I_SPATIAL	0.00125
HER2ST_manual_controlled	HER2ST_A1_CONTROLLED	within_section_controlled_combined	HER2ST::A	manual_truth_controlled	forward	HER2ST_A1_CONTROLLED	uot	0.25	2.0	her2_oracle	coordinate_response	True	80	0.08380820001184475	N	I_SPATIAL	0.000625
HER2ST_manual_controlled	HER2ST_A1_CONTROLLED	within_section_controlled_combined	HER2ST::A	manual_truth_controlled	forward	HER2ST_A1_CONTROLLED	uot	0.25	2.0	her2_oracle	coordinate_response	True	80	0.07645409999531694	N	I_SPATIAL	0.01
HER2ST_manual_controlled	HER2ST_A1_CONTROLLED	within_section_controlled_combined	HER2ST::A	manual_truth_controlled	forward	HER2ST_A1_CONTROLLED	uot	0.25	2.0	her2_oracle	coordinate_response	True	80	0.1502374000119744	N	I_SPATIAL	1.0
HER2ST_manual_controlled	HER2ST_A1_CONTROLLED	within_section_controlled_combined	HER2ST::A	manual_truth_controlled	forward	HER2ST_A1_CONTROLLED	row_softmax	0.25		baseline	base	True	1	0.0010704999876907095			
HER2ST_manual_controlled	HER2ST_A1_CONTROLLED	within_section_controlled_combined	HER2ST::A	manual_truth_controlled	forward	HER2ST_A1_CONTROLLED	row_softmax	0.25		label_free_rigid	base	True	1	0.0009984000062104315			
HER2ST_manual_controlled	HER2ST_A1_CONTROLLED	within_section_controlled_combined	HER2ST::A	manual_truth_controlled	forward	HER2ST_A1_CONTROLLED	row_softmax	0.25		label_free_rigid	coordinate_response	True	1	0.001389600001857616	R	I_SPATIAL	0.00125
HER2ST_manual_controlled	HER2ST_A1_CONTROLLED	within_section_controlled_combined	HER2ST::A	manual_truth_controlled	forward	HER2ST_A1_CONTROLLED	row_softmax	0.25		label_free_rigid	coordinate_response	True	1	0.00103859999217093	R	I_SPATIAL	0.000625
HER2ST_manual_controlled	HER2ST_A1_CONTROLLED	within_section_controlled_combined	HER2ST::A	manual_truth_controlled	forward	HER2ST_A1_CONTROLLED	row_softmax	0.25		label_free_rigid	coordinate_response	True	1	0.0010029999975813553	R	I_SPATIAL	0.01
HER2ST_manual_controlled	HER2ST_A1_CONTROLLED	within_section_controlled_combined	HER2ST::A	manual_truth_controlled	forward	HER2ST_A1_CONTROLLED	row_softmax	0.25		label_free_rigid	coordinate_response	True	1	0.0010434000141685829	R	I_SPATIAL	1.0
HER2ST_manual_controlled	HER2ST_A1_CONTROLLED	within_section_controlled_combined	HER2ST::A	manual_truth_controlled	forward	HER2ST_A1_CONTROLLED	row_softmax	0.25		label_free_rigid	coordinate_response	True	1	0.0010040999914053828	N	I_SPATIAL	0.00125
HER2ST_manual_controlled	HER2ST_A1_CONTROLLED	within_section_controlled_combined	HER2ST::A	manual_truth_controlled	forward	HER2ST_A1_CONTROLLED	row_softmax	0.25		label_free_rigid	coordinate_response	True	1	0.00097490000189282	N	I_SPATIAL	0.000625
HER2ST_manual_controlled	HER2ST_A1_CONTROLLED	within_section_controlled_combined	HER2ST::A	manual_truth_controlled	forward	HER2ST_A1_CONTROLLED	row_softmax	0.25		label_free_rigid	coordinate_response	True	1	0.0011183000024175271	N	I_SPATIAL	0.01
HER2ST_manual_controlled	HER2ST_A1_CONTROLLED	within_section_controlled_combined	HER2ST::A	manual_truth_controlled	forward	HER2ST_A1_CONTROLLED	row_softmax	0.25		label_free_rigid	coordinate_response	True	1	0.000982600002316758	N	I_SPATIAL	1.0
HER2ST_manual_controlled	HER2ST_A1_CONTROLLED	within_section_controlled_combined	HER2ST::A	manual_truth_controlled	forward	HER2ST_A1_CONTROLLED	row_softmax	0.25		her2_oracle	base	True	1	0.0010141000093426555			
HER2ST_manual_controlled	HER2ST_A1_CONTROLLED	within_section_controlled_combined	HER2ST::A	manual_truth_controlled	forward	HER2ST_A1_CONTROLLED	row_softmax	0.25		her2_oracle	coordinate_response	True	1	0.0009840999991865829	R	I_SPATIAL	0.00125
HER2ST_manual_controlled	HER2ST_A1_CONTROLLED	within_section_controlled_combined	HER2ST::A	manual_truth_controlled	forward	HER2ST_A1_CONTROLLED	row_softmax	0.25		her2_oracle	coordinate_response	True	1	0.0015885000029811636	R	I_SPATIAL	0.000625
HER2ST_manual_controlled	HER2ST_A1_CONTROLLED	within_section_controlled_combined	HER2ST::A	manual_truth_controlled	forward	HER2ST_A1_CONTROLLED	row_softmax	0.25		her2_oracle	coordinate_response	True	1	0.0009658999915700406	R	I_SPATIAL	0.01
HER2ST_manual_controlled	HER2ST_A1_CONTROLLED	within_section_controlled_combined	HER2ST::A	manual_truth_controlled	forward	HER2ST_A1_CONTROLLED	row_softmax	0.25		her2_oracle	coordinate_response	True	1	0.0009798999963095412	R	I_SPATIAL	1.0
HER2ST_manual_controlled	HER2ST_A1_CONTROLLED	within_section_controlled_combined	HER2ST::A	manual_truth_controlled	forward	HER2ST_A1_CONTROLLED	row_softmax	0.25		her2_oracle	coordinate_response	True	1	0.0012150000111432746	N	I_SPATIAL	0.00125
HER2ST_manual_controlled	HER2ST_A1_CONTROLLED	within_section_controlled_combined	HER2ST::A	manual_truth_controlled	forward	HER2ST_A1_CONTROLLED	row_softmax	0.25		her2_oracle	coordinate_response	True	1	0.0010331000084988773	N	I_SPATIAL	0.000625
HER2ST_manual_controlled	HER2ST_A1_CONTROLLED	within_section_controlled_combined	HER2ST::A	manual_truth_controlled	forward	HER2ST_A1_CONTROLLED	row_softmax	0.25		her2_oracle	coordinate_response	True	1	0.0010172000038437545	N	I_SPATIAL	0.01
HER2ST_manual_controlled	HER2ST_A1_CONTROLLED	within_section_controlled_combined	HER2ST::A	manual_truth_controlled	forward	HER2ST_A1_CONTROLLED	row_softmax	0.25		her2_oracle	coordinate_response	True	1	0.0010192999907303602	N	I_SPATIAL	1.0
HER2ST_manual_controlled	HER2ST_A1_CONTROLLED	within_section_controlled_combined	HER2ST::A	manual_truth_controlled	reverse	HER2ST_A1_CONTROLLED__reverse	balanced_ot	0.25		baseline	base	True	200	0.20995930000208318			
HER2ST_manual_controlled	HER2ST_A1_CONTROLLED	within_section_controlled_combined	HER2ST::A	manual_truth_controlled	reverse	HER2ST_A1_CONTROLLED__reverse	balanced_ot	0.25		label_free_rigid	base	True	200	0.2026000999903772			
HER2ST_manual_controlled	HER2ST_A1_CONTROLLED	within_section_controlled_combined	HER2ST::A	manual_truth_controlled	reverse	HER2ST_A1_CONTROLLED__reverse	balanced_ot	0.25		label_free_rigid	coordinate_response	True	200	0.3923629999917466	R	I_SPATIAL	0.00125
HER2ST_manual_controlled	HER2ST_A1_CONTROLLED	within_section_controlled_combined	HER2ST::A	manual_truth_controlled	reverse	HER2ST_A1_CONTROLLED__reverse	balanced_ot	0.25		label_free_rigid	coordinate_response	True	200	0.20028970000566915	R	I_SPATIAL	0.000625
HER2ST_manual_controlled	HER2ST_A1_CONTROLLED	within_section_controlled_combined	HER2ST::A	manual_truth_controlled	reverse	HER2ST_A1_CONTROLLED__reverse	balanced_ot	0.25		label_free_rigid	coordinate_response	True	200	0.36482869999599643	R	I_SPATIAL	0.01
HER2ST_manual_controlled	HER2ST_A1_CONTROLLED	within_section_controlled_combined	HER2ST::A	manual_truth_controlled	reverse	HER2ST_A1_CONTROLLED__reverse	balanced_ot	0.25		label_free_rigid	coordinate_response	True	200	0.41342169999552425	R	I_SPATIAL	1.0
HER2ST_manual_controlled	HER2ST_A1_CONTROLLED	within_section_controlled_combined	HER2ST::A	manual_truth_controlled	reverse	HER2ST_A1_CONTROLLED__reverse	balanced_ot	0.25		label_free_rigid	coordinate_response	True	200	0.2539401999965776	N	I_SPATIAL	0.00125
HER2ST_manual_controlled	HER2ST_A1_CONTROLLED	within_section_controlled_combined	HER2ST::A	manual_truth_controlled	reverse	HER2ST_A1_CONTROLLED__reverse	balanced_ot	0.25		label_free_rigid	coordinate_response	True	200	0.3994136000110302	N	I_SPATIAL	0.000625
HER2ST_manual_controlled	HER2ST_A1_CONTROLLED	within_section_controlled_combined	HER2ST::A	manual_truth_controlled	reverse	HER2ST_A1_CONTROLLED__reverse	balanced_ot	0.25		label_free_rigid	coordinate_response	True	200	0.21087819999956992	N	I_SPATIAL	0.01
HER2ST_manual_controlled	HER2ST_A1_CONTROLLED	within_section_controlled_combined	HER2ST::A	manual_truth_controlled	reverse	HER2ST_A1_CONTROLLED__reverse	balanced_ot	0.25		label_free_rigid	coordinate_response	True	200	0.3903520000021672	N	I_SPATIAL	1.0
HER2ST_manual_controlled	HER2ST_A1_CONTROLLED	within_section_controlled_combined	HER2ST::A	manual_truth_controlled	reverse	HER2ST_A1_CONTROLLED__reverse	balanced_ot	0.25		her2_oracle	base	True	200	0.21609329999773763			
HER2ST_manual_controlled	HER2ST_A1_CONTROLLED	within_section_controlled_combined	HER2ST::A	manual_truth_controlled	reverse	HER2ST_A1_CONTROLLED__reverse	balanced_ot	0.25		her2_oracle	coordinate_response	True	200	0.21088589999999385	R	I_SPATIAL	0.00125
HER2ST_manual_controlled	HER2ST_A1_CONTROLLED	within_section_controlled_combined	HER2ST::A	manual_truth_controlled	reverse	HER2ST_A1_CONTROLLED__reverse	balanced_ot	0.25		her2_oracle	coordinate_response	True	200	0.3723159999935888	R	I_SPATIAL	0.000625
HER2ST_manual_controlled	HER2ST_A1_CONTROLLED	within_section_controlled_combined	HER2ST::A	manual_truth_controlled	reverse	HER2ST_A1_CONTROLLED__reverse	balanced_ot	0.25		her2_oracle	coordinate_response	True	200	0.3695060000027297	R	I_SPATIAL	0.01
HER2ST_manual_controlled	HER2ST_A1_CONTROLLED	within_section_controlled_combined	HER2ST::A	manual_truth_controlled	reverse	HER2ST_A1_CONTROLLED__reverse	balanced_ot	0.25		her2_oracle	coordinate_response	True	200	0.4047458999993978	R	I_SPATIAL	1.0
HER2ST_manual_controlled	HER2ST_A1_CONTROLLED	within_section_controlled_combined	HER2ST::A	manual_truth_controlled	reverse	HER2ST_A1_CONTROLLED__reverse	balanced_ot	0.25		her2_oracle	coordinate_response	True	200	0.20299759999033995	N	I_SPATIAL	0.00125
HER2ST_manual_controlled	HER2ST_A1_CONTROLLED	within_section_controlled_combined	HER2ST::A	manual_truth_controlled	reverse	HER2ST_A1_CONTROLLED__reverse	balanced_ot	0.25		her2_oracle	coordinate_response	True	200	0.20776039999327622	N	I_SPATIAL	0.000625
HER2ST_manual_controlled	HER2ST_A1_CONTROLLED	within_section_controlled_combined	HER2ST::A	manual_truth_controlled	reverse	HER2ST_A1_CONTROLLED__reverse	balanced_ot	0.25		her2_oracle	coordinate_response	True	200	0.19587250000040513	N	I_SPATIAL	0.01
HER2ST_manual_controlled	HER2ST_A1_CONTROLLED	within_section_controlled_combined	HER2ST::A	manual_truth_controlled	reverse	HER2ST_A1_CONTROLLED__reverse	balanced_ot	0.25		her2_oracle	coordinate_response	True	200	0.3719984000053955	N	I_SPATIAL	1.0
HER2ST_manual_controlled	HER2ST_A1_CONTROLLED	within_section_controlled_combined	HER2ST::A	manual_truth_controlled	reverse	HER2ST_A1_CONTROLLED__reverse	uot	0.25	2.0	baseline	base	True	80	0.07936979999067262			
HER2ST_manual_controlled	HER2ST_A1_CONTROLLED	within_section_controlled_combined	HER2ST::A	manual_truth_controlled	reverse	HER2ST_A1_CONTROLLED__reverse	uot	0.25	2.0	label_free_rigid	base	True	80	0.07539109999197535			
HER2ST_manual_controlled	HER2ST_A1_CONTROLLED	within_section_controlled_combined	HER2ST::A	manual_truth_controlled	reverse	HER2ST_A1_CONTROLLED__reverse	uot	0.25	2.0	label_free_rigid	coordinate_response	True	80	0.09556640000664629	R	I_SPATIAL	0.00125
HER2ST_manual_controlled	HER2ST_A1_CONTROLLED	within_section_controlled_combined	HER2ST::A	manual_truth_controlled	reverse	HER2ST_A1_CONTROLLED__reverse	uot	0.25	2.0	label_free_rigid	coordinate_response	True	80	0.09344450000207871	R	I_SPATIAL	0.000625
HER2ST_manual_controlled	HER2ST_A1_CONTROLLED	within_section_controlled_combined	HER2ST::A	manual_truth_controlled	reverse	HER2ST_A1_CONTROLLED__reverse	uot	0.25	2.0	label_free_rigid	coordinate_response	True	80	0.07627259999571834	R	I_SPATIAL	0.01
HER2ST_manual_controlled	HER2ST_A1_CONTROLLED	within_section_controlled_combined	HER2ST::A	manual_truth_controlled	reverse	HER2ST_A1_CONTROLLED__reverse	uot	0.25	2.0	label_free_rigid	coordinate_response	True	80	0.14476379999541678	R	I_SPATIAL	1.0
HER2ST_manual_controlled	HER2ST_A1_CONTROLLED	within_section_controlled_combined	HER2ST::A	manual_truth_controlled	reverse	HER2ST_A1_CONTROLLED__reverse	uot	0.25	2.0	label_free_rigid	coordinate_response	True	80	0.07478039999841712	N	I_SPATIAL	0.00125
HER2ST_manual_controlled	HER2ST_A1_CONTROLLED	within_section_controlled_combined	HER2ST::A	manual_truth_controlled	reverse	HER2ST_A1_CONTROLLED__reverse	uot	0.25	2.0	label_free_rigid	coordinate_response	True	80	0.14722689999325667	N	I_SPATIAL	0.000625
HER2ST_manual_controlled	HER2ST_A1_CONTROLLED	within_section_controlled_combined	HER2ST::A	manual_truth_controlled	reverse	HER2ST_A1_CONTROLLED__reverse	uot	0.25	2.0	label_free_rigid	coordinate_response	True	80	0.08175939999637194	N	I_SPATIAL	0.01
HER2ST_manual_controlled	HER2ST_A1_CONTROLLED	within_section_controlled_combined	HER2ST::A	manual_truth_controlled	reverse	HER2ST_A1_CONTROLLED__reverse	uot	0.25	2.0	label_free_rigid	coordinate_response	True	80	0.14008080000348855	N	I_SPATIAL	1.0
spatialDLPFC	SDLPFC_Br8667_ANT_MID	within_donor_adjacent_position	spatialDLPFC::Br8667	primary_expansion	reverse	SDLPFC_Br8667_ANT_MID__reverse	balanced_ot	0.25		label_free_rigid	base	True	200	8.394453500004602			
spatialDLPFC	SDLPFC_Br8667_ANT_MID	within_donor_adjacent_position	spatialDLPFC::Br8667	primary_expansion	reverse	SDLPFC_Br8667_ANT_MID__reverse	balanced_ot	0.25		label_free_rigid	coordinate_response	True	200	8.303811999998288	R	I_SPATIAL	0.00125
spatialDLPFC	SDLPFC_Br8667_ANT_MID	within_donor_adjacent_position	spatialDLPFC::Br8667	primary_expansion	reverse	SDLPFC_Br8667_ANT_MID__reverse	balanced_ot	0.25		label_free_rigid	coordinate_response	True	200	8.322004499990726	R	I_SPATIAL	0.000625
spatialDLPFC	SDLPFC_Br8667_ANT_MID	within_donor_adjacent_position	spatialDLPFC::Br8667	primary_expansion	reverse	SDLPFC_Br8667_ANT_MID__reverse	balanced_ot	0.25		label_free_rigid	coordinate_response	True	200	8.20229690000997	R	I_SPATIAL	0.01
spatialDLPFC	SDLPFC_Br8667_ANT_MID	within_donor_adjacent_position	spatialDLPFC::Br8667	primary_expansion	reverse	SDLPFC_Br8667_ANT_MID__reverse	balanced_ot	0.25		label_free_rigid	coordinate_response	True	200	8.272555000003194	R	I_SPATIAL	1.0
spatialDLPFC	SDLPFC_Br8667_ANT_MID	within_donor_adjacent_position	spatialDLPFC::Br8667	primary_expansion	reverse	SDLPFC_Br8667_ANT_MID__reverse	balanced_ot	0.25		label_free_rigid	coordinate_response	True	200	8.252100500001688	N	I_SPATIAL	0.00125
spatialDLPFC	SDLPFC_Br8667_ANT_MID	within_donor_adjacent_position	spatialDLPFC::Br8667	primary_expansion	reverse	SDLPFC_Br8667_ANT_MID__reverse	balanced_ot	0.25		label_free_rigid	coordinate_response	True	200	8.216915400000289	N	I_SPATIAL	0.000625
spatialDLPFC	SDLPFC_Br8667_ANT_MID	within_donor_adjacent_position	spatialDLPFC::Br8667	primary_expansion	reverse	SDLPFC_Br8667_ANT_MID__reverse	balanced_ot	0.25		label_free_rigid	coordinate_response	True	200	7.4110111000045436	N	I_SPATIAL	0.01
spatialDLPFC	SDLPFC_Br8667_ANT_MID	within_donor_adjacent_position	spatialDLPFC::Br8667	primary_expansion	reverse	SDLPFC_Br8667_ANT_MID__reverse	balanced_ot	0.25		label_free_rigid	coordinate_response	True	200	7.738550900001428	N	I_SPATIAL	1.0
HER2ST_manual_controlled	HER2ST_A1_CONTROLLED	within_section_controlled_combined	HER2ST::A	manual_truth_controlled	reverse	HER2ST_A1_CONTROLLED__reverse	row_softmax	0.25		baseline	base	True	1	0.0010803999903146178			
HER2ST_manual_controlled	HER2ST_A1_CONTROLLED	within_section_controlled_combined	HER2ST::A	manual_truth_controlled	reverse	HER2ST_A1_CONTROLLED__reverse	row_softmax	0.25		label_free_rigid	base	True	1	0.001016100010019727			
HER2ST_manual_controlled	HER2ST_A1_CONTROLLED	within_section_controlled_combined	HER2ST::A	manual_truth_controlled	reverse	HER2ST_A1_CONTROLLED__reverse	row_softmax	0.25		label_free_rigid	coordinate_response	True	1	0.0011872999893967062	R	I_SPATIAL	0.00125
HER2ST_manual_controlled	HER2ST_A1_CONTROLLED	within_section_controlled_combined	HER2ST::A	manual_truth_controlled	reverse	HER2ST_A1_CONTROLLED__reverse	row_softmax	0.25		label_free_rigid	coordinate_response	True	1	0.0009939000010490417	R	I_SPATIAL	0.000625
HER2ST_manual_controlled	HER2ST_A1_CONTROLLED	within_section_controlled_combined	HER2ST::A	manual_truth_controlled	reverse	HER2ST_A1_CONTROLLED__reverse	row_softmax	0.25		label_free_rigid	coordinate_response	True	1	0.0010235999943688512	R	I_SPATIAL	0.01
HER2ST_manual_controlled	HER2ST_A1_CONTROLLED	within_section_controlled_combined	HER2ST::A	manual_truth_controlled	reverse	HER2ST_A1_CONTROLLED__reverse	row_softmax	0.25		label_free_rigid	coordinate_response	True	1	0.0010009999969042838	R	I_SPATIAL	1.0
HER2ST_manual_controlled	HER2ST_A1_CONTROLLED	within_section_controlled_combined	HER2ST::A	manual_truth_controlled	reverse	HER2ST_A1_CONTROLLED__reverse	row_softmax	0.25		label_free_rigid	coordinate_response	True	1	0.0010125999979209155	N	I_SPATIAL	0.00125
HER2ST_manual_controlled	HER2ST_A1_CONTROLLED	within_section_controlled_combined	HER2ST::A	manual_truth_controlled	reverse	HER2ST_A1_CONTROLLED__reverse	row_softmax	0.25		label_free_rigid	coordinate_response	True	1	0.000992100001894869	N	I_SPATIAL	0.000625
HER2ST_manual_controlled	HER2ST_A1_CONTROLLED	within_section_controlled_combined	HER2ST::A	manual_truth_controlled	reverse	HER2ST_A1_CONTROLLED__reverse	row_softmax	0.25		label_free_rigid	coordinate_response	True	1	0.001043500000378117	N	I_SPATIAL	0.01
HER2ST_manual_controlled	HER2ST_A1_CONTROLLED	within_section_controlled_combined	HER2ST::A	manual_truth_controlled	reverse	HER2ST_A1_CONTROLLED__reverse	row_softmax	0.25		label_free_rigid	coordinate_response	True	1	0.0008712999988347292	N	I_SPATIAL	1.0
HER2ST_manual_controlled	HER2ST_A1_CONTROLLED	within_section_controlled_combined	HER2ST::A	manual_truth_controlled	reverse	HER2ST_A1_CONTROLLED__reverse	row_softmax	0.25		her2_oracle	base	True	1	0.0022112000006018206			
HER2ST_manual_controlled	HER2ST_A1_CONTROLLED	within_section_controlled_combined	HER2ST::A	manual_truth_controlled	reverse	HER2ST_A1_CONTROLLED__reverse	row_softmax	0.25		her2_oracle	coordinate_response	True	1	0.0017265999922528863	R	I_SPATIAL	0.00125
HER2ST_manual_controlled	HER2ST_A1_CONTROLLED	within_section_controlled_combined	HER2ST::A	manual_truth_controlled	reverse	HER2ST_A1_CONTROLLED__reverse	row_softmax	0.25		her2_oracle	coordinate_response	True	1	0.0016328000056091696	R	I_SPATIAL	0.000625
HER2ST_manual_controlled	HER2ST_A1_CONTROLLED	within_section_controlled_combined	HER2ST::A	manual_truth_controlled	reverse	HER2ST_A1_CONTROLLED__reverse	row_softmax	0.25		her2_oracle	coordinate_response	True	1	0.0016892999992705882	R	I_SPATIAL	0.01
HER2ST_manual_controlled	HER2ST_A1_CONTROLLED	within_section_controlled_combined	HER2ST::A	manual_truth_controlled	reverse	HER2ST_A1_CONTROLLED__reverse	row_softmax	0.25		her2_oracle	coordinate_response	True	1	0.0016703000001143664	R	I_SPATIAL	1.0
HER2ST_manual_controlled	HER2ST_A1_CONTROLLED	within_section_controlled_combined	HER2ST::A	manual_truth_controlled	reverse	HER2ST_A1_CONTROLLED__reverse	row_softmax	0.25		her2_oracle	coordinate_response	True	1	0.0015218000044114888	N	I_SPATIAL	0.00125
HER2ST_manual_controlled	HER2ST_A1_CONTROLLED	within_section_controlled_combined	HER2ST::A	manual_truth_controlled	reverse	HER2ST_A1_CONTROLLED__reverse	row_softmax	0.25		her2_oracle	coordinate_response	True	1	0.0017307000089203939	N	I_SPATIAL	0.000625
HER2ST_manual_controlled	HER2ST_A1_CONTROLLED	within_section_controlled_combined	HER2ST::A	manual_truth_controlled	reverse	HER2ST_A1_CONTROLLED__reverse	row_softmax	0.25		her2_oracle	coordinate_response	True	1	0.001727399998344481	N	I_SPATIAL	0.01
HER2ST_manual_controlled	HER2ST_A1_CONTROLLED	within_section_controlled_combined	HER2ST::A	manual_truth_controlled	reverse	HER2ST_A1_CONTROLLED__reverse	row_softmax	0.25		her2_oracle	coordinate_response	True	1	0.001764000000548549	N	I_SPATIAL	1.0
HER2ST_manual_controlled	HER2ST_B1_CONTROLLED	within_section_controlled_combined	HER2ST::B	manual_truth_controlled	forward	HER2ST_B1_CONTROLLED	balanced_ot	0.25		baseline	base	True	200	0.12420710000151303			
HER2ST_manual_controlled	HER2ST_A1_CONTROLLED	within_section_controlled_combined	HER2ST::A	manual_truth_controlled	reverse	HER2ST_A1_CONTROLLED__reverse	uot	0.25	2.0	her2_oracle	base	True	80	0.08183460000145715			
HER2ST_manual_controlled	HER2ST_A1_CONTROLLED	within_section_controlled_combined	HER2ST::A	manual_truth_controlled	reverse	HER2ST_A1_CONTROLLED__reverse	uot	0.25	2.0	her2_oracle	coordinate_response	True	80	0.08230429999821354	R	I_SPATIAL	0.00125
HER2ST_manual_controlled	HER2ST_A1_CONTROLLED	within_section_controlled_combined	HER2ST::A	manual_truth_controlled	reverse	HER2ST_A1_CONTROLLED__reverse	uot	0.25	2.0	her2_oracle	coordinate_response	True	80	0.08366319999913685	R	I_SPATIAL	0.000625
HER2ST_manual_controlled	HER2ST_A1_CONTROLLED	within_section_controlled_combined	HER2ST::A	manual_truth_controlled	reverse	HER2ST_A1_CONTROLLED__reverse	uot	0.25	2.0	her2_oracle	coordinate_response	True	80	0.08815939999476541	R	I_SPATIAL	0.01
HER2ST_manual_controlled	HER2ST_A1_CONTROLLED	within_section_controlled_combined	HER2ST::A	manual_truth_controlled	reverse	HER2ST_A1_CONTROLLED__reverse	uot	0.25	2.0	her2_oracle	coordinate_response	True	80	0.1469441000081133	R	I_SPATIAL	1.0
HER2ST_manual_controlled	HER2ST_A1_CONTROLLED	within_section_controlled_combined	HER2ST::A	manual_truth_controlled	reverse	HER2ST_A1_CONTROLLED__reverse	uot	0.25	2.0	her2_oracle	coordinate_response	True	80	0.09036360000027344	N	I_SPATIAL	0.00125
HER2ST_manual_controlled	HER2ST_A1_CONTROLLED	within_section_controlled_combined	HER2ST::A	manual_truth_controlled	reverse	HER2ST_A1_CONTROLLED__reverse	uot	0.25	2.0	her2_oracle	coordinate_response	True	80	0.07181100000161678	N	I_SPATIAL	0.000625
HER2ST_manual_controlled	HER2ST_A1_CONTROLLED	within_section_controlled_combined	HER2ST::A	manual_truth_controlled	reverse	HER2ST_A1_CONTROLLED__reverse	uot	0.25	2.0	her2_oracle	coordinate_response	True	80	0.07851530000334606	N	I_SPATIAL	0.01
HER2ST_manual_controlled	HER2ST_A1_CONTROLLED	within_section_controlled_combined	HER2ST::A	manual_truth_controlled	reverse	HER2ST_A1_CONTROLLED__reverse	uot	0.25	2.0	her2_oracle	coordinate_response	True	80	0.07290170001215301	N	I_SPATIAL	1.0
HER2ST_manual_controlled	HER2ST_B1_CONTROLLED	within_section_controlled_combined	HER2ST::B	manual_truth_controlled	forward	HER2ST_B1_CONTROLLED	balanced_ot	0.25		label_free_rigid	base	True	200	0.13617689999227878			
HER2ST_manual_controlled	HER2ST_B1_CONTROLLED	within_section_controlled_combined	HER2ST::B	manual_truth_controlled	forward	HER2ST_B1_CONTROLLED	balanced_ot	0.25		label_free_rigid	coordinate_response	True	200	0.11741539998911321	R	I_SPATIAL	0.00125
HER2ST_manual_controlled	HER2ST_B1_CONTROLLED	within_section_controlled_combined	HER2ST::B	manual_truth_controlled	forward	HER2ST_B1_CONTROLLED	balanced_ot	0.25		label_free_rigid	coordinate_response	True	200	0.12306110000645276	R	I_SPATIAL	0.000625
HER2ST_manual_controlled	HER2ST_B1_CONTROLLED	within_section_controlled_combined	HER2ST::B	manual_truth_controlled	forward	HER2ST_B1_CONTROLLED	balanced_ot	0.25		label_free_rigid	coordinate_response	True	200	0.12193090000073425	R	I_SPATIAL	0.01
HER2ST_manual_controlled	HER2ST_B1_CONTROLLED	within_section_controlled_combined	HER2ST::B	manual_truth_controlled	forward	HER2ST_B1_CONTROLLED	balanced_ot	0.25		label_free_rigid	coordinate_response	True	200	0.13856639999721665	R	I_SPATIAL	1.0
HER2ST_manual_controlled	HER2ST_B1_CONTROLLED	within_section_controlled_combined	HER2ST::B	manual_truth_controlled	forward	HER2ST_B1_CONTROLLED	balanced_ot	0.25		label_free_rigid	coordinate_response	True	200	0.1158962000044994	N	I_SPATIAL	0.00125
HER2ST_manual_controlled	HER2ST_B1_CONTROLLED	within_section_controlled_combined	HER2ST::B	manual_truth_controlled	forward	HER2ST_B1_CONTROLLED	balanced_ot	0.25		label_free_rigid	coordinate_response	True	200	0.11621659999946132	N	I_SPATIAL	0.000625
HER2ST_manual_controlled	HER2ST_B1_CONTROLLED	within_section_controlled_combined	HER2ST::B	manual_truth_controlled	forward	HER2ST_B1_CONTROLLED	balanced_ot	0.25		label_free_rigid	coordinate_response	True	200	0.11920309999550227	N	I_SPATIAL	0.01
HER2ST_manual_controlled	HER2ST_B1_CONTROLLED	within_section_controlled_combined	HER2ST::B	manual_truth_controlled	forward	HER2ST_B1_CONTROLLED	balanced_ot	0.25		label_free_rigid	coordinate_response	True	200	0.11597539999638684	N	I_SPATIAL	1.0
HER2ST_manual_controlled	HER2ST_B1_CONTROLLED	within_section_controlled_combined	HER2ST::B	manual_truth_controlled	forward	HER2ST_B1_CONTROLLED	balanced_ot	0.25		her2_oracle	base	True	200	0.1219961000024341			
HER2ST_manual_controlled	HER2ST_B1_CONTROLLED	within_section_controlled_combined	HER2ST::B	manual_truth_controlled	forward	HER2ST_B1_CONTROLLED	balanced_ot	0.25		her2_oracle	coordinate_response	True	200	0.12242470000637695	R	I_SPATIAL	0.00125
HER2ST_manual_controlled	HER2ST_B1_CONTROLLED	within_section_controlled_combined	HER2ST::B	manual_truth_controlled	forward	HER2ST_B1_CONTROLLED	balanced_ot	0.25		her2_oracle	coordinate_response	True	200	0.11771560000488535	R	I_SPATIAL	0.000625
HER2ST_manual_controlled	HER2ST_B1_CONTROLLED	within_section_controlled_combined	HER2ST::B	manual_truth_controlled	forward	HER2ST_B1_CONTROLLED	balanced_ot	0.25		her2_oracle	coordinate_response	True	200	0.1324151000007987	R	I_SPATIAL	0.01
HER2ST_manual_controlled	HER2ST_B1_CONTROLLED	within_section_controlled_combined	HER2ST::B	manual_truth_controlled	forward	HER2ST_B1_CONTROLLED	balanced_ot	0.25		her2_oracle	coordinate_response	True	200	0.13203690000227652	R	I_SPATIAL	1.0
HER2ST_manual_controlled	HER2ST_B1_CONTROLLED	within_section_controlled_combined	HER2ST::B	manual_truth_controlled	forward	HER2ST_B1_CONTROLLED	balanced_ot	0.25		her2_oracle	coordinate_response	True	200	0.11539340000308584	N	I_SPATIAL	0.00125
HER2ST_manual_controlled	HER2ST_B1_CONTROLLED	within_section_controlled_combined	HER2ST::B	manual_truth_controlled	forward	HER2ST_B1_CONTROLLED	balanced_ot	0.25		her2_oracle	coordinate_response	True	200	0.11571850000473205	N	I_SPATIAL	0.000625
HER2ST_manual_controlled	HER2ST_B1_CONTROLLED	within_section_controlled_combined	HER2ST::B	manual_truth_controlled	forward	HER2ST_B1_CONTROLLED	balanced_ot	0.25		her2_oracle	coordinate_response	True	200	0.11555370000132825	N	I_SPATIAL	0.01
HER2ST_manual_controlled	HER2ST_B1_CONTROLLED	within_section_controlled_combined	HER2ST::B	manual_truth_controlled	forward	HER2ST_B1_CONTROLLED	balanced_ot	0.25		her2_oracle	coordinate_response	True	200	0.11820680000528228	N	I_SPATIAL	1.0
HER2ST_manual_controlled	HER2ST_B1_CONTROLLED	within_section_controlled_combined	HER2ST::B	manual_truth_controlled	forward	HER2ST_B1_CONTROLLED	uot	0.25	2.0	baseline	base	True	80	0.04753039999923203			
HER2ST_manual_controlled	HER2ST_B1_CONTROLLED	within_section_controlled_combined	HER2ST::B	manual_truth_controlled	forward	HER2ST_B1_CONTROLLED	uot	0.25	2.0	label_free_rigid	base	True	80	0.04929780001111794			
HER2ST_manual_controlled	HER2ST_B1_CONTROLLED	within_section_controlled_combined	HER2ST::B	manual_truth_controlled	forward	HER2ST_B1_CONTROLLED	uot	0.25	2.0	label_free_rigid	coordinate_response	True	80	0.04685639998933766	R	I_SPATIAL	0.00125
HER2ST_manual_controlled	HER2ST_B1_CONTROLLED	within_section_controlled_combined	HER2ST::B	manual_truth_controlled	forward	HER2ST_B1_CONTROLLED	uot	0.25	2.0	label_free_rigid	coordinate_response	True	80	0.047497999999905005	R	I_SPATIAL	0.000625
HER2ST_manual_controlled	HER2ST_B1_CONTROLLED	within_section_controlled_combined	HER2ST::B	manual_truth_controlled	forward	HER2ST_B1_CONTROLLED	uot	0.25	2.0	label_free_rigid	coordinate_response	True	80	0.04673729999922216	R	I_SPATIAL	0.01
HER2ST_manual_controlled	HER2ST_B1_CONTROLLED	within_section_controlled_combined	HER2ST::B	manual_truth_controlled	forward	HER2ST_B1_CONTROLLED	uot	0.25	2.0	label_free_rigid	coordinate_response	True	80	0.047172700011287816	R	I_SPATIAL	1.0
HER2ST_manual_controlled	HER2ST_B1_CONTROLLED	within_section_controlled_combined	HER2ST::B	manual_truth_controlled	forward	HER2ST_B1_CONTROLLED	uot	0.25	2.0	label_free_rigid	coordinate_response	True	80	0.04691340000135824	N	I_SPATIAL	0.00125
HER2ST_manual_controlled	HER2ST_B1_CONTROLLED	within_section_controlled_combined	HER2ST::B	manual_truth_controlled	forward	HER2ST_B1_CONTROLLED	uot	0.25	2.0	label_free_rigid	coordinate_response	True	80	0.05384129998856224	N	I_SPATIAL	0.000625
HER2ST_manual_controlled	HER2ST_B1_CONTROLLED	within_section_controlled_combined	HER2ST::B	manual_truth_controlled	forward	HER2ST_B1_CONTROLLED	uot	0.25	2.0	label_free_rigid	coordinate_response	True	80	0.04694970000127796	N	I_SPATIAL	0.01
HER2ST_manual_controlled	HER2ST_B1_CONTROLLED	within_section_controlled_combined	HER2ST::B	manual_truth_controlled	forward	HER2ST_B1_CONTROLLED	uot	0.25	2.0	label_free_rigid	coordinate_response	True	80	0.0467242000013357	N	I_SPATIAL	1.0
HER2ST_manual_controlled	HER2ST_B1_CONTROLLED	within_section_controlled_combined	HER2ST::B	manual_truth_controlled	forward	HER2ST_B1_CONTROLLED	uot	0.25	2.0	her2_oracle	base	True	80	0.04884060000767931			
HER2ST_manual_controlled	HER2ST_B1_CONTROLLED	within_section_controlled_combined	HER2ST::B	manual_truth_controlled	forward	HER2ST_B1_CONTROLLED	uot	0.25	2.0	her2_oracle	coordinate_response	True	80	0.04737280000699684	R	I_SPATIAL	0.00125
HER2ST_manual_controlled	HER2ST_B1_CONTROLLED	within_section_controlled_combined	HER2ST::B	manual_truth_controlled	forward	HER2ST_B1_CONTROLLED	uot	0.25	2.0	her2_oracle	coordinate_response	True	80	0.046298599991132505	R	I_SPATIAL	0.000625
HER2ST_manual_controlled	HER2ST_B1_CONTROLLED	within_section_controlled_combined	HER2ST::B	manual_truth_controlled	forward	HER2ST_B1_CONTROLLED	uot	0.25	2.0	her2_oracle	coordinate_response	True	80	0.047631299996282905	R	I_SPATIAL	0.01
HER2ST_manual_controlled	HER2ST_B1_CONTROLLED	within_section_controlled_combined	HER2ST::B	manual_truth_controlled	forward	HER2ST_B1_CONTROLLED	uot	0.25	2.0	her2_oracle	coordinate_response	True	80	0.0480398000072455	R	I_SPATIAL	1.0
HER2ST_manual_controlled	HER2ST_B1_CONTROLLED	within_section_controlled_combined	HER2ST::B	manual_truth_controlled	forward	HER2ST_B1_CONTROLLED	uot	0.25	2.0	her2_oracle	coordinate_response	True	80	0.046852200001012534	N	I_SPATIAL	0.00125
HER2ST_manual_controlled	HER2ST_B1_CONTROLLED	within_section_controlled_combined	HER2ST::B	manual_truth_controlled	forward	HER2ST_B1_CONTROLLED	uot	0.25	2.0	her2_oracle	coordinate_response	True	80	0.04727870000351686	N	I_SPATIAL	0.000625
HER2ST_manual_controlled	HER2ST_B1_CONTROLLED	within_section_controlled_combined	HER2ST::B	manual_truth_controlled	forward	HER2ST_B1_CONTROLLED	uot	0.25	2.0	her2_oracle	coordinate_response	True	80	0.047187700009089895	N	I_SPATIAL	0.01
HER2ST_manual_controlled	HER2ST_B1_CONTROLLED	within_section_controlled_combined	HER2ST::B	manual_truth_controlled	forward	HER2ST_B1_CONTROLLED	uot	0.25	2.0	her2_oracle	coordinate_response	True	80	0.05339359999925364	N	I_SPATIAL	1.0
HER2ST_manual_controlled	HER2ST_B1_CONTROLLED	within_section_controlled_combined	HER2ST::B	manual_truth_controlled	forward	HER2ST_B1_CONTROLLED	row_softmax	0.25		baseline	base	True	1	0.0007077999907778576			
HER2ST_manual_controlled	HER2ST_B1_CONTROLLED	within_section_controlled_combined	HER2ST::B	manual_truth_controlled	forward	HER2ST_B1_CONTROLLED	row_softmax	0.25		label_free_rigid	base	True	1	0.0005607999919448048			
HER2ST_manual_controlled	HER2ST_B1_CONTROLLED	within_section_controlled_combined	HER2ST::B	manual_truth_controlled	forward	HER2ST_B1_CONTROLLED	row_softmax	0.25		label_free_rigid	coordinate_response	True	1	0.0005721000052290037	R	I_SPATIAL	0.00125
HER2ST_manual_controlled	HER2ST_B1_CONTROLLED	within_section_controlled_combined	HER2ST::B	manual_truth_controlled	forward	HER2ST_B1_CONTROLLED	row_softmax	0.25		label_free_rigid	coordinate_response	True	1	0.0006389000045601279	R	I_SPATIAL	0.000625
HER2ST_manual_controlled	HER2ST_B1_CONTROLLED	within_section_controlled_combined	HER2ST::B	manual_truth_controlled	forward	HER2ST_B1_CONTROLLED	row_softmax	0.25		label_free_rigid	coordinate_response	True	1	0.0006276000058278441	R	I_SPATIAL	0.01
HER2ST_manual_controlled	HER2ST_B1_CONTROLLED	within_section_controlled_combined	HER2ST::B	manual_truth_controlled	forward	HER2ST_B1_CONTROLLED	row_softmax	0.25		label_free_rigid	coordinate_response	True	1	0.0005325999954948202	R	I_SPATIAL	1.0
HER2ST_manual_controlled	HER2ST_B1_CONTROLLED	within_section_controlled_combined	HER2ST::B	manual_truth_controlled	forward	HER2ST_B1_CONTROLLED	row_softmax	0.25		label_free_rigid	coordinate_response	True	1	0.00063189999491442	N	I_SPATIAL	0.00125
HER2ST_manual_controlled	HER2ST_B1_CONTROLLED	within_section_controlled_combined	HER2ST::B	manual_truth_controlled	forward	HER2ST_B1_CONTROLLED	row_softmax	0.25		label_free_rigid	coordinate_response	True	1	0.0006234000029508024	N	I_SPATIAL	0.000625
HER2ST_manual_controlled	HER2ST_B1_CONTROLLED	within_section_controlled_combined	HER2ST::B	manual_truth_controlled	forward	HER2ST_B1_CONTROLLED	row_softmax	0.25		label_free_rigid	coordinate_response	True	1	0.0006346000009216368	N	I_SPATIAL	0.01
HER2ST_manual_controlled	HER2ST_B1_CONTROLLED	within_section_controlled_combined	HER2ST::B	manual_truth_controlled	forward	HER2ST_B1_CONTROLLED	row_softmax	0.25		label_free_rigid	coordinate_response	True	1	0.0005401999951573089	N	I_SPATIAL	1.0
HER2ST_manual_controlled	HER2ST_B1_CONTROLLED	within_section_controlled_combined	HER2ST::B	manual_truth_controlled	forward	HER2ST_B1_CONTROLLED	row_softmax	0.25		her2_oracle	base	True	1	0.0006679999933112413			
HER2ST_manual_controlled	HER2ST_B1_CONTROLLED	within_section_controlled_combined	HER2ST::B	manual_truth_controlled	forward	HER2ST_B1_CONTROLLED	row_softmax	0.25		her2_oracle	coordinate_response	True	1	0.0005597999988822266	R	I_SPATIAL	0.00125
HER2ST_manual_controlled	HER2ST_B1_CONTROLLED	within_section_controlled_combined	HER2ST::B	manual_truth_controlled	forward	HER2ST_B1_CONTROLLED	row_softmax	0.25		her2_oracle	coordinate_response	True	1	0.0006335000070976093	R	I_SPATIAL	0.000625
HER2ST_manual_controlled	HER2ST_B1_CONTROLLED	within_section_controlled_combined	HER2ST::B	manual_truth_controlled	forward	HER2ST_B1_CONTROLLED	row_softmax	0.25		her2_oracle	coordinate_response	True	1	0.000628499998128973	R	I_SPATIAL	0.01
HER2ST_manual_controlled	HER2ST_B1_CONTROLLED	within_section_controlled_combined	HER2ST::B	manual_truth_controlled	forward	HER2ST_B1_CONTROLLED	row_softmax	0.25		her2_oracle	coordinate_response	True	1	0.0005576999974437058	R	I_SPATIAL	1.0
HER2ST_manual_controlled	HER2ST_B1_CONTROLLED	within_section_controlled_combined	HER2ST::B	manual_truth_controlled	forward	HER2ST_B1_CONTROLLED	row_softmax	0.25		her2_oracle	coordinate_response	True	1	0.0005591000081039965	N	I_SPATIAL	0.00125
HER2ST_manual_controlled	HER2ST_B1_CONTROLLED	within_section_controlled_combined	HER2ST::B	manual_truth_controlled	forward	HER2ST_B1_CONTROLLED	row_softmax	0.25		her2_oracle	coordinate_response	True	1	0.0008237000001827255	N	I_SPATIAL	0.000625
HER2ST_manual_controlled	HER2ST_B1_CONTROLLED	within_section_controlled_combined	HER2ST::B	manual_truth_controlled	forward	HER2ST_B1_CONTROLLED	row_softmax	0.25		her2_oracle	coordinate_response	True	1	0.000898300000699237	N	I_SPATIAL	0.01
HER2ST_manual_controlled	HER2ST_B1_CONTROLLED	within_section_controlled_combined	HER2ST::B	manual_truth_controlled	forward	HER2ST_B1_CONTROLLED	row_softmax	0.25		her2_oracle	coordinate_response	True	1	0.00090970000019297	N	I_SPATIAL	1.0
HER2ST_manual_controlled	HER2ST_B1_CONTROLLED	within_section_controlled_combined	HER2ST::B	manual_truth_controlled	reverse	HER2ST_B1_CONTROLLED__reverse	balanced_ot	0.25		baseline	base	True	200	0.1280277999903774			
HER2ST_manual_controlled	HER2ST_B1_CONTROLLED	within_section_controlled_combined	HER2ST::B	manual_truth_controlled	reverse	HER2ST_B1_CONTROLLED__reverse	balanced_ot	0.25		label_free_rigid	base	True	200	0.11630549999244977			
HER2ST_manual_controlled	HER2ST_B1_CONTROLLED	within_section_controlled_combined	HER2ST::B	manual_truth_controlled	reverse	HER2ST_B1_CONTROLLED__reverse	balanced_ot	0.25		label_free_rigid	coordinate_response	True	200	0.12386330000299495	R	I_SPATIAL	0.00125
HER2ST_manual_controlled	HER2ST_B1_CONTROLLED	within_section_controlled_combined	HER2ST::B	manual_truth_controlled	reverse	HER2ST_B1_CONTROLLED__reverse	balanced_ot	0.25		label_free_rigid	coordinate_response	True	200	0.11517990000720602	R	I_SPATIAL	0.000625
HER2ST_manual_controlled	HER2ST_B1_CONTROLLED	within_section_controlled_combined	HER2ST::B	manual_truth_controlled	reverse	HER2ST_B1_CONTROLLED__reverse	balanced_ot	0.25		label_free_rigid	coordinate_response	True	200	0.12174960000265855	R	I_SPATIAL	0.01
HER2ST_manual_controlled	HER2ST_B1_CONTROLLED	within_section_controlled_combined	HER2ST::B	manual_truth_controlled	reverse	HER2ST_B1_CONTROLLED__reverse	balanced_ot	0.25		label_free_rigid	coordinate_response	True	200	0.1172902999969665	R	I_SPATIAL	1.0
HER2ST_manual_controlled	HER2ST_B1_CONTROLLED	within_section_controlled_combined	HER2ST::B	manual_truth_controlled	reverse	HER2ST_B1_CONTROLLED__reverse	balanced_ot	0.25		label_free_rigid	coordinate_response	True	200	0.11639589999685995	N	I_SPATIAL	0.00125
HER2ST_manual_controlled	HER2ST_B1_CONTROLLED	within_section_controlled_combined	HER2ST::B	manual_truth_controlled	reverse	HER2ST_B1_CONTROLLED__reverse	balanced_ot	0.25		label_free_rigid	coordinate_response	True	200	0.11542690001078881	N	I_SPATIAL	0.000625
HER2ST_manual_controlled	HER2ST_B1_CONTROLLED	within_section_controlled_combined	HER2ST::B	manual_truth_controlled	reverse	HER2ST_B1_CONTROLLED__reverse	balanced_ot	0.25		label_free_rigid	coordinate_response	True	200	0.12862150000000838	N	I_SPATIAL	0.01
HER2ST_manual_controlled	HER2ST_B1_CONTROLLED	within_section_controlled_combined	HER2ST::B	manual_truth_controlled	reverse	HER2ST_B1_CONTROLLED__reverse	balanced_ot	0.25		label_free_rigid	coordinate_response	True	200	0.13592919999791775	N	I_SPATIAL	1.0
HER2ST_manual_controlled	HER2ST_B1_CONTROLLED	within_section_controlled_combined	HER2ST::B	manual_truth_controlled	reverse	HER2ST_B1_CONTROLLED__reverse	uot	0.25	2.0	baseline	base	True	80	0.04730140000174288			
HER2ST_manual_controlled	HER2ST_B1_CONTROLLED	within_section_controlled_combined	HER2ST::B	manual_truth_controlled	reverse	HER2ST_B1_CONTROLLED__reverse	balanced_ot	0.25		her2_oracle	base	True	200	0.11499149999872316			
HER2ST_manual_controlled	HER2ST_B1_CONTROLLED	within_section_controlled_combined	HER2ST::B	manual_truth_controlled	reverse	HER2ST_B1_CONTROLLED__reverse	balanced_ot	0.25		her2_oracle	coordinate_response	True	200	0.11705610000353772	R	I_SPATIAL	0.00125
HER2ST_manual_controlled	HER2ST_B1_CONTROLLED	within_section_controlled_combined	HER2ST::B	manual_truth_controlled	reverse	HER2ST_B1_CONTROLLED__reverse	balanced_ot	0.25		her2_oracle	coordinate_response	True	200	0.11623289999261033	R	I_SPATIAL	0.000625
HER2ST_manual_controlled	HER2ST_B1_CONTROLLED	within_section_controlled_combined	HER2ST::B	manual_truth_controlled	reverse	HER2ST_B1_CONTROLLED__reverse	balanced_ot	0.25		her2_oracle	coordinate_response	True	200	0.12256479999632575	R	I_SPATIAL	0.01
HER2ST_manual_controlled	HER2ST_B1_CONTROLLED	within_section_controlled_combined	HER2ST::B	manual_truth_controlled	reverse	HER2ST_B1_CONTROLLED__reverse	balanced_ot	0.25		her2_oracle	coordinate_response	True	200	0.12173810000240337	R	I_SPATIAL	1.0
HER2ST_manual_controlled	HER2ST_B1_CONTROLLED	within_section_controlled_combined	HER2ST::B	manual_truth_controlled	reverse	HER2ST_B1_CONTROLLED__reverse	balanced_ot	0.25		her2_oracle	coordinate_response	True	200	0.12808310000400525	N	I_SPATIAL	0.00125
HER2ST_manual_controlled	HER2ST_B1_CONTROLLED	within_section_controlled_combined	HER2ST::B	manual_truth_controlled	reverse	HER2ST_B1_CONTROLLED__reverse	balanced_ot	0.25		her2_oracle	coordinate_response	True	200	0.127921300008893	N	I_SPATIAL	0.000625
HER2ST_manual_controlled	HER2ST_B1_CONTROLLED	within_section_controlled_combined	HER2ST::B	manual_truth_controlled	reverse	HER2ST_B1_CONTROLLED__reverse	balanced_ot	0.25		her2_oracle	coordinate_response	True	200	0.12397210000199266	N	I_SPATIAL	0.01
HER2ST_manual_controlled	HER2ST_B1_CONTROLLED	within_section_controlled_combined	HER2ST::B	manual_truth_controlled	reverse	HER2ST_B1_CONTROLLED__reverse	balanced_ot	0.25		her2_oracle	coordinate_response	True	200	0.11528159999579657	N	I_SPATIAL	1.0
HER2ST_manual_controlled	HER2ST_B1_CONTROLLED	within_section_controlled_combined	HER2ST::B	manual_truth_controlled	reverse	HER2ST_B1_CONTROLLED__reverse	uot	0.25	2.0	label_free_rigid	base	True	80	0.046837200003210455			
HER2ST_manual_controlled	HER2ST_B1_CONTROLLED	within_section_controlled_combined	HER2ST::B	manual_truth_controlled	reverse	HER2ST_B1_CONTROLLED__reverse	uot	0.25	2.0	label_free_rigid	coordinate_response	True	80	0.04678649999550544	R	I_SPATIAL	0.00125
HER2ST_manual_controlled	HER2ST_B1_CONTROLLED	within_section_controlled_combined	HER2ST::B	manual_truth_controlled	reverse	HER2ST_B1_CONTROLLED__reverse	uot	0.25	2.0	label_free_rigid	coordinate_response	True	80	0.04663730000902433	R	I_SPATIAL	0.000625
HER2ST_manual_controlled	HER2ST_B1_CONTROLLED	within_section_controlled_combined	HER2ST::B	manual_truth_controlled	reverse	HER2ST_B1_CONTROLLED__reverse	uot	0.25	2.0	label_free_rigid	coordinate_response	True	80	0.047147799996309914	R	I_SPATIAL	0.01
HER2ST_manual_controlled	HER2ST_B1_CONTROLLED	within_section_controlled_combined	HER2ST::B	manual_truth_controlled	reverse	HER2ST_B1_CONTROLLED__reverse	uot	0.25	2.0	label_free_rigid	coordinate_response	True	80	0.0466424000042025	R	I_SPATIAL	1.0
HER2ST_manual_controlled	HER2ST_B1_CONTROLLED	within_section_controlled_combined	HER2ST::B	manual_truth_controlled	reverse	HER2ST_B1_CONTROLLED__reverse	uot	0.25	2.0	label_free_rigid	coordinate_response	True	80	0.04625050000322517	N	I_SPATIAL	0.00125
HER2ST_manual_controlled	HER2ST_B1_CONTROLLED	within_section_controlled_combined	HER2ST::B	manual_truth_controlled	reverse	HER2ST_B1_CONTROLLED__reverse	uot	0.25	2.0	label_free_rigid	coordinate_response	True	80	0.05317450000438839	N	I_SPATIAL	0.000625
HER2ST_manual_controlled	HER2ST_B1_CONTROLLED	within_section_controlled_combined	HER2ST::B	manual_truth_controlled	reverse	HER2ST_B1_CONTROLLED__reverse	uot	0.25	2.0	label_free_rigid	coordinate_response	True	80	0.047096700000111014	N	I_SPATIAL	0.01
HER2ST_manual_controlled	HER2ST_B1_CONTROLLED	within_section_controlled_combined	HER2ST::B	manual_truth_controlled	reverse	HER2ST_B1_CONTROLLED__reverse	uot	0.25	2.0	label_free_rigid	coordinate_response	True	80	0.04658419999759644	N	I_SPATIAL	1.0
HER2ST_manual_controlled	HER2ST_B1_CONTROLLED	within_section_controlled_combined	HER2ST::B	manual_truth_controlled	reverse	HER2ST_B1_CONTROLLED__reverse	row_softmax	0.25		baseline	base	True	1	0.0005721000052290037			
HER2ST_manual_controlled	HER2ST_B1_CONTROLLED	within_section_controlled_combined	HER2ST::B	manual_truth_controlled	reverse	HER2ST_B1_CONTROLLED__reverse	uot	0.25	2.0	her2_oracle	base	True	80	0.04737639999075327			
HER2ST_manual_controlled	HER2ST_B1_CONTROLLED	within_section_controlled_combined	HER2ST::B	manual_truth_controlled	reverse	HER2ST_B1_CONTROLLED__reverse	uot	0.25	2.0	her2_oracle	coordinate_response	True	80	0.04665170000225771	R	I_SPATIAL	0.00125
HER2ST_manual_controlled	HER2ST_B1_CONTROLLED	within_section_controlled_combined	HER2ST::B	manual_truth_controlled	reverse	HER2ST_B1_CONTROLLED__reverse	uot	0.25	2.0	her2_oracle	coordinate_response	True	80	0.04569150001043454	R	I_SPATIAL	0.000625
HER2ST_manual_controlled	HER2ST_B1_CONTROLLED	within_section_controlled_combined	HER2ST::B	manual_truth_controlled	reverse	HER2ST_B1_CONTROLLED__reverse	uot	0.25	2.0	her2_oracle	coordinate_response	True	80	0.046356399994692765	R	I_SPATIAL	0.01
HER2ST_manual_controlled	HER2ST_B1_CONTROLLED	within_section_controlled_combined	HER2ST::B	manual_truth_controlled	reverse	HER2ST_B1_CONTROLLED__reverse	uot	0.25	2.0	her2_oracle	coordinate_response	True	80	0.04669780000403989	R	I_SPATIAL	1.0
HER2ST_manual_controlled	HER2ST_B1_CONTROLLED	within_section_controlled_combined	HER2ST::B	manual_truth_controlled	reverse	HER2ST_B1_CONTROLLED__reverse	uot	0.25	2.0	her2_oracle	coordinate_response	True	80	0.0512114000011934	N	I_SPATIAL	0.00125
HER2ST_manual_controlled	HER2ST_B1_CONTROLLED	within_section_controlled_combined	HER2ST::B	manual_truth_controlled	reverse	HER2ST_B1_CONTROLLED__reverse	uot	0.25	2.0	her2_oracle	coordinate_response	True	80	0.048792100002174266	N	I_SPATIAL	0.000625
HER2ST_manual_controlled	HER2ST_B1_CONTROLLED	within_section_controlled_combined	HER2ST::B	manual_truth_controlled	reverse	HER2ST_B1_CONTROLLED__reverse	uot	0.25	2.0	her2_oracle	coordinate_response	True	80	0.04662750000716187	N	I_SPATIAL	0.01
HER2ST_manual_controlled	HER2ST_B1_CONTROLLED	within_section_controlled_combined	HER2ST::B	manual_truth_controlled	reverse	HER2ST_B1_CONTROLLED__reverse	uot	0.25	2.0	her2_oracle	coordinate_response	True	80	0.04646699999284465	N	I_SPATIAL	1.0
HER2ST_manual_controlled	HER2ST_B1_CONTROLLED	within_section_controlled_combined	HER2ST::B	manual_truth_controlled	reverse	HER2ST_B1_CONTROLLED__reverse	row_softmax	0.25		label_free_rigid	base	True	1	0.0005551999929593876			
HER2ST_manual_controlled	HER2ST_B1_CONTROLLED	within_section_controlled_combined	HER2ST::B	manual_truth_controlled	reverse	HER2ST_B1_CONTROLLED__reverse	row_softmax	0.25		label_free_rigid	coordinate_response	True	1	0.0005375000037020072	R	I_SPATIAL	0.00125
HER2ST_manual_controlled	HER2ST_B1_CONTROLLED	within_section_controlled_combined	HER2ST::B	manual_truth_controlled	reverse	HER2ST_B1_CONTROLLED__reverse	row_softmax	0.25		label_free_rigid	coordinate_response	True	1	0.0006205999961821362	R	I_SPATIAL	0.000625
HER2ST_manual_controlled	HER2ST_B1_CONTROLLED	within_section_controlled_combined	HER2ST::B	manual_truth_controlled	reverse	HER2ST_B1_CONTROLLED__reverse	row_softmax	0.25		label_free_rigid	coordinate_response	True	1	0.0006279000081121922	R	I_SPATIAL	0.01
HER2ST_manual_controlled	HER2ST_B1_CONTROLLED	within_section_controlled_combined	HER2ST::B	manual_truth_controlled	reverse	HER2ST_B1_CONTROLLED__reverse	row_softmax	0.25		label_free_rigid	coordinate_response	True	1	0.000531300000147894	R	I_SPATIAL	1.0
HER2ST_manual_controlled	HER2ST_B1_CONTROLLED	within_section_controlled_combined	HER2ST::B	manual_truth_controlled	reverse	HER2ST_B1_CONTROLLED__reverse	row_softmax	0.25		label_free_rigid	coordinate_response	True	1	0.0006365999870467931	N	I_SPATIAL	0.00125
HER2ST_manual_controlled	HER2ST_B1_CONTROLLED	within_section_controlled_combined	HER2ST::B	manual_truth_controlled	reverse	HER2ST_B1_CONTROLLED__reverse	row_softmax	0.25		label_free_rigid	coordinate_response	True	1	0.0006271000020205975	N	I_SPATIAL	0.000625
HER2ST_manual_controlled	HER2ST_B1_CONTROLLED	within_section_controlled_combined	HER2ST::B	manual_truth_controlled	reverse	HER2ST_B1_CONTROLLED__reverse	row_softmax	0.25		label_free_rigid	coordinate_response	True	1	0.0006279000081121922	N	I_SPATIAL	0.01
HER2ST_manual_controlled	HER2ST_B1_CONTROLLED	within_section_controlled_combined	HER2ST::B	manual_truth_controlled	reverse	HER2ST_B1_CONTROLLED__reverse	row_softmax	0.25		label_free_rigid	coordinate_response	True	1	0.0005402999959187582	N	I_SPATIAL	1.0
HER2ST_manual_controlled	HER2ST_B1_CONTROLLED	within_section_controlled_combined	HER2ST::B	manual_truth_controlled	reverse	HER2ST_B1_CONTROLLED__reverse	row_softmax	0.25		her2_oracle	base	True	1	0.0005773000011686236			
HER2ST_manual_controlled	HER2ST_B1_CONTROLLED	within_section_controlled_combined	HER2ST::B	manual_truth_controlled	reverse	HER2ST_B1_CONTROLLED__reverse	row_softmax	0.25		her2_oracle	coordinate_response	True	1	0.0005415999912656844	R	I_SPATIAL	0.00125
HER2ST_manual_controlled	HER2ST_B1_CONTROLLED	within_section_controlled_combined	HER2ST::B	manual_truth_controlled	reverse	HER2ST_B1_CONTROLLED__reverse	row_softmax	0.25		her2_oracle	coordinate_response	True	1	0.0006313999911071733	R	I_SPATIAL	0.000625
HER2ST_manual_controlled	HER2ST_B1_CONTROLLED	within_section_controlled_combined	HER2ST::B	manual_truth_controlled	reverse	HER2ST_B1_CONTROLLED__reverse	row_softmax	0.25		her2_oracle	coordinate_response	True	1	0.0006272000027820468	R	I_SPATIAL	0.01
HER2ST_manual_controlled	HER2ST_B1_CONTROLLED	within_section_controlled_combined	HER2ST::B	manual_truth_controlled	reverse	HER2ST_B1_CONTROLLED__reverse	row_softmax	0.25		her2_oracle	coordinate_response	True	1	0.0005342000076780096	R	I_SPATIAL	1.0
HER2ST_manual_controlled	HER2ST_B1_CONTROLLED	within_section_controlled_combined	HER2ST::B	manual_truth_controlled	reverse	HER2ST_B1_CONTROLLED__reverse	row_softmax	0.25		her2_oracle	coordinate_response	True	1	0.0006322999979602173	N	I_SPATIAL	0.00125
HER2ST_manual_controlled	HER2ST_B1_CONTROLLED	within_section_controlled_combined	HER2ST::B	manual_truth_controlled	reverse	HER2ST_B1_CONTROLLED__reverse	row_softmax	0.25		her2_oracle	coordinate_response	True	1	0.0006499000010080636	N	I_SPATIAL	0.000625
HER2ST_manual_controlled	HER2ST_B1_CONTROLLED	within_section_controlled_combined	HER2ST::B	manual_truth_controlled	reverse	HER2ST_B1_CONTROLLED__reverse	row_softmax	0.25		her2_oracle	coordinate_response	True	1	0.0006218000053195283	N	I_SPATIAL	0.01
HER2ST_manual_controlled	HER2ST_B1_CONTROLLED	within_section_controlled_combined	HER2ST::B	manual_truth_controlled	reverse	HER2ST_B1_CONTROLLED__reverse	row_softmax	0.25		her2_oracle	coordinate_response	True	1	0.000530999997863546	N	I_SPATIAL	1.0
HER2ST_manual_controlled	HER2ST_C1_CONTROLLED	within_section_controlled_combined	HER2ST::C	manual_truth_controlled	forward	HER2ST_C1_CONTROLLED	balanced_ot	0.25		baseline	base	True	200	0.061835999993490987			
HER2ST_manual_controlled	HER2ST_C1_CONTROLLED	within_section_controlled_combined	HER2ST::C	manual_truth_controlled	forward	HER2ST_C1_CONTROLLED	balanced_ot	0.25		label_free_rigid	base	True	200	0.06072480000148062			
HER2ST_manual_controlled	HER2ST_C1_CONTROLLED	within_section_controlled_combined	HER2ST::C	manual_truth_controlled	forward	HER2ST_C1_CONTROLLED	balanced_ot	0.25		label_free_rigid	coordinate_response	True	200	0.05290249999961816	R	I_SPATIAL	0.00125
HER2ST_manual_controlled	HER2ST_C1_CONTROLLED	within_section_controlled_combined	HER2ST::C	manual_truth_controlled	forward	HER2ST_C1_CONTROLLED	balanced_ot	0.25		label_free_rigid	coordinate_response	True	200	0.052997599996160716	R	I_SPATIAL	0.000625
HER2ST_manual_controlled	HER2ST_C1_CONTROLLED	within_section_controlled_combined	HER2ST::C	manual_truth_controlled	forward	HER2ST_C1_CONTROLLED	balanced_ot	0.25		label_free_rigid	coordinate_response	True	200	0.05415069998707622	R	I_SPATIAL	0.01
HER2ST_manual_controlled	HER2ST_C1_CONTROLLED	within_section_controlled_combined	HER2ST::C	manual_truth_controlled	forward	HER2ST_C1_CONTROLLED	balanced_ot	0.25		label_free_rigid	coordinate_response	True	200	0.05387829999381211	R	I_SPATIAL	1.0
HER2ST_manual_controlled	HER2ST_C1_CONTROLLED	within_section_controlled_combined	HER2ST::C	manual_truth_controlled	forward	HER2ST_C1_CONTROLLED	balanced_ot	0.25		label_free_rigid	coordinate_response	True	200	0.05145990000164602	N	I_SPATIAL	0.00125
HER2ST_manual_controlled	HER2ST_C1_CONTROLLED	within_section_controlled_combined	HER2ST::C	manual_truth_controlled	forward	HER2ST_C1_CONTROLLED	balanced_ot	0.25		label_free_rigid	coordinate_response	True	200	0.05829849999281578	N	I_SPATIAL	0.000625
HER2ST_manual_controlled	HER2ST_C1_CONTROLLED	within_section_controlled_combined	HER2ST::C	manual_truth_controlled	forward	HER2ST_C1_CONTROLLED	balanced_ot	0.25		label_free_rigid	coordinate_response	True	200	0.0621201000030851	N	I_SPATIAL	0.01
HER2ST_manual_controlled	HER2ST_C1_CONTROLLED	within_section_controlled_combined	HER2ST::C	manual_truth_controlled	forward	HER2ST_C1_CONTROLLED	balanced_ot	0.25		label_free_rigid	coordinate_response	True	200	0.05274100000679027	N	I_SPATIAL	1.0
HER2ST_manual_controlled	HER2ST_C1_CONTROLLED	within_section_controlled_combined	HER2ST::C	manual_truth_controlled	forward	HER2ST_C1_CONTROLLED	uot	0.25	2.0	baseline	base	True	80	0.02926929999375716			
HER2ST_manual_controlled	HER2ST_C1_CONTROLLED	within_section_controlled_combined	HER2ST::C	manual_truth_controlled	forward	HER2ST_C1_CONTROLLED	balanced_ot	0.25		her2_oracle	base	True	200	0.053425300007802434			
HER2ST_manual_controlled	HER2ST_C1_CONTROLLED	within_section_controlled_combined	HER2ST::C	manual_truth_controlled	forward	HER2ST_C1_CONTROLLED	balanced_ot	0.25		her2_oracle	coordinate_response	True	200	0.05318850000912789	R	I_SPATIAL	0.00125
HER2ST_manual_controlled	HER2ST_C1_CONTROLLED	within_section_controlled_combined	HER2ST::C	manual_truth_controlled	forward	HER2ST_C1_CONTROLLED	balanced_ot	0.25		her2_oracle	coordinate_response	True	200	0.053753099986352026	R	I_SPATIAL	0.000625
HER2ST_manual_controlled	HER2ST_C1_CONTROLLED	within_section_controlled_combined	HER2ST::C	manual_truth_controlled	forward	HER2ST_C1_CONTROLLED	balanced_ot	0.25		her2_oracle	coordinate_response	True	200	0.05311429999710526	R	I_SPATIAL	0.01
HER2ST_manual_controlled	HER2ST_C1_CONTROLLED	within_section_controlled_combined	HER2ST::C	manual_truth_controlled	forward	HER2ST_C1_CONTROLLED	balanced_ot	0.25		her2_oracle	coordinate_response	True	200	0.053665100000216626	R	I_SPATIAL	1.0
HER2ST_manual_controlled	HER2ST_C1_CONTROLLED	within_section_controlled_combined	HER2ST::C	manual_truth_controlled	forward	HER2ST_C1_CONTROLLED	balanced_ot	0.25		her2_oracle	coordinate_response	True	200	0.0654596000094898	N	I_SPATIAL	0.00125
HER2ST_manual_controlled	HER2ST_C1_CONTROLLED	within_section_controlled_combined	HER2ST::C	manual_truth_controlled	forward	HER2ST_C1_CONTROLLED	balanced_ot	0.25		her2_oracle	coordinate_response	True	200	0.05197590000170749	N	I_SPATIAL	0.000625
HER2ST_manual_controlled	HER2ST_C1_CONTROLLED	within_section_controlled_combined	HER2ST::C	manual_truth_controlled	forward	HER2ST_C1_CONTROLLED	balanced_ot	0.25		her2_oracle	coordinate_response	True	200	0.07156710000708699	N	I_SPATIAL	0.01
HER2ST_manual_controlled	HER2ST_C1_CONTROLLED	within_section_controlled_combined	HER2ST::C	manual_truth_controlled	forward	HER2ST_C1_CONTROLLED	balanced_ot	0.25		her2_oracle	coordinate_response	True	200	0.06557449999672826	N	I_SPATIAL	1.0
HER2ST_manual_controlled	HER2ST_C1_CONTROLLED	within_section_controlled_combined	HER2ST::C	manual_truth_controlled	forward	HER2ST_C1_CONTROLLED	uot	0.25	2.0	label_free_rigid	base	True	80	0.021675500000128523			
HER2ST_manual_controlled	HER2ST_C1_CONTROLLED	within_section_controlled_combined	HER2ST::C	manual_truth_controlled	forward	HER2ST_C1_CONTROLLED	uot	0.25	2.0	label_free_rigid	coordinate_response	True	80	0.021141300007002428	R	I_SPATIAL	0.00125
HER2ST_manual_controlled	HER2ST_C1_CONTROLLED	within_section_controlled_combined	HER2ST::C	manual_truth_controlled	forward	HER2ST_C1_CONTROLLED	uot	0.25	2.0	label_free_rigid	coordinate_response	True	80	0.033791699999710545	R	I_SPATIAL	0.000625
HER2ST_manual_controlled	HER2ST_C1_CONTROLLED	within_section_controlled_combined	HER2ST::C	manual_truth_controlled	forward	HER2ST_C1_CONTROLLED	uot	0.25	2.0	label_free_rigid	coordinate_response	True	80	0.025782800003071316	R	I_SPATIAL	0.01
HER2ST_manual_controlled	HER2ST_C1_CONTROLLED	within_section_controlled_combined	HER2ST::C	manual_truth_controlled	forward	HER2ST_C1_CONTROLLED	uot	0.25	2.0	label_free_rigid	coordinate_response	True	80	0.025374499993631616	R	I_SPATIAL	1.0
HER2ST_manual_controlled	HER2ST_C1_CONTROLLED	within_section_controlled_combined	HER2ST::C	manual_truth_controlled	forward	HER2ST_C1_CONTROLLED	uot	0.25	2.0	label_free_rigid	coordinate_response	True	80	0.02697279999847524	N	I_SPATIAL	0.00125
HER2ST_manual_controlled	HER2ST_C1_CONTROLLED	within_section_controlled_combined	HER2ST::C	manual_truth_controlled	forward	HER2ST_C1_CONTROLLED	uot	0.25	2.0	label_free_rigid	coordinate_response	True	80	0.020626500001526438	N	I_SPATIAL	0.000625
HER2ST_manual_controlled	HER2ST_C1_CONTROLLED	within_section_controlled_combined	HER2ST::C	manual_truth_controlled	forward	HER2ST_C1_CONTROLLED	uot	0.25	2.0	label_free_rigid	coordinate_response	True	80	0.02683850000903476	N	I_SPATIAL	0.01
HER2ST_manual_controlled	HER2ST_C1_CONTROLLED	within_section_controlled_combined	HER2ST::C	manual_truth_controlled	forward	HER2ST_C1_CONTROLLED	uot	0.25	2.0	label_free_rigid	coordinate_response	True	80	0.021388800014392473	N	I_SPATIAL	1.0
HER2ST_manual_controlled	HER2ST_C1_CONTROLLED	within_section_controlled_combined	HER2ST::C	manual_truth_controlled	forward	HER2ST_C1_CONTROLLED	uot	0.25	2.0	her2_oracle	base	True	80	0.021237799999653362			
HER2ST_manual_controlled	HER2ST_C1_CONTROLLED	within_section_controlled_combined	HER2ST::C	manual_truth_controlled	forward	HER2ST_C1_CONTROLLED	uot	0.25	2.0	her2_oracle	coordinate_response	True	80	0.02155650001077447	R	I_SPATIAL	0.00125
HER2ST_manual_controlled	HER2ST_C1_CONTROLLED	within_section_controlled_combined	HER2ST::C	manual_truth_controlled	forward	HER2ST_C1_CONTROLLED	uot	0.25	2.0	her2_oracle	coordinate_response	True	80	0.021527200005948544	R	I_SPATIAL	0.000625
HER2ST_manual_controlled	HER2ST_C1_CONTROLLED	within_section_controlled_combined	HER2ST::C	manual_truth_controlled	forward	HER2ST_C1_CONTROLLED	uot	0.25	2.0	her2_oracle	coordinate_response	True	80	0.020851000008406118	R	I_SPATIAL	0.01
HER2ST_manual_controlled	HER2ST_C1_CONTROLLED	within_section_controlled_combined	HER2ST::C	manual_truth_controlled	forward	HER2ST_C1_CONTROLLED	uot	0.25	2.0	her2_oracle	coordinate_response	True	80	0.021093500006827526	R	I_SPATIAL	1.0
HER2ST_manual_controlled	HER2ST_C1_CONTROLLED	within_section_controlled_combined	HER2ST::C	manual_truth_controlled	forward	HER2ST_C1_CONTROLLED	uot	0.25	2.0	her2_oracle	coordinate_response	True	80	0.021713399997679517	N	I_SPATIAL	0.00125
HER2ST_manual_controlled	HER2ST_C1_CONTROLLED	within_section_controlled_combined	HER2ST::C	manual_truth_controlled	forward	HER2ST_C1_CONTROLLED	uot	0.25	2.0	her2_oracle	coordinate_response	True	80	0.02140779999899678	N	I_SPATIAL	0.000625
HER2ST_manual_controlled	HER2ST_C1_CONTROLLED	within_section_controlled_combined	HER2ST::C	manual_truth_controlled	forward	HER2ST_C1_CONTROLLED	uot	0.25	2.0	her2_oracle	coordinate_response	True	80	0.02186249999795109	N	I_SPATIAL	0.01
HER2ST_manual_controlled	HER2ST_C1_CONTROLLED	within_section_controlled_combined	HER2ST::C	manual_truth_controlled	forward	HER2ST_C1_CONTROLLED	uot	0.25	2.0	her2_oracle	coordinate_response	True	80	0.021492800005944446	N	I_SPATIAL	1.0
HER2ST_manual_controlled	HER2ST_C1_CONTROLLED	within_section_controlled_combined	HER2ST::C	manual_truth_controlled	forward	HER2ST_C1_CONTROLLED	row_softmax	0.25		baseline	base	True	1	0.0002582000015536323			
HER2ST_manual_controlled	HER2ST_C1_CONTROLLED	within_section_controlled_combined	HER2ST::C	manual_truth_controlled	forward	HER2ST_C1_CONTROLLED	row_softmax	0.25		label_free_rigid	base	True	1	0.00024839999969117343			
HER2ST_manual_controlled	HER2ST_C1_CONTROLLED	within_section_controlled_combined	HER2ST::C	manual_truth_controlled	forward	HER2ST_C1_CONTROLLED	row_softmax	0.25		label_free_rigid	coordinate_response	True	1	0.00026199998683296144	R	I_SPATIAL	0.00125
HER2ST_manual_controlled	HER2ST_C1_CONTROLLED	within_section_controlled_combined	HER2ST::C	manual_truth_controlled	forward	HER2ST_C1_CONTROLLED	row_softmax	0.25		label_free_rigid	coordinate_response	True	1	0.00026139999681618065	R	I_SPATIAL	0.000625
HER2ST_manual_controlled	HER2ST_C1_CONTROLLED	within_section_controlled_combined	HER2ST::C	manual_truth_controlled	forward	HER2ST_C1_CONTROLLED	row_softmax	0.25		label_free_rigid	coordinate_response	True	1	0.0002643000043462962	R	I_SPATIAL	0.01
HER2ST_manual_controlled	HER2ST_C1_CONTROLLED	within_section_controlled_combined	HER2ST::C	manual_truth_controlled	forward	HER2ST_C1_CONTROLLED	row_softmax	0.25		label_free_rigid	coordinate_response	True	1	0.00022539999918080866	R	I_SPATIAL	1.0
HER2ST_manual_controlled	HER2ST_C1_CONTROLLED	within_section_controlled_combined	HER2ST::C	manual_truth_controlled	forward	HER2ST_C1_CONTROLLED	row_softmax	0.25		label_free_rigid	coordinate_response	True	1	0.00023130000045057386	N	I_SPATIAL	0.00125
HER2ST_manual_controlled	HER2ST_C1_CONTROLLED	within_section_controlled_combined	HER2ST::C	manual_truth_controlled	forward	HER2ST_C1_CONTROLLED	row_softmax	0.25		label_free_rigid	coordinate_response	True	1	0.00025009999808389693	N	I_SPATIAL	0.000625
HER2ST_manual_controlled	HER2ST_C1_CONTROLLED	within_section_controlled_combined	HER2ST::C	manual_truth_controlled	forward	HER2ST_C1_CONTROLLED	row_softmax	0.25		label_free_rigid	coordinate_response	True	1	0.00022509999689646065	N	I_SPATIAL	0.01
HER2ST_manual_controlled	HER2ST_C1_CONTROLLED	within_section_controlled_combined	HER2ST::C	manual_truth_controlled	forward	HER2ST_C1_CONTROLLED	row_softmax	0.25		label_free_rigid	coordinate_response	True	1	0.0002517000102670863	N	I_SPATIAL	1.0
HER2ST_manual_controlled	HER2ST_C1_CONTROLLED	within_section_controlled_combined	HER2ST::C	manual_truth_controlled	forward	HER2ST_C1_CONTROLLED	row_softmax	0.25		her2_oracle	base	True	1	0.0003988999960711226			
HER2ST_manual_controlled	HER2ST_C1_CONTROLLED	within_section_controlled_combined	HER2ST::C	manual_truth_controlled	forward	HER2ST_C1_CONTROLLED	row_softmax	0.25		her2_oracle	coordinate_response	True	1	0.0004219999973429367	R	I_SPATIAL	0.00125
HER2ST_manual_controlled	HER2ST_C1_CONTROLLED	within_section_controlled_combined	HER2ST::C	manual_truth_controlled	forward	HER2ST_C1_CONTROLLED	row_softmax	0.25		her2_oracle	coordinate_response	True	1	0.0004138999938732013	R	I_SPATIAL	0.000625
HER2ST_manual_controlled	HER2ST_C1_CONTROLLED	within_section_controlled_combined	HER2ST::C	manual_truth_controlled	forward	HER2ST_C1_CONTROLLED	row_softmax	0.25		her2_oracle	coordinate_response	True	1	0.0004123999970033765	R	I_SPATIAL	0.01
HER2ST_manual_controlled	HER2ST_C1_CONTROLLED	within_section_controlled_combined	HER2ST::C	manual_truth_controlled	forward	HER2ST_C1_CONTROLLED	row_softmax	0.25		her2_oracle	coordinate_response	True	1	0.00036920000275131315	R	I_SPATIAL	1.0
HER2ST_manual_controlled	HER2ST_C1_CONTROLLED	within_section_controlled_combined	HER2ST::C	manual_truth_controlled	forward	HER2ST_C1_CONTROLLED	row_softmax	0.25		her2_oracle	coordinate_response	True	1	0.000370699999621138	N	I_SPATIAL	0.00125
HER2ST_manual_controlled	HER2ST_C1_CONTROLLED	within_section_controlled_combined	HER2ST::C	manual_truth_controlled	forward	HER2ST_C1_CONTROLLED	row_softmax	0.25		her2_oracle	coordinate_response	True	1	0.00036869999894406646	N	I_SPATIAL	0.000625
HER2ST_manual_controlled	HER2ST_C1_CONTROLLED	within_section_controlled_combined	HER2ST::C	manual_truth_controlled	forward	HER2ST_C1_CONTROLLED	row_softmax	0.25		her2_oracle	coordinate_response	True	1	0.0003493999975034967	N	I_SPATIAL	0.01
HER2ST_manual_controlled	HER2ST_C1_CONTROLLED	within_section_controlled_combined	HER2ST::C	manual_truth_controlled	forward	HER2ST_C1_CONTROLLED	row_softmax	0.25		her2_oracle	coordinate_response	True	1	0.00022909999825060368	N	I_SPATIAL	1.0
HER2ST_manual_controlled	HER2ST_C1_CONTROLLED	within_section_controlled_combined	HER2ST::C	manual_truth_controlled	reverse	HER2ST_C1_CONTROLLED__reverse	balanced_ot	0.25		baseline	base	True	200	0.05252240000118036			
HER2ST_manual_controlled	HER2ST_C1_CONTROLLED	within_section_controlled_combined	HER2ST::C	manual_truth_controlled	reverse	HER2ST_C1_CONTROLLED__reverse	balanced_ot	0.25		label_free_rigid	base	True	200	0.06254100000660401			
HER2ST_manual_controlled	HER2ST_C1_CONTROLLED	within_section_controlled_combined	HER2ST::C	manual_truth_controlled	reverse	HER2ST_C1_CONTROLLED__reverse	balanced_ot	0.25		label_free_rigid	coordinate_response	True	200	0.051980800009914674	R	I_SPATIAL	0.00125
HER2ST_manual_controlled	HER2ST_C1_CONTROLLED	within_section_controlled_combined	HER2ST::C	manual_truth_controlled	reverse	HER2ST_C1_CONTROLLED__reverse	balanced_ot	0.25		label_free_rigid	coordinate_response	True	200	0.0500571000011405	R	I_SPATIAL	0.000625
HER2ST_manual_controlled	HER2ST_C1_CONTROLLED	within_section_controlled_combined	HER2ST::C	manual_truth_controlled	reverse	HER2ST_C1_CONTROLLED__reverse	balanced_ot	0.25		label_free_rigid	coordinate_response	True	200	0.05163570000149775	R	I_SPATIAL	0.01
HER2ST_manual_controlled	HER2ST_C1_CONTROLLED	within_section_controlled_combined	HER2ST::C	manual_truth_controlled	reverse	HER2ST_C1_CONTROLLED__reverse	balanced_ot	0.25		label_free_rigid	coordinate_response	True	200	0.05250619999424089	R	I_SPATIAL	1.0
HER2ST_manual_controlled	HER2ST_C1_CONTROLLED	within_section_controlled_combined	HER2ST::C	manual_truth_controlled	reverse	HER2ST_C1_CONTROLLED__reverse	balanced_ot	0.25		label_free_rigid	coordinate_response	True	200	0.056446800008416176	N	I_SPATIAL	0.00125
HER2ST_manual_controlled	HER2ST_C1_CONTROLLED	within_section_controlled_combined	HER2ST::C	manual_truth_controlled	reverse	HER2ST_C1_CONTROLLED__reverse	balanced_ot	0.25		label_free_rigid	coordinate_response	True	200	0.05297950000385754	N	I_SPATIAL	0.000625
HER2ST_manual_controlled	HER2ST_C1_CONTROLLED	within_section_controlled_combined	HER2ST::C	manual_truth_controlled	reverse	HER2ST_C1_CONTROLLED__reverse	balanced_ot	0.25		label_free_rigid	coordinate_response	True	200	0.05114490000414662	N	I_SPATIAL	0.01
HER2ST_manual_controlled	HER2ST_C1_CONTROLLED	within_section_controlled_combined	HER2ST::C	manual_truth_controlled	reverse	HER2ST_C1_CONTROLLED__reverse	balanced_ot	0.25		label_free_rigid	coordinate_response	True	200	0.051926299987826496	N	I_SPATIAL	1.0
HER2ST_manual_controlled	HER2ST_C1_CONTROLLED	within_section_controlled_combined	HER2ST::C	manual_truth_controlled	reverse	HER2ST_C1_CONTROLLED__reverse	uot	0.25	2.0	baseline	base	True	80	0.021159600000828505			
HER2ST_manual_controlled	HER2ST_C1_CONTROLLED	within_section_controlled_combined	HER2ST::C	manual_truth_controlled	reverse	HER2ST_C1_CONTROLLED__reverse	balanced_ot	0.25		her2_oracle	base	True	200	0.05329820000042673			
HER2ST_manual_controlled	HER2ST_C1_CONTROLLED	within_section_controlled_combined	HER2ST::C	manual_truth_controlled	reverse	HER2ST_C1_CONTROLLED__reverse	balanced_ot	0.25		her2_oracle	coordinate_response	True	200	0.058392200007801875	R	I_SPATIAL	0.00125
HER2ST_manual_controlled	HER2ST_C1_CONTROLLED	within_section_controlled_combined	HER2ST::C	manual_truth_controlled	reverse	HER2ST_C1_CONTROLLED__reverse	balanced_ot	0.25		her2_oracle	coordinate_response	True	200	0.05758959999366198	R	I_SPATIAL	0.000625
HER2ST_manual_controlled	HER2ST_C1_CONTROLLED	within_section_controlled_combined	HER2ST::C	manual_truth_controlled	reverse	HER2ST_C1_CONTROLLED__reverse	balanced_ot	0.25		her2_oracle	coordinate_response	True	200	0.05387499999778811	R	I_SPATIAL	0.01
HER2ST_manual_controlled	HER2ST_C1_CONTROLLED	within_section_controlled_combined	HER2ST::C	manual_truth_controlled	reverse	HER2ST_C1_CONTROLLED__reverse	balanced_ot	0.25		her2_oracle	coordinate_response	True	200	0.06541270000161603	R	I_SPATIAL	1.0
HER2ST_manual_controlled	HER2ST_C1_CONTROLLED	within_section_controlled_combined	HER2ST::C	manual_truth_controlled	reverse	HER2ST_C1_CONTROLLED__reverse	balanced_ot	0.25		her2_oracle	coordinate_response	True	200	0.05224319999979343	N	I_SPATIAL	0.00125
HER2ST_manual_controlled	HER2ST_C1_CONTROLLED	within_section_controlled_combined	HER2ST::C	manual_truth_controlled	reverse	HER2ST_C1_CONTROLLED__reverse	balanced_ot	0.25		her2_oracle	coordinate_response	True	200	0.05139779999444727	N	I_SPATIAL	0.000625
HER2ST_manual_controlled	HER2ST_C1_CONTROLLED	within_section_controlled_combined	HER2ST::C	manual_truth_controlled	reverse	HER2ST_C1_CONTROLLED__reverse	balanced_ot	0.25		her2_oracle	coordinate_response	True	200	0.058794600001419894	N	I_SPATIAL	0.01
HER2ST_manual_controlled	HER2ST_C1_CONTROLLED	within_section_controlled_combined	HER2ST::C	manual_truth_controlled	reverse	HER2ST_C1_CONTROLLED__reverse	balanced_ot	0.25		her2_oracle	coordinate_response	True	200	0.052772700000787154	N	I_SPATIAL	1.0
HER2ST_manual_controlled	HER2ST_C1_CONTROLLED	within_section_controlled_combined	HER2ST::C	manual_truth_controlled	reverse	HER2ST_C1_CONTROLLED__reverse	uot	0.25	2.0	label_free_rigid	base	True	80	0.02410730000701733			
HER2ST_manual_controlled	HER2ST_C1_CONTROLLED	within_section_controlled_combined	HER2ST::C	manual_truth_controlled	reverse	HER2ST_C1_CONTROLLED__reverse	uot	0.25	2.0	label_free_rigid	coordinate_response	True	80	0.025416199991013855	R	I_SPATIAL	0.00125
HER2ST_manual_controlled	HER2ST_C1_CONTROLLED	within_section_controlled_combined	HER2ST::C	manual_truth_controlled	reverse	HER2ST_C1_CONTROLLED__reverse	uot	0.25	2.0	label_free_rigid	coordinate_response	True	80	0.02084110000578221	R	I_SPATIAL	0.000625
HER2ST_manual_controlled	HER2ST_C1_CONTROLLED	within_section_controlled_combined	HER2ST::C	manual_truth_controlled	reverse	HER2ST_C1_CONTROLLED__reverse	uot	0.25	2.0	label_free_rigid	coordinate_response	True	80	0.02073410000593867	R	I_SPATIAL	0.01
HER2ST_manual_controlled	HER2ST_C1_CONTROLLED	within_section_controlled_combined	HER2ST::C	manual_truth_controlled	reverse	HER2ST_C1_CONTROLLED__reverse	uot	0.25	2.0	label_free_rigid	coordinate_response	True	80	0.020980200002668425	R	I_SPATIAL	1.0
HER2ST_manual_controlled	HER2ST_C1_CONTROLLED	within_section_controlled_combined	HER2ST::C	manual_truth_controlled	reverse	HER2ST_C1_CONTROLLED__reverse	uot	0.25	2.0	label_free_rigid	coordinate_response	True	80	0.021388400011346675	N	I_SPATIAL	0.00125
HER2ST_manual_controlled	HER2ST_C1_CONTROLLED	within_section_controlled_combined	HER2ST::C	manual_truth_controlled	reverse	HER2ST_C1_CONTROLLED__reverse	uot	0.25	2.0	label_free_rigid	coordinate_response	True	80	0.02151810000941623	N	I_SPATIAL	0.000625
HER2ST_manual_controlled	HER2ST_C1_CONTROLLED	within_section_controlled_combined	HER2ST::C	manual_truth_controlled	reverse	HER2ST_C1_CONTROLLED__reverse	uot	0.25	2.0	label_free_rigid	coordinate_response	True	80	0.020680699992226437	N	I_SPATIAL	0.01
HER2ST_manual_controlled	HER2ST_C1_CONTROLLED	within_section_controlled_combined	HER2ST::C	manual_truth_controlled	reverse	HER2ST_C1_CONTROLLED__reverse	uot	0.25	2.0	label_free_rigid	coordinate_response	True	80	0.020620299997972324	N	I_SPATIAL	1.0
HER2ST_manual_controlled	HER2ST_C1_CONTROLLED	within_section_controlled_combined	HER2ST::C	manual_truth_controlled	reverse	HER2ST_C1_CONTROLLED__reverse	row_softmax	0.25		baseline	base	True	1	0.0002497000095900148			
HER2ST_manual_controlled	HER2ST_C1_CONTROLLED	within_section_controlled_combined	HER2ST::C	manual_truth_controlled	reverse	HER2ST_C1_CONTROLLED__reverse	uot	0.25	2.0	her2_oracle	base	True	80	0.020672500002547167			
HER2ST_manual_controlled	HER2ST_C1_CONTROLLED	within_section_controlled_combined	HER2ST::C	manual_truth_controlled	reverse	HER2ST_C1_CONTROLLED__reverse	uot	0.25	2.0	her2_oracle	coordinate_response	True	80	0.02049369999440387	R	I_SPATIAL	0.00125
HER2ST_manual_controlled	HER2ST_C1_CONTROLLED	within_section_controlled_combined	HER2ST::C	manual_truth_controlled	reverse	HER2ST_C1_CONTROLLED__reverse	uot	0.25	2.0	her2_oracle	coordinate_response	True	80	0.020353400002932176	R	I_SPATIAL	0.000625
HER2ST_manual_controlled	HER2ST_C1_CONTROLLED	within_section_controlled_combined	HER2ST::C	manual_truth_controlled	reverse	HER2ST_C1_CONTROLLED__reverse	uot	0.25	2.0	her2_oracle	coordinate_response	True	80	0.02110680000623688	R	I_SPATIAL	0.01
HER2ST_manual_controlled	HER2ST_C1_CONTROLLED	within_section_controlled_combined	HER2ST::C	manual_truth_controlled	reverse	HER2ST_C1_CONTROLLED__reverse	uot	0.25	2.0	her2_oracle	coordinate_response	True	80	0.020583999998052604	R	I_SPATIAL	1.0
HER2ST_manual_controlled	HER2ST_C1_CONTROLLED	within_section_controlled_combined	HER2ST::C	manual_truth_controlled	reverse	HER2ST_C1_CONTROLLED__reverse	uot	0.25	2.0	her2_oracle	coordinate_response	True	80	0.02768379999906756	N	I_SPATIAL	0.00125
HER2ST_manual_controlled	HER2ST_C1_CONTROLLED	within_section_controlled_combined	HER2ST::C	manual_truth_controlled	reverse	HER2ST_C1_CONTROLLED__reverse	uot	0.25	2.0	her2_oracle	coordinate_response	True	80	0.02750140000716783	N	I_SPATIAL	0.000625
HER2ST_manual_controlled	HER2ST_C1_CONTROLLED	within_section_controlled_combined	HER2ST::C	manual_truth_controlled	reverse	HER2ST_C1_CONTROLLED__reverse	uot	0.25	2.0	her2_oracle	coordinate_response	True	80	0.020877499991911463	N	I_SPATIAL	0.01
HER2ST_manual_controlled	HER2ST_C1_CONTROLLED	within_section_controlled_combined	HER2ST::C	manual_truth_controlled	reverse	HER2ST_C1_CONTROLLED__reverse	uot	0.25	2.0	her2_oracle	coordinate_response	True	80	0.02166239998769015	N	I_SPATIAL	1.0
HER2ST_manual_controlled	HER2ST_C1_CONTROLLED	within_section_controlled_combined	HER2ST::C	manual_truth_controlled	reverse	HER2ST_C1_CONTROLLED__reverse	row_softmax	0.25		label_free_rigid	base	True	1	0.00024380000832024962			
HER2ST_manual_controlled	HER2ST_C1_CONTROLLED	within_section_controlled_combined	HER2ST::C	manual_truth_controlled	reverse	HER2ST_C1_CONTROLLED__reverse	row_softmax	0.25		label_free_rigid	coordinate_response	True	1	0.00024879998818505555	R	I_SPATIAL	0.00125
HER2ST_manual_controlled	HER2ST_C1_CONTROLLED	within_section_controlled_combined	HER2ST::C	manual_truth_controlled	reverse	HER2ST_C1_CONTROLLED__reverse	row_softmax	0.25		label_free_rigid	coordinate_response	True	1	0.00026250000519212335	R	I_SPATIAL	0.000625
HER2ST_manual_controlled	HER2ST_C1_CONTROLLED	within_section_controlled_combined	HER2ST::C	manual_truth_controlled	reverse	HER2ST_C1_CONTROLLED__reverse	row_softmax	0.25		label_free_rigid	coordinate_response	True	1	0.00025409999943803996	R	I_SPATIAL	0.01
HER2ST_manual_controlled	HER2ST_C1_CONTROLLED	within_section_controlled_combined	HER2ST::C	manual_truth_controlled	reverse	HER2ST_C1_CONTROLLED__reverse	row_softmax	0.25		label_free_rigid	coordinate_response	True	1	0.00022130001161713153	R	I_SPATIAL	1.0
HER2ST_manual_controlled	HER2ST_C1_CONTROLLED	within_section_controlled_combined	HER2ST::C	manual_truth_controlled	reverse	HER2ST_C1_CONTROLLED__reverse	row_softmax	0.25		label_free_rigid	coordinate_response	True	1	0.00022430000535678118	N	I_SPATIAL	0.00125
HER2ST_manual_controlled	HER2ST_C1_CONTROLLED	within_section_controlled_combined	HER2ST::C	manual_truth_controlled	reverse	HER2ST_C1_CONTROLLED__reverse	row_softmax	0.25		label_free_rigid	coordinate_response	True	1	0.000221800000872463	N	I_SPATIAL	0.000625
HER2ST_manual_controlled	HER2ST_C1_CONTROLLED	within_section_controlled_combined	HER2ST::C	manual_truth_controlled	reverse	HER2ST_C1_CONTROLLED__reverse	row_softmax	0.25		label_free_rigid	coordinate_response	True	1	0.00021980000019539148	N	I_SPATIAL	0.01
HER2ST_manual_controlled	HER2ST_C1_CONTROLLED	within_section_controlled_combined	HER2ST::C	manual_truth_controlled	reverse	HER2ST_C1_CONTROLLED__reverse	row_softmax	0.25		label_free_rigid	coordinate_response	True	1	0.00024160000612027943	N	I_SPATIAL	1.0
HER2ST_manual_controlled	HER2ST_C1_CONTROLLED	within_section_controlled_combined	HER2ST::C	manual_truth_controlled	reverse	HER2ST_C1_CONTROLLED__reverse	row_softmax	0.25		her2_oracle	base	True	1	0.0002710999979171902			
HER2ST_manual_controlled	HER2ST_C1_CONTROLLED	within_section_controlled_combined	HER2ST::C	manual_truth_controlled	reverse	HER2ST_C1_CONTROLLED__reverse	row_softmax	0.25		her2_oracle	coordinate_response	True	1	0.00023720000172033906	R	I_SPATIAL	0.00125
HER2ST_manual_controlled	HER2ST_C1_CONTROLLED	within_section_controlled_combined	HER2ST::C	manual_truth_controlled	reverse	HER2ST_C1_CONTROLLED__reverse	row_softmax	0.25		her2_oracle	coordinate_response	True	1	0.00027770000451710075	R	I_SPATIAL	0.000625
HER2ST_manual_controlled	HER2ST_C1_CONTROLLED	within_section_controlled_combined	HER2ST::C	manual_truth_controlled	reverse	HER2ST_C1_CONTROLLED__reverse	row_softmax	0.25		her2_oracle	coordinate_response	True	1	0.0002693999995244667	R	I_SPATIAL	0.01
HER2ST_manual_controlled	HER2ST_C1_CONTROLLED	within_section_controlled_combined	HER2ST::C	manual_truth_controlled	reverse	HER2ST_C1_CONTROLLED__reverse	row_softmax	0.25		her2_oracle	coordinate_response	True	1	0.00023130000045057386	R	I_SPATIAL	1.0
HER2ST_manual_controlled	HER2ST_C1_CONTROLLED	within_section_controlled_combined	HER2ST::C	manual_truth_controlled	reverse	HER2ST_C1_CONTROLLED__reverse	row_softmax	0.25		her2_oracle	coordinate_response	True	1	0.0002347999979974702	N	I_SPATIAL	0.00125
HER2ST_manual_controlled	HER2ST_C1_CONTROLLED	within_section_controlled_combined	HER2ST::C	manual_truth_controlled	reverse	HER2ST_C1_CONTROLLED__reverse	row_softmax	0.25		her2_oracle	coordinate_response	True	1	0.00026220000290777534	N	I_SPATIAL	0.000625
HER2ST_manual_controlled	HER2ST_C1_CONTROLLED	within_section_controlled_combined	HER2ST::C	manual_truth_controlled	reverse	HER2ST_C1_CONTROLLED__reverse	row_softmax	0.25		her2_oracle	coordinate_response	True	1	0.0002305999951204285	N	I_SPATIAL	0.01
HER2ST_manual_controlled	HER2ST_C1_CONTROLLED	within_section_controlled_combined	HER2ST::C	manual_truth_controlled	reverse	HER2ST_C1_CONTROLLED__reverse	row_softmax	0.25		her2_oracle	coordinate_response	True	1	0.00022929999977350235	N	I_SPATIAL	1.0
HER2ST_manual_controlled	HER2ST_D1_CONTROLLED	within_section_controlled_combined	HER2ST::D	manual_truth_controlled	forward	HER2ST_D1_CONTROLLED	balanced_ot	0.25		baseline	base	True	200	0.102950200001942			
HER2ST_manual_controlled	HER2ST_D1_CONTROLLED	within_section_controlled_combined	HER2ST::D	manual_truth_controlled	forward	HER2ST_D1_CONTROLLED	balanced_ot	0.25		label_free_rigid	base	True	200	0.10653720000118483			
HER2ST_manual_controlled	HER2ST_D1_CONTROLLED	within_section_controlled_combined	HER2ST::D	manual_truth_controlled	forward	HER2ST_D1_CONTROLLED	balanced_ot	0.25		label_free_rigid	coordinate_response	True	200	0.10619930000393651	R	I_SPATIAL	0.00125
HER2ST_manual_controlled	HER2ST_D1_CONTROLLED	within_section_controlled_combined	HER2ST::D	manual_truth_controlled	forward	HER2ST_D1_CONTROLLED	balanced_ot	0.25		label_free_rigid	coordinate_response	True	200	0.10568500000226777	R	I_SPATIAL	0.000625
HER2ST_manual_controlled	HER2ST_D1_CONTROLLED	within_section_controlled_combined	HER2ST::D	manual_truth_controlled	forward	HER2ST_D1_CONTROLLED	balanced_ot	0.25		label_free_rigid	coordinate_response	True	200	0.10882710000441875	R	I_SPATIAL	0.01
HER2ST_manual_controlled	HER2ST_D1_CONTROLLED	within_section_controlled_combined	HER2ST::D	manual_truth_controlled	forward	HER2ST_D1_CONTROLLED	balanced_ot	0.25		label_free_rigid	coordinate_response	True	200	0.10625480000453535	R	I_SPATIAL	1.0
HER2ST_manual_controlled	HER2ST_D1_CONTROLLED	within_section_controlled_combined	HER2ST::D	manual_truth_controlled	forward	HER2ST_D1_CONTROLLED	balanced_ot	0.25		label_free_rigid	coordinate_response	True	200	0.10484479999286123	N	I_SPATIAL	0.00125
HER2ST_manual_controlled	HER2ST_D1_CONTROLLED	within_section_controlled_combined	HER2ST::D	manual_truth_controlled	forward	HER2ST_D1_CONTROLLED	balanced_ot	0.25		label_free_rigid	coordinate_response	True	200	0.10410830000182614	N	I_SPATIAL	0.000625
HER2ST_manual_controlled	HER2ST_D1_CONTROLLED	within_section_controlled_combined	HER2ST::D	manual_truth_controlled	forward	HER2ST_D1_CONTROLLED	balanced_ot	0.25		label_free_rigid	coordinate_response	True	200	0.10434479999821633	N	I_SPATIAL	0.01
HER2ST_manual_controlled	HER2ST_D1_CONTROLLED	within_section_controlled_combined	HER2ST::D	manual_truth_controlled	forward	HER2ST_D1_CONTROLLED	balanced_ot	0.25		label_free_rigid	coordinate_response	True	200	0.1025009000004502	N	I_SPATIAL	1.0
HER2ST_manual_controlled	HER2ST_D1_CONTROLLED	within_section_controlled_combined	HER2ST::D	manual_truth_controlled	forward	HER2ST_D1_CONTROLLED	uot	0.25	2.0	baseline	base	True	80	0.04734180000377819			
HER2ST_manual_controlled	HER2ST_D1_CONTROLLED	within_section_controlled_combined	HER2ST::D	manual_truth_controlled	forward	HER2ST_D1_CONTROLLED	balanced_ot	0.25		her2_oracle	base	True	200	0.10651349999534432			
HER2ST_manual_controlled	HER2ST_D1_CONTROLLED	within_section_controlled_combined	HER2ST::D	manual_truth_controlled	forward	HER2ST_D1_CONTROLLED	balanced_ot	0.25		her2_oracle	coordinate_response	True	200	0.10522160000982694	R	I_SPATIAL	0.00125
HER2ST_manual_controlled	HER2ST_D1_CONTROLLED	within_section_controlled_combined	HER2ST::D	manual_truth_controlled	forward	HER2ST_D1_CONTROLLED	balanced_ot	0.25		her2_oracle	coordinate_response	True	200	0.11010749998968095	R	I_SPATIAL	0.000625
HER2ST_manual_controlled	HER2ST_D1_CONTROLLED	within_section_controlled_combined	HER2ST::D	manual_truth_controlled	forward	HER2ST_D1_CONTROLLED	balanced_ot	0.25		her2_oracle	coordinate_response	True	200	0.10633280000183731	R	I_SPATIAL	0.01
HER2ST_manual_controlled	HER2ST_D1_CONTROLLED	within_section_controlled_combined	HER2ST::D	manual_truth_controlled	forward	HER2ST_D1_CONTROLLED	balanced_ot	0.25		her2_oracle	coordinate_response	True	200	0.1032161999901291	R	I_SPATIAL	1.0
HER2ST_manual_controlled	HER2ST_D1_CONTROLLED	within_section_controlled_combined	HER2ST::D	manual_truth_controlled	forward	HER2ST_D1_CONTROLLED	balanced_ot	0.25		her2_oracle	coordinate_response	True	200	0.10323570000764448	N	I_SPATIAL	0.00125
HER2ST_manual_controlled	HER2ST_D1_CONTROLLED	within_section_controlled_combined	HER2ST::D	manual_truth_controlled	forward	HER2ST_D1_CONTROLLED	balanced_ot	0.25		her2_oracle	coordinate_response	True	200	0.10464999999385327	N	I_SPATIAL	0.000625
HER2ST_manual_controlled	HER2ST_D1_CONTROLLED	within_section_controlled_combined	HER2ST::D	manual_truth_controlled	forward	HER2ST_D1_CONTROLLED	balanced_ot	0.25		her2_oracle	coordinate_response	True	200	0.10433729999931529	N	I_SPATIAL	0.01
HER2ST_manual_controlled	HER2ST_D1_CONTROLLED	within_section_controlled_combined	HER2ST::D	manual_truth_controlled	forward	HER2ST_D1_CONTROLLED	balanced_ot	0.25		her2_oracle	coordinate_response	True	200	0.11181760000181384	N	I_SPATIAL	1.0
HER2ST_manual_controlled	HER2ST_D1_CONTROLLED	within_section_controlled_combined	HER2ST::D	manual_truth_controlled	forward	HER2ST_D1_CONTROLLED	uot	0.25	2.0	label_free_rigid	base	True	80	0.04297400001087226			
HER2ST_manual_controlled	HER2ST_D1_CONTROLLED	within_section_controlled_combined	HER2ST::D	manual_truth_controlled	forward	HER2ST_D1_CONTROLLED	uot	0.25	2.0	label_free_rigid	coordinate_response	True	80	0.04304440000851173	R	I_SPATIAL	0.00125
HER2ST_manual_controlled	HER2ST_D1_CONTROLLED	within_section_controlled_combined	HER2ST::D	manual_truth_controlled	forward	HER2ST_D1_CONTROLLED	uot	0.25	2.0	label_free_rigid	coordinate_response	True	80	0.04207419999875128	R	I_SPATIAL	0.000625
HER2ST_manual_controlled	HER2ST_D1_CONTROLLED	within_section_controlled_combined	HER2ST::D	manual_truth_controlled	forward	HER2ST_D1_CONTROLLED	uot	0.25	2.0	label_free_rigid	coordinate_response	True	80	0.048830500003532507	R	I_SPATIAL	0.01
HER2ST_manual_controlled	HER2ST_D1_CONTROLLED	within_section_controlled_combined	HER2ST::D	manual_truth_controlled	forward	HER2ST_D1_CONTROLLED	uot	0.25	2.0	label_free_rigid	coordinate_response	True	80	0.04199250000237953	R	I_SPATIAL	1.0
HER2ST_manual_controlled	HER2ST_D1_CONTROLLED	within_section_controlled_combined	HER2ST::D	manual_truth_controlled	forward	HER2ST_D1_CONTROLLED	uot	0.25	2.0	label_free_rigid	coordinate_response	True	80	0.05574359999445733	N	I_SPATIAL	0.00125
HER2ST_manual_controlled	HER2ST_D1_CONTROLLED	within_section_controlled_combined	HER2ST::D	manual_truth_controlled	forward	HER2ST_D1_CONTROLLED	uot	0.25	2.0	label_free_rigid	coordinate_response	True	80	0.042284999988623895	N	I_SPATIAL	0.000625
HER2ST_manual_controlled	HER2ST_D1_CONTROLLED	within_section_controlled_combined	HER2ST::D	manual_truth_controlled	forward	HER2ST_D1_CONTROLLED	uot	0.25	2.0	label_free_rigid	coordinate_response	True	80	0.042828799996641465	N	I_SPATIAL	0.01
HER2ST_manual_controlled	HER2ST_D1_CONTROLLED	within_section_controlled_combined	HER2ST::D	manual_truth_controlled	forward	HER2ST_D1_CONTROLLED	uot	0.25	2.0	label_free_rigid	coordinate_response	True	80	0.041624199991929345	N	I_SPATIAL	1.0
HER2ST_manual_controlled	HER2ST_D1_CONTROLLED	within_section_controlled_combined	HER2ST::D	manual_truth_controlled	forward	HER2ST_D1_CONTROLLED	row_softmax	0.25		baseline	base	True	1	0.000593400007346645			
HER2ST_manual_controlled	HER2ST_D1_CONTROLLED	within_section_controlled_combined	HER2ST::D	manual_truth_controlled	forward	HER2ST_D1_CONTROLLED	uot	0.25	2.0	her2_oracle	base	True	80	0.044970599992666394			
HER2ST_manual_controlled	HER2ST_D1_CONTROLLED	within_section_controlled_combined	HER2ST::D	manual_truth_controlled	forward	HER2ST_D1_CONTROLLED	uot	0.25	2.0	her2_oracle	coordinate_response	True	80	0.04649700000300072	R	I_SPATIAL	0.00125
HER2ST_manual_controlled	HER2ST_D1_CONTROLLED	within_section_controlled_combined	HER2ST::D	manual_truth_controlled	forward	HER2ST_D1_CONTROLLED	uot	0.25	2.0	her2_oracle	coordinate_response	True	80	0.05009530000097584	R	I_SPATIAL	0.000625
HER2ST_manual_controlled	HER2ST_D1_CONTROLLED	within_section_controlled_combined	HER2ST::D	manual_truth_controlled	forward	HER2ST_D1_CONTROLLED	uot	0.25	2.0	her2_oracle	coordinate_response	True	80	0.04266579999239184	R	I_SPATIAL	0.01
HER2ST_manual_controlled	HER2ST_D1_CONTROLLED	within_section_controlled_combined	HER2ST::D	manual_truth_controlled	forward	HER2ST_D1_CONTROLLED	uot	0.25	2.0	her2_oracle	coordinate_response	True	80	0.0493170999980066	R	I_SPATIAL	1.0
HER2ST_manual_controlled	HER2ST_D1_CONTROLLED	within_section_controlled_combined	HER2ST::D	manual_truth_controlled	forward	HER2ST_D1_CONTROLLED	uot	0.25	2.0	her2_oracle	coordinate_response	True	80	0.04322229999525007	N	I_SPATIAL	0.00125
HER2ST_manual_controlled	HER2ST_D1_CONTROLLED	within_section_controlled_combined	HER2ST::D	manual_truth_controlled	forward	HER2ST_D1_CONTROLLED	uot	0.25	2.0	her2_oracle	coordinate_response	True	80	0.0425076999963494	N	I_SPATIAL	0.000625
HER2ST_manual_controlled	HER2ST_D1_CONTROLLED	within_section_controlled_combined	HER2ST::D	manual_truth_controlled	forward	HER2ST_D1_CONTROLLED	uot	0.25	2.0	her2_oracle	coordinate_response	True	80	0.04853059999004472	N	I_SPATIAL	0.01
HER2ST_manual_controlled	HER2ST_D1_CONTROLLED	within_section_controlled_combined	HER2ST::D	manual_truth_controlled	forward	HER2ST_D1_CONTROLLED	uot	0.25	2.0	her2_oracle	coordinate_response	True	80	0.0423439000005601	N	I_SPATIAL	1.0
HER2ST_manual_controlled	HER2ST_D1_CONTROLLED	within_section_controlled_combined	HER2ST::D	manual_truth_controlled	forward	HER2ST_D1_CONTROLLED	row_softmax	0.25		label_free_rigid	base	True	1	0.0005013999907532707			
HER2ST_manual_controlled	HER2ST_D1_CONTROLLED	within_section_controlled_combined	HER2ST::D	manual_truth_controlled	forward	HER2ST_D1_CONTROLLED	row_softmax	0.25		label_free_rigid	coordinate_response	True	1	0.0004898999904980883	R	I_SPATIAL	0.00125
HER2ST_manual_controlled	HER2ST_D1_CONTROLLED	within_section_controlled_combined	HER2ST::D	manual_truth_controlled	forward	HER2ST_D1_CONTROLLED	row_softmax	0.25		label_free_rigid	coordinate_response	True	1	0.0005724999937228858	R	I_SPATIAL	0.000625
HER2ST_manual_controlled	HER2ST_D1_CONTROLLED	within_section_controlled_combined	HER2ST::D	manual_truth_controlled	forward	HER2ST_D1_CONTROLLED	row_softmax	0.25		label_free_rigid	coordinate_response	True	1	0.000523900002008304	R	I_SPATIAL	0.01
HER2ST_manual_controlled	HER2ST_D1_CONTROLLED	within_section_controlled_combined	HER2ST::D	manual_truth_controlled	forward	HER2ST_D1_CONTROLLED	row_softmax	0.25		label_free_rigid	coordinate_response	True	1	0.0004944999964209273	R	I_SPATIAL	1.0
HER2ST_manual_controlled	HER2ST_D1_CONTROLLED	within_section_controlled_combined	HER2ST::D	manual_truth_controlled	forward	HER2ST_D1_CONTROLLED	row_softmax	0.25		label_free_rigid	coordinate_response	True	1	0.0005002999969292432	N	I_SPATIAL	0.00125
HER2ST_manual_controlled	HER2ST_D1_CONTROLLED	within_section_controlled_combined	HER2ST::D	manual_truth_controlled	forward	HER2ST_D1_CONTROLLED	row_softmax	0.25		label_free_rigid	coordinate_response	True	1	0.00047470000572502613	N	I_SPATIAL	0.000625
HER2ST_manual_controlled	HER2ST_D1_CONTROLLED	within_section_controlled_combined	HER2ST::D	manual_truth_controlled	forward	HER2ST_D1_CONTROLLED	row_softmax	0.25		label_free_rigid	coordinate_response	True	1	0.0004729999927803874	N	I_SPATIAL	0.01
HER2ST_manual_controlled	HER2ST_D1_CONTROLLED	within_section_controlled_combined	HER2ST::D	manual_truth_controlled	forward	HER2ST_D1_CONTROLLED	row_softmax	0.25		label_free_rigid	coordinate_response	True	1	0.0005168999923625961	N	I_SPATIAL	1.0
HER2ST_manual_controlled	HER2ST_D1_CONTROLLED	within_section_controlled_combined	HER2ST::D	manual_truth_controlled	forward	HER2ST_D1_CONTROLLED	row_softmax	0.25		her2_oracle	base	True	1	0.0005212999967625365			
HER2ST_manual_controlled	HER2ST_D1_CONTROLLED	within_section_controlled_combined	HER2ST::D	manual_truth_controlled	forward	HER2ST_D1_CONTROLLED	row_softmax	0.25		her2_oracle	coordinate_response	True	1	0.0004933000018354505	R	I_SPATIAL	0.00125
HER2ST_manual_controlled	HER2ST_D1_CONTROLLED	within_section_controlled_combined	HER2ST::D	manual_truth_controlled	forward	HER2ST_D1_CONTROLLED	row_softmax	0.25		her2_oracle	coordinate_response	True	1	0.0006641000072704628	R	I_SPATIAL	0.000625
HER2ST_manual_controlled	HER2ST_D1_CONTROLLED	within_section_controlled_combined	HER2ST::D	manual_truth_controlled	forward	HER2ST_D1_CONTROLLED	row_softmax	0.25		her2_oracle	coordinate_response	True	1	0.0005810000002384186	R	I_SPATIAL	0.01
HER2ST_manual_controlled	HER2ST_D1_CONTROLLED	within_section_controlled_combined	HER2ST::D	manual_truth_controlled	forward	HER2ST_D1_CONTROLLED	row_softmax	0.25		her2_oracle	coordinate_response	True	1	0.00048650000826455653	R	I_SPATIAL	1.0
HER2ST_manual_controlled	HER2ST_D1_CONTROLLED	within_section_controlled_combined	HER2ST::D	manual_truth_controlled	forward	HER2ST_D1_CONTROLLED	row_softmax	0.25		her2_oracle	coordinate_response	True	1	0.0005833999894093722	N	I_SPATIAL	0.00125
HER2ST_manual_controlled	HER2ST_D1_CONTROLLED	within_section_controlled_combined	HER2ST::D	manual_truth_controlled	forward	HER2ST_D1_CONTROLLED	row_softmax	0.25		her2_oracle	coordinate_response	True	1	0.0005746000097133219	N	I_SPATIAL	0.000625
HER2ST_manual_controlled	HER2ST_D1_CONTROLLED	within_section_controlled_combined	HER2ST::D	manual_truth_controlled	forward	HER2ST_D1_CONTROLLED	row_softmax	0.25		her2_oracle	coordinate_response	True	1	0.0005746000097133219	N	I_SPATIAL	0.01
HER2ST_manual_controlled	HER2ST_D1_CONTROLLED	within_section_controlled_combined	HER2ST::D	manual_truth_controlled	forward	HER2ST_D1_CONTROLLED	row_softmax	0.25		her2_oracle	coordinate_response	True	1	0.00048740000056568533	N	I_SPATIAL	1.0
HER2ST_manual_controlled	HER2ST_D1_CONTROLLED	within_section_controlled_combined	HER2ST::D	manual_truth_controlled	reverse	HER2ST_D1_CONTROLLED__reverse	balanced_ot	0.25		baseline	base	True	200	0.1180263999995077			
HER2ST_manual_controlled	HER2ST_D1_CONTROLLED	within_section_controlled_combined	HER2ST::D	manual_truth_controlled	reverse	HER2ST_D1_CONTROLLED__reverse	balanced_ot	0.25		label_free_rigid	base	True	200	0.11294360000465531			
HER2ST_manual_controlled	HER2ST_D1_CONTROLLED	within_section_controlled_combined	HER2ST::D	manual_truth_controlled	reverse	HER2ST_D1_CONTROLLED__reverse	balanced_ot	0.25		label_free_rigid	coordinate_response	True	200	0.11079970000719186	R	I_SPATIAL	0.00125
HER2ST_manual_controlled	HER2ST_D1_CONTROLLED	within_section_controlled_combined	HER2ST::D	manual_truth_controlled	reverse	HER2ST_D1_CONTROLLED__reverse	balanced_ot	0.25		label_free_rigid	coordinate_response	True	200	0.11638330000278074	R	I_SPATIAL	0.000625
HER2ST_manual_controlled	HER2ST_D1_CONTROLLED	within_section_controlled_combined	HER2ST::D	manual_truth_controlled	reverse	HER2ST_D1_CONTROLLED__reverse	balanced_ot	0.25		label_free_rigid	coordinate_response	True	200	0.11993460000667255	R	I_SPATIAL	0.01
HER2ST_manual_controlled	HER2ST_D1_CONTROLLED	within_section_controlled_combined	HER2ST::D	manual_truth_controlled	reverse	HER2ST_D1_CONTROLLED__reverse	balanced_ot	0.25		label_free_rigid	coordinate_response	True	200	0.12513300000864547	R	I_SPATIAL	1.0
HER2ST_manual_controlled	HER2ST_D1_CONTROLLED	within_section_controlled_combined	HER2ST::D	manual_truth_controlled	reverse	HER2ST_D1_CONTROLLED__reverse	balanced_ot	0.25		label_free_rigid	coordinate_response	True	200	0.10548589999962132	N	I_SPATIAL	0.00125
HER2ST_manual_controlled	HER2ST_D1_CONTROLLED	within_section_controlled_combined	HER2ST::D	manual_truth_controlled	reverse	HER2ST_D1_CONTROLLED__reverse	balanced_ot	0.25		label_free_rigid	coordinate_response	True	200	0.13811300000816118	N	I_SPATIAL	0.000625
HER2ST_manual_controlled	HER2ST_D1_CONTROLLED	within_section_controlled_combined	HER2ST::D	manual_truth_controlled	reverse	HER2ST_D1_CONTROLLED__reverse	balanced_ot	0.25		label_free_rigid	coordinate_response	True	200	0.11117670001112856	N	I_SPATIAL	0.01
HER2ST_manual_controlled	HER2ST_D1_CONTROLLED	within_section_controlled_combined	HER2ST::D	manual_truth_controlled	reverse	HER2ST_D1_CONTROLLED__reverse	balanced_ot	0.25		label_free_rigid	coordinate_response	True	200	0.10740609999629669	N	I_SPATIAL	1.0
HER2ST_manual_controlled	HER2ST_D1_CONTROLLED	within_section_controlled_combined	HER2ST::D	manual_truth_controlled	reverse	HER2ST_D1_CONTROLLED__reverse	balanced_ot	0.25		her2_oracle	base	True	200	0.11350420000962913			
HER2ST_manual_controlled	HER2ST_D1_CONTROLLED	within_section_controlled_combined	HER2ST::D	manual_truth_controlled	reverse	HER2ST_D1_CONTROLLED__reverse	balanced_ot	0.25		her2_oracle	coordinate_response	True	200	0.11815499998920131	R	I_SPATIAL	0.00125
HER2ST_manual_controlled	HER2ST_D1_CONTROLLED	within_section_controlled_combined	HER2ST::D	manual_truth_controlled	reverse	HER2ST_D1_CONTROLLED__reverse	balanced_ot	0.25		her2_oracle	coordinate_response	True	200	0.10849670000607148	R	I_SPATIAL	0.000625
HER2ST_manual_controlled	HER2ST_D1_CONTROLLED	within_section_controlled_combined	HER2ST::D	manual_truth_controlled	reverse	HER2ST_D1_CONTROLLED__reverse	balanced_ot	0.25		her2_oracle	coordinate_response	True	200	0.1228395000071032	R	I_SPATIAL	0.01
HER2ST_manual_controlled	HER2ST_D1_CONTROLLED	within_section_controlled_combined	HER2ST::D	manual_truth_controlled	reverse	HER2ST_D1_CONTROLLED__reverse	balanced_ot	0.25		her2_oracle	coordinate_response	True	200	0.10577000000921544	R	I_SPATIAL	1.0
HER2ST_manual_controlled	HER2ST_D1_CONTROLLED	within_section_controlled_combined	HER2ST::D	manual_truth_controlled	reverse	HER2ST_D1_CONTROLLED__reverse	balanced_ot	0.25		her2_oracle	coordinate_response	True	200	0.11180230000172742	N	I_SPATIAL	0.00125
HER2ST_manual_controlled	HER2ST_D1_CONTROLLED	within_section_controlled_combined	HER2ST::D	manual_truth_controlled	reverse	HER2ST_D1_CONTROLLED__reverse	balanced_ot	0.25		her2_oracle	coordinate_response	True	200	0.1063060000014957	N	I_SPATIAL	0.000625
HER2ST_manual_controlled	HER2ST_D1_CONTROLLED	within_section_controlled_combined	HER2ST::D	manual_truth_controlled	reverse	HER2ST_D1_CONTROLLED__reverse	balanced_ot	0.25		her2_oracle	coordinate_response	True	200	0.1053193999978248	N	I_SPATIAL	0.01
HER2ST_manual_controlled	HER2ST_D1_CONTROLLED	within_section_controlled_combined	HER2ST::D	manual_truth_controlled	reverse	HER2ST_D1_CONTROLLED__reverse	balanced_ot	0.25		her2_oracle	coordinate_response	True	200	0.10405400001036469	N	I_SPATIAL	1.0
HER2ST_manual_controlled	HER2ST_D1_CONTROLLED	within_section_controlled_combined	HER2ST::D	manual_truth_controlled	reverse	HER2ST_D1_CONTROLLED__reverse	uot	0.25	2.0	baseline	base	True	80	0.04482599999755621			
HER2ST_manual_controlled	HER2ST_D1_CONTROLLED	within_section_controlled_combined	HER2ST::D	manual_truth_controlled	reverse	HER2ST_D1_CONTROLLED__reverse	uot	0.25	2.0	her2_oracle	base	True	80	0.043298399992636405			
HER2ST_manual_controlled	HER2ST_D1_CONTROLLED	within_section_controlled_combined	HER2ST::D	manual_truth_controlled	reverse	HER2ST_D1_CONTROLLED__reverse	uot	0.25	2.0	her2_oracle	coordinate_response	True	80	0.04295089999504853	R	I_SPATIAL	0.00125
HER2ST_manual_controlled	HER2ST_D1_CONTROLLED	within_section_controlled_combined	HER2ST::D	manual_truth_controlled	reverse	HER2ST_D1_CONTROLLED__reverse	uot	0.25	2.0	her2_oracle	coordinate_response	True	80	0.042596200000843965	R	I_SPATIAL	0.000625
HER2ST_manual_controlled	HER2ST_D1_CONTROLLED	within_section_controlled_combined	HER2ST::D	manual_truth_controlled	reverse	HER2ST_D1_CONTROLLED__reverse	uot	0.25	2.0	her2_oracle	coordinate_response	True	80	0.04275439999764785	R	I_SPATIAL	0.01
HER2ST_manual_controlled	HER2ST_D1_CONTROLLED	within_section_controlled_combined	HER2ST::D	manual_truth_controlled	reverse	HER2ST_D1_CONTROLLED__reverse	uot	0.25	2.0	her2_oracle	coordinate_response	True	80	0.04133170000568498	R	I_SPATIAL	1.0
HER2ST_manual_controlled	HER2ST_D1_CONTROLLED	within_section_controlled_combined	HER2ST::D	manual_truth_controlled	reverse	HER2ST_D1_CONTROLLED__reverse	uot	0.25	2.0	her2_oracle	coordinate_response	True	80	0.04142100000171922	N	I_SPATIAL	0.00125
HER2ST_manual_controlled	HER2ST_D1_CONTROLLED	within_section_controlled_combined	HER2ST::D	manual_truth_controlled	reverse	HER2ST_D1_CONTROLLED__reverse	uot	0.25	2.0	her2_oracle	coordinate_response	True	80	0.04107619999558665	N	I_SPATIAL	0.000625
HER2ST_manual_controlled	HER2ST_D1_CONTROLLED	within_section_controlled_combined	HER2ST::D	manual_truth_controlled	reverse	HER2ST_D1_CONTROLLED__reverse	uot	0.25	2.0	her2_oracle	coordinate_response	True	80	0.04239370000141207	N	I_SPATIAL	0.01
HER2ST_manual_controlled	HER2ST_D1_CONTROLLED	within_section_controlled_combined	HER2ST::D	manual_truth_controlled	reverse	HER2ST_D1_CONTROLLED__reverse	uot	0.25	2.0	her2_oracle	coordinate_response	True	80	0.042842800001380965	N	I_SPATIAL	1.0
HER2ST_manual_controlled	HER2ST_D1_CONTROLLED	within_section_controlled_combined	HER2ST::D	manual_truth_controlled	reverse	HER2ST_D1_CONTROLLED__reverse	uot	0.25	2.0	label_free_rigid	base	True	80	0.04279870000027586			
HER2ST_manual_controlled	HER2ST_D1_CONTROLLED	within_section_controlled_combined	HER2ST::D	manual_truth_controlled	reverse	HER2ST_D1_CONTROLLED__reverse	uot	0.25	2.0	label_free_rigid	coordinate_response	True	80	0.04261660001066048	R	I_SPATIAL	0.00125
HER2ST_manual_controlled	HER2ST_D1_CONTROLLED	within_section_controlled_combined	HER2ST::D	manual_truth_controlled	reverse	HER2ST_D1_CONTROLLED__reverse	uot	0.25	2.0	label_free_rigid	coordinate_response	True	80	0.042241399991326034	R	I_SPATIAL	0.000625
HER2ST_manual_controlled	HER2ST_D1_CONTROLLED	within_section_controlled_combined	HER2ST::D	manual_truth_controlled	reverse	HER2ST_D1_CONTROLLED__reverse	uot	0.25	2.0	label_free_rigid	coordinate_response	True	80	0.04334099999687169	R	I_SPATIAL	0.01
HER2ST_manual_controlled	HER2ST_D1_CONTROLLED	within_section_controlled_combined	HER2ST::D	manual_truth_controlled	reverse	HER2ST_D1_CONTROLLED__reverse	uot	0.25	2.0	label_free_rigid	coordinate_response	True	80	0.04224719999183435	R	I_SPATIAL	1.0
HER2ST_manual_controlled	HER2ST_D1_CONTROLLED	within_section_controlled_combined	HER2ST::D	manual_truth_controlled	reverse	HER2ST_D1_CONTROLLED__reverse	uot	0.25	2.0	label_free_rigid	coordinate_response	True	80	0.04271139999036677	N	I_SPATIAL	0.00125
HER2ST_manual_controlled	HER2ST_D1_CONTROLLED	within_section_controlled_combined	HER2ST::D	manual_truth_controlled	reverse	HER2ST_D1_CONTROLLED__reverse	uot	0.25	2.0	label_free_rigid	coordinate_response	True	80	0.04164100000343751	N	I_SPATIAL	0.000625
HER2ST_manual_controlled	HER2ST_D1_CONTROLLED	within_section_controlled_combined	HER2ST::D	manual_truth_controlled	reverse	HER2ST_D1_CONTROLLED__reverse	uot	0.25	2.0	label_free_rigid	coordinate_response	True	80	0.043039999989559874	N	I_SPATIAL	0.01
HER2ST_manual_controlled	HER2ST_D1_CONTROLLED	within_section_controlled_combined	HER2ST::D	manual_truth_controlled	reverse	HER2ST_D1_CONTROLLED__reverse	uot	0.25	2.0	label_free_rigid	coordinate_response	True	80	0.042521099996520206	N	I_SPATIAL	1.0
HER2ST_manual_controlled	HER2ST_D1_CONTROLLED	within_section_controlled_combined	HER2ST::D	manual_truth_controlled	reverse	HER2ST_D1_CONTROLLED__reverse	row_softmax	0.25		baseline	base	True	1	0.0005120000132592395			
HER2ST_manual_controlled	HER2ST_D1_CONTROLLED	within_section_controlled_combined	HER2ST::D	manual_truth_controlled	reverse	HER2ST_D1_CONTROLLED__reverse	row_softmax	0.25		label_free_rigid	base	True	1	0.0005098999972688034			
HER2ST_manual_controlled	HER2ST_D1_CONTROLLED	within_section_controlled_combined	HER2ST::D	manual_truth_controlled	reverse	HER2ST_D1_CONTROLLED__reverse	row_softmax	0.25		label_free_rigid	coordinate_response	True	1	0.000489499987452291	R	I_SPATIAL	0.00125
HER2ST_manual_controlled	HER2ST_D1_CONTROLLED	within_section_controlled_combined	HER2ST::D	manual_truth_controlled	reverse	HER2ST_D1_CONTROLLED__reverse	row_softmax	0.25		label_free_rigid	coordinate_response	True	1	0.0004876999882981181	R	I_SPATIAL	0.000625
HER2ST_manual_controlled	HER2ST_D1_CONTROLLED	within_section_controlled_combined	HER2ST::D	manual_truth_controlled	reverse	HER2ST_D1_CONTROLLED__reverse	row_softmax	0.25		label_free_rigid	coordinate_response	True	1	0.00048519999836571515	R	I_SPATIAL	0.01
HER2ST_manual_controlled	HER2ST_D1_CONTROLLED	within_section_controlled_combined	HER2ST::D	manual_truth_controlled	reverse	HER2ST_D1_CONTROLLED__reverse	row_softmax	0.25		label_free_rigid	coordinate_response	True	1	0.0004819999885512516	R	I_SPATIAL	1.0
HER2ST_manual_controlled	HER2ST_D1_CONTROLLED	within_section_controlled_combined	HER2ST::D	manual_truth_controlled	reverse	HER2ST_D1_CONTROLLED__reverse	row_softmax	0.25		label_free_rigid	coordinate_response	True	1	0.0004941999941365793	N	I_SPATIAL	0.00125
HER2ST_manual_controlled	HER2ST_D1_CONTROLLED	within_section_controlled_combined	HER2ST::D	manual_truth_controlled	reverse	HER2ST_D1_CONTROLLED__reverse	row_softmax	0.25		label_free_rigid	coordinate_response	True	1	0.00048639999295119196	N	I_SPATIAL	0.000625
HER2ST_manual_controlled	HER2ST_D1_CONTROLLED	within_section_controlled_combined	HER2ST::D	manual_truth_controlled	reverse	HER2ST_D1_CONTROLLED__reverse	row_softmax	0.25		label_free_rigid	coordinate_response	True	1	0.0004856000014115125	N	I_SPATIAL	0.01
HER2ST_manual_controlled	HER2ST_D1_CONTROLLED	within_section_controlled_combined	HER2ST::D	manual_truth_controlled	reverse	HER2ST_D1_CONTROLLED__reverse	row_softmax	0.25		label_free_rigid	coordinate_response	True	1	0.0004833999992115423	N	I_SPATIAL	1.0
HER2ST_manual_controlled	HER2ST_D1_CONTROLLED	within_section_controlled_combined	HER2ST::D	manual_truth_controlled	reverse	HER2ST_D1_CONTROLLED__reverse	row_softmax	0.25		her2_oracle	base	True	1	0.0004979000077582896			
HER2ST_manual_controlled	HER2ST_D1_CONTROLLED	within_section_controlled_combined	HER2ST::D	manual_truth_controlled	reverse	HER2ST_D1_CONTROLLED__reverse	row_softmax	0.25		her2_oracle	coordinate_response	True	1	0.00047759999870322645	R	I_SPATIAL	0.00125
HER2ST_manual_controlled	HER2ST_D1_CONTROLLED	within_section_controlled_combined	HER2ST::D	manual_truth_controlled	reverse	HER2ST_D1_CONTROLLED__reverse	row_softmax	0.25		her2_oracle	coordinate_response	True	1	0.0004757999995490536	R	I_SPATIAL	0.000625
HER2ST_manual_controlled	HER2ST_D1_CONTROLLED	within_section_controlled_combined	HER2ST::D	manual_truth_controlled	reverse	HER2ST_D1_CONTROLLED__reverse	row_softmax	0.25		her2_oracle	coordinate_response	True	1	0.0005753000004915521	R	I_SPATIAL	0.01
HER2ST_manual_controlled	HER2ST_D1_CONTROLLED	within_section_controlled_combined	HER2ST::D	manual_truth_controlled	reverse	HER2ST_D1_CONTROLLED__reverse	row_softmax	0.25		her2_oracle	coordinate_response	True	1	0.0004776000132551417	R	I_SPATIAL	1.0
HER2ST_manual_controlled	HER2ST_D1_CONTROLLED	within_section_controlled_combined	HER2ST::D	manual_truth_controlled	reverse	HER2ST_D1_CONTROLLED__reverse	row_softmax	0.25		her2_oracle	coordinate_response	True	1	0.0004951000009896234	N	I_SPATIAL	0.00125
HER2ST_manual_controlled	HER2ST_D1_CONTROLLED	within_section_controlled_combined	HER2ST::D	manual_truth_controlled	reverse	HER2ST_D1_CONTROLLED__reverse	row_softmax	0.25		her2_oracle	coordinate_response	True	1	0.00047139999514911324	N	I_SPATIAL	0.000625
HER2ST_manual_controlled	HER2ST_D1_CONTROLLED	within_section_controlled_combined	HER2ST::D	manual_truth_controlled	reverse	HER2ST_D1_CONTROLLED__reverse	row_softmax	0.25		her2_oracle	coordinate_response	True	1	0.0004856000014115125	N	I_SPATIAL	0.01
HER2ST_manual_controlled	HER2ST_D1_CONTROLLED	within_section_controlled_combined	HER2ST::D	manual_truth_controlled	reverse	HER2ST_D1_CONTROLLED__reverse	row_softmax	0.25		her2_oracle	coordinate_response	True	1	0.0004743999888887629	N	I_SPATIAL	1.0
HER2ST_manual_controlled	HER2ST_E1_CONTROLLED	within_section_controlled_combined	HER2ST::E	manual_truth_controlled	forward	HER2ST_E1_CONTROLLED	balanced_ot	0.25		baseline	base	True	200	0.754238900000928			
HER2ST_manual_controlled	HER2ST_E1_CONTROLLED	within_section_controlled_combined	HER2ST::E	manual_truth_controlled	forward	HER2ST_E1_CONTROLLED	balanced_ot	0.25		label_free_rigid	base	True	200	0.7517957999953069			
HER2ST_manual_controlled	HER2ST_E1_CONTROLLED	within_section_controlled_combined	HER2ST::E	manual_truth_controlled	forward	HER2ST_E1_CONTROLLED	balanced_ot	0.25		label_free_rigid	coordinate_response	True	200	0.7578703000035603	R	I_SPATIAL	0.00125
HER2ST_manual_controlled	HER2ST_E1_CONTROLLED	within_section_controlled_combined	HER2ST::E	manual_truth_controlled	forward	HER2ST_E1_CONTROLLED	balanced_ot	0.25		label_free_rigid	coordinate_response	True	200	0.7994338999997126	R	I_SPATIAL	0.000625
HER2ST_manual_controlled	HER2ST_E1_CONTROLLED	within_section_controlled_combined	HER2ST::E	manual_truth_controlled	forward	HER2ST_E1_CONTROLLED	balanced_ot	0.25		label_free_rigid	coordinate_response	True	200	0.784340100013651	R	I_SPATIAL	0.01
HER2ST_manual_controlled	HER2ST_E1_CONTROLLED	within_section_controlled_combined	HER2ST::E	manual_truth_controlled	forward	HER2ST_E1_CONTROLLED	balanced_ot	0.25		label_free_rigid	coordinate_response	True	200	0.7863079000089783	R	I_SPATIAL	1.0
HER2ST_manual_controlled	HER2ST_E1_CONTROLLED	within_section_controlled_combined	HER2ST::E	manual_truth_controlled	forward	HER2ST_E1_CONTROLLED	balanced_ot	0.25		label_free_rigid	coordinate_response	True	200	0.758553400009987	N	I_SPATIAL	0.00125
HER2ST_manual_controlled	HER2ST_E1_CONTROLLED	within_section_controlled_combined	HER2ST::E	manual_truth_controlled	forward	HER2ST_E1_CONTROLLED	balanced_ot	0.25		label_free_rigid	coordinate_response	True	200	0.722357299993746	N	I_SPATIAL	0.000625
HER2ST_manual_controlled	HER2ST_E1_CONTROLLED	within_section_controlled_combined	HER2ST::E	manual_truth_controlled	forward	HER2ST_E1_CONTROLLED	balanced_ot	0.25		label_free_rigid	coordinate_response	True	200	0.7243132000003243	N	I_SPATIAL	0.01
HER2ST_manual_controlled	HER2ST_E1_CONTROLLED	within_section_controlled_combined	HER2ST::E	manual_truth_controlled	forward	HER2ST_E1_CONTROLLED	balanced_ot	0.25		label_free_rigid	coordinate_response	True	200	0.7309124000021257	N	I_SPATIAL	1.0
HER2ST_manual_controlled	HER2ST_E1_CONTROLLED	within_section_controlled_combined	HER2ST::E	manual_truth_controlled	forward	HER2ST_E1_CONTROLLED	uot	0.25	2.0	baseline	base	True	80	0.29040149999491405			
HER2ST_manual_controlled	HER2ST_E1_CONTROLLED	within_section_controlled_combined	HER2ST::E	manual_truth_controlled	forward	HER2ST_E1_CONTROLLED	balanced_ot	0.25		her2_oracle	base	True	200	0.759154799990938			
HER2ST_manual_controlled	HER2ST_E1_CONTROLLED	within_section_controlled_combined	HER2ST::E	manual_truth_controlled	forward	HER2ST_E1_CONTROLLED	balanced_ot	0.25		her2_oracle	coordinate_response	True	200	0.7677701000066008	R	I_SPATIAL	0.00125
HER2ST_manual_controlled	HER2ST_E1_CONTROLLED	within_section_controlled_combined	HER2ST::E	manual_truth_controlled	forward	HER2ST_E1_CONTROLLED	balanced_ot	0.25		her2_oracle	coordinate_response	True	200	0.794413199997507	R	I_SPATIAL	0.000625
HER2ST_manual_controlled	HER2ST_E1_CONTROLLED	within_section_controlled_combined	HER2ST::E	manual_truth_controlled	forward	HER2ST_E1_CONTROLLED	balanced_ot	0.25		her2_oracle	coordinate_response	True	200	0.7898109999950975	R	I_SPATIAL	0.01
HER2ST_manual_controlled	HER2ST_E1_CONTROLLED	within_section_controlled_combined	HER2ST::E	manual_truth_controlled	forward	HER2ST_E1_CONTROLLED	balanced_ot	0.25		her2_oracle	coordinate_response	True	200	0.7608680999983335	R	I_SPATIAL	1.0
HER2ST_manual_controlled	HER2ST_E1_CONTROLLED	within_section_controlled_combined	HER2ST::E	manual_truth_controlled	forward	HER2ST_E1_CONTROLLED	balanced_ot	0.25		her2_oracle	coordinate_response	True	200	0.7339829999982612	N	I_SPATIAL	0.00125
HER2ST_manual_controlled	HER2ST_E1_CONTROLLED	within_section_controlled_combined	HER2ST::E	manual_truth_controlled	forward	HER2ST_E1_CONTROLLED	balanced_ot	0.25		her2_oracle	coordinate_response	True	200	0.7639059999928577	N	I_SPATIAL	0.000625
HER2ST_manual_controlled	HER2ST_E1_CONTROLLED	within_section_controlled_combined	HER2ST::E	manual_truth_controlled	forward	HER2ST_E1_CONTROLLED	balanced_ot	0.25		her2_oracle	coordinate_response	True	200	0.731717500006198	N	I_SPATIAL	0.01
HER2ST_manual_controlled	HER2ST_E1_CONTROLLED	within_section_controlled_combined	HER2ST::E	manual_truth_controlled	forward	HER2ST_E1_CONTROLLED	balanced_ot	0.25		her2_oracle	coordinate_response	True	200	0.7188063999929	N	I_SPATIAL	1.0
HER2ST_manual_controlled	HER2ST_E1_CONTROLLED	within_section_controlled_combined	HER2ST::E	manual_truth_controlled	forward	HER2ST_E1_CONTROLLED	uot	0.25	2.0	label_free_rigid	base	True	80	0.29166350000014063			
HER2ST_manual_controlled	HER2ST_E1_CONTROLLED	within_section_controlled_combined	HER2ST::E	manual_truth_controlled	forward	HER2ST_E1_CONTROLLED	uot	0.25	2.0	label_free_rigid	coordinate_response	True	80	0.2932206999976188	R	I_SPATIAL	0.00125
HER2ST_manual_controlled	HER2ST_E1_CONTROLLED	within_section_controlled_combined	HER2ST::E	manual_truth_controlled	forward	HER2ST_E1_CONTROLLED	uot	0.25	2.0	label_free_rigid	coordinate_response	True	80	0.2906206000043312	R	I_SPATIAL	0.000625
HER2ST_manual_controlled	HER2ST_E1_CONTROLLED	within_section_controlled_combined	HER2ST::E	manual_truth_controlled	forward	HER2ST_E1_CONTROLLED	uot	0.25	2.0	label_free_rigid	coordinate_response	True	80	0.3007221000007121	R	I_SPATIAL	0.01
HER2ST_manual_controlled	HER2ST_E1_CONTROLLED	within_section_controlled_combined	HER2ST::E	manual_truth_controlled	forward	HER2ST_E1_CONTROLLED	uot	0.25	2.0	label_free_rigid	coordinate_response	True	80	0.28811249999853317	R	I_SPATIAL	1.0
HER2ST_manual_controlled	HER2ST_E1_CONTROLLED	within_section_controlled_combined	HER2ST::E	manual_truth_controlled	forward	HER2ST_E1_CONTROLLED	uot	0.25	2.0	label_free_rigid	coordinate_response	True	80	0.2854183000017656	N	I_SPATIAL	0.00125
HER2ST_manual_controlled	HER2ST_E1_CONTROLLED	within_section_controlled_combined	HER2ST::E	manual_truth_controlled	forward	HER2ST_E1_CONTROLLED	uot	0.25	2.0	label_free_rigid	coordinate_response	True	80	0.28512380000029225	N	I_SPATIAL	0.000625
HER2ST_manual_controlled	HER2ST_E1_CONTROLLED	within_section_controlled_combined	HER2ST::E	manual_truth_controlled	forward	HER2ST_E1_CONTROLLED	uot	0.25	2.0	label_free_rigid	coordinate_response	True	80	0.2849366000009468	N	I_SPATIAL	0.01
HER2ST_manual_controlled	HER2ST_E1_CONTROLLED	within_section_controlled_combined	HER2ST::E	manual_truth_controlled	forward	HER2ST_E1_CONTROLLED	uot	0.25	2.0	label_free_rigid	coordinate_response	True	80	0.28512630000477657	N	I_SPATIAL	1.0
HER2ST_manual_controlled	HER2ST_E1_CONTROLLED	within_section_controlled_combined	HER2ST::E	manual_truth_controlled	forward	HER2ST_E1_CONTROLLED	row_softmax	0.25		baseline	base	True	1	0.003296700000646524			
HER2ST_manual_controlled	HER2ST_E1_CONTROLLED	within_section_controlled_combined	HER2ST::E	manual_truth_controlled	forward	HER2ST_E1_CONTROLLED	row_softmax	0.25		label_free_rigid	base	True	1	0.003483699998469092			
HER2ST_manual_controlled	HER2ST_E1_CONTROLLED	within_section_controlled_combined	HER2ST::E	manual_truth_controlled	forward	HER2ST_E1_CONTROLLED	row_softmax	0.25		label_free_rigid	coordinate_response	True	1	0.0032771999976830557	R	I_SPATIAL	0.00125
HER2ST_manual_controlled	HER2ST_E1_CONTROLLED	within_section_controlled_combined	HER2ST::E	manual_truth_controlled	forward	HER2ST_E1_CONTROLLED	row_softmax	0.25		label_free_rigid	coordinate_response	True	1	0.0033097999985329807	R	I_SPATIAL	0.000625
HER2ST_manual_controlled	HER2ST_E1_CONTROLLED	within_section_controlled_combined	HER2ST::E	manual_truth_controlled	forward	HER2ST_E1_CONTROLLED	row_softmax	0.25		label_free_rigid	coordinate_response	True	1	0.003277600000728853	R	I_SPATIAL	0.01
HER2ST_manual_controlled	HER2ST_E1_CONTROLLED	within_section_controlled_combined	HER2ST::E	manual_truth_controlled	forward	HER2ST_E1_CONTROLLED	row_softmax	0.25		label_free_rigid	coordinate_response	True	1	0.0030778000073041767	R	I_SPATIAL	1.0
HER2ST_manual_controlled	HER2ST_E1_CONTROLLED	within_section_controlled_combined	HER2ST::E	manual_truth_controlled	forward	HER2ST_E1_CONTROLLED	row_softmax	0.25		label_free_rigid	coordinate_response	True	1	0.0031485999934375286	N	I_SPATIAL	0.00125
HER2ST_manual_controlled	HER2ST_E1_CONTROLLED	within_section_controlled_combined	HER2ST::E	manual_truth_controlled	forward	HER2ST_E1_CONTROLLED	row_softmax	0.25		label_free_rigid	coordinate_response	True	1	0.0032623000006424263	N	I_SPATIAL	0.000625
HER2ST_manual_controlled	HER2ST_E1_CONTROLLED	within_section_controlled_combined	HER2ST::E	manual_truth_controlled	forward	HER2ST_E1_CONTROLLED	row_softmax	0.25		label_free_rigid	coordinate_response	True	1	0.0031853999971644953	N	I_SPATIAL	0.01
HER2ST_manual_controlled	HER2ST_E1_CONTROLLED	within_section_controlled_combined	HER2ST::E	manual_truth_controlled	forward	HER2ST_E1_CONTROLLED	row_softmax	0.25		label_free_rigid	coordinate_response	True	1	0.003208099995390512	N	I_SPATIAL	1.0
HER2ST_manual_controlled	HER2ST_E1_CONTROLLED	within_section_controlled_combined	HER2ST::E	manual_truth_controlled	forward	HER2ST_E1_CONTROLLED	row_softmax	0.25		her2_oracle	base	True	1	0.003194200005964376			
HER2ST_manual_controlled	HER2ST_E1_CONTROLLED	within_section_controlled_combined	HER2ST::E	manual_truth_controlled	forward	HER2ST_E1_CONTROLLED	row_softmax	0.25		her2_oracle	coordinate_response	True	1	0.003238499994040467	R	I_SPATIAL	0.00125
HER2ST_manual_controlled	HER2ST_E1_CONTROLLED	within_section_controlled_combined	HER2ST::E	manual_truth_controlled	forward	HER2ST_E1_CONTROLLED	row_softmax	0.25		her2_oracle	coordinate_response	True	1	0.0032275999983539805	R	I_SPATIAL	0.000625
HER2ST_manual_controlled	HER2ST_E1_CONTROLLED	within_section_controlled_combined	HER2ST::E	manual_truth_controlled	forward	HER2ST_E1_CONTROLLED	row_softmax	0.25		her2_oracle	coordinate_response	True	1	0.0032482000096933916	R	I_SPATIAL	0.01
HER2ST_manual_controlled	HER2ST_E1_CONTROLLED	within_section_controlled_combined	HER2ST::E	manual_truth_controlled	forward	HER2ST_E1_CONTROLLED	row_softmax	0.25		her2_oracle	coordinate_response	True	1	0.0038369999965652823	R	I_SPATIAL	1.0
HER2ST_manual_controlled	HER2ST_E1_CONTROLLED	within_section_controlled_combined	HER2ST::E	manual_truth_controlled	forward	HER2ST_E1_CONTROLLED	row_softmax	0.25		her2_oracle	coordinate_response	True	1	0.0032340000034309924	N	I_SPATIAL	0.00125
HER2ST_manual_controlled	HER2ST_E1_CONTROLLED	within_section_controlled_combined	HER2ST::E	manual_truth_controlled	forward	HER2ST_E1_CONTROLLED	row_softmax	0.25		her2_oracle	coordinate_response	True	1	0.003320699994219467	N	I_SPATIAL	0.000625
HER2ST_manual_controlled	HER2ST_E1_CONTROLLED	within_section_controlled_combined	HER2ST::E	manual_truth_controlled	forward	HER2ST_E1_CONTROLLED	row_softmax	0.25		her2_oracle	coordinate_response	True	1	0.0033168000081786886	N	I_SPATIAL	0.01
HER2ST_manual_controlled	HER2ST_E1_CONTROLLED	within_section_controlled_combined	HER2ST::E	manual_truth_controlled	forward	HER2ST_E1_CONTROLLED	row_softmax	0.25		her2_oracle	coordinate_response	True	1	0.0033174999989569187	N	I_SPATIAL	1.0
HER2ST_manual_controlled	HER2ST_E1_CONTROLLED	within_section_controlled_combined	HER2ST::E	manual_truth_controlled	forward	HER2ST_E1_CONTROLLED	uot	0.25	2.0	her2_oracle	base	True	80	0.2932728000014322			
HER2ST_manual_controlled	HER2ST_E1_CONTROLLED	within_section_controlled_combined	HER2ST::E	manual_truth_controlled	forward	HER2ST_E1_CONTROLLED	uot	0.25	2.0	her2_oracle	coordinate_response	True	80	0.31914900000265334	R	I_SPATIAL	0.00125
HER2ST_manual_controlled	HER2ST_E1_CONTROLLED	within_section_controlled_combined	HER2ST::E	manual_truth_controlled	forward	HER2ST_E1_CONTROLLED	uot	0.25	2.0	her2_oracle	coordinate_response	True	80	0.3156362000008812	R	I_SPATIAL	0.000625
HER2ST_manual_controlled	HER2ST_E1_CONTROLLED	within_section_controlled_combined	HER2ST::E	manual_truth_controlled	forward	HER2ST_E1_CONTROLLED	uot	0.25	2.0	her2_oracle	coordinate_response	True	80	0.2952269000088563	R	I_SPATIAL	0.01
HER2ST_manual_controlled	HER2ST_E1_CONTROLLED	within_section_controlled_combined	HER2ST::E	manual_truth_controlled	forward	HER2ST_E1_CONTROLLED	uot	0.25	2.0	her2_oracle	coordinate_response	True	80	0.28630530000373255	R	I_SPATIAL	1.0
HER2ST_manual_controlled	HER2ST_E1_CONTROLLED	within_section_controlled_combined	HER2ST::E	manual_truth_controlled	forward	HER2ST_E1_CONTROLLED	uot	0.25	2.0	her2_oracle	coordinate_response	True	80	0.2858046000037575	N	I_SPATIAL	0.00125
HER2ST_manual_controlled	HER2ST_E1_CONTROLLED	within_section_controlled_combined	HER2ST::E	manual_truth_controlled	forward	HER2ST_E1_CONTROLLED	uot	0.25	2.0	her2_oracle	coordinate_response	True	80	0.2863925999990897	N	I_SPATIAL	0.000625
HER2ST_manual_controlled	HER2ST_E1_CONTROLLED	within_section_controlled_combined	HER2ST::E	manual_truth_controlled	forward	HER2ST_E1_CONTROLLED	uot	0.25	2.0	her2_oracle	coordinate_response	True	80	0.2918971000035526	N	I_SPATIAL	0.01
HER2ST_manual_controlled	HER2ST_E1_CONTROLLED	within_section_controlled_combined	HER2ST::E	manual_truth_controlled	forward	HER2ST_E1_CONTROLLED	uot	0.25	2.0	her2_oracle	coordinate_response	True	80	0.2946808999986388	N	I_SPATIAL	1.0
HER2ST_manual_controlled	HER2ST_E1_CONTROLLED	within_section_controlled_combined	HER2ST::E	manual_truth_controlled	reverse	HER2ST_E1_CONTROLLED__reverse	balanced_ot	0.25		baseline	base	True	200	0.7348695000109728			
HER2ST_manual_controlled	HER2ST_E1_CONTROLLED	within_section_controlled_combined	HER2ST::E	manual_truth_controlled	reverse	HER2ST_E1_CONTROLLED__reverse	balanced_ot	0.25		label_free_rigid	base	True	200	0.7437006999971345			
HER2ST_manual_controlled	HER2ST_E1_CONTROLLED	within_section_controlled_combined	HER2ST::E	manual_truth_controlled	reverse	HER2ST_E1_CONTROLLED__reverse	balanced_ot	0.25		label_free_rigid	coordinate_response	True	200	0.748728900012793	R	I_SPATIAL	0.00125
HER2ST_manual_controlled	HER2ST_E1_CONTROLLED	within_section_controlled_combined	HER2ST::E	manual_truth_controlled	reverse	HER2ST_E1_CONTROLLED__reverse	balanced_ot	0.25		label_free_rigid	coordinate_response	True	200	0.7149262000020826	R	I_SPATIAL	0.000625
HER2ST_manual_controlled	HER2ST_E1_CONTROLLED	within_section_controlled_combined	HER2ST::E	manual_truth_controlled	reverse	HER2ST_E1_CONTROLLED__reverse	balanced_ot	0.25		label_free_rigid	coordinate_response	True	200	0.7167328000068665	R	I_SPATIAL	0.01
HER2ST_manual_controlled	HER2ST_E1_CONTROLLED	within_section_controlled_combined	HER2ST::E	manual_truth_controlled	reverse	HER2ST_E1_CONTROLLED__reverse	balanced_ot	0.25		label_free_rigid	coordinate_response	True	200	0.7221788999886485	R	I_SPATIAL	1.0
HER2ST_manual_controlled	HER2ST_E1_CONTROLLED	within_section_controlled_combined	HER2ST::E	manual_truth_controlled	reverse	HER2ST_E1_CONTROLLED__reverse	balanced_ot	0.25		label_free_rigid	coordinate_response	True	200	0.74489370000083	N	I_SPATIAL	0.00125
HER2ST_manual_controlled	HER2ST_E1_CONTROLLED	within_section_controlled_combined	HER2ST::E	manual_truth_controlled	reverse	HER2ST_E1_CONTROLLED__reverse	balanced_ot	0.25		label_free_rigid	coordinate_response	True	200	0.7260529000050155	N	I_SPATIAL	0.000625
HER2ST_manual_controlled	HER2ST_E1_CONTROLLED	within_section_controlled_combined	HER2ST::E	manual_truth_controlled	reverse	HER2ST_E1_CONTROLLED__reverse	balanced_ot	0.25		label_free_rigid	coordinate_response	True	200	0.7450972999940859	N	I_SPATIAL	0.01
HER2ST_manual_controlled	HER2ST_E1_CONTROLLED	within_section_controlled_combined	HER2ST::E	manual_truth_controlled	reverse	HER2ST_E1_CONTROLLED__reverse	balanced_ot	0.25		label_free_rigid	coordinate_response	True	200	0.7092084000032628	N	I_SPATIAL	1.0
HER2ST_manual_controlled	HER2ST_E1_CONTROLLED	within_section_controlled_combined	HER2ST::E	manual_truth_controlled	reverse	HER2ST_E1_CONTROLLED__reverse	uot	0.25	2.0	baseline	base	True	80	0.2933398000022862			
HER2ST_manual_controlled	HER2ST_E1_CONTROLLED	within_section_controlled_combined	HER2ST::E	manual_truth_controlled	reverse	HER2ST_E1_CONTROLLED__reverse	balanced_ot	0.25		her2_oracle	base	True	200	0.751089299999876			
HER2ST_manual_controlled	HER2ST_E1_CONTROLLED	within_section_controlled_combined	HER2ST::E	manual_truth_controlled	reverse	HER2ST_E1_CONTROLLED__reverse	balanced_ot	0.25		her2_oracle	coordinate_response	True	200	0.7481862999993609	R	I_SPATIAL	0.00125
HER2ST_manual_controlled	HER2ST_E1_CONTROLLED	within_section_controlled_combined	HER2ST::E	manual_truth_controlled	reverse	HER2ST_E1_CONTROLLED__reverse	balanced_ot	0.25		her2_oracle	coordinate_response	True	200	0.7533375000057276	R	I_SPATIAL	0.000625
HER2ST_manual_controlled	HER2ST_E1_CONTROLLED	within_section_controlled_combined	HER2ST::E	manual_truth_controlled	reverse	HER2ST_E1_CONTROLLED__reverse	balanced_ot	0.25		her2_oracle	coordinate_response	True	200	0.7308784000051674	R	I_SPATIAL	0.01
HER2ST_manual_controlled	HER2ST_E1_CONTROLLED	within_section_controlled_combined	HER2ST::E	manual_truth_controlled	reverse	HER2ST_E1_CONTROLLED__reverse	balanced_ot	0.25		her2_oracle	coordinate_response	True	200	0.7382097999943653	R	I_SPATIAL	1.0
HER2ST_manual_controlled	HER2ST_E1_CONTROLLED	within_section_controlled_combined	HER2ST::E	manual_truth_controlled	reverse	HER2ST_E1_CONTROLLED__reverse	balanced_ot	0.25		her2_oracle	coordinate_response	True	200	0.7350792000070214	N	I_SPATIAL	0.00125
HER2ST_manual_controlled	HER2ST_E1_CONTROLLED	within_section_controlled_combined	HER2ST::E	manual_truth_controlled	reverse	HER2ST_E1_CONTROLLED__reverse	balanced_ot	0.25		her2_oracle	coordinate_response	True	200	0.7523948000016389	N	I_SPATIAL	0.000625
HER2ST_manual_controlled	HER2ST_E1_CONTROLLED	within_section_controlled_combined	HER2ST::E	manual_truth_controlled	reverse	HER2ST_E1_CONTROLLED__reverse	balanced_ot	0.25		her2_oracle	coordinate_response	True	200	0.7150254000007408	N	I_SPATIAL	0.01
HER2ST_manual_controlled	HER2ST_E1_CONTROLLED	within_section_controlled_combined	HER2ST::E	manual_truth_controlled	reverse	HER2ST_E1_CONTROLLED__reverse	balanced_ot	0.25		her2_oracle	coordinate_response	True	200	0.7231928999972297	N	I_SPATIAL	1.0
HER2ST_manual_controlled	HER2ST_E1_CONTROLLED	within_section_controlled_combined	HER2ST::E	manual_truth_controlled	reverse	HER2ST_E1_CONTROLLED__reverse	uot	0.25	2.0	label_free_rigid	base	True	80	0.2856949999986682			
HER2ST_manual_controlled	HER2ST_E1_CONTROLLED	within_section_controlled_combined	HER2ST::E	manual_truth_controlled	reverse	HER2ST_E1_CONTROLLED__reverse	uot	0.25	2.0	label_free_rigid	coordinate_response	True	80	0.297023100007209	R	I_SPATIAL	0.00125
HER2ST_manual_controlled	HER2ST_E1_CONTROLLED	within_section_controlled_combined	HER2ST::E	manual_truth_controlled	reverse	HER2ST_E1_CONTROLLED__reverse	uot	0.25	2.0	label_free_rigid	coordinate_response	True	80	0.2873159000009764	R	I_SPATIAL	0.000625
HER2ST_manual_controlled	HER2ST_E1_CONTROLLED	within_section_controlled_combined	HER2ST::E	manual_truth_controlled	reverse	HER2ST_E1_CONTROLLED__reverse	uot	0.25	2.0	label_free_rigid	coordinate_response	True	80	0.2992744000075618	R	I_SPATIAL	0.01
HER2ST_manual_controlled	HER2ST_E1_CONTROLLED	within_section_controlled_combined	HER2ST::E	manual_truth_controlled	reverse	HER2ST_E1_CONTROLLED__reverse	uot	0.25	2.0	label_free_rigid	coordinate_response	True	80	0.2862595000042347	R	I_SPATIAL	1.0
HER2ST_manual_controlled	HER2ST_E1_CONTROLLED	within_section_controlled_combined	HER2ST::E	manual_truth_controlled	reverse	HER2ST_E1_CONTROLLED__reverse	uot	0.25	2.0	label_free_rigid	coordinate_response	True	80	0.2841953999886755	N	I_SPATIAL	0.00125
HER2ST_manual_controlled	HER2ST_E1_CONTROLLED	within_section_controlled_combined	HER2ST::E	manual_truth_controlled	reverse	HER2ST_E1_CONTROLLED__reverse	uot	0.25	2.0	label_free_rigid	coordinate_response	True	80	0.28278969999519177	N	I_SPATIAL	0.000625
HER2ST_manual_controlled	HER2ST_E1_CONTROLLED	within_section_controlled_combined	HER2ST::E	manual_truth_controlled	reverse	HER2ST_E1_CONTROLLED__reverse	uot	0.25	2.0	label_free_rigid	coordinate_response	True	80	0.2871061999903759	N	I_SPATIAL	0.01
HER2ST_manual_controlled	HER2ST_E1_CONTROLLED	within_section_controlled_combined	HER2ST::E	manual_truth_controlled	reverse	HER2ST_E1_CONTROLLED__reverse	uot	0.25	2.0	label_free_rigid	coordinate_response	True	80	0.29914869999629445	N	I_SPATIAL	1.0
HER2ST_manual_controlled	HER2ST_E1_CONTROLLED	within_section_controlled_combined	HER2ST::E	manual_truth_controlled	reverse	HER2ST_E1_CONTROLLED__reverse	row_softmax	0.25		baseline	base	True	1	0.003282199992099777			
HER2ST_manual_controlled	HER2ST_E1_CONTROLLED	within_section_controlled_combined	HER2ST::E	manual_truth_controlled	reverse	HER2ST_E1_CONTROLLED__reverse	row_softmax	0.25		label_free_rigid	base	True	1	0.0031845000048633665			
HER2ST_manual_controlled	HER2ST_E1_CONTROLLED	within_section_controlled_combined	HER2ST::E	manual_truth_controlled	reverse	HER2ST_E1_CONTROLLED__reverse	row_softmax	0.25		label_free_rigid	coordinate_response	True	1	0.003482400003122166	R	I_SPATIAL	0.00125
HER2ST_manual_controlled	HER2ST_E1_CONTROLLED	within_section_controlled_combined	HER2ST::E	manual_truth_controlled	reverse	HER2ST_E1_CONTROLLED__reverse	row_softmax	0.25		label_free_rigid	coordinate_response	True	1	0.0036760999937541783	R	I_SPATIAL	0.000625
HER2ST_manual_controlled	HER2ST_E1_CONTROLLED	within_section_controlled_combined	HER2ST::E	manual_truth_controlled	reverse	HER2ST_E1_CONTROLLED__reverse	row_softmax	0.25		label_free_rigid	coordinate_response	True	1	0.0034823000023607165	R	I_SPATIAL	0.01
HER2ST_manual_controlled	HER2ST_E1_CONTROLLED	within_section_controlled_combined	HER2ST::E	manual_truth_controlled	reverse	HER2ST_E1_CONTROLLED__reverse	row_softmax	0.25		label_free_rigid	coordinate_response	True	1	0.0034948999964399263	R	I_SPATIAL	1.0
HER2ST_manual_controlled	HER2ST_E1_CONTROLLED	within_section_controlled_combined	HER2ST::E	manual_truth_controlled	reverse	HER2ST_E1_CONTROLLED__reverse	row_softmax	0.25		label_free_rigid	coordinate_response	True	1	0.0031675000063842162	N	I_SPATIAL	0.00125
HER2ST_manual_controlled	HER2ST_E1_CONTROLLED	within_section_controlled_combined	HER2ST::E	manual_truth_controlled	reverse	HER2ST_E1_CONTROLLED__reverse	row_softmax	0.25		label_free_rigid	coordinate_response	True	1	0.003251499991165474	N	I_SPATIAL	0.000625
HER2ST_manual_controlled	HER2ST_E1_CONTROLLED	within_section_controlled_combined	HER2ST::E	manual_truth_controlled	reverse	HER2ST_E1_CONTROLLED__reverse	row_softmax	0.25		label_free_rigid	coordinate_response	True	1	0.0032121999975061044	N	I_SPATIAL	0.01
HER2ST_manual_controlled	HER2ST_E1_CONTROLLED	within_section_controlled_combined	HER2ST::E	manual_truth_controlled	reverse	HER2ST_E1_CONTROLLED__reverse	row_softmax	0.25		label_free_rigid	coordinate_response	True	1	0.003206299996236339	N	I_SPATIAL	1.0
HER2ST_manual_controlled	HER2ST_E1_CONTROLLED	within_section_controlled_combined	HER2ST::E	manual_truth_controlled	reverse	HER2ST_E1_CONTROLLED__reverse	row_softmax	0.25		her2_oracle	base	True	1	0.0033377999934600666			
HER2ST_manual_controlled	HER2ST_E1_CONTROLLED	within_section_controlled_combined	HER2ST::E	manual_truth_controlled	reverse	HER2ST_E1_CONTROLLED__reverse	row_softmax	0.25		her2_oracle	coordinate_response	True	1	0.0032505999988643453	R	I_SPATIAL	0.00125
HER2ST_manual_controlled	HER2ST_E1_CONTROLLED	within_section_controlled_combined	HER2ST::E	manual_truth_controlled	reverse	HER2ST_E1_CONTROLLED__reverse	row_softmax	0.25		her2_oracle	coordinate_response	True	1	0.0030088999919826165	R	I_SPATIAL	0.000625
HER2ST_manual_controlled	HER2ST_E1_CONTROLLED	within_section_controlled_combined	HER2ST::E	manual_truth_controlled	reverse	HER2ST_E1_CONTROLLED__reverse	row_softmax	0.25		her2_oracle	coordinate_response	True	1	0.0031956999882822856	R	I_SPATIAL	0.01
HER2ST_manual_controlled	HER2ST_E1_CONTROLLED	within_section_controlled_combined	HER2ST::E	manual_truth_controlled	reverse	HER2ST_E1_CONTROLLED__reverse	row_softmax	0.25		her2_oracle	coordinate_response	True	1	0.0031943999929353595	R	I_SPATIAL	1.0
HER2ST_manual_controlled	HER2ST_E1_CONTROLLED	within_section_controlled_combined	HER2ST::E	manual_truth_controlled	reverse	HER2ST_E1_CONTROLLED__reverse	row_softmax	0.25		her2_oracle	coordinate_response	True	1	0.003110800011199899	N	I_SPATIAL	0.00125
HER2ST_manual_controlled	HER2ST_E1_CONTROLLED	within_section_controlled_combined	HER2ST::E	manual_truth_controlled	reverse	HER2ST_E1_CONTROLLED__reverse	row_softmax	0.25		her2_oracle	coordinate_response	True	1	0.003077000001212582	N	I_SPATIAL	0.000625
HER2ST_manual_controlled	HER2ST_E1_CONTROLLED	within_section_controlled_combined	HER2ST::E	manual_truth_controlled	reverse	HER2ST_E1_CONTROLLED__reverse	row_softmax	0.25		her2_oracle	coordinate_response	True	1	0.0030898000113666058	N	I_SPATIAL	0.01
HER2ST_manual_controlled	HER2ST_E1_CONTROLLED	within_section_controlled_combined	HER2ST::E	manual_truth_controlled	reverse	HER2ST_E1_CONTROLLED__reverse	row_softmax	0.25		her2_oracle	coordinate_response	True	1	0.0037961999914841726	N	I_SPATIAL	1.0
HER2ST_manual_controlled	HER2ST_E1_CONTROLLED	within_section_controlled_combined	HER2ST::E	manual_truth_controlled	reverse	HER2ST_E1_CONTROLLED__reverse	uot	0.25	2.0	her2_oracle	base	True	80	0.28883789999235887			
HER2ST_manual_controlled	HER2ST_E1_CONTROLLED	within_section_controlled_combined	HER2ST::E	manual_truth_controlled	reverse	HER2ST_E1_CONTROLLED__reverse	uot	0.25	2.0	her2_oracle	coordinate_response	True	80	0.3059395000018412	R	I_SPATIAL	0.00125
HER2ST_manual_controlled	HER2ST_E1_CONTROLLED	within_section_controlled_combined	HER2ST::E	manual_truth_controlled	reverse	HER2ST_E1_CONTROLLED__reverse	uot	0.25	2.0	her2_oracle	coordinate_response	True	80	0.30201270000543445	R	I_SPATIAL	0.000625
HER2ST_manual_controlled	HER2ST_E1_CONTROLLED	within_section_controlled_combined	HER2ST::E	manual_truth_controlled	reverse	HER2ST_E1_CONTROLLED__reverse	uot	0.25	2.0	her2_oracle	coordinate_response	True	80	0.28539969999110326	R	I_SPATIAL	0.01
HER2ST_manual_controlled	HER2ST_E1_CONTROLLED	within_section_controlled_combined	HER2ST::E	manual_truth_controlled	reverse	HER2ST_E1_CONTROLLED__reverse	uot	0.25	2.0	her2_oracle	coordinate_response	True	80	0.284598799989908	R	I_SPATIAL	1.0
HER2ST_manual_controlled	HER2ST_E1_CONTROLLED	within_section_controlled_combined	HER2ST::E	manual_truth_controlled	reverse	HER2ST_E1_CONTROLLED__reverse	uot	0.25	2.0	her2_oracle	coordinate_response	True	80	0.2823336000001291	N	I_SPATIAL	0.00125
HER2ST_manual_controlled	HER2ST_E1_CONTROLLED	within_section_controlled_combined	HER2ST::E	manual_truth_controlled	reverse	HER2ST_E1_CONTROLLED__reverse	uot	0.25	2.0	her2_oracle	coordinate_response	True	80	0.2887678999977652	N	I_SPATIAL	0.000625
HER2ST_manual_controlled	HER2ST_E1_CONTROLLED	within_section_controlled_combined	HER2ST::E	manual_truth_controlled	reverse	HER2ST_E1_CONTROLLED__reverse	uot	0.25	2.0	her2_oracle	coordinate_response	True	80	0.29598709999118	N	I_SPATIAL	0.01
HER2ST_manual_controlled	HER2ST_E1_CONTROLLED	within_section_controlled_combined	HER2ST::E	manual_truth_controlled	reverse	HER2ST_E1_CONTROLLED__reverse	uot	0.25	2.0	her2_oracle	coordinate_response	True	80	0.30535260000033304	N	I_SPATIAL	1.0
HER2ST_manual_controlled	HER2ST_F1_CONTROLLED	within_section_controlled_combined	HER2ST::F	manual_truth_controlled	forward	HER2ST_F1_CONTROLLED	balanced_ot	0.25		baseline	base	True	200	1.1187307999935001			
HER2ST_manual_controlled	HER2ST_F1_CONTROLLED	within_section_controlled_combined	HER2ST::F	manual_truth_controlled	forward	HER2ST_F1_CONTROLLED	balanced_ot	0.25		label_free_rigid	base	True	200	1.1110454000008758			
HER2ST_manual_controlled	HER2ST_F1_CONTROLLED	within_section_controlled_combined	HER2ST::F	manual_truth_controlled	forward	HER2ST_F1_CONTROLLED	balanced_ot	0.25		label_free_rigid	coordinate_response	True	200	1.1462154999899212	R	I_SPATIAL	0.00125
HER2ST_manual_controlled	HER2ST_F1_CONTROLLED	within_section_controlled_combined	HER2ST::F	manual_truth_controlled	forward	HER2ST_F1_CONTROLLED	balanced_ot	0.25		label_free_rigid	coordinate_response	True	200	1.1361849999957485	R	I_SPATIAL	0.000625
HER2ST_manual_controlled	HER2ST_F1_CONTROLLED	within_section_controlled_combined	HER2ST::F	manual_truth_controlled	forward	HER2ST_F1_CONTROLLED	balanced_ot	0.25		label_free_rigid	coordinate_response	True	200	1.1291807999950834	R	I_SPATIAL	0.01
HER2ST_manual_controlled	HER2ST_F1_CONTROLLED	within_section_controlled_combined	HER2ST::F	manual_truth_controlled	forward	HER2ST_F1_CONTROLLED	balanced_ot	0.25		label_free_rigid	coordinate_response	True	200	1.0928999000025215	R	I_SPATIAL	1.0
HER2ST_manual_controlled	HER2ST_F1_CONTROLLED	within_section_controlled_combined	HER2ST::F	manual_truth_controlled	forward	HER2ST_F1_CONTROLLED	balanced_ot	0.25		label_free_rigid	coordinate_response	True	200	1.0848976000124821	N	I_SPATIAL	0.00125
HER2ST_manual_controlled	HER2ST_F1_CONTROLLED	within_section_controlled_combined	HER2ST::F	manual_truth_controlled	forward	HER2ST_F1_CONTROLLED	balanced_ot	0.25		label_free_rigid	coordinate_response	True	200	1.1093887999886647	N	I_SPATIAL	0.000625
HER2ST_manual_controlled	HER2ST_F1_CONTROLLED	within_section_controlled_combined	HER2ST::F	manual_truth_controlled	forward	HER2ST_F1_CONTROLLED	balanced_ot	0.25		label_free_rigid	coordinate_response	True	200	1.0863116000109585	N	I_SPATIAL	0.01
HER2ST_manual_controlled	HER2ST_F1_CONTROLLED	within_section_controlled_combined	HER2ST::F	manual_truth_controlled	forward	HER2ST_F1_CONTROLLED	balanced_ot	0.25		label_free_rigid	coordinate_response	True	200	1.1188139000005322	N	I_SPATIAL	1.0
HER2ST_manual_controlled	HER2ST_F1_CONTROLLED	within_section_controlled_combined	HER2ST::F	manual_truth_controlled	forward	HER2ST_F1_CONTROLLED	uot	0.25	2.0	baseline	base	True	80	0.43732929999532644			
HER2ST_manual_controlled	HER2ST_F1_CONTROLLED	within_section_controlled_combined	HER2ST::F	manual_truth_controlled	forward	HER2ST_F1_CONTROLLED	balanced_ot	0.25		her2_oracle	base	True	200	1.1312619999953313			
HER2ST_manual_controlled	HER2ST_F1_CONTROLLED	within_section_controlled_combined	HER2ST::F	manual_truth_controlled	forward	HER2ST_F1_CONTROLLED	balanced_ot	0.25		her2_oracle	coordinate_response	True	200	1.1384136999986367	R	I_SPATIAL	0.00125
HER2ST_manual_controlled	HER2ST_F1_CONTROLLED	within_section_controlled_combined	HER2ST::F	manual_truth_controlled	forward	HER2ST_F1_CONTROLLED	balanced_ot	0.25		her2_oracle	coordinate_response	True	200	1.1198222000093665	R	I_SPATIAL	0.000625
HER2ST_manual_controlled	HER2ST_F1_CONTROLLED	within_section_controlled_combined	HER2ST::F	manual_truth_controlled	forward	HER2ST_F1_CONTROLLED	balanced_ot	0.25		her2_oracle	coordinate_response	True	200	1.090166300011333	R	I_SPATIAL	0.01
HER2ST_manual_controlled	HER2ST_F1_CONTROLLED	within_section_controlled_combined	HER2ST::F	manual_truth_controlled	forward	HER2ST_F1_CONTROLLED	balanced_ot	0.25		her2_oracle	coordinate_response	True	200	1.1026827000023331	R	I_SPATIAL	1.0
HER2ST_manual_controlled	HER2ST_F1_CONTROLLED	within_section_controlled_combined	HER2ST::F	manual_truth_controlled	forward	HER2ST_F1_CONTROLLED	balanced_ot	0.25		her2_oracle	coordinate_response	True	200	1.105101500012097	N	I_SPATIAL	0.00125
HER2ST_manual_controlled	HER2ST_F1_CONTROLLED	within_section_controlled_combined	HER2ST::F	manual_truth_controlled	forward	HER2ST_F1_CONTROLLED	balanced_ot	0.25		her2_oracle	coordinate_response	True	200	1.0908976000064285	N	I_SPATIAL	0.000625
HER2ST_manual_controlled	HER2ST_F1_CONTROLLED	within_section_controlled_combined	HER2ST::F	manual_truth_controlled	forward	HER2ST_F1_CONTROLLED	balanced_ot	0.25		her2_oracle	coordinate_response	True	200	1.1184977999946568	N	I_SPATIAL	0.01
HER2ST_manual_controlled	HER2ST_F1_CONTROLLED	within_section_controlled_combined	HER2ST::F	manual_truth_controlled	forward	HER2ST_F1_CONTROLLED	balanced_ot	0.25		her2_oracle	coordinate_response	True	200	1.0859657999972114	N	I_SPATIAL	1.0
HER2ST_manual_controlled	HER2ST_F1_CONTROLLED	within_section_controlled_combined	HER2ST::F	manual_truth_controlled	forward	HER2ST_F1_CONTROLLED	uot	0.25	2.0	label_free_rigid	base	True	80	0.4318580999970436			
HER2ST_manual_controlled	HER2ST_F1_CONTROLLED	within_section_controlled_combined	HER2ST::F	manual_truth_controlled	forward	HER2ST_F1_CONTROLLED	uot	0.25	2.0	label_free_rigid	coordinate_response	True	80	0.4436746999999741	R	I_SPATIAL	0.00125
HER2ST_manual_controlled	HER2ST_F1_CONTROLLED	within_section_controlled_combined	HER2ST::F	manual_truth_controlled	forward	HER2ST_F1_CONTROLLED	uot	0.25	2.0	label_free_rigid	coordinate_response	True	80	0.4716951999871526	R	I_SPATIAL	0.000625
HER2ST_manual_controlled	HER2ST_F1_CONTROLLED	within_section_controlled_combined	HER2ST::F	manual_truth_controlled	forward	HER2ST_F1_CONTROLLED	uot	0.25	2.0	label_free_rigid	coordinate_response	True	80	0.45656929998949636	R	I_SPATIAL	0.01
HER2ST_manual_controlled	HER2ST_F1_CONTROLLED	within_section_controlled_combined	HER2ST::F	manual_truth_controlled	forward	HER2ST_F1_CONTROLLED	uot	0.25	2.0	label_free_rigid	coordinate_response	True	80	0.45291350000479724	R	I_SPATIAL	1.0
HER2ST_manual_controlled	HER2ST_F1_CONTROLLED	within_section_controlled_combined	HER2ST::F	manual_truth_controlled	forward	HER2ST_F1_CONTROLLED	uot	0.25	2.0	label_free_rigid	coordinate_response	True	80	0.4363835999974981	N	I_SPATIAL	0.00125
HER2ST_manual_controlled	HER2ST_F1_CONTROLLED	within_section_controlled_combined	HER2ST::F	manual_truth_controlled	forward	HER2ST_F1_CONTROLLED	uot	0.25	2.0	label_free_rigid	coordinate_response	True	80	0.4364111999893794	N	I_SPATIAL	0.000625
HER2ST_manual_controlled	HER2ST_F1_CONTROLLED	within_section_controlled_combined	HER2ST::F	manual_truth_controlled	forward	HER2ST_F1_CONTROLLED	uot	0.25	2.0	label_free_rigid	coordinate_response	True	80	0.44923759999801405	N	I_SPATIAL	0.01
HER2ST_manual_controlled	HER2ST_F1_CONTROLLED	within_section_controlled_combined	HER2ST::F	manual_truth_controlled	forward	HER2ST_F1_CONTROLLED	uot	0.25	2.0	label_free_rigid	coordinate_response	True	80	0.4389536999951815	N	I_SPATIAL	1.0
HER2ST_manual_controlled	HER2ST_F1_CONTROLLED	within_section_controlled_combined	HER2ST::F	manual_truth_controlled	forward	HER2ST_F1_CONTROLLED	row_softmax	0.25		baseline	base	True	1	0.004898700004559942			
HER2ST_manual_controlled	HER2ST_F1_CONTROLLED	within_section_controlled_combined	HER2ST::F	manual_truth_controlled	forward	HER2ST_F1_CONTROLLED	row_softmax	0.25		label_free_rigid	base	True	1	0.00628199998755008			
HER2ST_manual_controlled	HER2ST_F1_CONTROLLED	within_section_controlled_combined	HER2ST::F	manual_truth_controlled	forward	HER2ST_F1_CONTROLLED	row_softmax	0.25		label_free_rigid	coordinate_response	True	1	0.005099300004076213	R	I_SPATIAL	0.00125
HER2ST_manual_controlled	HER2ST_F1_CONTROLLED	within_section_controlled_combined	HER2ST::F	manual_truth_controlled	forward	HER2ST_F1_CONTROLLED	row_softmax	0.25		label_free_rigid	coordinate_response	True	1	0.005073299995274283	R	I_SPATIAL	0.000625
HER2ST_manual_controlled	HER2ST_F1_CONTROLLED	within_section_controlled_combined	HER2ST::F	manual_truth_controlled	forward	HER2ST_F1_CONTROLLED	row_softmax	0.25		label_free_rigid	coordinate_response	True	1	0.004955799988238141	R	I_SPATIAL	0.01
HER2ST_manual_controlled	HER2ST_F1_CONTROLLED	within_section_controlled_combined	HER2ST::F	manual_truth_controlled	forward	HER2ST_F1_CONTROLLED	row_softmax	0.25		label_free_rigid	coordinate_response	True	1	0.005013400004827417	R	I_SPATIAL	1.0
HER2ST_manual_controlled	HER2ST_F1_CONTROLLED	within_section_controlled_combined	HER2ST::F	manual_truth_controlled	forward	HER2ST_F1_CONTROLLED	row_softmax	0.25		label_free_rigid	coordinate_response	True	1	0.00525680001010187	N	I_SPATIAL	0.00125
HER2ST_manual_controlled	HER2ST_F1_CONTROLLED	within_section_controlled_combined	HER2ST::F	manual_truth_controlled	forward	HER2ST_F1_CONTROLLED	row_softmax	0.25		label_free_rigid	coordinate_response	True	1	0.005729099997552112	N	I_SPATIAL	0.000625
HER2ST_manual_controlled	HER2ST_F1_CONTROLLED	within_section_controlled_combined	HER2ST::F	manual_truth_controlled	forward	HER2ST_F1_CONTROLLED	row_softmax	0.25		label_free_rigid	coordinate_response	True	1	0.005005900005926378	N	I_SPATIAL	0.01
HER2ST_manual_controlled	HER2ST_F1_CONTROLLED	within_section_controlled_combined	HER2ST::F	manual_truth_controlled	forward	HER2ST_F1_CONTROLLED	row_softmax	0.25		label_free_rigid	coordinate_response	True	1	0.005021600009058602	N	I_SPATIAL	1.0
HER2ST_manual_controlled	HER2ST_F1_CONTROLLED	within_section_controlled_combined	HER2ST::F	manual_truth_controlled	forward	HER2ST_F1_CONTROLLED	row_softmax	0.25		her2_oracle	base	True	1	0.007357299997238442			
HER2ST_manual_controlled	HER2ST_F1_CONTROLLED	within_section_controlled_combined	HER2ST::F	manual_truth_controlled	forward	HER2ST_F1_CONTROLLED	row_softmax	0.25		her2_oracle	coordinate_response	True	1	0.0072684999904595315	R	I_SPATIAL	0.00125
HER2ST_manual_controlled	HER2ST_F1_CONTROLLED	within_section_controlled_combined	HER2ST::F	manual_truth_controlled	forward	HER2ST_F1_CONTROLLED	row_softmax	0.25		her2_oracle	coordinate_response	True	1	0.007225599998491816	R	I_SPATIAL	0.000625
HER2ST_manual_controlled	HER2ST_F1_CONTROLLED	within_section_controlled_combined	HER2ST::F	manual_truth_controlled	forward	HER2ST_F1_CONTROLLED	row_softmax	0.25		her2_oracle	coordinate_response	True	1	0.004942699990351684	R	I_SPATIAL	0.01
HER2ST_manual_controlled	HER2ST_F1_CONTROLLED	within_section_controlled_combined	HER2ST::F	manual_truth_controlled	forward	HER2ST_F1_CONTROLLED	row_softmax	0.25		her2_oracle	coordinate_response	True	1	0.0051220999885117635	R	I_SPATIAL	1.0
HER2ST_manual_controlled	HER2ST_F1_CONTROLLED	within_section_controlled_combined	HER2ST::F	manual_truth_controlled	forward	HER2ST_F1_CONTROLLED	row_softmax	0.25		her2_oracle	coordinate_response	True	1	0.004996300005586818	N	I_SPATIAL	0.00125
HER2ST_manual_controlled	HER2ST_F1_CONTROLLED	within_section_controlled_combined	HER2ST::F	manual_truth_controlled	forward	HER2ST_F1_CONTROLLED	row_softmax	0.25		her2_oracle	coordinate_response	True	1	0.005363100004615262	N	I_SPATIAL	0.000625
HER2ST_manual_controlled	HER2ST_F1_CONTROLLED	within_section_controlled_combined	HER2ST::F	manual_truth_controlled	forward	HER2ST_F1_CONTROLLED	row_softmax	0.25		her2_oracle	coordinate_response	True	1	0.004979799996362999	N	I_SPATIAL	0.01
HER2ST_manual_controlled	HER2ST_F1_CONTROLLED	within_section_controlled_combined	HER2ST::F	manual_truth_controlled	forward	HER2ST_F1_CONTROLLED	row_softmax	0.25		her2_oracle	coordinate_response	True	1	0.005097899993415922	N	I_SPATIAL	1.0
HER2ST_manual_controlled	HER2ST_F1_CONTROLLED	within_section_controlled_combined	HER2ST::F	manual_truth_controlled	forward	HER2ST_F1_CONTROLLED	uot	0.25	2.0	her2_oracle	base	True	80	0.45235089999914635			
HER2ST_manual_controlled	HER2ST_F1_CONTROLLED	within_section_controlled_combined	HER2ST::F	manual_truth_controlled	forward	HER2ST_F1_CONTROLLED	uot	0.25	2.0	her2_oracle	coordinate_response	True	80	0.4462150000035763	R	I_SPATIAL	0.00125
HER2ST_manual_controlled	HER2ST_F1_CONTROLLED	within_section_controlled_combined	HER2ST::F	manual_truth_controlled	forward	HER2ST_F1_CONTROLLED	uot	0.25	2.0	her2_oracle	coordinate_response	True	80	0.474346399991191	R	I_SPATIAL	0.000625
HER2ST_manual_controlled	HER2ST_F1_CONTROLLED	within_section_controlled_combined	HER2ST::F	manual_truth_controlled	forward	HER2ST_F1_CONTROLLED	uot	0.25	2.0	her2_oracle	coordinate_response	True	80	0.44736530000227503	R	I_SPATIAL	0.01
HER2ST_manual_controlled	HER2ST_F1_CONTROLLED	within_section_controlled_combined	HER2ST::F	manual_truth_controlled	forward	HER2ST_F1_CONTROLLED	uot	0.25	2.0	her2_oracle	coordinate_response	True	80	0.4335399999981746	R	I_SPATIAL	1.0
HER2ST_manual_controlled	HER2ST_F1_CONTROLLED	within_section_controlled_combined	HER2ST::F	manual_truth_controlled	forward	HER2ST_F1_CONTROLLED	uot	0.25	2.0	her2_oracle	coordinate_response	True	80	0.43293540000740904	N	I_SPATIAL	0.00125
HER2ST_manual_controlled	HER2ST_F1_CONTROLLED	within_section_controlled_combined	HER2ST::F	manual_truth_controlled	forward	HER2ST_F1_CONTROLLED	uot	0.25	2.0	her2_oracle	coordinate_response	True	80	0.444028600002639	N	I_SPATIAL	0.000625
HER2ST_manual_controlled	HER2ST_F1_CONTROLLED	within_section_controlled_combined	HER2ST::F	manual_truth_controlled	forward	HER2ST_F1_CONTROLLED	uot	0.25	2.0	her2_oracle	coordinate_response	True	80	0.4544327999901725	N	I_SPATIAL	0.01
HER2ST_manual_controlled	HER2ST_F1_CONTROLLED	within_section_controlled_combined	HER2ST::F	manual_truth_controlled	forward	HER2ST_F1_CONTROLLED	uot	0.25	2.0	her2_oracle	coordinate_response	True	80	0.4358751999970991	N	I_SPATIAL	1.0
HER2ST_manual_controlled	HER2ST_F1_CONTROLLED	within_section_controlled_combined	HER2ST::F	manual_truth_controlled	reverse	HER2ST_F1_CONTROLLED__reverse	balanced_ot	0.25		baseline	base	True	200	1.106306699992274			
HER2ST_manual_controlled	HER2ST_F1_CONTROLLED	within_section_controlled_combined	HER2ST::F	manual_truth_controlled	reverse	HER2ST_F1_CONTROLLED__reverse	balanced_ot	0.25		label_free_rigid	base	True	200	1.1123981999990065			
HER2ST_manual_controlled	HER2ST_F1_CONTROLLED	within_section_controlled_combined	HER2ST::F	manual_truth_controlled	reverse	HER2ST_F1_CONTROLLED__reverse	balanced_ot	0.25		label_free_rigid	coordinate_response	True	200	1.1242468999989796	R	I_SPATIAL	0.00125
HER2ST_manual_controlled	HER2ST_F1_CONTROLLED	within_section_controlled_combined	HER2ST::F	manual_truth_controlled	reverse	HER2ST_F1_CONTROLLED__reverse	balanced_ot	0.25		label_free_rigid	coordinate_response	True	200	1.093659199992544	R	I_SPATIAL	0.000625
HER2ST_manual_controlled	HER2ST_F1_CONTROLLED	within_section_controlled_combined	HER2ST::F	manual_truth_controlled	reverse	HER2ST_F1_CONTROLLED__reverse	balanced_ot	0.25		label_free_rigid	coordinate_response	True	200	1.1144682000012835	R	I_SPATIAL	0.01
HER2ST_manual_controlled	HER2ST_F1_CONTROLLED	within_section_controlled_combined	HER2ST::F	manual_truth_controlled	reverse	HER2ST_F1_CONTROLLED__reverse	balanced_ot	0.25		label_free_rigid	coordinate_response	True	200	1.0802446000016062	R	I_SPATIAL	1.0
HER2ST_manual_controlled	HER2ST_F1_CONTROLLED	within_section_controlled_combined	HER2ST::F	manual_truth_controlled	reverse	HER2ST_F1_CONTROLLED__reverse	balanced_ot	0.25		label_free_rigid	coordinate_response	True	200	1.122146800000337	N	I_SPATIAL	0.00125
HER2ST_manual_controlled	HER2ST_F1_CONTROLLED	within_section_controlled_combined	HER2ST::F	manual_truth_controlled	reverse	HER2ST_F1_CONTROLLED__reverse	balanced_ot	0.25		label_free_rigid	coordinate_response	True	200	1.0961777000047732	N	I_SPATIAL	0.000625
HER2ST_manual_controlled	HER2ST_F1_CONTROLLED	within_section_controlled_combined	HER2ST::F	manual_truth_controlled	reverse	HER2ST_F1_CONTROLLED__reverse	balanced_ot	0.25		label_free_rigid	coordinate_response	True	200	1.122648400007165	N	I_SPATIAL	0.01
HER2ST_manual_controlled	HER2ST_F1_CONTROLLED	within_section_controlled_combined	HER2ST::F	manual_truth_controlled	reverse	HER2ST_F1_CONTROLLED__reverse	balanced_ot	0.25		label_free_rigid	coordinate_response	True	200	1.1274338000075659	N	I_SPATIAL	1.0
HER2ST_manual_controlled	HER2ST_F1_CONTROLLED	within_section_controlled_combined	HER2ST::F	manual_truth_controlled	reverse	HER2ST_F1_CONTROLLED__reverse	uot	0.25	2.0	baseline	base	True	80	0.4331826999987243			
HER2ST_manual_controlled	HER2ST_F1_CONTROLLED	within_section_controlled_combined	HER2ST::F	manual_truth_controlled	reverse	HER2ST_F1_CONTROLLED__reverse	balanced_ot	0.25		her2_oracle	base	True	200	1.1226620999950683			
HER2ST_manual_controlled	HER2ST_F1_CONTROLLED	within_section_controlled_combined	HER2ST::F	manual_truth_controlled	reverse	HER2ST_F1_CONTROLLED__reverse	balanced_ot	0.25		her2_oracle	coordinate_response	True	200	1.0875732999993488	R	I_SPATIAL	0.00125
HER2ST_manual_controlled	HER2ST_F1_CONTROLLED	within_section_controlled_combined	HER2ST::F	manual_truth_controlled	reverse	HER2ST_F1_CONTROLLED__reverse	balanced_ot	0.25		her2_oracle	coordinate_response	True	200	1.0952758999919752	R	I_SPATIAL	0.000625
HER2ST_manual_controlled	HER2ST_F1_CONTROLLED	within_section_controlled_combined	HER2ST::F	manual_truth_controlled	reverse	HER2ST_F1_CONTROLLED__reverse	balanced_ot	0.25		her2_oracle	coordinate_response	True	200	1.0961177999997744	R	I_SPATIAL	0.01
HER2ST_manual_controlled	HER2ST_F1_CONTROLLED	within_section_controlled_combined	HER2ST::F	manual_truth_controlled	reverse	HER2ST_F1_CONTROLLED__reverse	balanced_ot	0.25		her2_oracle	coordinate_response	True	200	1.1093085000029532	R	I_SPATIAL	1.0
HER2ST_manual_controlled	HER2ST_F1_CONTROLLED	within_section_controlled_combined	HER2ST::F	manual_truth_controlled	reverse	HER2ST_F1_CONTROLLED__reverse	balanced_ot	0.25		her2_oracle	coordinate_response	True	200	1.112301800007117	N	I_SPATIAL	0.00125
HER2ST_manual_controlled	HER2ST_F1_CONTROLLED	within_section_controlled_combined	HER2ST::F	manual_truth_controlled	reverse	HER2ST_F1_CONTROLLED__reverse	balanced_ot	0.25		her2_oracle	coordinate_response	True	200	1.1121717000060016	N	I_SPATIAL	0.000625
HER2ST_manual_controlled	HER2ST_F1_CONTROLLED	within_section_controlled_combined	HER2ST::F	manual_truth_controlled	reverse	HER2ST_F1_CONTROLLED__reverse	balanced_ot	0.25		her2_oracle	coordinate_response	True	200	1.1290041000029305	N	I_SPATIAL	0.01
HER2ST_manual_controlled	HER2ST_F1_CONTROLLED	within_section_controlled_combined	HER2ST::F	manual_truth_controlled	reverse	HER2ST_F1_CONTROLLED__reverse	balanced_ot	0.25		her2_oracle	coordinate_response	True	200	1.0843443000048865	N	I_SPATIAL	1.0
HER2ST_manual_controlled	HER2ST_F1_CONTROLLED	within_section_controlled_combined	HER2ST::F	manual_truth_controlled	reverse	HER2ST_F1_CONTROLLED__reverse	uot	0.25	2.0	label_free_rigid	base	True	80	0.45159930000954773			
HER2ST_manual_controlled	HER2ST_F1_CONTROLLED	within_section_controlled_combined	HER2ST::F	manual_truth_controlled	reverse	HER2ST_F1_CONTROLLED__reverse	uot	0.25	2.0	label_free_rigid	coordinate_response	True	80	0.4720073000062257	R	I_SPATIAL	0.00125
HER2ST_manual_controlled	HER2ST_F1_CONTROLLED	within_section_controlled_combined	HER2ST::F	manual_truth_controlled	reverse	HER2ST_F1_CONTROLLED__reverse	uot	0.25	2.0	label_free_rigid	coordinate_response	True	80	0.44519290000607725	R	I_SPATIAL	0.000625
HER2ST_manual_controlled	HER2ST_F1_CONTROLLED	within_section_controlled_combined	HER2ST::F	manual_truth_controlled	reverse	HER2ST_F1_CONTROLLED__reverse	uot	0.25	2.0	label_free_rigid	coordinate_response	True	80	0.4660864999896148	R	I_SPATIAL	0.01
HER2ST_manual_controlled	HER2ST_F1_CONTROLLED	within_section_controlled_combined	HER2ST::F	manual_truth_controlled	reverse	HER2ST_F1_CONTROLLED__reverse	uot	0.25	2.0	label_free_rigid	coordinate_response	True	80	0.44981239999469835	R	I_SPATIAL	1.0
HER2ST_manual_controlled	HER2ST_F1_CONTROLLED	within_section_controlled_combined	HER2ST::F	manual_truth_controlled	reverse	HER2ST_F1_CONTROLLED__reverse	uot	0.25	2.0	label_free_rigid	coordinate_response	True	80	0.4519406000035815	N	I_SPATIAL	0.00125
HER2ST_manual_controlled	HER2ST_F1_CONTROLLED	within_section_controlled_combined	HER2ST::F	manual_truth_controlled	reverse	HER2ST_F1_CONTROLLED__reverse	uot	0.25	2.0	label_free_rigid	coordinate_response	True	80	0.43612209999992047	N	I_SPATIAL	0.000625
HER2ST_manual_controlled	HER2ST_F1_CONTROLLED	within_section_controlled_combined	HER2ST::F	manual_truth_controlled	reverse	HER2ST_F1_CONTROLLED__reverse	uot	0.25	2.0	label_free_rigid	coordinate_response	True	80	0.5199663999956101	N	I_SPATIAL	0.01
HER2ST_manual_controlled	HER2ST_F1_CONTROLLED	within_section_controlled_combined	HER2ST::F	manual_truth_controlled	reverse	HER2ST_F1_CONTROLLED__reverse	uot	0.25	2.0	label_free_rigid	coordinate_response	True	80	0.43997950000630226	N	I_SPATIAL	1.0
HER2ST_manual_controlled	HER2ST_F1_CONTROLLED	within_section_controlled_combined	HER2ST::F	manual_truth_controlled	reverse	HER2ST_F1_CONTROLLED__reverse	row_softmax	0.25		baseline	base	True	1	0.00501520000398159			
HER2ST_manual_controlled	HER2ST_F1_CONTROLLED	within_section_controlled_combined	HER2ST::F	manual_truth_controlled	reverse	HER2ST_F1_CONTROLLED__reverse	row_softmax	0.25		label_free_rigid	base	True	1	0.005090299993753433			
HER2ST_manual_controlled	HER2ST_F1_CONTROLLED	within_section_controlled_combined	HER2ST::F	manual_truth_controlled	reverse	HER2ST_F1_CONTROLLED__reverse	row_softmax	0.25		label_free_rigid	coordinate_response	True	1	0.005129099998157471	R	I_SPATIAL	0.00125
HER2ST_manual_controlled	HER2ST_F1_CONTROLLED	within_section_controlled_combined	HER2ST::F	manual_truth_controlled	reverse	HER2ST_F1_CONTROLLED__reverse	row_softmax	0.25		label_free_rigid	coordinate_response	True	1	0.005034700006945059	R	I_SPATIAL	0.000625
HER2ST_manual_controlled	HER2ST_F1_CONTROLLED	within_section_controlled_combined	HER2ST::F	manual_truth_controlled	reverse	HER2ST_F1_CONTROLLED__reverse	row_softmax	0.25		label_free_rigid	coordinate_response	True	1	0.004932600000756793	R	I_SPATIAL	0.01
HER2ST_manual_controlled	HER2ST_F1_CONTROLLED	within_section_controlled_combined	HER2ST::F	manual_truth_controlled	reverse	HER2ST_F1_CONTROLLED__reverse	row_softmax	0.25		label_free_rigid	coordinate_response	True	1	0.0048581000010017306	R	I_SPATIAL	1.0
HER2ST_manual_controlled	HER2ST_F1_CONTROLLED	within_section_controlled_combined	HER2ST::F	manual_truth_controlled	reverse	HER2ST_F1_CONTROLLED__reverse	row_softmax	0.25		label_free_rigid	coordinate_response	True	1	0.004870499993558042	N	I_SPATIAL	0.00125
HER2ST_manual_controlled	HER2ST_F1_CONTROLLED	within_section_controlled_combined	HER2ST::F	manual_truth_controlled	reverse	HER2ST_F1_CONTROLLED__reverse	row_softmax	0.25		label_free_rigid	coordinate_response	True	1	0.0050617000088095665	N	I_SPATIAL	0.000625
HER2ST_manual_controlled	HER2ST_F1_CONTROLLED	within_section_controlled_combined	HER2ST::F	manual_truth_controlled	reverse	HER2ST_F1_CONTROLLED__reverse	row_softmax	0.25		label_free_rigid	coordinate_response	True	1	0.004917700003716163	N	I_SPATIAL	0.01
HER2ST_manual_controlled	HER2ST_F1_CONTROLLED	within_section_controlled_combined	HER2ST::F	manual_truth_controlled	reverse	HER2ST_F1_CONTROLLED__reverse	row_softmax	0.25		label_free_rigid	coordinate_response	True	1	0.005017900009988807	N	I_SPATIAL	1.0
HER2ST_manual_controlled	HER2ST_F1_CONTROLLED	within_section_controlled_combined	HER2ST::F	manual_truth_controlled	reverse	HER2ST_F1_CONTROLLED__reverse	row_softmax	0.25		her2_oracle	base	True	1	0.005129600001964718			
HER2ST_manual_controlled	HER2ST_F1_CONTROLLED	within_section_controlled_combined	HER2ST::F	manual_truth_controlled	reverse	HER2ST_F1_CONTROLLED__reverse	row_softmax	0.25		her2_oracle	coordinate_response	True	1	0.0049931000103242695	R	I_SPATIAL	0.00125
HER2ST_manual_controlled	HER2ST_F1_CONTROLLED	within_section_controlled_combined	HER2ST::F	manual_truth_controlled	reverse	HER2ST_F1_CONTROLLED__reverse	row_softmax	0.25		her2_oracle	coordinate_response	True	1	0.0052686000126414	R	I_SPATIAL	0.000625
HER2ST_manual_controlled	HER2ST_F1_CONTROLLED	within_section_controlled_combined	HER2ST::F	manual_truth_controlled	reverse	HER2ST_F1_CONTROLLED__reverse	row_softmax	0.25		her2_oracle	coordinate_response	True	1	0.004836599997361191	R	I_SPATIAL	0.01
HER2ST_manual_controlled	HER2ST_F1_CONTROLLED	within_section_controlled_combined	HER2ST::F	manual_truth_controlled	reverse	HER2ST_F1_CONTROLLED__reverse	row_softmax	0.25		her2_oracle	coordinate_response	True	1	0.005165299997315742	R	I_SPATIAL	1.0
HER2ST_manual_controlled	HER2ST_F1_CONTROLLED	within_section_controlled_combined	HER2ST::F	manual_truth_controlled	reverse	HER2ST_F1_CONTROLLED__reverse	row_softmax	0.25		her2_oracle	coordinate_response	True	1	0.005025200007366948	N	I_SPATIAL	0.00125
HER2ST_manual_controlled	HER2ST_F1_CONTROLLED	within_section_controlled_combined	HER2ST::F	manual_truth_controlled	reverse	HER2ST_F1_CONTROLLED__reverse	row_softmax	0.25		her2_oracle	coordinate_response	True	1	0.00516040000366047	N	I_SPATIAL	0.000625
HER2ST_manual_controlled	HER2ST_F1_CONTROLLED	within_section_controlled_combined	HER2ST::F	manual_truth_controlled	reverse	HER2ST_F1_CONTROLLED__reverse	row_softmax	0.25		her2_oracle	coordinate_response	True	1	0.0049909999943338335	N	I_SPATIAL	0.01
HER2ST_manual_controlled	HER2ST_F1_CONTROLLED	within_section_controlled_combined	HER2ST::F	manual_truth_controlled	reverse	HER2ST_F1_CONTROLLED__reverse	row_softmax	0.25		her2_oracle	coordinate_response	True	1	0.005103699993924238	N	I_SPATIAL	1.0
HER2ST_manual_controlled	HER2ST_F1_CONTROLLED	within_section_controlled_combined	HER2ST::F	manual_truth_controlled	reverse	HER2ST_F1_CONTROLLED__reverse	uot	0.25	2.0	her2_oracle	base	True	80	0.47472909999487456			
HER2ST_manual_controlled	HER2ST_F1_CONTROLLED	within_section_controlled_combined	HER2ST::F	manual_truth_controlled	reverse	HER2ST_F1_CONTROLLED__reverse	uot	0.25	2.0	her2_oracle	coordinate_response	True	80	0.44457839999813586	R	I_SPATIAL	0.00125
HER2ST_manual_controlled	HER2ST_F1_CONTROLLED	within_section_controlled_combined	HER2ST::F	manual_truth_controlled	reverse	HER2ST_F1_CONTROLLED__reverse	uot	0.25	2.0	her2_oracle	coordinate_response	True	80	0.45041470001160633	R	I_SPATIAL	0.000625
HER2ST_manual_controlled	HER2ST_F1_CONTROLLED	within_section_controlled_combined	HER2ST::F	manual_truth_controlled	reverse	HER2ST_F1_CONTROLLED__reverse	uot	0.25	2.0	her2_oracle	coordinate_response	True	80	0.4680336999881547	R	I_SPATIAL	0.01
HER2ST_manual_controlled	HER2ST_F1_CONTROLLED	within_section_controlled_combined	HER2ST::F	manual_truth_controlled	reverse	HER2ST_F1_CONTROLLED__reverse	uot	0.25	2.0	her2_oracle	coordinate_response	True	80	0.4647870999906445	R	I_SPATIAL	1.0
HER2ST_manual_controlled	HER2ST_F1_CONTROLLED	within_section_controlled_combined	HER2ST::F	manual_truth_controlled	reverse	HER2ST_F1_CONTROLLED__reverse	uot	0.25	2.0	her2_oracle	coordinate_response	True	80	0.4621499000058975	N	I_SPATIAL	0.00125
HER2ST_manual_controlled	HER2ST_F1_CONTROLLED	within_section_controlled_combined	HER2ST::F	manual_truth_controlled	reverse	HER2ST_F1_CONTROLLED__reverse	uot	0.25	2.0	her2_oracle	coordinate_response	True	80	0.5141589999984717	N	I_SPATIAL	0.000625
HER2ST_manual_controlled	HER2ST_F1_CONTROLLED	within_section_controlled_combined	HER2ST::F	manual_truth_controlled	reverse	HER2ST_F1_CONTROLLED__reverse	uot	0.25	2.0	her2_oracle	coordinate_response	True	80	0.4379334999975981	N	I_SPATIAL	0.01
HER2ST_manual_controlled	HER2ST_F1_CONTROLLED	within_section_controlled_combined	HER2ST::F	manual_truth_controlled	reverse	HER2ST_F1_CONTROLLED__reverse	uot	0.25	2.0	her2_oracle	coordinate_response	True	80	0.4454017000098247	N	I_SPATIAL	1.0
HER2ST_manual_controlled	HER2ST_G2_CONTROLLED	within_section_controlled_combined	HER2ST::G	manual_truth_controlled	forward	HER2ST_G2_CONTROLLED	balanced_ot	0.25		baseline	base	True	200	0.4945549999974901			
HER2ST_manual_controlled	HER2ST_G2_CONTROLLED	within_section_controlled_combined	HER2ST::G	manual_truth_controlled	forward	HER2ST_G2_CONTROLLED	balanced_ot	0.25		label_free_rigid	base	True	200	0.4947591999953147			
HER2ST_manual_controlled	HER2ST_G2_CONTROLLED	within_section_controlled_combined	HER2ST::G	manual_truth_controlled	forward	HER2ST_G2_CONTROLLED	balanced_ot	0.25		label_free_rigid	coordinate_response	True	200	0.48823790000460576	R	I_SPATIAL	0.00125
HER2ST_manual_controlled	HER2ST_G2_CONTROLLED	within_section_controlled_combined	HER2ST::G	manual_truth_controlled	forward	HER2ST_G2_CONTROLLED	balanced_ot	0.25		label_free_rigid	coordinate_response	True	200	0.4965317000023788	R	I_SPATIAL	0.000625
HER2ST_manual_controlled	HER2ST_G2_CONTROLLED	within_section_controlled_combined	HER2ST::G	manual_truth_controlled	forward	HER2ST_G2_CONTROLLED	balanced_ot	0.25		label_free_rigid	coordinate_response	True	200	0.4760150999936741	R	I_SPATIAL	0.01
HER2ST_manual_controlled	HER2ST_G2_CONTROLLED	within_section_controlled_combined	HER2ST::G	manual_truth_controlled	forward	HER2ST_G2_CONTROLLED	balanced_ot	0.25		label_free_rigid	coordinate_response	True	200	0.2479544999951031	R	I_SPATIAL	1.0
HER2ST_manual_controlled	HER2ST_G2_CONTROLLED	within_section_controlled_combined	HER2ST::G	manual_truth_controlled	forward	HER2ST_G2_CONTROLLED	balanced_ot	0.25		label_free_rigid	coordinate_response	True	200	0.4934733999980381	N	I_SPATIAL	0.00125
HER2ST_manual_controlled	HER2ST_G2_CONTROLLED	within_section_controlled_combined	HER2ST::G	manual_truth_controlled	forward	HER2ST_G2_CONTROLLED	balanced_ot	0.25		label_free_rigid	coordinate_response	True	200	0.4984206999943126	N	I_SPATIAL	0.000625
HER2ST_manual_controlled	HER2ST_G2_CONTROLLED	within_section_controlled_combined	HER2ST::G	manual_truth_controlled	forward	HER2ST_G2_CONTROLLED	balanced_ot	0.25		label_free_rigid	coordinate_response	True	200	0.47489060000225436	N	I_SPATIAL	0.01
HER2ST_manual_controlled	HER2ST_G2_CONTROLLED	within_section_controlled_combined	HER2ST::G	manual_truth_controlled	forward	HER2ST_G2_CONTROLLED	balanced_ot	0.25		label_free_rigid	coordinate_response	True	200	0.478920499997912	N	I_SPATIAL	1.0
HER2ST_manual_controlled	HER2ST_G2_CONTROLLED	within_section_controlled_combined	HER2ST::G	manual_truth_controlled	forward	HER2ST_G2_CONTROLLED	uot	0.25	2.0	baseline	base	True	80	0.09849279999616556			
HER2ST_manual_controlled	HER2ST_G2_CONTROLLED	within_section_controlled_combined	HER2ST::G	manual_truth_controlled	forward	HER2ST_G2_CONTROLLED	balanced_ot	0.25		her2_oracle	base	True	200	0.4879362000065157			
HER2ST_manual_controlled	HER2ST_G2_CONTROLLED	within_section_controlled_combined	HER2ST::G	manual_truth_controlled	forward	HER2ST_G2_CONTROLLED	balanced_ot	0.25		her2_oracle	coordinate_response	True	200	0.5109331999992719	R	I_SPATIAL	0.00125
HER2ST_manual_controlled	HER2ST_G2_CONTROLLED	within_section_controlled_combined	HER2ST::G	manual_truth_controlled	forward	HER2ST_G2_CONTROLLED	balanced_ot	0.25		her2_oracle	coordinate_response	True	200	0.4744304000050761	R	I_SPATIAL	0.000625
HER2ST_manual_controlled	HER2ST_G2_CONTROLLED	within_section_controlled_combined	HER2ST::G	manual_truth_controlled	forward	HER2ST_G2_CONTROLLED	balanced_ot	0.25		her2_oracle	coordinate_response	True	200	0.4794652999989921	R	I_SPATIAL	0.01
HER2ST_manual_controlled	HER2ST_G2_CONTROLLED	within_section_controlled_combined	HER2ST::G	manual_truth_controlled	forward	HER2ST_G2_CONTROLLED	balanced_ot	0.25		her2_oracle	coordinate_response	True	200	0.26094770000781864	R	I_SPATIAL	1.0
HER2ST_manual_controlled	HER2ST_G2_CONTROLLED	within_section_controlled_combined	HER2ST::G	manual_truth_controlled	forward	HER2ST_G2_CONTROLLED	balanced_ot	0.25		her2_oracle	coordinate_response	True	200	0.4943548000010196	N	I_SPATIAL	0.00125
HER2ST_manual_controlled	HER2ST_G2_CONTROLLED	within_section_controlled_combined	HER2ST::G	manual_truth_controlled	forward	HER2ST_G2_CONTROLLED	balanced_ot	0.25		her2_oracle	coordinate_response	True	200	0.4761962000047788	N	I_SPATIAL	0.000625
HER2ST_manual_controlled	HER2ST_G2_CONTROLLED	within_section_controlled_combined	HER2ST::G	manual_truth_controlled	forward	HER2ST_G2_CONTROLLED	balanced_ot	0.25		her2_oracle	coordinate_response	True	200	0.24377180000010412	N	I_SPATIAL	0.01
HER2ST_manual_controlled	HER2ST_G2_CONTROLLED	within_section_controlled_combined	HER2ST::G	manual_truth_controlled	forward	HER2ST_G2_CONTROLLED	balanced_ot	0.25		her2_oracle	coordinate_response	True	200	0.4777802999888081	N	I_SPATIAL	1.0
HER2ST_manual_controlled	HER2ST_G2_CONTROLLED	within_section_controlled_combined	HER2ST::G	manual_truth_controlled	forward	HER2ST_G2_CONTROLLED	uot	0.25	2.0	label_free_rigid	base	True	80	0.09723060000396799			
HER2ST_manual_controlled	HER2ST_G2_CONTROLLED	within_section_controlled_combined	HER2ST::G	manual_truth_controlled	forward	HER2ST_G2_CONTROLLED	uot	0.25	2.0	label_free_rigid	coordinate_response	True	80	0.09500549999938812	R	I_SPATIAL	0.00125
HER2ST_manual_controlled	HER2ST_G2_CONTROLLED	within_section_controlled_combined	HER2ST::G	manual_truth_controlled	forward	HER2ST_G2_CONTROLLED	uot	0.25	2.0	label_free_rigid	coordinate_response	True	80	0.20278229999530595	R	I_SPATIAL	0.000625
HER2ST_manual_controlled	HER2ST_G2_CONTROLLED	within_section_controlled_combined	HER2ST::G	manual_truth_controlled	forward	HER2ST_G2_CONTROLLED	uot	0.25	2.0	label_free_rigid	coordinate_response	True	80	0.10345049999887124	R	I_SPATIAL	0.01
HER2ST_manual_controlled	HER2ST_G2_CONTROLLED	within_section_controlled_combined	HER2ST::G	manual_truth_controlled	forward	HER2ST_G2_CONTROLLED	uot	0.25	2.0	label_free_rigid	coordinate_response	True	80	0.18695669999578968	R	I_SPATIAL	1.0
HER2ST_manual_controlled	HER2ST_G2_CONTROLLED	within_section_controlled_combined	HER2ST::G	manual_truth_controlled	forward	HER2ST_G2_CONTROLLED	uot	0.25	2.0	label_free_rigid	coordinate_response	True	80	0.19634019999648444	N	I_SPATIAL	0.00125
HER2ST_manual_controlled	HER2ST_G2_CONTROLLED	within_section_controlled_combined	HER2ST::G	manual_truth_controlled	forward	HER2ST_G2_CONTROLLED	uot	0.25	2.0	label_free_rigid	coordinate_response	True	80	0.1990706000069622	N	I_SPATIAL	0.000625
HER2ST_manual_controlled	HER2ST_G2_CONTROLLED	within_section_controlled_combined	HER2ST::G	manual_truth_controlled	forward	HER2ST_G2_CONTROLLED	uot	0.25	2.0	label_free_rigid	coordinate_response	True	80	0.20031459999154322	N	I_SPATIAL	0.01
HER2ST_manual_controlled	HER2ST_G2_CONTROLLED	within_section_controlled_combined	HER2ST::G	manual_truth_controlled	forward	HER2ST_G2_CONTROLLED	uot	0.25	2.0	label_free_rigid	coordinate_response	True	80	0.1086628000048222	N	I_SPATIAL	1.0
HER2ST_manual_controlled	HER2ST_G2_CONTROLLED	within_section_controlled_combined	HER2ST::G	manual_truth_controlled	forward	HER2ST_G2_CONTROLLED	uot	0.25	2.0	her2_oracle	base	True	80	0.18894279999949504			
HER2ST_manual_controlled	HER2ST_G2_CONTROLLED	within_section_controlled_combined	HER2ST::G	manual_truth_controlled	forward	HER2ST_G2_CONTROLLED	uot	0.25	2.0	her2_oracle	coordinate_response	True	80	0.10480859999370296	R	I_SPATIAL	0.00125
HER2ST_manual_controlled	HER2ST_G2_CONTROLLED	within_section_controlled_combined	HER2ST::G	manual_truth_controlled	forward	HER2ST_G2_CONTROLLED	uot	0.25	2.0	her2_oracle	coordinate_response	True	80	0.2042459000076633	R	I_SPATIAL	0.000625
HER2ST_manual_controlled	HER2ST_G2_CONTROLLED	within_section_controlled_combined	HER2ST::G	manual_truth_controlled	forward	HER2ST_G2_CONTROLLED	uot	0.25	2.0	her2_oracle	coordinate_response	True	80	0.10419630000251345	R	I_SPATIAL	0.01
HER2ST_manual_controlled	HER2ST_G2_CONTROLLED	within_section_controlled_combined	HER2ST::G	manual_truth_controlled	forward	HER2ST_G2_CONTROLLED	uot	0.25	2.0	her2_oracle	coordinate_response	True	80	0.09843369999725837	R	I_SPATIAL	1.0
HER2ST_manual_controlled	HER2ST_G2_CONTROLLED	within_section_controlled_combined	HER2ST::G	manual_truth_controlled	forward	HER2ST_G2_CONTROLLED	uot	0.25	2.0	her2_oracle	coordinate_response	True	80	0.10009439999703318	N	I_SPATIAL	0.00125
HER2ST_manual_controlled	HER2ST_G2_CONTROLLED	within_section_controlled_combined	HER2ST::G	manual_truth_controlled	forward	HER2ST_G2_CONTROLLED	uot	0.25	2.0	her2_oracle	coordinate_response	True	80	0.19414440001128241	N	I_SPATIAL	0.000625
HER2ST_manual_controlled	HER2ST_G2_CONTROLLED	within_section_controlled_combined	HER2ST::G	manual_truth_controlled	forward	HER2ST_G2_CONTROLLED	uot	0.25	2.0	her2_oracle	coordinate_response	True	80	0.1062242000043625	N	I_SPATIAL	0.01
HER2ST_manual_controlled	HER2ST_G2_CONTROLLED	within_section_controlled_combined	HER2ST::G	manual_truth_controlled	forward	HER2ST_G2_CONTROLLED	uot	0.25	2.0	her2_oracle	coordinate_response	True	80	0.20658160001039505	N	I_SPATIAL	1.0
HER2ST_manual_controlled	HER2ST_G2_CONTROLLED	within_section_controlled_combined	HER2ST::G	manual_truth_controlled	forward	HER2ST_G2_CONTROLLED	row_softmax	0.25		baseline	base	True	1	0.001486499997554347			
HER2ST_manual_controlled	HER2ST_G2_CONTROLLED	within_section_controlled_combined	HER2ST::G	manual_truth_controlled	forward	HER2ST_G2_CONTROLLED	row_softmax	0.25		label_free_rigid	base	True	1	0.0013807000068482012			
HER2ST_manual_controlled	HER2ST_G2_CONTROLLED	within_section_controlled_combined	HER2ST::G	manual_truth_controlled	forward	HER2ST_G2_CONTROLLED	row_softmax	0.25		label_free_rigid	coordinate_response	True	1	0.0015509000077145174	R	I_SPATIAL	0.00125
HER2ST_manual_controlled	HER2ST_G2_CONTROLLED	within_section_controlled_combined	HER2ST::G	manual_truth_controlled	forward	HER2ST_G2_CONTROLLED	row_softmax	0.25		label_free_rigid	coordinate_response	True	1	0.0014522999990731478	R	I_SPATIAL	0.000625
HER2ST_manual_controlled	HER2ST_G2_CONTROLLED	within_section_controlled_combined	HER2ST::G	manual_truth_controlled	forward	HER2ST_G2_CONTROLLED	row_softmax	0.25		label_free_rigid	coordinate_response	True	1	0.0014649000077042729	R	I_SPATIAL	0.01
HER2ST_manual_controlled	HER2ST_G2_CONTROLLED	within_section_controlled_combined	HER2ST::G	manual_truth_controlled	forward	HER2ST_G2_CONTROLLED	row_softmax	0.25		label_free_rigid	coordinate_response	True	1	0.0014126000023679808	R	I_SPATIAL	1.0
HER2ST_manual_controlled	HER2ST_G2_CONTROLLED	within_section_controlled_combined	HER2ST::G	manual_truth_controlled	forward	HER2ST_G2_CONTROLLED	row_softmax	0.25		label_free_rigid	coordinate_response	True	1	0.0013625999999931082	N	I_SPATIAL	0.00125
HER2ST_manual_controlled	HER2ST_G2_CONTROLLED	within_section_controlled_combined	HER2ST::G	manual_truth_controlled	forward	HER2ST_G2_CONTROLLED	row_softmax	0.25		label_free_rigid	coordinate_response	True	1	0.0013564000109909102	N	I_SPATIAL	0.000625
HER2ST_manual_controlled	HER2ST_G2_CONTROLLED	within_section_controlled_combined	HER2ST::G	manual_truth_controlled	forward	HER2ST_G2_CONTROLLED	row_softmax	0.25		label_free_rigid	coordinate_response	True	1	0.0013937999901827425	N	I_SPATIAL	0.01
HER2ST_manual_controlled	HER2ST_G2_CONTROLLED	within_section_controlled_combined	HER2ST::G	manual_truth_controlled	forward	HER2ST_G2_CONTROLLED	row_softmax	0.25		label_free_rigid	coordinate_response	True	1	0.0018271000008098781	N	I_SPATIAL	1.0
HER2ST_manual_controlled	HER2ST_G2_CONTROLLED	within_section_controlled_combined	HER2ST::G	manual_truth_controlled	forward	HER2ST_G2_CONTROLLED	row_softmax	0.25		her2_oracle	base	True	1	0.0020300000032875687			
HER2ST_manual_controlled	HER2ST_G2_CONTROLLED	within_section_controlled_combined	HER2ST::G	manual_truth_controlled	forward	HER2ST_G2_CONTROLLED	row_softmax	0.25		her2_oracle	coordinate_response	True	1	0.0021718999923905358	R	I_SPATIAL	0.00125
HER2ST_manual_controlled	HER2ST_G2_CONTROLLED	within_section_controlled_combined	HER2ST::G	manual_truth_controlled	forward	HER2ST_G2_CONTROLLED	row_softmax	0.25		her2_oracle	coordinate_response	True	1	0.002133700007107109	R	I_SPATIAL	0.000625
HER2ST_manual_controlled	HER2ST_G2_CONTROLLED	within_section_controlled_combined	HER2ST::G	manual_truth_controlled	forward	HER2ST_G2_CONTROLLED	row_softmax	0.25		her2_oracle	coordinate_response	True	1	0.002162100005079992	R	I_SPATIAL	0.01
HER2ST_manual_controlled	HER2ST_G2_CONTROLLED	within_section_controlled_combined	HER2ST::G	manual_truth_controlled	forward	HER2ST_G2_CONTROLLED	row_softmax	0.25		her2_oracle	coordinate_response	True	1	0.0021418999967863783	R	I_SPATIAL	1.0
HER2ST_manual_controlled	HER2ST_G2_CONTROLLED	within_section_controlled_combined	HER2ST::G	manual_truth_controlled	forward	HER2ST_G2_CONTROLLED	row_softmax	0.25		her2_oracle	coordinate_response	True	1	0.0015834999940125272	N	I_SPATIAL	0.00125
HER2ST_manual_controlled	HER2ST_G2_CONTROLLED	within_section_controlled_combined	HER2ST::G	manual_truth_controlled	forward	HER2ST_G2_CONTROLLED	row_softmax	0.25		her2_oracle	coordinate_response	True	1	0.001444399997126311	N	I_SPATIAL	0.000625
HER2ST_manual_controlled	HER2ST_G2_CONTROLLED	within_section_controlled_combined	HER2ST::G	manual_truth_controlled	forward	HER2ST_G2_CONTROLLED	row_softmax	0.25		her2_oracle	coordinate_response	True	1	0.0016651000041747466	N	I_SPATIAL	0.01
HER2ST_manual_controlled	HER2ST_G2_CONTROLLED	within_section_controlled_combined	HER2ST::G	manual_truth_controlled	forward	HER2ST_G2_CONTROLLED	row_softmax	0.25		her2_oracle	coordinate_response	True	1	0.001856300004874356	N	I_SPATIAL	1.0
HER2ST_manual_controlled	HER2ST_G2_CONTROLLED	within_section_controlled_combined	HER2ST::G	manual_truth_controlled	reverse	HER2ST_G2_CONTROLLED__reverse	balanced_ot	0.25		baseline	base	True	200	0.23832399999082554			
HER2ST_manual_controlled	HER2ST_G2_CONTROLLED	within_section_controlled_combined	HER2ST::G	manual_truth_controlled	reverse	HER2ST_G2_CONTROLLED__reverse	balanced_ot	0.25		label_free_rigid	base	True	200	0.2447725999954855			
HER2ST_manual_controlled	HER2ST_G2_CONTROLLED	within_section_controlled_combined	HER2ST::G	manual_truth_controlled	reverse	HER2ST_G2_CONTROLLED__reverse	balanced_ot	0.25		label_free_rigid	coordinate_response	True	200	0.471949400001904	R	I_SPATIAL	0.00125
HER2ST_manual_controlled	HER2ST_G2_CONTROLLED	within_section_controlled_combined	HER2ST::G	manual_truth_controlled	reverse	HER2ST_G2_CONTROLLED__reverse	balanced_ot	0.25		label_free_rigid	coordinate_response	True	200	0.4809215999994194	R	I_SPATIAL	0.000625
HER2ST_manual_controlled	HER2ST_G2_CONTROLLED	within_section_controlled_combined	HER2ST::G	manual_truth_controlled	reverse	HER2ST_G2_CONTROLLED__reverse	balanced_ot	0.25		label_free_rigid	coordinate_response	True	200	0.5047249000053853	R	I_SPATIAL	0.01
HER2ST_manual_controlled	HER2ST_G2_CONTROLLED	within_section_controlled_combined	HER2ST::G	manual_truth_controlled	reverse	HER2ST_G2_CONTROLLED__reverse	balanced_ot	0.25		label_free_rigid	coordinate_response	True	200	0.5125062000006437	R	I_SPATIAL	1.0
HER2ST_manual_controlled	HER2ST_G2_CONTROLLED	within_section_controlled_combined	HER2ST::G	manual_truth_controlled	reverse	HER2ST_G2_CONTROLLED__reverse	balanced_ot	0.25		label_free_rigid	coordinate_response	True	200	0.24557929999718908	N	I_SPATIAL	0.00125
HER2ST_manual_controlled	HER2ST_G2_CONTROLLED	within_section_controlled_combined	HER2ST::G	manual_truth_controlled	reverse	HER2ST_G2_CONTROLLED__reverse	balanced_ot	0.25		label_free_rigid	coordinate_response	True	200	0.2713942999980645	N	I_SPATIAL	0.000625
HER2ST_manual_controlled	HER2ST_G2_CONTROLLED	within_section_controlled_combined	HER2ST::G	manual_truth_controlled	reverse	HER2ST_G2_CONTROLLED__reverse	balanced_ot	0.25		label_free_rigid	coordinate_response	True	200	0.47190499999851454	N	I_SPATIAL	0.01
HER2ST_manual_controlled	HER2ST_G2_CONTROLLED	within_section_controlled_combined	HER2ST::G	manual_truth_controlled	reverse	HER2ST_G2_CONTROLLED__reverse	balanced_ot	0.25		label_free_rigid	coordinate_response	True	200	0.5071312999934889	N	I_SPATIAL	1.0
HER2ST_manual_controlled	HER2ST_G2_CONTROLLED	within_section_controlled_combined	HER2ST::G	manual_truth_controlled	reverse	HER2ST_G2_CONTROLLED__reverse	uot	0.25	2.0	baseline	base	True	80	0.10797439998714253			
HER2ST_manual_controlled	HER2ST_G2_CONTROLLED	within_section_controlled_combined	HER2ST::G	manual_truth_controlled	reverse	HER2ST_G2_CONTROLLED__reverse	balanced_ot	0.25		her2_oracle	base	True	200	0.46977910000714473			
HER2ST_manual_controlled	HER2ST_G2_CONTROLLED	within_section_controlled_combined	HER2ST::G	manual_truth_controlled	reverse	HER2ST_G2_CONTROLLED__reverse	balanced_ot	0.25		her2_oracle	coordinate_response	True	200	0.4778589999914402	R	I_SPATIAL	0.00125
HER2ST_manual_controlled	HER2ST_G2_CONTROLLED	within_section_controlled_combined	HER2ST::G	manual_truth_controlled	reverse	HER2ST_G2_CONTROLLED__reverse	balanced_ot	0.25		her2_oracle	coordinate_response	True	200	0.5230607999983476	R	I_SPATIAL	0.000625
HER2ST_manual_controlled	HER2ST_G2_CONTROLLED	within_section_controlled_combined	HER2ST::G	manual_truth_controlled	reverse	HER2ST_G2_CONTROLLED__reverse	balanced_ot	0.25		her2_oracle	coordinate_response	True	200	0.506156400006148	R	I_SPATIAL	0.01
HER2ST_manual_controlled	HER2ST_G2_CONTROLLED	within_section_controlled_combined	HER2ST::G	manual_truth_controlled	reverse	HER2ST_G2_CONTROLLED__reverse	balanced_ot	0.25		her2_oracle	coordinate_response	True	200	0.5095495999994455	R	I_SPATIAL	1.0
HER2ST_manual_controlled	HER2ST_G2_CONTROLLED	within_section_controlled_combined	HER2ST::G	manual_truth_controlled	reverse	HER2ST_G2_CONTROLLED__reverse	balanced_ot	0.25		her2_oracle	coordinate_response	True	200	0.23985779999929946	N	I_SPATIAL	0.00125
HER2ST_manual_controlled	HER2ST_G2_CONTROLLED	within_section_controlled_combined	HER2ST::G	manual_truth_controlled	reverse	HER2ST_G2_CONTROLLED__reverse	balanced_ot	0.25		her2_oracle	coordinate_response	True	200	0.241520000010496	N	I_SPATIAL	0.000625
HER2ST_manual_controlled	HER2ST_G2_CONTROLLED	within_section_controlled_combined	HER2ST::G	manual_truth_controlled	reverse	HER2ST_G2_CONTROLLED__reverse	balanced_ot	0.25		her2_oracle	coordinate_response	True	200	0.4978705999965314	N	I_SPATIAL	0.01
HER2ST_manual_controlled	HER2ST_G2_CONTROLLED	within_section_controlled_combined	HER2ST::G	manual_truth_controlled	reverse	HER2ST_G2_CONTROLLED__reverse	balanced_ot	0.25		her2_oracle	coordinate_response	True	200	0.518557299990789	N	I_SPATIAL	1.0
HER2ST_manual_controlled	HER2ST_G2_CONTROLLED	within_section_controlled_combined	HER2ST::G	manual_truth_controlled	reverse	HER2ST_G2_CONTROLLED__reverse	uot	0.25	2.0	label_free_rigid	base	True	80	0.11706809999304824			
HER2ST_manual_controlled	HER2ST_G2_CONTROLLED	within_section_controlled_combined	HER2ST::G	manual_truth_controlled	reverse	HER2ST_G2_CONTROLLED__reverse	uot	0.25	2.0	label_free_rigid	coordinate_response	True	80	0.09703339998668525	R	I_SPATIAL	0.00125
HER2ST_manual_controlled	HER2ST_G2_CONTROLLED	within_section_controlled_combined	HER2ST::G	manual_truth_controlled	reverse	HER2ST_G2_CONTROLLED__reverse	uot	0.25	2.0	label_free_rigid	coordinate_response	True	80	0.10218010000244249	R	I_SPATIAL	0.000625
HER2ST_manual_controlled	HER2ST_G2_CONTROLLED	within_section_controlled_combined	HER2ST::G	manual_truth_controlled	reverse	HER2ST_G2_CONTROLLED__reverse	uot	0.25	2.0	label_free_rigid	coordinate_response	True	80	0.10428050000336953	R	I_SPATIAL	0.01
HER2ST_manual_controlled	HER2ST_G2_CONTROLLED	within_section_controlled_combined	HER2ST::G	manual_truth_controlled	reverse	HER2ST_G2_CONTROLLED__reverse	uot	0.25	2.0	label_free_rigid	coordinate_response	True	80	0.1879558999935398	R	I_SPATIAL	1.0
HER2ST_manual_controlled	HER2ST_G2_CONTROLLED	within_section_controlled_combined	HER2ST::G	manual_truth_controlled	reverse	HER2ST_G2_CONTROLLED__reverse	uot	0.25	2.0	label_free_rigid	coordinate_response	True	80	0.09646740001335274	N	I_SPATIAL	0.00125
HER2ST_manual_controlled	HER2ST_G2_CONTROLLED	within_section_controlled_combined	HER2ST::G	manual_truth_controlled	reverse	HER2ST_G2_CONTROLLED__reverse	uot	0.25	2.0	label_free_rigid	coordinate_response	True	80	0.22117699999944307	N	I_SPATIAL	0.000625
HER2ST_manual_controlled	HER2ST_G2_CONTROLLED	within_section_controlled_combined	HER2ST::G	manual_truth_controlled	reverse	HER2ST_G2_CONTROLLED__reverse	uot	0.25	2.0	label_free_rigid	coordinate_response	True	80	0.11119640000106301	N	I_SPATIAL	0.01
HER2ST_manual_controlled	HER2ST_G2_CONTROLLED	within_section_controlled_combined	HER2ST::G	manual_truth_controlled	reverse	HER2ST_G2_CONTROLLED__reverse	uot	0.25	2.0	label_free_rigid	coordinate_response	True	80	0.21871529999771155	N	I_SPATIAL	1.0
HER2ST_manual_controlled	HER2ST_G2_CONTROLLED	within_section_controlled_combined	HER2ST::G	manual_truth_controlled	reverse	HER2ST_G2_CONTROLLED__reverse	row_softmax	0.25		baseline	base	True	1	0.0016417000006185845			
HER2ST_manual_controlled	HER2ST_G2_CONTROLLED	within_section_controlled_combined	HER2ST::G	manual_truth_controlled	reverse	HER2ST_G2_CONTROLLED__reverse	row_softmax	0.25		label_free_rigid	base	True	1	0.001469299997552298			
HER2ST_manual_controlled	HER2ST_G2_CONTROLLED	within_section_controlled_combined	HER2ST::G	manual_truth_controlled	reverse	HER2ST_G2_CONTROLLED__reverse	row_softmax	0.25		label_free_rigid	coordinate_response	True	1	0.0015165999939199537	R	I_SPATIAL	0.00125
HER2ST_manual_controlled	HER2ST_G2_CONTROLLED	within_section_controlled_combined	HER2ST::G	manual_truth_controlled	reverse	HER2ST_G2_CONTROLLED__reverse	row_softmax	0.25		label_free_rigid	coordinate_response	True	1	0.00138159999914933	R	I_SPATIAL	0.000625
HER2ST_manual_controlled	HER2ST_G2_CONTROLLED	within_section_controlled_combined	HER2ST::G	manual_truth_controlled	reverse	HER2ST_G2_CONTROLLED__reverse	row_softmax	0.25		label_free_rigid	coordinate_response	True	1	0.0013752999948337674	R	I_SPATIAL	0.01
HER2ST_manual_controlled	HER2ST_G2_CONTROLLED	within_section_controlled_combined	HER2ST::G	manual_truth_controlled	reverse	HER2ST_G2_CONTROLLED__reverse	row_softmax	0.25		label_free_rigid	coordinate_response	True	1	0.0014144000015221536	R	I_SPATIAL	1.0
HER2ST_manual_controlled	HER2ST_G2_CONTROLLED	within_section_controlled_combined	HER2ST::G	manual_truth_controlled	reverse	HER2ST_G2_CONTROLLED__reverse	row_softmax	0.25		label_free_rigid	coordinate_response	True	1	0.0019739999988814816	N	I_SPATIAL	0.00125
HER2ST_manual_controlled	HER2ST_G2_CONTROLLED	within_section_controlled_combined	HER2ST::G	manual_truth_controlled	reverse	HER2ST_G2_CONTROLLED__reverse	row_softmax	0.25		label_free_rigid	coordinate_response	True	1	0.0014291999978013337	N	I_SPATIAL	0.000625
HER2ST_manual_controlled	HER2ST_G2_CONTROLLED	within_section_controlled_combined	HER2ST::G	manual_truth_controlled	reverse	HER2ST_G2_CONTROLLED__reverse	row_softmax	0.25		label_free_rigid	coordinate_response	True	1	0.0013847999944118783	N	I_SPATIAL	0.01
HER2ST_manual_controlled	HER2ST_G2_CONTROLLED	within_section_controlled_combined	HER2ST::G	manual_truth_controlled	reverse	HER2ST_G2_CONTROLLED__reverse	row_softmax	0.25		label_free_rigid	coordinate_response	True	1	0.0014200000005075708	N	I_SPATIAL	1.0
HER2ST_manual_controlled	HER2ST_G2_CONTROLLED	within_section_controlled_combined	HER2ST::G	manual_truth_controlled	reverse	HER2ST_G2_CONTROLLED__reverse	row_softmax	0.25		her2_oracle	base	True	1	0.0013845999928889796			
HER2ST_manual_controlled	HER2ST_G2_CONTROLLED	within_section_controlled_combined	HER2ST::G	manual_truth_controlled	reverse	HER2ST_G2_CONTROLLED__reverse	row_softmax	0.25		her2_oracle	coordinate_response	True	1	0.0013655999937327579	R	I_SPATIAL	0.00125
HER2ST_manual_controlled	HER2ST_G2_CONTROLLED	within_section_controlled_combined	HER2ST::G	manual_truth_controlled	reverse	HER2ST_G2_CONTROLLED__reverse	row_softmax	0.25		her2_oracle	coordinate_response	True	1	0.0013341000012587756	R	I_SPATIAL	0.000625
HER2ST_manual_controlled	HER2ST_G2_CONTROLLED	within_section_controlled_combined	HER2ST::G	manual_truth_controlled	reverse	HER2ST_G2_CONTROLLED__reverse	row_softmax	0.25		her2_oracle	coordinate_response	True	1	0.0013942999939899892	R	I_SPATIAL	0.01
HER2ST_manual_controlled	HER2ST_G2_CONTROLLED	within_section_controlled_combined	HER2ST::G	manual_truth_controlled	reverse	HER2ST_G2_CONTROLLED__reverse	row_softmax	0.25		her2_oracle	coordinate_response	True	1	0.0013833000120939687	R	I_SPATIAL	1.0
HER2ST_manual_controlled	HER2ST_G2_CONTROLLED	within_section_controlled_combined	HER2ST::G	manual_truth_controlled	reverse	HER2ST_G2_CONTROLLED__reverse	row_softmax	0.25		her2_oracle	coordinate_response	True	1	0.0014195999974617735	N	I_SPATIAL	0.00125
HER2ST_manual_controlled	HER2ST_G2_CONTROLLED	within_section_controlled_combined	HER2ST::G	manual_truth_controlled	reverse	HER2ST_G2_CONTROLLED__reverse	row_softmax	0.25		her2_oracle	coordinate_response	True	1	0.0013739999994868413	N	I_SPATIAL	0.000625
HER2ST_manual_controlled	HER2ST_G2_CONTROLLED	within_section_controlled_combined	HER2ST::G	manual_truth_controlled	reverse	HER2ST_G2_CONTROLLED__reverse	row_softmax	0.25		her2_oracle	coordinate_response	True	1	0.0013554000033764169	N	I_SPATIAL	0.01
HER2ST_manual_controlled	HER2ST_G2_CONTROLLED	within_section_controlled_combined	HER2ST::G	manual_truth_controlled	reverse	HER2ST_G2_CONTROLLED__reverse	row_softmax	0.25		her2_oracle	coordinate_response	True	1	0.001388399992720224	N	I_SPATIAL	1.0
HER2ST_manual_controlled	HER2ST_G2_CONTROLLED	within_section_controlled_combined	HER2ST::G	manual_truth_controlled	reverse	HER2ST_G2_CONTROLLED__reverse	uot	0.25	2.0	her2_oracle	base	True	80	0.09693869999318849			
HER2ST_manual_controlled	HER2ST_G2_CONTROLLED	within_section_controlled_combined	HER2ST::G	manual_truth_controlled	reverse	HER2ST_G2_CONTROLLED__reverse	uot	0.25	2.0	her2_oracle	coordinate_response	True	80	0.1035381999972742	R	I_SPATIAL	0.00125
HER2ST_manual_controlled	HER2ST_G2_CONTROLLED	within_section_controlled_combined	HER2ST::G	manual_truth_controlled	reverse	HER2ST_G2_CONTROLLED__reverse	uot	0.25	2.0	her2_oracle	coordinate_response	True	80	0.20579150000412483	R	I_SPATIAL	0.000625
HER2ST_manual_controlled	HER2ST_G2_CONTROLLED	within_section_controlled_combined	HER2ST::G	manual_truth_controlled	reverse	HER2ST_G2_CONTROLLED__reverse	uot	0.25	2.0	her2_oracle	coordinate_response	True	80	0.22695609999937005	R	I_SPATIAL	0.01
HER2ST_manual_controlled	HER2ST_G2_CONTROLLED	within_section_controlled_combined	HER2ST::G	manual_truth_controlled	reverse	HER2ST_G2_CONTROLLED__reverse	uot	0.25	2.0	her2_oracle	coordinate_response	True	80	0.10792869998840615	R	I_SPATIAL	1.0
HER2ST_manual_controlled	HER2ST_G2_CONTROLLED	within_section_controlled_combined	HER2ST::G	manual_truth_controlled	reverse	HER2ST_G2_CONTROLLED__reverse	uot	0.25	2.0	her2_oracle	coordinate_response	True	80	0.12730720000399742	N	I_SPATIAL	0.00125
HER2ST_manual_controlled	HER2ST_G2_CONTROLLED	within_section_controlled_combined	HER2ST::G	manual_truth_controlled	reverse	HER2ST_G2_CONTROLLED__reverse	uot	0.25	2.0	her2_oracle	coordinate_response	True	80	0.20048899999528658	N	I_SPATIAL	0.000625
HER2ST_manual_controlled	HER2ST_G2_CONTROLLED	within_section_controlled_combined	HER2ST::G	manual_truth_controlled	reverse	HER2ST_G2_CONTROLLED__reverse	uot	0.25	2.0	her2_oracle	coordinate_response	True	80	0.18945710000116378	N	I_SPATIAL	0.01
HER2ST_manual_controlled	HER2ST_G2_CONTROLLED	within_section_controlled_combined	HER2ST::G	manual_truth_controlled	reverse	HER2ST_G2_CONTROLLED__reverse	uot	0.25	2.0	her2_oracle	coordinate_response	True	80	0.19061920000240207	N	I_SPATIAL	1.0
HER2ST_manual_controlled	HER2ST_H1_CONTROLLED	within_section_controlled_combined	HER2ST::H	manual_truth_controlled	forward	HER2ST_H1_CONTROLLED	balanced_ot	0.25		baseline	base	True	200	0.7000268000119831			
HER2ST_manual_controlled	HER2ST_H1_CONTROLLED	within_section_controlled_combined	HER2ST::H	manual_truth_controlled	forward	HER2ST_H1_CONTROLLED	balanced_ot	0.25		label_free_rigid	base	True	200	0.7380091000086395			
HER2ST_manual_controlled	HER2ST_H1_CONTROLLED	within_section_controlled_combined	HER2ST::H	manual_truth_controlled	forward	HER2ST_H1_CONTROLLED	balanced_ot	0.25		label_free_rigid	coordinate_response	True	200	0.7345041000080528	R	I_SPATIAL	0.00125
HER2ST_manual_controlled	HER2ST_H1_CONTROLLED	within_section_controlled_combined	HER2ST::H	manual_truth_controlled	forward	HER2ST_H1_CONTROLLED	balanced_ot	0.25		label_free_rigid	coordinate_response	True	200	0.7822217000066303	R	I_SPATIAL	0.000625
HER2ST_manual_controlled	HER2ST_H1_CONTROLLED	within_section_controlled_combined	HER2ST::H	manual_truth_controlled	forward	HER2ST_H1_CONTROLLED	balanced_ot	0.25		label_free_rigid	coordinate_response	True	200	0.8158293000014964	R	I_SPATIAL	0.01
HER2ST_manual_controlled	HER2ST_H1_CONTROLLED	within_section_controlled_combined	HER2ST::H	manual_truth_controlled	forward	HER2ST_H1_CONTROLLED	balanced_ot	0.25		label_free_rigid	coordinate_response	True	200	0.7644200999930035	R	I_SPATIAL	1.0
HER2ST_manual_controlled	HER2ST_H1_CONTROLLED	within_section_controlled_combined	HER2ST::H	manual_truth_controlled	forward	HER2ST_H1_CONTROLLED	balanced_ot	0.25		label_free_rigid	coordinate_response	True	200	0.7206237000063993	N	I_SPATIAL	0.00125
HER2ST_manual_controlled	HER2ST_H1_CONTROLLED	within_section_controlled_combined	HER2ST::H	manual_truth_controlled	forward	HER2ST_H1_CONTROLLED	balanced_ot	0.25		label_free_rigid	coordinate_response	True	200	0.7038960000063526	N	I_SPATIAL	0.000625
HER2ST_manual_controlled	HER2ST_H1_CONTROLLED	within_section_controlled_combined	HER2ST::H	manual_truth_controlled	forward	HER2ST_H1_CONTROLLED	balanced_ot	0.25		label_free_rigid	coordinate_response	True	200	0.7116581000009319	N	I_SPATIAL	0.01
HER2ST_manual_controlled	HER2ST_H1_CONTROLLED	within_section_controlled_combined	HER2ST::H	manual_truth_controlled	forward	HER2ST_H1_CONTROLLED	balanced_ot	0.25		label_free_rigid	coordinate_response	True	200	0.7059046999929706	N	I_SPATIAL	1.0
HER2ST_manual_controlled	HER2ST_H1_CONTROLLED	within_section_controlled_combined	HER2ST::H	manual_truth_controlled	forward	HER2ST_H1_CONTROLLED	uot	0.25	2.0	baseline	base	True	80	0.2955472000030568			
HER2ST_manual_controlled	HER2ST_H1_CONTROLLED	within_section_controlled_combined	HER2ST::H	manual_truth_controlled	forward	HER2ST_H1_CONTROLLED	balanced_ot	0.25		her2_oracle	base	True	200	0.7465439000079641			
HER2ST_manual_controlled	HER2ST_H1_CONTROLLED	within_section_controlled_combined	HER2ST::H	manual_truth_controlled	forward	HER2ST_H1_CONTROLLED	balanced_ot	0.25		her2_oracle	coordinate_response	True	200	0.7742483000038192	R	I_SPATIAL	0.00125
HER2ST_manual_controlled	HER2ST_H1_CONTROLLED	within_section_controlled_combined	HER2ST::H	manual_truth_controlled	forward	HER2ST_H1_CONTROLLED	balanced_ot	0.25		her2_oracle	coordinate_response	True	200	0.8363736000028439	R	I_SPATIAL	0.000625
HER2ST_manual_controlled	HER2ST_H1_CONTROLLED	within_section_controlled_combined	HER2ST::H	manual_truth_controlled	forward	HER2ST_H1_CONTROLLED	balanced_ot	0.25		her2_oracle	coordinate_response	True	200	0.7688532999891322	R	I_SPATIAL	0.01
HER2ST_manual_controlled	HER2ST_H1_CONTROLLED	within_section_controlled_combined	HER2ST::H	manual_truth_controlled	forward	HER2ST_H1_CONTROLLED	balanced_ot	0.25		her2_oracle	coordinate_response	True	200	0.7469222000072477	R	I_SPATIAL	1.0
HER2ST_manual_controlled	HER2ST_H1_CONTROLLED	within_section_controlled_combined	HER2ST::H	manual_truth_controlled	forward	HER2ST_H1_CONTROLLED	balanced_ot	0.25		her2_oracle	coordinate_response	True	200	0.7054116999934195	N	I_SPATIAL	0.00125
HER2ST_manual_controlled	HER2ST_H1_CONTROLLED	within_section_controlled_combined	HER2ST::H	manual_truth_controlled	forward	HER2ST_H1_CONTROLLED	balanced_ot	0.25		her2_oracle	coordinate_response	True	200	0.7227051999943797	N	I_SPATIAL	0.000625
HER2ST_manual_controlled	HER2ST_H1_CONTROLLED	within_section_controlled_combined	HER2ST::H	manual_truth_controlled	forward	HER2ST_H1_CONTROLLED	balanced_ot	0.25		her2_oracle	coordinate_response	True	200	0.7144486000033794	N	I_SPATIAL	0.01
HER2ST_manual_controlled	HER2ST_H1_CONTROLLED	within_section_controlled_combined	HER2ST::H	manual_truth_controlled	forward	HER2ST_H1_CONTROLLED	balanced_ot	0.25		her2_oracle	coordinate_response	True	200	0.7193662999925436	N	I_SPATIAL	1.0
HER2ST_manual_controlled	HER2ST_H1_CONTROLLED	within_section_controlled_combined	HER2ST::H	manual_truth_controlled	forward	HER2ST_H1_CONTROLLED	uot	0.25	2.0	label_free_rigid	base	True	80	0.2931741000065813			
HER2ST_manual_controlled	HER2ST_H1_CONTROLLED	within_section_controlled_combined	HER2ST::H	manual_truth_controlled	forward	HER2ST_H1_CONTROLLED	uot	0.25	2.0	label_free_rigid	coordinate_response	True	80	0.287348199999542	R	I_SPATIAL	0.00125
HER2ST_manual_controlled	HER2ST_H1_CONTROLLED	within_section_controlled_combined	HER2ST::H	manual_truth_controlled	forward	HER2ST_H1_CONTROLLED	uot	0.25	2.0	label_free_rigid	coordinate_response	True	80	0.2913204000069527	R	I_SPATIAL	0.000625
HER2ST_manual_controlled	HER2ST_H1_CONTROLLED	within_section_controlled_combined	HER2ST::H	manual_truth_controlled	forward	HER2ST_H1_CONTROLLED	uot	0.25	2.0	label_free_rigid	coordinate_response	True	80	0.29539690000819974	R	I_SPATIAL	0.01
HER2ST_manual_controlled	HER2ST_H1_CONTROLLED	within_section_controlled_combined	HER2ST::H	manual_truth_controlled	forward	HER2ST_H1_CONTROLLED	uot	0.25	2.0	label_free_rigid	coordinate_response	True	80	0.2920397999987472	R	I_SPATIAL	1.0
HER2ST_manual_controlled	HER2ST_H1_CONTROLLED	within_section_controlled_combined	HER2ST::H	manual_truth_controlled	forward	HER2ST_H1_CONTROLLED	uot	0.25	2.0	label_free_rigid	coordinate_response	True	80	0.28356710000662133	N	I_SPATIAL	0.00125
HER2ST_manual_controlled	HER2ST_H1_CONTROLLED	within_section_controlled_combined	HER2ST::H	manual_truth_controlled	forward	HER2ST_H1_CONTROLLED	uot	0.25	2.0	label_free_rigid	coordinate_response	True	80	0.29025560000445694	N	I_SPATIAL	0.000625
HER2ST_manual_controlled	HER2ST_H1_CONTROLLED	within_section_controlled_combined	HER2ST::H	manual_truth_controlled	forward	HER2ST_H1_CONTROLLED	uot	0.25	2.0	label_free_rigid	coordinate_response	True	80	0.2841841000044951	N	I_SPATIAL	0.01
HER2ST_manual_controlled	HER2ST_H1_CONTROLLED	within_section_controlled_combined	HER2ST::H	manual_truth_controlled	forward	HER2ST_H1_CONTROLLED	uot	0.25	2.0	label_free_rigid	coordinate_response	True	80	0.2901912000088487	N	I_SPATIAL	1.0
HER2ST_manual_controlled	HER2ST_H1_CONTROLLED	within_section_controlled_combined	HER2ST::H	manual_truth_controlled	forward	HER2ST_H1_CONTROLLED	row_softmax	0.25		baseline	base	True	1	0.0034386000043014064			
HER2ST_manual_controlled	HER2ST_H1_CONTROLLED	within_section_controlled_combined	HER2ST::H	manual_truth_controlled	forward	HER2ST_H1_CONTROLLED	uot	0.25	2.0	her2_oracle	base	True	80	0.29599790000065695			
HER2ST_manual_controlled	HER2ST_H1_CONTROLLED	within_section_controlled_combined	HER2ST::H	manual_truth_controlled	forward	HER2ST_H1_CONTROLLED	uot	0.25	2.0	her2_oracle	coordinate_response	True	80	0.2987511999963317	R	I_SPATIAL	0.00125
HER2ST_manual_controlled	HER2ST_H1_CONTROLLED	within_section_controlled_combined	HER2ST::H	manual_truth_controlled	forward	HER2ST_H1_CONTROLLED	uot	0.25	2.0	her2_oracle	coordinate_response	True	80	0.30381860000488814	R	I_SPATIAL	0.000625
HER2ST_manual_controlled	HER2ST_H1_CONTROLLED	within_section_controlled_combined	HER2ST::H	manual_truth_controlled	forward	HER2ST_H1_CONTROLLED	uot	0.25	2.0	her2_oracle	coordinate_response	True	80	0.29079189999902155	R	I_SPATIAL	0.01
HER2ST_manual_controlled	HER2ST_H1_CONTROLLED	within_section_controlled_combined	HER2ST::H	manual_truth_controlled	forward	HER2ST_H1_CONTROLLED	uot	0.25	2.0	her2_oracle	coordinate_response	True	80	0.29841790000500623	R	I_SPATIAL	1.0
HER2ST_manual_controlled	HER2ST_H1_CONTROLLED	within_section_controlled_combined	HER2ST::H	manual_truth_controlled	forward	HER2ST_H1_CONTROLLED	uot	0.25	2.0	her2_oracle	coordinate_response	True	80	0.30455470000742935	N	I_SPATIAL	0.00125
HER2ST_manual_controlled	HER2ST_H1_CONTROLLED	within_section_controlled_combined	HER2ST::H	manual_truth_controlled	forward	HER2ST_H1_CONTROLLED	uot	0.25	2.0	her2_oracle	coordinate_response	True	80	0.28310820000479	N	I_SPATIAL	0.000625
HER2ST_manual_controlled	HER2ST_H1_CONTROLLED	within_section_controlled_combined	HER2ST::H	manual_truth_controlled	forward	HER2ST_H1_CONTROLLED	uot	0.25	2.0	her2_oracle	coordinate_response	True	80	0.2914374999963911	N	I_SPATIAL	0.01
HER2ST_manual_controlled	HER2ST_H1_CONTROLLED	within_section_controlled_combined	HER2ST::H	manual_truth_controlled	forward	HER2ST_H1_CONTROLLED	uot	0.25	2.0	her2_oracle	coordinate_response	True	80	0.28086170001188293	N	I_SPATIAL	1.0
HER2ST_manual_controlled	HER2ST_H1_CONTROLLED	within_section_controlled_combined	HER2ST::H	manual_truth_controlled	forward	HER2ST_H1_CONTROLLED	row_softmax	0.25		label_free_rigid	base	True	1	0.0032502999965799972			
HER2ST_manual_controlled	HER2ST_H1_CONTROLLED	within_section_controlled_combined	HER2ST::H	manual_truth_controlled	forward	HER2ST_H1_CONTROLLED	row_softmax	0.25		label_free_rigid	coordinate_response	True	1	0.0034804000024450943	R	I_SPATIAL	0.00125
HER2ST_manual_controlled	HER2ST_H1_CONTROLLED	within_section_controlled_combined	HER2ST::H	manual_truth_controlled	forward	HER2ST_H1_CONTROLLED	row_softmax	0.25		label_free_rigid	coordinate_response	True	1	0.0032466999982716516	R	I_SPATIAL	0.000625
HER2ST_manual_controlled	HER2ST_H1_CONTROLLED	within_section_controlled_combined	HER2ST::H	manual_truth_controlled	forward	HER2ST_H1_CONTROLLED	row_softmax	0.25		label_free_rigid	coordinate_response	True	1	0.003053300009923987	R	I_SPATIAL	0.01
HER2ST_manual_controlled	HER2ST_H1_CONTROLLED	within_section_controlled_combined	HER2ST::H	manual_truth_controlled	forward	HER2ST_H1_CONTROLLED	row_softmax	0.25		label_free_rigid	coordinate_response	True	1	0.003233899988117628	R	I_SPATIAL	1.0
HER2ST_manual_controlled	HER2ST_H1_CONTROLLED	within_section_controlled_combined	HER2ST::H	manual_truth_controlled	forward	HER2ST_H1_CONTROLLED	row_softmax	0.25		label_free_rigid	coordinate_response	True	1	0.003288300009444356	N	I_SPATIAL	0.00125
HER2ST_manual_controlled	HER2ST_H1_CONTROLLED	within_section_controlled_combined	HER2ST::H	manual_truth_controlled	forward	HER2ST_H1_CONTROLLED	row_softmax	0.25		label_free_rigid	coordinate_response	True	1	0.0030860999977448955	N	I_SPATIAL	0.000625
HER2ST_manual_controlled	HER2ST_H1_CONTROLLED	within_section_controlled_combined	HER2ST::H	manual_truth_controlled	forward	HER2ST_H1_CONTROLLED	row_softmax	0.25		label_free_rigid	coordinate_response	True	1	0.0030891000060364604	N	I_SPATIAL	0.01
HER2ST_manual_controlled	HER2ST_H1_CONTROLLED	within_section_controlled_combined	HER2ST::H	manual_truth_controlled	forward	HER2ST_H1_CONTROLLED	row_softmax	0.25		label_free_rigid	coordinate_response	True	1	0.003231199996662326	N	I_SPATIAL	1.0
HER2ST_manual_controlled	HER2ST_H1_CONTROLLED	within_section_controlled_combined	HER2ST::H	manual_truth_controlled	forward	HER2ST_H1_CONTROLLED	row_softmax	0.25		her2_oracle	base	True	1	0.003317500013508834			
HER2ST_manual_controlled	HER2ST_H1_CONTROLLED	within_section_controlled_combined	HER2ST::H	manual_truth_controlled	forward	HER2ST_H1_CONTROLLED	row_softmax	0.25		her2_oracle	coordinate_response	True	1	0.0036656000011134893	R	I_SPATIAL	0.00125
HER2ST_manual_controlled	HER2ST_H1_CONTROLLED	within_section_controlled_combined	HER2ST::H	manual_truth_controlled	forward	HER2ST_H1_CONTROLLED	row_softmax	0.25		her2_oracle	coordinate_response	True	1	0.003331100000650622	R	I_SPATIAL	0.000625
HER2ST_manual_controlled	HER2ST_H1_CONTROLLED	within_section_controlled_combined	HER2ST::H	manual_truth_controlled	forward	HER2ST_H1_CONTROLLED	row_softmax	0.25		her2_oracle	coordinate_response	True	1	0.003216099998098798	R	I_SPATIAL	0.01
HER2ST_manual_controlled	HER2ST_H1_CONTROLLED	within_section_controlled_combined	HER2ST::H	manual_truth_controlled	forward	HER2ST_H1_CONTROLLED	row_softmax	0.25		her2_oracle	coordinate_response	True	1	0.0030738999921595678	R	I_SPATIAL	1.0
HER2ST_manual_controlled	HER2ST_H1_CONTROLLED	within_section_controlled_combined	HER2ST::H	manual_truth_controlled	forward	HER2ST_H1_CONTROLLED	row_softmax	0.25		her2_oracle	coordinate_response	True	1	0.0035146999871358275	N	I_SPATIAL	0.00125
HER2ST_manual_controlled	HER2ST_H1_CONTROLLED	within_section_controlled_combined	HER2ST::H	manual_truth_controlled	forward	HER2ST_H1_CONTROLLED	row_softmax	0.25		her2_oracle	coordinate_response	True	1	0.0034360999998170882	N	I_SPATIAL	0.000625
HER2ST_manual_controlled	HER2ST_H1_CONTROLLED	within_section_controlled_combined	HER2ST::H	manual_truth_controlled	forward	HER2ST_H1_CONTROLLED	row_softmax	0.25		her2_oracle	coordinate_response	True	1	0.0034225000126753002	N	I_SPATIAL	0.01
HER2ST_manual_controlled	HER2ST_H1_CONTROLLED	within_section_controlled_combined	HER2ST::H	manual_truth_controlled	forward	HER2ST_H1_CONTROLLED	row_softmax	0.25		her2_oracle	coordinate_response	True	1	0.003444999994826503	N	I_SPATIAL	1.0
HER2ST_manual_controlled	HER2ST_H1_CONTROLLED	within_section_controlled_combined	HER2ST::H	manual_truth_controlled	reverse	HER2ST_H1_CONTROLLED__reverse	balanced_ot	0.25		baseline	base	True	200	0.7219733999954769			
HER2ST_manual_controlled	HER2ST_H1_CONTROLLED	within_section_controlled_combined	HER2ST::H	manual_truth_controlled	reverse	HER2ST_H1_CONTROLLED__reverse	balanced_ot	0.25		label_free_rigid	base	True	200	0.7316354000067804			
HER2ST_manual_controlled	HER2ST_H1_CONTROLLED	within_section_controlled_combined	HER2ST::H	manual_truth_controlled	reverse	HER2ST_H1_CONTROLLED__reverse	balanced_ot	0.25		label_free_rigid	coordinate_response	True	200	0.7337830999895232	R	I_SPATIAL	0.00125
HER2ST_manual_controlled	HER2ST_H1_CONTROLLED	within_section_controlled_combined	HER2ST::H	manual_truth_controlled	reverse	HER2ST_H1_CONTROLLED__reverse	balanced_ot	0.25		label_free_rigid	coordinate_response	True	200	0.7119453999912366	R	I_SPATIAL	0.000625
HER2ST_manual_controlled	HER2ST_H1_CONTROLLED	within_section_controlled_combined	HER2ST::H	manual_truth_controlled	reverse	HER2ST_H1_CONTROLLED__reverse	balanced_ot	0.25		label_free_rigid	coordinate_response	True	200	0.744271799994749	R	I_SPATIAL	0.01
HER2ST_manual_controlled	HER2ST_H1_CONTROLLED	within_section_controlled_combined	HER2ST::H	manual_truth_controlled	reverse	HER2ST_H1_CONTROLLED__reverse	balanced_ot	0.25		label_free_rigid	coordinate_response	True	200	0.7617996999906609	R	I_SPATIAL	1.0
HER2ST_manual_controlled	HER2ST_H1_CONTROLLED	within_section_controlled_combined	HER2ST::H	manual_truth_controlled	reverse	HER2ST_H1_CONTROLLED__reverse	balanced_ot	0.25		label_free_rigid	coordinate_response	True	200	0.7219019000040134	N	I_SPATIAL	0.00125
HER2ST_manual_controlled	HER2ST_H1_CONTROLLED	within_section_controlled_combined	HER2ST::H	manual_truth_controlled	reverse	HER2ST_H1_CONTROLLED__reverse	balanced_ot	0.25		label_free_rigid	coordinate_response	True	200	0.7243990999995731	N	I_SPATIAL	0.000625
HER2ST_manual_controlled	HER2ST_H1_CONTROLLED	within_section_controlled_combined	HER2ST::H	manual_truth_controlled	reverse	HER2ST_H1_CONTROLLED__reverse	balanced_ot	0.25		label_free_rigid	coordinate_response	True	200	0.7470592000026954	N	I_SPATIAL	0.01
HER2ST_manual_controlled	HER2ST_H1_CONTROLLED	within_section_controlled_combined	HER2ST::H	manual_truth_controlled	reverse	HER2ST_H1_CONTROLLED__reverse	balanced_ot	0.25		label_free_rigid	coordinate_response	True	200	0.7042695999989519	N	I_SPATIAL	1.0
HER2ST_manual_controlled	HER2ST_H1_CONTROLLED	within_section_controlled_combined	HER2ST::H	manual_truth_controlled	reverse	HER2ST_H1_CONTROLLED__reverse	uot	0.25	2.0	baseline	base	True	80	0.2827086000033887			
HER2ST_manual_controlled	HER2ST_H1_CONTROLLED	within_section_controlled_combined	HER2ST::H	manual_truth_controlled	reverse	HER2ST_H1_CONTROLLED__reverse	balanced_ot	0.25		her2_oracle	base	True	200	0.7304604999953881			
HER2ST_manual_controlled	HER2ST_H1_CONTROLLED	within_section_controlled_combined	HER2ST::H	manual_truth_controlled	reverse	HER2ST_H1_CONTROLLED__reverse	balanced_ot	0.25		her2_oracle	coordinate_response	True	200	0.7095261000067694	R	I_SPATIAL	0.00125
HER2ST_manual_controlled	HER2ST_H1_CONTROLLED	within_section_controlled_combined	HER2ST::H	manual_truth_controlled	reverse	HER2ST_H1_CONTROLLED__reverse	balanced_ot	0.25		her2_oracle	coordinate_response	True	200	0.7174705999932485	R	I_SPATIAL	0.000625
HER2ST_manual_controlled	HER2ST_H1_CONTROLLED	within_section_controlled_combined	HER2ST::H	manual_truth_controlled	reverse	HER2ST_H1_CONTROLLED__reverse	balanced_ot	0.25		her2_oracle	coordinate_response	True	200	0.7565476000017952	R	I_SPATIAL	0.01
HER2ST_manual_controlled	HER2ST_H1_CONTROLLED	within_section_controlled_combined	HER2ST::H	manual_truth_controlled	reverse	HER2ST_H1_CONTROLLED__reverse	balanced_ot	0.25		her2_oracle	coordinate_response	True	200	0.7226737000019057	R	I_SPATIAL	1.0
HER2ST_manual_controlled	HER2ST_H1_CONTROLLED	within_section_controlled_combined	HER2ST::H	manual_truth_controlled	reverse	HER2ST_H1_CONTROLLED__reverse	balanced_ot	0.25		her2_oracle	coordinate_response	True	200	0.7237619999941671	N	I_SPATIAL	0.00125
HER2ST_manual_controlled	HER2ST_H1_CONTROLLED	within_section_controlled_combined	HER2ST::H	manual_truth_controlled	reverse	HER2ST_H1_CONTROLLED__reverse	balanced_ot	0.25		her2_oracle	coordinate_response	True	200	0.7450548999913735	N	I_SPATIAL	0.000625
HER2ST_manual_controlled	HER2ST_H1_CONTROLLED	within_section_controlled_combined	HER2ST::H	manual_truth_controlled	reverse	HER2ST_H1_CONTROLLED__reverse	balanced_ot	0.25		her2_oracle	coordinate_response	True	200	0.7093046999943908	N	I_SPATIAL	0.01
HER2ST_manual_controlled	HER2ST_H1_CONTROLLED	within_section_controlled_combined	HER2ST::H	manual_truth_controlled	reverse	HER2ST_H1_CONTROLLED__reverse	balanced_ot	0.25		her2_oracle	coordinate_response	True	200	0.7162533000082476	N	I_SPATIAL	1.0
HER2ST_manual_controlled	HER2ST_H1_CONTROLLED	within_section_controlled_combined	HER2ST::H	manual_truth_controlled	reverse	HER2ST_H1_CONTROLLED__reverse	uot	0.25	2.0	label_free_rigid	base	True	80	0.3147350000072038			
HER2ST_manual_controlled	HER2ST_H1_CONTROLLED	within_section_controlled_combined	HER2ST::H	manual_truth_controlled	reverse	HER2ST_H1_CONTROLLED__reverse	uot	0.25	2.0	label_free_rigid	coordinate_response	True	80	0.2870740000071237	R	I_SPATIAL	0.00125
HER2ST_manual_controlled	HER2ST_H1_CONTROLLED	within_section_controlled_combined	HER2ST::H	manual_truth_controlled	reverse	HER2ST_H1_CONTROLLED__reverse	uot	0.25	2.0	label_free_rigid	coordinate_response	True	80	0.2961360999906901	R	I_SPATIAL	0.000625
HER2ST_manual_controlled	HER2ST_H1_CONTROLLED	within_section_controlled_combined	HER2ST::H	manual_truth_controlled	reverse	HER2ST_H1_CONTROLLED__reverse	uot	0.25	2.0	label_free_rigid	coordinate_response	True	80	0.3018847000057576	R	I_SPATIAL	0.01
HER2ST_manual_controlled	HER2ST_H1_CONTROLLED	within_section_controlled_combined	HER2ST::H	manual_truth_controlled	reverse	HER2ST_H1_CONTROLLED__reverse	uot	0.25	2.0	label_free_rigid	coordinate_response	True	80	0.2928050000045914	R	I_SPATIAL	1.0
HER2ST_manual_controlled	HER2ST_H1_CONTROLLED	within_section_controlled_combined	HER2ST::H	manual_truth_controlled	reverse	HER2ST_H1_CONTROLLED__reverse	uot	0.25	2.0	label_free_rigid	coordinate_response	True	80	0.29025609999371227	N	I_SPATIAL	0.00125
HER2ST_manual_controlled	HER2ST_H1_CONTROLLED	within_section_controlled_combined	HER2ST::H	manual_truth_controlled	reverse	HER2ST_H1_CONTROLLED__reverse	uot	0.25	2.0	label_free_rigid	coordinate_response	True	80	0.28293260000646114	N	I_SPATIAL	0.000625
HER2ST_manual_controlled	HER2ST_H1_CONTROLLED	within_section_controlled_combined	HER2ST::H	manual_truth_controlled	reverse	HER2ST_H1_CONTROLLED__reverse	uot	0.25	2.0	label_free_rigid	coordinate_response	True	80	0.290048900002148	N	I_SPATIAL	0.01
HER2ST_manual_controlled	HER2ST_H1_CONTROLLED	within_section_controlled_combined	HER2ST::H	manual_truth_controlled	reverse	HER2ST_H1_CONTROLLED__reverse	uot	0.25	2.0	label_free_rigid	coordinate_response	True	80	0.309991700007231	N	I_SPATIAL	1.0
HER2ST_manual_controlled	HER2ST_H1_CONTROLLED	within_section_controlled_combined	HER2ST::H	manual_truth_controlled	reverse	HER2ST_H1_CONTROLLED__reverse	row_softmax	0.25		baseline	base	True	1	0.003155400001560338			
HER2ST_manual_controlled	HER2ST_H1_CONTROLLED	within_section_controlled_combined	HER2ST::H	manual_truth_controlled	reverse	HER2ST_H1_CONTROLLED__reverse	row_softmax	0.25		label_free_rigid	base	True	1	0.0034903000050690025			
HER2ST_manual_controlled	HER2ST_H1_CONTROLLED	within_section_controlled_combined	HER2ST::H	manual_truth_controlled	reverse	HER2ST_H1_CONTROLLED__reverse	row_softmax	0.25		label_free_rigid	coordinate_response	True	1	0.0032884999964153394	R	I_SPATIAL	0.00125
HER2ST_manual_controlled	HER2ST_H1_CONTROLLED	within_section_controlled_combined	HER2ST::H	manual_truth_controlled	reverse	HER2ST_H1_CONTROLLED__reverse	row_softmax	0.25		label_free_rigid	coordinate_response	True	1	0.0035595999943325296	R	I_SPATIAL	0.000625
HER2ST_manual_controlled	HER2ST_H1_CONTROLLED	within_section_controlled_combined	HER2ST::H	manual_truth_controlled	reverse	HER2ST_H1_CONTROLLED__reverse	row_softmax	0.25		label_free_rigid	coordinate_response	True	1	0.0035801000049104914	R	I_SPATIAL	0.01
HER2ST_manual_controlled	HER2ST_H1_CONTROLLED	within_section_controlled_combined	HER2ST::H	manual_truth_controlled	reverse	HER2ST_H1_CONTROLLED__reverse	row_softmax	0.25		label_free_rigid	coordinate_response	True	1	0.0034195999905932695	R	I_SPATIAL	1.0
HER2ST_manual_controlled	HER2ST_H1_CONTROLLED	within_section_controlled_combined	HER2ST::H	manual_truth_controlled	reverse	HER2ST_H1_CONTROLLED__reverse	row_softmax	0.25		label_free_rigid	coordinate_response	True	1	0.0033276000031037256	N	I_SPATIAL	0.00125
HER2ST_manual_controlled	HER2ST_H1_CONTROLLED	within_section_controlled_combined	HER2ST::H	manual_truth_controlled	reverse	HER2ST_H1_CONTROLLED__reverse	row_softmax	0.25		label_free_rigid	coordinate_response	True	1	0.003838499993435107	N	I_SPATIAL	0.000625
HER2ST_manual_controlled	HER2ST_H1_CONTROLLED	within_section_controlled_combined	HER2ST::H	manual_truth_controlled	reverse	HER2ST_H1_CONTROLLED__reverse	row_softmax	0.25		label_free_rigid	coordinate_response	True	1	0.0032925999985309318	N	I_SPATIAL	0.01
HER2ST_manual_controlled	HER2ST_H1_CONTROLLED	within_section_controlled_combined	HER2ST::H	manual_truth_controlled	reverse	HER2ST_H1_CONTROLLED__reverse	row_softmax	0.25		label_free_rigid	coordinate_response	True	1	0.0032805000082589686	N	I_SPATIAL	1.0
HER2ST_manual_controlled	HER2ST_H1_CONTROLLED	within_section_controlled_combined	HER2ST::H	manual_truth_controlled	reverse	HER2ST_H1_CONTROLLED__reverse	row_softmax	0.25		her2_oracle	base	True	1	0.003394200000911951			
HER2ST_manual_controlled	HER2ST_H1_CONTROLLED	within_section_controlled_combined	HER2ST::H	manual_truth_controlled	reverse	HER2ST_H1_CONTROLLED__reverse	row_softmax	0.25		her2_oracle	coordinate_response	True	1	0.0033782999962568283	R	I_SPATIAL	0.00125
HER2ST_manual_controlled	HER2ST_H1_CONTROLLED	within_section_controlled_combined	HER2ST::H	manual_truth_controlled	reverse	HER2ST_H1_CONTROLLED__reverse	row_softmax	0.25		her2_oracle	coordinate_response	True	1	0.003417500003706664	R	I_SPATIAL	0.000625
HER2ST_manual_controlled	HER2ST_H1_CONTROLLED	within_section_controlled_combined	HER2ST::H	manual_truth_controlled	reverse	HER2ST_H1_CONTROLLED__reverse	row_softmax	0.25		her2_oracle	coordinate_response	True	1	0.0031736999953864142	R	I_SPATIAL	0.01
HER2ST_manual_controlled	HER2ST_H1_CONTROLLED	within_section_controlled_combined	HER2ST::H	manual_truth_controlled	reverse	HER2ST_H1_CONTROLLED__reverse	row_softmax	0.25		her2_oracle	coordinate_response	True	1	0.0048682999913580716	R	I_SPATIAL	1.0
HER2ST_manual_controlled	HER2ST_H1_CONTROLLED	within_section_controlled_combined	HER2ST::H	manual_truth_controlled	reverse	HER2ST_H1_CONTROLLED__reverse	row_softmax	0.25		her2_oracle	coordinate_response	True	1	0.0048753000010037795	N	I_SPATIAL	0.00125
HER2ST_manual_controlled	HER2ST_H1_CONTROLLED	within_section_controlled_combined	HER2ST::H	manual_truth_controlled	reverse	HER2ST_H1_CONTROLLED__reverse	row_softmax	0.25		her2_oracle	coordinate_response	True	1	0.003271499997936189	N	I_SPATIAL	0.000625
HER2ST_manual_controlled	HER2ST_H1_CONTROLLED	within_section_controlled_combined	HER2ST::H	manual_truth_controlled	reverse	HER2ST_H1_CONTROLLED__reverse	row_softmax	0.25		her2_oracle	coordinate_response	True	1	0.0035846999962814152	N	I_SPATIAL	0.01
HER2ST_manual_controlled	HER2ST_H1_CONTROLLED	within_section_controlled_combined	HER2ST::H	manual_truth_controlled	reverse	HER2ST_H1_CONTROLLED__reverse	row_softmax	0.25		her2_oracle	coordinate_response	True	1	0.0033642000053077936	N	I_SPATIAL	1.0
HER2ST_manual_controlled	HER2ST_H1_CONTROLLED	within_section_controlled_combined	HER2ST::H	manual_truth_controlled	reverse	HER2ST_H1_CONTROLLED__reverse	uot	0.25	2.0	her2_oracle	base	True	80	0.3080045999959111			
HER2ST_manual_controlled	HER2ST_H1_CONTROLLED	within_section_controlled_combined	HER2ST::H	manual_truth_controlled	reverse	HER2ST_H1_CONTROLLED__reverse	uot	0.25	2.0	her2_oracle	coordinate_response	True	80	0.3191087000013795	R	I_SPATIAL	0.00125
HER2ST_manual_controlled	HER2ST_H1_CONTROLLED	within_section_controlled_combined	HER2ST::H	manual_truth_controlled	reverse	HER2ST_H1_CONTROLLED__reverse	uot	0.25	2.0	her2_oracle	coordinate_response	True	80	0.29555209999671206	R	I_SPATIAL	0.000625
HER2ST_manual_controlled	HER2ST_H1_CONTROLLED	within_section_controlled_combined	HER2ST::H	manual_truth_controlled	reverse	HER2ST_H1_CONTROLLED__reverse	uot	0.25	2.0	her2_oracle	coordinate_response	True	80	0.3014541000011377	R	I_SPATIAL	0.01
HER2ST_manual_controlled	HER2ST_H1_CONTROLLED	within_section_controlled_combined	HER2ST::H	manual_truth_controlled	reverse	HER2ST_H1_CONTROLLED__reverse	uot	0.25	2.0	her2_oracle	coordinate_response	True	80	0.2880606000107946	R	I_SPATIAL	1.0
HER2ST_manual_controlled	HER2ST_H1_CONTROLLED	within_section_controlled_combined	HER2ST::H	manual_truth_controlled	reverse	HER2ST_H1_CONTROLLED__reverse	uot	0.25	2.0	her2_oracle	coordinate_response	True	80	0.2884712000086438	N	I_SPATIAL	0.00125
HER2ST_manual_controlled	HER2ST_H1_CONTROLLED	within_section_controlled_combined	HER2ST::H	manual_truth_controlled	reverse	HER2ST_H1_CONTROLLED__reverse	uot	0.25	2.0	her2_oracle	coordinate_response	True	80	0.2894022000109544	N	I_SPATIAL	0.000625
HER2ST_manual_controlled	HER2ST_H1_CONTROLLED	within_section_controlled_combined	HER2ST::H	manual_truth_controlled	reverse	HER2ST_H1_CONTROLLED__reverse	uot	0.25	2.0	her2_oracle	coordinate_response	True	80	0.3047846999979811	N	I_SPATIAL	0.01
HER2ST_manual_controlled	HER2ST_H1_CONTROLLED	within_section_controlled_combined	HER2ST::H	manual_truth_controlled	reverse	HER2ST_H1_CONTROLLED__reverse	uot	0.25	2.0	her2_oracle	coordinate_response	True	80	0.3052276000089478	N	I_SPATIAL	1.0
Stereo-seq	ST_DEV_E11_5_E12_5	cross_stage	Stereo-seq::shared_developmental_series	legacy_replication	forward	ST_DEV_E11_5_E12_5	balanced_ot	0.25		baseline	base	True	200	8.659250299999258			
Stereo-seq	ST_DEV_E11_5_E12_5	cross_stage	Stereo-seq::shared_developmental_series	legacy_replication	forward	ST_DEV_E11_5_E12_5	uot	0.25	2.0	baseline	base	True	85	3.714077199998428			
Stereo-seq	ST_DEV_E11_5_E12_5	cross_stage	Stereo-seq::shared_developmental_series	legacy_replication	forward	ST_DEV_E11_5_E12_5	uot	0.25	2.0	label_free_rigid	base	True	85	3.6615541000064695			
Stereo-seq	ST_DEV_E11_5_E12_5	cross_stage	Stereo-seq::shared_developmental_series	legacy_replication	forward	ST_DEV_E11_5_E12_5	uot	0.25	2.0	label_free_rigid	coordinate_response	True	85	3.551878199999919	R	I_SPATIAL	0.00125
Stereo-seq	ST_DEV_E11_5_E12_5	cross_stage	Stereo-seq::shared_developmental_series	legacy_replication	forward	ST_DEV_E11_5_E12_5	uot	0.25	2.0	label_free_rigid	coordinate_response	True	85	3.582157900003949	R	I_SPATIAL	0.000625
Stereo-seq	ST_DEV_E11_5_E12_5	cross_stage	Stereo-seq::shared_developmental_series	legacy_replication	forward	ST_DEV_E11_5_E12_5	uot	0.25	2.0	label_free_rigid	coordinate_response	True	85	3.5944643000111682	R	I_SPATIAL	0.01
Stereo-seq	ST_DEV_E11_5_E12_5	cross_stage	Stereo-seq::shared_developmental_series	legacy_replication	forward	ST_DEV_E11_5_E12_5	uot	0.25	2.0	label_free_rigid	coordinate_response	True	85	3.5404523000033805	R	I_SPATIAL	1.0
Stereo-seq	ST_DEV_E11_5_E12_5	cross_stage	Stereo-seq::shared_developmental_series	legacy_replication	forward	ST_DEV_E11_5_E12_5	uot	0.25	2.0	label_free_rigid	coordinate_response	True	85	3.481157100002747	N	I_SPATIAL	0.00125
Stereo-seq	ST_DEV_E11_5_E12_5	cross_stage	Stereo-seq::shared_developmental_series	legacy_replication	forward	ST_DEV_E11_5_E12_5	uot	0.25	2.0	label_free_rigid	coordinate_response	True	85	3.577148299998953	N	I_SPATIAL	0.000625
Stereo-seq	ST_DEV_E11_5_E12_5	cross_stage	Stereo-seq::shared_developmental_series	legacy_replication	forward	ST_DEV_E11_5_E12_5	uot	0.25	2.0	label_free_rigid	coordinate_response	True	85	3.636801500004367	N	I_SPATIAL	0.01
Stereo-seq	ST_DEV_E11_5_E12_5	cross_stage	Stereo-seq::shared_developmental_series	legacy_replication	forward	ST_DEV_E11_5_E12_5	uot	0.25	2.0	label_free_rigid	coordinate_response	True	85	3.529338499996811	N	I_SPATIAL	1.0
Stereo-seq	ST_DEV_E11_5_E12_5	cross_stage	Stereo-seq::shared_developmental_series	legacy_replication	forward	ST_DEV_E11_5_E12_5	row_softmax	0.25		baseline	base	True	1	0.04258609999669716			
Stereo-seq	ST_DEV_E11_5_E12_5	cross_stage	Stereo-seq::shared_developmental_series	legacy_replication	forward	ST_DEV_E11_5_E12_5	row_softmax	0.25		label_free_rigid	base	True	1	0.036926800006767735			
Stereo-seq	ST_DEV_E11_5_E12_5	cross_stage	Stereo-seq::shared_developmental_series	legacy_replication	forward	ST_DEV_E11_5_E12_5	row_softmax	0.25		label_free_rigid	coordinate_response	True	1	0.04773259999637958	R	I_SPATIAL	0.00125
Stereo-seq	ST_DEV_E11_5_E12_5	cross_stage	Stereo-seq::shared_developmental_series	legacy_replication	forward	ST_DEV_E11_5_E12_5	row_softmax	0.25		label_free_rigid	coordinate_response	True	1	0.03762709999864455	R	I_SPATIAL	0.000625
Stereo-seq	ST_DEV_E11_5_E12_5	cross_stage	Stereo-seq::shared_developmental_series	legacy_replication	forward	ST_DEV_E11_5_E12_5	row_softmax	0.25		label_free_rigid	coordinate_response	True	1	0.03951539999980014	R	I_SPATIAL	0.01
Stereo-seq	ST_DEV_E11_5_E12_5	cross_stage	Stereo-seq::shared_developmental_series	legacy_replication	forward	ST_DEV_E11_5_E12_5	row_softmax	0.25		label_free_rigid	coordinate_response	True	1	0.042371699993964285	R	I_SPATIAL	1.0
Stereo-seq	ST_DEV_E11_5_E12_5	cross_stage	Stereo-seq::shared_developmental_series	legacy_replication	forward	ST_DEV_E11_5_E12_5	row_softmax	0.25		label_free_rigid	coordinate_response	True	1	0.04825120000168681	N	I_SPATIAL	0.00125
Stereo-seq	ST_DEV_E11_5_E12_5	cross_stage	Stereo-seq::shared_developmental_series	legacy_replication	forward	ST_DEV_E11_5_E12_5	row_softmax	0.25		label_free_rigid	coordinate_response	True	1	0.045298400000319816	N	I_SPATIAL	0.000625
Stereo-seq	ST_DEV_E11_5_E12_5	cross_stage	Stereo-seq::shared_developmental_series	legacy_replication	forward	ST_DEV_E11_5_E12_5	row_softmax	0.25		label_free_rigid	coordinate_response	True	1	0.05632070000865497	N	I_SPATIAL	0.01
Stereo-seq	ST_DEV_E11_5_E12_5	cross_stage	Stereo-seq::shared_developmental_series	legacy_replication	forward	ST_DEV_E11_5_E12_5	row_softmax	0.25		label_free_rigid	coordinate_response	True	1	0.03915499999129679	N	I_SPATIAL	1.0
Stereo-seq	ST_DEV_E11_5_E12_5	cross_stage	Stereo-seq::shared_developmental_series	legacy_replication	reverse	ST_DEV_E11_5_E12_5__reverse	balanced_ot	0.25		baseline	base	True	200	8.536872600001516			
Stereo-seq	ST_DEV_E11_5_E12_5	cross_stage	Stereo-seq::shared_developmental_series	legacy_replication	forward	ST_DEV_E11_5_E12_5	balanced_ot	0.25		label_free_rigid	base	True	200	8.646996399998898			
Stereo-seq	ST_DEV_E11_5_E12_5	cross_stage	Stereo-seq::shared_developmental_series	legacy_replication	forward	ST_DEV_E11_5_E12_5	balanced_ot	0.25		label_free_rigid	coordinate_response	True	200	8.69594479999796	R	I_SPATIAL	0.00125
Stereo-seq	ST_DEV_E11_5_E12_5	cross_stage	Stereo-seq::shared_developmental_series	legacy_replication	forward	ST_DEV_E11_5_E12_5	balanced_ot	0.25		label_free_rigid	coordinate_response	True	200	8.420076700000209	R	I_SPATIAL	0.000625
Stereo-seq	ST_DEV_E11_5_E12_5	cross_stage	Stereo-seq::shared_developmental_series	legacy_replication	forward	ST_DEV_E11_5_E12_5	balanced_ot	0.25		label_free_rigid	coordinate_response	True	200	8.334516800008714	R	I_SPATIAL	0.01
Stereo-seq	ST_DEV_E11_5_E12_5	cross_stage	Stereo-seq::shared_developmental_series	legacy_replication	forward	ST_DEV_E11_5_E12_5	balanced_ot	0.25		label_free_rigid	coordinate_response	True	200	8.403369099993142	R	I_SPATIAL	1.0
Stereo-seq	ST_DEV_E11_5_E12_5	cross_stage	Stereo-seq::shared_developmental_series	legacy_replication	forward	ST_DEV_E11_5_E12_5	balanced_ot	0.25		label_free_rigid	coordinate_response	True	200	8.47022200000356	N	I_SPATIAL	0.00125
Stereo-seq	ST_DEV_E11_5_E12_5	cross_stage	Stereo-seq::shared_developmental_series	legacy_replication	forward	ST_DEV_E11_5_E12_5	balanced_ot	0.25		label_free_rigid	coordinate_response	True	200	8.625653199997032	N	I_SPATIAL	0.000625
Stereo-seq	ST_DEV_E11_5_E12_5	cross_stage	Stereo-seq::shared_developmental_series	legacy_replication	forward	ST_DEV_E11_5_E12_5	balanced_ot	0.25		label_free_rigid	coordinate_response	True	200	8.437783300003503	N	I_SPATIAL	0.01
Stereo-seq	ST_DEV_E11_5_E12_5	cross_stage	Stereo-seq::shared_developmental_series	legacy_replication	forward	ST_DEV_E11_5_E12_5	balanced_ot	0.25		label_free_rigid	coordinate_response	True	200	8.398534799998743	N	I_SPATIAL	1.0
Stereo-seq	ST_DEV_E11_5_E12_5	cross_stage	Stereo-seq::shared_developmental_series	legacy_replication	reverse	ST_DEV_E11_5_E12_5__reverse	uot	0.25	2.0	baseline	base	True	85	3.62581759999739			
Stereo-seq	ST_DEV_E11_5_E12_5	cross_stage	Stereo-seq::shared_developmental_series	legacy_replication	reverse	ST_DEV_E11_5_E12_5__reverse	uot	0.25	2.0	label_free_rigid	base	True	85	3.5591501999879256			
Stereo-seq	ST_DEV_E11_5_E12_5	cross_stage	Stereo-seq::shared_developmental_series	legacy_replication	reverse	ST_DEV_E11_5_E12_5__reverse	uot	0.25	2.0	label_free_rigid	coordinate_response	True	85	3.5444080000015674	R	I_SPATIAL	0.00125
Stereo-seq	ST_DEV_E11_5_E12_5	cross_stage	Stereo-seq::shared_developmental_series	legacy_replication	reverse	ST_DEV_E11_5_E12_5__reverse	uot	0.25	2.0	label_free_rigid	coordinate_response	True	85	3.526522800006205	R	I_SPATIAL	0.000625
Stereo-seq	ST_DEV_E11_5_E12_5	cross_stage	Stereo-seq::shared_developmental_series	legacy_replication	reverse	ST_DEV_E11_5_E12_5__reverse	uot	0.25	2.0	label_free_rigid	coordinate_response	True	85	3.4997788000036962	R	I_SPATIAL	0.01
Stereo-seq	ST_DEV_E11_5_E12_5	cross_stage	Stereo-seq::shared_developmental_series	legacy_replication	reverse	ST_DEV_E11_5_E12_5__reverse	uot	0.25	2.0	label_free_rigid	coordinate_response	True	85	3.5519983999984106	R	I_SPATIAL	1.0
Stereo-seq	ST_DEV_E11_5_E12_5	cross_stage	Stereo-seq::shared_developmental_series	legacy_replication	reverse	ST_DEV_E11_5_E12_5__reverse	uot	0.25	2.0	label_free_rigid	coordinate_response	True	85	3.575160499996855	N	I_SPATIAL	0.00125
Stereo-seq	ST_DEV_E11_5_E12_5	cross_stage	Stereo-seq::shared_developmental_series	legacy_replication	reverse	ST_DEV_E11_5_E12_5__reverse	uot	0.25	2.0	label_free_rigid	coordinate_response	True	85	3.513968700004625	N	I_SPATIAL	0.000625
Stereo-seq	ST_DEV_E11_5_E12_5	cross_stage	Stereo-seq::shared_developmental_series	legacy_replication	reverse	ST_DEV_E11_5_E12_5__reverse	uot	0.25	2.0	label_free_rigid	coordinate_response	True	85	3.5600947000057204	N	I_SPATIAL	0.01
Stereo-seq	ST_DEV_E11_5_E12_5	cross_stage	Stereo-seq::shared_developmental_series	legacy_replication	reverse	ST_DEV_E11_5_E12_5__reverse	uot	0.25	2.0	label_free_rigid	coordinate_response	True	80	3.4076761000033002	N	I_SPATIAL	1.0
Stereo-seq	ST_DEV_E11_5_E12_5	cross_stage	Stereo-seq::shared_developmental_series	legacy_replication	reverse	ST_DEV_E11_5_E12_5__reverse	row_softmax	0.25		baseline	base	True	1	0.038381899998057634			
Stereo-seq	ST_DEV_E11_5_E12_5	cross_stage	Stereo-seq::shared_developmental_series	legacy_replication	reverse	ST_DEV_E11_5_E12_5__reverse	row_softmax	0.25		label_free_rigid	base	True	1	0.03745019999041688			
Stereo-seq	ST_DEV_E11_5_E12_5	cross_stage	Stereo-seq::shared_developmental_series	legacy_replication	reverse	ST_DEV_E11_5_E12_5__reverse	row_softmax	0.25		label_free_rigid	coordinate_response	True	1	0.03851270000450313	R	I_SPATIAL	0.00125
Stereo-seq	ST_DEV_E11_5_E12_5	cross_stage	Stereo-seq::shared_developmental_series	legacy_replication	reverse	ST_DEV_E11_5_E12_5__reverse	row_softmax	0.25		label_free_rigid	coordinate_response	True	1	0.03794410001137294	R	I_SPATIAL	0.000625
Stereo-seq	ST_DEV_E11_5_E12_5	cross_stage	Stereo-seq::shared_developmental_series	legacy_replication	reverse	ST_DEV_E11_5_E12_5__reverse	row_softmax	0.25		label_free_rigid	coordinate_response	True	1	0.037928899997496046	R	I_SPATIAL	0.01
Stereo-seq	ST_DEV_E11_5_E12_5	cross_stage	Stereo-seq::shared_developmental_series	legacy_replication	reverse	ST_DEV_E11_5_E12_5__reverse	row_softmax	0.25		label_free_rigid	coordinate_response	True	1	0.03812210001342464	R	I_SPATIAL	1.0
Stereo-seq	ST_DEV_E11_5_E12_5	cross_stage	Stereo-seq::shared_developmental_series	legacy_replication	reverse	ST_DEV_E11_5_E12_5__reverse	row_softmax	0.25		label_free_rigid	coordinate_response	True	1	0.04315440000209492	N	I_SPATIAL	0.00125
Stereo-seq	ST_DEV_E11_5_E12_5	cross_stage	Stereo-seq::shared_developmental_series	legacy_replication	reverse	ST_DEV_E11_5_E12_5__reverse	row_softmax	0.25		label_free_rigid	coordinate_response	True	1	0.03771689999848604	N	I_SPATIAL	0.000625
Stereo-seq	ST_DEV_E11_5_E12_5	cross_stage	Stereo-seq::shared_developmental_series	legacy_replication	reverse	ST_DEV_E11_5_E12_5__reverse	row_softmax	0.25		label_free_rigid	coordinate_response	True	1	0.03624370000034105	N	I_SPATIAL	0.01
Stereo-seq	ST_DEV_E11_5_E12_5	cross_stage	Stereo-seq::shared_developmental_series	legacy_replication	reverse	ST_DEV_E11_5_E12_5__reverse	row_softmax	0.25		label_free_rigid	coordinate_response	True	1	0.04259280000405852	N	I_SPATIAL	1.0
Stereo-seq	ST_DEV_E12_5_E13_5	cross_stage	Stereo-seq::shared_developmental_series	legacy_replication	forward	ST_DEV_E12_5_E13_5	balanced_ot	0.25		baseline	base	True	200	8.393271200009622			
Stereo-seq	ST_DEV_E11_5_E12_5	cross_stage	Stereo-seq::shared_developmental_series	legacy_replication	reverse	ST_DEV_E11_5_E12_5__reverse	balanced_ot	0.25		label_free_rigid	base	True	200	8.428039999998873			
Stereo-seq	ST_DEV_E11_5_E12_5	cross_stage	Stereo-seq::shared_developmental_series	legacy_replication	reverse	ST_DEV_E11_5_E12_5__reverse	balanced_ot	0.25		label_free_rigid	coordinate_response	True	200	8.468951899994863	R	I_SPATIAL	0.00125
Stereo-seq	ST_DEV_E11_5_E12_5	cross_stage	Stereo-seq::shared_developmental_series	legacy_replication	reverse	ST_DEV_E11_5_E12_5__reverse	balanced_ot	0.25		label_free_rigid	coordinate_response	True	200	8.390801799992914	R	I_SPATIAL	0.000625
Stereo-seq	ST_DEV_E11_5_E12_5	cross_stage	Stereo-seq::shared_developmental_series	legacy_replication	reverse	ST_DEV_E11_5_E12_5__reverse	balanced_ot	0.25		label_free_rigid	coordinate_response	True	200	8.355150600007619	R	I_SPATIAL	0.01
Stereo-seq	ST_DEV_E11_5_E12_5	cross_stage	Stereo-seq::shared_developmental_series	legacy_replication	reverse	ST_DEV_E11_5_E12_5__reverse	balanced_ot	0.25		label_free_rigid	coordinate_response	True	200	8.285254999995232	R	I_SPATIAL	1.0
Stereo-seq	ST_DEV_E11_5_E12_5	cross_stage	Stereo-seq::shared_developmental_series	legacy_replication	reverse	ST_DEV_E11_5_E12_5__reverse	balanced_ot	0.25		label_free_rigid	coordinate_response	True	200	8.361528199995519	N	I_SPATIAL	0.00125
Stereo-seq	ST_DEV_E11_5_E12_5	cross_stage	Stereo-seq::shared_developmental_series	legacy_replication	reverse	ST_DEV_E11_5_E12_5__reverse	balanced_ot	0.25		label_free_rigid	coordinate_response	True	200	8.44644800000242	N	I_SPATIAL	0.000625
Stereo-seq	ST_DEV_E11_5_E12_5	cross_stage	Stereo-seq::shared_developmental_series	legacy_replication	reverse	ST_DEV_E11_5_E12_5__reverse	balanced_ot	0.25		label_free_rigid	coordinate_response	True	200	8.26917620000313	N	I_SPATIAL	0.01
Stereo-seq	ST_DEV_E11_5_E12_5	cross_stage	Stereo-seq::shared_developmental_series	legacy_replication	reverse	ST_DEV_E11_5_E12_5__reverse	balanced_ot	0.25		label_free_rigid	coordinate_response	True	200	8.319982500004699	N	I_SPATIAL	1.0
Stereo-seq	ST_DEV_E12_5_E13_5	cross_stage	Stereo-seq::shared_developmental_series	legacy_replication	forward	ST_DEV_E12_5_E13_5	uot	0.25	2.0	baseline	base	True	85	3.5349652000004426			
Stereo-seq	ST_DEV_E12_5_E13_5	cross_stage	Stereo-seq::shared_developmental_series	legacy_replication	forward	ST_DEV_E12_5_E13_5	uot	0.25	2.0	label_free_rigid	base	True	85	3.5531407999951625			
Stereo-seq	ST_DEV_E12_5_E13_5	cross_stage	Stereo-seq::shared_developmental_series	legacy_replication	forward	ST_DEV_E12_5_E13_5	uot	0.25	2.0	label_free_rigid	coordinate_response	True	85	3.573640799993882	R	I_SPATIAL	0.00125
Stereo-seq	ST_DEV_E12_5_E13_5	cross_stage	Stereo-seq::shared_developmental_series	legacy_replication	forward	ST_DEV_E12_5_E13_5	uot	0.25	2.0	label_free_rigid	coordinate_response	True	85	3.5646534000115935	R	I_SPATIAL	0.000625
Stereo-seq	ST_DEV_E12_5_E13_5	cross_stage	Stereo-seq::shared_developmental_series	legacy_replication	forward	ST_DEV_E12_5_E13_5	uot	0.25	2.0	label_free_rigid	coordinate_response	True	85	3.6014759999961825	R	I_SPATIAL	0.01
Stereo-seq	ST_DEV_E12_5_E13_5	cross_stage	Stereo-seq::shared_developmental_series	legacy_replication	forward	ST_DEV_E12_5_E13_5	uot	0.25	2.0	label_free_rigid	coordinate_response	True	85	3.5104317999939667	R	I_SPATIAL	1.0
Stereo-seq	ST_DEV_E12_5_E13_5	cross_stage	Stereo-seq::shared_developmental_series	legacy_replication	forward	ST_DEV_E12_5_E13_5	uot	0.25	2.0	label_free_rigid	coordinate_response	True	85	3.5247796999901766	N	I_SPATIAL	0.00125
Stereo-seq	ST_DEV_E12_5_E13_5	cross_stage	Stereo-seq::shared_developmental_series	legacy_replication	forward	ST_DEV_E12_5_E13_5	uot	0.25	2.0	label_free_rigid	coordinate_response	True	85	3.590337700006785	N	I_SPATIAL	0.000625
Stereo-seq	ST_DEV_E12_5_E13_5	cross_stage	Stereo-seq::shared_developmental_series	legacy_replication	forward	ST_DEV_E12_5_E13_5	uot	0.25	2.0	label_free_rigid	coordinate_response	True	85	3.4778577999968547	N	I_SPATIAL	0.01
Stereo-seq	ST_DEV_E12_5_E13_5	cross_stage	Stereo-seq::shared_developmental_series	legacy_replication	forward	ST_DEV_E12_5_E13_5	uot	0.25	2.0	label_free_rigid	coordinate_response	True	85	3.525978399993619	N	I_SPATIAL	1.0
Stereo-seq	ST_DEV_E12_5_E13_5	cross_stage	Stereo-seq::shared_developmental_series	legacy_replication	forward	ST_DEV_E12_5_E13_5	row_softmax	0.25		baseline	base	True	1	0.037226199987344444			
Stereo-seq	ST_DEV_E12_5_E13_5	cross_stage	Stereo-seq::shared_developmental_series	legacy_replication	forward	ST_DEV_E12_5_E13_5	row_softmax	0.25		label_free_rigid	base	True	1	0.037120900000445545			
Stereo-seq	ST_DEV_E12_5_E13_5	cross_stage	Stereo-seq::shared_developmental_series	legacy_replication	forward	ST_DEV_E12_5_E13_5	row_softmax	0.25		label_free_rigid	coordinate_response	True	1	0.03671070000564214	R	I_SPATIAL	0.00125
Stereo-seq	ST_DEV_E12_5_E13_5	cross_stage	Stereo-seq::shared_developmental_series	legacy_replication	forward	ST_DEV_E12_5_E13_5	row_softmax	0.25		label_free_rigid	coordinate_response	True	1	0.03778489999240264	R	I_SPATIAL	0.000625
Stereo-seq	ST_DEV_E12_5_E13_5	cross_stage	Stereo-seq::shared_developmental_series	legacy_replication	forward	ST_DEV_E12_5_E13_5	row_softmax	0.25		label_free_rigid	coordinate_response	True	1	0.03900410000642296	R	I_SPATIAL	0.01
Stereo-seq	ST_DEV_E12_5_E13_5	cross_stage	Stereo-seq::shared_developmental_series	legacy_replication	forward	ST_DEV_E12_5_E13_5	row_softmax	0.25		label_free_rigid	coordinate_response	True	1	0.03801910000038333	R	I_SPATIAL	1.0
Stereo-seq	ST_DEV_E12_5_E13_5	cross_stage	Stereo-seq::shared_developmental_series	legacy_replication	forward	ST_DEV_E12_5_E13_5	row_softmax	0.25		label_free_rigid	coordinate_response	True	1	0.038634900003671646	N	I_SPATIAL	0.00125
Stereo-seq	ST_DEV_E12_5_E13_5	cross_stage	Stereo-seq::shared_developmental_series	legacy_replication	forward	ST_DEV_E12_5_E13_5	row_softmax	0.25		label_free_rigid	coordinate_response	True	1	0.038502499999594875	N	I_SPATIAL	0.000625
Stereo-seq	ST_DEV_E12_5_E13_5	cross_stage	Stereo-seq::shared_developmental_series	legacy_replication	forward	ST_DEV_E12_5_E13_5	row_softmax	0.25		label_free_rigid	coordinate_response	True	1	0.03699079999933019	N	I_SPATIAL	0.01
Stereo-seq	ST_DEV_E12_5_E13_5	cross_stage	Stereo-seq::shared_developmental_series	legacy_replication	forward	ST_DEV_E12_5_E13_5	row_softmax	0.25		label_free_rigid	coordinate_response	True	1	0.037538600008701906	N	I_SPATIAL	1.0
Stereo-seq	ST_DEV_E12_5_E13_5	cross_stage	Stereo-seq::shared_developmental_series	legacy_replication	reverse	ST_DEV_E12_5_E13_5__reverse	balanced_ot	0.25		baseline	base	True	200	8.34412429999793			
Stereo-seq	ST_DEV_E12_5_E13_5	cross_stage	Stereo-seq::shared_developmental_series	legacy_replication	forward	ST_DEV_E12_5_E13_5	balanced_ot	0.25		label_free_rigid	base	True	200	8.397148200005176			
Stereo-seq	ST_DEV_E12_5_E13_5	cross_stage	Stereo-seq::shared_developmental_series	legacy_replication	forward	ST_DEV_E12_5_E13_5	balanced_ot	0.25		label_free_rigid	coordinate_response	True	200	8.32610730000306	R	I_SPATIAL	0.00125
Stereo-seq	ST_DEV_E12_5_E13_5	cross_stage	Stereo-seq::shared_developmental_series	legacy_replication	forward	ST_DEV_E12_5_E13_5	balanced_ot	0.25		label_free_rigid	coordinate_response	True	200	8.448890199986636	R	I_SPATIAL	0.000625
Stereo-seq	ST_DEV_E12_5_E13_5	cross_stage	Stereo-seq::shared_developmental_series	legacy_replication	forward	ST_DEV_E12_5_E13_5	balanced_ot	0.25		label_free_rigid	coordinate_response	True	200	8.339028399990639	R	I_SPATIAL	0.01
Stereo-seq	ST_DEV_E12_5_E13_5	cross_stage	Stereo-seq::shared_developmental_series	legacy_replication	forward	ST_DEV_E12_5_E13_5	balanced_ot	0.25		label_free_rigid	coordinate_response	True	200	8.331254999997327	R	I_SPATIAL	1.0
Stereo-seq	ST_DEV_E12_5_E13_5	cross_stage	Stereo-seq::shared_developmental_series	legacy_replication	forward	ST_DEV_E12_5_E13_5	balanced_ot	0.25		label_free_rigid	coordinate_response	True	200	8.269132900008117	N	I_SPATIAL	0.00125
Stereo-seq	ST_DEV_E12_5_E13_5	cross_stage	Stereo-seq::shared_developmental_series	legacy_replication	forward	ST_DEV_E12_5_E13_5	balanced_ot	0.25		label_free_rigid	coordinate_response	True	200	8.318211299992981	N	I_SPATIAL	0.000625
Stereo-seq	ST_DEV_E12_5_E13_5	cross_stage	Stereo-seq::shared_developmental_series	legacy_replication	forward	ST_DEV_E12_5_E13_5	balanced_ot	0.25		label_free_rigid	coordinate_response	True	200	8.36367930000415	N	I_SPATIAL	0.01
Stereo-seq	ST_DEV_E12_5_E13_5	cross_stage	Stereo-seq::shared_developmental_series	legacy_replication	forward	ST_DEV_E12_5_E13_5	balanced_ot	0.25		label_free_rigid	coordinate_response	True	200	8.260656800004654	N	I_SPATIAL	1.0
Stereo-seq	ST_DEV_E12_5_E13_5	cross_stage	Stereo-seq::shared_developmental_series	legacy_replication	reverse	ST_DEV_E12_5_E13_5__reverse	uot	0.25	2.0	baseline	base	True	85	3.5636072999914177			
Stereo-seq	ST_DEV_E12_5_E13_5	cross_stage	Stereo-seq::shared_developmental_series	legacy_replication	reverse	ST_DEV_E12_5_E13_5__reverse	uot	0.25	2.0	label_free_rigid	base	True	85	3.5991922999965027			
Stereo-seq	ST_DEV_E12_5_E13_5	cross_stage	Stereo-seq::shared_developmental_series	legacy_replication	reverse	ST_DEV_E12_5_E13_5__reverse	uot	0.25	2.0	label_free_rigid	coordinate_response	True	85	3.5405706000019563	R	I_SPATIAL	0.00125
Stereo-seq	ST_DEV_E12_5_E13_5	cross_stage	Stereo-seq::shared_developmental_series	legacy_replication	reverse	ST_DEV_E12_5_E13_5__reverse	uot	0.25	2.0	label_free_rigid	coordinate_response	True	85	3.5311309000098845	R	I_SPATIAL	0.000625
Stereo-seq	ST_DEV_E12_5_E13_5	cross_stage	Stereo-seq::shared_developmental_series	legacy_replication	reverse	ST_DEV_E12_5_E13_5__reverse	uot	0.25	2.0	label_free_rigid	coordinate_response	True	85	3.520909599988954	R	I_SPATIAL	0.01
Stereo-seq	ST_DEV_E12_5_E13_5	cross_stage	Stereo-seq::shared_developmental_series	legacy_replication	reverse	ST_DEV_E12_5_E13_5__reverse	uot	0.25	2.0	label_free_rigid	coordinate_response	True	85	3.554137399987667	R	I_SPATIAL	1.0
Stereo-seq	ST_DEV_E12_5_E13_5	cross_stage	Stereo-seq::shared_developmental_series	legacy_replication	reverse	ST_DEV_E12_5_E13_5__reverse	uot	0.25	2.0	label_free_rigid	coordinate_response	True	85	3.5264913999999408	N	I_SPATIAL	0.00125
Stereo-seq	ST_DEV_E12_5_E13_5	cross_stage	Stereo-seq::shared_developmental_series	legacy_replication	reverse	ST_DEV_E12_5_E13_5__reverse	uot	0.25	2.0	label_free_rigid	coordinate_response	True	85	3.514855200002785	N	I_SPATIAL	0.000625
Stereo-seq	ST_DEV_E12_5_E13_5	cross_stage	Stereo-seq::shared_developmental_series	legacy_replication	reverse	ST_DEV_E12_5_E13_5__reverse	uot	0.25	2.0	label_free_rigid	coordinate_response	True	85	3.5384248000045773	N	I_SPATIAL	0.01
Stereo-seq	ST_DEV_E12_5_E13_5	cross_stage	Stereo-seq::shared_developmental_series	legacy_replication	reverse	ST_DEV_E12_5_E13_5__reverse	uot	0.25	2.0	label_free_rigid	coordinate_response	True	80	3.29943880000792	N	I_SPATIAL	1.0
Stereo-seq	ST_DEV_E12_5_E13_5	cross_stage	Stereo-seq::shared_developmental_series	legacy_replication	reverse	ST_DEV_E12_5_E13_5__reverse	row_softmax	0.25		baseline	base	True	1	0.03635660000145435			
Stereo-seq	ST_DEV_E12_5_E13_5	cross_stage	Stereo-seq::shared_developmental_series	legacy_replication	reverse	ST_DEV_E12_5_E13_5__reverse	row_softmax	0.25		label_free_rigid	base	True	1	0.03873990000283811			
Stereo-seq	ST_DEV_E12_5_E13_5	cross_stage	Stereo-seq::shared_developmental_series	legacy_replication	reverse	ST_DEV_E12_5_E13_5__reverse	row_softmax	0.25		label_free_rigid	coordinate_response	True	1	0.038797200002591126	R	I_SPATIAL	0.00125
Stereo-seq	ST_DEV_E12_5_E13_5	cross_stage	Stereo-seq::shared_developmental_series	legacy_replication	reverse	ST_DEV_E12_5_E13_5__reverse	row_softmax	0.25		label_free_rigid	coordinate_response	True	1	0.037382499998784624	R	I_SPATIAL	0.000625
Stereo-seq	ST_DEV_E12_5_E13_5	cross_stage	Stereo-seq::shared_developmental_series	legacy_replication	reverse	ST_DEV_E12_5_E13_5__reverse	row_softmax	0.25		label_free_rigid	coordinate_response	True	1	0.03874649999488611	R	I_SPATIAL	0.01
Stereo-seq	ST_DEV_E12_5_E13_5	cross_stage	Stereo-seq::shared_developmental_series	legacy_replication	reverse	ST_DEV_E12_5_E13_5__reverse	row_softmax	0.25		label_free_rigid	coordinate_response	True	1	0.03755540000565816	R	I_SPATIAL	1.0
Stereo-seq	ST_DEV_E12_5_E13_5	cross_stage	Stereo-seq::shared_developmental_series	legacy_replication	reverse	ST_DEV_E12_5_E13_5__reverse	row_softmax	0.25		label_free_rigid	coordinate_response	True	1	0.04392700000607874	N	I_SPATIAL	0.00125
Stereo-seq	ST_DEV_E12_5_E13_5	cross_stage	Stereo-seq::shared_developmental_series	legacy_replication	reverse	ST_DEV_E12_5_E13_5__reverse	row_softmax	0.25		label_free_rigid	coordinate_response	True	1	0.037069600002723746	N	I_SPATIAL	0.000625
Stereo-seq	ST_DEV_E12_5_E13_5	cross_stage	Stereo-seq::shared_developmental_series	legacy_replication	reverse	ST_DEV_E12_5_E13_5__reverse	row_softmax	0.25		label_free_rigid	coordinate_response	True	1	0.03862130000197794	N	I_SPATIAL	0.01
Stereo-seq	ST_DEV_E12_5_E13_5	cross_stage	Stereo-seq::shared_developmental_series	legacy_replication	reverse	ST_DEV_E12_5_E13_5__reverse	row_softmax	0.25		label_free_rigid	coordinate_response	True	1	0.039409799996064976	N	I_SPATIAL	1.0
Stereo-seq	ST_DEV_E13_5_E14_5	cross_stage	Stereo-seq::shared_developmental_series	legacy_replication	forward	ST_DEV_E13_5_E14_5	balanced_ot	0.25		baseline	base	True	200	8.343114500006777			
Stereo-seq	ST_DEV_E12_5_E13_5	cross_stage	Stereo-seq::shared_developmental_series	legacy_replication	reverse	ST_DEV_E12_5_E13_5__reverse	balanced_ot	0.25		label_free_rigid	base	True	200	8.26258590001089			
Stereo-seq	ST_DEV_E12_5_E13_5	cross_stage	Stereo-seq::shared_developmental_series	legacy_replication	reverse	ST_DEV_E12_5_E13_5__reverse	balanced_ot	0.25		label_free_rigid	coordinate_response	True	200	8.22592799999984	R	I_SPATIAL	0.00125
Stereo-seq	ST_DEV_E12_5_E13_5	cross_stage	Stereo-seq::shared_developmental_series	legacy_replication	reverse	ST_DEV_E12_5_E13_5__reverse	balanced_ot	0.25		label_free_rigid	coordinate_response	True	200	8.251842199999373	R	I_SPATIAL	0.000625
Stereo-seq	ST_DEV_E12_5_E13_5	cross_stage	Stereo-seq::shared_developmental_series	legacy_replication	reverse	ST_DEV_E12_5_E13_5__reverse	balanced_ot	0.25		label_free_rigid	coordinate_response	True	200	8.39541620000091	R	I_SPATIAL	0.01
Stereo-seq	ST_DEV_E12_5_E13_5	cross_stage	Stereo-seq::shared_developmental_series	legacy_replication	reverse	ST_DEV_E12_5_E13_5__reverse	balanced_ot	0.25		label_free_rigid	coordinate_response	True	200	8.338678499989328	R	I_SPATIAL	1.0
Stereo-seq	ST_DEV_E12_5_E13_5	cross_stage	Stereo-seq::shared_developmental_series	legacy_replication	reverse	ST_DEV_E12_5_E13_5__reverse	balanced_ot	0.25		label_free_rigid	coordinate_response	True	200	8.244352399997297	N	I_SPATIAL	0.00125
Stereo-seq	ST_DEV_E12_5_E13_5	cross_stage	Stereo-seq::shared_developmental_series	legacy_replication	reverse	ST_DEV_E12_5_E13_5__reverse	balanced_ot	0.25		label_free_rigid	coordinate_response	True	200	8.235319100000197	N	I_SPATIAL	0.000625
Stereo-seq	ST_DEV_E12_5_E13_5	cross_stage	Stereo-seq::shared_developmental_series	legacy_replication	reverse	ST_DEV_E12_5_E13_5__reverse	balanced_ot	0.25		label_free_rigid	coordinate_response	True	200	8.362991799993324	N	I_SPATIAL	0.01
Stereo-seq	ST_DEV_E12_5_E13_5	cross_stage	Stereo-seq::shared_developmental_series	legacy_replication	reverse	ST_DEV_E12_5_E13_5__reverse	balanced_ot	0.25		label_free_rigid	coordinate_response	True	200	8.282869900009246	N	I_SPATIAL	1.0
Stereo-seq	ST_DEV_E13_5_E14_5	cross_stage	Stereo-seq::shared_developmental_series	legacy_replication	forward	ST_DEV_E13_5_E14_5	uot	0.25	2.0	baseline	base	True	85	3.5403610999928787			
Stereo-seq	ST_DEV_E13_5_E14_5	cross_stage	Stereo-seq::shared_developmental_series	legacy_replication	forward	ST_DEV_E13_5_E14_5	uot	0.25	2.0	label_free_rigid	base	True	85	3.495319000008749			
Stereo-seq	ST_DEV_E13_5_E14_5	cross_stage	Stereo-seq::shared_developmental_series	legacy_replication	forward	ST_DEV_E13_5_E14_5	uot	0.25	2.0	label_free_rigid	coordinate_response	True	85	3.5271149999898626	R	I_SPATIAL	0.00125
Stereo-seq	ST_DEV_E13_5_E14_5	cross_stage	Stereo-seq::shared_developmental_series	legacy_replication	forward	ST_DEV_E13_5_E14_5	uot	0.25	2.0	label_free_rigid	coordinate_response	True	85	3.525196999995387	R	I_SPATIAL	0.000625
Stereo-seq	ST_DEV_E13_5_E14_5	cross_stage	Stereo-seq::shared_developmental_series	legacy_replication	forward	ST_DEV_E13_5_E14_5	uot	0.25	2.0	label_free_rigid	coordinate_response	True	85	3.483684299993911	R	I_SPATIAL	0.01
Stereo-seq	ST_DEV_E13_5_E14_5	cross_stage	Stereo-seq::shared_developmental_series	legacy_replication	forward	ST_DEV_E13_5_E14_5	uot	0.25	2.0	label_free_rigid	coordinate_response	True	85	3.515422500000568	R	I_SPATIAL	1.0
Stereo-seq	ST_DEV_E13_5_E14_5	cross_stage	Stereo-seq::shared_developmental_series	legacy_replication	forward	ST_DEV_E13_5_E14_5	uot	0.25	2.0	label_free_rigid	coordinate_response	True	85	3.5684086000110256	N	I_SPATIAL	0.00125
Stereo-seq	ST_DEV_E13_5_E14_5	cross_stage	Stereo-seq::shared_developmental_series	legacy_replication	forward	ST_DEV_E13_5_E14_5	uot	0.25	2.0	label_free_rigid	coordinate_response	True	85	3.523600400003488	N	I_SPATIAL	0.000625
Stereo-seq	ST_DEV_E13_5_E14_5	cross_stage	Stereo-seq::shared_developmental_series	legacy_replication	forward	ST_DEV_E13_5_E14_5	uot	0.25	2.0	label_free_rigid	coordinate_response	True	85	3.5308807999972487	N	I_SPATIAL	0.01
Stereo-seq	ST_DEV_E13_5_E14_5	cross_stage	Stereo-seq::shared_developmental_series	legacy_replication	forward	ST_DEV_E13_5_E14_5	uot	0.25	2.0	label_free_rigid	coordinate_response	True	80	3.3427815999893937	N	I_SPATIAL	1.0
Stereo-seq	ST_DEV_E13_5_E14_5	cross_stage	Stereo-seq::shared_developmental_series	legacy_replication	forward	ST_DEV_E13_5_E14_5	row_softmax	0.25		baseline	base	True	1	0.03839120001066476			
Stereo-seq	ST_DEV_E13_5_E14_5	cross_stage	Stereo-seq::shared_developmental_series	legacy_replication	forward	ST_DEV_E13_5_E14_5	row_softmax	0.25		label_free_rigid	base	True	1	0.03793390000646468			
Stereo-seq	ST_DEV_E13_5_E14_5	cross_stage	Stereo-seq::shared_developmental_series	legacy_replication	forward	ST_DEV_E13_5_E14_5	row_softmax	0.25		label_free_rigid	coordinate_response	True	1	0.03712799999630079	R	I_SPATIAL	0.00125
Stereo-seq	ST_DEV_E13_5_E14_5	cross_stage	Stereo-seq::shared_developmental_series	legacy_replication	forward	ST_DEV_E13_5_E14_5	row_softmax	0.25		label_free_rigid	coordinate_response	True	1	0.037309799998183735	R	I_SPATIAL	0.000625
Stereo-seq	ST_DEV_E13_5_E14_5	cross_stage	Stereo-seq::shared_developmental_series	legacy_replication	forward	ST_DEV_E13_5_E14_5	row_softmax	0.25		label_free_rigid	coordinate_response	True	1	0.04201580000517424	R	I_SPATIAL	0.01
Stereo-seq	ST_DEV_E13_5_E14_5	cross_stage	Stereo-seq::shared_developmental_series	legacy_replication	forward	ST_DEV_E13_5_E14_5	row_softmax	0.25		label_free_rigid	coordinate_response	True	1	0.036310299998149276	R	I_SPATIAL	1.0
Stereo-seq	ST_DEV_E13_5_E14_5	cross_stage	Stereo-seq::shared_developmental_series	legacy_replication	forward	ST_DEV_E13_5_E14_5	row_softmax	0.25		label_free_rigid	coordinate_response	True	1	0.03673239999625366	N	I_SPATIAL	0.00125
Stereo-seq	ST_DEV_E13_5_E14_5	cross_stage	Stereo-seq::shared_developmental_series	legacy_replication	forward	ST_DEV_E13_5_E14_5	row_softmax	0.25		label_free_rigid	coordinate_response	True	1	0.038174099987372756	N	I_SPATIAL	0.000625
Stereo-seq	ST_DEV_E13_5_E14_5	cross_stage	Stereo-seq::shared_developmental_series	legacy_replication	forward	ST_DEV_E13_5_E14_5	row_softmax	0.25		label_free_rigid	coordinate_response	True	1	0.037438100000144914	N	I_SPATIAL	0.01
Stereo-seq	ST_DEV_E13_5_E14_5	cross_stage	Stereo-seq::shared_developmental_series	legacy_replication	forward	ST_DEV_E13_5_E14_5	row_softmax	0.25		label_free_rigid	coordinate_response	True	1	0.038312199991196394	N	I_SPATIAL	1.0
Stereo-seq	ST_DEV_E13_5_E14_5	cross_stage	Stereo-seq::shared_developmental_series	legacy_replication	reverse	ST_DEV_E13_5_E14_5__reverse	balanced_ot	0.25		baseline	base	True	200	8.254729199994472			
Stereo-seq	ST_DEV_E13_5_E14_5	cross_stage	Stereo-seq::shared_developmental_series	legacy_replication	forward	ST_DEV_E13_5_E14_5	balanced_ot	0.25		label_free_rigid	base	True	200	8.255504000000656			
Stereo-seq	ST_DEV_E13_5_E14_5	cross_stage	Stereo-seq::shared_developmental_series	legacy_replication	forward	ST_DEV_E13_5_E14_5	balanced_ot	0.25		label_free_rigid	coordinate_response	True	200	8.24597810000705	R	I_SPATIAL	0.00125
Stereo-seq	ST_DEV_E13_5_E14_5	cross_stage	Stereo-seq::shared_developmental_series	legacy_replication	forward	ST_DEV_E13_5_E14_5	balanced_ot	0.25		label_free_rigid	coordinate_response	True	200	8.260364000001573	R	I_SPATIAL	0.000625
Stereo-seq	ST_DEV_E13_5_E14_5	cross_stage	Stereo-seq::shared_developmental_series	legacy_replication	forward	ST_DEV_E13_5_E14_5	balanced_ot	0.25		label_free_rigid	coordinate_response	True	200	8.33135890000267	R	I_SPATIAL	0.01
Stereo-seq	ST_DEV_E13_5_E14_5	cross_stage	Stereo-seq::shared_developmental_series	legacy_replication	forward	ST_DEV_E13_5_E14_5	balanced_ot	0.25		label_free_rigid	coordinate_response	True	200	8.266233399990597	R	I_SPATIAL	1.0
Stereo-seq	ST_DEV_E13_5_E14_5	cross_stage	Stereo-seq::shared_developmental_series	legacy_replication	forward	ST_DEV_E13_5_E14_5	balanced_ot	0.25		label_free_rigid	coordinate_response	True	200	8.363683199990191	N	I_SPATIAL	0.00125
Stereo-seq	ST_DEV_E13_5_E14_5	cross_stage	Stereo-seq::shared_developmental_series	legacy_replication	forward	ST_DEV_E13_5_E14_5	balanced_ot	0.25		label_free_rigid	coordinate_response	True	200	8.353950399992755	N	I_SPATIAL	0.000625
Stereo-seq	ST_DEV_E13_5_E14_5	cross_stage	Stereo-seq::shared_developmental_series	legacy_replication	forward	ST_DEV_E13_5_E14_5	balanced_ot	0.25		label_free_rigid	coordinate_response	True	200	8.284155999994255	N	I_SPATIAL	0.01
Stereo-seq	ST_DEV_E13_5_E14_5	cross_stage	Stereo-seq::shared_developmental_series	legacy_replication	forward	ST_DEV_E13_5_E14_5	balanced_ot	0.25		label_free_rigid	coordinate_response	True	200	8.235273099999176	N	I_SPATIAL	1.0
Stereo-seq	ST_DEV_E13_5_E14_5	cross_stage	Stereo-seq::shared_developmental_series	legacy_replication	reverse	ST_DEV_E13_5_E14_5__reverse	uot	0.25	2.0	baseline	base	True	85	3.532709799997974			
Stereo-seq	ST_DEV_E13_5_E14_5	cross_stage	Stereo-seq::shared_developmental_series	legacy_replication	reverse	ST_DEV_E13_5_E14_5__reverse	uot	0.25	2.0	label_free_rigid	base	True	85	3.605198499994003			
Stereo-seq	ST_DEV_E13_5_E14_5	cross_stage	Stereo-seq::shared_developmental_series	legacy_replication	reverse	ST_DEV_E13_5_E14_5__reverse	uot	0.25	2.0	label_free_rigid	coordinate_response	True	85	3.522382099996321	R	I_SPATIAL	0.00125
Stereo-seq	ST_DEV_E13_5_E14_5	cross_stage	Stereo-seq::shared_developmental_series	legacy_replication	reverse	ST_DEV_E13_5_E14_5__reverse	uot	0.25	2.0	label_free_rigid	coordinate_response	True	85	3.520682600006694	R	I_SPATIAL	0.000625
Stereo-seq	ST_DEV_E13_5_E14_5	cross_stage	Stereo-seq::shared_developmental_series	legacy_replication	reverse	ST_DEV_E13_5_E14_5__reverse	uot	0.25	2.0	label_free_rigid	coordinate_response	True	85	3.5594098000001395	R	I_SPATIAL	0.01
Stereo-seq	ST_DEV_E13_5_E14_5	cross_stage	Stereo-seq::shared_developmental_series	legacy_replication	reverse	ST_DEV_E13_5_E14_5__reverse	uot	0.25	2.0	label_free_rigid	coordinate_response	True	85	3.5530876999982866	R	I_SPATIAL	1.0
Stereo-seq	ST_DEV_E13_5_E14_5	cross_stage	Stereo-seq::shared_developmental_series	legacy_replication	reverse	ST_DEV_E13_5_E14_5__reverse	uot	0.25	2.0	label_free_rigid	coordinate_response	True	85	3.5685684999916703	N	I_SPATIAL	0.00125
Stereo-seq	ST_DEV_E13_5_E14_5	cross_stage	Stereo-seq::shared_developmental_series	legacy_replication	reverse	ST_DEV_E13_5_E14_5__reverse	uot	0.25	2.0	label_free_rigid	coordinate_response	True	85	3.5342333000007784	N	I_SPATIAL	0.000625
Stereo-seq	ST_DEV_E13_5_E14_5	cross_stage	Stereo-seq::shared_developmental_series	legacy_replication	reverse	ST_DEV_E13_5_E14_5__reverse	uot	0.25	2.0	label_free_rigid	coordinate_response	True	85	3.542938900005538	N	I_SPATIAL	0.01
Stereo-seq	ST_DEV_E13_5_E14_5	cross_stage	Stereo-seq::shared_developmental_series	legacy_replication	reverse	ST_DEV_E13_5_E14_5__reverse	uot	0.25	2.0	label_free_rigid	coordinate_response	True	85	3.4680864000110887	N	I_SPATIAL	1.0
Stereo-seq	ST_DEV_E13_5_E14_5	cross_stage	Stereo-seq::shared_developmental_series	legacy_replication	reverse	ST_DEV_E13_5_E14_5__reverse	row_softmax	0.25		baseline	base	True	1	0.04501999999047257			
Stereo-seq	ST_DEV_E13_5_E14_5	cross_stage	Stereo-seq::shared_developmental_series	legacy_replication	reverse	ST_DEV_E13_5_E14_5__reverse	row_softmax	0.25		label_free_rigid	base	True	1	0.03663519999827258			
Stereo-seq	ST_DEV_E13_5_E14_5	cross_stage	Stereo-seq::shared_developmental_series	legacy_replication	reverse	ST_DEV_E13_5_E14_5__reverse	row_softmax	0.25		label_free_rigid	coordinate_response	True	1	0.036765500000910833	R	I_SPATIAL	0.00125
Stereo-seq	ST_DEV_E13_5_E14_5	cross_stage	Stereo-seq::shared_developmental_series	legacy_replication	reverse	ST_DEV_E13_5_E14_5__reverse	row_softmax	0.25		label_free_rigid	coordinate_response	True	1	0.03707010000653099	R	I_SPATIAL	0.000625
Stereo-seq	ST_DEV_E13_5_E14_5	cross_stage	Stereo-seq::shared_developmental_series	legacy_replication	reverse	ST_DEV_E13_5_E14_5__reverse	row_softmax	0.25		label_free_rigid	coordinate_response	True	1	0.03824999999778811	R	I_SPATIAL	0.01
Stereo-seq	ST_DEV_E13_5_E14_5	cross_stage	Stereo-seq::shared_developmental_series	legacy_replication	reverse	ST_DEV_E13_5_E14_5__reverse	row_softmax	0.25		label_free_rigid	coordinate_response	True	1	0.04388240000116639	R	I_SPATIAL	1.0
Stereo-seq	ST_DEV_E13_5_E14_5	cross_stage	Stereo-seq::shared_developmental_series	legacy_replication	reverse	ST_DEV_E13_5_E14_5__reverse	row_softmax	0.25		label_free_rigid	coordinate_response	True	1	0.03613310000218917	N	I_SPATIAL	0.00125
Stereo-seq	ST_DEV_E13_5_E14_5	cross_stage	Stereo-seq::shared_developmental_series	legacy_replication	reverse	ST_DEV_E13_5_E14_5__reverse	row_softmax	0.25		label_free_rigid	coordinate_response	True	1	0.03772449999814853	N	I_SPATIAL	0.000625
Stereo-seq	ST_DEV_E13_5_E14_5	cross_stage	Stereo-seq::shared_developmental_series	legacy_replication	reverse	ST_DEV_E13_5_E14_5__reverse	row_softmax	0.25		label_free_rigid	coordinate_response	True	1	0.038193499989574775	N	I_SPATIAL	0.01
Stereo-seq	ST_DEV_E13_5_E14_5	cross_stage	Stereo-seq::shared_developmental_series	legacy_replication	reverse	ST_DEV_E13_5_E14_5__reverse	row_softmax	0.25		label_free_rigid	coordinate_response	True	1	0.03735540001071058	N	I_SPATIAL	1.0
Stereo-seq	ST_DEV_E14_5_E15_5	cross_stage	Stereo-seq::shared_developmental_series	legacy_replication	forward	ST_DEV_E14_5_E15_5	balanced_ot	0.25		baseline	base	True	200	8.313026300005731			
Stereo-seq	ST_DEV_E13_5_E14_5	cross_stage	Stereo-seq::shared_developmental_series	legacy_replication	reverse	ST_DEV_E13_5_E14_5__reverse	balanced_ot	0.25		label_free_rigid	base	True	200	8.419738900003722			
Stereo-seq	ST_DEV_E13_5_E14_5	cross_stage	Stereo-seq::shared_developmental_series	legacy_replication	reverse	ST_DEV_E13_5_E14_5__reverse	balanced_ot	0.25		label_free_rigid	coordinate_response	True	200	8.287683499991545	R	I_SPATIAL	0.00125
Stereo-seq	ST_DEV_E13_5_E14_5	cross_stage	Stereo-seq::shared_developmental_series	legacy_replication	reverse	ST_DEV_E13_5_E14_5__reverse	balanced_ot	0.25		label_free_rigid	coordinate_response	True	200	8.426519400003599	R	I_SPATIAL	0.000625
Stereo-seq	ST_DEV_E13_5_E14_5	cross_stage	Stereo-seq::shared_developmental_series	legacy_replication	reverse	ST_DEV_E13_5_E14_5__reverse	balanced_ot	0.25		label_free_rigid	coordinate_response	True	200	8.300334500003373	R	I_SPATIAL	0.01
Stereo-seq	ST_DEV_E13_5_E14_5	cross_stage	Stereo-seq::shared_developmental_series	legacy_replication	reverse	ST_DEV_E13_5_E14_5__reverse	balanced_ot	0.25		label_free_rigid	coordinate_response	True	200	8.366269500009366	R	I_SPATIAL	1.0
Stereo-seq	ST_DEV_E13_5_E14_5	cross_stage	Stereo-seq::shared_developmental_series	legacy_replication	reverse	ST_DEV_E13_5_E14_5__reverse	balanced_ot	0.25		label_free_rigid	coordinate_response	True	200	8.39376030000858	N	I_SPATIAL	0.00125
Stereo-seq	ST_DEV_E13_5_E14_5	cross_stage	Stereo-seq::shared_developmental_series	legacy_replication	reverse	ST_DEV_E13_5_E14_5__reverse	balanced_ot	0.25		label_free_rigid	coordinate_response	True	200	8.20946769999864	N	I_SPATIAL	0.000625
Stereo-seq	ST_DEV_E13_5_E14_5	cross_stage	Stereo-seq::shared_developmental_series	legacy_replication	reverse	ST_DEV_E13_5_E14_5__reverse	balanced_ot	0.25		label_free_rigid	coordinate_response	True	200	8.359692099998938	N	I_SPATIAL	0.01
Stereo-seq	ST_DEV_E13_5_E14_5	cross_stage	Stereo-seq::shared_developmental_series	legacy_replication	reverse	ST_DEV_E13_5_E14_5__reverse	balanced_ot	0.25		label_free_rigid	coordinate_response	True	200	8.252049699993222	N	I_SPATIAL	1.0
Stereo-seq	ST_DEV_E14_5_E15_5	cross_stage	Stereo-seq::shared_developmental_series	legacy_replication	forward	ST_DEV_E14_5_E15_5	uot	0.25	2.0	baseline	base	True	85	3.516476999997394			
Stereo-seq	ST_DEV_E14_5_E15_5	cross_stage	Stereo-seq::shared_developmental_series	legacy_replication	forward	ST_DEV_E14_5_E15_5	uot	0.25	2.0	label_free_rigid	base	True	85	3.5206818000006024			
Stereo-seq	ST_DEV_E14_5_E15_5	cross_stage	Stereo-seq::shared_developmental_series	legacy_replication	forward	ST_DEV_E14_5_E15_5	uot	0.25	2.0	label_free_rigid	coordinate_response	True	85	3.5656772000074852	R	I_SPATIAL	0.00125
Stereo-seq	ST_DEV_E14_5_E15_5	cross_stage	Stereo-seq::shared_developmental_series	legacy_replication	forward	ST_DEV_E14_5_E15_5	uot	0.25	2.0	label_free_rigid	coordinate_response	True	85	3.5507444999966538	R	I_SPATIAL	0.000625
Stereo-seq	ST_DEV_E14_5_E15_5	cross_stage	Stereo-seq::shared_developmental_series	legacy_replication	forward	ST_DEV_E14_5_E15_5	uot	0.25	2.0	label_free_rigid	coordinate_response	True	85	3.636200099994312	R	I_SPATIAL	0.01
Stereo-seq	ST_DEV_E14_5_E15_5	cross_stage	Stereo-seq::shared_developmental_series	legacy_replication	forward	ST_DEV_E14_5_E15_5	uot	0.25	2.0	label_free_rigid	coordinate_response	True	85	3.598608599990257	R	I_SPATIAL	1.0
Stereo-seq	ST_DEV_E14_5_E15_5	cross_stage	Stereo-seq::shared_developmental_series	legacy_replication	forward	ST_DEV_E14_5_E15_5	uot	0.25	2.0	label_free_rigid	coordinate_response	True	85	3.572696699993685	N	I_SPATIAL	0.00125
Stereo-seq	ST_DEV_E14_5_E15_5	cross_stage	Stereo-seq::shared_developmental_series	legacy_replication	forward	ST_DEV_E14_5_E15_5	uot	0.25	2.0	label_free_rigid	coordinate_response	True	85	3.4683507999870926	N	I_SPATIAL	0.000625
Stereo-seq	ST_DEV_E14_5_E15_5	cross_stage	Stereo-seq::shared_developmental_series	legacy_replication	forward	ST_DEV_E14_5_E15_5	uot	0.25	2.0	label_free_rigid	coordinate_response	True	85	3.5294048999930965	N	I_SPATIAL	0.01
Stereo-seq	ST_DEV_E14_5_E15_5	cross_stage	Stereo-seq::shared_developmental_series	legacy_replication	forward	ST_DEV_E14_5_E15_5	uot	0.25	2.0	label_free_rigid	coordinate_response	True	85	3.48173840000527	N	I_SPATIAL	1.0
Stereo-seq	ST_DEV_E14_5_E15_5	cross_stage	Stereo-seq::shared_developmental_series	legacy_replication	forward	ST_DEV_E14_5_E15_5	row_softmax	0.25		baseline	base	True	1	0.038097800003015436			
Stereo-seq	ST_DEV_E14_5_E15_5	cross_stage	Stereo-seq::shared_developmental_series	legacy_replication	forward	ST_DEV_E14_5_E15_5	row_softmax	0.25		label_free_rigid	base	True	1	0.037772000010591			
Stereo-seq	ST_DEV_E14_5_E15_5	cross_stage	Stereo-seq::shared_developmental_series	legacy_replication	forward	ST_DEV_E14_5_E15_5	row_softmax	0.25		label_free_rigid	coordinate_response	True	1	0.037020700008724816	R	I_SPATIAL	0.00125
Stereo-seq	ST_DEV_E14_5_E15_5	cross_stage	Stereo-seq::shared_developmental_series	legacy_replication	forward	ST_DEV_E14_5_E15_5	row_softmax	0.25		label_free_rigid	coordinate_response	True	1	0.04531879999558441	R	I_SPATIAL	0.000625
Stereo-seq	ST_DEV_E14_5_E15_5	cross_stage	Stereo-seq::shared_developmental_series	legacy_replication	forward	ST_DEV_E14_5_E15_5	row_softmax	0.25		label_free_rigid	coordinate_response	True	1	0.03870920000190381	R	I_SPATIAL	0.01
Stereo-seq	ST_DEV_E14_5_E15_5	cross_stage	Stereo-seq::shared_developmental_series	legacy_replication	forward	ST_DEV_E14_5_E15_5	row_softmax	0.25		label_free_rigid	coordinate_response	True	1	0.03749039999092929	R	I_SPATIAL	1.0
Stereo-seq	ST_DEV_E14_5_E15_5	cross_stage	Stereo-seq::shared_developmental_series	legacy_replication	forward	ST_DEV_E14_5_E15_5	row_softmax	0.25		label_free_rigid	coordinate_response	True	1	0.038833700004033744	N	I_SPATIAL	0.00125
Stereo-seq	ST_DEV_E14_5_E15_5	cross_stage	Stereo-seq::shared_developmental_series	legacy_replication	forward	ST_DEV_E14_5_E15_5	row_softmax	0.25		label_free_rigid	coordinate_response	True	1	0.03871749999234453	N	I_SPATIAL	0.000625
Stereo-seq	ST_DEV_E14_5_E15_5	cross_stage	Stereo-seq::shared_developmental_series	legacy_replication	forward	ST_DEV_E14_5_E15_5	row_softmax	0.25		label_free_rigid	coordinate_response	True	1	0.04436990000249352	N	I_SPATIAL	0.01
Stereo-seq	ST_DEV_E14_5_E15_5	cross_stage	Stereo-seq::shared_developmental_series	legacy_replication	forward	ST_DEV_E14_5_E15_5	row_softmax	0.25		label_free_rigid	coordinate_response	True	1	0.044161400001030415	N	I_SPATIAL	1.0
Stereo-seq	ST_DEV_E14_5_E15_5	cross_stage	Stereo-seq::shared_developmental_series	legacy_replication	reverse	ST_DEV_E14_5_E15_5__reverse	balanced_ot	0.25		baseline	base	True	200	8.267485899996245			
Stereo-seq	ST_DEV_E14_5_E15_5	cross_stage	Stereo-seq::shared_developmental_series	legacy_replication	forward	ST_DEV_E14_5_E15_5	balanced_ot	0.25		label_free_rigid	base	True	200	8.244447000004584			
Stereo-seq	ST_DEV_E14_5_E15_5	cross_stage	Stereo-seq::shared_developmental_series	legacy_replication	forward	ST_DEV_E14_5_E15_5	balanced_ot	0.25		label_free_rigid	coordinate_response	True	200	8.229096199997002	R	I_SPATIAL	0.00125
Stereo-seq	ST_DEV_E14_5_E15_5	cross_stage	Stereo-seq::shared_developmental_series	legacy_replication	forward	ST_DEV_E14_5_E15_5	balanced_ot	0.25		label_free_rigid	coordinate_response	True	200	8.434754199988674	R	I_SPATIAL	0.000625
Stereo-seq	ST_DEV_E14_5_E15_5	cross_stage	Stereo-seq::shared_developmental_series	legacy_replication	forward	ST_DEV_E14_5_E15_5	balanced_ot	0.25		label_free_rigid	coordinate_response	True	200	8.486916399997426	R	I_SPATIAL	0.01
Stereo-seq	ST_DEV_E14_5_E15_5	cross_stage	Stereo-seq::shared_developmental_series	legacy_replication	forward	ST_DEV_E14_5_E15_5	balanced_ot	0.25		label_free_rigid	coordinate_response	True	200	8.22167700000864	R	I_SPATIAL	1.0
Stereo-seq	ST_DEV_E14_5_E15_5	cross_stage	Stereo-seq::shared_developmental_series	legacy_replication	forward	ST_DEV_E14_5_E15_5	balanced_ot	0.25		label_free_rigid	coordinate_response	True	200	8.205982800005586	N	I_SPATIAL	0.00125
Stereo-seq	ST_DEV_E14_5_E15_5	cross_stage	Stereo-seq::shared_developmental_series	legacy_replication	forward	ST_DEV_E14_5_E15_5	balanced_ot	0.25		label_free_rigid	coordinate_response	True	200	8.229821899993112	N	I_SPATIAL	0.000625
Stereo-seq	ST_DEV_E14_5_E15_5	cross_stage	Stereo-seq::shared_developmental_series	legacy_replication	forward	ST_DEV_E14_5_E15_5	balanced_ot	0.25		label_free_rigid	coordinate_response	True	200	8.310642199998256	N	I_SPATIAL	0.01
Stereo-seq	ST_DEV_E14_5_E15_5	cross_stage	Stereo-seq::shared_developmental_series	legacy_replication	forward	ST_DEV_E14_5_E15_5	balanced_ot	0.25		label_free_rigid	coordinate_response	True	200	8.384319799995865	N	I_SPATIAL	1.0
Stereo-seq	ST_DEV_E14_5_E15_5	cross_stage	Stereo-seq::shared_developmental_series	legacy_replication	reverse	ST_DEV_E14_5_E15_5__reverse	uot	0.25	2.0	baseline	base	True	85	3.562579100005678			
Stereo-seq	ST_DEV_E14_5_E15_5	cross_stage	Stereo-seq::shared_developmental_series	legacy_replication	reverse	ST_DEV_E14_5_E15_5__reverse	uot	0.25	2.0	label_free_rigid	base	True	85	3.5185931000014534			
Stereo-seq	ST_DEV_E14_5_E15_5	cross_stage	Stereo-seq::shared_developmental_series	legacy_replication	reverse	ST_DEV_E14_5_E15_5__reverse	uot	0.25	2.0	label_free_rigid	coordinate_response	True	85	3.4750513000035426	R	I_SPATIAL	0.00125
Stereo-seq	ST_DEV_E14_5_E15_5	cross_stage	Stereo-seq::shared_developmental_series	legacy_replication	reverse	ST_DEV_E14_5_E15_5__reverse	uot	0.25	2.0	label_free_rigid	coordinate_response	True	85	3.5714649000001373	R	I_SPATIAL	0.000625
Stereo-seq	ST_DEV_E14_5_E15_5	cross_stage	Stereo-seq::shared_developmental_series	legacy_replication	reverse	ST_DEV_E14_5_E15_5__reverse	uot	0.25	2.0	label_free_rigid	coordinate_response	True	85	3.4903027000109432	R	I_SPATIAL	0.01
Stereo-seq	ST_DEV_E14_5_E15_5	cross_stage	Stereo-seq::shared_developmental_series	legacy_replication	reverse	ST_DEV_E14_5_E15_5__reverse	uot	0.25	2.0	label_free_rigid	coordinate_response	True	85	3.5460754000087036	R	I_SPATIAL	1.0
Stereo-seq	ST_DEV_E14_5_E15_5	cross_stage	Stereo-seq::shared_developmental_series	legacy_replication	reverse	ST_DEV_E14_5_E15_5__reverse	uot	0.25	2.0	label_free_rigid	coordinate_response	True	85	3.485283200003323	N	I_SPATIAL	0.00125
Stereo-seq	ST_DEV_E14_5_E15_5	cross_stage	Stereo-seq::shared_developmental_series	legacy_replication	reverse	ST_DEV_E14_5_E15_5__reverse	uot	0.25	2.0	label_free_rigid	coordinate_response	True	85	3.5288144999940414	N	I_SPATIAL	0.000625
Stereo-seq	ST_DEV_E14_5_E15_5	cross_stage	Stereo-seq::shared_developmental_series	legacy_replication	reverse	ST_DEV_E14_5_E15_5__reverse	uot	0.25	2.0	label_free_rigid	coordinate_response	True	85	3.515156699999352	N	I_SPATIAL	0.01
Stereo-seq	ST_DEV_E14_5_E15_5	cross_stage	Stereo-seq::shared_developmental_series	legacy_replication	reverse	ST_DEV_E14_5_E15_5__reverse	uot	0.25	2.0	label_free_rigid	coordinate_response	True	80	3.3314872999908403	N	I_SPATIAL	1.0
Stereo-seq	ST_DEV_E14_5_E15_5	cross_stage	Stereo-seq::shared_developmental_series	legacy_replication	reverse	ST_DEV_E14_5_E15_5__reverse	row_softmax	0.25		baseline	base	True	1	0.03768230001151096			
Stereo-seq	ST_DEV_E14_5_E15_5	cross_stage	Stereo-seq::shared_developmental_series	legacy_replication	reverse	ST_DEV_E14_5_E15_5__reverse	row_softmax	0.25		label_free_rigid	base	True	1	0.03857309999875724			
Stereo-seq	ST_DEV_E14_5_E15_5	cross_stage	Stereo-seq::shared_developmental_series	legacy_replication	reverse	ST_DEV_E14_5_E15_5__reverse	row_softmax	0.25		label_free_rigid	coordinate_response	True	1	0.03766790000372566	R	I_SPATIAL	0.00125
Stereo-seq	ST_DEV_E14_5_E15_5	cross_stage	Stereo-seq::shared_developmental_series	legacy_replication	reverse	ST_DEV_E14_5_E15_5__reverse	row_softmax	0.25		label_free_rigid	coordinate_response	True	1	0.0366857000044547	R	I_SPATIAL	0.000625
Stereo-seq	ST_DEV_E14_5_E15_5	cross_stage	Stereo-seq::shared_developmental_series	legacy_replication	reverse	ST_DEV_E14_5_E15_5__reverse	row_softmax	0.25		label_free_rigid	coordinate_response	True	1	0.03887329999997746	R	I_SPATIAL	0.01
Stereo-seq	ST_DEV_E14_5_E15_5	cross_stage	Stereo-seq::shared_developmental_series	legacy_replication	reverse	ST_DEV_E14_5_E15_5__reverse	row_softmax	0.25		label_free_rigid	coordinate_response	True	1	0.04429069999605417	R	I_SPATIAL	1.0
Stereo-seq	ST_DEV_E14_5_E15_5	cross_stage	Stereo-seq::shared_developmental_series	legacy_replication	reverse	ST_DEV_E14_5_E15_5__reverse	row_softmax	0.25		label_free_rigid	coordinate_response	True	1	0.03840610000770539	N	I_SPATIAL	0.00125
Stereo-seq	ST_DEV_E14_5_E15_5	cross_stage	Stereo-seq::shared_developmental_series	legacy_replication	reverse	ST_DEV_E14_5_E15_5__reverse	row_softmax	0.25		label_free_rigid	coordinate_response	True	1	0.03816480000386946	N	I_SPATIAL	0.000625
Stereo-seq	ST_DEV_E14_5_E15_5	cross_stage	Stereo-seq::shared_developmental_series	legacy_replication	reverse	ST_DEV_E14_5_E15_5__reverse	row_softmax	0.25		label_free_rigid	coordinate_response	True	1	0.03664750000461936	N	I_SPATIAL	0.01
Stereo-seq	ST_DEV_E14_5_E15_5	cross_stage	Stereo-seq::shared_developmental_series	legacy_replication	reverse	ST_DEV_E14_5_E15_5__reverse	row_softmax	0.25		label_free_rigid	coordinate_response	True	1	0.037400900007924065	N	I_SPATIAL	1.0
Stereo-seq	ST_DEV_E15_5_E16_5	cross_stage	Stereo-seq::shared_developmental_series	legacy_replication	forward	ST_DEV_E15_5_E16_5	balanced_ot	0.25		baseline	base	True	200	8.477364899998065			
Stereo-seq	ST_DEV_E14_5_E15_5	cross_stage	Stereo-seq::shared_developmental_series	legacy_replication	reverse	ST_DEV_E14_5_E15_5__reverse	balanced_ot	0.25		label_free_rigid	base	True	200	8.357002099990495			
Stereo-seq	ST_DEV_E14_5_E15_5	cross_stage	Stereo-seq::shared_developmental_series	legacy_replication	reverse	ST_DEV_E14_5_E15_5__reverse	balanced_ot	0.25		label_free_rigid	coordinate_response	True	200	8.372501199992257	R	I_SPATIAL	0.00125
Stereo-seq	ST_DEV_E14_5_E15_5	cross_stage	Stereo-seq::shared_developmental_series	legacy_replication	reverse	ST_DEV_E14_5_E15_5__reverse	balanced_ot	0.25		label_free_rigid	coordinate_response	True	200	8.295346599988989	R	I_SPATIAL	0.000625
Stereo-seq	ST_DEV_E14_5_E15_5	cross_stage	Stereo-seq::shared_developmental_series	legacy_replication	reverse	ST_DEV_E14_5_E15_5__reverse	balanced_ot	0.25		label_free_rigid	coordinate_response	True	200	8.318841799991787	R	I_SPATIAL	0.01
Stereo-seq	ST_DEV_E14_5_E15_5	cross_stage	Stereo-seq::shared_developmental_series	legacy_replication	reverse	ST_DEV_E14_5_E15_5__reverse	balanced_ot	0.25		label_free_rigid	coordinate_response	True	200	8.347852200007765	R	I_SPATIAL	1.0
Stereo-seq	ST_DEV_E14_5_E15_5	cross_stage	Stereo-seq::shared_developmental_series	legacy_replication	reverse	ST_DEV_E14_5_E15_5__reverse	balanced_ot	0.25		label_free_rigid	coordinate_response	True	200	8.234155500002089	N	I_SPATIAL	0.00125
Stereo-seq	ST_DEV_E14_5_E15_5	cross_stage	Stereo-seq::shared_developmental_series	legacy_replication	reverse	ST_DEV_E14_5_E15_5__reverse	balanced_ot	0.25		label_free_rigid	coordinate_response	True	200	8.266286400001263	N	I_SPATIAL	0.000625
Stereo-seq	ST_DEV_E14_5_E15_5	cross_stage	Stereo-seq::shared_developmental_series	legacy_replication	reverse	ST_DEV_E14_5_E15_5__reverse	balanced_ot	0.25		label_free_rigid	coordinate_response	True	200	8.3915307999996	N	I_SPATIAL	0.01
Stereo-seq	ST_DEV_E14_5_E15_5	cross_stage	Stereo-seq::shared_developmental_series	legacy_replication	reverse	ST_DEV_E14_5_E15_5__reverse	balanced_ot	0.25		label_free_rigid	coordinate_response	True	200	8.315830699997605	N	I_SPATIAL	1.0
Stereo-seq	ST_DEV_E15_5_E16_5	cross_stage	Stereo-seq::shared_developmental_series	legacy_replication	forward	ST_DEV_E15_5_E16_5	uot	0.25	2.0	baseline	base	True	85	3.5702428000076907			
Stereo-seq	ST_DEV_E15_5_E16_5	cross_stage	Stereo-seq::shared_developmental_series	legacy_replication	forward	ST_DEV_E15_5_E16_5	uot	0.25	2.0	label_free_rigid	base	True	85	3.538858400002937			
Stereo-seq	ST_DEV_E15_5_E16_5	cross_stage	Stereo-seq::shared_developmental_series	legacy_replication	forward	ST_DEV_E15_5_E16_5	uot	0.25	2.0	label_free_rigid	coordinate_response	True	85	3.4638626000087243	R	I_SPATIAL	0.00125
Stereo-seq	ST_DEV_E15_5_E16_5	cross_stage	Stereo-seq::shared_developmental_series	legacy_replication	forward	ST_DEV_E15_5_E16_5	uot	0.25	2.0	label_free_rigid	coordinate_response	True	85	3.477512099998421	R	I_SPATIAL	0.000625
Stereo-seq	ST_DEV_E15_5_E16_5	cross_stage	Stereo-seq::shared_developmental_series	legacy_replication	forward	ST_DEV_E15_5_E16_5	uot	0.25	2.0	label_free_rigid	coordinate_response	True	85	3.4975669999985257	R	I_SPATIAL	0.01
Stereo-seq	ST_DEV_E15_5_E16_5	cross_stage	Stereo-seq::shared_developmental_series	legacy_replication	forward	ST_DEV_E15_5_E16_5	uot	0.25	2.0	label_free_rigid	coordinate_response	True	85	3.647474199999124	R	I_SPATIAL	1.0
Stereo-seq	ST_DEV_E15_5_E16_5	cross_stage	Stereo-seq::shared_developmental_series	legacy_replication	forward	ST_DEV_E15_5_E16_5	uot	0.25	2.0	label_free_rigid	coordinate_response	True	85	3.5496449999918696	N	I_SPATIAL	0.00125
Stereo-seq	ST_DEV_E15_5_E16_5	cross_stage	Stereo-seq::shared_developmental_series	legacy_replication	forward	ST_DEV_E15_5_E16_5	uot	0.25	2.0	label_free_rigid	coordinate_response	True	85	3.5369019000063417	N	I_SPATIAL	0.000625
Stereo-seq	ST_DEV_E15_5_E16_5	cross_stage	Stereo-seq::shared_developmental_series	legacy_replication	forward	ST_DEV_E15_5_E16_5	uot	0.25	2.0	label_free_rigid	coordinate_response	True	85	3.613975999993272	N	I_SPATIAL	0.01
Stereo-seq	ST_DEV_E15_5_E16_5	cross_stage	Stereo-seq::shared_developmental_series	legacy_replication	forward	ST_DEV_E15_5_E16_5	uot	0.25	2.0	label_free_rigid	coordinate_response	True	80	3.3636785999988206	N	I_SPATIAL	1.0
Stereo-seq	ST_DEV_E15_5_E16_5	cross_stage	Stereo-seq::shared_developmental_series	legacy_replication	forward	ST_DEV_E15_5_E16_5	row_softmax	0.25		baseline	base	True	1	0.0380723999987822			
Stereo-seq	ST_DEV_E15_5_E16_5	cross_stage	Stereo-seq::shared_developmental_series	legacy_replication	forward	ST_DEV_E15_5_E16_5	row_softmax	0.25		label_free_rigid	base	True	1	0.03767099999822676			
Stereo-seq	ST_DEV_E15_5_E16_5	cross_stage	Stereo-seq::shared_developmental_series	legacy_replication	forward	ST_DEV_E15_5_E16_5	row_softmax	0.25		label_free_rigid	coordinate_response	True	1	0.037055599997984245	R	I_SPATIAL	0.00125
Stereo-seq	ST_DEV_E15_5_E16_5	cross_stage	Stereo-seq::shared_developmental_series	legacy_replication	forward	ST_DEV_E15_5_E16_5	row_softmax	0.25		label_free_rigid	coordinate_response	True	1	0.039041900003212504	R	I_SPATIAL	0.000625
Stereo-seq	ST_DEV_E15_5_E16_5	cross_stage	Stereo-seq::shared_developmental_series	legacy_replication	forward	ST_DEV_E15_5_E16_5	row_softmax	0.25		label_free_rigid	coordinate_response	True	1	0.040348499998799525	R	I_SPATIAL	0.01
Stereo-seq	ST_DEV_E15_5_E16_5	cross_stage	Stereo-seq::shared_developmental_series	legacy_replication	forward	ST_DEV_E15_5_E16_5	row_softmax	0.25		label_free_rigid	coordinate_response	True	1	0.037283899990143254	R	I_SPATIAL	1.0
Stereo-seq	ST_DEV_E15_5_E16_5	cross_stage	Stereo-seq::shared_developmental_series	legacy_replication	forward	ST_DEV_E15_5_E16_5	row_softmax	0.25		label_free_rigid	coordinate_response	True	1	0.03818249999312684	N	I_SPATIAL	0.00125
Stereo-seq	ST_DEV_E15_5_E16_5	cross_stage	Stereo-seq::shared_developmental_series	legacy_replication	forward	ST_DEV_E15_5_E16_5	row_softmax	0.25		label_free_rigid	coordinate_response	True	1	0.03873580000072252	N	I_SPATIAL	0.000625
Stereo-seq	ST_DEV_E15_5_E16_5	cross_stage	Stereo-seq::shared_developmental_series	legacy_replication	forward	ST_DEV_E15_5_E16_5	row_softmax	0.25		label_free_rigid	coordinate_response	True	1	0.0382034000067506	N	I_SPATIAL	0.01
Stereo-seq	ST_DEV_E15_5_E16_5	cross_stage	Stereo-seq::shared_developmental_series	legacy_replication	forward	ST_DEV_E15_5_E16_5	row_softmax	0.25		label_free_rigid	coordinate_response	True	1	0.036859400002867915	N	I_SPATIAL	1.0
Stereo-seq	ST_DEV_E15_5_E16_5	cross_stage	Stereo-seq::shared_developmental_series	legacy_replication	reverse	ST_DEV_E15_5_E16_5__reverse	balanced_ot	0.25		baseline	base	True	200	8.267722599994158			
Stereo-seq	ST_DEV_E15_5_E16_5	cross_stage	Stereo-seq::shared_developmental_series	legacy_replication	forward	ST_DEV_E15_5_E16_5	balanced_ot	0.25		label_free_rigid	base	True	200	8.408692400000291			
Stereo-seq	ST_DEV_E15_5_E16_5	cross_stage	Stereo-seq::shared_developmental_series	legacy_replication	forward	ST_DEV_E15_5_E16_5	balanced_ot	0.25		label_free_rigid	coordinate_response	True	200	8.262709199989331	R	I_SPATIAL	0.00125
Stereo-seq	ST_DEV_E15_5_E16_5	cross_stage	Stereo-seq::shared_developmental_series	legacy_replication	forward	ST_DEV_E15_5_E16_5	balanced_ot	0.25		label_free_rigid	coordinate_response	True	200	8.249488199988264	R	I_SPATIAL	0.000625
Stereo-seq	ST_DEV_E15_5_E16_5	cross_stage	Stereo-seq::shared_developmental_series	legacy_replication	forward	ST_DEV_E15_5_E16_5	balanced_ot	0.25		label_free_rigid	coordinate_response	True	200	8.387284600001294	R	I_SPATIAL	0.01
Stereo-seq	ST_DEV_E15_5_E16_5	cross_stage	Stereo-seq::shared_developmental_series	legacy_replication	forward	ST_DEV_E15_5_E16_5	balanced_ot	0.25		label_free_rigid	coordinate_response	True	200	8.443310700007714	R	I_SPATIAL	1.0
Stereo-seq	ST_DEV_E15_5_E16_5	cross_stage	Stereo-seq::shared_developmental_series	legacy_replication	forward	ST_DEV_E15_5_E16_5	balanced_ot	0.25		label_free_rigid	coordinate_response	True	200	8.30602830000862	N	I_SPATIAL	0.00125
Stereo-seq	ST_DEV_E15_5_E16_5	cross_stage	Stereo-seq::shared_developmental_series	legacy_replication	forward	ST_DEV_E15_5_E16_5	balanced_ot	0.25		label_free_rigid	coordinate_response	True	200	8.231876999998349	N	I_SPATIAL	0.000625
Stereo-seq	ST_DEV_E15_5_E16_5	cross_stage	Stereo-seq::shared_developmental_series	legacy_replication	forward	ST_DEV_E15_5_E16_5	balanced_ot	0.25		label_free_rigid	coordinate_response	True	200	8.211730299997726	N	I_SPATIAL	0.01
Stereo-seq	ST_DEV_E15_5_E16_5	cross_stage	Stereo-seq::shared_developmental_series	legacy_replication	forward	ST_DEV_E15_5_E16_5	balanced_ot	0.25		label_free_rigid	coordinate_response	True	200	8.311592099998961	N	I_SPATIAL	1.0
Stereo-seq	ST_DEV_E15_5_E16_5	cross_stage	Stereo-seq::shared_developmental_series	legacy_replication	reverse	ST_DEV_E15_5_E16_5__reverse	uot	0.25	2.0	baseline	base	True	85	3.5838309999962803			
Stereo-seq	ST_DEV_E15_5_E16_5	cross_stage	Stereo-seq::shared_developmental_series	legacy_replication	reverse	ST_DEV_E15_5_E16_5__reverse	uot	0.25	2.0	label_free_rigid	base	True	85	3.594993599996087			
Stereo-seq	ST_DEV_E15_5_E16_5	cross_stage	Stereo-seq::shared_developmental_series	legacy_replication	reverse	ST_DEV_E15_5_E16_5__reverse	uot	0.25	2.0	label_free_rigid	coordinate_response	True	85	3.5455743999918923	R	I_SPATIAL	0.00125
Stereo-seq	ST_DEV_E15_5_E16_5	cross_stage	Stereo-seq::shared_developmental_series	legacy_replication	reverse	ST_DEV_E15_5_E16_5__reverse	uot	0.25	2.0	label_free_rigid	coordinate_response	True	85	3.61913320000167	R	I_SPATIAL	0.000625
Stereo-seq	ST_DEV_E15_5_E16_5	cross_stage	Stereo-seq::shared_developmental_series	legacy_replication	reverse	ST_DEV_E15_5_E16_5__reverse	uot	0.25	2.0	label_free_rigid	coordinate_response	True	85	3.5652061000000685	R	I_SPATIAL	0.01
Stereo-seq	ST_DEV_E15_5_E16_5	cross_stage	Stereo-seq::shared_developmental_series	legacy_replication	reverse	ST_DEV_E15_5_E16_5__reverse	uot	0.25	2.0	label_free_rigid	coordinate_response	True	85	3.5309606999944663	R	I_SPATIAL	1.0
Stereo-seq	ST_DEV_E15_5_E16_5	cross_stage	Stereo-seq::shared_developmental_series	legacy_replication	reverse	ST_DEV_E15_5_E16_5__reverse	uot	0.25	2.0	label_free_rigid	coordinate_response	True	85	3.5518070999969495	N	I_SPATIAL	0.00125
Stereo-seq	ST_DEV_E15_5_E16_5	cross_stage	Stereo-seq::shared_developmental_series	legacy_replication	reverse	ST_DEV_E15_5_E16_5__reverse	uot	0.25	2.0	label_free_rigid	coordinate_response	True	85	3.5217061000003014	N	I_SPATIAL	0.000625
Stereo-seq	ST_DEV_E15_5_E16_5	cross_stage	Stereo-seq::shared_developmental_series	legacy_replication	reverse	ST_DEV_E15_5_E16_5__reverse	uot	0.25	2.0	label_free_rigid	coordinate_response	True	85	3.5398034999961965	N	I_SPATIAL	0.01
Stereo-seq	ST_DEV_E15_5_E16_5	cross_stage	Stereo-seq::shared_developmental_series	legacy_replication	reverse	ST_DEV_E15_5_E16_5__reverse	uot	0.25	2.0	label_free_rigid	coordinate_response	True	85	3.548210500011919	N	I_SPATIAL	1.0
Stereo-seq	ST_DEV_E15_5_E16_5	cross_stage	Stereo-seq::shared_developmental_series	legacy_replication	reverse	ST_DEV_E15_5_E16_5__reverse	row_softmax	0.25		baseline	base	True	1	0.03764969999610912			
Stereo-seq	ST_DEV_E15_5_E16_5	cross_stage	Stereo-seq::shared_developmental_series	legacy_replication	reverse	ST_DEV_E15_5_E16_5__reverse	row_softmax	0.25		label_free_rigid	base	True	1	0.03686730000481475			
Stereo-seq	ST_DEV_E15_5_E16_5	cross_stage	Stereo-seq::shared_developmental_series	legacy_replication	reverse	ST_DEV_E15_5_E16_5__reverse	row_softmax	0.25		label_free_rigid	coordinate_response	True	1	0.04185249999864027	R	I_SPATIAL	0.00125
Stereo-seq	ST_DEV_E15_5_E16_5	cross_stage	Stereo-seq::shared_developmental_series	legacy_replication	reverse	ST_DEV_E15_5_E16_5__reverse	row_softmax	0.25		label_free_rigid	coordinate_response	True	1	0.038912199990591034	R	I_SPATIAL	0.000625
Stereo-seq	ST_DEV_E15_5_E16_5	cross_stage	Stereo-seq::shared_developmental_series	legacy_replication	reverse	ST_DEV_E15_5_E16_5__reverse	row_softmax	0.25		label_free_rigid	coordinate_response	True	1	0.03509489999851212	R	I_SPATIAL	0.01
Stereo-seq	ST_DEV_E15_5_E16_5	cross_stage	Stereo-seq::shared_developmental_series	legacy_replication	reverse	ST_DEV_E15_5_E16_5__reverse	row_softmax	0.25		label_free_rigid	coordinate_response	True	1	0.035134899997501634	R	I_SPATIAL	1.0
Stereo-seq	ST_DEV_E15_5_E16_5	cross_stage	Stereo-seq::shared_developmental_series	legacy_replication	reverse	ST_DEV_E15_5_E16_5__reverse	row_softmax	0.25		label_free_rigid	coordinate_response	True	1	0.0390451999992365	N	I_SPATIAL	0.00125
Stereo-seq	ST_DEV_E15_5_E16_5	cross_stage	Stereo-seq::shared_developmental_series	legacy_replication	reverse	ST_DEV_E15_5_E16_5__reverse	row_softmax	0.25		label_free_rigid	coordinate_response	True	1	0.036961000005248934	N	I_SPATIAL	0.000625
Stereo-seq	ST_DEV_E15_5_E16_5	cross_stage	Stereo-seq::shared_developmental_series	legacy_replication	reverse	ST_DEV_E15_5_E16_5__reverse	row_softmax	0.25		label_free_rigid	coordinate_response	True	1	0.03654390000156127	N	I_SPATIAL	0.01
Stereo-seq	ST_DEV_E15_5_E16_5	cross_stage	Stereo-seq::shared_developmental_series	legacy_replication	reverse	ST_DEV_E15_5_E16_5__reverse	row_softmax	0.25		label_free_rigid	coordinate_response	True	1	0.03639409999595955	N	I_SPATIAL	1.0
Stereo-seq	ST_E15_5_S1_S2	same_age_sections	ST_E15_5_S1_S2	legacy_replication	forward	ST_E15_5_S1_S2	balanced_ot	0.25		baseline	base	True	200	8.41784340000595			
Stereo-seq	ST_DEV_E15_5_E16_5	cross_stage	Stereo-seq::shared_developmental_series	legacy_replication	reverse	ST_DEV_E15_5_E16_5__reverse	balanced_ot	0.25		label_free_rigid	base	True	200	8.253358099987963			
Stereo-seq	ST_DEV_E15_5_E16_5	cross_stage	Stereo-seq::shared_developmental_series	legacy_replication	reverse	ST_DEV_E15_5_E16_5__reverse	balanced_ot	0.25		label_free_rigid	coordinate_response	True	200	8.326185700003407	R	I_SPATIAL	0.00125
Stereo-seq	ST_DEV_E15_5_E16_5	cross_stage	Stereo-seq::shared_developmental_series	legacy_replication	reverse	ST_DEV_E15_5_E16_5__reverse	balanced_ot	0.25		label_free_rigid	coordinate_response	True	200	8.296134699994582	R	I_SPATIAL	0.000625
Stereo-seq	ST_DEV_E15_5_E16_5	cross_stage	Stereo-seq::shared_developmental_series	legacy_replication	reverse	ST_DEV_E15_5_E16_5__reverse	balanced_ot	0.25		label_free_rigid	coordinate_response	True	200	8.449285599999712	R	I_SPATIAL	0.01
Stereo-seq	ST_DEV_E15_5_E16_5	cross_stage	Stereo-seq::shared_developmental_series	legacy_replication	reverse	ST_DEV_E15_5_E16_5__reverse	balanced_ot	0.25		label_free_rigid	coordinate_response	True	200	8.345372700001462	R	I_SPATIAL	1.0
Stereo-seq	ST_DEV_E15_5_E16_5	cross_stage	Stereo-seq::shared_developmental_series	legacy_replication	reverse	ST_DEV_E15_5_E16_5__reverse	balanced_ot	0.25		label_free_rigid	coordinate_response	True	200	8.242796899998211	N	I_SPATIAL	0.00125
Stereo-seq	ST_DEV_E15_5_E16_5	cross_stage	Stereo-seq::shared_developmental_series	legacy_replication	reverse	ST_DEV_E15_5_E16_5__reverse	balanced_ot	0.25		label_free_rigid	coordinate_response	True	200	8.334245300007751	N	I_SPATIAL	0.000625
Stereo-seq	ST_DEV_E15_5_E16_5	cross_stage	Stereo-seq::shared_developmental_series	legacy_replication	reverse	ST_DEV_E15_5_E16_5__reverse	balanced_ot	0.25		label_free_rigid	coordinate_response	True	200	8.361744800000452	N	I_SPATIAL	0.01
Stereo-seq	ST_DEV_E15_5_E16_5	cross_stage	Stereo-seq::shared_developmental_series	legacy_replication	reverse	ST_DEV_E15_5_E16_5__reverse	balanced_ot	0.25		label_free_rigid	coordinate_response	True	200	8.386742799993954	N	I_SPATIAL	1.0
Stereo-seq	ST_E15_5_S1_S2	same_age_sections	ST_E15_5_S1_S2	legacy_replication	forward	ST_E15_5_S1_S2	uot	0.25	2.0	baseline	base	True	85	3.619530700001633			
Stereo-seq	ST_E15_5_S1_S2	same_age_sections	ST_E15_5_S1_S2	legacy_replication	forward	ST_E15_5_S1_S2	uot	0.25	2.0	label_free_rigid	base	True	85	3.5886106000107247			
Stereo-seq	ST_E15_5_S1_S2	same_age_sections	ST_E15_5_S1_S2	legacy_replication	forward	ST_E15_5_S1_S2	uot	0.25	2.0	label_free_rigid	coordinate_response	True	85	3.5439872999995714	R	I_SPATIAL	0.00125
Stereo-seq	ST_E15_5_S1_S2	same_age_sections	ST_E15_5_S1_S2	legacy_replication	forward	ST_E15_5_S1_S2	uot	0.25	2.0	label_free_rigid	coordinate_response	True	85	3.505048099992564	R	I_SPATIAL	0.000625
Stereo-seq	ST_E15_5_S1_S2	same_age_sections	ST_E15_5_S1_S2	legacy_replication	forward	ST_E15_5_S1_S2	uot	0.25	2.0	label_free_rigid	coordinate_response	True	85	3.5999826999905054	R	I_SPATIAL	0.01
Stereo-seq	ST_E15_5_S1_S2	same_age_sections	ST_E15_5_S1_S2	legacy_replication	forward	ST_E15_5_S1_S2	uot	0.25	2.0	label_free_rigid	coordinate_response	True	85	3.5244526000024052	R	I_SPATIAL	1.0
Stereo-seq	ST_E15_5_S1_S2	same_age_sections	ST_E15_5_S1_S2	legacy_replication	forward	ST_E15_5_S1_S2	uot	0.25	2.0	label_free_rigid	coordinate_response	True	85	3.4964397000003373	N	I_SPATIAL	0.00125
Stereo-seq	ST_E15_5_S1_S2	same_age_sections	ST_E15_5_S1_S2	legacy_replication	forward	ST_E15_5_S1_S2	uot	0.25	2.0	label_free_rigid	coordinate_response	True	85	3.503521400009049	N	I_SPATIAL	0.000625
Stereo-seq	ST_E15_5_S1_S2	same_age_sections	ST_E15_5_S1_S2	legacy_replication	forward	ST_E15_5_S1_S2	uot	0.25	2.0	label_free_rigid	coordinate_response	True	85	3.5295612000045367	N	I_SPATIAL	0.01
Stereo-seq	ST_E15_5_S1_S2	same_age_sections	ST_E15_5_S1_S2	legacy_replication	forward	ST_E15_5_S1_S2	uot	0.25	2.0	label_free_rigid	coordinate_response	True	80	3.2755896000016946	N	I_SPATIAL	1.0
Stereo-seq	ST_E15_5_S1_S2	same_age_sections	ST_E15_5_S1_S2	legacy_replication	forward	ST_E15_5_S1_S2	row_softmax	0.25		baseline	base	True	1	0.037609999999403954			
Stereo-seq	ST_E15_5_S1_S2	same_age_sections	ST_E15_5_S1_S2	legacy_replication	forward	ST_E15_5_S1_S2	row_softmax	0.25		label_free_rigid	base	True	1	0.03648560000874568			
Stereo-seq	ST_E15_5_S1_S2	same_age_sections	ST_E15_5_S1_S2	legacy_replication	forward	ST_E15_5_S1_S2	row_softmax	0.25		label_free_rigid	coordinate_response	True	1	0.03968739999982063	R	I_SPATIAL	0.00125
Stereo-seq	ST_E15_5_S1_S2	same_age_sections	ST_E15_5_S1_S2	legacy_replication	forward	ST_E15_5_S1_S2	row_softmax	0.25		label_free_rigid	coordinate_response	True	1	0.03893999999854714	R	I_SPATIAL	0.000625
Stereo-seq	ST_E15_5_S1_S2	same_age_sections	ST_E15_5_S1_S2	legacy_replication	forward	ST_E15_5_S1_S2	row_softmax	0.25		label_free_rigid	coordinate_response	True	1	0.038604499990469776	R	I_SPATIAL	0.01
Stereo-seq	ST_E15_5_S1_S2	same_age_sections	ST_E15_5_S1_S2	legacy_replication	forward	ST_E15_5_S1_S2	row_softmax	0.25		label_free_rigid	coordinate_response	True	1	0.0388641000026837	R	I_SPATIAL	1.0
Stereo-seq	ST_E15_5_S1_S2	same_age_sections	ST_E15_5_S1_S2	legacy_replication	forward	ST_E15_5_S1_S2	row_softmax	0.25		label_free_rigid	coordinate_response	True	1	0.04329289999441244	N	I_SPATIAL	0.00125
Stereo-seq	ST_E15_5_S1_S2	same_age_sections	ST_E15_5_S1_S2	legacy_replication	forward	ST_E15_5_S1_S2	row_softmax	0.25		label_free_rigid	coordinate_response	True	1	0.03734429999894928	N	I_SPATIAL	0.000625
Stereo-seq	ST_E15_5_S1_S2	same_age_sections	ST_E15_5_S1_S2	legacy_replication	forward	ST_E15_5_S1_S2	row_softmax	0.25		label_free_rigid	coordinate_response	True	1	0.03878659999463707	N	I_SPATIAL	0.01
Stereo-seq	ST_E15_5_S1_S2	same_age_sections	ST_E15_5_S1_S2	legacy_replication	forward	ST_E15_5_S1_S2	row_softmax	0.25		label_free_rigid	coordinate_response	True	1	0.03904760000295937	N	I_SPATIAL	1.0
Stereo-seq	ST_E15_5_S1_S2	same_age_sections	ST_E15_5_S1_S2	legacy_replication	reverse	ST_E15_5_S1_S2__reverse	balanced_ot	0.25		baseline	base	True	200	8.340574799993192			
Stereo-seq	ST_E15_5_S1_S2	same_age_sections	ST_E15_5_S1_S2	legacy_replication	forward	ST_E15_5_S1_S2	balanced_ot	0.25		label_free_rigid	base	True	200	8.428764800002682			
Stereo-seq	ST_E15_5_S1_S2	same_age_sections	ST_E15_5_S1_S2	legacy_replication	forward	ST_E15_5_S1_S2	balanced_ot	0.25		label_free_rigid	coordinate_response	True	200	8.484104100003606	R	I_SPATIAL	0.00125
Stereo-seq	ST_E15_5_S1_S2	same_age_sections	ST_E15_5_S1_S2	legacy_replication	forward	ST_E15_5_S1_S2	balanced_ot	0.25		label_free_rigid	coordinate_response	True	200	8.33837090000452	R	I_SPATIAL	0.000625
Stereo-seq	ST_E15_5_S1_S2	same_age_sections	ST_E15_5_S1_S2	legacy_replication	forward	ST_E15_5_S1_S2	balanced_ot	0.25		label_free_rigid	coordinate_response	True	200	8.30525290001242	R	I_SPATIAL	0.01
Stereo-seq	ST_E15_5_S1_S2	same_age_sections	ST_E15_5_S1_S2	legacy_replication	forward	ST_E15_5_S1_S2	balanced_ot	0.25		label_free_rigid	coordinate_response	True	200	8.288042400003178	R	I_SPATIAL	1.0
Stereo-seq	ST_E15_5_S1_S2	same_age_sections	ST_E15_5_S1_S2	legacy_replication	forward	ST_E15_5_S1_S2	balanced_ot	0.25		label_free_rigid	coordinate_response	True	200	8.359516399999848	N	I_SPATIAL	0.00125
Stereo-seq	ST_E15_5_S1_S2	same_age_sections	ST_E15_5_S1_S2	legacy_replication	forward	ST_E15_5_S1_S2	balanced_ot	0.25		label_free_rigid	coordinate_response	True	200	8.292316399994888	N	I_SPATIAL	0.000625
Stereo-seq	ST_E15_5_S1_S2	same_age_sections	ST_E15_5_S1_S2	legacy_replication	forward	ST_E15_5_S1_S2	balanced_ot	0.25		label_free_rigid	coordinate_response	True	200	8.30240159999812	N	I_SPATIAL	0.01
Stereo-seq	ST_E15_5_S1_S2	same_age_sections	ST_E15_5_S1_S2	legacy_replication	forward	ST_E15_5_S1_S2	balanced_ot	0.25		label_free_rigid	coordinate_response	True	200	8.360268200005521	N	I_SPATIAL	1.0
Stereo-seq	ST_E15_5_S1_S2	same_age_sections	ST_E15_5_S1_S2	legacy_replication	reverse	ST_E15_5_S1_S2__reverse	uot	0.25	2.0	baseline	base	True	85	3.509874099996523			
Stereo-seq	ST_E15_5_S1_S2	same_age_sections	ST_E15_5_S1_S2	legacy_replication	reverse	ST_E15_5_S1_S2__reverse	uot	0.25	2.0	label_free_rigid	base	True	85	3.5507226000045193			
Stereo-seq	ST_E15_5_S1_S2	same_age_sections	ST_E15_5_S1_S2	legacy_replication	reverse	ST_E15_5_S1_S2__reverse	uot	0.25	2.0	label_free_rigid	coordinate_response	True	85	3.5544803999946453	R	I_SPATIAL	0.00125
Stereo-seq	ST_E15_5_S1_S2	same_age_sections	ST_E15_5_S1_S2	legacy_replication	reverse	ST_E15_5_S1_S2__reverse	uot	0.25	2.0	label_free_rigid	coordinate_response	True	85	3.512967899994692	R	I_SPATIAL	0.000625
Stereo-seq	ST_E15_5_S1_S2	same_age_sections	ST_E15_5_S1_S2	legacy_replication	reverse	ST_E15_5_S1_S2__reverse	uot	0.25	2.0	label_free_rigid	coordinate_response	True	85	3.5035972999903606	R	I_SPATIAL	0.01
Stereo-seq	ST_E15_5_S1_S2	same_age_sections	ST_E15_5_S1_S2	legacy_replication	reverse	ST_E15_5_S1_S2__reverse	uot	0.25	2.0	label_free_rigid	coordinate_response	True	85	3.635891400001128	R	I_SPATIAL	1.0
Stereo-seq	ST_E15_5_S1_S2	same_age_sections	ST_E15_5_S1_S2	legacy_replication	reverse	ST_E15_5_S1_S2__reverse	uot	0.25	2.0	label_free_rigid	coordinate_response	True	85	3.5495341999921948	N	I_SPATIAL	0.00125
Stereo-seq	ST_E15_5_S1_S2	same_age_sections	ST_E15_5_S1_S2	legacy_replication	reverse	ST_E15_5_S1_S2__reverse	uot	0.25	2.0	label_free_rigid	coordinate_response	True	85	3.5294820999988588	N	I_SPATIAL	0.000625
Stereo-seq	ST_E15_5_S1_S2	same_age_sections	ST_E15_5_S1_S2	legacy_replication	reverse	ST_E15_5_S1_S2__reverse	uot	0.25	2.0	label_free_rigid	coordinate_response	True	85	3.5296591999940574	N	I_SPATIAL	0.01
Stereo-seq	ST_E15_5_S1_S2	same_age_sections	ST_E15_5_S1_S2	legacy_replication	reverse	ST_E15_5_S1_S2__reverse	uot	0.25	2.0	label_free_rigid	coordinate_response	True	85	3.5658720999927027	N	I_SPATIAL	1.0
Stereo-seq	ST_E15_5_S1_S2	same_age_sections	ST_E15_5_S1_S2	legacy_replication	reverse	ST_E15_5_S1_S2__reverse	row_softmax	0.25		baseline	base	True	1	0.04019910001079552			
Stereo-seq	ST_E15_5_S1_S2	same_age_sections	ST_E15_5_S1_S2	legacy_replication	reverse	ST_E15_5_S1_S2__reverse	row_softmax	0.25		label_free_rigid	base	True	1	0.03843649999180343			
Stereo-seq	ST_E15_5_S1_S2	same_age_sections	ST_E15_5_S1_S2	legacy_replication	reverse	ST_E15_5_S1_S2__reverse	row_softmax	0.25		label_free_rigid	coordinate_response	True	1	0.038057400000980124	R	I_SPATIAL	0.00125
Stereo-seq	ST_E15_5_S1_S2	same_age_sections	ST_E15_5_S1_S2	legacy_replication	reverse	ST_E15_5_S1_S2__reverse	row_softmax	0.25		label_free_rigid	coordinate_response	True	1	0.037952900005620904	R	I_SPATIAL	0.000625
Stereo-seq	ST_E15_5_S1_S2	same_age_sections	ST_E15_5_S1_S2	legacy_replication	reverse	ST_E15_5_S1_S2__reverse	row_softmax	0.25		label_free_rigid	coordinate_response	True	1	0.03738240001257509	R	I_SPATIAL	0.01
Stereo-seq	ST_E15_5_S1_S2	same_age_sections	ST_E15_5_S1_S2	legacy_replication	reverse	ST_E15_5_S1_S2__reverse	row_softmax	0.25		label_free_rigid	coordinate_response	True	1	0.04226970000308938	R	I_SPATIAL	1.0
Stereo-seq	ST_E15_5_S1_S2	same_age_sections	ST_E15_5_S1_S2	legacy_replication	reverse	ST_E15_5_S1_S2__reverse	row_softmax	0.25		label_free_rigid	coordinate_response	True	1	0.03750420000869781	N	I_SPATIAL	0.00125
Stereo-seq	ST_E15_5_S1_S2	same_age_sections	ST_E15_5_S1_S2	legacy_replication	reverse	ST_E15_5_S1_S2__reverse	row_softmax	0.25		label_free_rigid	coordinate_response	True	1	0.03742019999481272	N	I_SPATIAL	0.000625
Stereo-seq	ST_E15_5_S1_S2	same_age_sections	ST_E15_5_S1_S2	legacy_replication	reverse	ST_E15_5_S1_S2__reverse	row_softmax	0.25		label_free_rigid	coordinate_response	True	1	0.03719020000426099	N	I_SPATIAL	0.01
Stereo-seq	ST_E15_5_S1_S2	same_age_sections	ST_E15_5_S1_S2	legacy_replication	reverse	ST_E15_5_S1_S2__reverse	row_softmax	0.25		label_free_rigid	coordinate_response	True	1	0.04227130000072066	N	I_SPATIAL	1.0
STARmap_PLUS	STAR_8M_D1_D2	same_age_replicates	STAR_8M_D1_D2	legacy_replication	forward	STAR_8M_D1_D2	balanced_ot	0.25		baseline	base	True	200	8.260420099992189			
Stereo-seq	ST_E15_5_S1_S2	same_age_sections	ST_E15_5_S1_S2	legacy_replication	reverse	ST_E15_5_S1_S2__reverse	balanced_ot	0.25		label_free_rigid	base	True	200	8.321269100008067			
Stereo-seq	ST_E15_5_S1_S2	same_age_sections	ST_E15_5_S1_S2	legacy_replication	reverse	ST_E15_5_S1_S2__reverse	balanced_ot	0.25		label_free_rigid	coordinate_response	True	200	8.324244100003853	R	I_SPATIAL	0.00125
Stereo-seq	ST_E15_5_S1_S2	same_age_sections	ST_E15_5_S1_S2	legacy_replication	reverse	ST_E15_5_S1_S2__reverse	balanced_ot	0.25		label_free_rigid	coordinate_response	True	200	8.366844600008335	R	I_SPATIAL	0.000625
Stereo-seq	ST_E15_5_S1_S2	same_age_sections	ST_E15_5_S1_S2	legacy_replication	reverse	ST_E15_5_S1_S2__reverse	balanced_ot	0.25		label_free_rigid	coordinate_response	True	200	8.27529499999946	R	I_SPATIAL	0.01
Stereo-seq	ST_E15_5_S1_S2	same_age_sections	ST_E15_5_S1_S2	legacy_replication	reverse	ST_E15_5_S1_S2__reverse	balanced_ot	0.25		label_free_rigid	coordinate_response	True	200	8.327202199987369	R	I_SPATIAL	1.0
Stereo-seq	ST_E15_5_S1_S2	same_age_sections	ST_E15_5_S1_S2	legacy_replication	reverse	ST_E15_5_S1_S2__reverse	balanced_ot	0.25		label_free_rigid	coordinate_response	True	200	8.293885899998713	N	I_SPATIAL	0.00125
Stereo-seq	ST_E15_5_S1_S2	same_age_sections	ST_E15_5_S1_S2	legacy_replication	reverse	ST_E15_5_S1_S2__reverse	balanced_ot	0.25		label_free_rigid	coordinate_response	True	200	8.28784919998725	N	I_SPATIAL	0.000625
Stereo-seq	ST_E15_5_S1_S2	same_age_sections	ST_E15_5_S1_S2	legacy_replication	reverse	ST_E15_5_S1_S2__reverse	balanced_ot	0.25		label_free_rigid	coordinate_response	True	200	8.238825000007637	N	I_SPATIAL	0.01
Stereo-seq	ST_E15_5_S1_S2	same_age_sections	ST_E15_5_S1_S2	legacy_replication	reverse	ST_E15_5_S1_S2__reverse	balanced_ot	0.25		label_free_rigid	coordinate_response	True	200	8.17160000000149	N	I_SPATIAL	1.0
STARmap_PLUS	STAR_8M_D1_D2	same_age_replicates	STAR_8M_D1_D2	legacy_replication	forward	STAR_8M_D1_D2	uot	0.25	2.0	baseline	base	True	85	3.512358399995719			
STARmap_PLUS	STAR_8M_D1_D2	same_age_replicates	STAR_8M_D1_D2	legacy_replication	forward	STAR_8M_D1_D2	uot	0.25	2.0	label_free_rigid	base	True	85	3.5274628000042867			
STARmap_PLUS	STAR_8M_D1_D2	same_age_replicates	STAR_8M_D1_D2	legacy_replication	forward	STAR_8M_D1_D2	uot	0.25	2.0	label_free_rigid	coordinate_response	True	85	3.633977400008007	R	I_SPATIAL	0.00125
STARmap_PLUS	STAR_8M_D1_D2	same_age_replicates	STAR_8M_D1_D2	legacy_replication	forward	STAR_8M_D1_D2	uot	0.25	2.0	label_free_rigid	coordinate_response	True	85	3.6101613999926485	R	I_SPATIAL	0.000625
STARmap_PLUS	STAR_8M_D1_D2	same_age_replicates	STAR_8M_D1_D2	legacy_replication	forward	STAR_8M_D1_D2	uot	0.25	2.0	label_free_rigid	coordinate_response	True	85	3.5281940000131726	R	I_SPATIAL	0.01
STARmap_PLUS	STAR_8M_D1_D2	same_age_replicates	STAR_8M_D1_D2	legacy_replication	forward	STAR_8M_D1_D2	uot	0.25	2.0	label_free_rigid	coordinate_response	True	85	3.472527399993851	R	I_SPATIAL	1.0
STARmap_PLUS	STAR_8M_D1_D2	same_age_replicates	STAR_8M_D1_D2	legacy_replication	forward	STAR_8M_D1_D2	uot	0.25	2.0	label_free_rigid	coordinate_response	True	85	3.5354937999945832	N	I_SPATIAL	0.00125
STARmap_PLUS	STAR_8M_D1_D2	same_age_replicates	STAR_8M_D1_D2	legacy_replication	forward	STAR_8M_D1_D2	uot	0.25	2.0	label_free_rigid	coordinate_response	True	85	3.517371499998262	N	I_SPATIAL	0.000625
STARmap_PLUS	STAR_8M_D1_D2	same_age_replicates	STAR_8M_D1_D2	legacy_replication	forward	STAR_8M_D1_D2	uot	0.25	2.0	label_free_rigid	coordinate_response	True	85	3.529806099992129	N	I_SPATIAL	0.01
STARmap_PLUS	STAR_8M_D1_D2	same_age_replicates	STAR_8M_D1_D2	legacy_replication	forward	STAR_8M_D1_D2	uot	0.25	2.0	label_free_rigid	coordinate_response	True	85	3.5319159000064246	N	I_SPATIAL	1.0
STARmap_PLUS	STAR_8M_D1_D2	same_age_replicates	STAR_8M_D1_D2	legacy_replication	forward	STAR_8M_D1_D2	row_softmax	0.25		baseline	base	True	1	0.036266800001612864			
STARmap_PLUS	STAR_8M_D1_D2	same_age_replicates	STAR_8M_D1_D2	legacy_replication	forward	STAR_8M_D1_D2	row_softmax	0.25		label_free_rigid	base	True	1	0.03880870000284631			
STARmap_PLUS	STAR_8M_D1_D2	same_age_replicates	STAR_8M_D1_D2	legacy_replication	forward	STAR_8M_D1_D2	row_softmax	0.25		label_free_rigid	coordinate_response	True	1	0.03738510000403039	R	I_SPATIAL	0.00125
STARmap_PLUS	STAR_8M_D1_D2	same_age_replicates	STAR_8M_D1_D2	legacy_replication	forward	STAR_8M_D1_D2	row_softmax	0.25		label_free_rigid	coordinate_response	True	1	0.037320099989301525	R	I_SPATIAL	0.000625
STARmap_PLUS	STAR_8M_D1_D2	same_age_replicates	STAR_8M_D1_D2	legacy_replication	forward	STAR_8M_D1_D2	row_softmax	0.25		label_free_rigid	coordinate_response	True	1	0.04298450000351295	R	I_SPATIAL	0.01
STARmap_PLUS	STAR_8M_D1_D2	same_age_replicates	STAR_8M_D1_D2	legacy_replication	forward	STAR_8M_D1_D2	row_softmax	0.25		label_free_rigid	coordinate_response	True	1	0.03668469999684021	R	I_SPATIAL	1.0
STARmap_PLUS	STAR_8M_D1_D2	same_age_replicates	STAR_8M_D1_D2	legacy_replication	forward	STAR_8M_D1_D2	row_softmax	0.25		label_free_rigid	coordinate_response	True	1	0.03787289999308996	N	I_SPATIAL	0.00125
STARmap_PLUS	STAR_8M_D1_D2	same_age_replicates	STAR_8M_D1_D2	legacy_replication	forward	STAR_8M_D1_D2	row_softmax	0.25		label_free_rigid	coordinate_response	True	1	0.03816740000911523	N	I_SPATIAL	0.000625
STARmap_PLUS	STAR_8M_D1_D2	same_age_replicates	STAR_8M_D1_D2	legacy_replication	forward	STAR_8M_D1_D2	row_softmax	0.25		label_free_rigid	coordinate_response	True	1	0.038946299988310784	N	I_SPATIAL	0.01
STARmap_PLUS	STAR_8M_D1_D2	same_age_replicates	STAR_8M_D1_D2	legacy_replication	forward	STAR_8M_D1_D2	row_softmax	0.25		label_free_rigid	coordinate_response	True	1	0.03744200000073761	N	I_SPATIAL	1.0
STARmap_PLUS	STAR_8M_D1_D2	same_age_replicates	STAR_8M_D1_D2	legacy_replication	reverse	STAR_8M_D1_D2__reverse	balanced_ot	0.25		baseline	base	True	200	8.318867299996782			
STARmap_PLUS	STAR_8M_D1_D2	same_age_replicates	STAR_8M_D1_D2	legacy_replication	forward	STAR_8M_D1_D2	balanced_ot	0.25		label_free_rigid	base	True	200	8.259053400004632			
STARmap_PLUS	STAR_8M_D1_D2	same_age_replicates	STAR_8M_D1_D2	legacy_replication	forward	STAR_8M_D1_D2	balanced_ot	0.25		label_free_rigid	coordinate_response	True	200	8.357723799999803	R	I_SPATIAL	0.00125
STARmap_PLUS	STAR_8M_D1_D2	same_age_replicates	STAR_8M_D1_D2	legacy_replication	forward	STAR_8M_D1_D2	balanced_ot	0.25		label_free_rigid	coordinate_response	True	200	8.490376599991578	R	I_SPATIAL	0.000625
STARmap_PLUS	STAR_8M_D1_D2	same_age_replicates	STAR_8M_D1_D2	legacy_replication	forward	STAR_8M_D1_D2	balanced_ot	0.25		label_free_rigid	coordinate_response	True	200	8.243885399991996	R	I_SPATIAL	0.01
STARmap_PLUS	STAR_8M_D1_D2	same_age_replicates	STAR_8M_D1_D2	legacy_replication	forward	STAR_8M_D1_D2	balanced_ot	0.25		label_free_rigid	coordinate_response	True	200	8.239299599998049	R	I_SPATIAL	1.0
STARmap_PLUS	STAR_8M_D1_D2	same_age_replicates	STAR_8M_D1_D2	legacy_replication	forward	STAR_8M_D1_D2	balanced_ot	0.25		label_free_rigid	coordinate_response	True	200	8.302425999994739	N	I_SPATIAL	0.00125
STARmap_PLUS	STAR_8M_D1_D2	same_age_replicates	STAR_8M_D1_D2	legacy_replication	forward	STAR_8M_D1_D2	balanced_ot	0.25		label_free_rigid	coordinate_response	True	200	8.242186899995431	N	I_SPATIAL	0.000625
STARmap_PLUS	STAR_8M_D1_D2	same_age_replicates	STAR_8M_D1_D2	legacy_replication	forward	STAR_8M_D1_D2	balanced_ot	0.25		label_free_rigid	coordinate_response	True	200	8.320309800008545	N	I_SPATIAL	0.01
STARmap_PLUS	STAR_8M_D1_D2	same_age_replicates	STAR_8M_D1_D2	legacy_replication	forward	STAR_8M_D1_D2	balanced_ot	0.25		label_free_rigid	coordinate_response	True	200	8.331269100002828	N	I_SPATIAL	1.0
STARmap_PLUS	STAR_8M_D1_D2	same_age_replicates	STAR_8M_D1_D2	legacy_replication	reverse	STAR_8M_D1_D2__reverse	uot	0.25	2.0	baseline	base	True	85	3.5039964000025066			
STARmap_PLUS	STAR_8M_D1_D2	same_age_replicates	STAR_8M_D1_D2	legacy_replication	reverse	STAR_8M_D1_D2__reverse	uot	0.25	2.0	label_free_rigid	base	True	85	3.6267889000009745			
STARmap_PLUS	STAR_8M_D1_D2	same_age_replicates	STAR_8M_D1_D2	legacy_replication	reverse	STAR_8M_D1_D2__reverse	uot	0.25	2.0	label_free_rigid	coordinate_response	True	85	3.567006900004344	R	I_SPATIAL	0.00125
STARmap_PLUS	STAR_8M_D1_D2	same_age_replicates	STAR_8M_D1_D2	legacy_replication	reverse	STAR_8M_D1_D2__reverse	uot	0.25	2.0	label_free_rigid	coordinate_response	True	85	3.5551151000108803	R	I_SPATIAL	0.000625
STARmap_PLUS	STAR_8M_D1_D2	same_age_replicates	STAR_8M_D1_D2	legacy_replication	reverse	STAR_8M_D1_D2__reverse	uot	0.25	2.0	label_free_rigid	coordinate_response	True	85	3.5424176000087755	R	I_SPATIAL	0.01
STARmap_PLUS	STAR_8M_D1_D2	same_age_replicates	STAR_8M_D1_D2	legacy_replication	reverse	STAR_8M_D1_D2__reverse	uot	0.25	2.0	label_free_rigid	coordinate_response	True	85	3.516050999998697	R	I_SPATIAL	1.0
STARmap_PLUS	STAR_8M_D1_D2	same_age_replicates	STAR_8M_D1_D2	legacy_replication	reverse	STAR_8M_D1_D2__reverse	uot	0.25	2.0	label_free_rigid	coordinate_response	True	85	3.5632485000096494	N	I_SPATIAL	0.00125
STARmap_PLUS	STAR_8M_D1_D2	same_age_replicates	STAR_8M_D1_D2	legacy_replication	reverse	STAR_8M_D1_D2__reverse	uot	0.25	2.0	label_free_rigid	coordinate_response	True	85	3.6115654000022914	N	I_SPATIAL	0.000625
STARmap_PLUS	STAR_8M_D1_D2	same_age_replicates	STAR_8M_D1_D2	legacy_replication	reverse	STAR_8M_D1_D2__reverse	uot	0.25	2.0	label_free_rigid	coordinate_response	True	85	3.5952522000006866	N	I_SPATIAL	0.01
STARmap_PLUS	STAR_8M_D1_D2	same_age_replicates	STAR_8M_D1_D2	legacy_replication	reverse	STAR_8M_D1_D2__reverse	uot	0.25	2.0	label_free_rigid	coordinate_response	True	85	3.5089218000066467	N	I_SPATIAL	1.0
STARmap_PLUS	STAR_8M_D1_D2	same_age_replicates	STAR_8M_D1_D2	legacy_replication	reverse	STAR_8M_D1_D2__reverse	row_softmax	0.25		baseline	base	True	1	0.03860859999258537			
STARmap_PLUS	STAR_8M_D1_D2	same_age_replicates	STAR_8M_D1_D2	legacy_replication	reverse	STAR_8M_D1_D2__reverse	row_softmax	0.25		label_free_rigid	base	True	1	0.03609409999626223			
STARmap_PLUS	STAR_8M_D1_D2	same_age_replicates	STAR_8M_D1_D2	legacy_replication	reverse	STAR_8M_D1_D2__reverse	row_softmax	0.25		label_free_rigid	coordinate_response	True	1	0.03663230000529438	R	I_SPATIAL	0.00125
STARmap_PLUS	STAR_8M_D1_D2	same_age_replicates	STAR_8M_D1_D2	legacy_replication	reverse	STAR_8M_D1_D2__reverse	row_softmax	0.25		label_free_rigid	coordinate_response	True	1	0.0406424000102561	R	I_SPATIAL	0.000625
STARmap_PLUS	STAR_8M_D1_D2	same_age_replicates	STAR_8M_D1_D2	legacy_replication	reverse	STAR_8M_D1_D2__reverse	row_softmax	0.25		label_free_rigid	coordinate_response	True	1	0.03947959998913575	R	I_SPATIAL	0.01
STARmap_PLUS	STAR_8M_D1_D2	same_age_replicates	STAR_8M_D1_D2	legacy_replication	reverse	STAR_8M_D1_D2__reverse	row_softmax	0.25		label_free_rigid	coordinate_response	True	1	0.03797160000249278	R	I_SPATIAL	1.0
STARmap_PLUS	STAR_8M_D1_D2	same_age_replicates	STAR_8M_D1_D2	legacy_replication	reverse	STAR_8M_D1_D2__reverse	row_softmax	0.25		label_free_rigid	coordinate_response	True	1	0.03672930000175256	N	I_SPATIAL	0.00125
STARmap_PLUS	STAR_8M_D1_D2	same_age_replicates	STAR_8M_D1_D2	legacy_replication	reverse	STAR_8M_D1_D2__reverse	row_softmax	0.25		label_free_rigid	coordinate_response	True	1	0.0378709000069648	N	I_SPATIAL	0.000625
STARmap_PLUS	STAR_8M_D1_D2	same_age_replicates	STAR_8M_D1_D2	legacy_replication	reverse	STAR_8M_D1_D2__reverse	row_softmax	0.25		label_free_rigid	coordinate_response	True	1	0.03567529999418184	N	I_SPATIAL	0.01
STARmap_PLUS	STAR_8M_D1_D2	same_age_replicates	STAR_8M_D1_D2	legacy_replication	reverse	STAR_8M_D1_D2__reverse	row_softmax	0.25		label_free_rigid	coordinate_response	True	1	0.03862000000663102	N	I_SPATIAL	1.0
STARmap_PLUS	STAR_8M_D1_D2	same_age_replicates	STAR_8M_D1_D2	legacy_replication	reverse	STAR_8M_D1_D2__reverse	balanced_ot	0.25		label_free_rigid	base	True	200	8.289872400011518			
STARmap_PLUS	STAR_8M_D1_D2	same_age_replicates	STAR_8M_D1_D2	legacy_replication	reverse	STAR_8M_D1_D2__reverse	balanced_ot	0.25		label_free_rigid	coordinate_response	True	200	8.399255399999674	R	I_SPATIAL	0.00125
STARmap_PLUS	STAR_8M_D1_D2	same_age_replicates	STAR_8M_D1_D2	legacy_replication	reverse	STAR_8M_D1_D2__reverse	balanced_ot	0.25		label_free_rigid	coordinate_response	True	200	8.293985999989673	R	I_SPATIAL	0.000625
STARmap_PLUS	STAR_8M_D1_D2	same_age_replicates	STAR_8M_D1_D2	legacy_replication	reverse	STAR_8M_D1_D2__reverse	balanced_ot	0.25		label_free_rigid	coordinate_response	True	200	8.422462200003793	R	I_SPATIAL	0.01
STARmap_PLUS	STAR_8M_D1_D2	same_age_replicates	STAR_8M_D1_D2	legacy_replication	reverse	STAR_8M_D1_D2__reverse	balanced_ot	0.25		label_free_rigid	coordinate_response	True	200	8.29490629999782	R	I_SPATIAL	1.0
STARmap_PLUS	STAR_8M_D1_D2	same_age_replicates	STAR_8M_D1_D2	legacy_replication	reverse	STAR_8M_D1_D2__reverse	balanced_ot	0.25		label_free_rigid	coordinate_response	True	200	8.350914900001953	N	I_SPATIAL	0.00125
STARmap_PLUS	STAR_8M_D1_D2	same_age_replicates	STAR_8M_D1_D2	legacy_replication	reverse	STAR_8M_D1_D2__reverse	balanced_ot	0.25		label_free_rigid	coordinate_response	True	200	8.376892899992527	N	I_SPATIAL	0.000625
STARmap_PLUS	STAR_8M_D1_D2	same_age_replicates	STAR_8M_D1_D2	legacy_replication	reverse	STAR_8M_D1_D2__reverse	balanced_ot	0.25		label_free_rigid	coordinate_response	True	200	6.865734400009387	N	I_SPATIAL	0.01
STARmap_PLUS	STAR_8M_D1_D2	same_age_replicates	STAR_8M_D1_D2	legacy_replication	reverse	STAR_8M_D1_D2__reverse	balanced_ot	0.25		label_free_rigid	coordinate_response	True	200	6.798313999999664	N	I_SPATIAL	1.0
