dataset,pair_id,pair_type,independent_unit_id,direction,pair_file_id,task_id,method,epsilon,tau,grid_role,parameter_index,arm,claim_status,planned_status
Stereo-seq,ST_DEV_E11_5_E12_5,cross_stage,Stereo-seq::shared_developmental_series,forward,ST_DEV_E11_5_E12_5,ST_DEV_E11_5_E12_5__balanced_ot__e0p1__tnone,balanced_ot,0.1,,epsilon_scan,0,R,post-review sensitivity analysis,PLANNED
Stereo-seq,ST_DEV_E11_5_E12_5,cross_stage,Stereo-seq::shared_developmental_series,forward,ST_DEV_E11_5_E12_5,ST_DEV_E11_5_E12_5__balanced_ot__e0p1__tnone,balanced_ot,0.1,,epsilon_scan,0,N,post-review sensitivity analysis,PLANNED
Stereo-seq,ST_DEV_E11_5_E12_5,cross_stage,Stereo-seq::shared_developmental_series,forward,ST_DEV_E11_5_E12_5,ST_DEV_E11_5_E12_5__balanced_ot__e0p25__tnone,balanced_ot,0.25,,baseline,1,R,post-review sensitivity analysis,PLANNED
Stereo-seq,ST_DEV_E11_5_E12_5,cross_stage,Stereo-seq::shared_developmental_series,forward,ST_DEV_E11_5_E12_5,ST_DEV_E11_5_E12_5__balanced_ot__e0p25__tnone,balanced_ot,0.25,,baseline,1,N,post-review sensitivity analysis,PLANNED
Stereo-seq,ST_DEV_E11_5_E12_5,cross_stage,Stereo-seq::shared_developmental_series,forward,ST_DEV_E11_5_E12_5,ST_DEV_E11_5_E12_5__balanced_ot__e0p25__tnone,balanced_ot,0.25,,baseline,1,S,post-review sensitivity analysis,PLANNED_EQUIVALENCE_ONLY
Stereo-seq,ST_DEV_E11_5_E12_5,cross_stage,Stereo-seq::shared_developmental_series,forward,ST_DEV_E11_5_E12_5,ST_DEV_E11_5_E12_5__balanced_ot__e0p5__tnone,balanced_ot,0.5,,epsilon_scan,2,R,post-review sensitivity analysis,PLANNED
Stereo-seq,ST_DEV_E11_5_E12_5,cross_stage,Stereo-seq::shared_developmental_series,forward,ST_DEV_E11_5_E12_5,ST_DEV_E11_5_E12_5__balanced_ot__e0p5__tnone,balanced_ot,0.5,,epsilon_scan,2,N,post-review sensitivity analysis,PLANNED
Stereo-seq,ST_DEV_E11_5_E12_5,cross_stage,Stereo-seq::shared_developmental_series,forward,ST_DEV_E11_5_E12_5,ST_DEV_E11_5_E12_5__uot__e0p1__t2p0,uot,0.1,2.0,epsilon_scan,0,R,post-review sensitivity analysis,PLANNED
Stereo-seq,ST_DEV_E11_5_E12_5,cross_stage,Stereo-seq::shared_developmental_series,forward,ST_DEV_E11_5_E12_5,ST_DEV_E11_5_E12_5__uot__e0p1__t2p0,uot,0.1,2.0,epsilon_scan,0,N,post-review sensitivity analysis,PLANNED
Stereo-seq,ST_DEV_E11_5_E12_5,cross_stage,Stereo-seq::shared_developmental_series,forward,ST_DEV_E11_5_E12_5,ST_DEV_E11_5_E12_5__uot__e0p25__t2p0,uot,0.25,2.0,baseline,1,R,post-review sensitivity analysis,PLANNED
Stereo-seq,ST_DEV_E11_5_E12_5,cross_stage,Stereo-seq::shared_developmental_series,forward,ST_DEV_E11_5_E12_5,ST_DEV_E11_5_E12_5__uot__e0p25__t2p0,uot,0.25,2.0,baseline,1,N,post-review sensitivity analysis,PLANNED
Stereo-seq,ST_DEV_E11_5_E12_5,cross_stage,Stereo-seq::shared_developmental_series,forward,ST_DEV_E11_5_E12_5,ST_DEV_E11_5_E12_5__uot__e0p25__t2p0,uot,0.25,2.0,baseline,1,S,post-review sensitivity analysis,PLANNED_EQUIVALENCE_ONLY
Stereo-seq,ST_DEV_E11_5_E12_5,cross_stage,Stereo-seq::shared_developmental_series,forward,ST_DEV_E11_5_E12_5,ST_DEV_E11_5_E12_5__uot__e0p5__t2p0,uot,0.5,2.0,epsilon_scan,2,R,post-review sensitivity analysis,PLANNED
Stereo-seq,ST_DEV_E11_5_E12_5,cross_stage,Stereo-seq::shared_developmental_series,forward,ST_DEV_E11_5_E12_5,ST_DEV_E11_5_E12_5__uot__e0p5__t2p0,uot,0.5,2.0,epsilon_scan,2,N,post-review sensitivity analysis,PLANNED
Stereo-seq,ST_DEV_E11_5_E12_5,cross_stage,Stereo-seq::shared_developmental_series,forward,ST_DEV_E11_5_E12_5,ST_DEV_E11_5_E12_5__uot__e0p25__t1p0,uot,0.25,1.0,tau_scan,3,R,post-review sensitivity analysis,PLANNED
Stereo-seq,ST_DEV_E11_5_E12_5,cross_stage,Stereo-seq::shared_developmental_series,forward,ST_DEV_E11_5_E12_5,ST_DEV_E11_5_E12_5__uot__e0p25__t1p0,uot,0.25,1.0,tau_scan,3,N,post-review sensitivity analysis,PLANNED
Stereo-seq,ST_DEV_E11_5_E12_5,cross_stage,Stereo-seq::shared_developmental_series,forward,ST_DEV_E11_5_E12_5,ST_DEV_E11_5_E12_5__uot__e0p25__t5p0,uot,0.25,5.0,tau_scan,4,R,post-review sensitivity analysis,PLANNED
Stereo-seq,ST_DEV_E11_5_E12_5,cross_stage,Stereo-seq::shared_developmental_series,forward,ST_DEV_E11_5_E12_5,ST_DEV_E11_5_E12_5__uot__e0p25__t5p0,uot,0.25,5.0,tau_scan,4,N,post-review sensitivity analysis,PLANNED
Stereo-seq,ST_DEV_E11_5_E12_5,cross_stage,Stereo-seq::shared_developmental_series,forward,ST_DEV_E11_5_E12_5,ST_DEV_E11_5_E12_5__uot__e0p1__t1p0,uot,0.1,1.0,interaction_corner,5,R,post-review sensitivity analysis,PLANNED
Stereo-seq,ST_DEV_E11_5_E12_5,cross_stage,Stereo-seq::shared_developmental_series,forward,ST_DEV_E11_5_E12_5,ST_DEV_E11_5_E12_5__uot__e0p1__t1p0,uot,0.1,1.0,interaction_corner,5,N,post-review sensitivity analysis,PLANNED
Stereo-seq,ST_DEV_E11_5_E12_5,cross_stage,Stereo-seq::shared_developmental_series,forward,ST_DEV_E11_5_E12_5,ST_DEV_E11_5_E12_5__uot__e0p1__t5p0,uot,0.1,5.0,interaction_corner,6,R,post-review sensitivity analysis,PLANNED
Stereo-seq,ST_DEV_E11_5_E12_5,cross_stage,Stereo-seq::shared_developmental_series,forward,ST_DEV_E11_5_E12_5,ST_DEV_E11_5_E12_5__uot__e0p1__t5p0,uot,0.1,5.0,interaction_corner,6,N,post-review sensitivity analysis,PLANNED
Stereo-seq,ST_DEV_E11_5_E12_5,cross_stage,Stereo-seq::shared_developmental_series,forward,ST_DEV_E11_5_E12_5,ST_DEV_E11_5_E12_5__uot__e0p5__t1p0,uot,0.5,1.0,interaction_corner,7,R,post-review sensitivity analysis,PLANNED
Stereo-seq,ST_DEV_E11_5_E12_5,cross_stage,Stereo-seq::shared_developmental_series,forward,ST_DEV_E11_5_E12_5,ST_DEV_E11_5_E12_5__uot__e0p5__t1p0,uot,0.5,1.0,interaction_corner,7,N,post-review sensitivity analysis,PLANNED
Stereo-seq,ST_DEV_E11_5_E12_5,cross_stage,Stereo-seq::shared_developmental_series,forward,ST_DEV_E11_5_E12_5,ST_DEV_E11_5_E12_5__uot__e0p5__t5p0,uot,0.5,5.0,interaction_corner,8,R,post-review sensitivity analysis,PLANNED
Stereo-seq,ST_DEV_E11_5_E12_5,cross_stage,Stereo-seq::shared_developmental_series,forward,ST_DEV_E11_5_E12_5,ST_DEV_E11_5_E12_5__uot__e0p5__t5p0,uot,0.5,5.0,interaction_corner,8,N,post-review sensitivity analysis,PLANNED
Stereo-seq,ST_DEV_E11_5_E12_5,cross_stage,Stereo-seq::shared_developmental_series,forward,ST_DEV_E11_5_E12_5,ST_DEV_E11_5_E12_5__row_softmax__e0p1__tnone,row_softmax,0.1,,epsilon_scan,0,R,post-review sensitivity analysis,PLANNED
Stereo-seq,ST_DEV_E11_5_E12_5,cross_stage,Stereo-seq::shared_developmental_series,forward,ST_DEV_E11_5_E12_5,ST_DEV_E11_5_E12_5__row_softmax__e0p1__tnone,row_softmax,0.1,,epsilon_scan,0,N,post-review sensitivity analysis,PLANNED
Stereo-seq,ST_DEV_E11_5_E12_5,cross_stage,Stereo-seq::shared_developmental_series,forward,ST_DEV_E11_5_E12_5,ST_DEV_E11_5_E12_5__row_softmax__e0p25__tnone,row_softmax,0.25,,baseline,1,R,post-review sensitivity analysis,PLANNED
Stereo-seq,ST_DEV_E11_5_E12_5,cross_stage,Stereo-seq::shared_developmental_series,forward,ST_DEV_E11_5_E12_5,ST_DEV_E11_5_E12_5__row_softmax__e0p25__tnone,row_softmax,0.25,,baseline,1,N,post-review sensitivity analysis,PLANNED
Stereo-seq,ST_DEV_E11_5_E12_5,cross_stage,Stereo-seq::shared_developmental_series,forward,ST_DEV_E11_5_E12_5,ST_DEV_E11_5_E12_5__row_softmax__e0p25__tnone,row_softmax,0.25,,baseline,1,S,post-review sensitivity analysis,PLANNED_EQUIVALENCE_ONLY
Stereo-seq,ST_DEV_E11_5_E12_5,cross_stage,Stereo-seq::shared_developmental_series,forward,ST_DEV_E11_5_E12_5,ST_DEV_E11_5_E12_5__row_softmax__e0p5__tnone,row_softmax,0.5,,epsilon_scan,2,R,post-review sensitivity analysis,PLANNED
Stereo-seq,ST_DEV_E11_5_E12_5,cross_stage,Stereo-seq::shared_developmental_series,forward,ST_DEV_E11_5_E12_5,ST_DEV_E11_5_E12_5__row_softmax__e0p5__tnone,row_softmax,0.5,,epsilon_scan,2,N,post-review sensitivity analysis,PLANNED
Stereo-seq,ST_DEV_E11_5_E12_5,cross_stage,Stereo-seq::shared_developmental_series,reverse,ST_DEV_E11_5_E12_5__reverse,ST_DEV_E11_5_E12_5__reverse__balanced_ot__e0p1__tnone,balanced_ot,0.1,,epsilon_scan,0,R,post-review sensitivity analysis,PLANNED
Stereo-seq,ST_DEV_E11_5_E12_5,cross_stage,Stereo-seq::shared_developmental_series,reverse,ST_DEV_E11_5_E12_5__reverse,ST_DEV_E11_5_E12_5__reverse__balanced_ot__e0p1__tnone,balanced_ot,0.1,,epsilon_scan,0,N,post-review sensitivity analysis,PLANNED
Stereo-seq,ST_DEV_E11_5_E12_5,cross_stage,Stereo-seq::shared_developmental_series,reverse,ST_DEV_E11_5_E12_5__reverse,ST_DEV_E11_5_E12_5__reverse__balanced_ot__e0p25__tnone,balanced_ot,0.25,,baseline,1,R,post-review sensitivity analysis,PLANNED
Stereo-seq,ST_DEV_E11_5_E12_5,cross_stage,Stereo-seq::shared_developmental_series,reverse,ST_DEV_E11_5_E12_5__reverse,ST_DEV_E11_5_E12_5__reverse__balanced_ot__e0p25__tnone,balanced_ot,0.25,,baseline,1,N,post-review sensitivity analysis,PLANNED
Stereo-seq,ST_DEV_E11_5_E12_5,cross_stage,Stereo-seq::shared_developmental_series,reverse,ST_DEV_E11_5_E12_5__reverse,ST_DEV_E11_5_E12_5__reverse__balanced_ot__e0p25__tnone,balanced_ot,0.25,,baseline,1,S,post-review sensitivity analysis,PLANNED_EQUIVALENCE_ONLY
Stereo-seq,ST_DEV_E11_5_E12_5,cross_stage,Stereo-seq::shared_developmental_series,reverse,ST_DEV_E11_5_E12_5__reverse,ST_DEV_E11_5_E12_5__reverse__balanced_ot__e0p5__tnone,balanced_ot,0.5,,epsilon_scan,2,R,post-review sensitivity analysis,PLANNED
Stereo-seq,ST_DEV_E11_5_E12_5,cross_stage,Stereo-seq::shared_developmental_series,reverse,ST_DEV_E11_5_E12_5__reverse,ST_DEV_E11_5_E12_5__reverse__balanced_ot__e0p5__tnone,balanced_ot,0.5,,epsilon_scan,2,N,post-review sensitivity analysis,PLANNED
Stereo-seq,ST_DEV_E11_5_E12_5,cross_stage,Stereo-seq::shared_developmental_series,reverse,ST_DEV_E11_5_E12_5__reverse,ST_DEV_E11_5_E12_5__reverse__uot__e0p1__t2p0,uot,0.1,2.0,epsilon_scan,0,R,post-review sensitivity analysis,PLANNED
Stereo-seq,ST_DEV_E11_5_E12_5,cross_stage,Stereo-seq::shared_developmental_series,reverse,ST_DEV_E11_5_E12_5__reverse,ST_DEV_E11_5_E12_5__reverse__uot__e0p1__t2p0,uot,0.1,2.0,epsilon_scan,0,N,post-review sensitivity analysis,PLANNED
Stereo-seq,ST_DEV_E11_5_E12_5,cross_stage,Stereo-seq::shared_developmental_series,reverse,ST_DEV_E11_5_E12_5__reverse,ST_DEV_E11_5_E12_5__reverse__uot__e0p25__t2p0,uot,0.25,2.0,baseline,1,R,post-review sensitivity analysis,PLANNED
Stereo-seq,ST_DEV_E11_5_E12_5,cross_stage,Stereo-seq::shared_developmental_series,reverse,ST_DEV_E11_5_E12_5__reverse,ST_DEV_E11_5_E12_5__reverse__uot__e0p25__t2p0,uot,0.25,2.0,baseline,1,N,post-review sensitivity analysis,PLANNED
Stereo-seq,ST_DEV_E11_5_E12_5,cross_stage,Stereo-seq::shared_developmental_series,reverse,ST_DEV_E11_5_E12_5__reverse,ST_DEV_E11_5_E12_5__reverse__uot__e0p25__t2p0,uot,0.25,2.0,baseline,1,S,post-review sensitivity analysis,PLANNED_EQUIVALENCE_ONLY
Stereo-seq,ST_DEV_E11_5_E12_5,cross_stage,Stereo-seq::shared_developmental_series,reverse,ST_DEV_E11_5_E12_5__reverse,ST_DEV_E11_5_E12_5__reverse__uot__e0p5__t2p0,uot,0.5,2.0,epsilon_scan,2,R,post-review sensitivity analysis,PLANNED
Stereo-seq,ST_DEV_E11_5_E12_5,cross_stage,Stereo-seq::shared_developmental_series,reverse,ST_DEV_E11_5_E12_5__reverse,ST_DEV_E11_5_E12_5__reverse__uot__e0p5__t2p0,uot,0.5,2.0,epsilon_scan,2,N,post-review sensitivity analysis,PLANNED
Stereo-seq,ST_DEV_E11_5_E12_5,cross_stage,Stereo-seq::shared_developmental_series,reverse,ST_DEV_E11_5_E12_5__reverse,ST_DEV_E11_5_E12_5__reverse__uot__e0p25__t1p0,uot,0.25,1.0,tau_scan,3,R,post-review sensitivity analysis,PLANNED
Stereo-seq,ST_DEV_E11_5_E12_5,cross_stage,Stereo-seq::shared_developmental_series,reverse,ST_DEV_E11_5_E12_5__reverse,ST_DEV_E11_5_E12_5__reverse__uot__e0p25__t1p0,uot,0.25,1.0,tau_scan,3,N,post-review sensitivity analysis,PLANNED
Stereo-seq,ST_DEV_E11_5_E12_5,cross_stage,Stereo-seq::shared_developmental_series,reverse,ST_DEV_E11_5_E12_5__reverse,ST_DEV_E11_5_E12_5__reverse__uot__e0p25__t5p0,uot,0.25,5.0,tau_scan,4,R,post-review sensitivity analysis,PLANNED
Stereo-seq,ST_DEV_E11_5_E12_5,cross_stage,Stereo-seq::shared_developmental_series,reverse,ST_DEV_E11_5_E12_5__reverse,ST_DEV_E11_5_E12_5__reverse__uot__e0p25__t5p0,uot,0.25,5.0,tau_scan,4,N,post-review sensitivity analysis,PLANNED
Stereo-seq,ST_DEV_E11_5_E12_5,cross_stage,Stereo-seq::shared_developmental_series,reverse,ST_DEV_E11_5_E12_5__reverse,ST_DEV_E11_5_E12_5__reverse__uot__e0p1__t1p0,uot,0.1,1.0,interaction_corner,5,R,post-review sensitivity analysis,PLANNED
Stereo-seq,ST_DEV_E11_5_E12_5,cross_stage,Stereo-seq::shared_developmental_series,reverse,ST_DEV_E11_5_E12_5__reverse,ST_DEV_E11_5_E12_5__reverse__uot__e0p1__t1p0,uot,0.1,1.0,interaction_corner,5,N,post-review sensitivity analysis,PLANNED
Stereo-seq,ST_DEV_E11_5_E12_5,cross_stage,Stereo-seq::shared_developmental_series,reverse,ST_DEV_E11_5_E12_5__reverse,ST_DEV_E11_5_E12_5__reverse__uot__e0p1__t5p0,uot,0.1,5.0,interaction_corner,6,R,post-review sensitivity analysis,PLANNED
Stereo-seq,ST_DEV_E11_5_E12_5,cross_stage,Stereo-seq::shared_developmental_series,reverse,ST_DEV_E11_5_E12_5__reverse,ST_DEV_E11_5_E12_5__reverse__uot__e0p1__t5p0,uot,0.1,5.0,interaction_corner,6,N,post-review sensitivity analysis,PLANNED
Stereo-seq,ST_DEV_E11_5_E12_5,cross_stage,Stereo-seq::shared_developmental_series,reverse,ST_DEV_E11_5_E12_5__reverse,ST_DEV_E11_5_E12_5__reverse__uot__e0p5__t1p0,uot,0.5,1.0,interaction_corner,7,R,post-review sensitivity analysis,PLANNED
Stereo-seq,ST_DEV_E11_5_E12_5,cross_stage,Stereo-seq::shared_developmental_series,reverse,ST_DEV_E11_5_E12_5__reverse,ST_DEV_E11_5_E12_5__reverse__uot__e0p5__t1p0,uot,0.5,1.0,interaction_corner,7,N,post-review sensitivity analysis,PLANNED
Stereo-seq,ST_DEV_E11_5_E12_5,cross_stage,Stereo-seq::shared_developmental_series,reverse,ST_DEV_E11_5_E12_5__reverse,ST_DEV_E11_5_E12_5__reverse__uot__e0p5__t5p0,uot,0.5,5.0,interaction_corner,8,R,post-review sensitivity analysis,PLANNED
Stereo-seq,ST_DEV_E11_5_E12_5,cross_stage,Stereo-seq::shared_developmental_series,reverse,ST_DEV_E11_5_E12_5__reverse,ST_DEV_E11_5_E12_5__reverse__uot__e0p5__t5p0,uot,0.5,5.0,interaction_corner,8,N,post-review sensitivity analysis,PLANNED
Stereo-seq,ST_DEV_E11_5_E12_5,cross_stage,Stereo-seq::shared_developmental_series,reverse,ST_DEV_E11_5_E12_5__reverse,ST_DEV_E11_5_E12_5__reverse__row_softmax__e0p1__tnone,row_softmax,0.1,,epsilon_scan,0,R,post-review sensitivity analysis,PLANNED
Stereo-seq,ST_DEV_E11_5_E12_5,cross_stage,Stereo-seq::shared_developmental_series,reverse,ST_DEV_E11_5_E12_5__reverse,ST_DEV_E11_5_E12_5__reverse__row_softmax__e0p1__tnone,row_softmax,0.1,,epsilon_scan,0,N,post-review sensitivity analysis,PLANNED
Stereo-seq,ST_DEV_E11_5_E12_5,cross_stage,Stereo-seq::shared_developmental_series,reverse,ST_DEV_E11_5_E12_5__reverse,ST_DEV_E11_5_E12_5__reverse__row_softmax__e0p25__tnone,row_softmax,0.25,,baseline,1,R,post-review sensitivity analysis,PLANNED
Stereo-seq,ST_DEV_E11_5_E12_5,cross_stage,Stereo-seq::shared_developmental_series,reverse,ST_DEV_E11_5_E12_5__reverse,ST_DEV_E11_5_E12_5__reverse__row_softmax__e0p25__tnone,row_softmax,0.25,,baseline,1,N,post-review sensitivity analysis,PLANNED
Stereo-seq,ST_DEV_E11_5_E12_5,cross_stage,Stereo-seq::shared_developmental_series,reverse,ST_DEV_E11_5_E12_5__reverse,ST_DEV_E11_5_E12_5__reverse__row_softmax__e0p25__tnone,row_softmax,0.25,,baseline,1,S,post-review sensitivity analysis,PLANNED_EQUIVALENCE_ONLY
Stereo-seq,ST_DEV_E11_5_E12_5,cross_stage,Stereo-seq::shared_developmental_series,reverse,ST_DEV_E11_5_E12_5__reverse,ST_DEV_E11_5_E12_5__reverse__row_softmax__e0p5__tnone,row_softmax,0.5,,epsilon_scan,2,R,post-review sensitivity analysis,PLANNED
Stereo-seq,ST_DEV_E11_5_E12_5,cross_stage,Stereo-seq::shared_developmental_series,reverse,ST_DEV_E11_5_E12_5__reverse,ST_DEV_E11_5_E12_5__reverse__row_softmax__e0p5__tnone,row_softmax,0.5,,epsilon_scan,2,N,post-review sensitivity analysis,PLANNED
Stereo-seq,ST_DEV_E12_5_E13_5,cross_stage,Stereo-seq::shared_developmental_series,forward,ST_DEV_E12_5_E13_5,ST_DEV_E12_5_E13_5__balanced_ot__e0p1__tnone,balanced_ot,0.1,,epsilon_scan,0,R,post-review sensitivity analysis,PLANNED
Stereo-seq,ST_DEV_E12_5_E13_5,cross_stage,Stereo-seq::shared_developmental_series,forward,ST_DEV_E12_5_E13_5,ST_DEV_E12_5_E13_5__balanced_ot__e0p1__tnone,balanced_ot,0.1,,epsilon_scan,0,N,post-review sensitivity analysis,PLANNED
Stereo-seq,ST_DEV_E12_5_E13_5,cross_stage,Stereo-seq::shared_developmental_series,forward,ST_DEV_E12_5_E13_5,ST_DEV_E12_5_E13_5__balanced_ot__e0p25__tnone,balanced_ot,0.25,,baseline,1,R,post-review sensitivity analysis,PLANNED
Stereo-seq,ST_DEV_E12_5_E13_5,cross_stage,Stereo-seq::shared_developmental_series,forward,ST_DEV_E12_5_E13_5,ST_DEV_E12_5_E13_5__balanced_ot__e0p25__tnone,balanced_ot,0.25,,baseline,1,N,post-review sensitivity analysis,PLANNED
Stereo-seq,ST_DEV_E12_5_E13_5,cross_stage,Stereo-seq::shared_developmental_series,forward,ST_DEV_E12_5_E13_5,ST_DEV_E12_5_E13_5__balanced_ot__e0p25__tnone,balanced_ot,0.25,,baseline,1,S,post-review sensitivity analysis,PLANNED_EQUIVALENCE_ONLY
Stereo-seq,ST_DEV_E12_5_E13_5,cross_stage,Stereo-seq::shared_developmental_series,forward,ST_DEV_E12_5_E13_5,ST_DEV_E12_5_E13_5__balanced_ot__e0p5__tnone,balanced_ot,0.5,,epsilon_scan,2,R,post-review sensitivity analysis,PLANNED
Stereo-seq,ST_DEV_E12_5_E13_5,cross_stage,Stereo-seq::shared_developmental_series,forward,ST_DEV_E12_5_E13_5,ST_DEV_E12_5_E13_5__balanced_ot__e0p5__tnone,balanced_ot,0.5,,epsilon_scan,2,N,post-review sensitivity analysis,PLANNED
Stereo-seq,ST_DEV_E12_5_E13_5,cross_stage,Stereo-seq::shared_developmental_series,forward,ST_DEV_E12_5_E13_5,ST_DEV_E12_5_E13_5__uot__e0p1__t2p0,uot,0.1,2.0,epsilon_scan,0,R,post-review sensitivity analysis,PLANNED
Stereo-seq,ST_DEV_E12_5_E13_5,cross_stage,Stereo-seq::shared_developmental_series,forward,ST_DEV_E12_5_E13_5,ST_DEV_E12_5_E13_5__uot__e0p1__t2p0,uot,0.1,2.0,epsilon_scan,0,N,post-review sensitivity analysis,PLANNED
Stereo-seq,ST_DEV_E12_5_E13_5,cross_stage,Stereo-seq::shared_developmental_series,forward,ST_DEV_E12_5_E13_5,ST_DEV_E12_5_E13_5__uot__e0p25__t2p0,uot,0.25,2.0,baseline,1,R,post-review sensitivity analysis,PLANNED
Stereo-seq,ST_DEV_E12_5_E13_5,cross_stage,Stereo-seq::shared_developmental_series,forward,ST_DEV_E12_5_E13_5,ST_DEV_E12_5_E13_5__uot__e0p25__t2p0,uot,0.25,2.0,baseline,1,N,post-review sensitivity analysis,PLANNED
Stereo-seq,ST_DEV_E12_5_E13_5,cross_stage,Stereo-seq::shared_developmental_series,forward,ST_DEV_E12_5_E13_5,ST_DEV_E12_5_E13_5__uot__e0p25__t2p0,uot,0.25,2.0,baseline,1,S,post-review sensitivity analysis,PLANNED_EQUIVALENCE_ONLY
Stereo-seq,ST_DEV_E12_5_E13_5,cross_stage,Stereo-seq::shared_developmental_series,forward,ST_DEV_E12_5_E13_5,ST_DEV_E12_5_E13_5__uot__e0p5__t2p0,uot,0.5,2.0,epsilon_scan,2,R,post-review sensitivity analysis,PLANNED
Stereo-seq,ST_DEV_E12_5_E13_5,cross_stage,Stereo-seq::shared_developmental_series,forward,ST_DEV_E12_5_E13_5,ST_DEV_E12_5_E13_5__uot__e0p5__t2p0,uot,0.5,2.0,epsilon_scan,2,N,post-review sensitivity analysis,PLANNED
Stereo-seq,ST_DEV_E12_5_E13_5,cross_stage,Stereo-seq::shared_developmental_series,forward,ST_DEV_E12_5_E13_5,ST_DEV_E12_5_E13_5__uot__e0p25__t1p0,uot,0.25,1.0,tau_scan,3,R,post-review sensitivity analysis,PLANNED
Stereo-seq,ST_DEV_E12_5_E13_5,cross_stage,Stereo-seq::shared_developmental_series,forward,ST_DEV_E12_5_E13_5,ST_DEV_E12_5_E13_5__uot__e0p25__t1p0,uot,0.25,1.0,tau_scan,3,N,post-review sensitivity analysis,PLANNED
Stereo-seq,ST_DEV_E12_5_E13_5,cross_stage,Stereo-seq::shared_developmental_series,forward,ST_DEV_E12_5_E13_5,ST_DEV_E12_5_E13_5__uot__e0p25__t5p0,uot,0.25,5.0,tau_scan,4,R,post-review sensitivity analysis,PLANNED
Stereo-seq,ST_DEV_E12_5_E13_5,cross_stage,Stereo-seq::shared_developmental_series,forward,ST_DEV_E12_5_E13_5,ST_DEV_E12_5_E13_5__uot__e0p25__t5p0,uot,0.25,5.0,tau_scan,4,N,post-review sensitivity analysis,PLANNED
Stereo-seq,ST_DEV_E12_5_E13_5,cross_stage,Stereo-seq::shared_developmental_series,forward,ST_DEV_E12_5_E13_5,ST_DEV_E12_5_E13_5__uot__e0p1__t1p0,uot,0.1,1.0,interaction_corner,5,R,post-review sensitivity analysis,PLANNED
Stereo-seq,ST_DEV_E12_5_E13_5,cross_stage,Stereo-seq::shared_developmental_series,forward,ST_DEV_E12_5_E13_5,ST_DEV_E12_5_E13_5__uot__e0p1__t1p0,uot,0.1,1.0,interaction_corner,5,N,post-review sensitivity analysis,PLANNED
Stereo-seq,ST_DEV_E12_5_E13_5,cross_stage,Stereo-seq::shared_developmental_series,forward,ST_DEV_E12_5_E13_5,ST_DEV_E12_5_E13_5__uot__e0p1__t5p0,uot,0.1,5.0,interaction_corner,6,R,post-review sensitivity analysis,PLANNED
Stereo-seq,ST_DEV_E12_5_E13_5,cross_stage,Stereo-seq::shared_developmental_series,forward,ST_DEV_E12_5_E13_5,ST_DEV_E12_5_E13_5__uot__e0p1__t5p0,uot,0.1,5.0,interaction_corner,6,N,post-review sensitivity analysis,PLANNED
Stereo-seq,ST_DEV_E12_5_E13_5,cross_stage,Stereo-seq::shared_developmental_series,forward,ST_DEV_E12_5_E13_5,ST_DEV_E12_5_E13_5__uot__e0p5__t1p0,uot,0.5,1.0,interaction_corner,7,R,post-review sensitivity analysis,PLANNED
Stereo-seq,ST_DEV_E12_5_E13_5,cross_stage,Stereo-seq::shared_developmental_series,forward,ST_DEV_E12_5_E13_5,ST_DEV_E12_5_E13_5__uot__e0p5__t1p0,uot,0.5,1.0,interaction_corner,7,N,post-review sensitivity analysis,PLANNED
Stereo-seq,ST_DEV_E12_5_E13_5,cross_stage,Stereo-seq::shared_developmental_series,forward,ST_DEV_E12_5_E13_5,ST_DEV_E12_5_E13_5__uot__e0p5__t5p0,uot,0.5,5.0,interaction_corner,8,R,post-review sensitivity analysis,PLANNED
Stereo-seq,ST_DEV_E12_5_E13_5,cross_stage,Stereo-seq::shared_developmental_series,forward,ST_DEV_E12_5_E13_5,ST_DEV_E12_5_E13_5__uot__e0p5__t5p0,uot,0.5,5.0,interaction_corner,8,N,post-review sensitivity analysis,PLANNED
Stereo-seq,ST_DEV_E12_5_E13_5,cross_stage,Stereo-seq::shared_developmental_series,forward,ST_DEV_E12_5_E13_5,ST_DEV_E12_5_E13_5__row_softmax__e0p1__tnone,row_softmax,0.1,,epsilon_scan,0,R,post-review sensitivity analysis,PLANNED
Stereo-seq,ST_DEV_E12_5_E13_5,cross_stage,Stereo-seq::shared_developmental_series,forward,ST_DEV_E12_5_E13_5,ST_DEV_E12_5_E13_5__row_softmax__e0p1__tnone,row_softmax,0.1,,epsilon_scan,0,N,post-review sensitivity analysis,PLANNED
Stereo-seq,ST_DEV_E12_5_E13_5,cross_stage,Stereo-seq::shared_developmental_series,forward,ST_DEV_E12_5_E13_5,ST_DEV_E12_5_E13_5__row_softmax__e0p25__tnone,row_softmax,0.25,,baseline,1,R,post-review sensitivity analysis,PLANNED
Stereo-seq,ST_DEV_E12_5_E13_5,cross_stage,Stereo-seq::shared_developmental_series,forward,ST_DEV_E12_5_E13_5,ST_DEV_E12_5_E13_5__row_softmax__e0p25__tnone,row_softmax,0.25,,baseline,1,N,post-review sensitivity analysis,PLANNED
Stereo-seq,ST_DEV_E12_5_E13_5,cross_stage,Stereo-seq::shared_developmental_series,forward,ST_DEV_E12_5_E13_5,ST_DEV_E12_5_E13_5__row_softmax__e0p25__tnone,row_softmax,0.25,,baseline,1,S,post-review sensitivity analysis,PLANNED_EQUIVALENCE_ONLY
Stereo-seq,ST_DEV_E12_5_E13_5,cross_stage,Stereo-seq::shared_developmental_series,forward,ST_DEV_E12_5_E13_5,ST_DEV_E12_5_E13_5__row_softmax__e0p5__tnone,row_softmax,0.5,,epsilon_scan,2,R,post-review sensitivity analysis,PLANNED
Stereo-seq,ST_DEV_E12_5_E13_5,cross_stage,Stereo-seq::shared_developmental_series,forward,ST_DEV_E12_5_E13_5,ST_DEV_E12_5_E13_5__row_softmax__e0p5__tnone,row_softmax,0.5,,epsilon_scan,2,N,post-review sensitivity analysis,PLANNED
Stereo-seq,ST_DEV_E12_5_E13_5,cross_stage,Stereo-seq::shared_developmental_series,reverse,ST_DEV_E12_5_E13_5__reverse,ST_DEV_E12_5_E13_5__reverse__balanced_ot__e0p1__tnone,balanced_ot,0.1,,epsilon_scan,0,R,post-review sensitivity analysis,PLANNED
Stereo-seq,ST_DEV_E12_5_E13_5,cross_stage,Stereo-seq::shared_developmental_series,reverse,ST_DEV_E12_5_E13_5__reverse,ST_DEV_E12_5_E13_5__reverse__balanced_ot__e0p1__tnone,balanced_ot,0.1,,epsilon_scan,0,N,post-review sensitivity analysis,PLANNED
Stereo-seq,ST_DEV_E12_5_E13_5,cross_stage,Stereo-seq::shared_developmental_series,reverse,ST_DEV_E12_5_E13_5__reverse,ST_DEV_E12_5_E13_5__reverse__balanced_ot__e0p25__tnone,balanced_ot,0.25,,baseline,1,R,post-review sensitivity analysis,PLANNED
Stereo-seq,ST_DEV_E12_5_E13_5,cross_stage,Stereo-seq::shared_developmental_series,reverse,ST_DEV_E12_5_E13_5__reverse,ST_DEV_E12_5_E13_5__reverse__balanced_ot__e0p25__tnone,balanced_ot,0.25,,baseline,1,N,post-review sensitivity analysis,PLANNED
Stereo-seq,ST_DEV_E12_5_E13_5,cross_stage,Stereo-seq::shared_developmental_series,reverse,ST_DEV_E12_5_E13_5__reverse,ST_DEV_E12_5_E13_5__reverse__balanced_ot__e0p25__tnone,balanced_ot,0.25,,baseline,1,S,post-review sensitivity analysis,PLANNED_EQUIVALENCE_ONLY
Stereo-seq,ST_DEV_E12_5_E13_5,cross_stage,Stereo-seq::shared_developmental_series,reverse,ST_DEV_E12_5_E13_5__reverse,ST_DEV_E12_5_E13_5__reverse__balanced_ot__e0p5__tnone,balanced_ot,0.5,,epsilon_scan,2,R,post-review sensitivity analysis,PLANNED
Stereo-seq,ST_DEV_E12_5_E13_5,cross_stage,Stereo-seq::shared_developmental_series,reverse,ST_DEV_E12_5_E13_5__reverse,ST_DEV_E12_5_E13_5__reverse__balanced_ot__e0p5__tnone,balanced_ot,0.5,,epsilon_scan,2,N,post-review sensitivity analysis,PLANNED
Stereo-seq,ST_DEV_E12_5_E13_5,cross_stage,Stereo-seq::shared_developmental_series,reverse,ST_DEV_E12_5_E13_5__reverse,ST_DEV_E12_5_E13_5__reverse__uot__e0p1__t2p0,uot,0.1,2.0,epsilon_scan,0,R,post-review sensitivity analysis,PLANNED
Stereo-seq,ST_DEV_E12_5_E13_5,cross_stage,Stereo-seq::shared_developmental_series,reverse,ST_DEV_E12_5_E13_5__reverse,ST_DEV_E12_5_E13_5__reverse__uot__e0p1__t2p0,uot,0.1,2.0,epsilon_scan,0,N,post-review sensitivity analysis,PLANNED
Stereo-seq,ST_DEV_E12_5_E13_5,cross_stage,Stereo-seq::shared_developmental_series,reverse,ST_DEV_E12_5_E13_5__reverse,ST_DEV_E12_5_E13_5__reverse__uot__e0p25__t2p0,uot,0.25,2.0,baseline,1,R,post-review sensitivity analysis,PLANNED
Stereo-seq,ST_DEV_E12_5_E13_5,cross_stage,Stereo-seq::shared_developmental_series,reverse,ST_DEV_E12_5_E13_5__reverse,ST_DEV_E12_5_E13_5__reverse__uot__e0p25__t2p0,uot,0.25,2.0,baseline,1,N,post-review sensitivity analysis,PLANNED
Stereo-seq,ST_DEV_E12_5_E13_5,cross_stage,Stereo-seq::shared_developmental_series,reverse,ST_DEV_E12_5_E13_5__reverse,ST_DEV_E12_5_E13_5__reverse__uot__e0p25__t2p0,uot,0.25,2.0,baseline,1,S,post-review sensitivity analysis,PLANNED_EQUIVALENCE_ONLY
Stereo-seq,ST_DEV_E12_5_E13_5,cross_stage,Stereo-seq::shared_developmental_series,reverse,ST_DEV_E12_5_E13_5__reverse,ST_DEV_E12_5_E13_5__reverse__uot__e0p5__t2p0,uot,0.5,2.0,epsilon_scan,2,R,post-review sensitivity analysis,PLANNED
Stereo-seq,ST_DEV_E12_5_E13_5,cross_stage,Stereo-seq::shared_developmental_series,reverse,ST_DEV_E12_5_E13_5__reverse,ST_DEV_E12_5_E13_5__reverse__uot__e0p5__t2p0,uot,0.5,2.0,epsilon_scan,2,N,post-review sensitivity analysis,PLANNED
Stereo-seq,ST_DEV_E12_5_E13_5,cross_stage,Stereo-seq::shared_developmental_series,reverse,ST_DEV_E12_5_E13_5__reverse,ST_DEV_E12_5_E13_5__reverse__uot__e0p25__t1p0,uot,0.25,1.0,tau_scan,3,R,post-review sensitivity analysis,PLANNED
Stereo-seq,ST_DEV_E12_5_E13_5,cross_stage,Stereo-seq::shared_developmental_series,reverse,ST_DEV_E12_5_E13_5__reverse,ST_DEV_E12_5_E13_5__reverse__uot__e0p25__t1p0,uot,0.25,1.0,tau_scan,3,N,post-review sensitivity analysis,PLANNED
Stereo-seq,ST_DEV_E12_5_E13_5,cross_stage,Stereo-seq::shared_developmental_series,reverse,ST_DEV_E12_5_E13_5__reverse,ST_DEV_E12_5_E13_5__reverse__uot__e0p25__t5p0,uot,0.25,5.0,tau_scan,4,R,post-review sensitivity analysis,PLANNED
Stereo-seq,ST_DEV_E12_5_E13_5,cross_stage,Stereo-seq::shared_developmental_series,reverse,ST_DEV_E12_5_E13_5__reverse,ST_DEV_E12_5_E13_5__reverse__uot__e0p25__t5p0,uot,0.25,5.0,tau_scan,4,N,post-review sensitivity analysis,PLANNED
Stereo-seq,ST_DEV_E12_5_E13_5,cross_stage,Stereo-seq::shared_developmental_series,reverse,ST_DEV_E12_5_E13_5__reverse,ST_DEV_E12_5_E13_5__reverse__uot__e0p1__t1p0,uot,0.1,1.0,interaction_corner,5,R,post-review sensitivity analysis,PLANNED
Stereo-seq,ST_DEV_E12_5_E13_5,cross_stage,Stereo-seq::shared_developmental_series,reverse,ST_DEV_E12_5_E13_5__reverse,ST_DEV_E12_5_E13_5__reverse__uot__e0p1__t1p0,uot,0.1,1.0,interaction_corner,5,N,post-review sensitivity analysis,PLANNED
Stereo-seq,ST_DEV_E12_5_E13_5,cross_stage,Stereo-seq::shared_developmental_series,reverse,ST_DEV_E12_5_E13_5__reverse,ST_DEV_E12_5_E13_5__reverse__uot__e0p1__t5p0,uot,0.1,5.0,interaction_corner,6,R,post-review sensitivity analysis,PLANNED
Stereo-seq,ST_DEV_E12_5_E13_5,cross_stage,Stereo-seq::shared_developmental_series,reverse,ST_DEV_E12_5_E13_5__reverse,ST_DEV_E12_5_E13_5__reverse__uot__e0p1__t5p0,uot,0.1,5.0,interaction_corner,6,N,post-review sensitivity analysis,PLANNED
Stereo-seq,ST_DEV_E12_5_E13_5,cross_stage,Stereo-seq::shared_developmental_series,reverse,ST_DEV_E12_5_E13_5__reverse,ST_DEV_E12_5_E13_5__reverse__uot__e0p5__t1p0,uot,0.5,1.0,interaction_corner,7,R,post-review sensitivity analysis,PLANNED
Stereo-seq,ST_DEV_E12_5_E13_5,cross_stage,Stereo-seq::shared_developmental_series,reverse,ST_DEV_E12_5_E13_5__reverse,ST_DEV_E12_5_E13_5__reverse__uot__e0p5__t1p0,uot,0.5,1.0,interaction_corner,7,N,post-review sensitivity analysis,PLANNED
Stereo-seq,ST_DEV_E12_5_E13_5,cross_stage,Stereo-seq::shared_developmental_series,reverse,ST_DEV_E12_5_E13_5__reverse,ST_DEV_E12_5_E13_5__reverse__uot__e0p5__t5p0,uot,0.5,5.0,interaction_corner,8,R,post-review sensitivity analysis,PLANNED
Stereo-seq,ST_DEV_E12_5_E13_5,cross_stage,Stereo-seq::shared_developmental_series,reverse,ST_DEV_E12_5_E13_5__reverse,ST_DEV_E12_5_E13_5__reverse__uot__e0p5__t5p0,uot,0.5,5.0,interaction_corner,8,N,post-review sensitivity analysis,PLANNED
Stereo-seq,ST_DEV_E12_5_E13_5,cross_stage,Stereo-seq::shared_developmental_series,reverse,ST_DEV_E12_5_E13_5__reverse,ST_DEV_E12_5_E13_5__reverse__row_softmax__e0p1__tnone,row_softmax,0.1,,epsilon_scan,0,R,post-review sensitivity analysis,PLANNED
Stereo-seq,ST_DEV_E12_5_E13_5,cross_stage,Stereo-seq::shared_developmental_series,reverse,ST_DEV_E12_5_E13_5__reverse,ST_DEV_E12_5_E13_5__reverse__row_softmax__e0p1__tnone,row_softmax,0.1,,epsilon_scan,0,N,post-review sensitivity analysis,PLANNED
Stereo-seq,ST_DEV_E12_5_E13_5,cross_stage,Stereo-seq::shared_developmental_series,reverse,ST_DEV_E12_5_E13_5__reverse,ST_DEV_E12_5_E13_5__reverse__row_softmax__e0p25__tnone,row_softmax,0.25,,baseline,1,R,post-review sensitivity analysis,PLANNED
Stereo-seq,ST_DEV_E12_5_E13_5,cross_stage,Stereo-seq::shared_developmental_series,reverse,ST_DEV_E12_5_E13_5__reverse,ST_DEV_E12_5_E13_5__reverse__row_softmax__e0p25__tnone,row_softmax,0.25,,baseline,1,N,post-review sensitivity analysis,PLANNED
Stereo-seq,ST_DEV_E12_5_E13_5,cross_stage,Stereo-seq::shared_developmental_series,reverse,ST_DEV_E12_5_E13_5__reverse,ST_DEV_E12_5_E13_5__reverse__row_softmax__e0p25__tnone,row_softmax,0.25,,baseline,1,S,post-review sensitivity analysis,PLANNED_EQUIVALENCE_ONLY
Stereo-seq,ST_DEV_E12_5_E13_5,cross_stage,Stereo-seq::shared_developmental_series,reverse,ST_DEV_E12_5_E13_5__reverse,ST_DEV_E12_5_E13_5__reverse__row_softmax__e0p5__tnone,row_softmax,0.5,,epsilon_scan,2,R,post-review sensitivity analysis,PLANNED
Stereo-seq,ST_DEV_E12_5_E13_5,cross_stage,Stereo-seq::shared_developmental_series,reverse,ST_DEV_E12_5_E13_5__reverse,ST_DEV_E12_5_E13_5__reverse__row_softmax__e0p5__tnone,row_softmax,0.5,,epsilon_scan,2,N,post-review sensitivity analysis,PLANNED
Stereo-seq,ST_DEV_E13_5_E14_5,cross_stage,Stereo-seq::shared_developmental_series,forward,ST_DEV_E13_5_E14_5,ST_DEV_E13_5_E14_5__balanced_ot__e0p1__tnone,balanced_ot,0.1,,epsilon_scan,0,R,post-review sensitivity analysis,PLANNED
Stereo-seq,ST_DEV_E13_5_E14_5,cross_stage,Stereo-seq::shared_developmental_series,forward,ST_DEV_E13_5_E14_5,ST_DEV_E13_5_E14_5__balanced_ot__e0p1__tnone,balanced_ot,0.1,,epsilon_scan,0,N,post-review sensitivity analysis,PLANNED
Stereo-seq,ST_DEV_E13_5_E14_5,cross_stage,Stereo-seq::shared_developmental_series,forward,ST_DEV_E13_5_E14_5,ST_DEV_E13_5_E14_5__balanced_ot__e0p25__tnone,balanced_ot,0.25,,baseline,1,R,post-review sensitivity analysis,PLANNED
Stereo-seq,ST_DEV_E13_5_E14_5,cross_stage,Stereo-seq::shared_developmental_series,forward,ST_DEV_E13_5_E14_5,ST_DEV_E13_5_E14_5__balanced_ot__e0p25__tnone,balanced_ot,0.25,,baseline,1,N,post-review sensitivity analysis,PLANNED
Stereo-seq,ST_DEV_E13_5_E14_5,cross_stage,Stereo-seq::shared_developmental_series,forward,ST_DEV_E13_5_E14_5,ST_DEV_E13_5_E14_5__balanced_ot__e0p25__tnone,balanced_ot,0.25,,baseline,1,S,post-review sensitivity analysis,PLANNED_EQUIVALENCE_ONLY
Stereo-seq,ST_DEV_E13_5_E14_5,cross_stage,Stereo-seq::shared_developmental_series,forward,ST_DEV_E13_5_E14_5,ST_DEV_E13_5_E14_5__balanced_ot__e0p5__tnone,balanced_ot,0.5,,epsilon_scan,2,R,post-review sensitivity analysis,PLANNED
Stereo-seq,ST_DEV_E13_5_E14_5,cross_stage,Stereo-seq::shared_developmental_series,forward,ST_DEV_E13_5_E14_5,ST_DEV_E13_5_E14_5__balanced_ot__e0p5__tnone,balanced_ot,0.5,,epsilon_scan,2,N,post-review sensitivity analysis,PLANNED
Stereo-seq,ST_DEV_E13_5_E14_5,cross_stage,Stereo-seq::shared_developmental_series,forward,ST_DEV_E13_5_E14_5,ST_DEV_E13_5_E14_5__uot__e0p1__t2p0,uot,0.1,2.0,epsilon_scan,0,R,post-review sensitivity analysis,PLANNED
Stereo-seq,ST_DEV_E13_5_E14_5,cross_stage,Stereo-seq::shared_developmental_series,forward,ST_DEV_E13_5_E14_5,ST_DEV_E13_5_E14_5__uot__e0p1__t2p0,uot,0.1,2.0,epsilon_scan,0,N,post-review sensitivity analysis,PLANNED
Stereo-seq,ST_DEV_E13_5_E14_5,cross_stage,Stereo-seq::shared_developmental_series,forward,ST_DEV_E13_5_E14_5,ST_DEV_E13_5_E14_5__uot__e0p25__t2p0,uot,0.25,2.0,baseline,1,R,post-review sensitivity analysis,PLANNED
Stereo-seq,ST_DEV_E13_5_E14_5,cross_stage,Stereo-seq::shared_developmental_series,forward,ST_DEV_E13_5_E14_5,ST_DEV_E13_5_E14_5__uot__e0p25__t2p0,uot,0.25,2.0,baseline,1,N,post-review sensitivity analysis,PLANNED
Stereo-seq,ST_DEV_E13_5_E14_5,cross_stage,Stereo-seq::shared_developmental_series,forward,ST_DEV_E13_5_E14_5,ST_DEV_E13_5_E14_5__uot__e0p25__t2p0,uot,0.25,2.0,baseline,1,S,post-review sensitivity analysis,PLANNED_EQUIVALENCE_ONLY
Stereo-seq,ST_DEV_E13_5_E14_5,cross_stage,Stereo-seq::shared_developmental_series,forward,ST_DEV_E13_5_E14_5,ST_DEV_E13_5_E14_5__uot__e0p5__t2p0,uot,0.5,2.0,epsilon_scan,2,R,post-review sensitivity analysis,PLANNED
Stereo-seq,ST_DEV_E13_5_E14_5,cross_stage,Stereo-seq::shared_developmental_series,forward,ST_DEV_E13_5_E14_5,ST_DEV_E13_5_E14_5__uot__e0p5__t2p0,uot,0.5,2.0,epsilon_scan,2,N,post-review sensitivity analysis,PLANNED
Stereo-seq,ST_DEV_E13_5_E14_5,cross_stage,Stereo-seq::shared_developmental_series,forward,ST_DEV_E13_5_E14_5,ST_DEV_E13_5_E14_5__uot__e0p25__t1p0,uot,0.25,1.0,tau_scan,3,R,post-review sensitivity analysis,PLANNED
Stereo-seq,ST_DEV_E13_5_E14_5,cross_stage,Stereo-seq::shared_developmental_series,forward,ST_DEV_E13_5_E14_5,ST_DEV_E13_5_E14_5__uot__e0p25__t1p0,uot,0.25,1.0,tau_scan,3,N,post-review sensitivity analysis,PLANNED
Stereo-seq,ST_DEV_E13_5_E14_5,cross_stage,Stereo-seq::shared_developmental_series,forward,ST_DEV_E13_5_E14_5,ST_DEV_E13_5_E14_5__uot__e0p25__t5p0,uot,0.25,5.0,tau_scan,4,R,post-review sensitivity analysis,PLANNED
Stereo-seq,ST_DEV_E13_5_E14_5,cross_stage,Stereo-seq::shared_developmental_series,forward,ST_DEV_E13_5_E14_5,ST_DEV_E13_5_E14_5__uot__e0p25__t5p0,uot,0.25,5.0,tau_scan,4,N,post-review sensitivity analysis,PLANNED
Stereo-seq,ST_DEV_E13_5_E14_5,cross_stage,Stereo-seq::shared_developmental_series,forward,ST_DEV_E13_5_E14_5,ST_DEV_E13_5_E14_5__uot__e0p1__t1p0,uot,0.1,1.0,interaction_corner,5,R,post-review sensitivity analysis,PLANNED
Stereo-seq,ST_DEV_E13_5_E14_5,cross_stage,Stereo-seq::shared_developmental_series,forward,ST_DEV_E13_5_E14_5,ST_DEV_E13_5_E14_5__uot__e0p1__t1p0,uot,0.1,1.0,interaction_corner,5,N,post-review sensitivity analysis,PLANNED
Stereo-seq,ST_DEV_E13_5_E14_5,cross_stage,Stereo-seq::shared_developmental_series,forward,ST_DEV_E13_5_E14_5,ST_DEV_E13_5_E14_5__uot__e0p1__t5p0,uot,0.1,5.0,interaction_corner,6,R,post-review sensitivity analysis,PLANNED
Stereo-seq,ST_DEV_E13_5_E14_5,cross_stage,Stereo-seq::shared_developmental_series,forward,ST_DEV_E13_5_E14_5,ST_DEV_E13_5_E14_5__uot__e0p1__t5p0,uot,0.1,5.0,interaction_corner,6,N,post-review sensitivity analysis,PLANNED
Stereo-seq,ST_DEV_E13_5_E14_5,cross_stage,Stereo-seq::shared_developmental_series,forward,ST_DEV_E13_5_E14_5,ST_DEV_E13_5_E14_5__uot__e0p5__t1p0,uot,0.5,1.0,interaction_corner,7,R,post-review sensitivity analysis,PLANNED
Stereo-seq,ST_DEV_E13_5_E14_5,cross_stage,Stereo-seq::shared_developmental_series,forward,ST_DEV_E13_5_E14_5,ST_DEV_E13_5_E14_5__uot__e0p5__t1p0,uot,0.5,1.0,interaction_corner,7,N,post-review sensitivity analysis,PLANNED
Stereo-seq,ST_DEV_E13_5_E14_5,cross_stage,Stereo-seq::shared_developmental_series,forward,ST_DEV_E13_5_E14_5,ST_DEV_E13_5_E14_5__uot__e0p5__t5p0,uot,0.5,5.0,interaction_corner,8,R,post-review sensitivity analysis,PLANNED
Stereo-seq,ST_DEV_E13_5_E14_5,cross_stage,Stereo-seq::shared_developmental_series,forward,ST_DEV_E13_5_E14_5,ST_DEV_E13_5_E14_5__uot__e0p5__t5p0,uot,0.5,5.0,interaction_corner,8,N,post-review sensitivity analysis,PLANNED
Stereo-seq,ST_DEV_E13_5_E14_5,cross_stage,Stereo-seq::shared_developmental_series,forward,ST_DEV_E13_5_E14_5,ST_DEV_E13_5_E14_5__row_softmax__e0p1__tnone,row_softmax,0.1,,epsilon_scan,0,R,post-review sensitivity analysis,PLANNED
Stereo-seq,ST_DEV_E13_5_E14_5,cross_stage,Stereo-seq::shared_developmental_series,forward,ST_DEV_E13_5_E14_5,ST_DEV_E13_5_E14_5__row_softmax__e0p1__tnone,row_softmax,0.1,,epsilon_scan,0,N,post-review sensitivity analysis,PLANNED
Stereo-seq,ST_DEV_E13_5_E14_5,cross_stage,Stereo-seq::shared_developmental_series,forward,ST_DEV_E13_5_E14_5,ST_DEV_E13_5_E14_5__row_softmax__e0p25__tnone,row_softmax,0.25,,baseline,1,R,post-review sensitivity analysis,PLANNED
Stereo-seq,ST_DEV_E13_5_E14_5,cross_stage,Stereo-seq::shared_developmental_series,forward,ST_DEV_E13_5_E14_5,ST_DEV_E13_5_E14_5__row_softmax__e0p25__tnone,row_softmax,0.25,,baseline,1,N,post-review sensitivity analysis,PLANNED
Stereo-seq,ST_DEV_E13_5_E14_5,cross_stage,Stereo-seq::shared_developmental_series,forward,ST_DEV_E13_5_E14_5,ST_DEV_E13_5_E14_5__row_softmax__e0p25__tnone,row_softmax,0.25,,baseline,1,S,post-review sensitivity analysis,PLANNED_EQUIVALENCE_ONLY
Stereo-seq,ST_DEV_E13_5_E14_5,cross_stage,Stereo-seq::shared_developmental_series,forward,ST_DEV_E13_5_E14_5,ST_DEV_E13_5_E14_5__row_softmax__e0p5__tnone,row_softmax,0.5,,epsilon_scan,2,R,post-review sensitivity analysis,PLANNED
Stereo-seq,ST_DEV_E13_5_E14_5,cross_stage,Stereo-seq::shared_developmental_series,forward,ST_DEV_E13_5_E14_5,ST_DEV_E13_5_E14_5__row_softmax__e0p5__tnone,row_softmax,0.5,,epsilon_scan,2,N,post-review sensitivity analysis,PLANNED
Stereo-seq,ST_DEV_E13_5_E14_5,cross_stage,Stereo-seq::shared_developmental_series,reverse,ST_DEV_E13_5_E14_5__reverse,ST_DEV_E13_5_E14_5__reverse__balanced_ot__e0p1__tnone,balanced_ot,0.1,,epsilon_scan,0,R,post-review sensitivity analysis,PLANNED
Stereo-seq,ST_DEV_E13_5_E14_5,cross_stage,Stereo-seq::shared_developmental_series,reverse,ST_DEV_E13_5_E14_5__reverse,ST_DEV_E13_5_E14_5__reverse__balanced_ot__e0p1__tnone,balanced_ot,0.1,,epsilon_scan,0,N,post-review sensitivity analysis,PLANNED
Stereo-seq,ST_DEV_E13_5_E14_5,cross_stage,Stereo-seq::shared_developmental_series,reverse,ST_DEV_E13_5_E14_5__reverse,ST_DEV_E13_5_E14_5__reverse__balanced_ot__e0p25__tnone,balanced_ot,0.25,,baseline,1,R,post-review sensitivity analysis,PLANNED
Stereo-seq,ST_DEV_E13_5_E14_5,cross_stage,Stereo-seq::shared_developmental_series,reverse,ST_DEV_E13_5_E14_5__reverse,ST_DEV_E13_5_E14_5__reverse__balanced_ot__e0p25__tnone,balanced_ot,0.25,,baseline,1,N,post-review sensitivity analysis,PLANNED
Stereo-seq,ST_DEV_E13_5_E14_5,cross_stage,Stereo-seq::shared_developmental_series,reverse,ST_DEV_E13_5_E14_5__reverse,ST_DEV_E13_5_E14_5__reverse__balanced_ot__e0p25__tnone,balanced_ot,0.25,,baseline,1,S,post-review sensitivity analysis,PLANNED_EQUIVALENCE_ONLY
Stereo-seq,ST_DEV_E13_5_E14_5,cross_stage,Stereo-seq::shared_developmental_series,reverse,ST_DEV_E13_5_E14_5__reverse,ST_DEV_E13_5_E14_5__reverse__balanced_ot__e0p5__tnone,balanced_ot,0.5,,epsilon_scan,2,R,post-review sensitivity analysis,PLANNED
Stereo-seq,ST_DEV_E13_5_E14_5,cross_stage,Stereo-seq::shared_developmental_series,reverse,ST_DEV_E13_5_E14_5__reverse,ST_DEV_E13_5_E14_5__reverse__balanced_ot__e0p5__tnone,balanced_ot,0.5,,epsilon_scan,2,N,post-review sensitivity analysis,PLANNED
Stereo-seq,ST_DEV_E13_5_E14_5,cross_stage,Stereo-seq::shared_developmental_series,reverse,ST_DEV_E13_5_E14_5__reverse,ST_DEV_E13_5_E14_5__reverse__uot__e0p1__t2p0,uot,0.1,2.0,epsilon_scan,0,R,post-review sensitivity analysis,PLANNED
Stereo-seq,ST_DEV_E13_5_E14_5,cross_stage,Stereo-seq::shared_developmental_series,reverse,ST_DEV_E13_5_E14_5__reverse,ST_DEV_E13_5_E14_5__reverse__uot__e0p1__t2p0,uot,0.1,2.0,epsilon_scan,0,N,post-review sensitivity analysis,PLANNED
Stereo-seq,ST_DEV_E13_5_E14_5,cross_stage,Stereo-seq::shared_developmental_series,reverse,ST_DEV_E13_5_E14_5__reverse,ST_DEV_E13_5_E14_5__reverse__uot__e0p25__t2p0,uot,0.25,2.0,baseline,1,R,post-review sensitivity analysis,PLANNED
Stereo-seq,ST_DEV_E13_5_E14_5,cross_stage,Stereo-seq::shared_developmental_series,reverse,ST_DEV_E13_5_E14_5__reverse,ST_DEV_E13_5_E14_5__reverse__uot__e0p25__t2p0,uot,0.25,2.0,baseline,1,N,post-review sensitivity analysis,PLANNED
Stereo-seq,ST_DEV_E13_5_E14_5,cross_stage,Stereo-seq::shared_developmental_series,reverse,ST_DEV_E13_5_E14_5__reverse,ST_DEV_E13_5_E14_5__reverse__uot__e0p25__t2p0,uot,0.25,2.0,baseline,1,S,post-review sensitivity analysis,PLANNED_EQUIVALENCE_ONLY
Stereo-seq,ST_DEV_E13_5_E14_5,cross_stage,Stereo-seq::shared_developmental_series,reverse,ST_DEV_E13_5_E14_5__reverse,ST_DEV_E13_5_E14_5__reverse__uot__e0p5__t2p0,uot,0.5,2.0,epsilon_scan,2,R,post-review sensitivity analysis,PLANNED
Stereo-seq,ST_DEV_E13_5_E14_5,cross_stage,Stereo-seq::shared_developmental_series,reverse,ST_DEV_E13_5_E14_5__reverse,ST_DEV_E13_5_E14_5__reverse__uot__e0p5__t2p0,uot,0.5,2.0,epsilon_scan,2,N,post-review sensitivity analysis,PLANNED
Stereo-seq,ST_DEV_E13_5_E14_5,cross_stage,Stereo-seq::shared_developmental_series,reverse,ST_DEV_E13_5_E14_5__reverse,ST_DEV_E13_5_E14_5__reverse__uot__e0p25__t1p0,uot,0.25,1.0,tau_scan,3,R,post-review sensitivity analysis,PLANNED
Stereo-seq,ST_DEV_E13_5_E14_5,cross_stage,Stereo-seq::shared_developmental_series,reverse,ST_DEV_E13_5_E14_5__reverse,ST_DEV_E13_5_E14_5__reverse__uot__e0p25__t1p0,uot,0.25,1.0,tau_scan,3,N,post-review sensitivity analysis,PLANNED
Stereo-seq,ST_DEV_E13_5_E14_5,cross_stage,Stereo-seq::shared_developmental_series,reverse,ST_DEV_E13_5_E14_5__reverse,ST_DEV_E13_5_E14_5__reverse__uot__e0p25__t5p0,uot,0.25,5.0,tau_scan,4,R,post-review sensitivity analysis,PLANNED
Stereo-seq,ST_DEV_E13_5_E14_5,cross_stage,Stereo-seq::shared_developmental_series,reverse,ST_DEV_E13_5_E14_5__reverse,ST_DEV_E13_5_E14_5__reverse__uot__e0p25__t5p0,uot,0.25,5.0,tau_scan,4,N,post-review sensitivity analysis,PLANNED
Stereo-seq,ST_DEV_E13_5_E14_5,cross_stage,Stereo-seq::shared_developmental_series,reverse,ST_DEV_E13_5_E14_5__reverse,ST_DEV_E13_5_E14_5__reverse__uot__e0p1__t1p0,uot,0.1,1.0,interaction_corner,5,R,post-review sensitivity analysis,PLANNED
Stereo-seq,ST_DEV_E13_5_E14_5,cross_stage,Stereo-seq::shared_developmental_series,reverse,ST_DEV_E13_5_E14_5__reverse,ST_DEV_E13_5_E14_5__reverse__uot__e0p1__t1p0,uot,0.1,1.0,interaction_corner,5,N,post-review sensitivity analysis,PLANNED
Stereo-seq,ST_DEV_E13_5_E14_5,cross_stage,Stereo-seq::shared_developmental_series,reverse,ST_DEV_E13_5_E14_5__reverse,ST_DEV_E13_5_E14_5__reverse__uot__e0p1__t5p0,uot,0.1,5.0,interaction_corner,6,R,post-review sensitivity analysis,PLANNED
Stereo-seq,ST_DEV_E13_5_E14_5,cross_stage,Stereo-seq::shared_developmental_series,reverse,ST_DEV_E13_5_E14_5__reverse,ST_DEV_E13_5_E14_5__reverse__uot__e0p1__t5p0,uot,0.1,5.0,interaction_corner,6,N,post-review sensitivity analysis,PLANNED
Stereo-seq,ST_DEV_E13_5_E14_5,cross_stage,Stereo-seq::shared_developmental_series,reverse,ST_DEV_E13_5_E14_5__reverse,ST_DEV_E13_5_E14_5__reverse__uot__e0p5__t1p0,uot,0.5,1.0,interaction_corner,7,R,post-review sensitivity analysis,PLANNED
Stereo-seq,ST_DEV_E13_5_E14_5,cross_stage,Stereo-seq::shared_developmental_series,reverse,ST_DEV_E13_5_E14_5__reverse,ST_DEV_E13_5_E14_5__reverse__uot__e0p5__t1p0,uot,0.5,1.0,interaction_corner,7,N,post-review sensitivity analysis,PLANNED
Stereo-seq,ST_DEV_E13_5_E14_5,cross_stage,Stereo-seq::shared_developmental_series,reverse,ST_DEV_E13_5_E14_5__reverse,ST_DEV_E13_5_E14_5__reverse__uot__e0p5__t5p0,uot,0.5,5.0,interaction_corner,8,R,post-review sensitivity analysis,PLANNED
Stereo-seq,ST_DEV_E13_5_E14_5,cross_stage,Stereo-seq::shared_developmental_series,reverse,ST_DEV_E13_5_E14_5__reverse,ST_DEV_E13_5_E14_5__reverse__uot__e0p5__t5p0,uot,0.5,5.0,interaction_corner,8,N,post-review sensitivity analysis,PLANNED
Stereo-seq,ST_DEV_E13_5_E14_5,cross_stage,Stereo-seq::shared_developmental_series,reverse,ST_DEV_E13_5_E14_5__reverse,ST_DEV_E13_5_E14_5__reverse__row_softmax__e0p1__tnone,row_softmax,0.1,,epsilon_scan,0,R,post-review sensitivity analysis,PLANNED
Stereo-seq,ST_DEV_E13_5_E14_5,cross_stage,Stereo-seq::shared_developmental_series,reverse,ST_DEV_E13_5_E14_5__reverse,ST_DEV_E13_5_E14_5__reverse__row_softmax__e0p1__tnone,row_softmax,0.1,,epsilon_scan,0,N,post-review sensitivity analysis,PLANNED
Stereo-seq,ST_DEV_E13_5_E14_5,cross_stage,Stereo-seq::shared_developmental_series,reverse,ST_DEV_E13_5_E14_5__reverse,ST_DEV_E13_5_E14_5__reverse__row_softmax__e0p25__tnone,row_softmax,0.25,,baseline,1,R,post-review sensitivity analysis,PLANNED
Stereo-seq,ST_DEV_E13_5_E14_5,cross_stage,Stereo-seq::shared_developmental_series,reverse,ST_DEV_E13_5_E14_5__reverse,ST_DEV_E13_5_E14_5__reverse__row_softmax__e0p25__tnone,row_softmax,0.25,,baseline,1,N,post-review sensitivity analysis,PLANNED
Stereo-seq,ST_DEV_E13_5_E14_5,cross_stage,Stereo-seq::shared_developmental_series,reverse,ST_DEV_E13_5_E14_5__reverse,ST_DEV_E13_5_E14_5__reverse__row_softmax__e0p25__tnone,row_softmax,0.25,,baseline,1,S,post-review sensitivity analysis,PLANNED_EQUIVALENCE_ONLY
Stereo-seq,ST_DEV_E13_5_E14_5,cross_stage,Stereo-seq::shared_developmental_series,reverse,ST_DEV_E13_5_E14_5__reverse,ST_DEV_E13_5_E14_5__reverse__row_softmax__e0p5__tnone,row_softmax,0.5,,epsilon_scan,2,R,post-review sensitivity analysis,PLANNED
Stereo-seq,ST_DEV_E13_5_E14_5,cross_stage,Stereo-seq::shared_developmental_series,reverse,ST_DEV_E13_5_E14_5__reverse,ST_DEV_E13_5_E14_5__reverse__row_softmax__e0p5__tnone,row_softmax,0.5,,epsilon_scan,2,N,post-review sensitivity analysis,PLANNED
Stereo-seq,ST_DEV_E14_5_E15_5,cross_stage,Stereo-seq::shared_developmental_series,forward,ST_DEV_E14_5_E15_5,ST_DEV_E14_5_E15_5__balanced_ot__e0p1__tnone,balanced_ot,0.1,,epsilon_scan,0,R,post-review sensitivity analysis,PLANNED
Stereo-seq,ST_DEV_E14_5_E15_5,cross_stage,Stereo-seq::shared_developmental_series,forward,ST_DEV_E14_5_E15_5,ST_DEV_E14_5_E15_5__balanced_ot__e0p1__tnone,balanced_ot,0.1,,epsilon_scan,0,N,post-review sensitivity analysis,PLANNED
Stereo-seq,ST_DEV_E14_5_E15_5,cross_stage,Stereo-seq::shared_developmental_series,forward,ST_DEV_E14_5_E15_5,ST_DEV_E14_5_E15_5__balanced_ot__e0p25__tnone,balanced_ot,0.25,,baseline,1,R,post-review sensitivity analysis,PLANNED
Stereo-seq,ST_DEV_E14_5_E15_5,cross_stage,Stereo-seq::shared_developmental_series,forward,ST_DEV_E14_5_E15_5,ST_DEV_E14_5_E15_5__balanced_ot__e0p25__tnone,balanced_ot,0.25,,baseline,1,N,post-review sensitivity analysis,PLANNED
Stereo-seq,ST_DEV_E14_5_E15_5,cross_stage,Stereo-seq::shared_developmental_series,forward,ST_DEV_E14_5_E15_5,ST_DEV_E14_5_E15_5__balanced_ot__e0p25__tnone,balanced_ot,0.25,,baseline,1,S,post-review sensitivity analysis,PLANNED_EQUIVALENCE_ONLY
Stereo-seq,ST_DEV_E14_5_E15_5,cross_stage,Stereo-seq::shared_developmental_series,forward,ST_DEV_E14_5_E15_5,ST_DEV_E14_5_E15_5__balanced_ot__e0p5__tnone,balanced_ot,0.5,,epsilon_scan,2,R,post-review sensitivity analysis,PLANNED
Stereo-seq,ST_DEV_E14_5_E15_5,cross_stage,Stereo-seq::shared_developmental_series,forward,ST_DEV_E14_5_E15_5,ST_DEV_E14_5_E15_5__balanced_ot__e0p5__tnone,balanced_ot,0.5,,epsilon_scan,2,N,post-review sensitivity analysis,PLANNED
Stereo-seq,ST_DEV_E14_5_E15_5,cross_stage,Stereo-seq::shared_developmental_series,forward,ST_DEV_E14_5_E15_5,ST_DEV_E14_5_E15_5__uot__e0p1__t2p0,uot,0.1,2.0,epsilon_scan,0,R,post-review sensitivity analysis,PLANNED
Stereo-seq,ST_DEV_E14_5_E15_5,cross_stage,Stereo-seq::shared_developmental_series,forward,ST_DEV_E14_5_E15_5,ST_DEV_E14_5_E15_5__uot__e0p1__t2p0,uot,0.1,2.0,epsilon_scan,0,N,post-review sensitivity analysis,PLANNED
Stereo-seq,ST_DEV_E14_5_E15_5,cross_stage,Stereo-seq::shared_developmental_series,forward,ST_DEV_E14_5_E15_5,ST_DEV_E14_5_E15_5__uot__e0p25__t2p0,uot,0.25,2.0,baseline,1,R,post-review sensitivity analysis,PLANNED
Stereo-seq,ST_DEV_E14_5_E15_5,cross_stage,Stereo-seq::shared_developmental_series,forward,ST_DEV_E14_5_E15_5,ST_DEV_E14_5_E15_5__uot__e0p25__t2p0,uot,0.25,2.0,baseline,1,N,post-review sensitivity analysis,PLANNED
Stereo-seq,ST_DEV_E14_5_E15_5,cross_stage,Stereo-seq::shared_developmental_series,forward,ST_DEV_E14_5_E15_5,ST_DEV_E14_5_E15_5__uot__e0p25__t2p0,uot,0.25,2.0,baseline,1,S,post-review sensitivity analysis,PLANNED_EQUIVALENCE_ONLY
Stereo-seq,ST_DEV_E14_5_E15_5,cross_stage,Stereo-seq::shared_developmental_series,forward,ST_DEV_E14_5_E15_5,ST_DEV_E14_5_E15_5__uot__e0p5__t2p0,uot,0.5,2.0,epsilon_scan,2,R,post-review sensitivity analysis,PLANNED
Stereo-seq,ST_DEV_E14_5_E15_5,cross_stage,Stereo-seq::shared_developmental_series,forward,ST_DEV_E14_5_E15_5,ST_DEV_E14_5_E15_5__uot__e0p5__t2p0,uot,0.5,2.0,epsilon_scan,2,N,post-review sensitivity analysis,PLANNED
Stereo-seq,ST_DEV_E14_5_E15_5,cross_stage,Stereo-seq::shared_developmental_series,forward,ST_DEV_E14_5_E15_5,ST_DEV_E14_5_E15_5__uot__e0p25__t1p0,uot,0.25,1.0,tau_scan,3,R,post-review sensitivity analysis,PLANNED
Stereo-seq,ST_DEV_E14_5_E15_5,cross_stage,Stereo-seq::shared_developmental_series,forward,ST_DEV_E14_5_E15_5,ST_DEV_E14_5_E15_5__uot__e0p25__t1p0,uot,0.25,1.0,tau_scan,3,N,post-review sensitivity analysis,PLANNED
Stereo-seq,ST_DEV_E14_5_E15_5,cross_stage,Stereo-seq::shared_developmental_series,forward,ST_DEV_E14_5_E15_5,ST_DEV_E14_5_E15_5__uot__e0p25__t5p0,uot,0.25,5.0,tau_scan,4,R,post-review sensitivity analysis,PLANNED
Stereo-seq,ST_DEV_E14_5_E15_5,cross_stage,Stereo-seq::shared_developmental_series,forward,ST_DEV_E14_5_E15_5,ST_DEV_E14_5_E15_5__uot__e0p25__t5p0,uot,0.25,5.0,tau_scan,4,N,post-review sensitivity analysis,PLANNED
Stereo-seq,ST_DEV_E14_5_E15_5,cross_stage,Stereo-seq::shared_developmental_series,forward,ST_DEV_E14_5_E15_5,ST_DEV_E14_5_E15_5__uot__e0p1__t1p0,uot,0.1,1.0,interaction_corner,5,R,post-review sensitivity analysis,PLANNED
Stereo-seq,ST_DEV_E14_5_E15_5,cross_stage,Stereo-seq::shared_developmental_series,forward,ST_DEV_E14_5_E15_5,ST_DEV_E14_5_E15_5__uot__e0p1__t1p0,uot,0.1,1.0,interaction_corner,5,N,post-review sensitivity analysis,PLANNED
Stereo-seq,ST_DEV_E14_5_E15_5,cross_stage,Stereo-seq::shared_developmental_series,forward,ST_DEV_E14_5_E15_5,ST_DEV_E14_5_E15_5__uot__e0p1__t5p0,uot,0.1,5.0,interaction_corner,6,R,post-review sensitivity analysis,PLANNED
Stereo-seq,ST_DEV_E14_5_E15_5,cross_stage,Stereo-seq::shared_developmental_series,forward,ST_DEV_E14_5_E15_5,ST_DEV_E14_5_E15_5__uot__e0p1__t5p0,uot,0.1,5.0,interaction_corner,6,N,post-review sensitivity analysis,PLANNED
Stereo-seq,ST_DEV_E14_5_E15_5,cross_stage,Stereo-seq::shared_developmental_series,forward,ST_DEV_E14_5_E15_5,ST_DEV_E14_5_E15_5__uot__e0p5__t1p0,uot,0.5,1.0,interaction_corner,7,R,post-review sensitivity analysis,PLANNED
Stereo-seq,ST_DEV_E14_5_E15_5,cross_stage,Stereo-seq::shared_developmental_series,forward,ST_DEV_E14_5_E15_5,ST_DEV_E14_5_E15_5__uot__e0p5__t1p0,uot,0.5,1.0,interaction_corner,7,N,post-review sensitivity analysis,PLANNED
Stereo-seq,ST_DEV_E14_5_E15_5,cross_stage,Stereo-seq::shared_developmental_series,forward,ST_DEV_E14_5_E15_5,ST_DEV_E14_5_E15_5__uot__e0p5__t5p0,uot,0.5,5.0,interaction_corner,8,R,post-review sensitivity analysis,PLANNED
Stereo-seq,ST_DEV_E14_5_E15_5,cross_stage,Stereo-seq::shared_developmental_series,forward,ST_DEV_E14_5_E15_5,ST_DEV_E14_5_E15_5__uot__e0p5__t5p0,uot,0.5,5.0,interaction_corner,8,N,post-review sensitivity analysis,PLANNED
Stereo-seq,ST_DEV_E14_5_E15_5,cross_stage,Stereo-seq::shared_developmental_series,forward,ST_DEV_E14_5_E15_5,ST_DEV_E14_5_E15_5__row_softmax__e0p1__tnone,row_softmax,0.1,,epsilon_scan,0,R,post-review sensitivity analysis,PLANNED
Stereo-seq,ST_DEV_E14_5_E15_5,cross_stage,Stereo-seq::shared_developmental_series,forward,ST_DEV_E14_5_E15_5,ST_DEV_E14_5_E15_5__row_softmax__e0p1__tnone,row_softmax,0.1,,epsilon_scan,0,N,post-review sensitivity analysis,PLANNED
Stereo-seq,ST_DEV_E14_5_E15_5,cross_stage,Stereo-seq::shared_developmental_series,forward,ST_DEV_E14_5_E15_5,ST_DEV_E14_5_E15_5__row_softmax__e0p25__tnone,row_softmax,0.25,,baseline,1,R,post-review sensitivity analysis,PLANNED
Stereo-seq,ST_DEV_E14_5_E15_5,cross_stage,Stereo-seq::shared_developmental_series,forward,ST_DEV_E14_5_E15_5,ST_DEV_E14_5_E15_5__row_softmax__e0p25__tnone,row_softmax,0.25,,baseline,1,N,post-review sensitivity analysis,PLANNED
Stereo-seq,ST_DEV_E14_5_E15_5,cross_stage,Stereo-seq::shared_developmental_series,forward,ST_DEV_E14_5_E15_5,ST_DEV_E14_5_E15_5__row_softmax__e0p25__tnone,row_softmax,0.25,,baseline,1,S,post-review sensitivity analysis,PLANNED_EQUIVALENCE_ONLY
Stereo-seq,ST_DEV_E14_5_E15_5,cross_stage,Stereo-seq::shared_developmental_series,forward,ST_DEV_E14_5_E15_5,ST_DEV_E14_5_E15_5__row_softmax__e0p5__tnone,row_softmax,0.5,,epsilon_scan,2,R,post-review sensitivity analysis,PLANNED
Stereo-seq,ST_DEV_E14_5_E15_5,cross_stage,Stereo-seq::shared_developmental_series,forward,ST_DEV_E14_5_E15_5,ST_DEV_E14_5_E15_5__row_softmax__e0p5__tnone,row_softmax,0.5,,epsilon_scan,2,N,post-review sensitivity analysis,PLANNED
Stereo-seq,ST_DEV_E14_5_E15_5,cross_stage,Stereo-seq::shared_developmental_series,reverse,ST_DEV_E14_5_E15_5__reverse,ST_DEV_E14_5_E15_5__reverse__balanced_ot__e0p1__tnone,balanced_ot,0.1,,epsilon_scan,0,R,post-review sensitivity analysis,PLANNED
Stereo-seq,ST_DEV_E14_5_E15_5,cross_stage,Stereo-seq::shared_developmental_series,reverse,ST_DEV_E14_5_E15_5__reverse,ST_DEV_E14_5_E15_5__reverse__balanced_ot__e0p1__tnone,balanced_ot,0.1,,epsilon_scan,0,N,post-review sensitivity analysis,PLANNED
Stereo-seq,ST_DEV_E14_5_E15_5,cross_stage,Stereo-seq::shared_developmental_series,reverse,ST_DEV_E14_5_E15_5__reverse,ST_DEV_E14_5_E15_5__reverse__balanced_ot__e0p25__tnone,balanced_ot,0.25,,baseline,1,R,post-review sensitivity analysis,PLANNED
Stereo-seq,ST_DEV_E14_5_E15_5,cross_stage,Stereo-seq::shared_developmental_series,reverse,ST_DEV_E14_5_E15_5__reverse,ST_DEV_E14_5_E15_5__reverse__balanced_ot__e0p25__tnone,balanced_ot,0.25,,baseline,1,N,post-review sensitivity analysis,PLANNED
Stereo-seq,ST_DEV_E14_5_E15_5,cross_stage,Stereo-seq::shared_developmental_series,reverse,ST_DEV_E14_5_E15_5__reverse,ST_DEV_E14_5_E15_5__reverse__balanced_ot__e0p25__tnone,balanced_ot,0.25,,baseline,1,S,post-review sensitivity analysis,PLANNED_EQUIVALENCE_ONLY
Stereo-seq,ST_DEV_E14_5_E15_5,cross_stage,Stereo-seq::shared_developmental_series,reverse,ST_DEV_E14_5_E15_5__reverse,ST_DEV_E14_5_E15_5__reverse__balanced_ot__e0p5__tnone,balanced_ot,0.5,,epsilon_scan,2,R,post-review sensitivity analysis,PLANNED
Stereo-seq,ST_DEV_E14_5_E15_5,cross_stage,Stereo-seq::shared_developmental_series,reverse,ST_DEV_E14_5_E15_5__reverse,ST_DEV_E14_5_E15_5__reverse__balanced_ot__e0p5__tnone,balanced_ot,0.5,,epsilon_scan,2,N,post-review sensitivity analysis,PLANNED
Stereo-seq,ST_DEV_E14_5_E15_5,cross_stage,Stereo-seq::shared_developmental_series,reverse,ST_DEV_E14_5_E15_5__reverse,ST_DEV_E14_5_E15_5__reverse__uot__e0p1__t2p0,uot,0.1,2.0,epsilon_scan,0,R,post-review sensitivity analysis,PLANNED
Stereo-seq,ST_DEV_E14_5_E15_5,cross_stage,Stereo-seq::shared_developmental_series,reverse,ST_DEV_E14_5_E15_5__reverse,ST_DEV_E14_5_E15_5__reverse__uot__e0p1__t2p0,uot,0.1,2.0,epsilon_scan,0,N,post-review sensitivity analysis,PLANNED
Stereo-seq,ST_DEV_E14_5_E15_5,cross_stage,Stereo-seq::shared_developmental_series,reverse,ST_DEV_E14_5_E15_5__reverse,ST_DEV_E14_5_E15_5__reverse__uot__e0p25__t2p0,uot,0.25,2.0,baseline,1,R,post-review sensitivity analysis,PLANNED
Stereo-seq,ST_DEV_E14_5_E15_5,cross_stage,Stereo-seq::shared_developmental_series,reverse,ST_DEV_E14_5_E15_5__reverse,ST_DEV_E14_5_E15_5__reverse__uot__e0p25__t2p0,uot,0.25,2.0,baseline,1,N,post-review sensitivity analysis,PLANNED
Stereo-seq,ST_DEV_E14_5_E15_5,cross_stage,Stereo-seq::shared_developmental_series,reverse,ST_DEV_E14_5_E15_5__reverse,ST_DEV_E14_5_E15_5__reverse__uot__e0p25__t2p0,uot,0.25,2.0,baseline,1,S,post-review sensitivity analysis,PLANNED_EQUIVALENCE_ONLY
Stereo-seq,ST_DEV_E14_5_E15_5,cross_stage,Stereo-seq::shared_developmental_series,reverse,ST_DEV_E14_5_E15_5__reverse,ST_DEV_E14_5_E15_5__reverse__uot__e0p5__t2p0,uot,0.5,2.0,epsilon_scan,2,R,post-review sensitivity analysis,PLANNED
Stereo-seq,ST_DEV_E14_5_E15_5,cross_stage,Stereo-seq::shared_developmental_series,reverse,ST_DEV_E14_5_E15_5__reverse,ST_DEV_E14_5_E15_5__reverse__uot__e0p5__t2p0,uot,0.5,2.0,epsilon_scan,2,N,post-review sensitivity analysis,PLANNED
Stereo-seq,ST_DEV_E14_5_E15_5,cross_stage,Stereo-seq::shared_developmental_series,reverse,ST_DEV_E14_5_E15_5__reverse,ST_DEV_E14_5_E15_5__reverse__uot__e0p25__t1p0,uot,0.25,1.0,tau_scan,3,R,post-review sensitivity analysis,PLANNED
Stereo-seq,ST_DEV_E14_5_E15_5,cross_stage,Stereo-seq::shared_developmental_series,reverse,ST_DEV_E14_5_E15_5__reverse,ST_DEV_E14_5_E15_5__reverse__uot__e0p25__t1p0,uot,0.25,1.0,tau_scan,3,N,post-review sensitivity analysis,PLANNED
Stereo-seq,ST_DEV_E14_5_E15_5,cross_stage,Stereo-seq::shared_developmental_series,reverse,ST_DEV_E14_5_E15_5__reverse,ST_DEV_E14_5_E15_5__reverse__uot__e0p25__t5p0,uot,0.25,5.0,tau_scan,4,R,post-review sensitivity analysis,PLANNED
Stereo-seq,ST_DEV_E14_5_E15_5,cross_stage,Stereo-seq::shared_developmental_series,reverse,ST_DEV_E14_5_E15_5__reverse,ST_DEV_E14_5_E15_5__reverse__uot__e0p25__t5p0,uot,0.25,5.0,tau_scan,4,N,post-review sensitivity analysis,PLANNED
Stereo-seq,ST_DEV_E14_5_E15_5,cross_stage,Stereo-seq::shared_developmental_series,reverse,ST_DEV_E14_5_E15_5__reverse,ST_DEV_E14_5_E15_5__reverse__uot__e0p1__t1p0,uot,0.1,1.0,interaction_corner,5,R,post-review sensitivity analysis,PLANNED
Stereo-seq,ST_DEV_E14_5_E15_5,cross_stage,Stereo-seq::shared_developmental_series,reverse,ST_DEV_E14_5_E15_5__reverse,ST_DEV_E14_5_E15_5__reverse__uot__e0p1__t1p0,uot,0.1,1.0,interaction_corner,5,N,post-review sensitivity analysis,PLANNED
Stereo-seq,ST_DEV_E14_5_E15_5,cross_stage,Stereo-seq::shared_developmental_series,reverse,ST_DEV_E14_5_E15_5__reverse,ST_DEV_E14_5_E15_5__reverse__uot__e0p1__t5p0,uot,0.1,5.0,interaction_corner,6,R,post-review sensitivity analysis,PLANNED
Stereo-seq,ST_DEV_E14_5_E15_5,cross_stage,Stereo-seq::shared_developmental_series,reverse,ST_DEV_E14_5_E15_5__reverse,ST_DEV_E14_5_E15_5__reverse__uot__e0p1__t5p0,uot,0.1,5.0,interaction_corner,6,N,post-review sensitivity analysis,PLANNED
Stereo-seq,ST_DEV_E14_5_E15_5,cross_stage,Stereo-seq::shared_developmental_series,reverse,ST_DEV_E14_5_E15_5__reverse,ST_DEV_E14_5_E15_5__reverse__uot__e0p5__t1p0,uot,0.5,1.0,interaction_corner,7,R,post-review sensitivity analysis,PLANNED
Stereo-seq,ST_DEV_E14_5_E15_5,cross_stage,Stereo-seq::shared_developmental_series,reverse,ST_DEV_E14_5_E15_5__reverse,ST_DEV_E14_5_E15_5__reverse__uot__e0p5__t1p0,uot,0.5,1.0,interaction_corner,7,N,post-review sensitivity analysis,PLANNED
Stereo-seq,ST_DEV_E14_5_E15_5,cross_stage,Stereo-seq::shared_developmental_series,reverse,ST_DEV_E14_5_E15_5__reverse,ST_DEV_E14_5_E15_5__reverse__uot__e0p5__t5p0,uot,0.5,5.0,interaction_corner,8,R,post-review sensitivity analysis,PLANNED
Stereo-seq,ST_DEV_E14_5_E15_5,cross_stage,Stereo-seq::shared_developmental_series,reverse,ST_DEV_E14_5_E15_5__reverse,ST_DEV_E14_5_E15_5__reverse__uot__e0p5__t5p0,uot,0.5,5.0,interaction_corner,8,N,post-review sensitivity analysis,PLANNED
Stereo-seq,ST_DEV_E14_5_E15_5,cross_stage,Stereo-seq::shared_developmental_series,reverse,ST_DEV_E14_5_E15_5__reverse,ST_DEV_E14_5_E15_5__reverse__row_softmax__e0p1__tnone,row_softmax,0.1,,epsilon_scan,0,R,post-review sensitivity analysis,PLANNED
Stereo-seq,ST_DEV_E14_5_E15_5,cross_stage,Stereo-seq::shared_developmental_series,reverse,ST_DEV_E14_5_E15_5__reverse,ST_DEV_E14_5_E15_5__reverse__row_softmax__e0p1__tnone,row_softmax,0.1,,epsilon_scan,0,N,post-review sensitivity analysis,PLANNED
Stereo-seq,ST_DEV_E14_5_E15_5,cross_stage,Stereo-seq::shared_developmental_series,reverse,ST_DEV_E14_5_E15_5__reverse,ST_DEV_E14_5_E15_5__reverse__row_softmax__e0p25__tnone,row_softmax,0.25,,baseline,1,R,post-review sensitivity analysis,PLANNED
Stereo-seq,ST_DEV_E14_5_E15_5,cross_stage,Stereo-seq::shared_developmental_series,reverse,ST_DEV_E14_5_E15_5__reverse,ST_DEV_E14_5_E15_5__reverse__row_softmax__e0p25__tnone,row_softmax,0.25,,baseline,1,N,post-review sensitivity analysis,PLANNED
Stereo-seq,ST_DEV_E14_5_E15_5,cross_stage,Stereo-seq::shared_developmental_series,reverse,ST_DEV_E14_5_E15_5__reverse,ST_DEV_E14_5_E15_5__reverse__row_softmax__e0p25__tnone,row_softmax,0.25,,baseline,1,S,post-review sensitivity analysis,PLANNED_EQUIVALENCE_ONLY
Stereo-seq,ST_DEV_E14_5_E15_5,cross_stage,Stereo-seq::shared_developmental_series,reverse,ST_DEV_E14_5_E15_5__reverse,ST_DEV_E14_5_E15_5__reverse__row_softmax__e0p5__tnone,row_softmax,0.5,,epsilon_scan,2,R,post-review sensitivity analysis,PLANNED
Stereo-seq,ST_DEV_E14_5_E15_5,cross_stage,Stereo-seq::shared_developmental_series,reverse,ST_DEV_E14_5_E15_5__reverse,ST_DEV_E14_5_E15_5__reverse__row_softmax__e0p5__tnone,row_softmax,0.5,,epsilon_scan,2,N,post-review sensitivity analysis,PLANNED
Stereo-seq,ST_DEV_E15_5_E16_5,cross_stage,Stereo-seq::shared_developmental_series,forward,ST_DEV_E15_5_E16_5,ST_DEV_E15_5_E16_5__balanced_ot__e0p1__tnone,balanced_ot,0.1,,epsilon_scan,0,R,post-review sensitivity analysis,PLANNED
Stereo-seq,ST_DEV_E15_5_E16_5,cross_stage,Stereo-seq::shared_developmental_series,forward,ST_DEV_E15_5_E16_5,ST_DEV_E15_5_E16_5__balanced_ot__e0p1__tnone,balanced_ot,0.1,,epsilon_scan,0,N,post-review sensitivity analysis,PLANNED
Stereo-seq,ST_DEV_E15_5_E16_5,cross_stage,Stereo-seq::shared_developmental_series,forward,ST_DEV_E15_5_E16_5,ST_DEV_E15_5_E16_5__balanced_ot__e0p25__tnone,balanced_ot,0.25,,baseline,1,R,post-review sensitivity analysis,PLANNED
Stereo-seq,ST_DEV_E15_5_E16_5,cross_stage,Stereo-seq::shared_developmental_series,forward,ST_DEV_E15_5_E16_5,ST_DEV_E15_5_E16_5__balanced_ot__e0p25__tnone,balanced_ot,0.25,,baseline,1,N,post-review sensitivity analysis,PLANNED
Stereo-seq,ST_DEV_E15_5_E16_5,cross_stage,Stereo-seq::shared_developmental_series,forward,ST_DEV_E15_5_E16_5,ST_DEV_E15_5_E16_5__balanced_ot__e0p25__tnone,balanced_ot,0.25,,baseline,1,S,post-review sensitivity analysis,PLANNED_EQUIVALENCE_ONLY
Stereo-seq,ST_DEV_E15_5_E16_5,cross_stage,Stereo-seq::shared_developmental_series,forward,ST_DEV_E15_5_E16_5,ST_DEV_E15_5_E16_5__balanced_ot__e0p5__tnone,balanced_ot,0.5,,epsilon_scan,2,R,post-review sensitivity analysis,PLANNED
Stereo-seq,ST_DEV_E15_5_E16_5,cross_stage,Stereo-seq::shared_developmental_series,forward,ST_DEV_E15_5_E16_5,ST_DEV_E15_5_E16_5__balanced_ot__e0p5__tnone,balanced_ot,0.5,,epsilon_scan,2,N,post-review sensitivity analysis,PLANNED
Stereo-seq,ST_DEV_E15_5_E16_5,cross_stage,Stereo-seq::shared_developmental_series,forward,ST_DEV_E15_5_E16_5,ST_DEV_E15_5_E16_5__uot__e0p1__t2p0,uot,0.1,2.0,epsilon_scan,0,R,post-review sensitivity analysis,PLANNED
Stereo-seq,ST_DEV_E15_5_E16_5,cross_stage,Stereo-seq::shared_developmental_series,forward,ST_DEV_E15_5_E16_5,ST_DEV_E15_5_E16_5__uot__e0p1__t2p0,uot,0.1,2.0,epsilon_scan,0,N,post-review sensitivity analysis,PLANNED
Stereo-seq,ST_DEV_E15_5_E16_5,cross_stage,Stereo-seq::shared_developmental_series,forward,ST_DEV_E15_5_E16_5,ST_DEV_E15_5_E16_5__uot__e0p25__t2p0,uot,0.25,2.0,baseline,1,R,post-review sensitivity analysis,PLANNED
Stereo-seq,ST_DEV_E15_5_E16_5,cross_stage,Stereo-seq::shared_developmental_series,forward,ST_DEV_E15_5_E16_5,ST_DEV_E15_5_E16_5__uot__e0p25__t2p0,uot,0.25,2.0,baseline,1,N,post-review sensitivity analysis,PLANNED
Stereo-seq,ST_DEV_E15_5_E16_5,cross_stage,Stereo-seq::shared_developmental_series,forward,ST_DEV_E15_5_E16_5,ST_DEV_E15_5_E16_5__uot__e0p25__t2p0,uot,0.25,2.0,baseline,1,S,post-review sensitivity analysis,PLANNED_EQUIVALENCE_ONLY
Stereo-seq,ST_DEV_E15_5_E16_5,cross_stage,Stereo-seq::shared_developmental_series,forward,ST_DEV_E15_5_E16_5,ST_DEV_E15_5_E16_5__uot__e0p5__t2p0,uot,0.5,2.0,epsilon_scan,2,R,post-review sensitivity analysis,PLANNED
Stereo-seq,ST_DEV_E15_5_E16_5,cross_stage,Stereo-seq::shared_developmental_series,forward,ST_DEV_E15_5_E16_5,ST_DEV_E15_5_E16_5__uot__e0p5__t2p0,uot,0.5,2.0,epsilon_scan,2,N,post-review sensitivity analysis,PLANNED
Stereo-seq,ST_DEV_E15_5_E16_5,cross_stage,Stereo-seq::shared_developmental_series,forward,ST_DEV_E15_5_E16_5,ST_DEV_E15_5_E16_5__uot__e0p25__t1p0,uot,0.25,1.0,tau_scan,3,R,post-review sensitivity analysis,PLANNED
Stereo-seq,ST_DEV_E15_5_E16_5,cross_stage,Stereo-seq::shared_developmental_series,forward,ST_DEV_E15_5_E16_5,ST_DEV_E15_5_E16_5__uot__e0p25__t1p0,uot,0.25,1.0,tau_scan,3,N,post-review sensitivity analysis,PLANNED
Stereo-seq,ST_DEV_E15_5_E16_5,cross_stage,Stereo-seq::shared_developmental_series,forward,ST_DEV_E15_5_E16_5,ST_DEV_E15_5_E16_5__uot__e0p25__t5p0,uot,0.25,5.0,tau_scan,4,R,post-review sensitivity analysis,PLANNED
Stereo-seq,ST_DEV_E15_5_E16_5,cross_stage,Stereo-seq::shared_developmental_series,forward,ST_DEV_E15_5_E16_5,ST_DEV_E15_5_E16_5__uot__e0p25__t5p0,uot,0.25,5.0,tau_scan,4,N,post-review sensitivity analysis,PLANNED
Stereo-seq,ST_DEV_E15_5_E16_5,cross_stage,Stereo-seq::shared_developmental_series,forward,ST_DEV_E15_5_E16_5,ST_DEV_E15_5_E16_5__uot__e0p1__t1p0,uot,0.1,1.0,interaction_corner,5,R,post-review sensitivity analysis,PLANNED
Stereo-seq,ST_DEV_E15_5_E16_5,cross_stage,Stereo-seq::shared_developmental_series,forward,ST_DEV_E15_5_E16_5,ST_DEV_E15_5_E16_5__uot__e0p1__t1p0,uot,0.1,1.0,interaction_corner,5,N,post-review sensitivity analysis,PLANNED
Stereo-seq,ST_DEV_E15_5_E16_5,cross_stage,Stereo-seq::shared_developmental_series,forward,ST_DEV_E15_5_E16_5,ST_DEV_E15_5_E16_5__uot__e0p1__t5p0,uot,0.1,5.0,interaction_corner,6,R,post-review sensitivity analysis,PLANNED
Stereo-seq,ST_DEV_E15_5_E16_5,cross_stage,Stereo-seq::shared_developmental_series,forward,ST_DEV_E15_5_E16_5,ST_DEV_E15_5_E16_5__uot__e0p1__t5p0,uot,0.1,5.0,interaction_corner,6,N,post-review sensitivity analysis,PLANNED
Stereo-seq,ST_DEV_E15_5_E16_5,cross_stage,Stereo-seq::shared_developmental_series,forward,ST_DEV_E15_5_E16_5,ST_DEV_E15_5_E16_5__uot__e0p5__t1p0,uot,0.5,1.0,interaction_corner,7,R,post-review sensitivity analysis,PLANNED
Stereo-seq,ST_DEV_E15_5_E16_5,cross_stage,Stereo-seq::shared_developmental_series,forward,ST_DEV_E15_5_E16_5,ST_DEV_E15_5_E16_5__uot__e0p5__t1p0,uot,0.5,1.0,interaction_corner,7,N,post-review sensitivity analysis,PLANNED
Stereo-seq,ST_DEV_E15_5_E16_5,cross_stage,Stereo-seq::shared_developmental_series,forward,ST_DEV_E15_5_E16_5,ST_DEV_E15_5_E16_5__uot__e0p5__t5p0,uot,0.5,5.0,interaction_corner,8,R,post-review sensitivity analysis,PLANNED
Stereo-seq,ST_DEV_E15_5_E16_5,cross_stage,Stereo-seq::shared_developmental_series,forward,ST_DEV_E15_5_E16_5,ST_DEV_E15_5_E16_5__uot__e0p5__t5p0,uot,0.5,5.0,interaction_corner,8,N,post-review sensitivity analysis,PLANNED
Stereo-seq,ST_DEV_E15_5_E16_5,cross_stage,Stereo-seq::shared_developmental_series,forward,ST_DEV_E15_5_E16_5,ST_DEV_E15_5_E16_5__row_softmax__e0p1__tnone,row_softmax,0.1,,epsilon_scan,0,R,post-review sensitivity analysis,PLANNED
Stereo-seq,ST_DEV_E15_5_E16_5,cross_stage,Stereo-seq::shared_developmental_series,forward,ST_DEV_E15_5_E16_5,ST_DEV_E15_5_E16_5__row_softmax__e0p1__tnone,row_softmax,0.1,,epsilon_scan,0,N,post-review sensitivity analysis,PLANNED
Stereo-seq,ST_DEV_E15_5_E16_5,cross_stage,Stereo-seq::shared_developmental_series,forward,ST_DEV_E15_5_E16_5,ST_DEV_E15_5_E16_5__row_softmax__e0p25__tnone,row_softmax,0.25,,baseline,1,R,post-review sensitivity analysis,PLANNED
Stereo-seq,ST_DEV_E15_5_E16_5,cross_stage,Stereo-seq::shared_developmental_series,forward,ST_DEV_E15_5_E16_5,ST_DEV_E15_5_E16_5__row_softmax__e0p25__tnone,row_softmax,0.25,,baseline,1,N,post-review sensitivity analysis,PLANNED
Stereo-seq,ST_DEV_E15_5_E16_5,cross_stage,Stereo-seq::shared_developmental_series,forward,ST_DEV_E15_5_E16_5,ST_DEV_E15_5_E16_5__row_softmax__e0p25__tnone,row_softmax,0.25,,baseline,1,S,post-review sensitivity analysis,PLANNED_EQUIVALENCE_ONLY
Stereo-seq,ST_DEV_E15_5_E16_5,cross_stage,Stereo-seq::shared_developmental_series,forward,ST_DEV_E15_5_E16_5,ST_DEV_E15_5_E16_5__row_softmax__e0p5__tnone,row_softmax,0.5,,epsilon_scan,2,R,post-review sensitivity analysis,PLANNED
Stereo-seq,ST_DEV_E15_5_E16_5,cross_stage,Stereo-seq::shared_developmental_series,forward,ST_DEV_E15_5_E16_5,ST_DEV_E15_5_E16_5__row_softmax__e0p5__tnone,row_softmax,0.5,,epsilon_scan,2,N,post-review sensitivity analysis,PLANNED
Stereo-seq,ST_DEV_E15_5_E16_5,cross_stage,Stereo-seq::shared_developmental_series,reverse,ST_DEV_E15_5_E16_5__reverse,ST_DEV_E15_5_E16_5__reverse__balanced_ot__e0p1__tnone,balanced_ot,0.1,,epsilon_scan,0,R,post-review sensitivity analysis,PLANNED
Stereo-seq,ST_DEV_E15_5_E16_5,cross_stage,Stereo-seq::shared_developmental_series,reverse,ST_DEV_E15_5_E16_5__reverse,ST_DEV_E15_5_E16_5__reverse__balanced_ot__e0p1__tnone,balanced_ot,0.1,,epsilon_scan,0,N,post-review sensitivity analysis,PLANNED
Stereo-seq,ST_DEV_E15_5_E16_5,cross_stage,Stereo-seq::shared_developmental_series,reverse,ST_DEV_E15_5_E16_5__reverse,ST_DEV_E15_5_E16_5__reverse__balanced_ot__e0p25__tnone,balanced_ot,0.25,,baseline,1,R,post-review sensitivity analysis,PLANNED
Stereo-seq,ST_DEV_E15_5_E16_5,cross_stage,Stereo-seq::shared_developmental_series,reverse,ST_DEV_E15_5_E16_5__reverse,ST_DEV_E15_5_E16_5__reverse__balanced_ot__e0p25__tnone,balanced_ot,0.25,,baseline,1,N,post-review sensitivity analysis,PLANNED
Stereo-seq,ST_DEV_E15_5_E16_5,cross_stage,Stereo-seq::shared_developmental_series,reverse,ST_DEV_E15_5_E16_5__reverse,ST_DEV_E15_5_E16_5__reverse__balanced_ot__e0p25__tnone,balanced_ot,0.25,,baseline,1,S,post-review sensitivity analysis,PLANNED_EQUIVALENCE_ONLY
Stereo-seq,ST_DEV_E15_5_E16_5,cross_stage,Stereo-seq::shared_developmental_series,reverse,ST_DEV_E15_5_E16_5__reverse,ST_DEV_E15_5_E16_5__reverse__balanced_ot__e0p5__tnone,balanced_ot,0.5,,epsilon_scan,2,R,post-review sensitivity analysis,PLANNED
Stereo-seq,ST_DEV_E15_5_E16_5,cross_stage,Stereo-seq::shared_developmental_series,reverse,ST_DEV_E15_5_E16_5__reverse,ST_DEV_E15_5_E16_5__reverse__balanced_ot__e0p5__tnone,balanced_ot,0.5,,epsilon_scan,2,N,post-review sensitivity analysis,PLANNED
Stereo-seq,ST_DEV_E15_5_E16_5,cross_stage,Stereo-seq::shared_developmental_series,reverse,ST_DEV_E15_5_E16_5__reverse,ST_DEV_E15_5_E16_5__reverse__uot__e0p1__t2p0,uot,0.1,2.0,epsilon_scan,0,R,post-review sensitivity analysis,PLANNED
Stereo-seq,ST_DEV_E15_5_E16_5,cross_stage,Stereo-seq::shared_developmental_series,reverse,ST_DEV_E15_5_E16_5__reverse,ST_DEV_E15_5_E16_5__reverse__uot__e0p1__t2p0,uot,0.1,2.0,epsilon_scan,0,N,post-review sensitivity analysis,PLANNED
Stereo-seq,ST_DEV_E15_5_E16_5,cross_stage,Stereo-seq::shared_developmental_series,reverse,ST_DEV_E15_5_E16_5__reverse,ST_DEV_E15_5_E16_5__reverse__uot__e0p25__t2p0,uot,0.25,2.0,baseline,1,R,post-review sensitivity analysis,PLANNED
Stereo-seq,ST_DEV_E15_5_E16_5,cross_stage,Stereo-seq::shared_developmental_series,reverse,ST_DEV_E15_5_E16_5__reverse,ST_DEV_E15_5_E16_5__reverse__uot__e0p25__t2p0,uot,0.25,2.0,baseline,1,N,post-review sensitivity analysis,PLANNED
Stereo-seq,ST_DEV_E15_5_E16_5,cross_stage,Stereo-seq::shared_developmental_series,reverse,ST_DEV_E15_5_E16_5__reverse,ST_DEV_E15_5_E16_5__reverse__uot__e0p25__t2p0,uot,0.25,2.0,baseline,1,S,post-review sensitivity analysis,PLANNED_EQUIVALENCE_ONLY
Stereo-seq,ST_DEV_E15_5_E16_5,cross_stage,Stereo-seq::shared_developmental_series,reverse,ST_DEV_E15_5_E16_5__reverse,ST_DEV_E15_5_E16_5__reverse__uot__e0p5__t2p0,uot,0.5,2.0,epsilon_scan,2,R,post-review sensitivity analysis,PLANNED
Stereo-seq,ST_DEV_E15_5_E16_5,cross_stage,Stereo-seq::shared_developmental_series,reverse,ST_DEV_E15_5_E16_5__reverse,ST_DEV_E15_5_E16_5__reverse__uot__e0p5__t2p0,uot,0.5,2.0,epsilon_scan,2,N,post-review sensitivity analysis,PLANNED
Stereo-seq,ST_DEV_E15_5_E16_5,cross_stage,Stereo-seq::shared_developmental_series,reverse,ST_DEV_E15_5_E16_5__reverse,ST_DEV_E15_5_E16_5__reverse__uot__e0p25__t1p0,uot,0.25,1.0,tau_scan,3,R,post-review sensitivity analysis,PLANNED
Stereo-seq,ST_DEV_E15_5_E16_5,cross_stage,Stereo-seq::shared_developmental_series,reverse,ST_DEV_E15_5_E16_5__reverse,ST_DEV_E15_5_E16_5__reverse__uot__e0p25__t1p0,uot,0.25,1.0,tau_scan,3,N,post-review sensitivity analysis,PLANNED
Stereo-seq,ST_DEV_E15_5_E16_5,cross_stage,Stereo-seq::shared_developmental_series,reverse,ST_DEV_E15_5_E16_5__reverse,ST_DEV_E15_5_E16_5__reverse__uot__e0p25__t5p0,uot,0.25,5.0,tau_scan,4,R,post-review sensitivity analysis,PLANNED
Stereo-seq,ST_DEV_E15_5_E16_5,cross_stage,Stereo-seq::shared_developmental_series,reverse,ST_DEV_E15_5_E16_5__reverse,ST_DEV_E15_5_E16_5__reverse__uot__e0p25__t5p0,uot,0.25,5.0,tau_scan,4,N,post-review sensitivity analysis,PLANNED
Stereo-seq,ST_DEV_E15_5_E16_5,cross_stage,Stereo-seq::shared_developmental_series,reverse,ST_DEV_E15_5_E16_5__reverse,ST_DEV_E15_5_E16_5__reverse__uot__e0p1__t1p0,uot,0.1,1.0,interaction_corner,5,R,post-review sensitivity analysis,PLANNED
Stereo-seq,ST_DEV_E15_5_E16_5,cross_stage,Stereo-seq::shared_developmental_series,reverse,ST_DEV_E15_5_E16_5__reverse,ST_DEV_E15_5_E16_5__reverse__uot__e0p1__t1p0,uot,0.1,1.0,interaction_corner,5,N,post-review sensitivity analysis,PLANNED
Stereo-seq,ST_DEV_E15_5_E16_5,cross_stage,Stereo-seq::shared_developmental_series,reverse,ST_DEV_E15_5_E16_5__reverse,ST_DEV_E15_5_E16_5__reverse__uot__e0p1__t5p0,uot,0.1,5.0,interaction_corner,6,R,post-review sensitivity analysis,PLANNED
Stereo-seq,ST_DEV_E15_5_E16_5,cross_stage,Stereo-seq::shared_developmental_series,reverse,ST_DEV_E15_5_E16_5__reverse,ST_DEV_E15_5_E16_5__reverse__uot__e0p1__t5p0,uot,0.1,5.0,interaction_corner,6,N,post-review sensitivity analysis,PLANNED
Stereo-seq,ST_DEV_E15_5_E16_5,cross_stage,Stereo-seq::shared_developmental_series,reverse,ST_DEV_E15_5_E16_5__reverse,ST_DEV_E15_5_E16_5__reverse__uot__e0p5__t1p0,uot,0.5,1.0,interaction_corner,7,R,post-review sensitivity analysis,PLANNED
Stereo-seq,ST_DEV_E15_5_E16_5,cross_stage,Stereo-seq::shared_developmental_series,reverse,ST_DEV_E15_5_E16_5__reverse,ST_DEV_E15_5_E16_5__reverse__uot__e0p5__t1p0,uot,0.5,1.0,interaction_corner,7,N,post-review sensitivity analysis,PLANNED
Stereo-seq,ST_DEV_E15_5_E16_5,cross_stage,Stereo-seq::shared_developmental_series,reverse,ST_DEV_E15_5_E16_5__reverse,ST_DEV_E15_5_E16_5__reverse__uot__e0p5__t5p0,uot,0.5,5.0,interaction_corner,8,R,post-review sensitivity analysis,PLANNED
Stereo-seq,ST_DEV_E15_5_E16_5,cross_stage,Stereo-seq::shared_developmental_series,reverse,ST_DEV_E15_5_E16_5__reverse,ST_DEV_E15_5_E16_5__reverse__uot__e0p5__t5p0,uot,0.5,5.0,interaction_corner,8,N,post-review sensitivity analysis,PLANNED
Stereo-seq,ST_DEV_E15_5_E16_5,cross_stage,Stereo-seq::shared_developmental_series,reverse,ST_DEV_E15_5_E16_5__reverse,ST_DEV_E15_5_E16_5__reverse__row_softmax__e0p1__tnone,row_softmax,0.1,,epsilon_scan,0,R,post-review sensitivity analysis,PLANNED
Stereo-seq,ST_DEV_E15_5_E16_5,cross_stage,Stereo-seq::shared_developmental_series,reverse,ST_DEV_E15_5_E16_5__reverse,ST_DEV_E15_5_E16_5__reverse__row_softmax__e0p1__tnone,row_softmax,0.1,,epsilon_scan,0,N,post-review sensitivity analysis,PLANNED
Stereo-seq,ST_DEV_E15_5_E16_5,cross_stage,Stereo-seq::shared_developmental_series,reverse,ST_DEV_E15_5_E16_5__reverse,ST_DEV_E15_5_E16_5__reverse__row_softmax__e0p25__tnone,row_softmax,0.25,,baseline,1,R,post-review sensitivity analysis,PLANNED
Stereo-seq,ST_DEV_E15_5_E16_5,cross_stage,Stereo-seq::shared_developmental_series,reverse,ST_DEV_E15_5_E16_5__reverse,ST_DEV_E15_5_E16_5__reverse__row_softmax__e0p25__tnone,row_softmax,0.25,,baseline,1,N,post-review sensitivity analysis,PLANNED
Stereo-seq,ST_DEV_E15_5_E16_5,cross_stage,Stereo-seq::shared_developmental_series,reverse,ST_DEV_E15_5_E16_5__reverse,ST_DEV_E15_5_E16_5__reverse__row_softmax__e0p25__tnone,row_softmax,0.25,,baseline,1,S,post-review sensitivity analysis,PLANNED_EQUIVALENCE_ONLY
Stereo-seq,ST_DEV_E15_5_E16_5,cross_stage,Stereo-seq::shared_developmental_series,reverse,ST_DEV_E15_5_E16_5__reverse,ST_DEV_E15_5_E16_5__reverse__row_softmax__e0p5__tnone,row_softmax,0.5,,epsilon_scan,2,R,post-review sensitivity analysis,PLANNED
Stereo-seq,ST_DEV_E15_5_E16_5,cross_stage,Stereo-seq::shared_developmental_series,reverse,ST_DEV_E15_5_E16_5__reverse,ST_DEV_E15_5_E16_5__reverse__row_softmax__e0p5__tnone,row_softmax,0.5,,epsilon_scan,2,N,post-review sensitivity analysis,PLANNED
Stereo-seq,ST_E15_5_S1_S2,same_age_sections,ST_E15_5_S1_S2,forward,ST_E15_5_S1_S2,ST_E15_5_S1_S2__balanced_ot__e0p1__tnone,balanced_ot,0.1,,epsilon_scan,0,R,post-review sensitivity analysis,PLANNED
Stereo-seq,ST_E15_5_S1_S2,same_age_sections,ST_E15_5_S1_S2,forward,ST_E15_5_S1_S2,ST_E15_5_S1_S2__balanced_ot__e0p1__tnone,balanced_ot,0.1,,epsilon_scan,0,N,post-review sensitivity analysis,PLANNED
Stereo-seq,ST_E15_5_S1_S2,same_age_sections,ST_E15_5_S1_S2,forward,ST_E15_5_S1_S2,ST_E15_5_S1_S2__balanced_ot__e0p25__tnone,balanced_ot,0.25,,baseline,1,R,post-review sensitivity analysis,PLANNED
Stereo-seq,ST_E15_5_S1_S2,same_age_sections,ST_E15_5_S1_S2,forward,ST_E15_5_S1_S2,ST_E15_5_S1_S2__balanced_ot__e0p25__tnone,balanced_ot,0.25,,baseline,1,N,post-review sensitivity analysis,PLANNED
Stereo-seq,ST_E15_5_S1_S2,same_age_sections,ST_E15_5_S1_S2,forward,ST_E15_5_S1_S2,ST_E15_5_S1_S2__balanced_ot__e0p25__tnone,balanced_ot,0.25,,baseline,1,S,post-review sensitivity analysis,PLANNED_EQUIVALENCE_ONLY
Stereo-seq,ST_E15_5_S1_S2,same_age_sections,ST_E15_5_S1_S2,forward,ST_E15_5_S1_S2,ST_E15_5_S1_S2__balanced_ot__e0p5__tnone,balanced_ot,0.5,,epsilon_scan,2,R,post-review sensitivity analysis,PLANNED
Stereo-seq,ST_E15_5_S1_S2,same_age_sections,ST_E15_5_S1_S2,forward,ST_E15_5_S1_S2,ST_E15_5_S1_S2__balanced_ot__e0p5__tnone,balanced_ot,0.5,,epsilon_scan,2,N,post-review sensitivity analysis,PLANNED
Stereo-seq,ST_E15_5_S1_S2,same_age_sections,ST_E15_5_S1_S2,forward,ST_E15_5_S1_S2,ST_E15_5_S1_S2__uot__e0p1__t2p0,uot,0.1,2.0,epsilon_scan,0,R,post-review sensitivity analysis,PLANNED
Stereo-seq,ST_E15_5_S1_S2,same_age_sections,ST_E15_5_S1_S2,forward,ST_E15_5_S1_S2,ST_E15_5_S1_S2__uot__e0p1__t2p0,uot,0.1,2.0,epsilon_scan,0,N,post-review sensitivity analysis,PLANNED
Stereo-seq,ST_E15_5_S1_S2,same_age_sections,ST_E15_5_S1_S2,forward,ST_E15_5_S1_S2,ST_E15_5_S1_S2__uot__e0p25__t2p0,uot,0.25,2.0,baseline,1,R,post-review sensitivity analysis,PLANNED
Stereo-seq,ST_E15_5_S1_S2,same_age_sections,ST_E15_5_S1_S2,forward,ST_E15_5_S1_S2,ST_E15_5_S1_S2__uot__e0p25__t2p0,uot,0.25,2.0,baseline,1,N,post-review sensitivity analysis,PLANNED
Stereo-seq,ST_E15_5_S1_S2,same_age_sections,ST_E15_5_S1_S2,forward,ST_E15_5_S1_S2,ST_E15_5_S1_S2__uot__e0p25__t2p0,uot,0.25,2.0,baseline,1,S,post-review sensitivity analysis,PLANNED_EQUIVALENCE_ONLY
Stereo-seq,ST_E15_5_S1_S2,same_age_sections,ST_E15_5_S1_S2,forward,ST_E15_5_S1_S2,ST_E15_5_S1_S2__uot__e0p5__t2p0,uot,0.5,2.0,epsilon_scan,2,R,post-review sensitivity analysis,PLANNED
Stereo-seq,ST_E15_5_S1_S2,same_age_sections,ST_E15_5_S1_S2,forward,ST_E15_5_S1_S2,ST_E15_5_S1_S2__uot__e0p5__t2p0,uot,0.5,2.0,epsilon_scan,2,N,post-review sensitivity analysis,PLANNED
Stereo-seq,ST_E15_5_S1_S2,same_age_sections,ST_E15_5_S1_S2,forward,ST_E15_5_S1_S2,ST_E15_5_S1_S2__uot__e0p25__t1p0,uot,0.25,1.0,tau_scan,3,R,post-review sensitivity analysis,PLANNED
Stereo-seq,ST_E15_5_S1_S2,same_age_sections,ST_E15_5_S1_S2,forward,ST_E15_5_S1_S2,ST_E15_5_S1_S2__uot__e0p25__t1p0,uot,0.25,1.0,tau_scan,3,N,post-review sensitivity analysis,PLANNED
Stereo-seq,ST_E15_5_S1_S2,same_age_sections,ST_E15_5_S1_S2,forward,ST_E15_5_S1_S2,ST_E15_5_S1_S2__uot__e0p25__t5p0,uot,0.25,5.0,tau_scan,4,R,post-review sensitivity analysis,PLANNED
Stereo-seq,ST_E15_5_S1_S2,same_age_sections,ST_E15_5_S1_S2,forward,ST_E15_5_S1_S2,ST_E15_5_S1_S2__uot__e0p25__t5p0,uot,0.25,5.0,tau_scan,4,N,post-review sensitivity analysis,PLANNED
Stereo-seq,ST_E15_5_S1_S2,same_age_sections,ST_E15_5_S1_S2,forward,ST_E15_5_S1_S2,ST_E15_5_S1_S2__uot__e0p1__t1p0,uot,0.1,1.0,interaction_corner,5,R,post-review sensitivity analysis,PLANNED
Stereo-seq,ST_E15_5_S1_S2,same_age_sections,ST_E15_5_S1_S2,forward,ST_E15_5_S1_S2,ST_E15_5_S1_S2__uot__e0p1__t1p0,uot,0.1,1.0,interaction_corner,5,N,post-review sensitivity analysis,PLANNED
Stereo-seq,ST_E15_5_S1_S2,same_age_sections,ST_E15_5_S1_S2,forward,ST_E15_5_S1_S2,ST_E15_5_S1_S2__uot__e0p1__t5p0,uot,0.1,5.0,interaction_corner,6,R,post-review sensitivity analysis,PLANNED
Stereo-seq,ST_E15_5_S1_S2,same_age_sections,ST_E15_5_S1_S2,forward,ST_E15_5_S1_S2,ST_E15_5_S1_S2__uot__e0p1__t5p0,uot,0.1,5.0,interaction_corner,6,N,post-review sensitivity analysis,PLANNED
Stereo-seq,ST_E15_5_S1_S2,same_age_sections,ST_E15_5_S1_S2,forward,ST_E15_5_S1_S2,ST_E15_5_S1_S2__uot__e0p5__t1p0,uot,0.5,1.0,interaction_corner,7,R,post-review sensitivity analysis,PLANNED
Stereo-seq,ST_E15_5_S1_S2,same_age_sections,ST_E15_5_S1_S2,forward,ST_E15_5_S1_S2,ST_E15_5_S1_S2__uot__e0p5__t1p0,uot,0.5,1.0,interaction_corner,7,N,post-review sensitivity analysis,PLANNED
Stereo-seq,ST_E15_5_S1_S2,same_age_sections,ST_E15_5_S1_S2,forward,ST_E15_5_S1_S2,ST_E15_5_S1_S2__uot__e0p5__t5p0,uot,0.5,5.0,interaction_corner,8,R,post-review sensitivity analysis,PLANNED
Stereo-seq,ST_E15_5_S1_S2,same_age_sections,ST_E15_5_S1_S2,forward,ST_E15_5_S1_S2,ST_E15_5_S1_S2__uot__e0p5__t5p0,uot,0.5,5.0,interaction_corner,8,N,post-review sensitivity analysis,PLANNED
Stereo-seq,ST_E15_5_S1_S2,same_age_sections,ST_E15_5_S1_S2,forward,ST_E15_5_S1_S2,ST_E15_5_S1_S2__row_softmax__e0p1__tnone,row_softmax,0.1,,epsilon_scan,0,R,post-review sensitivity analysis,PLANNED
Stereo-seq,ST_E15_5_S1_S2,same_age_sections,ST_E15_5_S1_S2,forward,ST_E15_5_S1_S2,ST_E15_5_S1_S2__row_softmax__e0p1__tnone,row_softmax,0.1,,epsilon_scan,0,N,post-review sensitivity analysis,PLANNED
Stereo-seq,ST_E15_5_S1_S2,same_age_sections,ST_E15_5_S1_S2,forward,ST_E15_5_S1_S2,ST_E15_5_S1_S2__row_softmax__e0p25__tnone,row_softmax,0.25,,baseline,1,R,post-review sensitivity analysis,PLANNED
Stereo-seq,ST_E15_5_S1_S2,same_age_sections,ST_E15_5_S1_S2,forward,ST_E15_5_S1_S2,ST_E15_5_S1_S2__row_softmax__e0p25__tnone,row_softmax,0.25,,baseline,1,N,post-review sensitivity analysis,PLANNED
Stereo-seq,ST_E15_5_S1_S2,same_age_sections,ST_E15_5_S1_S2,forward,ST_E15_5_S1_S2,ST_E15_5_S1_S2__row_softmax__e0p25__tnone,row_softmax,0.25,,baseline,1,S,post-review sensitivity analysis,PLANNED_EQUIVALENCE_ONLY
Stereo-seq,ST_E15_5_S1_S2,same_age_sections,ST_E15_5_S1_S2,forward,ST_E15_5_S1_S2,ST_E15_5_S1_S2__row_softmax__e0p5__tnone,row_softmax,0.5,,epsilon_scan,2,R,post-review sensitivity analysis,PLANNED
Stereo-seq,ST_E15_5_S1_S2,same_age_sections,ST_E15_5_S1_S2,forward,ST_E15_5_S1_S2,ST_E15_5_S1_S2__row_softmax__e0p5__tnone,row_softmax,0.5,,epsilon_scan,2,N,post-review sensitivity analysis,PLANNED
Stereo-seq,ST_E15_5_S1_S2,same_age_sections,ST_E15_5_S1_S2,reverse,ST_E15_5_S1_S2__reverse,ST_E15_5_S1_S2__reverse__balanced_ot__e0p1__tnone,balanced_ot,0.1,,epsilon_scan,0,R,post-review sensitivity analysis,PLANNED
Stereo-seq,ST_E15_5_S1_S2,same_age_sections,ST_E15_5_S1_S2,reverse,ST_E15_5_S1_S2__reverse,ST_E15_5_S1_S2__reverse__balanced_ot__e0p1__tnone,balanced_ot,0.1,,epsilon_scan,0,N,post-review sensitivity analysis,PLANNED
Stereo-seq,ST_E15_5_S1_S2,same_age_sections,ST_E15_5_S1_S2,reverse,ST_E15_5_S1_S2__reverse,ST_E15_5_S1_S2__reverse__balanced_ot__e0p25__tnone,balanced_ot,0.25,,baseline,1,R,post-review sensitivity analysis,PLANNED
Stereo-seq,ST_E15_5_S1_S2,same_age_sections,ST_E15_5_S1_S2,reverse,ST_E15_5_S1_S2__reverse,ST_E15_5_S1_S2__reverse__balanced_ot__e0p25__tnone,balanced_ot,0.25,,baseline,1,N,post-review sensitivity analysis,PLANNED
Stereo-seq,ST_E15_5_S1_S2,same_age_sections,ST_E15_5_S1_S2,reverse,ST_E15_5_S1_S2__reverse,ST_E15_5_S1_S2__reverse__balanced_ot__e0p25__tnone,balanced_ot,0.25,,baseline,1,S,post-review sensitivity analysis,PLANNED_EQUIVALENCE_ONLY
Stereo-seq,ST_E15_5_S1_S2,same_age_sections,ST_E15_5_S1_S2,reverse,ST_E15_5_S1_S2__reverse,ST_E15_5_S1_S2__reverse__balanced_ot__e0p5__tnone,balanced_ot,0.5,,epsilon_scan,2,R,post-review sensitivity analysis,PLANNED
Stereo-seq,ST_E15_5_S1_S2,same_age_sections,ST_E15_5_S1_S2,reverse,ST_E15_5_S1_S2__reverse,ST_E15_5_S1_S2__reverse__balanced_ot__e0p5__tnone,balanced_ot,0.5,,epsilon_scan,2,N,post-review sensitivity analysis,PLANNED
Stereo-seq,ST_E15_5_S1_S2,same_age_sections,ST_E15_5_S1_S2,reverse,ST_E15_5_S1_S2__reverse,ST_E15_5_S1_S2__reverse__uot__e0p1__t2p0,uot,0.1,2.0,epsilon_scan,0,R,post-review sensitivity analysis,PLANNED
Stereo-seq,ST_E15_5_S1_S2,same_age_sections,ST_E15_5_S1_S2,reverse,ST_E15_5_S1_S2__reverse,ST_E15_5_S1_S2__reverse__uot__e0p1__t2p0,uot,0.1,2.0,epsilon_scan,0,N,post-review sensitivity analysis,PLANNED
Stereo-seq,ST_E15_5_S1_S2,same_age_sections,ST_E15_5_S1_S2,reverse,ST_E15_5_S1_S2__reverse,ST_E15_5_S1_S2__reverse__uot__e0p25__t2p0,uot,0.25,2.0,baseline,1,R,post-review sensitivity analysis,PLANNED
Stereo-seq,ST_E15_5_S1_S2,same_age_sections,ST_E15_5_S1_S2,reverse,ST_E15_5_S1_S2__reverse,ST_E15_5_S1_S2__reverse__uot__e0p25__t2p0,uot,0.25,2.0,baseline,1,N,post-review sensitivity analysis,PLANNED
Stereo-seq,ST_E15_5_S1_S2,same_age_sections,ST_E15_5_S1_S2,reverse,ST_E15_5_S1_S2__reverse,ST_E15_5_S1_S2__reverse__uot__e0p25__t2p0,uot,0.25,2.0,baseline,1,S,post-review sensitivity analysis,PLANNED_EQUIVALENCE_ONLY
Stereo-seq,ST_E15_5_S1_S2,same_age_sections,ST_E15_5_S1_S2,reverse,ST_E15_5_S1_S2__reverse,ST_E15_5_S1_S2__reverse__uot__e0p5__t2p0,uot,0.5,2.0,epsilon_scan,2,R,post-review sensitivity analysis,PLANNED
Stereo-seq,ST_E15_5_S1_S2,same_age_sections,ST_E15_5_S1_S2,reverse,ST_E15_5_S1_S2__reverse,ST_E15_5_S1_S2__reverse__uot__e0p5__t2p0,uot,0.5,2.0,epsilon_scan,2,N,post-review sensitivity analysis,PLANNED
Stereo-seq,ST_E15_5_S1_S2,same_age_sections,ST_E15_5_S1_S2,reverse,ST_E15_5_S1_S2__reverse,ST_E15_5_S1_S2__reverse__uot__e0p25__t1p0,uot,0.25,1.0,tau_scan,3,R,post-review sensitivity analysis,PLANNED
Stereo-seq,ST_E15_5_S1_S2,same_age_sections,ST_E15_5_S1_S2,reverse,ST_E15_5_S1_S2__reverse,ST_E15_5_S1_S2__reverse__uot__e0p25__t1p0,uot,0.25,1.0,tau_scan,3,N,post-review sensitivity analysis,PLANNED
Stereo-seq,ST_E15_5_S1_S2,same_age_sections,ST_E15_5_S1_S2,reverse,ST_E15_5_S1_S2__reverse,ST_E15_5_S1_S2__reverse__uot__e0p25__t5p0,uot,0.25,5.0,tau_scan,4,R,post-review sensitivity analysis,PLANNED
Stereo-seq,ST_E15_5_S1_S2,same_age_sections,ST_E15_5_S1_S2,reverse,ST_E15_5_S1_S2__reverse,ST_E15_5_S1_S2__reverse__uot__e0p25__t5p0,uot,0.25,5.0,tau_scan,4,N,post-review sensitivity analysis,PLANNED
Stereo-seq,ST_E15_5_S1_S2,same_age_sections,ST_E15_5_S1_S2,reverse,ST_E15_5_S1_S2__reverse,ST_E15_5_S1_S2__reverse__uot__e0p1__t1p0,uot,0.1,1.0,interaction_corner,5,R,post-review sensitivity analysis,PLANNED
Stereo-seq,ST_E15_5_S1_S2,same_age_sections,ST_E15_5_S1_S2,reverse,ST_E15_5_S1_S2__reverse,ST_E15_5_S1_S2__reverse__uot__e0p1__t1p0,uot,0.1,1.0,interaction_corner,5,N,post-review sensitivity analysis,PLANNED
Stereo-seq,ST_E15_5_S1_S2,same_age_sections,ST_E15_5_S1_S2,reverse,ST_E15_5_S1_S2__reverse,ST_E15_5_S1_S2__reverse__uot__e0p1__t5p0,uot,0.1,5.0,interaction_corner,6,R,post-review sensitivity analysis,PLANNED
Stereo-seq,ST_E15_5_S1_S2,same_age_sections,ST_E15_5_S1_S2,reverse,ST_E15_5_S1_S2__reverse,ST_E15_5_S1_S2__reverse__uot__e0p1__t5p0,uot,0.1,5.0,interaction_corner,6,N,post-review sensitivity analysis,PLANNED
Stereo-seq,ST_E15_5_S1_S2,same_age_sections,ST_E15_5_S1_S2,reverse,ST_E15_5_S1_S2__reverse,ST_E15_5_S1_S2__reverse__uot__e0p5__t1p0,uot,0.5,1.0,interaction_corner,7,R,post-review sensitivity analysis,PLANNED
Stereo-seq,ST_E15_5_S1_S2,same_age_sections,ST_E15_5_S1_S2,reverse,ST_E15_5_S1_S2__reverse,ST_E15_5_S1_S2__reverse__uot__e0p5__t1p0,uot,0.5,1.0,interaction_corner,7,N,post-review sensitivity analysis,PLANNED
Stereo-seq,ST_E15_5_S1_S2,same_age_sections,ST_E15_5_S1_S2,reverse,ST_E15_5_S1_S2__reverse,ST_E15_5_S1_S2__reverse__uot__e0p5__t5p0,uot,0.5,5.0,interaction_corner,8,R,post-review sensitivity analysis,PLANNED
Stereo-seq,ST_E15_5_S1_S2,same_age_sections,ST_E15_5_S1_S2,reverse,ST_E15_5_S1_S2__reverse,ST_E15_5_S1_S2__reverse__uot__e0p5__t5p0,uot,0.5,5.0,interaction_corner,8,N,post-review sensitivity analysis,PLANNED
Stereo-seq,ST_E15_5_S1_S2,same_age_sections,ST_E15_5_S1_S2,reverse,ST_E15_5_S1_S2__reverse,ST_E15_5_S1_S2__reverse__row_softmax__e0p1__tnone,row_softmax,0.1,,epsilon_scan,0,R,post-review sensitivity analysis,PLANNED
Stereo-seq,ST_E15_5_S1_S2,same_age_sections,ST_E15_5_S1_S2,reverse,ST_E15_5_S1_S2__reverse,ST_E15_5_S1_S2__reverse__row_softmax__e0p1__tnone,row_softmax,0.1,,epsilon_scan,0,N,post-review sensitivity analysis,PLANNED
Stereo-seq,ST_E15_5_S1_S2,same_age_sections,ST_E15_5_S1_S2,reverse,ST_E15_5_S1_S2__reverse,ST_E15_5_S1_S2__reverse__row_softmax__e0p25__tnone,row_softmax,0.25,,baseline,1,R,post-review sensitivity analysis,PLANNED
Stereo-seq,ST_E15_5_S1_S2,same_age_sections,ST_E15_5_S1_S2,reverse,ST_E15_5_S1_S2__reverse,ST_E15_5_S1_S2__reverse__row_softmax__e0p25__tnone,row_softmax,0.25,,baseline,1,N,post-review sensitivity analysis,PLANNED
Stereo-seq,ST_E15_5_S1_S2,same_age_sections,ST_E15_5_S1_S2,reverse,ST_E15_5_S1_S2__reverse,ST_E15_5_S1_S2__reverse__row_softmax__e0p25__tnone,row_softmax,0.25,,baseline,1,S,post-review sensitivity analysis,PLANNED_EQUIVALENCE_ONLY
Stereo-seq,ST_E15_5_S1_S2,same_age_sections,ST_E15_5_S1_S2,reverse,ST_E15_5_S1_S2__reverse,ST_E15_5_S1_S2__reverse__row_softmax__e0p5__tnone,row_softmax,0.5,,epsilon_scan,2,R,post-review sensitivity analysis,PLANNED
Stereo-seq,ST_E15_5_S1_S2,same_age_sections,ST_E15_5_S1_S2,reverse,ST_E15_5_S1_S2__reverse,ST_E15_5_S1_S2__reverse__row_softmax__e0p5__tnone,row_softmax,0.5,,epsilon_scan,2,N,post-review sensitivity analysis,PLANNED
STARmap_PLUS,STAR_8M_D1_D2,same_age_replicates,STAR_8M_D1_D2,forward,STAR_8M_D1_D2,STAR_8M_D1_D2__balanced_ot__e0p1__tnone,balanced_ot,0.1,,epsilon_scan,0,R,post-review sensitivity analysis,PLANNED
STARmap_PLUS,STAR_8M_D1_D2,same_age_replicates,STAR_8M_D1_D2,forward,STAR_8M_D1_D2,STAR_8M_D1_D2__balanced_ot__e0p1__tnone,balanced_ot,0.1,,epsilon_scan,0,N,post-review sensitivity analysis,PLANNED
STARmap_PLUS,STAR_8M_D1_D2,same_age_replicates,STAR_8M_D1_D2,forward,STAR_8M_D1_D2,STAR_8M_D1_D2__balanced_ot__e0p25__tnone,balanced_ot,0.25,,baseline,1,R,post-review sensitivity analysis,PLANNED
STARmap_PLUS,STAR_8M_D1_D2,same_age_replicates,STAR_8M_D1_D2,forward,STAR_8M_D1_D2,STAR_8M_D1_D2__balanced_ot__e0p25__tnone,balanced_ot,0.25,,baseline,1,N,post-review sensitivity analysis,PLANNED
STARmap_PLUS,STAR_8M_D1_D2,same_age_replicates,STAR_8M_D1_D2,forward,STAR_8M_D1_D2,STAR_8M_D1_D2__balanced_ot__e0p25__tnone,balanced_ot,0.25,,baseline,1,S,post-review sensitivity analysis,PLANNED_EQUIVALENCE_ONLY
STARmap_PLUS,STAR_8M_D1_D2,same_age_replicates,STAR_8M_D1_D2,forward,STAR_8M_D1_D2,STAR_8M_D1_D2__balanced_ot__e0p5__tnone,balanced_ot,0.5,,epsilon_scan,2,R,post-review sensitivity analysis,PLANNED
STARmap_PLUS,STAR_8M_D1_D2,same_age_replicates,STAR_8M_D1_D2,forward,STAR_8M_D1_D2,STAR_8M_D1_D2__balanced_ot__e0p5__tnone,balanced_ot,0.5,,epsilon_scan,2,N,post-review sensitivity analysis,PLANNED
STARmap_PLUS,STAR_8M_D1_D2,same_age_replicates,STAR_8M_D1_D2,forward,STAR_8M_D1_D2,STAR_8M_D1_D2__uot__e0p1__t2p0,uot,0.1,2.0,epsilon_scan,0,R,post-review sensitivity analysis,PLANNED
STARmap_PLUS,STAR_8M_D1_D2,same_age_replicates,STAR_8M_D1_D2,forward,STAR_8M_D1_D2,STAR_8M_D1_D2__uot__e0p1__t2p0,uot,0.1,2.0,epsilon_scan,0,N,post-review sensitivity analysis,PLANNED
STARmap_PLUS,STAR_8M_D1_D2,same_age_replicates,STAR_8M_D1_D2,forward,STAR_8M_D1_D2,STAR_8M_D1_D2__uot__e0p25__t2p0,uot,0.25,2.0,baseline,1,R,post-review sensitivity analysis,PLANNED
STARmap_PLUS,STAR_8M_D1_D2,same_age_replicates,STAR_8M_D1_D2,forward,STAR_8M_D1_D2,STAR_8M_D1_D2__uot__e0p25__t2p0,uot,0.25,2.0,baseline,1,N,post-review sensitivity analysis,PLANNED
STARmap_PLUS,STAR_8M_D1_D2,same_age_replicates,STAR_8M_D1_D2,forward,STAR_8M_D1_D2,STAR_8M_D1_D2__uot__e0p25__t2p0,uot,0.25,2.0,baseline,1,S,post-review sensitivity analysis,PLANNED_EQUIVALENCE_ONLY
STARmap_PLUS,STAR_8M_D1_D2,same_age_replicates,STAR_8M_D1_D2,forward,STAR_8M_D1_D2,STAR_8M_D1_D2__uot__e0p5__t2p0,uot,0.5,2.0,epsilon_scan,2,R,post-review sensitivity analysis,PLANNED
STARmap_PLUS,STAR_8M_D1_D2,same_age_replicates,STAR_8M_D1_D2,forward,STAR_8M_D1_D2,STAR_8M_D1_D2__uot__e0p5__t2p0,uot,0.5,2.0,epsilon_scan,2,N,post-review sensitivity analysis,PLANNED
STARmap_PLUS,STAR_8M_D1_D2,same_age_replicates,STAR_8M_D1_D2,forward,STAR_8M_D1_D2,STAR_8M_D1_D2__uot__e0p25__t1p0,uot,0.25,1.0,tau_scan,3,R,post-review sensitivity analysis,PLANNED
STARmap_PLUS,STAR_8M_D1_D2,same_age_replicates,STAR_8M_D1_D2,forward,STAR_8M_D1_D2,STAR_8M_D1_D2__uot__e0p25__t1p0,uot,0.25,1.0,tau_scan,3,N,post-review sensitivity analysis,PLANNED
STARmap_PLUS,STAR_8M_D1_D2,same_age_replicates,STAR_8M_D1_D2,forward,STAR_8M_D1_D2,STAR_8M_D1_D2__uot__e0p25__t5p0,uot,0.25,5.0,tau_scan,4,R,post-review sensitivity analysis,PLANNED
STARmap_PLUS,STAR_8M_D1_D2,same_age_replicates,STAR_8M_D1_D2,forward,STAR_8M_D1_D2,STAR_8M_D1_D2__uot__e0p25__t5p0,uot,0.25,5.0,tau_scan,4,N,post-review sensitivity analysis,PLANNED
STARmap_PLUS,STAR_8M_D1_D2,same_age_replicates,STAR_8M_D1_D2,forward,STAR_8M_D1_D2,STAR_8M_D1_D2__uot__e0p1__t1p0,uot,0.1,1.0,interaction_corner,5,R,post-review sensitivity analysis,PLANNED
STARmap_PLUS,STAR_8M_D1_D2,same_age_replicates,STAR_8M_D1_D2,forward,STAR_8M_D1_D2,STAR_8M_D1_D2__uot__e0p1__t1p0,uot,0.1,1.0,interaction_corner,5,N,post-review sensitivity analysis,PLANNED
STARmap_PLUS,STAR_8M_D1_D2,same_age_replicates,STAR_8M_D1_D2,forward,STAR_8M_D1_D2,STAR_8M_D1_D2__uot__e0p1__t5p0,uot,0.1,5.0,interaction_corner,6,R,post-review sensitivity analysis,PLANNED
STARmap_PLUS,STAR_8M_D1_D2,same_age_replicates,STAR_8M_D1_D2,forward,STAR_8M_D1_D2,STAR_8M_D1_D2__uot__e0p1__t5p0,uot,0.1,5.0,interaction_corner,6,N,post-review sensitivity analysis,PLANNED
STARmap_PLUS,STAR_8M_D1_D2,same_age_replicates,STAR_8M_D1_D2,forward,STAR_8M_D1_D2,STAR_8M_D1_D2__uot__e0p5__t1p0,uot,0.5,1.0,interaction_corner,7,R,post-review sensitivity analysis,PLANNED
STARmap_PLUS,STAR_8M_D1_D2,same_age_replicates,STAR_8M_D1_D2,forward,STAR_8M_D1_D2,STAR_8M_D1_D2__uot__e0p5__t1p0,uot,0.5,1.0,interaction_corner,7,N,post-review sensitivity analysis,PLANNED
STARmap_PLUS,STAR_8M_D1_D2,same_age_replicates,STAR_8M_D1_D2,forward,STAR_8M_D1_D2,STAR_8M_D1_D2__uot__e0p5__t5p0,uot,0.5,5.0,interaction_corner,8,R,post-review sensitivity analysis,PLANNED
STARmap_PLUS,STAR_8M_D1_D2,same_age_replicates,STAR_8M_D1_D2,forward,STAR_8M_D1_D2,STAR_8M_D1_D2__uot__e0p5__t5p0,uot,0.5,5.0,interaction_corner,8,N,post-review sensitivity analysis,PLANNED
STARmap_PLUS,STAR_8M_D1_D2,same_age_replicates,STAR_8M_D1_D2,forward,STAR_8M_D1_D2,STAR_8M_D1_D2__row_softmax__e0p1__tnone,row_softmax,0.1,,epsilon_scan,0,R,post-review sensitivity analysis,PLANNED
STARmap_PLUS,STAR_8M_D1_D2,same_age_replicates,STAR_8M_D1_D2,forward,STAR_8M_D1_D2,STAR_8M_D1_D2__row_softmax__e0p1__tnone,row_softmax,0.1,,epsilon_scan,0,N,post-review sensitivity analysis,PLANNED
STARmap_PLUS,STAR_8M_D1_D2,same_age_replicates,STAR_8M_D1_D2,forward,STAR_8M_D1_D2,STAR_8M_D1_D2__row_softmax__e0p25__tnone,row_softmax,0.25,,baseline,1,R,post-review sensitivity analysis,PLANNED
STARmap_PLUS,STAR_8M_D1_D2,same_age_replicates,STAR_8M_D1_D2,forward,STAR_8M_D1_D2,STAR_8M_D1_D2__row_softmax__e0p25__tnone,row_softmax,0.25,,baseline,1,N,post-review sensitivity analysis,PLANNED
STARmap_PLUS,STAR_8M_D1_D2,same_age_replicates,STAR_8M_D1_D2,forward,STAR_8M_D1_D2,STAR_8M_D1_D2__row_softmax__e0p25__tnone,row_softmax,0.25,,baseline,1,S,post-review sensitivity analysis,PLANNED_EQUIVALENCE_ONLY
STARmap_PLUS,STAR_8M_D1_D2,same_age_replicates,STAR_8M_D1_D2,forward,STAR_8M_D1_D2,STAR_8M_D1_D2__row_softmax__e0p5__tnone,row_softmax,0.5,,epsilon_scan,2,R,post-review sensitivity analysis,PLANNED
STARmap_PLUS,STAR_8M_D1_D2,same_age_replicates,STAR_8M_D1_D2,forward,STAR_8M_D1_D2,STAR_8M_D1_D2__row_softmax__e0p5__tnone,row_softmax,0.5,,epsilon_scan,2,N,post-review sensitivity analysis,PLANNED
STARmap_PLUS,STAR_8M_D1_D2,same_age_replicates,STAR_8M_D1_D2,reverse,STAR_8M_D1_D2__reverse,STAR_8M_D1_D2__reverse__balanced_ot__e0p1__tnone,balanced_ot,0.1,,epsilon_scan,0,R,post-review sensitivity analysis,PLANNED
STARmap_PLUS,STAR_8M_D1_D2,same_age_replicates,STAR_8M_D1_D2,reverse,STAR_8M_D1_D2__reverse,STAR_8M_D1_D2__reverse__balanced_ot__e0p1__tnone,balanced_ot,0.1,,epsilon_scan,0,N,post-review sensitivity analysis,PLANNED
STARmap_PLUS,STAR_8M_D1_D2,same_age_replicates,STAR_8M_D1_D2,reverse,STAR_8M_D1_D2__reverse,STAR_8M_D1_D2__reverse__balanced_ot__e0p25__tnone,balanced_ot,0.25,,baseline,1,R,post-review sensitivity analysis,PLANNED
STARmap_PLUS,STAR_8M_D1_D2,same_age_replicates,STAR_8M_D1_D2,reverse,STAR_8M_D1_D2__reverse,STAR_8M_D1_D2__reverse__balanced_ot__e0p25__tnone,balanced_ot,0.25,,baseline,1,N,post-review sensitivity analysis,PLANNED
STARmap_PLUS,STAR_8M_D1_D2,same_age_replicates,STAR_8M_D1_D2,reverse,STAR_8M_D1_D2__reverse,STAR_8M_D1_D2__reverse__balanced_ot__e0p25__tnone,balanced_ot,0.25,,baseline,1,S,post-review sensitivity analysis,PLANNED_EQUIVALENCE_ONLY
STARmap_PLUS,STAR_8M_D1_D2,same_age_replicates,STAR_8M_D1_D2,reverse,STAR_8M_D1_D2__reverse,STAR_8M_D1_D2__reverse__balanced_ot__e0p5__tnone,balanced_ot,0.5,,epsilon_scan,2,R,post-review sensitivity analysis,PLANNED
STARmap_PLUS,STAR_8M_D1_D2,same_age_replicates,STAR_8M_D1_D2,reverse,STAR_8M_D1_D2__reverse,STAR_8M_D1_D2__reverse__balanced_ot__e0p5__tnone,balanced_ot,0.5,,epsilon_scan,2,N,post-review sensitivity analysis,PLANNED
STARmap_PLUS,STAR_8M_D1_D2,same_age_replicates,STAR_8M_D1_D2,reverse,STAR_8M_D1_D2__reverse,STAR_8M_D1_D2__reverse__uot__e0p1__t2p0,uot,0.1,2.0,epsilon_scan,0,R,post-review sensitivity analysis,PLANNED
STARmap_PLUS,STAR_8M_D1_D2,same_age_replicates,STAR_8M_D1_D2,reverse,STAR_8M_D1_D2__reverse,STAR_8M_D1_D2__reverse__uot__e0p1__t2p0,uot,0.1,2.0,epsilon_scan,0,N,post-review sensitivity analysis,PLANNED
STARmap_PLUS,STAR_8M_D1_D2,same_age_replicates,STAR_8M_D1_D2,reverse,STAR_8M_D1_D2__reverse,STAR_8M_D1_D2__reverse__uot__e0p25__t2p0,uot,0.25,2.0,baseline,1,R,post-review sensitivity analysis,PLANNED
STARmap_PLUS,STAR_8M_D1_D2,same_age_replicates,STAR_8M_D1_D2,reverse,STAR_8M_D1_D2__reverse,STAR_8M_D1_D2__reverse__uot__e0p25__t2p0,uot,0.25,2.0,baseline,1,N,post-review sensitivity analysis,PLANNED
STARmap_PLUS,STAR_8M_D1_D2,same_age_replicates,STAR_8M_D1_D2,reverse,STAR_8M_D1_D2__reverse,STAR_8M_D1_D2__reverse__uot__e0p25__t2p0,uot,0.25,2.0,baseline,1,S,post-review sensitivity analysis,PLANNED_EQUIVALENCE_ONLY
STARmap_PLUS,STAR_8M_D1_D2,same_age_replicates,STAR_8M_D1_D2,reverse,STAR_8M_D1_D2__reverse,STAR_8M_D1_D2__reverse__uot__e0p5__t2p0,uot,0.5,2.0,epsilon_scan,2,R,post-review sensitivity analysis,PLANNED
STARmap_PLUS,STAR_8M_D1_D2,same_age_replicates,STAR_8M_D1_D2,reverse,STAR_8M_D1_D2__reverse,STAR_8M_D1_D2__reverse__uot__e0p5__t2p0,uot,0.5,2.0,epsilon_scan,2,N,post-review sensitivity analysis,PLANNED
STARmap_PLUS,STAR_8M_D1_D2,same_age_replicates,STAR_8M_D1_D2,reverse,STAR_8M_D1_D2__reverse,STAR_8M_D1_D2__reverse__uot__e0p25__t1p0,uot,0.25,1.0,tau_scan,3,R,post-review sensitivity analysis,PLANNED
STARmap_PLUS,STAR_8M_D1_D2,same_age_replicates,STAR_8M_D1_D2,reverse,STAR_8M_D1_D2__reverse,STAR_8M_D1_D2__reverse__uot__e0p25__t1p0,uot,0.25,1.0,tau_scan,3,N,post-review sensitivity analysis,PLANNED
STARmap_PLUS,STAR_8M_D1_D2,same_age_replicates,STAR_8M_D1_D2,reverse,STAR_8M_D1_D2__reverse,STAR_8M_D1_D2__reverse__uot__e0p25__t5p0,uot,0.25,5.0,tau_scan,4,R,post-review sensitivity analysis,PLANNED
STARmap_PLUS,STAR_8M_D1_D2,same_age_replicates,STAR_8M_D1_D2,reverse,STAR_8M_D1_D2__reverse,STAR_8M_D1_D2__reverse__uot__e0p25__t5p0,uot,0.25,5.0,tau_scan,4,N,post-review sensitivity analysis,PLANNED
STARmap_PLUS,STAR_8M_D1_D2,same_age_replicates,STAR_8M_D1_D2,reverse,STAR_8M_D1_D2__reverse,STAR_8M_D1_D2__reverse__uot__e0p1__t1p0,uot,0.1,1.0,interaction_corner,5,R,post-review sensitivity analysis,PLANNED
STARmap_PLUS,STAR_8M_D1_D2,same_age_replicates,STAR_8M_D1_D2,reverse,STAR_8M_D1_D2__reverse,STAR_8M_D1_D2__reverse__uot__e0p1__t1p0,uot,0.1,1.0,interaction_corner,5,N,post-review sensitivity analysis,PLANNED
STARmap_PLUS,STAR_8M_D1_D2,same_age_replicates,STAR_8M_D1_D2,reverse,STAR_8M_D1_D2__reverse,STAR_8M_D1_D2__reverse__uot__e0p1__t5p0,uot,0.1,5.0,interaction_corner,6,R,post-review sensitivity analysis,PLANNED
STARmap_PLUS,STAR_8M_D1_D2,same_age_replicates,STAR_8M_D1_D2,reverse,STAR_8M_D1_D2__reverse,STAR_8M_D1_D2__reverse__uot__e0p1__t5p0,uot,0.1,5.0,interaction_corner,6,N,post-review sensitivity analysis,PLANNED
STARmap_PLUS,STAR_8M_D1_D2,same_age_replicates,STAR_8M_D1_D2,reverse,STAR_8M_D1_D2__reverse,STAR_8M_D1_D2__reverse__uot__e0p5__t1p0,uot,0.5,1.0,interaction_corner,7,R,post-review sensitivity analysis,PLANNED
STARmap_PLUS,STAR_8M_D1_D2,same_age_replicates,STAR_8M_D1_D2,reverse,STAR_8M_D1_D2__reverse,STAR_8M_D1_D2__reverse__uot__e0p5__t1p0,uot,0.5,1.0,interaction_corner,7,N,post-review sensitivity analysis,PLANNED
STARmap_PLUS,STAR_8M_D1_D2,same_age_replicates,STAR_8M_D1_D2,reverse,STAR_8M_D1_D2__reverse,STAR_8M_D1_D2__reverse__uot__e0p5__t5p0,uot,0.5,5.0,interaction_corner,8,R,post-review sensitivity analysis,PLANNED
STARmap_PLUS,STAR_8M_D1_D2,same_age_replicates,STAR_8M_D1_D2,reverse,STAR_8M_D1_D2__reverse,STAR_8M_D1_D2__reverse__uot__e0p5__t5p0,uot,0.5,5.0,interaction_corner,8,N,post-review sensitivity analysis,PLANNED
STARmap_PLUS,STAR_8M_D1_D2,same_age_replicates,STAR_8M_D1_D2,reverse,STAR_8M_D1_D2__reverse,STAR_8M_D1_D2__reverse__row_softmax__e0p1__tnone,row_softmax,0.1,,epsilon_scan,0,R,post-review sensitivity analysis,PLANNED
STARmap_PLUS,STAR_8M_D1_D2,same_age_replicates,STAR_8M_D1_D2,reverse,STAR_8M_D1_D2__reverse,STAR_8M_D1_D2__reverse__row_softmax__e0p1__tnone,row_softmax,0.1,,epsilon_scan,0,N,post-review sensitivity analysis,PLANNED
STARmap_PLUS,STAR_8M_D1_D2,same_age_replicates,STAR_8M_D1_D2,reverse,STAR_8M_D1_D2__reverse,STAR_8M_D1_D2__reverse__row_softmax__e0p25__tnone,row_softmax,0.25,,baseline,1,R,post-review sensitivity analysis,PLANNED
STARmap_PLUS,STAR_8M_D1_D2,same_age_replicates,STAR_8M_D1_D2,reverse,STAR_8M_D1_D2__reverse,STAR_8M_D1_D2__reverse__row_softmax__e0p25__tnone,row_softmax,0.25,,baseline,1,N,post-review sensitivity analysis,PLANNED
STARmap_PLUS,STAR_8M_D1_D2,same_age_replicates,STAR_8M_D1_D2,reverse,STAR_8M_D1_D2__reverse,STAR_8M_D1_D2__reverse__row_softmax__e0p25__tnone,row_softmax,0.25,,baseline,1,S,post-review sensitivity analysis,PLANNED_EQUIVALENCE_ONLY
STARmap_PLUS,STAR_8M_D1_D2,same_age_replicates,STAR_8M_D1_D2,reverse,STAR_8M_D1_D2__reverse,STAR_8M_D1_D2__reverse__row_softmax__e0p5__tnone,row_softmax,0.5,,epsilon_scan,2,R,post-review sensitivity analysis,PLANNED
STARmap_PLUS,STAR_8M_D1_D2,same_age_replicates,STAR_8M_D1_D2,reverse,STAR_8M_D1_D2__reverse,STAR_8M_D1_D2__reverse__row_softmax__e0p5__tnone,row_softmax,0.5,,epsilon_scan,2,N,post-review sensitivity analysis,PLANNED
